{"type": "FeatureCollection", "features": [{"type": "Feature", "properties": {"name": "congress_poland_1815"}, "geometry": {"type": "Polygon", "coordinates": [[[18.27643950310753, 51.580335399738885], [18.27324689957092, 51.58231929922259], [18.256395699600166, 51.589798100584055], [18.24556279880798, 51.59802340044241], [18.233526200450843, 51.60549960002133], [18.214267596367023, 51.612227102162215], [18.20102739925961, 51.61820630060479], [18.193805402516084, 51.62418470022979], [18.196212698831314, 51.632403800108925], [18.208249297188452, 51.64136829839391], [18.21787859923036, 51.649584201374516], [18.22389689840893, 51.66003859827735], [18.22510059597389, 51.67123720202696], [18.226304203707315, 51.67944769728301], [18.216674901665403, 51.68989519953517], [18.202230998009885, 51.69661030003987], [18.181768804158942, 51.701832397309346], [18.166121301753144, 51.70332429850514], [18.14806640421743, 51.70481620061064], [18.134826198126866, 51.70630799785244], [18.13121520424668, 51.71078309999758], [18.13001149769857, 51.71749510123621], [18.12399319852, 51.72569719739937], [18.11797489934143, 51.73315229867897], [18.113160297727816, 51.7398610021239], [18.107141998549245, 51.74433280099561], [18.10593830098429, 51.74954940054854], [18.1083456961142, 51.753275198896986], [18.12158590220477, 51.757000600936145], [18.14204809605571, 51.761470797822724], [18.158899296026462, 51.7659405021318], [18.16852859806837, 51.77115460064868], [18.172139600931715, 51.777112801922385], [18.172139600931715, 51.784559498747306], [18.16371399645476, 51.79051600242236], [18.15769569727619, 51.79200499988583], [18.150473700532665, 51.79647169733065], [18.14927010178239, 51.80689219872438], [18.151677398097622, 51.81507810267619], [18.14565909891905, 51.82475040270699], [18.13121520424668, 51.829213900656555], [18.12158590220477, 51.83516440077582], [18.110753001412586, 51.838883099480206], [18.10593830098429, 51.848550299934445], [18.104734702234012, 51.85598520133273], [18.095105400192104, 51.8611888981514], [18.08066149653658, 51.86936489868297], [18.079457897786305, 51.87605330228584], [18.074643197358014, 51.88496960235542], [18.057791997387255, 51.893141302305814], [18.04695909659507, 51.8998260972426], [18.04695909659507, 51.91022270148137], [18.042144396166776, 51.921359299140555], [18.032515201922706, 51.93249320118444], [18.010849301523653, 51.94362419740164], [17.993998101552897, 51.948075901275054], [17.98196150319576, 51.949559702532895], [17.967517599540233, 51.95994479838974], [17.966313901975276, 51.96810289915995], [17.957888297498325, 51.97774230074072], [17.951869998319754, 51.98812090170913], [17.945851699141183, 51.997014899846455], [17.93140780446881, 52.008129999015864], [17.91696390081329, 52.01850149747866], [17.90492730245615, 52.022945799217844], [17.888076102485396, 52.02590830197176], [17.857984696424072, 52.03479489814694], [17.838726101323406, 52.042939297926274], [17.82548590421599, 52.051822398884276], [17.812245599310742, 52.061443798378775], [17.800209000953604, 52.07254289870536], [17.78829869674226, 52.086408797896155], [17.786702399465533, 52.09915850065811], [17.793087597555594, 52.109943998282844], [17.818957595518015, 52.11819830253798], [17.840623495917065, 52.130391602590166], [17.86048380056134, 52.14368950106956], [17.869511303228112, 52.15366039837216], [17.87312219829362, 52.16473650123243], [17.87312219829362, 52.175809897482644], [17.869511303228112, 52.187987397385136], [17.86409480342468, 52.19462830121402], [17.86590030036477, 52.2023746979519], [17.869511303228112, 52.21011979966656], [17.88214970096039, 52.21343869761862], [17.89478809869267, 52.21454500054574], [17.905620999484853, 52.21122610268155], [17.905620999484853, 52.199055000979534], [17.91645399909172, 52.190201099997054], [17.929092396823997, 52.18466659824668], [17.941730803539425, 52.18134550152286], [17.95256370433161, 52.1857736010743], [17.95256370433161, 52.19352150232037], [17.945341797419612, 52.204587700681486], [17.939925297616178, 52.21122610268155], [17.941730803539425, 52.21675740266021], [17.94714730334286, 52.22560589817968], [17.950758198408366, 52.23113540201267], [17.957980204135044, 52.23998109874837], [17.972424098807416, 52.251035699526795], [17.986868002462938, 52.257667099541095], [18.008533804047307, 52.2676125001561], [18.035616204249788, 52.27976480075981], [18.060892999714344, 52.28860079846926], [18.082558900113394, 52.296330901198054], [18.100613698834422, 52.30516360074865], [18.107571402238207, 52.309395502236704], [18.119553598621742, 52.31498599981053], [18.125544696813506, 52.3178772999767], [18.13185110367, 52.31807010188319], [18.140049497262144, 52.317491797977944], [18.143833398868217, 52.31517869899045], [18.145725295772337, 52.31190169929049], [18.14793250134118, 52.3072748015801], [18.148247801022755, 52.3020690027224], [18.14887849920058, 52.29666980186506], [18.151401103265684, 52.29107700208953], [18.153608299851378, 52.28664080082882], [18.159914697724716, 52.2827830026789], [18.16464459719019, 52.28123970253489], [18.17095100404668, 52.27911769729782], [18.179149298824143, 52.27911769729782], [18.191762202368658, 52.28027520127091], [18.202167801529644, 52.28297590248733], [18.212888700372204, 52.28606220170117], [18.220141096104946, 52.2903055004311], [18.228654798361813, 52.29628409867314], [18.23433059687201, 52.300912101044275], [18.241267603091647, 52.3061179974689], [18.245997502557124, 52.312094400914916], [18.253565197971433, 52.32038300033428], [18.258110197201976, 52.32936699920663], [18.264101304376897, 52.33688170091337], [18.26946180320552, 52.34266130057772], [18.28049810054433, 52.3486328026101], [18.293110896291015, 52.355181201700326], [18.30414720261298, 52.36076589867709], [18.314237403277712, 52.36557969987487], [18.32716559752065, 52.370585500277315], [18.337255897000063, 52.37328069968618], [18.347976795842623, 52.37713070161663], [18.351760697448697, 52.380210498798476], [18.35649049809949, 52.38713910085401], [18.363742902815385, 52.397337698836594], [18.370995298548124, 52.40503319963437], [18.381716197390684, 52.4142658996351], [18.3908604990107, 52.426765601443336], [18.400320199126966, 52.43676280174169], [18.410095100110127, 52.44656549916243], [18.417662795524436, 52.45213860255258], [18.43153699660993, 52.45963240262001], [18.444465101021333, 52.464435398082664], [18.459915899329367, 52.469045798057856], [18.481042397332914, 52.47384779936841], [18.50027699843234, 52.476344599062784], [18.519196299850197, 52.48037769893383], [18.538115601268053, 52.48517850206869], [18.55293570139826, 52.491130698828734], [18.565863895641193, 52.498425902402495], [18.57248560217926, 52.50380050026477], [18.57626950378533, 52.5112855007821], [18.578792000052598, 52.519728501454374], [18.577530702511623, 52.53066370013348], [18.57626950378533, 52.54217149842456], [18.57532349694278, 52.55022509769441], [18.57374689972023, 52.564602999803625], [18.57343160003866, 52.57706000079644], [18.57122429565513, 52.58817250223748], [18.569647698432586, 52.59985669758758], [18.568701700573186, 52.613835400248846], [18.569017099069438, 52.629149302146274], [18.569647698432586, 52.64177930178532], [18.57090899597356, 52.651153802181625], [18.57374689972023, 52.661100000582145], [18.57626950378533, 52.671235097779736], [18.577530702511623, 52.676588600507856], [18.580999304436126, 52.68805809839504], [18.58541379642219, 52.69646719905206], [18.590774196436133, 52.70239069870999], [18.597080702107306, 52.70754929970522], [18.60622500372732, 52.714999601650895], [18.61694590256988, 52.72130260249256], [18.628928098953413, 52.728177698716394], [18.6409103043201, 52.736006202299116], [18.650054695771644, 52.74459690089708], [18.6598295967548, 52.75299509800389], [18.66739730115227, 52.75967429848374], [18.674649696885012, 52.76692479771585], [18.680010195713628, 52.773029599914004], [18.68316339914188, 52.77951499803607], [18.685055296046, 52.78523659835312], [18.686316602570127, 52.793817601968136], [18.686631902251698, 52.79915609966352], [18.687262600429523, 52.80144380029013], [18.690100504176197, 52.80468449762986], [18.691992401080316, 52.808306098687844], [18.690731103539342, 52.81116510263729], [18.686316602570127, 52.81440510262991], [18.684424696682854, 52.81897880085013], [18.683793998505024, 52.822980401489694], [18.679379497535802, 52.82526679985391], [18.67275779998089, 52.826600500195276], [18.66645140210755, 52.82831519994845], [18.66550540424815, 52.8313634024444], [18.66550540424815, 52.83364939767861], [18.669289296871067, 52.83726869972364], [18.672127101803063, 52.839744899937266], [18.674019097521864, 52.8429826988853], [18.674334397203438, 52.84602989928794], [18.675595703727563, 52.84755340030689], [18.680010195713628, 52.84926720249149], [18.687893199792672, 52.852123598879594], [18.689469797015214, 52.85402770086081], [18.690731103539342, 52.858025997583454], [18.688523897970498, 52.86221429975632], [18.686001302888553, 52.86506980079073], [18.686631902251698, 52.868115402143374], [18.690731103539342, 52.87058979988472], [18.69766819959051, 52.872112498600266], [18.7080737987515, 52.873064099866745], [18.72226320070388, 52.876109102062465], [18.73298419836112, 52.87687039917756], [18.744966403727805, 52.87687039917756], [18.75600260225194, 52.87763160160648], [18.765462302368206, 52.87782190148149], [18.77208399992312, 52.87858309805238], [18.781228301543134, 52.87877339917348], [18.785958102193927, 52.879534600728284], [18.789111404436852, 52.88295969872522], [18.78879599695745, 52.88752620169052], [18.789111404436852, 52.892472598133374], [18.78532750283078, 52.89570659989725], [18.777759798433316, 52.89932070179159], [18.773975896827242, 52.90369519839866], [18.771138002063722, 52.90768899956759], [18.7686154968133, 52.91282330092737], [18.7686154968133, 52.9166260993853], [18.76514690387195, 52.9192877984301], [18.759155796697033, 52.92232959789771], [18.755687302570365, 52.926701901318026], [18.753795396683092, 52.93183390018999], [18.755687302570365, 52.93810560121412], [18.75505670320722, 52.94285620015146], [18.75284939882369, 52.94665639903766], [18.7496962043786, 52.95007630128915], [18.74402039688525, 52.953305900574826], [18.740236603077015, 52.95691520267493], [18.739290596234458, 52.961473799138126], [18.734876104248393, 52.96508239789487], [18.729200296755046, 52.96869070086286], [18.725731802628378, 52.97058970180198], [18.724155196422682, 52.97419759915792], [18.72510110445055, 52.97780509797088], [18.725731802628378, 52.980273202296104], [18.72163260134073, 52.9831209009539], [18.718479397912485, 52.985209101582356], [18.720686603481333, 52.98634810263588], [18.72352449824485, 52.98634810263588], [18.72888499707347, 52.98596840109927], [18.73424539708741, 52.986537898073784], [18.73834459837506, 52.988625901087204], [18.742128499981135, 52.99128319972951], [18.7496962043786, 52.99356079741473], [18.754110696364666, 52.99583830201985], [18.75600260225194, 52.99792589869543], [18.756633300429765, 53.00039279951924], [18.760101803539587, 53.005136697899424], [18.763885696162507, 53.00969030106742], [18.76577760204978, 53.01348450253593], [18.767354199272326, 53.01727850013795], [18.767984798635474, 53.020123699727016], [18.76514690387195, 53.02296879815003], [18.763885696162507, 53.02581369814192], [18.764200995844078, 53.02789980215535], [18.76483160419038, 53.03036509818282], [18.76514690387195, 53.032450901038956], [18.76325499798468, 53.03510559992816], [18.75694860011134, 53.037570500269624], [18.748434897854473, 53.040793497975024], [18.74402039688525, 53.04382679836344], [18.74528170340938, 53.04989269945869], [18.750011504060172, 53.053683398126566], [18.75190340096429, 53.05804239817575], [18.751272801601147, 53.06107439840434], [18.746858300631924, 53.0641062986141], [18.743389797522106, 53.067137899069564], [18.743074399025854, 53.07054819858522], [18.744966403727805, 53.07490549779809], [18.750957501919572, 53.07774690135641], [18.755687302570365, 53.08191399974247], [18.755687302570365, 53.08664889801963], [18.754425996046237, 53.09005770097938], [18.75505670320722, 53.092519399561716], [18.757263899792914, 53.09535969996081], [18.761363101080562, 53.09725309883527], [18.76483160419038, 53.097631799896384], [18.767354199272326, 53.09782110063144], [18.770192103019003, 53.10028239824337], [18.773975896827242, 53.10236489897624], [18.77933639565586, 53.10387940076279], [18.78248959908411, 53.10406870097284], [18.790688001659404, 53.10444729889358], [18.794787104132368, 53.105772397730895], [18.79699439953274, 53.10766539766932], [18.803300797406084, 53.11031539936996], [18.813075797203926, 53.11050469821558], [18.822850698187082, 53.1097474978333], [18.829787803221404, 53.10861180168277], [18.83672489927257, 53.106151002227016], [18.842085299286513, 53.10141829816768], [18.846815198751987, 53.100471698102716], [18.853121596625325, 53.10122900247384], [18.85974330316339, 53.10387940076279], [18.865419101673588, 53.10406870097284], [18.871410199865352, 53.10217560205456], [18.87771669655337, 53.09782110063144], [18.884969002454582, 53.0955489999046], [18.89884320354007, 53.093655499064255], [18.907987496176933, 53.09270870121245], [18.920600399721447, 53.0938448982113], [18.929429401659892, 53.09479160093681], [18.938573703279904, 53.09649569750086], [18.946141398694216, 53.09895709790841], [18.954024402773257, 53.10122900247384], [18.95780830437933, 53.104258000349766], [18.96096149882442, 53.105772397730895], [18.964430001934243, 53.106151002227016], [18.967898603858742, 53.10671889732942], [18.971367097985407, 53.11012609969103], [18.9751509007768, 53.112775901234336], [18.981457397464826, 53.11410079738932], [18.98681779747876, 53.11239739819555], [18.994700900372482, 53.107854697394735], [19.002583904451527, 53.10936900049216], [19.007313696119162, 53.11164030123944], [19.009836300184265, 53.11485789954971], [19.014566100835058, 53.12015679932482], [19.02528699967762, 53.12129220134931], [19.03253940439351, 53.12015679932482], [19.039476500444678, 53.12129220134931], [19.046413596495846, 53.12469820053615], [19.050512698968813, 53.125265899224885], [19.05650389597526, 53.12318450196196], [19.063756201876473, 53.122995302064254], [19.069747300068236, 53.12507669770809], [19.075107798896862, 53.128671599707545], [19.08046829772548, 53.130752698910506], [19.086144096235678, 53.13132030145659], [19.093396402136886, 53.130374402641564], [19.096549704379818, 53.13150950243575], [19.10790120258552, 53.132644599193426], [19.11483829863669, 53.13359050192976], [19.125559197479248, 53.13340129933468], [19.13375760005454, 53.13340129933468], [19.141640604133585, 53.13359050192976], [19.14763170232535, 53.13567140063917], [19.148577700184752, 53.139076298067174], [19.150154297407294, 53.14210259791879], [19.1526769014724, 53.14456139913533], [19.158037301486335, 53.147398198534134], [19.16276710213713, 53.15023490214051], [19.16812760096575, 53.15193680203659], [19.173803399475943, 53.15344949862859], [19.179163898304566, 53.15515129804695], [19.18294770109596, 53.157798399730346], [19.18420899863693, 53.161012499979314], [19.186731602702032, 53.16422630033394], [19.190830696191846, 53.16592769949179], [19.198713799085567, 53.16838509893708], [19.20312830005479, 53.17065329760922], [19.204074199099505, 53.173110399527616], [19.204704897277335, 53.17651230214169], [19.206596803164604, 53.17972500106346], [19.211011304133827, 53.18218159961307], [19.214795196756747, 53.184449101266566], [19.216371802962446, 53.187283297641365], [19.220786303931664, 53.190117301328314], [19.22740800148658, 53.19465139945033], [19.22866929902755, 53.19880720076927], [19.231191903092654, 53.20315139850555], [19.234660397219322, 53.20485120035956], [19.24254340129836, 53.2056066982205], [19.248219199808553, 53.20749519898676], [19.25074180387365, 53.20957250051011], [19.252633700777775, 53.212971597370746], [19.252949000459346, 53.21637030085203], [19.253264398955604, 53.22052400182409], [19.25641760238385, 53.2231670979225], [19.26209340089404, 53.22486610043473], [19.266823201544835, 53.22656499789873], [19.269661096308354, 53.22845269861479], [19.273129599418176, 53.23185020071153], [19.276282802846424, 53.23486999835436], [19.281643301675043, 53.23656860107081], [19.28731910018524, 53.23637979847934], [19.2923642005176, 53.23486999835436], [19.296778701486822, 53.23336010196321], [19.30182390063387, 53.232793901955496], [19.304977104062115, 53.23354890174255], [19.31065280375763, 53.23581360077339], [19.31349069852115, 53.23751219830622], [19.3185358976682, 53.233171398136435], [19.319797204192326, 53.22996269817627], [19.3201125038739, 53.2273201021534], [19.322004400778017, 53.225432399907746], [19.329572096192333, 53.22429970204576], [19.334932604004102, 53.22127920184419], [19.344707603801943, 53.21844719899783], [19.348491397610186, 53.21391569855701], [19.351329301356856, 53.210139099041925], [19.357005099867052, 53.206362102057724], [19.35921229645275, 53.2016403997508], [19.3611043011547, 53.196729302036296], [19.36173490051785, 53.1912508977225], [19.365203403627664, 53.1884168989856], [19.36930259593216, 53.18539390085582], [19.376555000648054, 53.18274850106938], [19.37907759573, 53.18237059810328], [19.38317679701765, 53.18407120251844], [19.390744501415114, 53.184449101266566], [19.395474302065907, 53.18407120251844], [19.39957350335355, 53.18274850106938], [19.40840249630884, 53.18237059810328], [19.418177397292002, 53.180102997326436], [19.42952900329554, 53.175567398427944], [19.440565201819677, 53.1729213979259], [19.450024901935944, 53.168006999419646], [19.45790789703183, 53.16290299770168], [19.46295309617888, 53.156474898917374], [19.467052198651842, 53.15118040143183], [19.472097397798894, 53.14702000033055], [19.47903440401853, 53.14607439865599], [19.488809403816372, 53.14531790017028], [19.49574649986754, 53.143237501037014], [19.503314204265006, 53.143237501037014], [19.507413396569497, 53.14475049870302], [19.51277379658344, 53.145128797712786], [19.52002620129933, 53.14626350233781], [19.523494704409153, 53.14796559734762], [19.527593896713647, 53.148532902463145], [19.532008397682862, 53.15174770178779], [19.53768419619306, 53.15344949862859], [19.54399060304955, 53.15288230156256], [19.549666401559747, 53.149667597959905], [19.554711600706796, 53.14683089997978], [19.560387300402304, 53.14285920153339], [19.56227929612111, 53.13888709807449], [19.56511719986778, 53.13642810136556], [19.568901002659175, 53.134536400010546], [19.570792899563298, 53.135860598626934], [19.573630803309968, 53.137752198566155], [19.581198597538965, 53.13869799963597], [19.589081601618002, 53.13680639822939], [19.59412670195037, 53.136049698776894], [19.597910603556443, 53.13680639822939], [19.602009795860933, 53.13983290110149], [19.607370195874875, 53.14361570022121], [19.613046003368225, 53.1475873987532], [19.619352401241564, 53.150613098968016], [19.62345160252921, 53.15609669985383], [19.628181403180005, 53.16422630033394], [19.630703998261954, 53.17235439889444], [19.63164999612135, 53.17934709837629], [19.632911302645482, 53.18388220075583], [19.638587002340987, 53.18785009936809], [19.645839398073733, 53.18973950096896], [19.6534071024712, 53.1912508977225], [19.665704697350986, 53.19162870091143], [19.675479598334146, 53.191439802424185], [19.68777720219709, 53.189361600396616], [19.694398899752002, 53.187094401541046], [19.699128700402795, 53.183315400415886], [19.701651304467894, 53.178780098124655], [19.704489199231414, 53.17084229843251], [19.70606579645396, 53.164415399477946], [19.707957702341236, 53.157798399730346], [19.712687502992026, 53.152125901452564], [19.72277780247144, 53.148532902463145], [19.732868101950853, 53.145128797712786], [19.738228600779475, 53.143048297819014], [19.746426895556937, 53.14058950158699], [19.752102703050284, 53.13794139816832], [19.7549405978138, 53.135103898683575], [19.758409100923622, 53.130374402641564], [19.760301096642422, 53.12621189970592], [19.762823601892844, 53.119399898299164], [19.765661496656364, 53.11504709752185], [19.770075997625586, 53.112208102289635], [19.775436496454205, 53.11164030123944], [19.78205820299227, 53.112208102289635], [19.787418701820886, 53.11410079738932], [19.792148502471687, 53.117318200799026], [19.800031596382254, 53.12318450196196], [19.807283902283462, 53.127914800102516], [19.81043719554324, 53.130185202054335], [19.814851696512456, 53.13207710037477], [19.821788702732096, 53.13226620100847], [19.826203203701322, 53.13207710037477], [19.830617695687387, 53.129617600684405], [19.833455599434057, 53.12677959996214], [19.83692420135856, 53.12450900191087], [19.84133870232778, 53.123941401037946], [19.845122496136018, 53.12469820053615], [19.84859099924584, 53.12734720108544], [19.850483003947794, 53.1324553978227], [19.850167596468385, 53.13737389925265], [19.84859099924584, 53.14418310051593], [19.847645100201124, 53.15174770178779], [19.84859099924584, 53.15742020155338], [19.85363619839289, 53.16120150017726], [19.86057330342721, 53.16384820187389], [19.87066350409194, 53.165738601625655], [19.879492497047224, 53.16592769949179], [19.887060201444697, 53.165738601625655], [19.896204601879393, 53.16554959986432], [19.902510999752728, 53.16592769949179], [19.910078704150195, 53.16668380258855], [19.91323189859529, 53.16838509893708], [19.916069802341962, 53.17046430133826], [19.917331099882936, 53.17273240087614], [19.92111490267433, 53.17424440242259], [19.92647540150295, 53.17518939988648], [19.932151200013145, 53.17481139801447], [19.93498910375982, 53.173110399527616], [19.937826998523338, 53.17103129842329], [19.94255679917413, 53.17178739775466], [19.94602530228395, 53.17273240087614], [19.94697130014335, 53.17462239852167], [19.947286599824924, 53.177079300064925], [19.9485478973659, 53.17953600168284], [19.951070501430998, 53.18029190268768], [19.95611560176336, 53.18048089873768], [19.964314004338657, 53.17802419739745], [19.96935909568787, 53.17632329937391], [19.973643996711054, 53.17266649940141], [19.979847995625153, 53.16894770239674], [19.986052003522413, 53.164656199164135], [19.988438198411618, 53.15950600006698], [20.002277904190194, 53.153496499853816], [20.018980998920057, 53.149203602411184], [20.03091180268619, 53.1517793999219], [20.035206899587845, 53.15864750075422], [20.045706004386755, 53.16637290257811], [20.05572789715728, 53.16808939730959], [20.06765870092341, 53.16694499972345], [20.07720330081718, 53.163511801580555], [20.08913409560016, 53.15750289986559], [20.101542201226202, 53.14691380187434], [20.110609598074735, 53.13517690159642], [20.123972100808086, 53.12400950124777], [20.145447504467988, 53.112839301084215], [20.173126996873517, 53.10567729847087], [20.19507970239333, 53.102239098433785], [20.211305603061113, 53.10109299944612], [20.223713600889315, 53.09822760219896], [20.240893997479095, 53.10109299944612], [20.253302004290447, 53.10367169810371], [20.267619002945786, 53.10481779849571], [20.277163602839558, 53.106536797448925], [20.287662698655314, 53.106536797448925], [20.305797501335547, 53.108255700735626], [20.320591703036115, 53.11341219790406], [20.327750197872206, 53.117995097675866], [20.339203798593104, 53.130023101068105], [20.354475203338897, 53.1437652008638], [20.368314998949003, 53.15750289986559], [20.389313199563674, 53.1775292007011], [20.401721197391883, 53.1935435001981], [20.415083700125233, 53.206121999144905], [20.430355095887876, 53.22383990153438], [20.44371759862122, 53.238408898829995], [20.458989102181697, 53.25468600010279], [20.473783303882268, 53.27438150206853], [20.48666849577255, 53.29577940241113], [20.50050830036581, 53.29891690200238], [20.514825200206463, 53.30319489812106], [20.530573897829015, 53.30804270159649], [20.547754303401945, 53.31374539838797], [20.566366300144253, 53.32172789735947], [20.584978395701242, 53.330563800784375], [20.59261410256572, 53.33398370181674], [20.604067604471936, 53.337688298610324], [20.6107488962628, 53.33854310045406], [20.62077079801648, 53.33882810032242], [20.626974796930583, 53.337688298610324], [20.636996698684264, 53.335123602534644], [20.641768998631147, 53.335978498694324], [20.643200697598367, 53.337688298610324], [20.642723503536292, 53.34167750082911], [20.642723503536292, 53.34652090210582], [20.648450200590478, 53.34965470001244], [20.65322259935205, 53.3510789979985], [20.658949296406238, 53.35164869957861], [20.666107800225483, 53.350509299528845], [20.6727891009995, 53.3502243991787], [20.6789930999136, 53.35136389799919], [20.684242701720397, 53.35193360113372], [20.689015001667283, 53.35079419797492], [20.695696203626614, 53.34879999756478], [20.69951409748304, 53.34623600191431], [20.708104300269504, 53.344526598326006], [20.715739998150823, 53.34623600191431], [20.725761899904505, 53.343956801564396], [20.734352003876293, 53.343956801564396], [20.739124402637856, 53.345096398198905], [20.743896702584742, 53.34481149921429], [20.75200960351129, 53.34167750082911], [20.761077000359833, 53.343387002551374], [20.766326602166625, 53.34652090210582], [20.772053398035503, 53.34879999756478], [20.778257396949602, 53.348515198402545], [20.785893103814075, 53.345381300642686], [20.798301101642288, 53.343956801564396], [20.80450519937107, 53.33911300174066], [20.803550703449083, 53.335123602534644], [20.806891304428746, 53.331703798259895], [20.81404979926484, 53.33027879933769], [20.82359439915861, 53.32942379966792], [20.829798496887392, 53.329993801351755], [20.839343096781164, 53.33341380172398], [20.850796697502062, 53.3348385993671], [20.855568997448948, 53.33198880091543], [20.85604620049418, 53.32543349951651], [20.850796697502062, 53.320587601108095], [20.850319395642153, 53.31631140124929], [20.85318280255974, 53.312604899577885], [20.85604620049418, 53.3074724012905], [20.852705599514515, 53.30176889871608], [20.85461450152696, 53.29749079732448], [20.865113597342717, 53.29948730047614], [20.888020798784517, 53.304050401901655], [20.913314096300844, 53.309753599746486], [20.93478949996074, 53.31517099783308], [20.95721939954263, 53.32258299760355], [20.982035502996876, 53.33198880091543], [21.011623897414854, 53.33939799780048], [21.041689503861214, 53.347660499921645], [21.081299800032877, 53.3587697022029], [21.09800290374589, 53.36503510067829], [21.112319902401225, 53.37215380242441], [21.134272598937887, 53.38467980122485], [21.153839100585337, 53.39634850091603], [21.18342750398647, 53.41597869982723], [21.20538020052313, 53.43019790050138], [21.23210519700667, 53.450096698739394], [21.249285503764916, 53.4586218979449], [21.26503420138747, 53.46259980061305], [21.28364619812978, 53.467145401859774], [21.30512170060436, 53.46998620025481], [21.33518729806757, 53.47595129865954], [21.36859360430828, 53.48191549984225], [21.39484129893191, 53.48674300031237], [21.418225703418937, 53.49156999952689], [21.44542790294771, 53.49639649749763], [21.464039998504703, 53.500086898400134], [21.48933329602103, 53.50633160188091], [21.512717700508055, 53.513142798257924], [21.527989096270698, 53.51569679882163], [21.547078403856073, 53.51825059738207], [21.57809849724127, 53.525059899609985], [21.6014829017283, 53.52789690065549], [21.615322598523726, 53.52903160194597], [21.627730596351928, 53.52846419903295], [21.645865497846845, 53.52562730006858], [21.664000300527075, 53.52392510259262], [21.69024800413386, 53.52137169948248], [21.72079090345698, 53.51569679882163], [21.74369799710095, 53.510588702519065], [21.767559703447887, 53.51087249794258], [21.79285300096421, 53.51200769802563], [21.806692697759637, 53.51144009911419], [21.830554296308744, 53.50803450092672], [21.85346139893586, 53.503209402529514], [21.868732902496337, 53.49753199980714], [21.886390502131338, 53.48986640164072], [21.904048101766346, 53.48163149985413], [21.92027390361945, 53.477087401871806], [21.935545398196773, 53.48031799856733], [21.94556729995045, 53.489404999883476], [21.95606639576621, 53.50785710177272], [21.963224800770774, 53.51864069764686], [21.972292296433995, 53.52913789970573], [21.9885180982871, 53.53339280017135], [22.00665299978201, 53.53622920035394], [22.024310599417014, 53.540766999543884], [22.036718597245223, 53.54615489930102], [22.05867130276503, 53.55466090110684], [22.076806096462114, 53.56316510259326], [22.089214103273473, 53.57081739783014], [22.096849801154793, 53.57761830180703], [22.104008295990884, 53.586117898875436], [22.109257897797683, 53.59518229789747], [22.117370798724235, 53.60056330140163], [22.128347196399904, 53.60367840049538], [22.14123239727334, 53.607359500264614], [22.146959202125363, 53.61217269846986], [22.15220880393216, 53.620948399005435], [22.16413959871514, 53.626892200577174], [22.175593199436037, 53.6291563022484], [22.18370610036259, 53.62774130155074], [22.18513779932981, 53.62491109920519], [22.187046701342254, 53.61925009844315], [22.197545797158014, 53.614437600450884], [22.207090495866463, 53.62236370206198], [22.218543997772684, 53.6291563022484], [22.237633296374902, 53.63962610120053], [22.256722603960277, 53.648396099811016], [22.280106999464152, 53.65405320164694], [22.305877500025712, 53.65575019749972], [22.320671701726276, 53.65829560046214], [22.33451149733638, 53.662537497824495], [22.340238203373726, 53.66536519755523], [22.36266820177029, 53.67978349754068], [22.37364450063128, 53.68487109807005], [22.389870401299067, 53.68797990187549], [22.42041320180751, 53.69447940136551], [22.43616189943006, 53.697022401400616], [22.45095610113063, 53.6973050000709], [22.47529490272496, 53.695044497985066], [22.494384201327186, 53.69758750111176], [22.50679229797007, 53.70154290157981], [22.52015480070342, 53.70606300133259], [22.534949002403984, 53.7097351026052], [22.547357000232193, 53.7035204996446], [22.55833329909318, 53.70380300150971], [22.57360480265366, 53.70521549834107], [22.591262402288663, 53.708040301915226], [22.610828903936113, 53.71340700036894], [22.62944090067842, 53.72583240014321], [22.64232620036654, 53.728373500451546], [22.66141549896876, 53.73119680232348], [22.67096009886253, 53.734584501553776], [22.695298999271547, 53.74305250213878], [22.704843599165315, 53.74954350264616], [22.70818420014498, 53.75744420102964], [22.704366396120086, 53.76506129833721], [22.70293469715287, 53.77831749772007], [22.716297199886217, 53.79551610107166], [22.731568595648856, 53.8104534024479], [22.737295400500887, 53.81186230113933], [22.75065790323423, 53.81355290114918], [22.763065901062443, 53.81777920096168], [22.773087802816125, 53.82341350015423], [22.785018597599098, 53.83608810098504], [22.785495899459008, 53.84087520163309], [22.781677996619436, 53.85157389838566], [22.77738289971778, 53.862269898192245], [22.779769103590137, 53.873807301018275], [22.78597310250424, 53.87774610162808], [22.791699898373114, 53.88702909853202], [22.791222596513204, 53.89406030185136], [22.779769103590137, 53.91177359995606], [22.772610599770893, 53.9224541982753], [22.763065901062443, 53.92919839833419], [22.746362797349427, 53.94015549995812], [22.724887402672678, 53.94521160176247], [22.718206101898666, 53.95139049829654], [22.703411900198095, 53.96234169854556], [22.701025804123574, 53.967395100497804], [22.704843599165315, 53.98339370176569], [22.69434450334956, 53.99545859940079], [22.686231602423007, 54.007239701244785], [22.678118602681778, 54.0176155001858], [22.669528399895313, 54.026026298151415], [22.651870800260312, 54.032473502239526], [22.628963697633193, 54.03919999972611], [22.60892000192366, 54.0450847026116], [22.602238701149652, 54.05096859871644], [22.604147603162097, 54.054610602383335], [22.615124000837767, 54.06301409784838], [22.628963697633193, 54.074776000578595], [22.648530199280643, 54.07701599831815], [22.65234810212022, 54.079815799170255], [22.656165897161966, 54.08597470157498], [22.65998380000154, 54.093812002429914], [22.65139359721508, 54.09856959908987], [22.63421329943999, 54.1038864020612], [22.628486503571118, 54.10976200124593], [22.624668600731535, 54.11871359857548], [22.615601203882996, 54.123748098302976], [22.6103516020762, 54.131019000674414], [22.606533798051306, 54.14164349897412], [22.60176149810442, 54.15589830151965], [22.597943604247995, 54.1707068987854], [22.58935340146153, 54.186906601299874], [22.584581101514647, 54.18914050226935], [22.562628395994835, 54.19304960158011], [22.55928780399832, 54.19947090018212], [22.544493602297756, 54.20672849875548], [22.538289603383657, 54.21286860056635], [22.535426196466066, 54.227656800465674], [22.535903399511295, 54.23741969829791], [22.544016399252527, 54.25303560108643], [22.55833329909318, 54.2627925007883], [22.58076329748975, 54.261398802315725], [22.58935340146153, 54.25164159904638], [22.59985249727729, 54.2471804024076], [22.61751009691229, 54.24355530057205], [22.62037350382988, 54.24662270184266], [22.624191397686307, 54.250247497405915], [22.626577502743984, 54.25470839906741], [22.634690502485217, 54.25944759777596], [22.644712404238902, 54.26669470030947], [22.656165897161966, 54.27003909931296], [22.668574002788006, 54.26557979836865], [22.687663301390227, 54.26613720064475], [22.691003902369893, 54.26390749909835], [22.701502998185653, 54.26167759824844], [22.709138696066972, 54.264186199367956], [22.71534270396423, 54.26976040189134], [22.735386498488438, 54.268924298319575], [22.743022196369758, 54.272547202132806], [22.74588560328735, 54.2789561019077], [22.754475797090656, 54.28369249788472], [22.759248097037542, 54.29037819795258], [22.757339204008247, 54.2967842982422], [22.758293601115557, 54.30430330228991], [22.762111503955133, 54.3109856987762], [22.772133396725664, 54.317388697997075], [22.78597310250424, 54.320728898871735], [22.795040499352776, 54.32601709957378], [22.797903897287213, 54.332139500077545], [22.79838110033245, 54.33853909755139], [22.79551770239801, 54.34911029749903], [22.787404801471457, 54.35606350199315], [22.778814598684992, 54.360790998335865], [22.77642840379579, 54.36746420042491], [22.767838299824007, 54.37385839855217], [22.760202503128003, 54.376638098165614], [22.754953000135888, 54.37969560165234], [22.754953000135888, 54.3852542001656], [22.75638469910311, 54.39192340133861], [22.75686190214834, 54.3972024984495], [22.749226204267018, 54.4060918984726], [22.740636001480553, 54.41609029757252], [22.737295400500887, 54.42303220099646], [22.731568595648856, 54.43191610210139], [22.729182499574335, 54.44079809821272], [22.722023995755087, 54.44662580138381], [22.718206101898666, 54.452730198667545], [22.714865500918997, 54.46133019769412], [22.706752501177768, 54.46493620045354], [22.70198020123088, 54.472424402511884], [22.698162397205984, 54.484624599275165], [22.694821697411637, 54.49321790198656], [22.6919582994772, 54.50402640170798], [22.68670879648509, 54.50956799982446], [22.68241369958343, 54.515386002194596], [22.68098200061621, 54.52092610132349], [22.683845398550645, 54.52591159858564], [22.687663301390227, 54.52895800068905], [22.695298999271547, 54.52895800068905], [22.701025804123574, 54.532004201546215], [22.702457503090795, 54.5364344978837], [22.700071299218433, 54.54224869950733], [22.70054850226366, 54.5472314994384], [22.704843599165315, 54.551660299232545], [22.71152489993933, 54.556088498412684], [22.712002102984563, 54.56356009890649], [22.706752501177768, 54.56854030123046], [22.697207901283996, 54.57490310037072], [22.696253396378857, 54.58320089785507], [22.701502998185653, 54.58900839866579], [22.709138696066972, 54.59177360137112], [22.71868329596074, 54.594538600745], [22.727750800607115, 54.597856299136204], [22.733954799521218, 54.60449090069208], [22.73204579869409, 54.609742601692304], [22.737772603546116, 54.614717197674764], [22.74779449631664, 54.620243898397405], [22.759248097037542, 54.620796499619665], [22.766883803902015, 54.623006902268244], [22.766883803902015, 54.631571201779025], [22.76497490188957, 54.63488589820928], [22.7539985042139, 54.64013359944472], [22.758293601115557, 54.64399999836949], [22.764020396984428, 54.6473137025293], [22.762588698017208, 54.652007598920164], [22.755430203181117, 54.65752919770019], [22.75781639807032, 54.664154098888815], [22.751612399156222, 54.66857009779475], [22.744931098382207, 54.670502001217386], [22.738727099468104, 54.67353759997007], [22.733954799521218, 54.679332201033425], [22.733954799521218, 54.683746497784476], [22.737772603546116, 54.68871210200233], [22.74588560328735, 54.69533190210049], [22.758770902975467, 54.697262501186614], [22.762111503955133, 54.69946879952257], [22.765929298996877, 54.70250220153906], [22.766883803902015, 54.70498390107024], [22.767360997964094, 54.70829269966002], [22.764020396984428, 54.710498299520275], [22.759248097037542, 54.71297959803718], [22.753521301168675, 54.71601200009342], [22.753521301168675, 54.71876850177671], [22.757339204008247, 54.72124920083248], [22.759725300082774, 54.72290299887603], [22.760679796004766, 54.72621020060078], [22.763543202922353, 54.72924170128829], [22.768792696931314, 54.730895100612166], [22.774519501783338, 54.731446197980844], [22.781200802557354, 54.730895100612166], [22.787881995533535, 54.731446197980844], [22.791699898373114, 54.733926100442055], [22.791222596513204, 54.736681498115225], [22.791699898373114, 54.73998760143241], [22.792654304463575, 54.743568900242806], [22.802199003172024, 54.74522179791227], [22.807925799040902, 54.7454971982499], [22.812220895942552, 54.74301799887315], [22.81508420404546, 54.74053860106299], [22.820810999914336, 54.73833459905916], [22.826537795783207, 54.738885600430265], [22.830355698622785, 54.741365099420065], [22.830832901668014, 54.74467079976393], [22.826537795783207, 54.7463236006136], [22.822720000741466, 54.75045530245843], [22.822242698881553, 54.75320949814429], [22.826060601721128, 54.75541270114435], [22.830832901668014, 54.75623890116588], [22.8356052016149, 54.75541270114435], [22.837514202442026, 54.75293399991152], [22.841331997483774, 54.751832397797784], [22.845627103368578, 54.75293399991152], [22.847058802335802, 54.75513730084619], [22.847535996397877, 54.757340398939476], [22.850876696192227, 54.75871730157872], [22.85564899613911, 54.758441897843355], [22.863284703003586, 54.757340398939476], [22.86710259686001, 54.75871730157872], [22.868534197012547, 54.760644800552285], [22.868057002950472, 54.7636736990381], [22.86567089789279, 54.76615170127012], [22.862807499958354, 54.76918009955297], [22.86710259686001, 54.772758899828204], [22.86710259686001, 54.77798879860178], [22.869965895979764, 54.783493297874074], [22.878556098766225, 54.78596999837846], [22.882374001605804, 54.79037280121803], [22.881896699745894, 54.79615070195292], [22.88332839871311, 54.79890179894299], [22.880465099593355, 54.803578198911104], [22.871397603930134, 54.80632880073191], [22.869488701917685, 54.81100429994004], [22.868057002950472, 54.815954298197504], [22.859944102023917, 54.818154199352826], [22.85564899613911, 54.824202999250744], [22.849922200270235, 54.826952202250986], [22.84276369645099, 54.83080070059574], [22.83703690058212, 54.836023098808724], [22.829401202700797, 54.8387715021886], [22.8255833986759, 54.844267700960316], [22.82462890275391, 54.849213602109735], [22.82510609681599, 54.85333479999336], [22.828923999655565, 54.85553259763835], [22.829878396762872, 54.85882899977288], [22.827492300688352, 54.86102649805403], [22.82701499882844, 54.86706890140656], [22.827969503733577, 54.870639002384806], [22.8356052016149, 54.874208797554246], [22.836559697536888, 54.88024919963253], [22.832741803680463, 54.88409269896208], [22.823197203786695, 54.88656330201138], [22.818902097901884, 54.891778499672434], [22.81508420404546, 54.89726749799819], [22.80697130311891, 54.900834898511434], [22.79742670322514, 54.90001169856635], [22.785018597599098, 54.899462797997636], [22.77499669584542, 54.89863960099548], [22.769747201836456, 54.899462797997636], [22.764020396984428, 54.90275570180492], [22.763065901062443, 54.90632260064065], [22.76497490188957, 54.91071230025754], [22.758770902975467, 54.912906898272475], [22.75304409812344, 54.912632601364756], [22.74349939941499, 54.91208389866513], [22.73968160437325, 54.90988919897139], [22.735863701533667, 54.90687140253562], [22.730136896681643, 54.90467639797622], [22.72345570370546, 54.90577389972139], [22.72011500391111, 54.908791902370304], [22.719637800865883, 54.91455280053141], [22.7172516958082, 54.91976440010663], [22.72011500391111, 54.9230556022562], [22.72584179977999, 54.92387830007286], [22.73347749766131, 54.92470109979724], [22.737295400500887, 54.92771760081353], [22.73824989642287, 54.93100819886169], [22.73204579869409, 54.933750099781605], [22.72345570370546, 54.935120897572446], [22.7172516958082, 54.93402420114577], [22.707229803037677, 54.9304597983113], [22.696253396378857, 54.93100819886169], [22.689572203402673, 54.933750099781605], [22.684322601595877, 54.938410900303], [22.68479990345579, 54.943893500741474], [22.685754300563097, 54.94964940004723], [22.679073098603762, 54.95485650018613], [22.668574002788006, 54.95869279769198], [22.6623700038739, 54.96198079951021], [22.659506596956312, 54.96526850131611], [22.655688703099887, 54.96882990129478], [22.645189598300977, 54.97184320089948], [22.63993999649418, 54.97211709929881], [22.635167696547295, 54.97102140168095], [22.634690502485217, 54.96828200106842], [22.636599395514512, 54.965816401393155], [22.63850829752696, 54.9625288011591], [22.63850829752696, 54.95978880068779], [22.63421329943999, 54.95759669774612], [22.628486503571118, 54.95650059884839], [22.621805202797102, 54.95759669774612], [22.61751009691229, 54.96006280192312], [22.616078397945078, 54.96663830195693], [22.616078397945078, 54.97430839969996], [22.604147603162097, 54.97814290186971], [22.59842079831007, 54.983893901564464], [22.586967296403852, 54.990191701724044], [22.586967296403852, 54.999499701916925], [22.58744449944908, 55.011268400378], [22.58028599562984, 55.01728830119617], [22.58076329748975, 55.026590000147976], [22.582194996456966, 55.0438197976125], [22.58517530114248, 55.056015701745345], [22.595032703401333, 55.051982497775676], [22.61052280300305, 55.0435116981186], [22.621788404301284, 55.036653000167156], [22.64643179765901, 55.033424998814695], [22.666850701696408, 55.03302149902212], [22.687269497935976, 55.03423209946895], [22.708392501493066, 55.03826699855078], [22.729515397252325, 55.04472189926095], [22.751342500329113, 55.0487557985202], [22.773169495608062, 55.053595801359556], [22.792884201311086, 55.05803209992816], [22.811894897325946, 55.06004829880073], [22.835130100627435, 55.06327420126842], [22.860477701302685, 55.0713377017532], [22.87315140282563, 55.07496580143161], [22.88864160124202, 55.07536889930996], [22.900611302059954, 55.07456269949177], [22.915397302141976, 55.07335340016168], [22.931591600078068, 55.07254709801019], [22.947785898014157, 55.07335340016168], [22.96679650419749, 55.075771998269616], [22.98510310069266, 55.081414900688195], [22.999185001254986, 55.08584799806478], [23.013267000631995, 55.090683599044475], [23.025236701449927, 55.09269819937385], [23.041430900571335, 55.09269819937385], [23.05692109898773, 55.09229530182261], [23.073819397628828, 55.090683599044475], [23.091421903587463, 55.089071800451535], [23.113248898866413, 55.08786289858644], [23.128034997763113, 55.0886687995224], [23.14563739592391, 55.08947469963957], [23.159015295781224, 55.08947469963957], [23.175209602700466, 55.0882659024965], [23.189995602782485, 55.08584799806478], [23.208302199277657, 55.08625100171521], [23.23012920353976, 55.08504199914656], [23.24421120291677, 55.08423599940916], [23.256885003254393, 55.0806088021419], [23.27659969997427, 55.07536889930996], [23.294202196949744, 55.07335340016168], [23.313916902652768, 55.072144002560165], [23.331519399628245, 55.071740897905805], [23.355458702449425, 55.070934599262465], [23.370948900865823, 55.071740897905805], [23.385734900947845, 55.07375649885667], [23.391367697105384, 55.07496580143161], [23.40052099984455, 55.07859350012841], [23.415307098741252, 55.07859350012841], [23.433613596421736, 55.07819050159313], [23.444175098200283, 55.075771998269616], [23.456848898537906, 55.070128299801816], [23.469522600060852, 55.06367740150556], [23.484308698957552, 55.05762880166177], [23.497686598814873, 55.051982497775676], [23.512472598896892, 55.04754569868058], [23.53007509587237, 55.044318497796226], [23.547677503016313, 55.042301398644874], [23.56105540287363, 55.0402841979132], [23.572321004171876, 55.03624959980368], [23.58006600007381, 55.031407397437164], [23.586402895751046, 55.022932199534104], [23.58781110377359, 55.01243660137504], [23.589923402332666, 55.005572598943765], [23.593443899931128, 54.99911140092721], [23.595556198490208, 54.99345689846256], [23.593443899931128, 54.98820560052991], [23.594852098970513, 54.98295359998483], [23.599780795608368, 54.978104999854246], [23.601893103150598, 54.9712351017234], [23.60330130218998, 54.96395990035337], [23.60822999882783, 54.95749189798939], [23.611046396906605, 54.95304450106639], [23.615271003007916, 54.94778799873358], [23.62160779987047, 54.941721800224904], [23.630057003089938, 54.93848609804458], [23.638506197326254, 54.93525020256135], [23.647659500065412, 54.9316095005033], [23.662445500147435, 54.93039589948316], [23.674415200965367, 54.93039589948316], [23.682864404184834, 54.93201409829701], [23.689201299862066, 54.93363220104167], [23.694833997204928, 54.934441202197036], [23.706803698022863, 54.93241859911909], [23.71736519980141, 54.92999130089587], [23.729334900619342, 54.92594549898012], [23.742008602142285, 54.92068540131656], [23.751161895898292, 54.918662101327584], [23.75961109911776, 54.91542460043587], [23.76946850137661, 54.91056780134578], [23.780029904340473, 54.90571049880377], [23.79059139713587, 54.901257398491836], [23.801152898914417, 54.898828199386394], [23.810306201653574, 54.89801849749509], [23.822275803656826, 54.8972087018376], [23.833541395971913, 54.898423402131414], [23.84339879823077, 54.89761359911896], [23.85043980241085, 54.895994001065816], [23.86170529591125, 54.890729998345066], [23.86592990201256, 54.886275298081756], [23.872970897209495, 54.8822251003494], [23.881420100428958, 54.88182000185574], [23.89127740387313, 54.88060489898873], [23.89902249858975, 54.87655410023788], [23.902542996188217, 54.87169269936789], [23.906767602289527, 54.867640999635505], [23.91240039844707, 54.86683070180781], [23.921553701186234, 54.86439940041529], [23.924370099265005, 54.86115749920592], [23.924370099265005, 54.85588889778566], [23.930002904405697, 54.85224099930543], [23.938451999827333, 54.85224099930543], [23.948309402086185, 54.85467299758449], [23.950421700645265, 54.85872600049451], [23.954646297763418, 54.8639942002826], [23.954646297763418, 54.86845140007417], [23.95253399920434, 54.872502997685544], [23.954646297763418, 54.87574389886273], [23.958870903864728, 54.87817450064116], [23.963095500982888, 54.879794799718844], [23.97084049688483, 54.87938969746486], [23.979993799623987, 54.87736430083095], [23.985626595781532, 54.872502997685544], [23.989851201882843, 54.86845140007417], [23.997596296599465, 54.865615100456345], [24.007453698858317, 54.8664255002599], [24.015198703743412, 54.86966690040362], [24.02223969894034, 54.86926170151402], [24.033505300238577, 54.87047719808929], [24.03632169831735, 54.87331320218312], [24.039842195915814, 54.87776939760382], [24.04336270249743, 54.88060489898873], [24.056036404020375, 54.88303509908773], [24.056036404020375, 54.883440200868044], [24.065893797296074, 54.88546530247371], [24.073638900995846, 54.889110097636426], [24.07927169715339, 54.88951510217072], [24.089833100117257, 54.88708519990007], [24.09616999579449, 54.88668030011323], [24.10250690045488, 54.88668030011323], [24.10673149757304, 54.88182000185574], [24.11095610367435, 54.87776939760382], [24.115884800312198, 54.87614900158618], [24.122221695989438, 54.87533880240456], [24.123629904011977, 54.872908101969976], [24.12574220257105, 54.86926170151402], [24.12785440231545, 54.86439940041529], [24.13137489991391, 54.86156280022857], [24.141232302172767, 54.858320701984795], [24.14968149640908, 54.856294200049476], [24.161651197227012, 54.85305169892834], [24.169396202112107, 54.85143040233617], [24.170804401151496, 54.84737670250084], [24.176437197309035, 54.84251170020286], [24.1848864005285, 54.838862602334004], [24.194039703267666, 54.83318559960965], [24.20389709654336, 54.8303467005112], [24.213754399987536, 54.82994119964098], [24.22149950368731, 54.82872450183471], [24.227836399364545, 54.82872450183471], [24.234877403544626, 54.82953560155881], [24.241214299221866, 54.82831890187845], [24.25036750314634, 54.82466850003871], [24.25177570218573, 54.82101779922771], [24.253888000744805, 54.81574389809828], [24.25177570218573, 54.81290390197132], [24.24966340362665, 54.80803480091123], [24.24825519560411, 54.803570898323606], [24.247551096084422, 54.79991830079143], [24.244734698005647, 54.79788890162367], [24.237693801623397, 54.79707709892629], [24.230652797443316, 54.79382979760196], [24.22431590176608, 54.79382979760196], [24.217274897585998, 54.79464170176643], [24.20952980286938, 54.795859400561376], [24.20248889750398, 54.79342389896375], [24.19544790230705, 54.79748300231295], [24.194743802787354, 54.80032409797519], [24.18699869908758, 54.80397670025555], [24.17995770389065, 54.80113579921477], [24.17221260019088, 54.79788890162367], [24.1701003016318, 54.79342389896375], [24.1701003016318, 54.78895839793486], [24.171508500671187, 54.783680399305965], [24.17573309778934, 54.7784017014079], [24.17995770389065, 54.772716099219224], [24.185590500048196, 54.76621739996226], [24.185590500048196, 54.75931130183356], [24.18066180341035, 54.75402939782979], [24.17432489874996, 54.752810397840854], [24.17221260019088, 54.748340401650374], [24.1701003016318, 54.74427640134392], [24.169396202112107, 54.73939900144021], [24.166579804033333, 54.73655359885059], [24.162355296746707, 54.734114499563105], [24.157426600108856, 54.7304556012352], [24.15531430154978, 54.727609601613445], [24.153906102510394, 54.7223234996667], [24.148273297369695, 54.7186635989004], [24.143344600731847, 54.71622340191395], [24.139824103133382, 54.71134259843997], [24.13912000361369, 54.708088501657635], [24.13559949703207, 54.70279990055183], [24.12926260135484, 54.698731300156425], [24.12785440231545, 54.69425529935164], [24.12926260135484, 54.687336999248906], [24.13137489991391, 54.679603400976], [24.13067080039422, 54.67553240159787], [24.12785440231545, 54.66738929771172], [24.12785440231545, 54.66453890169871], [24.12785440231545, 54.65761549969275], [24.12855850183514, 54.65394970163019], [24.13559949703207, 54.65109820143365], [24.141936401692462, 54.651505600552646], [24.14968149640908, 54.65069090217654], [24.1532020029907, 54.64783919930597], [24.157426600108856, 54.64661709774646], [24.162355296746707, 54.64539479830565], [24.167283903553027, 54.64539479830565], [24.173620799230264, 54.64580219741834], [24.17925360437096, 54.64580219741834], [24.18418230100881, 54.64254280181795], [24.186294599567887, 54.63969060004165], [24.185590500048196, 54.634800598208514], [24.18347820148912, 54.631132799298975], [24.17925360437096, 54.6274646019874], [24.17221260019088, 54.626241799501074], [24.165875695530488, 54.626241799501074], [24.160242998187627, 54.625834100362255], [24.1532020029907, 54.625834100362255], [24.14686509833031, 54.62257309867504], [24.143344600731847, 54.619311799174305], [24.137007696071457, 54.61849650237119], [24.12926260135484, 54.61768110080619], [24.122925795509126, 54.61482709786221], [24.12151759646974, 54.60993419987355], [24.119405297910664, 54.605448397418876], [24.116588899831893, 54.60137010103233], [24.114241898438532, 54.59905880093774], [24.11142550035976, 54.596339499853194], [24.110017301320376, 54.59416400214321], [24.10954789565181, 54.590900399744264], [24.10954789565181, 54.588724502175374], [24.108139696612422, 54.58654859768788], [24.10438449617968, 54.58573259768462], [24.100629295746934, 54.58518850010584], [24.094527102903978, 54.587092599020664], [24.088894297763286, 54.590900399744264], [24.08560860181378, 54.59307609780785], [24.080445202341647, 54.595251799353285], [24.07950639998767, 54.599874601646746], [24.07715939859431, 54.601777899621375], [24.07246539580759, 54.60259359902193], [24.071526602436773, 54.60667189772325], [24.07246539580759, 54.61074969944315], [24.071057196768205, 54.61401170079674], [24.068240798689438, 54.61537079953537], [24.063546795902717, 54.616729800868946], [24.059322198784557, 54.619175899303606], [24.05556699835181, 54.622708997600725], [24.051342401233654, 54.62406780066887], [24.046179100576204, 54.62488300143887], [24.041485097789483, 54.62406780066887], [24.03585230163194, 54.622980799291085], [24.03162769553063, 54.6221654979921], [24.0264642960585, 54.61999130212168], [24.023178501294314, 54.617817000467895], [24.021770302254925, 54.61373990161238], [24.021770302254925, 54.61047789928333], [24.02411730364829, 54.60721559908639], [24.02693370172706, 54.60449689997819], [24.030688902159806, 54.60259359902193], [24.03162769553063, 54.599874601646746], [24.03115829884522, 54.59797110021306], [24.033035903553166, 54.595251799353285], [24.03585230163194, 54.59253220240413], [24.039138096396123, 54.59144430132424], [24.040546304418662, 54.58981250192438], [24.041954503458044, 54.58682059926233], [24.04336270249743, 54.58464449937507], [24.045709703890793, 54.583284400694474], [24.05181179791907, 54.58246829886787], [24.058852802099146, 54.58246829886787], [24.063077399217303, 54.58138020188005], [24.068240798689438, 54.5800199994338], [24.06964899772882, 54.57811560119795], [24.071057196768205, 54.575938999897744], [24.070587800082794, 54.57321820195159], [24.069179601043412, 54.57076929985892], [24.065424400610663, 54.56913659936384], [24.06026100113853, 54.56832019855393], [24.056036404020375, 54.56832019855393], [24.048995399840294, 54.569408701559524], [24.04289329682887, 54.56913659936384], [24.040076898750094, 54.568048099508204], [24.039607502064683, 54.56587100218549], [24.037260500671323, 54.56369389797552], [24.033505300238577, 54.56314950089079], [24.03021949649124, 54.56151650041488], [24.027872504081035, 54.55797819951271], [24.028341900766446, 54.55471169810785], [24.028341900766446, 54.551444997592824], [24.028341900766446, 54.548450298364834], [24.02693370172706, 54.545727597846614], [24.023178501294314, 54.54463849906895], [24.020362103215543, 54.54382160249518], [24.01942330086157, 54.54137089802234], [24.016606902782794, 54.53946469915174], [24.01050470095669, 54.53837550095269], [24.00440259794526, 54.53755849983802], [23.997830999433745, 54.5391924023273], [23.99360640231559, 54.53864779801617], [23.99172879760764, 54.53701380075729], [23.98750420048948, 54.53537980062086], [23.979993799623987, 54.53401800047315], [23.973891597797884, 54.53401800047315], [23.969197702808994, 54.534835098523025], [23.96591189906166, 54.53537980062086], [23.962626104297478, 54.53510739835999], [23.95934030055014, 54.53320100073665], [23.953707504392597, 54.53047729823176], [23.949482898291286, 54.529387698577125], [23.944788904487723, 54.528842999920556], [23.941503100740384, 54.528570600950864], [23.93399269987489, 54.52775339834958], [23.93117630179612, 54.526391401106686], [23.926951803492646, 54.52312240148931], [23.925074198784696, 54.52012560249305], [23.92554360445326, 54.51658360142698], [23.92929879590285, 54.514403798296684], [23.933053897520917, 54.512496402507914], [23.934462096560303, 54.509771297787836], [23.935870295599692, 54.50704600085005], [23.937747900307638, 54.50459319761798], [23.941033704054973, 54.502412702460745], [23.945727697858544, 54.50104980260318], [23.948074699251904, 54.501595002428445], [23.953707504392597, 54.50214010108739], [23.95699329915678, 54.50323040177978], [23.96121789627494, 54.50186760222169], [23.96403430333686, 54.50077730168365], [23.96778950376961, 54.499686899024645], [23.969197702808994, 54.49832400216209], [23.970136397365135, 54.49641579820567], [23.97154459640452, 54.49396229947949], [23.974830400151856, 54.49069069875666], [23.978585600584605, 54.48905479760157], [23.983279603371326, 54.48905479760157], [23.98703480380407, 54.49041809746083], [23.992198203276203, 54.48960010004181], [23.993136996647024, 54.487691499245145], [23.99736160274833, 54.48469210059145], [24.002994398905876, 54.481965198797596], [24.00440259794526, 54.48060170058731], [24.006749599338622, 54.47841989929012], [24.012382296681483, 54.475692600131445], [24.017076299468204, 54.47432879884148], [24.02223969894034, 54.47432879884148], [24.02693370172706, 54.47487429767099], [24.030688902159806, 54.475965299605356], [24.03209710119919, 54.47841989929012], [24.032566497884602, 54.4803289015472], [24.03162769553063, 54.481965198797596], [24.03444410259255, 54.48360139926845], [24.03866869971071, 54.48578279891488], [24.041015701104072, 54.48850949832432], [24.042423900143454, 54.4915086013084], [24.042423900143454, 54.494507499943474], [24.040546304418662, 54.496961002464445], [24.037729897356733, 54.49832400216209], [24.033505300238577, 54.50077730168365], [24.03162769553063, 54.5043206003584], [24.032566497884602, 54.50595590106452], [24.034913499277963, 54.509226300924844], [24.034913499277963, 54.51113380246665], [24.034913499277963, 54.513313800958905], [24.033974696923988, 54.51603870065906], [24.036791103985912, 54.51794599882743], [24.041954503458044, 54.520670500875646], [24.04758729961559, 54.523667202536544], [24.05087299556509, 54.525574201804865], [24.05275060027304, 54.52829820016364], [24.05650580070579, 54.52966010252041], [24.059322198784557, 54.52993249943333], [24.062608002531892, 54.53074960107742], [24.067771402004023, 54.531022001145786], [24.07199599912218, 54.53020489974136], [24.076690001908904, 54.52993249943333], [24.080445202341647, 54.531022001145786], [24.08560860181378, 54.532383901248735], [24.090302496802668, 54.53401800047315], [24.09499649958939, 54.532928599571676], [24.09781289766816, 54.53129439939647], [24.101098701415495, 54.531566801041976], [24.105792704202216, 54.5326562018012], [24.1090784989664, 54.534290399580236], [24.11377250175312, 54.53401800047315], [24.117058296517303, 54.53320100073665], [24.120813496950046, 54.53074960107742], [24.121282902618614, 54.52829820016364], [24.12503810305136, 54.526119001419026], [24.12832379900086, 54.52502930108102], [24.13395660414156, 54.52285000084672], [24.138181201259712, 54.521760197622825], [24.140528202653076, 54.519308199574176], [24.140997599338487, 54.51658360142698], [24.141466996023894, 54.51304139746619], [24.140528202653076, 54.508953698066705], [24.141466996023894, 54.50486569917242], [24.139589400299105, 54.50268530201565], [24.136303596551766, 54.50077730168365], [24.132548396119017, 54.49886920183441], [24.12832379900086, 54.49805139959865], [24.12316049834341, 54.49505279747938], [24.119874703579228, 54.49478019918421], [24.114241898438532, 54.49368969912932], [24.11095610367435, 54.49178129968473], [24.1072009032416, 54.49069069875666], [24.10485390184824, 54.48905479760157], [24.10156809810091, 54.487418898824004], [24.098751700022138, 54.48714619743991], [24.0954658962748, 54.48687349945524], [24.089363703431843, 54.48660089879869], [24.08560860181378, 54.48523749774637], [24.082322798066443, 54.48414670138072], [24.079975796673086, 54.482237898203415], [24.0785675976337, 54.4803289015472], [24.076690001908904, 54.47705629853907], [24.07809820094829, 54.47351059959697], [24.08185340138104, 54.47105570008454], [24.08326160042042, 54.46860060105436], [24.08373099710583, 54.46505420051188], [24.082322798066443, 54.46369010199289], [24.0821663025608, 54.46061820119122], [24.082861697405388, 54.458273701810604], [24.086077998499192, 54.45605030056398], [24.087016702038483, 54.4541402018028], [24.087016702038483, 54.45141120038024], [24.086077998499192, 54.448955001016934], [24.084878397251934, 54.446630000960134], [24.084461102853, 54.44468909788161], [24.085295601819336, 54.44250540208932], [24.08738180431941, 54.440807000073455], [24.090511202392626, 54.439108402243775], [24.092806002684828, 54.437167100882895], [24.093431903859038, 54.43474039835521], [24.093014600476952, 54.4332843005215], [24.092806002684828, 54.431221401875675], [24.09322319826908, 54.42976510058761], [24.093849099443293, 54.427944698220315], [24.094057697235417, 54.426002899162334], [24.093849099443293, 54.42357549873355], [24.092180101510614, 54.42187630135289], [24.089259400044206, 54.42005550148711], [24.08613010078567, 54.41872029789859], [24.08279220373501, 54.41617110029518], [24.08091459902706, 54.41398589981013], [24.079662796678637, 54.412043397530624], [24.079454198886513, 54.40949380040877], [24.079662796678637, 54.40767249756401], [24.079037003302265, 54.40585109814011], [24.07715939859431, 54.40427259878036], [24.07382140272897, 54.403179701238976], [24.071109299054683, 54.402572501857556], [24.06818859758827, 54.400872402442694], [24.065267896121867, 54.39929360164485], [24.063598997003872, 54.39698609993323], [24.063181702604943, 54.395285700984914], [24.062764498037538, 54.39273499918273], [24.063181702604943, 54.391277398295585], [24.06485070053761, 54.38909090249289], [24.06839730317823, 54.38811910196982], [24.070483496695157, 54.38726869878607], [24.07090070126256, 54.3855680017169], [24.071317995661495, 54.38398860145159], [24.07194379802102, 54.38204469911829], [24.07277829698736, 54.38082970229149], [24.075281802869515, 54.3793716994364], [24.07799389756065, 54.37852119870829], [24.081331803594463, 54.37803509769803], [24.084669799459807, 54.377184600671605], [24.08613010078567, 54.376212502515], [24.087173197544132, 54.37451120079131], [24.088216303285748, 54.37280990182788], [24.09071980018475, 54.371351598437045], [24.0944750006175, 54.370865501496596], [24.098438798842373, 54.37050090015798], [24.10240259706724, 54.37098700141443], [24.105114700741527, 54.37050090015798], [24.1072009032416, 54.36977169823531], [24.10845259779219, 54.368434799646344], [24.110330202500137, 54.36661169977396], [24.111164701466475, 54.36442390031453], [24.11241639601706, 54.36308690090981], [24.11429400072501, 54.36150659899664], [24.116588899831893, 54.36053419769546], [24.119092297916218, 54.35895390226528], [24.1213871970231, 54.35785979744863], [24.122847498348964, 54.35579299815584], [24.122847498348964, 54.353969399951886], [24.123264801731047, 54.35141609874563], [24.123264801731047, 54.34849789980418], [24.122847498348964, 54.34655240075079], [24.122221695989438, 54.34448510073438], [24.120552698056763, 54.3430258020309], [24.11846649555669, 54.34180959816045], [24.115754400865555, 54.34083669922976], [24.114085402932886, 54.33974210149427], [24.113459501758676, 54.33828259774748], [24.110538800292268, 54.33694470041915], [24.10615779749999, 54.336458201502865], [24.102819801634645, 54.33609329996944], [24.09969050237611, 54.33609329996944], [24.096978398701825, 54.336458201502865], [24.094057697235417, 54.33706630068084], [24.091762896943216, 54.33767450084712], [24.08988530121842, 54.33803939882188], [24.08738180431941, 54.337917701931204], [24.083000801527135, 54.33767450084712], [24.080705902420252, 54.33803939882188], [24.077367996386442, 54.33913399999597], [24.075907596245894, 54.340228598211745], [24.074864499487433, 54.342417701975236], [24.074238697127907, 54.34448510073438], [24.07277829698736, 54.34667399877596], [24.070692103470435, 54.34801160043262], [24.06839730317823, 54.34849789980418], [24.064642102745488, 54.34947070118576], [24.063181702604943, 54.35129449904411], [24.061095500104866, 54.352510401336936], [24.058174798638458, 54.354941998524744], [24.055879998346256, 54.35591460025022], [24.053585099239378, 54.35664410056211], [24.050038604396587, 54.35688719989192], [24.046700599548092, 54.35627929967652], [24.04336270249743, 54.35506359790275], [24.040233304424216, 54.353239899267095], [24.039398796474725, 54.35105139803681], [24.039816099856807, 54.34947070118576], [24.040442001031018, 54.34801160043262], [24.041485097789483, 54.345822700320795], [24.041067803390547, 54.3443635014697], [24.040650598823145, 54.34290409895422], [24.04002469764894, 54.34132319870424], [24.040233304424216, 54.33937719768366], [24.04085919661527, 54.33706630068084], [24.041902302356885, 54.33499860212627], [24.04336270249743, 54.33329559824314], [24.04440579925589, 54.33147100166209], [24.045240298222225, 54.32988959888421], [24.046074698373886, 54.3280646992626], [24.04503160161542, 54.32636150250757], [24.04377989808168, 54.32417160141488], [24.04273680132322, 54.32258979745363], [24.04127640118267, 54.32052140237909], [24.040650598823145, 54.31808770052299], [24.040442001031018, 54.316140699311454], [24.040233304424216, 54.314315299707125], [24.039607502064683, 54.31297660160143], [24.038773003098353, 54.31127270148322], [24.037103996182527, 54.31029910094139], [24.035643703839817, 54.30920370073871], [24.03418330369927, 54.307621399871756], [24.033557402525055, 54.30567389817229], [24.033140197957653, 54.30323940195153], [24.03293160016553, 54.301291598568746], [24.033557402525055, 54.298978597993894], [24.034600598098198, 54.29715240041795], [24.036060899424065, 54.29593490260101], [24.036895398390403, 54.29483919875719], [24.037729897356733, 54.29313460017291], [24.03793850413201, 54.29191689967048], [24.037103996182527, 54.290212201094796], [24.036060899424065, 54.28923810238437], [24.034391901491393, 54.288385698611584], [24.031888503407068, 54.288020302400625], [24.028759096350697, 54.288385698611584], [24.02583840386744, 54.288872698004944], [24.022917702401028, 54.28948160038321], [24.02062290210883, 54.29009039938031], [24.018536699608752, 54.290212201094796], [24.01645049710868, 54.290212201094796], [24.014155598001793, 54.290334002449086], [24.011860797709595, 54.290212201094796], [24.008522801844258, 54.290212201094796], [24.00581079698465, 54.291186402603074], [24.00330730008564, 54.29191689967048], [24.001012499793443, 54.29276929852142], [23.999134904068644, 54.29264749912631], [23.99683999597861, 54.29252569937097], [23.99517109686062, 54.29155159770371], [23.994753802461688, 54.290334002449086], [23.994753802461688, 54.28899449807713], [23.994753802461688, 54.2875331985435], [23.995588301428022, 54.285950101376685], [23.997465897152818, 54.28448869907837], [23.998926198478685, 54.28375800208559], [24.001221097585567, 54.28278369829047], [24.00330730008564, 54.28180929803185], [24.00518489581044, 54.280104202083486], [24.006228001552053, 54.278277198920144], [24.007271098310515, 54.2759629002935], [24.00810559727685, 54.27377020137443], [24.00935730081059, 54.271821098337604], [24.011026298743257, 54.27072470048429], [24.013112501243334, 54.26901909860015], [24.014781499176006, 54.26731339990455], [24.015198703743412, 54.26560769882836], [24.01499009696813, 54.26280519798464], [24.014155598001793, 54.26109929987397], [24.012695296675936, 54.260246298114076], [24.01060910315901, 54.25939329969567], [24.008314204052127, 54.258905899336696], [24.006019403759925, 54.25780910021424], [24.004976298018313, 54.256834198559744], [24.00330730008564, 54.255006100717885], [24.002472801119307, 54.25378739902083], [24.001846899945097, 54.252081101560115], [23.999134904068644, 54.25037470201529], [23.995588301428022, 54.2495214993868], [23.992876197753738, 54.24854640180444], [23.990790004236818, 54.24744940062464], [23.989538300703078, 54.246230402141165], [23.988495203944616, 54.245133297377784], [23.987451999388323, 54.243304701854626], [23.98620029585458, 54.241963699890306], [23.985157199096122, 54.24037889907387], [23.985157199096122, 54.238306199314856], [23.985991698062456, 54.23635549812861], [23.98620029585458, 54.234526497806], [23.985574502478205, 54.23233169963311], [23.984322700129784, 54.23062449885151], [23.983070996596044, 54.22903919950993], [23.982027899837586, 54.22660009958039], [23.980567499697038, 54.22452680226872], [23.980358901904914, 54.222819299682016], [23.98119340087125, 54.2207458019935], [23.981610596455504, 54.21855019749312], [23.981401998663376, 54.216720497426486], [23.980776196303843, 54.21440270072937], [23.979107198371175, 54.21245080145141], [23.97639510368004, 54.20988869844014], [23.974100303387843, 54.20757050257417], [23.972848501039422, 54.205374297395025], [23.9726399032473, 54.20317790190325], [23.9726399032473, 54.200737300418666], [23.97347440221363, 54.19829650222614], [23.974100303387843, 54.19585570175806], [23.97347440221363, 54.19341469932262], [23.9726399032473, 54.19048530189497], [23.971179601921435, 54.18902049904791], [23.96992779957301, 54.18706740040855], [23.96992779957301, 54.185236200554904], [23.97055370074722, 54.183160800145814], [23.970136397365135, 54.18047490217327], [23.968258900455023, 54.178033001930324], [23.967424401488685, 54.17595719790396], [23.967215695898723, 54.174491901334235], [23.968467498247147, 54.172538100586365], [23.97055370074722, 54.1707062993177], [23.972848501039422, 54.17034000189768], [23.975769202505834, 54.169118699597604], [23.98015030411279, 54.16887450107081], [23.98286239880392, 54.16850809803193], [23.984740003511874, 54.16801959766947], [23.98620029585458, 54.167408900998126], [23.98870380173674, 54.16594330159651], [23.991415896427874, 54.16533260057286], [23.99496240025382, 54.16496619772066], [23.997883101720223, 54.165088400734874], [24.001638302152973, 54.16533260057286], [24.004559003619384, 54.165821201030305], [24.00706250051839, 54.16716469763781], [24.00977460419267, 54.168385999775985], [24.012486698883805, 54.17021779861874], [24.01499009696813, 54.170950597459324], [24.01686770167608, 54.170950597459324], [24.019788403142492, 54.17034000189768], [24.022500497833626, 54.16948510248728], [24.024169495766294, 54.168385999775985], [24.026255698266375, 54.16655399886525], [24.027090197232706, 54.165210498204424], [24.028759096350697, 54.163744799889976], [24.031262602232857, 54.162767701950024], [24.033766099131864, 54.16203480023848], [24.036478103991467, 54.1614240993825], [24.039398796474725, 54.161301901325196], [24.04273680132322, 54.16154620240521], [24.04565750278963, 54.1622791022513], [24.047952303081832, 54.163867001252164], [24.049829898806628, 54.16533260057286], [24.051916200121386, 54.167653197576826], [24.0537936970315, 54.16850809803193], [24.056088596138384, 54.169363001856134], [24.05984379657113, 54.16972929740983], [24.064016201571278, 54.16997360132116], [24.06818859758827, 54.170584202290904], [24.071526602436773, 54.1707062993177], [24.075281802869515, 54.16997360132116], [24.077576603161717, 54.169118699597604], [24.08028869785285, 54.16801959766947], [24.08279220373501, 54.16704250075595], [24.084878397251934, 54.16704250075595], [24.086964599752008, 54.16704250075595], [24.089468096651014, 54.16716469763781], [24.091345701358964, 54.166920398174625], [24.09259739590955, 54.16618760157013], [24.094683598409624, 54.164722000979424], [24.094683598409624, 54.16288980100819], [24.095100802977026, 54.1616683997411], [24.096352596342292, 54.16008040059038], [24.098021504443437, 54.15873670024802], [24.103028498241454, 54.15678219743949], [24.106366404275267, 54.15568269940244], [24.10845259779219, 54.15409450212632], [24.110121595724863, 54.15287279917795], [24.11429400072501, 54.15104010086252], [24.118675102331967, 54.14981830250529], [24.122430302764716, 54.14969610174613], [24.127020002163796, 54.1499404976426], [24.130983800388666, 54.14884080208015], [24.135782097579877, 54.14725240016284], [24.139745895804747, 54.14627480232311], [24.145587298737567, 54.14566390047376], [24.148925195788227, 54.146152701598446], [24.149968301529842, 54.14639699739611], [24.152680396220976, 54.146152701598446], [24.155809803277347, 54.14541950037834], [24.15935629812013, 54.14419749930983], [24.162902900760756, 54.143830898797326], [24.16707529677775, 54.14358649840649], [24.171456398384706, 54.143830898797326], [24.17479430441852, 54.14468630196016], [24.178758102643393, 54.14505290016124], [24.18293059747507, 54.14493070112152], [24.18772890364943, 54.14395310108276], [24.19127539849222, 54.14297549901152], [24.1939875021665, 54.14126459906872], [24.19544790230705, 54.13882039983099], [24.196073695683427, 54.13674270179676], [24.194822001132838, 54.134542601419724], [24.194404796565436, 54.13234239997149], [24.1935702975991, 54.12977539883089], [24.191901299666426, 54.12806400093476], [24.187937501441553, 54.12659699759359], [24.183973703216687, 54.1257412997435], [24.18063569836819, 54.12451870220318], [24.17750639910965, 54.12317380008576], [24.17583740117698, 54.12085079843859], [24.173959796469035, 54.11889450159838], [24.171247800592578, 54.11742709990009], [24.168118402519365, 54.11644889801594], [24.163945997519214, 54.1153484025164], [24.16060810046855, 54.114614597998504], [24.156435596653722, 54.114003197523004], [24.152889002996254, 54.113269500836495], [24.150594202704053, 54.11204649847751], [24.148925195788227, 54.11033439991723], [24.14788209902977, 54.108010599602636], [24.14767350123764, 54.106053701977075], [24.14621319991178, 54.10385199814071], [24.145378700945443, 54.10189489898525], [24.14496139756336, 54.100426900757505], [24.145587298737567, 54.09859200241698], [24.14788209902977, 54.097246301113465], [24.151011497102985, 54.0967569017383], [24.15414079636152, 54.09553350183717], [24.157270095620056, 54.09345360126517], [24.158730495760604, 54.092107701646185], [24.159773601502216, 54.089415897866765], [24.160190797086468, 54.08684620062212], [24.159564895912258, 54.08464349814832], [24.15935629812013, 54.08427640219695], [24.157895996794263, 54.081951199563036], [24.15601840106947, 54.08036020082028], [24.154349403136802, 54.07803469971607], [24.15414079636152, 54.076565999345064], [24.15497530431101, 54.0747298979543], [24.157270095620056, 54.072404197366104], [24.159147700328006, 54.070690398819266], [24.16123390282808, 54.069343797708456], [24.16311149855288, 54.06750749813224], [24.163945997519214, 54.06530370070342], [24.163945997519214, 54.06248770009879], [24.165197701052954, 54.060038801028654], [24.167283903553027, 54.05869190193889], [24.170413301626247, 54.05746730054922], [24.173751198676907, 54.05587540028764], [24.17500290221065, 54.05416089843176], [24.17521159881745, 54.05158900242955], [24.17500290221065, 54.0491394977053], [24.173959796469035, 54.047057298031305], [24.17208220074424, 54.04558740160034], [24.169161499277827, 54.04460749978183], [24.166240797811415, 54.04448499922161], [24.163528801934962, 54.04424000229247], [24.161442500620208, 54.043750099044466], [24.1585217991538, 54.04277010115756], [24.15601840106947, 54.04142259995982], [24.153723501962588, 54.04080999913513], [24.151011497102985, 54.04056500164236], [24.148090696821892, 54.041055100682954], [24.14370970301277, 54.042402597970536], [24.14120619713061, 54.04424000229247], [24.138494201254158, 54.04558740160034], [24.13536480318094, 54.04632240114614], [24.132026897147128, 54.04656740162217], [24.129523400248118, 54.04656740162217], [24.127437197748044, 54.04754729942197], [24.124725103056914, 54.048404600724965], [24.122430302764716, 54.04864959947316], [24.120135403657834, 54.048159700739305], [24.117006104399298, 54.0479146991027], [24.11325090396655, 54.048159700739305], [24.109495703533803, 54.048772098305555], [24.106366404275267, 54.050609300138575], [24.10428020177519, 54.05256879763715], [24.10261120384252, 54.05440579996082], [24.099273297808704, 54.056487699958396], [24.09572670415124, 54.058079597847616], [24.091345701358964, 54.05869190193889], [24.087799098718346, 54.05893679784838], [24.084669799459807, 54.05820200033279], [24.080705902420252, 54.05734490117201], [24.076116301835853, 54.05722240124896], [24.07215250361098, 54.05795710009116], [24.06818859758827, 54.059548999669715], [24.06631100186348, 54.0611408013343], [24.063181702604943, 54.063344798586876], [24.05984379657113, 54.06444670063431], [24.057548897464248, 54.06469159951778], [24.054628195997832, 54.06469159951778], [24.051916200121386, 54.06505890032392], [24.048578204256042, 54.065915898303174], [24.04544889601435, 54.06677289968366], [24.042319596755814, 54.06762989919266], [24.038773003098353, 54.06750749813224], [24.03626949721619, 54.066650501368784], [24.035434998249855, 54.065426197881486], [24.034809195890322, 54.06383450246407], [24.034391901491393, 54.06236529969808], [24.034391901491393, 54.06016129791871], [24.033557402525055, 54.05856940071537], [24.03293160016553, 54.056732598317055], [24.03042810326652, 54.055630502148674], [24.027715999592232, 54.05452829764318], [24.024795298125827, 54.05354860137949], [24.02208320343469, 54.0522014021913], [24.020205697541424, 54.05073169826666], [24.019579796367214, 54.049262000367406], [24.01916250196828, 54.047424802253055], [24.019579796367214, 54.04595489772383], [24.019997000934616, 54.0443624983003], [24.020831499900954, 54.041790101262286], [24.020831499900954, 54.0398300004996], [24.0204143043167, 54.03786980202821], [24.01937119857509, 54.03664469764701], [24.017284897260332, 54.03505189929559], [24.015407400350217, 54.03358169959781], [24.01499009696813, 54.03247889963312], [24.01499009696813, 54.03051840200877], [24.01561599814234, 54.02917049835552], [24.01582459593447, 54.02745489983597], [24.01561599814234, 54.025249098678884], [24.014364195793924, 54.02402350101329], [24.011443503310662, 54.02230780097762], [24.008940096243187, 54.021204702000986], [24.007271098310515, 54.01948880124565], [24.007271098310515, 54.018140497860095], [24.007401497757154, 54.015819302621104], [24.005523902032362, 54.01416439827305], [24.001142800425402, 54.01361279988707], [23.99707469881289, 54.01342889870308], [23.991129001475585, 54.01398059981654], [23.98831260339681, 54.01563540063352], [23.98361860061009, 54.017473998638614], [23.981428103705532, 54.0193125998323], [23.979863400177347, 54.021702602375946], [23.97892459782337, 54.02390860218394], [23.975795298564833, 54.02556309781628], [23.972978900486062, 54.02574689787174], [23.968597897693787, 54.02556309781628], [23.965781499615016, 54.0237247992814], [23.964529697266595, 54.021702602375946], [23.9626521015418, 54.019864201815786], [23.96014870345747, 54.01857720182859], [23.95733229639555, 54.017473998638614], [23.954828799496543, 54.016370898144665], [23.952951203771747, 54.015267699784204], [23.950134796709822, 54.01379670025823], [23.949196003338997, 54.01140620124651], [23.947631398625493, 54.00919950142085], [23.94606670408046, 54.00588930089509], [23.943876198192747, 54.0040501011837], [23.94199860246795, 54.00276270172799], [23.940746898934215, 54.00147519909262], [23.940746898934215, 53.99981979814733], [23.94012099776, 53.99779640220042], [23.93730459968123, 53.99669270079293], [23.93386239924293, 53.99522109740664], [23.93104600116416, 53.99411730132122], [23.928855396461767, 53.99338139988331], [23.926351998377438, 53.992461602496384], [23.924161402658193, 53.99080580086432], [23.922596797944696, 53.98878199849877], [23.922596797944696, 53.986758097778576], [23.92134499559627, 53.98491810028105], [23.91790280414112, 53.98289400122188], [23.914773495899436, 53.98142189957309], [23.909766502101423, 53.98068580018506], [23.907888996208154, 53.979397598919036], [23.906324301663123, 53.97810940008117], [23.906011400483354, 53.97700519794466], [23.90820189738792, 53.97534879760032], [23.91258290018019, 53.9744286019144], [23.914147603708376, 53.97332430222394], [23.915399298258965, 53.97203589974382], [23.91602519943317, 53.97019519905329], [23.915399298258965, 53.968170400436804], [23.913834702528614, 53.966513701713666], [23.9132088013544, 53.96522509922817], [23.9150863970792, 53.96430460070248], [23.919467498686156, 53.96430460070248], [23.921970896770482, 53.96485690014344], [23.926038998382992, 53.96430460070248], [23.92854250426515, 53.96301589820992], [23.929481297635974, 53.96099079835666], [23.929481297635974, 53.958965499701], [23.92916839645621, 53.957492499670636], [23.926977800736964, 53.95528299983274], [23.922283797950243, 53.95417809764324], [23.920093301045686, 53.95307329832837], [23.918215696337736, 53.951968401020544], [23.91758990296136, 53.94994270106669], [23.91758990296136, 53.94828529900506], [23.918528696332178, 53.94662769890352], [23.918215696337736, 53.94460179768837], [23.91727690296691, 53.94275990124729], [23.9150863970792, 53.941102197882074], [23.911018304449843, 53.94036540206069], [23.90695020283733, 53.94054959959213], [23.902569101230373, 53.941102197882074], [23.89850099961786, 53.941286397447996], [23.893494095651377, 53.941102197882074], [23.88973890420178, 53.94073380159797], [23.88598370376904, 53.93981279929898], [23.88285429671267, 53.939444402204444], [23.879412096274365, 53.939444402204444], [23.875031003650562, 53.93981279929898], [23.87033700086384, 53.941654799427475], [23.86626889925133, 53.94460179768837], [23.86345250117256, 53.94625939899764], [23.860323201914024, 53.9473643999826], [23.85625510030151, 53.94846939812641], [23.85156109751479, 53.949206098395194], [23.848431798256257, 53.94865360216864], [23.84467659782351, 53.94846939812641], [23.840608496211, 53.94846939812641], [23.836540295783806, 53.949021902079814], [23.833723897705035, 53.95012689860176], [23.829655796092524, 53.95160010069857], [23.82746529918796, 53.95288919838533], [23.824335999929424, 53.953809901413614], [23.821832503030418, 53.954362297614935], [23.818703203771886, 53.95399400257782], [23.815886796709957, 53.95288919838533], [23.814009200985165, 53.95123180241016], [23.81119280290639, 53.94939019873859], [23.808689297024234, 53.94846939812641], [23.804621204394874, 53.94791689742722], [23.800866003962124, 53.94791689742722], [23.796797902349617, 53.94773280115384], [23.793042701916868, 53.9473643999826], [23.790852196029157, 53.94552269954926], [23.788661699124596, 53.943680901932495], [23.788661699124596, 53.942944098781176], [23.787096995596407, 53.941102197882074], [23.78490649869185, 53.939444402204444], [23.78302890296705, 53.93778649834587], [23.781464199438865, 53.936128602641865], [23.780838298264655, 53.93410210160256], [23.783341804146815, 53.9322597997399], [23.78584530104582, 53.93078589863082], [23.789913402658332, 53.93023310023168], [23.791790998383128, 53.92820639750547], [23.792729800737106, 53.925810999549384], [23.793981504270846, 53.92396829992235], [23.793981504270846, 53.921204100603674], [23.792103899562893, 53.919361298127384], [23.789913402658332, 53.91751829791665], [23.7867841033998, 53.91622810174731], [23.78302890296705, 53.91530660085983], [23.778960702539862, 53.914569402439035], [23.77614440327577, 53.91272620129344], [23.773327996213844, 53.91069860088299], [23.77019859814063, 53.909223901329156], [23.766756397702327, 53.909223901329156], [23.76143650272455, 53.90885520242954], [23.7576813022918, 53.90885520242954], [23.753926101859054, 53.908117800158], [23.75079680260052, 53.90701180199334], [23.74829339553304, 53.90535259900898], [23.746415799808247, 53.90314029993673], [23.745163997459823, 53.90055910098833], [23.744225204089, 53.89834650042377], [23.7426605993755, 53.89594939969171], [23.739531201302277, 53.893736597364246], [23.736401902043742, 53.891892497976], [23.732959701605445, 53.89004830133213], [23.73045619572329, 53.888941798286524], [23.728891501178254, 53.8869130009264], [23.729517402352464, 53.885253100281396], [23.732020899251467, 53.884146401459994], [23.73608900086398, 53.883408600088806], [23.738592398948306, 53.883224097409304], [23.741721797021526, 53.88156400262732], [23.743286401735027, 53.879719397915125], [23.745163997459823, 53.87824359941738], [23.747980395538594, 53.876767801788425], [23.75079680260052, 53.87584539851044], [23.753926101859054, 53.875660899525506], [23.75893309565707, 53.87529189911362], [23.761123601544785, 53.874922900741716], [23.765191703157292, 53.87307799774535], [23.76644339770788, 53.8714175001021], [23.768008101236067, 53.86920339892585], [23.76894690359004, 53.8671737018943], [23.771450400489048, 53.86532839878449], [23.77364089739361, 53.86514390107731], [23.777083196646593, 53.86385209768852], [23.779586603714073, 53.862744901248625], [23.782715902972605, 53.86053029861342], [23.783341804146815, 53.8581310024388], [23.783967696337875, 53.855731701147256], [23.78490649869185, 53.853885898635795], [23.787096995596407, 53.85203999881739], [23.790539303832542, 53.85074790210951], [23.794294396467457, 53.85037869779957], [23.79836259689465, 53.85000950083132], [23.80243069850716, 53.85019410237207], [23.80649880011967, 53.850563297712064], [23.81025400055242, 53.85037869779957], [23.81307039863119, 53.849271102424666], [23.81463510215937, 53.84779419764091], [23.814322102164926, 53.845578899102804], [23.814322102164926, 53.84317869796775], [23.81463510215937, 53.8413324001395], [23.815886796709957, 53.8396705999374], [23.819016095968497, 53.8387473997547], [23.821832503030418, 53.83727019790019], [23.823084197581007, 53.83542360242365], [23.823084197581007, 53.833576899015796], [23.823710098755218, 53.83117609995975], [23.824335999929424, 53.82877520040217], [23.82621359565422, 53.82655880006563], [23.829342903895913, 53.824157598741806], [23.83278510433421, 53.82286459900739], [23.836853295778255, 53.82157150103947], [23.840921397390762, 53.820463201860264], [23.843737804452687, 53.81861580171735], [23.845615400177483, 53.816583698484116], [23.84655420253146, 53.8138123986895], [23.845928301357247, 53.81122569961093], [23.844363597829062, 53.80900839736901], [23.8421731009245, 53.80716049755649], [23.839043801665966, 53.80568219756916], [23.83591450240743, 53.80309500206682], [23.834975700053455, 53.80069239773244], [23.834036897699484, 53.79755039830757], [23.83247220315445, 53.795702099576246], [23.830907499626264, 53.794408200609226], [23.827778200367728, 53.792929397925825], [23.824335999929424, 53.79145060147672], [23.82245840420463, 53.78997169982508], [23.81932899714826, 53.78793820253524], [23.818390203777437, 53.785719599647926], [23.818077302597676, 53.78220669962631], [23.81776440141791, 53.779433100580526], [23.815886796709957, 53.77610460237708], [23.81307039863119, 53.774070401098044], [23.807437602473648, 53.771666197663286], [23.80243069850716, 53.769631701636996], [23.80117900395657, 53.76833709940318], [23.798049596900206, 53.76630239955584], [23.793042701916868, 53.76426779756998], [23.789287501484125, 53.76260289781906], [23.78490649869185, 53.76001309779868], [23.781464199438865, 53.7574229999767], [23.779273702534304, 53.753537699792425], [23.778021900185884, 53.750392200126605], [23.775205600921794, 53.74817170248723], [23.771137400494602, 53.745951002487374], [23.765817604331506, 53.744470502487836], [23.763001197269578, 53.74261980147458], [23.76018479919081, 53.74058399890938], [23.75893309565707, 53.737807702573484], [23.756429598758064, 53.736141801669845], [23.752674398325315, 53.734290797618144], [23.747354602162222, 53.73262469886805], [23.74485109628006, 53.730773497422696], [23.743599401729472, 53.72799660086707], [23.743286401735027, 53.72503429952856], [23.743286401735027, 53.72096080172224], [23.741721797021526, 53.71670169909458], [23.742347599381052, 53.714108999920185], [23.74547699745427, 53.71188660092208], [23.748919197892572, 53.709478799952144], [23.75142270377473, 53.70595949842829], [23.75142270377473, 53.70373659978299], [23.751109802594968, 53.700031598167946], [23.750171000240993, 53.696511501162746], [23.752048497151108, 53.693361700939086], [23.753926101859054, 53.69095289837497], [23.753613200679293, 53.68724670221878], [23.75330029949953, 53.68502290028407], [23.75279670395125, 53.68276700046405], [23.751544901602827, 53.68035760237655], [23.751232000423066, 53.67720659884335], [23.75310959614786, 53.674426101466096], [23.755926003209787, 53.67127460098539], [23.754674200861363, 53.6688644975697], [23.752170802777037, 53.66738129871852], [23.746850898816106, 53.666639698343175], [23.739015298834612, 53.666259898393875], [23.734242998887726, 53.66739090008464], [23.72819800177891, 53.66739090008464], [23.72374390307197, 53.66833339870683], [23.71642629863275, 53.670029798398566], [23.712926597033114, 53.67097220074281], [23.709745096673423, 53.67172609786244], [23.702109299977415, 53.67191459797343], [23.699245902042982, 53.67116069890502], [23.69415549967084, 53.67134920154564], [23.690019503389156, 53.672479997456996], [23.687474198896822, 53.67266849951654], [23.682701898949936, 53.67304550110541], [23.678883996110358, 53.67304550110541], [23.67411169616347, 53.672857000732684], [23.66965759745653, 53.67304550110541], [23.665203399934903, 53.674364698065936], [23.663612600347715, 53.675872501077976], [23.663930801587654, 53.67794550176121], [23.666157895856895, 53.679829899331565], [23.667112301947355, 53.68209120240152], [23.667112301947355, 53.68397539853895], [23.665203399934903, 53.6866133006808], [23.66234000200047, 53.68793220042509], [23.65788580447884, 53.68849740088877], [23.651522695961614, 53.68887420230254], [23.647068597254673, 53.688685799357366], [23.641978096067845, 53.68943940076047], [23.634660500611783, 53.69188849754131], [23.6273430039704, 53.69320720013791], [23.622570596225685, 53.693018800624564], [23.611753397984668, 53.69094649927106], [23.602845101756095, 53.68943940076047], [23.594891202634834, 53.688685799357366], [23.588209901860818, 53.68812060142263], [23.582165003566686, 53.68812060142263], [23.57484739912747, 53.68736690193896], [23.57102960408573, 53.68736690193896], [23.5659391028989, 53.68830900157719], [23.560848601712078, 53.688685799357366], [23.55639450300513, 53.68774369751038], [23.550349496913164, 53.68774369751038], [23.54430459861903, 53.68906259908517], [23.539532298672146, 53.69094649927106], [23.53571439583257, 53.692641999068485], [23.532214703216088, 53.693018800624564], [23.528396800376505, 53.69396069933864], [23.524260804094823, 53.696221201119286], [23.520124798829986, 53.69753979990936], [23.5159888025483, 53.69829320028695], [23.511216502601414, 53.69866989807794], [23.508671198109084, 53.699988398887434], [23.50580780017465, 53.70243689796156], [23.502626299814953, 53.70375530203375], [23.499762901880516, 53.70450860179016], [23.495308704358887, 53.70507360099252], [23.49117269909405, 53.70714520160483], [23.487672997494414, 53.709216599207096], [23.48353700121273, 53.710158199280755], [23.479082803691103, 53.710534801508885], [23.47240160173177, 53.710158199280755], [23.467947404210147, 53.708840001130376], [23.463493296520053, 53.70846339968278], [23.459357201423686, 53.70714520160483], [23.457448299411237, 53.70582689841979], [23.457130196985975, 53.70356690186936], [23.456175701063987, 53.70187190058294], [23.452675999464354, 53.700365097461], [23.44885809662477, 53.69961170226049], [23.44440399791783, 53.7005534002798], [23.440904296318195, 53.7005534002798], [23.437722697143816, 53.699235002262036], [23.43485929920938, 53.69791649912462], [23.429450695597293, 53.69678630094957], [23.4278598960101, 53.698104802261746], [23.42467839565041, 53.699988398887434], [23.418633398541594, 53.701118500447436], [23.416724496529145, 53.70168350262261], [23.41417929983465, 53.70394360031941], [23.409725102313022, 53.70639190119121], [23.40654360195333, 53.709216599207096], [23.403680204018894, 53.71166459860006], [23.403680204018894, 53.71505389821062], [23.403998297460998, 53.7182546009852], [23.40113489952656, 53.72089030224037], [23.396362599579675, 53.72201979996222], [23.3925446967401, 53.722208101558394], [23.389999500045604, 53.72126679776435], [23.385545302523976, 53.72126679776435], [23.379818596486633, 53.7225846012308], [23.37504619772507, 53.72314929923988], [23.370592099018122, 53.72314929923988], [23.367092397418485, 53.72201979996222], [23.361683703974872, 53.7203254994789], [23.359456600722485, 53.71994900084373], [23.35277539876315, 53.71976069976356], [23.352457197523204, 53.71976069976356], [23.346412299229076, 53.72051370235037], [23.340367400934944, 53.71976069976356], [23.338458400107815, 53.718631098841236], [23.33591320341332, 53.71731319806942], [23.33304979649573, 53.71637180066337], [23.329550103879246, 53.71656010096793], [23.327004898201594, 53.71674840042954], [23.32286880310523, 53.716183499515836], [23.319369101505593, 53.71448900112139], [23.316187601145895, 53.712606101354496], [23.31205159588106, 53.71185289870994], [23.306006598772246, 53.71128800116857], [23.30123429882536, 53.71034650081621], [23.29678020011842, 53.7078983981409], [23.29232600259679, 53.70582689841979], [23.287871796092013, 53.70469690202268], [23.281190603115828, 53.70375530203375], [23.277054597850995, 53.70394360031941], [23.271327801982117, 53.70450860179016], [23.26719179671728, 53.70375530203375], [23.264328398782848, 53.70356690186936], [23.25987420126122, 53.70337860189814], [23.256374499661582, 53.704131897762515], [23.25319299930189, 53.706203597908726], [23.250329601367447, 53.70771010160018], [23.24778429687512, 53.708086699156084], [23.24301199692824, 53.70846339968278], [23.23983049656854, 53.7078983981409], [23.23664889739416, 53.70695680066539], [23.234103700699663, 53.70563859792631], [23.22996770441798, 53.70639190119121], [23.22805870359085, 53.70676849991088], [23.223922698326014, 53.707333500673556], [23.21978670204433, 53.70695680066539], [23.216923304109894, 53.706015198070645], [23.214059897192307, 53.70450860179016], [23.211514700497805, 53.70243689796156], [23.20960569967068, 53.70093009911445], [23.20801499889817, 53.7005534002798], [23.206424199310984, 53.69961170226049], [23.203242698951286, 53.69866989807794], [23.201333698124156, 53.69866989807794], [23.198152197764465, 53.69904659781583], [23.194970598590082, 53.69942329950052], [23.193061696577633, 53.699799997813706], [23.189880196217942, 53.7001766980735], [23.186698597043563, 53.699235002262036], [23.18160809585673, 53.69866989807794], [23.17715399714979, 53.69753979990936], [23.171427201280917, 53.69603279913856], [23.166654901334034, 53.69509099997438], [23.161246198907264, 53.694525797602346], [23.15965539932008, 53.694337499729535], [23.155519403038397, 53.694337499729535], [23.15106530433145, 53.694337499729535], [23.14661109782667, 53.69396069933864], [23.142793203970246, 53.69339559880813], [23.138975399945352, 53.69151170182628], [23.13738460035816, 53.69000460227019], [23.137066497932903, 53.68736690193896], [23.135475698345708, 53.68604810152604], [23.130703398398825, 53.68472910020686], [23.1287943975717, 53.683598601168846], [23.126567402117143, 53.681714297725314], [23.12434029886475, 53.679829899331565], [23.122431298037622, 53.67869930070261], [23.118931596437985, 53.6771916999719], [23.11511380139624, 53.67662629986908], [23.111932202221865, 53.67643779955494], [23.10843250062223, 53.676060897498346], [23.10556910268779, 53.67511859833601], [23.103023897010143, 53.67323389952575], [23.10206940108815, 53.672103102562716], [23.10143309742295, 53.67059520188844], [23.10016049907571, 53.66852189803038], [23.098569699488518, 53.6677679009988], [23.093797399541632, 53.66682540037256], [23.089343202020007, 53.66588289995528], [23.08616170166031, 53.663997798621246], [23.08520719675517, 53.662489698358186], [23.082980102485934, 53.659096202255135], [23.082025696395476, 53.65777639945742], [23.079480400886297, 53.655890999397194], [23.07725339644859, 53.65475969971816], [23.073435502592165, 53.65362830046787], [23.069617599752586, 53.653439798411846], [23.065163501045642, 53.65268549958102], [23.061027495780806, 53.65042269782119], [23.05816409784637, 53.64872549816855], [23.056255097019235, 53.647028198252634], [23.053391797899483, 53.64533089924429], [23.04766500203061, 53.644010697429444], [23.042892603269042, 53.64325629913813], [23.0378022008969, 53.64269050221477], [23.030802797697625, 53.644010697429444], [23.026348600176, 53.64438790216512], [23.02253069733642, 53.643444899976046], [23.017122102707486, 53.64306769745682], [23.0142586957899, 53.64306769745682], [23.008531899921024, 53.64287910025747], [23.00407780121408, 53.642313298273905], [23.00153249672175, 53.64118160230323], [22.99676019677487, 53.64080429965769], [22.991987896827982, 53.639672600478335], [22.986579302199047, 53.638918097961785], [22.98435219894666, 53.63665459998085], [22.98435219894666, 53.63420220073246], [22.982125095694272, 53.63193840176613], [22.981806903437484, 53.62835380010015], [22.978943496519893, 53.62665570161012], [22.97353490189096, 53.62533489925958], [22.96939889662612, 53.62458019890938], [22.968126298278875, 53.6228820018505], [22.967490003596826, 53.61986269891821], [22.967171802356887, 53.61835299843062], [22.965262900344438, 53.61552210253838], [22.96239950241, 53.61420099971806], [22.960490600397552, 53.612879802266605], [22.959536104475568, 53.61080360079915], [22.957945295905226, 53.608538599812384], [22.952218500036352, 53.6072171985259], [22.94903699967665, 53.60665090224958], [22.946491704167475, 53.6064620996036], [22.94362839606457, 53.6064620996036], [22.941401301795334, 53.60570709911117], [22.9394923009682, 53.60476320025839], [22.938219702620955, 53.60306409931229], [22.938219702620955, 53.600609902368184], [22.936947104273706, 53.59928830097429], [22.93440189859606, 53.59740020060068], [22.931538500661624, 53.59645610010905], [22.928038799061987, 53.59551210114007], [22.92517540112755, 53.5940014979042], [22.92422089622241, 53.59135779761624], [22.92422089622241, 53.58909170036716], [22.925811695809593, 53.58739210233715], [22.92676620071474, 53.58588119812562], [22.926447999474796, 53.58323700044509], [22.92358460154036, 53.580403798214284], [22.92103939586271, 53.579459397937605], [22.919448596275526, 53.57870379745717], [22.917539703246227, 53.57681479850706], [22.916903399581024, 53.57568139915977], [22.915948903659043, 53.57246979820402], [22.914358104071848, 53.56944700225256], [22.913085496741452, 53.56680179784925], [22.91085840247221, 53.5643453983785], [22.908949500459762, 53.56321170212468], [22.90481350417808, 53.561888898929155], [22.9003592976733, 53.56169990156255], [22.897177797313606, 53.560943999694466], [22.89495070304437, 53.55943219812295], [22.894314399379166, 53.55867629842083], [22.893041702217243, 53.55584140216107], [22.890814697779533, 53.55338439818515], [22.887314996179896, 53.552061298358495], [22.882860798658267, 53.550927198163265], [22.88222450397622, 53.54922600155557], [22.88190630273628, 53.54639060018751], [22.880315601963773, 53.54450009896922], [22.87745220402934, 53.54355490210153], [22.874906899537006, 53.54298769911838], [22.872043501602572, 53.54298769911838], [22.869498295924924, 53.54279869738289], [22.865998603308437, 53.54204250050725], [22.863135196390846, 53.5395845992072], [22.86058999969635, 53.538639297917136], [22.857408400521976, 53.53807200237538], [22.854545002587535, 53.53788300004673], [22.849772702640653, 53.53788300004673], [22.846273001041013, 53.53769390077898], [22.84436409902857, 53.536748498546295], [22.84245509820144, 53.53599219893268], [22.838637303159697, 53.533723101574324], [22.83704650357251, 53.53202119742105], [22.834183096654918, 53.53069749910964], [22.829410796708032, 53.53013010249671], [22.825592902851607, 53.529751897940386], [22.82177509882671, 53.529751897940386], [22.81986609799958, 53.529751897940386], [22.817320901305088, 53.529751897940386], [22.814775695627436, 53.53145389863448], [22.811912297693, 53.53315579889129], [22.80968520342376, 53.53447950044786], [22.805867300584186, 53.5346685019528], [22.803003902649746, 53.533723101574324], [22.799822402290054, 53.53277759999923], [22.797595299037663, 53.53258849928652], [22.79377750399592, 53.53258849928652], [22.79059589583839, 53.53221030066709], [22.788368801569153, 53.53145389863448], [22.787096203221903, 53.529751897940386], [22.785505403634716, 53.52804980214373], [22.78200570203508, 53.52634770202112], [22.78009680002263, 53.52578030053254], [22.775960803740947, 53.52578030053254], [22.77182479847611, 53.525591200614976], [22.76927950296693, 53.52464550145405], [22.767052498529225, 53.52388900168832], [22.765461698942037, 53.521997602374725], [22.763234595689642, 53.52010600111177], [22.76037119775521, 53.518971098086205], [22.756553303898784, 53.517268601085156], [22.75464440188633, 53.51499850044534], [22.753689995795874, 53.512728299548506], [22.753053602299143, 53.51064719791949], [22.750508396621502, 53.50856599943412], [22.747008704005015, 53.50761989882866], [22.744781600752624, 53.50686310037245], [22.742554497500237, 53.50497089818735], [22.74160010039293, 53.5030786008464], [22.74160010039293, 53.500807702611006], [22.74160010039293, 53.49910450253902], [22.739691099565803, 53.49702269986041], [22.73810039879329, 53.49531940117419], [22.735555103284113, 53.493994502467466], [22.731100995594016, 53.492669599775475], [22.72855570008484, 53.4924802986251], [22.724737896059942, 53.49229100197407], [22.72123820344346, 53.49172310160681], [22.720920002203517, 53.49172310160681], [22.71710219817862, 53.491155300524724], [22.71582950101669, 53.490587400982974], [22.713602496578982, 53.488694499025385], [22.712011696991798, 53.48680150189556], [22.708193803135373, 53.485855001047376], [22.704057797870533, 53.48566570155045], [22.70087629751084, 53.48718010059726], [22.696422099989213, 53.48831589780636], [22.693558702054776, 53.488126598601966], [22.689740799215198, 53.48793729855273], [22.686877500095445, 53.48699080166881], [22.68496849926831, 53.48547640120874], [22.681150704226567, 53.4849083988998], [22.67669649772179, 53.4849083988998], [22.673514997362094, 53.485287100022255], [22.670015196947773, 53.48642289981462], [22.667470000253278, 53.48831589780636], [22.66619740190603, 53.48983029843967], [22.66524289700089, 53.49134460224508], [22.665561098240833, 53.49342669973121], [22.66715189782802, 53.495130101164214], [22.669697103505673, 53.496644199704214], [22.671924197774906, 53.4981582976164], [22.672560501440106, 53.49967229871425], [22.672560501440106, 53.50137549734943], [22.671605996534968, 53.50251089837789], [22.67033339818772, 53.50364630105539], [22.66778820149322, 53.50440319968896], [22.661425101959143, 53.50478159852409], [22.65856170402471, 53.505727799883], [22.65410749751993, 53.506106197579], [22.650925997160236, 53.50667379847435], [22.646789902063873, 53.50591699915325], [22.64169949969173, 53.50478159852409], [22.63756350341004, 53.50459239952875], [22.634700096492452, 53.50497089818735], [22.630882202636027, 53.50591699915325], [22.624519103101953, 53.50534930264022], [22.621019401502316, 53.50497089818735], [22.617201597477422, 53.505538498257216], [22.613701895877785, 53.506106197579], [22.608929497116215, 53.50648460258214], [22.604793500834532, 53.50743070181703], [22.600657495569692, 53.50818750082339], [22.59588519562281, 53.50875520206256], [22.591430998101185, 53.50856599943412], [22.588249497741486, 53.50780910033814], [22.585386099807053, 53.50591699915325], [22.583158996554662, 53.50459239952875], [22.580931902285425, 53.50440319968896], [22.57743220068579, 53.50478159852409], [22.572978003164163, 53.50534930264022], [22.571069101151718, 53.50497089818735], [22.567569399552077, 53.50345710233579], [22.565660497539632, 53.50156470001624], [22.562797099605195, 53.50061850190909], [22.559615500430816, 53.4998614982954], [22.556752102496375, 53.50042930036282], [22.55166170012423, 53.500807702611006], [22.550070900537047, 53.50005079855641], [22.54561670301542, 53.49910450253902], [22.54243520265572, 53.49891529957974], [22.53861729981615, 53.49891529957974], [22.53511759821651, 53.49872599959233], [22.531299803174765, 53.497590502540206], [22.52748190033519, 53.496455001797415], [22.523345904053503, 53.49626570151316], [22.519528001213924, 53.49853680028753], [22.51793730044142, 53.50042930036282], [22.51380130415973, 53.50137549734943], [22.510937897242144, 53.50118619766], [22.509347097654956, 53.50042930036282], [22.506165498480573, 53.49910450253902], [22.500756903851645, 53.49948300210671], [22.497893496934054, 53.4992938008365], [22.49534830023956, 53.49910450253902], [22.49407570189231, 53.49853680028753], [22.49375750065237, 53.496644199704214], [22.49439380431757, 53.49418380220282], [22.49439380431757, 53.4921016991337], [22.491212303957877, 53.49039810122737], [22.486758097453098, 53.4902089021746], [22.48166759626627, 53.48926240253453], [22.4765771040626, 53.48983029843967], [22.47371379595969, 53.49134460224508], [22.469259598438065, 53.49380520188707], [22.46544169559849, 53.49418380220282], [22.460987596891542, 53.49323740196038], [22.457805997717163, 53.49172310160681], [22.453033697770277, 53.491155300524724], [22.450170299835843, 53.48945170201445], [22.447943196583456, 53.48699080166881], [22.448579500248655, 53.48547640120874], [22.448261397823394, 53.4835832016559], [22.44698879947615, 53.482447299100116], [22.44539799988896, 53.48074329735992], [22.444125401541708, 53.47828199869106], [22.444125401541708, 53.476388499450564], [22.44317089663657, 53.475252398911685], [22.440307498702136, 53.47449489967276], [22.438716699114945, 53.472790701511855], [22.437125998342434, 53.47089689841007], [22.437444100767696, 53.469192502288834], [22.439353002780145, 53.467866798093475], [22.44189829828932, 53.46729869905054], [22.44317089663657, 53.46635169889994], [22.444761696223757, 53.465215297569976], [22.44603430355416, 53.46370009838729], [22.44603430355416, 53.46161649889346], [22.44571610231422, 53.45972229881282], [22.44603430355416, 53.45839629884629], [22.44762510314135, 53.456691400765536], [22.449533996170643, 53.45536530079737], [22.45048850107578, 53.453470800433955], [22.45048850107578, 53.45157619950591], [22.44921580391385, 53.45006049749726], [22.447306901901406, 53.44949210131734], [22.44317089663657, 53.449302602135106], [22.43998929746219, 53.4483553021881], [22.438398596689687, 53.44664989931954], [22.438716699114945, 53.445134000110194], [22.440307498702136, 53.4422915974651], [22.442216400714578, 53.44020700090395], [22.442216400714578, 53.43812230206385], [22.444125401541708, 53.4369851986574], [22.448897701488594, 53.43603750094255], [22.450806603501047, 53.4352793981937], [22.45335180019554, 53.43452129797569], [22.455260801022668, 53.432246702102965], [22.45621519812998, 53.4301616983579], [22.45621519812998, 53.42788690127402], [22.45494259978273, 53.42655990194486], [22.45398820267542, 53.424284997752096], [22.454306296117526, 53.42219950174398], [22.45494259978273, 53.420493102464], [22.45462449735747, 53.41859710027387], [22.45335180019554, 53.41764899787659], [22.450806603501047, 53.417080200174375], [22.448261397823394, 53.41670099747951], [22.44539799988896, 53.41632170038653], [22.443488999061827, 53.415183997618044], [22.44253460195452, 53.41385660177353], [22.440625699942075, 53.41196029831689], [22.439034900354887, 53.41082239855301], [22.436489595862554, 53.41082239855301], [22.434262600408, 53.41177059960254], [22.43171729591567, 53.41271880093169], [22.426626803711994, 53.41271880093169], [22.424717901699548, 53.41196029831689], [22.423763495609087, 53.41063280185645], [22.422808999687103, 53.408736301115184], [22.41962740051272, 53.407788000293415], [22.416445900153025, 53.406839699751906], [22.414218796900634, 53.40513270015025], [22.413900703458534, 53.40304630225584], [22.414855100565838, 53.401339198648046], [22.417718498500275, 53.40039070079599], [22.421536401339853, 53.39944229963371], [22.42503610293949, 53.39868350135309], [22.427263197208724, 53.39697620127856], [22.42821760329919, 53.39413050251267], [22.428853897981234, 53.392233298217505], [22.431399202473564, 53.39090520221417], [22.43394439916806, 53.3890078005778], [22.436807797102492, 53.386541097549134], [22.438080404432895, 53.384074299810194], [22.437762302007638, 53.381037999090026], [22.437762302007638, 53.37895039832469], [22.439671204020083, 53.37705250135305], [22.443488999061827, 53.37572389956611], [22.44762510314135, 53.37439529920484], [22.449533996170643, 53.3717378991107], [22.449533996170643, 53.36908039753763], [22.449852098595905, 53.36661250243296], [22.45176109942303, 53.36490389983445], [22.45462449735747, 53.36414450188529], [22.458442301382362, 53.36243580031077], [22.458760502622305, 53.36034729838821], [22.460351302209496, 53.35806879885016], [22.462260204221945, 53.356549799388645], [22.463811199458892, 53.35446099825844], [22.462856703536904, 53.352372100118814], [22.462220399871704, 53.35066289965977], [22.462220399871704, 53.349713401224314], [22.463174895793692, 53.34800409952222], [22.463174895793692, 53.34610480217788], [22.463174895793692, 53.345724902523806], [22.462220399871704, 53.34363559771475], [22.460629600284516, 53.342875799287306], [22.45776620235008, 53.343825600177404], [22.45490290323032, 53.3451551003245], [22.452357598737994, 53.345724902523806], [22.450130504468756, 53.34534510137893], [22.44822160245631, 53.34439539869231], [22.44663080286912, 53.3424958976781], [22.446312700443862, 53.340596397859315], [22.44694900410906, 53.33869679733557], [22.449176098378295, 53.33793690017794], [22.452993902403193, 53.33774700020722], [22.457129898684876, 53.33755699747806], [22.462220399871704, 53.33698710221764], [22.464447503124088, 53.33413739903674], [22.46572010147134, 53.33166750155145], [22.463811199458892, 53.33014750221883], [22.460947801524455, 53.32786739898663], [22.461265903949716, 53.32596730124318], [22.461265903949716, 53.32368689947814], [22.459675203177206, 53.32197659731817], [22.458402595846806, 53.31931599759451], [22.45808440359002, 53.316655199792415], [22.458402595846806, 53.31456440098849], [22.460947801524455, 53.31190330158359], [22.466038302711283, 53.310762801861046], [22.470492401418223, 53.30848170027037], [22.471765098580153, 53.30658059970998], [22.472083201005418, 53.30391900259948], [22.47271949568746, 53.30106719779544], [22.47494659893985, 53.29878549764126], [22.477491795634347, 53.29745449835562], [22.480037100126673, 53.29536280205838], [22.480037100126673, 53.292890697495594], [22.47908260420469, 53.29079879918232], [22.479400796461476, 53.28775580241086], [22.481627899713867, 53.28528319854347], [22.48449119883362, 53.28357140045428], [22.48799090043326, 53.28204969863362], [22.491808803272836, 53.280718102652955], [22.49371769630213, 53.277674398646866], [22.49530849588932, 53.275201297351344], [22.4991263987289, 53.27405980119364], [22.502944202753795, 53.27367929749114], [22.505489498262975, 53.27348899870872], [22.509625503527808, 53.27329880114553], [22.513443298569555, 53.27272799924308], [22.51535229939668, 53.27082539833239], [22.51630669650399, 53.26949350098871], [22.514715896916805, 53.267590702402224], [22.513761499809494, 53.26568789972627], [22.513761499809494, 53.26359459969716], [22.514397803474694, 53.261691597698764], [22.51662489774393, 53.26054969781829], [22.518852000996322, 53.25864650121332], [22.51757930383439, 53.25655300159702], [22.515034098156743, 53.254268902322096], [22.511216204300318, 53.25255579754156], [22.510261798209857, 53.24970049912407], [22.512488901462245, 53.24722569890814], [22.51917010342158, 53.245702697763484], [22.52457869805051, 53.245702697763484], [22.529669199237336, 53.246273898080304], [22.532532597171773, 53.24760650253864], [22.535077901664103, 53.24874869959624], [22.53921389794579, 53.24874869959624], [22.543986197892675, 53.24855830059972], [22.54844040439745, 53.24836799750676], [22.551303703517206, 53.24931980012848], [22.554167101451643, 53.25141370211666], [22.55830319654801, 53.25236550147956], [22.564029902585357, 53.252175102454295], [22.56880230134692, 53.251984799324305], [22.57071120335937, 53.24836799750676], [22.573574601293807, 53.246083498821896], [22.57771059757549, 53.245131597330975], [22.582164804080268, 53.245131597330975], [22.58693710402715, 53.24417970154272], [22.59011860438685, 53.2422757980611], [22.594572801908473, 53.24208540251672], [22.597117998602975, 53.242656597360266], [22.5996633030953, 53.24284700111498], [22.603799299376984, 53.242466198134224], [22.606980799736682, 53.240943000710764], [22.609844197671116, 53.239991001000114], [22.61207130092351, 53.23980060066737], [22.615252900097886, 53.239991001000114], [22.61875260169752, 53.24075259923707], [22.62288859797921, 53.24170459813511], [22.627024603244042, 53.24113340133742], [22.63052429586053, 53.240371799124595], [22.634342099885423, 53.24113340133742], [22.637523699059802, 53.241895000749466], [22.641659704324642, 53.243227698569186], [22.64706829895357, 53.243418099783014], [22.653113296062383, 53.2422757980611], [22.658203797249215, 53.24056220229236], [22.663612400861297, 53.24113340133742], [22.668384700808183, 53.2422757980611], [22.674429599102314, 53.241895000749466], [22.679520100289142, 53.239991001000114], [22.683974297810767, 53.237515698348986], [22.68779210183566, 53.237325200981935], [22.689382901422853, 53.238277297620954], [22.692882603022486, 53.238277297620954], [22.695427898531666, 53.23789650236702], [22.697973104209318, 53.2352305987816], [22.700518300903813, 53.23370719761505], [22.704972498425434, 53.233326302558474], [22.70974479837232, 53.234087997876436], [22.715789804464286, 53.233326302558474], [22.720562104411172, 53.23008880241758], [22.724698100692855, 53.227612900244004], [22.72883409697454, 53.22666059867434], [22.733606396921427, 53.22666059867434], [22.739333201773455, 53.22780339781096], [22.744741904200218, 53.226851100477916], [22.7495142041471, 53.226851100477916], [22.75333199918885, 53.22608920111334], [22.757149902028427, 53.227231999366225], [22.759058804040873, 53.22932699830353], [22.764149296244547, 53.23066020038087], [22.769557899856633, 53.23046969939177], [22.773375802696215, 53.23027929972411], [22.78228409892478, 53.22818429898352], [22.78673829644641, 53.22856520214526], [22.79341949840574, 53.2289461019186], [22.799146303257764, 53.22856520214526], [22.80360050077939, 53.22780339781096], [22.807418295821137, 53.22627970008111], [22.811236198660712, 53.22532729894853], [22.81409959659515, 53.22513689792522], [22.819190097781973, 53.22551780130569], [22.824916902633998, 53.223613099934234], [22.830325497262937, 53.223041602548435], [22.83382519886257, 53.224184498266276], [22.838597498809456, 53.22494639925156], [22.84273350407429, 53.22380359916081], [22.84686950035598, 53.223422599860285], [22.852278202782745, 53.22151779992136], [22.853550801129995, 53.220184399238136], [22.855777904382382, 53.218279401488886], [22.858959395758923, 53.21713640197527], [22.862777298598502, 53.216564802026944], [22.86786770097065, 53.217898401453915], [22.871049300145025, 53.218279401488886], [22.87518529642671, 53.217898401453915], [22.878366895601083, 53.217517398030076], [22.880593900038793, 53.215993302033546], [22.88504809756042, 53.21504069903348], [22.89141119709449, 53.21465970246741], [22.897774296628565, 53.2142787025129], [22.901910301893405, 53.21408819857531], [22.90477369982784, 53.21465970246741], [22.908909696109525, 53.215612297802124], [22.91431829972161, 53.215231300940424], [22.918454403801128, 53.21408819857531], [22.921317801735565, 53.21313560162663], [22.92418110085532, 53.21408819857531], [22.92609010168245, 53.215802800341415], [22.928953499616885, 53.2169458999876], [22.932771303641783, 53.2169458999876], [22.935952902816165, 53.21618379749942], [22.939134403175856, 53.215802800341415], [22.941679698685036, 53.215993302033546], [22.94295229703228, 53.21770789747617], [22.942634095792343, 53.21942239739663], [22.944543096619473, 53.22189880003248], [22.947724596979167, 53.223232098938944], [22.949951700231555, 53.223232098938944], [22.954087696513245, 53.22380359916081], [22.95599659852569, 53.22475589973048], [22.958859996460127, 53.227231999366225], [22.964905002552094, 53.22875570085307], [22.970313597181022, 53.22913659893177], [22.975085897127908, 53.22951749899948], [22.97954010363269, 53.22837470258993], [22.981767197901924, 53.227612900244004], [22.98335789867443, 53.22932699830353], [22.98622129660887, 53.229898401056076], [22.989720998208508, 53.22970790205484], [22.992902597382887, 53.22875570085307], [22.99703860264772, 53.2289461019186], [23.003401702181794, 53.22818429898352], [23.009764801715868, 53.22818429898352], [23.019945696291686, 53.22799379773354], [23.026308795825763, 53.22627970008111], [23.02885410031809, 53.22285120211911], [23.02853589907815, 53.22056529826155], [23.032671904342987, 53.21885089787658], [23.036489798199412, 53.21866039813497], [23.039671298559107, 53.21618379749942], [23.04062580346425, 53.21465970246741], [23.041898401811494, 53.21218289742304], [23.047306996440433, 53.21161130131357], [23.052079404185147, 53.21065869770846], [23.055897199226894, 53.2085626993902], [23.062896602426164, 53.204179997817484], [23.0663963040258, 53.201702597697505], [23.07085050154743, 53.19884390101691], [23.073395698241924, 53.19484139781398], [23.07594100273425, 53.1914103026024], [23.079758797775998, 53.188360301176225], [23.082940396950377, 53.18531000205175], [23.0886672018024, 53.18092490105104], [23.091530599736835, 53.17882750231821], [23.091530599736835, 53.17673000102751], [23.094075796431333, 53.174823098058255], [23.09916629761816, 53.17234409817132], [23.101075199630603, 53.17024619910235], [23.101075199630603, 53.17005549941652], [23.104574901230247, 53.16891119734315], [23.106483803242693, 53.166050297882414], [23.10712009792474, 53.16376149807689], [23.10775650040462, 53.160137199162634], [23.108392804069823, 53.15689419928429], [23.10775650040462, 53.15517719752995], [23.108392804069823, 53.15174299878256], [23.109347201177133, 53.14964409795174], [23.109665402417072, 53.147163600311366], [23.10902909875187, 53.145064502579814], [23.10552939715223, 53.14353789998009], [23.102347797977856, 53.142583702693784], [23.096621002108982, 53.142774599885236], [23.091530599736835, 53.14220209974707], [23.087712696897263, 53.142392901644214], [23.082304102268328, 53.143728701331575], [23.07848619942875, 53.145064502579814], [23.077849895763546, 53.147163600311366], [23.075622801494312, 53.14869010097622], [23.07212309989468, 53.14888090098933], [23.06957790320018, 53.14830849840674], [23.067350799947793, 53.1467820003405], [23.0663963040258, 53.145064502579814], [23.067032598707847, 53.142774599885236], [23.064169200773414, 53.140675298412006], [23.060987700413715, 53.140484499662286], [23.056851704132033, 53.14105700113934], [23.053352002532396, 53.141820401806896], [23.051124899280005, 53.142774599885236], [23.04762519768037, 53.142774599885236], [23.042534696493547, 53.142583702693784], [23.0380805977866, 53.141247797346125], [23.033626400264975, 53.138766798562905], [23.029172202743354, 53.13762169998704], [23.021854697118815, 53.13647650082962], [23.013264503315504, 53.13762169998704], [23.00499250176898, 53.13781250067456], [22.99767489732977, 53.13685819775435], [22.990993596555754, 53.13533129809095], [22.984948698261622, 53.13342259854611], [22.97954010363269, 53.130750198038534], [22.97763110280556, 53.127504897577786], [22.975722200793108, 53.122541099235235], [22.97635850445831, 53.11757679769071], [22.978267496302287, 53.1129937023517], [22.97954010363269, 53.107455297348885], [22.983994202339634, 53.100578998396735], [22.986857600274067, 53.096758297962296], [22.99258439614294, 53.09121780206638], [22.997356696089827, 53.08796950063735], [23.004674300529043, 53.08567650101101], [23.011037400063117, 53.08376560164741], [23.01549159758474, 53.08338340080294], [23.021854697118815, 53.08300120196063], [23.0266269970657, 53.083956700797025], [23.032353801917726, 53.08452999855108], [23.037444204289873, 53.08567650101101], [23.042534696493547, 53.08491220000579], [23.04762519768037, 53.08223679949121], [23.052397497627254, 53.081090097489046], [23.05907879840127, 53.07822340041597], [23.06321480366611, 53.07745890231237], [23.066078201600543, 53.07765000247771], [23.068941599534977, 53.07669440142675], [23.06989599664229, 53.07631210002195], [23.07275940355988, 53.07382729831213], [23.073713899481863, 53.07038660136618], [23.07275940355988, 53.06694560251461], [23.07085050154743, 53.06426910159218], [23.067032598707847, 53.062165997540106], [23.064487402013356, 53.060827597774754], [23.060669499173777, 53.059680401128404], [23.054942802119587, 53.05815070049137], [23.04985230093276, 53.05700349735147], [23.043807303823943, 53.05547370166893], [23.035535302277424, 53.05317890090456], [23.029808497425396, 53.05050159858029], [23.022809103209276, 53.04629399754341], [23.01962760284958, 53.04208589931605], [23.016127901249945, 53.03672959878493], [23.014855302902696, 53.03271200150142], [23.016127901249945, 53.027737299371466], [23.017718602022452, 53.02391010023536], [23.01962760284958, 53.02084820234054], [23.02344539789132, 53.01855160117695], [23.0272633007309, 53.01510649993511], [23.02885410031809, 53.01242680038897], [23.030763002330538, 53.00936400101684], [23.03299009659978, 53.00591810136991], [23.034580896186963, 53.00266350001111], [23.035217199852163, 52.998642702313084], [23.035535302277424, 52.99481299780214], [23.033944502690236, 52.99174900261291], [23.030763002330538, 52.98868469810413], [23.02853589907815, 52.985237201791605], [23.027899604396104, 52.98198099813273], [23.02885410031809, 52.97700040266837], [23.02853589907815, 52.97489309977043], [23.02758140315616, 52.97163610023956], [23.02312730444922, 52.967804000821594], [23.01962760284958, 52.965696200780435], [23.016764195931994, 52.963013401470945], [23.01453710166275, 52.958605598716474], [23.012309998410366, 52.95592229986524], [23.011037400063117, 52.95247220004637], [23.011037400063117, 52.947679901745104], [23.013264503315504, 52.94480430145935], [23.015809700010003, 52.94154500222443], [23.015809700010003, 52.93828550076069], [23.01390079799755, 52.93598450161125], [23.01135560130306, 52.93425869902818], [23.009128498050664, 52.93272450005641], [23.007537698463477, 52.930806800757765], [23.00785589970342, 52.92831359911946], [23.00626510011623, 52.92639569897504], [23.002765398516594, 52.925436700792], [23.000538304247357, 52.92409410014025], [22.99990200058216, 52.922367801758156], [22.998947495677015, 52.92121689973572], [22.996402298982524, 52.92025779766695], [22.993220699808145, 52.918914998497854], [22.991629999035634, 52.91680479906459], [22.99035730187371, 52.91565379792719], [22.98622129660887, 52.91392709802135], [22.983039796249173, 52.913159701895104], [22.97858559872755, 52.9122003996963], [22.97540409836785, 52.91104929785576], [22.973177004098613, 52.90797929778563], [22.970313597181022, 52.906252400272216], [22.96745019924659, 52.90356590256673], [22.9652230959942, 52.90241450082969], [22.96108709971252, 52.90183880203322], [22.95790559935282, 52.90183880203322], [22.952815098165992, 52.9016469007346], [22.949951700231555, 52.900111600143205], [22.94613379739198, 52.89915199813419], [22.944224904362684, 52.89915199813419], [22.940725202763048, 52.89934400260165], [22.936270996258266, 52.89991970203256], [22.932453201216525, 52.89915199813419], [22.928953499616885, 52.89780859873815], [22.92577190044251, 52.8964650980852], [22.921635904160826, 52.896081301232805], [22.918454403801128, 52.8964650980852], [22.915272795643595, 52.89704090079167], [22.911455000601855, 52.89684899992084], [22.909545999774725, 52.89492970060544], [22.90509190106778, 52.89416189746594], [22.89745610437178, 52.89397000010527], [22.892365701999637, 52.893586099864294], [22.888547799160055, 52.8924344004177], [22.88473000411831, 52.889938999928965], [22.881230203703993, 52.88859529867845], [22.876776096013895, 52.88513979742424], [22.871685603810224, 52.881684102056255], [22.867549598545384, 52.879572099625555], [22.861822802676514, 52.87419560214826], [22.858004998651616, 52.87035490146249], [22.855777904382382, 52.864401097760364], [22.85482339947724, 52.86113579864611], [22.85482339947724, 52.85710179972171], [22.85418709581204, 52.85364379951882], [22.853232599890053, 52.84941699875626], [22.853232599890053, 52.84615050158381], [22.850369201955612, 52.84288380204424], [22.849096603608366, 52.8409620973567], [22.84464249591827, 52.839616802466864], [22.8405064008219, 52.839616802466864], [22.83605230211496, 52.84000120226871], [22.83000729602299, 52.839424701676194], [22.82555319731605, 52.83846370202678], [22.822053495716407, 52.836541801730796], [22.818871896542035, 52.83365880267387], [22.817599298194786, 52.83173670060787], [22.812190703565857, 52.83173670060787], [22.807418295821137, 52.83289000135991], [22.80582760403178, 52.83308220160729], [22.800418901605013, 52.83308220160729], [22.793101395980482, 52.83039120135106], [22.788965399698796, 52.83058340179993], [22.783238603829922, 52.83058340179993], [22.779102598565082, 52.82962229878438], [22.775284695725507, 52.82846890042052], [22.77242129779107, 52.82693110047686], [22.76892159619143, 52.82654660127687], [22.764785599909747, 52.82654660127687], [22.76096769707017, 52.82846890042052], [22.757149902028427, 52.831544499834344], [22.75237760208154, 52.832505598313844], [22.747923395576763, 52.83500429840538], [22.742514800947827, 52.83634960051155], [22.739333201773455, 52.835196500151106], [22.737424299761006, 52.833850999519505], [22.737424299761006, 52.83077560139845], [22.737742402186264, 52.827892197897036], [22.736787996095803, 52.8253930995447], [22.737742402186264, 52.822893900870625], [22.740605800120697, 52.82077899808992], [22.74537819888227, 52.82077899808992], [22.7495142041471, 52.820010001405365], [22.7514230971764, 52.81866410095698], [22.7520594008416, 52.8159722021607], [22.752695695523645, 52.81404930126684], [22.755241000015978, 52.81231860198327], [22.756195397123285, 52.809818602482906], [22.754604597536098, 52.80731850265387], [22.75365020042879, 52.80635679812198], [22.7514230971764, 52.80501050203007], [22.75046860125441, 52.80289479957777], [22.751104895936457, 52.801163699655916], [22.7520594008416, 52.79789360010399], [22.750150498829154, 52.79596989950922], [22.746650797229517, 52.7948156024624], [22.74410550172034, 52.7948156024624], [22.740924001360643, 52.794046097535634], [22.737742402186264, 52.79289179832507], [22.734560901826573, 52.791737397865326], [22.73106120022693, 52.79058310258095], [22.726925203945243, 52.79019829808553], [22.72342550234561, 52.79019829808553], [22.71928949708077, 52.79019829808553], [22.715789804464286, 52.79000590271013], [22.7129263975467, 52.78885150172497], [22.71069930327746, 52.78577290225946], [22.707835896359875, 52.783463801557374], [22.70529069966538, 52.78307890149407], [22.700518300903813, 52.783463801557374], [22.69574600095693, 52.78365619869653], [22.694473402609677, 52.781539397600596], [22.694473402609677, 52.77807540165328], [22.69033739734484, 52.77518850148484], [22.689701102662795, 52.77307140263588], [22.69256450059723, 52.77153150125172], [22.695109697291727, 52.76864419967554], [22.69574600095693, 52.765949198340635], [22.698291296466106, 52.76460160250611], [22.701790998065743, 52.76402410147131], [22.706245096772683, 52.76402410147131], [22.71038110203752, 52.76306149937798], [22.713244499971957, 52.76113630202545], [22.714835299559148, 52.758633300261295], [22.718016799918843, 52.7569004008208], [22.72183470275842, 52.75670790171628], [22.724061797027655, 52.75593770106954], [22.727561498627292, 52.7540121018122], [22.73169750389213, 52.75285680035466], [22.737424299761006, 52.7540121018122], [22.74187849728263, 52.754204699820995], [22.746968899654775, 52.75381960081739], [22.749196002907162, 52.75266420182366], [22.75078680249435, 52.74996820060448], [22.751741298416338, 52.748042397285865], [22.753968302854048, 52.74765720030649], [22.754604597536098, 52.74496090011975], [22.754604597536098, 52.743420102446144], [22.75237760208154, 52.74130139901573], [22.751104895936457, 52.74014570066806], [22.7520594008416, 52.73744889762142], [22.751104895936457, 52.73455929810546], [22.748877900481904, 52.73205480182222], [22.747605203319974, 52.73070620078036], [22.748241596816705, 52.72839420068301], [22.750150498829154, 52.72454060199986], [22.751104895936457, 52.72242089921162], [22.748877900481904, 52.721072000183], [22.746332595989575, 52.71933769920594], [22.74537819888227, 52.7172177979474], [22.742514800947827, 52.714905001027645], [22.737424299761006, 52.71413409951889], [22.73074299898699, 52.71529049837042], [22.728516003532437, 52.71606140121099], [22.72533440435806, 52.71798860143136], [22.72310730110567, 52.71972309752314], [22.71897129584083, 52.721072000183], [22.715153500799087, 52.721264700266616], [22.712290102864653, 52.72261359877625], [22.708790401265013, 52.725118702684824], [22.703699900078185, 52.725889399189136], [22.699563903796502, 52.72704549729104], [22.69701859930417, 52.72916489913751], [22.694473402609677, 52.73263279745039], [22.69033739734484, 52.73417399825787], [22.686837695745204, 52.73455929810546], [22.683974297810767, 52.737834097816766], [22.67920199786388, 52.740723502005835], [22.6750660015822, 52.74053089878527], [22.672838898329807, 52.73937520176122], [22.668702902048125, 52.73956779921146], [22.665203200448484, 52.74091609893667], [22.66138529760891, 52.74053089878527], [22.659476395596457, 52.73918250012275], [22.655976702979974, 52.738219397947454], [22.652795103805598, 52.737641498144605], [22.646750196528313, 52.7380267999778], [22.642614200246626, 52.73706360155791], [22.6400688957543, 52.73455929810546], [22.637523699059802, 52.7316695015979], [22.63784180148506, 52.72916489913751], [22.63943260107225, 52.72608209974922], [22.63975080231219, 52.72415519728561], [22.63911449864699, 52.72261359877625], [22.637523699059802, 52.720879299247976], [22.634342099885423, 52.71991579812533], [22.63147880076567, 52.71914489810631], [22.628933496273344, 52.718952199539544], [22.626388299578842, 52.71741049873496], [22.626388299578842, 52.71509779910109], [22.623206700404467, 52.71317040041591], [22.621934102057217, 52.71220670179342], [22.61875260169752, 52.71105019942781], [22.616843600870393, 52.70989369906081], [22.615571002523147, 52.70873720069464], [22.614934698857944, 52.70738780228168], [22.613980202935956, 52.70603849821202], [22.612707595605556, 52.70488179968905], [22.60920790298907, 52.703917901656666], [22.60507189772423, 52.70372509772253], [22.603481098137042, 52.703532401801525], [22.601254003867805, 52.70333960160756], [22.59870879819016, 52.70237559874837], [22.595845400255726, 52.70121890112116], [22.593936498243274, 52.70006210207056], [22.590436796643637, 52.69986929743344], [22.58661890278721, 52.70083330121518], [22.584073697109567, 52.70083330121518], [22.581210299175126, 52.70064049998469], [22.57898319592274, 52.70025490041236], [22.575483503306256, 52.69871250072011], [22.572302002946557, 52.69794130221084], [22.56752960418499, 52.69774849909358], [22.562121000572905, 52.69813409903259], [22.55957580387841, 52.69832690044669], [22.55766680305128, 52.69929090018712], [22.554803396133693, 52.699676497388374], [22.55098560109195, 52.69929090018712], [22.54780400191757, 52.698519701009204], [22.546213301145063, 52.69678439996018], [22.545576997479863, 52.69485630114338], [22.545576997479863, 52.6933136997962], [22.548758497839557, 52.690999701018384], [22.552258199439198, 52.689649797694265], [22.554167101451643, 52.68887840096111], [22.555439798613573, 52.687914198500216], [22.556076102278773, 52.685599902658794], [22.55575790103883, 52.68367120096264], [22.553848999026386, 52.682514002231294], [22.551940097013933, 52.680392300820415], [22.550349297426745, 52.678849199327175], [22.550031096186807, 52.6774990020749], [22.549713002744703, 52.67518409981748], [22.550031096186807, 52.67306210226755], [22.550031096186807, 52.670554101606626], [22.549713002744703, 52.66804600056236], [22.54748589949231, 52.666695398584906], [22.545576997479863, 52.6659236018367], [22.543349903210625, 52.6659236018367], [22.54016830403625, 52.6659236018367], [22.53730489711866, 52.6674670999864], [22.534759700424164, 52.668238902160915], [22.531578200064466, 52.6684317974603], [22.527124002542845, 52.66939650087488], [22.52457869805051, 52.670361199333755], [22.52235170259596, 52.67171160085685], [22.519488295678368, 52.67286920017308], [22.51598860306188, 52.673447898454384], [22.51185259779704, 52.67325499806329], [22.508989199862608, 52.671904600664526], [22.50676209661022, 52.669975299626806], [22.504535002340983, 52.66939650087488], [22.502307899088592, 52.6684317974603], [22.4991263987289, 52.66708120195898], [22.49721739790177, 52.665730597402266], [22.495944799554522, 52.6636081025667], [22.495944799554522, 52.660906598894684], [22.49562669712926, 52.65859089920116], [22.494672201207273, 52.65627509862377], [22.492126995529624, 52.65376610174713], [22.489263597595187, 52.652608099897236], [22.48576389599555, 52.65222209791455], [22.481946002139125, 52.652608099897236], [22.47844630053949, 52.652608099897236], [22.47590110384499, 52.65164299863065], [22.473674000592606, 52.650098898022705], [22.472401402245353, 52.64816869967006], [22.471446897340215, 52.64604529750294], [22.469219803070974, 52.64488710207076], [22.467310901058532, 52.64334280104955], [22.46349299821895, 52.64257059738555], [22.460629600284516, 52.64064000132332], [22.458402595846806, 52.63832320082378], [22.458720698272067, 52.63581320105035], [22.45903889951201, 52.632916901226494], [22.460629600284516, 52.63079280217457], [22.463174895793692, 52.628089297869], [22.463174895793692, 52.62519249764696], [22.464447503124088, 52.62210229771284], [22.466674597393332, 52.620363998454806], [22.470810602658165, 52.61785300108832], [22.472083201005418, 52.616887100121424], [22.473992103017864, 52.61495550151402], [22.474310304257806, 52.612830497886215], [22.473992103017864, 52.61089860029755], [22.471446897340215, 52.60896669929787], [22.46953800431092, 52.607227802056634], [22.46953800431092, 52.604909297746225], [22.469219803070974, 52.602977099785306], [22.468583499405778, 52.601431199296485], [22.46635639615339, 52.59930559934369], [22.4647655965662, 52.596793399646714], [22.464129301884153, 52.594281001318954], [22.465083797806145, 52.591768502576755], [22.46699269981859, 52.589835697668136], [22.469219803070974, 52.588096100906064], [22.472401402245353, 52.586163101270834], [22.473037696927403, 52.583263499271204], [22.472083201005418, 52.581137001463375], [22.470810602658165, 52.5782370997134], [22.471128696100276, 52.57611040173832], [22.473037696927403, 52.57379020128807], [22.47558290260505, 52.57204990213044], [22.47717370219224, 52.569536101493256], [22.47717370219224, 52.56740899784411], [22.478128099299546, 52.564894898407594], [22.480355202551937, 52.56199390047639], [22.482264203379067, 52.55967300221772], [22.482900498061117, 52.55773870001372], [22.482264203379067, 52.555030700779], [22.481309698473922, 52.55309629767429], [22.480673403791876, 52.55077490137985], [22.481627899713867, 52.54825979936653], [22.484173096408362, 52.546712099541764], [22.487354596768057, 52.54574470070963], [22.490218003685648, 52.54419679746781], [22.49371769630213, 52.5422619003826], [22.494672201207273, 52.53935940030031], [22.494035897542073, 52.536843802553044], [22.493399602860023, 52.53394090053132], [22.494035897542073, 52.53065079778121], [22.495944799554522, 52.52813460269524], [22.49817190280691, 52.52484399933626], [22.49817190280691, 52.522133899146574], [22.49626300079446, 52.51981089801187], [22.49435399996733, 52.51806850095292], [22.492126995529624, 52.51671330102041], [22.491172499607636, 52.51419630199633], [22.491490602032894, 52.51090469819903], [22.491172499607636, 52.50858099943183], [22.48799090043326, 52.50586999986186], [22.486081998420808, 52.50393339735488], [22.483854904151574, 52.502383998141184], [22.483218600486374, 52.4996725999424], [22.48480940007356, 52.496767301121345], [22.488309101673202, 52.49541140050099], [22.492763299194824, 52.49483029759293], [22.49658110321972, 52.494636598563226], [22.499762702394097, 52.49366799763655], [22.502307899088592, 52.491730901335785], [22.50326240399373, 52.48979369782813], [22.50326240399373, 52.48766270112207], [22.503898698675787, 52.48514409845575], [22.506125801928174, 52.48378780114599], [22.509307302287866, 52.48223780138008], [22.512488901462245, 52.48010640029542], [22.512807003887506, 52.47719979775433], [22.512170700222306, 52.47487430086555], [22.511534396557103, 52.472742597770456], [22.512170700222306, 52.469835497829756], [22.51407960223475, 52.467703501399086], [22.515670401821943, 52.46557140169607], [22.515670401821943, 52.46343919871863], [22.513761499809494, 52.461500699963594], [22.51185259779704, 52.46014370114201], [22.51089810187506, 52.45820510106829], [22.511216204300318, 52.45587869896395], [22.510261798209857, 52.45393990015658], [22.50867099862267, 52.45219489729737], [22.505489498262975, 52.45103160211497], [22.50326240399373, 52.44928650044248], [22.501035300741346, 52.44773519771592], [22.500398997076147, 52.44521429843926], [22.501671604406546, 52.44269329869936], [22.504535002340983, 52.440947800947896], [22.508034703940616, 52.43939629764041], [22.511216204300318, 52.438426502292614], [22.512807003887506, 52.437068797852355], [22.512488901462245, 52.434741301083385], [22.512170700222306, 52.432607599614194], [22.513443298569555, 52.43047380031567], [22.51662489774393, 52.42833989770909], [22.519488295678368, 52.42620589727017], [22.519806398103626, 52.42407179899767], [22.520124599343564, 52.421937597412054], [22.52235170259596, 52.42057940139302], [22.525851404195596, 52.42057940139302], [22.529987400477278, 52.41883309884703], [22.533487102076915, 52.41728070184583], [22.5376230983586, 52.41631050198741], [22.541759103623438, 52.4161165010948], [22.54716769825237, 52.41708669974259], [22.552894503104394, 52.41766880211077], [22.55671239696082, 52.416892702264754], [22.559893897320517, 52.415728398125864], [22.5646661972674, 52.41436999987777], [22.567211501759733, 52.41436999987777], [22.57007489969417, 52.414952099753464], [22.572302002946557, 52.41669859983335], [22.575483503306256, 52.417862900271594], [22.57866510248063, 52.41902709874558], [22.58152850041507, 52.419609197413145], [22.585028202014705, 52.41902709874558], [22.588527903614345, 52.41844499787206], [22.59234569865609, 52.41844499787206], [22.59552729783046, 52.41922109779057], [22.598390695764902, 52.42019129935312], [22.600935901442547, 52.42154950184915], [22.604117401802245, 52.421937597412054], [22.60857159932387, 52.42135550209198], [22.611753198498246, 52.41980329798982], [22.613980202935956, 52.418056898959925], [22.615571002523147, 52.41553430152772], [22.618116298032323, 52.41359369951026], [22.620343302470033, 52.41301159814272], [22.623843004069666, 52.41320560173572], [22.62734269668615, 52.41320560173572], [22.63020610360374, 52.412623402094916], [22.633069501538174, 52.41029459791237], [22.63466030112537, 52.4083537982095], [22.637523699059802, 52.40641290214973], [22.6407051994195, 52.404860100796995], [22.644841303499017, 52.40447189876916], [22.65024989812795, 52.404860100796995], [22.65438590339279, 52.405830601882265], [22.66011269926166, 52.40602469734518], [22.66615759755579, 52.40563650008504], [22.67124809874262, 52.404666000210085], [22.676656702354702, 52.404666000210085], [22.680792698636388, 52.406218797434356], [22.68429240023603, 52.407965599525205], [22.6881103030756, 52.40893599941164], [22.694155201369735, 52.40777150164196], [22.698291296466106, 52.407965599525205], [22.701790998065743, 52.40893599941164], [22.706881400437886, 52.40893599941164], [22.709426695947062, 52.40699520021107], [22.71165379919945, 52.405830601882265], [22.714198995893945, 52.40447189876916], [22.717062402811536, 52.404666000210085], [22.71960759950603, 52.40447189876916], [22.721516600333157, 52.402919100343034], [22.72310730110567, 52.40039559863853], [22.726925203945243, 52.39845440176518], [22.73106120022693, 52.39767789800742], [22.734242700586627, 52.3978720019324], [22.738423603649366, 52.397728002685874], [22.74530820215533, 52.39696430167077], [22.749689195964454, 52.39715520212708], [22.754383198751174, 52.397918998501524], [22.759703102712102, 52.39810990030905], [22.76283240197064, 52.39830089995298], [22.769716901661923, 52.397918998501524], [22.774410904448644, 52.39830089995298], [22.77816609589824, 52.398873702083506], [22.78317299986472, 52.399255600753435], [22.787867002651442, 52.40059210222857], [22.792247996460567, 52.4026922988957], [22.794125601168513, 52.404983300545766], [22.796629098067523, 52.40631969976912], [22.801323100854244, 52.40612880059931], [22.80539120246675, 52.40441059965007], [22.80883350171974, 52.40231050122048], [22.80977230407371, 52.39906459976078], [22.80883350171974, 52.39600950196237], [22.810398097450086, 52.393145198160354], [22.81321449552886, 52.39142639836493], [22.816656803764996, 52.390662500579616], [22.82135079756856, 52.390662500579616], [22.826357701535045, 52.390662500579616], [22.83136459651838, 52.38951669764162], [22.833242201226327, 52.387988800817546], [22.837310302838844, 52.38569690028186], [22.841691404445797, 52.38455090265067], [22.845759497075157, 52.38397789816245], [22.849827598687664, 52.38512389970193], [22.853582799120414, 52.38646090045157], [22.856399197199185, 52.38741590125943], [22.85952849645772, 52.3866519011694], [22.86265790351409, 52.38569690028186], [22.864535499238883, 52.3855059009149], [22.868290699671633, 52.38626989890734], [22.870168196581748, 52.38626989890734], [22.872671702463908, 52.38646090045157], [22.874549298188704, 52.38722489836456], [22.87611400171689, 52.38875279969971], [22.877052804070864, 52.39085349956459], [22.878930399795664, 52.39180839986126], [22.883311402587935, 52.393145198160354], [22.887379504200446, 52.39276319727017], [22.890821803453427, 52.39219029937545], [22.894889896082784, 52.389898600538004], [22.89645459961097, 52.386842901060845], [22.897393401964948, 52.38512389970193], [22.90020980004372, 52.383786902324424], [22.903965000476465, 52.38168580035568], [22.906781398555236, 52.380730697522715], [22.909597697819326, 52.37901160074043], [22.913039997072307, 52.37805640167505], [22.917108098684817, 52.37786540215594], [22.9205503979378, 52.37901160074043], [22.92336679601657, 52.37958459839709], [22.926183203078498, 52.37996670237435], [22.92899960115727, 52.37901160074043], [22.93119009806183, 52.37767440181071], [22.93369360394399, 52.375190899867974], [22.934006496140604, 52.37328039804716], [22.93244180159557, 52.37060570035061], [22.93087719688206, 52.36812180089208], [22.93119009806183, 52.365637800154914], [22.93275480159001, 52.36258030077999], [22.935571100854105, 52.36105149917429], [22.93901340010709, 52.36009599942444], [22.944333304068017, 52.36028709773579], [22.949027199056903, 52.35971380032237], [22.95153069595591, 52.35761160227878], [22.954034201838073, 52.355318097469215], [22.95810230345058, 52.35340680191841], [22.962796297254155, 52.352642202393376], [22.967803201220637, 52.35245109845606], [22.971871302833144, 52.353597901723546], [22.974374799732153, 52.355318097469215], [22.976252404440103, 52.356082601324665], [22.97875580252443, 52.35665600071268], [22.982824002951624, 52.35665600071268], [22.98564040103039, 52.35570030167129], [22.987830897934952, 52.35493580217577], [22.989082601468695, 52.35283339878146], [22.99127309837326, 52.35053960209989], [22.994402496446472, 52.349583902488426], [22.99847059805898, 52.34805460184685], [23.00159989731752, 52.3463342002294], [23.003790403205233, 52.344040099205635], [23.00629390010424, 52.34231949745474], [23.00754560363798, 52.340407601391476], [23.00754560363798, 52.33830450147201], [23.007858603632428, 52.33620120272808], [23.009736199357224, 52.332950500269675], [23.01161380406517, 52.32931710241265], [23.01161380406517, 52.32587459829869], [23.01161380406517, 52.32300570063253], [23.01192669626178, 52.32032789899846], [23.0141172021495, 52.31726729778799], [23.016620699048506, 52.314971798578156], [23.01974999830704, 52.31324999993019], [23.022879297565577, 52.31038030017474], [23.02381809991955, 52.30846700139775], [23.024131099914, 52.30693639950543], [23.02632159681856, 52.30368350252231], [23.028825003886038, 52.3019612977288], [23.032580204318784, 52.30100449872012], [23.0375871981168, 52.29928220071461], [23.040716497375335, 52.29813399962321], [23.04290700326305, 52.29717710143599], [23.045097500167607, 52.294689102351704], [23.04728809588685, 52.29162679960626], [23.05041740412854, 52.289712701365154], [23.053546703387077, 52.288181401687005], [23.057614796016438, 52.286841398925745], [23.06199589762339, 52.286267198533466], [23.065125196881926, 52.28358710263068], [23.06731570276964, 52.28167270097556], [23.068567496134907, 52.279375301018334], [23.069819199668647, 52.276503400067774], [23.071383903196832, 52.275163099078945], [23.075451995826192, 52.274014201279485], [23.07889419626449, 52.273248300507205], [23.08264939669724, 52.273248300507205], [23.08671759712443, 52.274014201279485], [23.090472797557176, 52.27439720166903], [23.09422789917524, 52.274014201279485], [23.097983099607987, 52.27286530118384], [23.101738300040733, 52.27171639879382], [23.10674520400722, 52.268652502510335], [23.110187503260203, 52.267503397475544], [23.11269100015921, 52.26577980227855], [23.115820299417745, 52.2636730998181], [23.118010796322302, 52.26214090020015], [23.12176599675505, 52.260800197911784], [23.124582403816976, 52.26041710203635], [23.127398801895747, 52.2619493997034], [23.12958929880031, 52.263098599203616], [23.13303159805329, 52.263098599203616], [23.1370996996658, 52.26329010023549], [23.14148080127276, 52.2636730998181], [23.144923001711057, 52.262523997678265], [23.14899110332357, 52.262906998379975], [23.152120501396787, 52.26329010023549], [23.157509503769372, 52.26372189956176], [23.15759900292113, 52.263566697937534], [23.162292996724698, 52.262034500141084], [23.16761280187095, 52.258969901729365], [23.17105510112393, 52.25513889988324], [23.17919130434895, 52.25533040229506], [23.184198199332286, 52.259161497570474], [23.189518103293214, 52.25801220153605], [23.19139569901801, 52.255905102530356], [23.19734139635532, 52.25456420071834], [23.201722497962276, 52.25379789791932], [23.20203539914204, 52.2518821984898], [23.200157803417245, 52.25034960247653], [23.20047069561386, 52.24728420210396], [23.20391300384999, 52.245559798971115], [23.2098587011873, 52.24613459829512], [23.21455270397402, 52.24613459829512], [23.219246697777585, 52.24498499770098], [23.223001898210335, 52.24345209740475], [23.224879502918284, 52.24115269992401], [23.225818296289102, 52.23808670261703], [23.229260496727406, 52.235020498992604], [23.233328598339916, 52.232912302326625], [23.237709699946873, 52.23157070000807], [23.245220100812364, 52.229462300982284], [23.248975301245114, 52.22620380272827], [23.252417501683414, 52.22198649932786], [23.256485702110606, 52.22006939881915], [23.259927902548906, 52.218727397382864], [23.263370201801887, 52.214509400428845], [23.267125402234637, 52.211441601254606], [23.273071099571943, 52.210482797973086], [23.27713920118445, 52.21201679843173], [23.281520302791407, 52.21412599835118], [23.287466000128713, 52.21508460191595], [23.292472904095206, 52.21412599835118], [23.294663400999763, 52.21163329777851], [23.296228095544794, 52.20875699790395], [23.296853897904327, 52.20511340124976], [23.295602203353738, 52.202428398991216], [23.29654099672456, 52.19878429988688], [23.29904450260672, 52.19724989760482], [23.303738496410286, 52.19437260049652], [23.30655490347221, 52.191111499924276], [23.307493696843036, 52.187274600522684], [23.311561798455546, 52.18554789905319], [23.316255801242267, 52.18612349752608], [23.319698001680568, 52.18650720183606], [23.324079103287524, 52.18535600186566], [23.32783430372027, 52.18535600186566], [23.33002480062483, 52.18669900042827], [23.33346709987781, 52.18785019867315], [23.337535201490326, 52.18785019867315], [23.340038599574648, 52.1863152977734], [23.34066450074886, 52.18382109748335], [23.344419701181604, 52.18247800098343], [23.34942659616494, 52.181518600259494], [23.352868904401074, 52.1822861015639], [23.355059401305635, 52.18420479962994], [23.35599820365961, 52.187658300406724], [23.359753404092356, 52.19015230198609], [23.36382149672171, 52.19015230198609], [23.368828400688198, 52.18880940222078], [23.370393104216383, 52.185931597315005], [23.37227069994118, 52.183437397533844], [23.376651702733458, 52.18266989957488], [23.381032804340414, 52.18305360063869], [23.38416210359895, 52.18266989957488], [23.38697850167772, 52.179983601980325], [23.387917304031692, 52.17748900247579], [23.38979489975649, 52.17518619944679], [23.393237199009473, 52.17326710126227], [23.39761820180175, 52.17058020267467], [23.40106050105473, 52.16981249936391], [23.404189800313265, 52.167509298929666], [23.406229802458277, 52.16662139785491], [23.406855595834656, 52.16546979882373], [23.40706430142462, 52.164190100408845], [23.408315995975205, 52.16355029801484], [23.41081950185736, 52.16291039825532], [23.41353149773381, 52.16316630195511], [23.41561779904857, 52.16444600226013], [23.41791259934077, 52.165981597356776], [23.41979020404872, 52.16726120017351], [23.423545404481462, 52.16879669812143], [23.429178200639008, 52.17033219817493], [23.43251609768967, 52.17046010132134], [23.43501960357183, 52.170588097761225], [23.437314403864033, 52.17046010132134], [23.441904103263113, 52.1700763026263], [23.44482479574637, 52.16956450160397], [23.44774549721278, 52.1681570005286], [23.45024900309494, 52.16764510029022], [23.4531696955782, 52.16790099880235], [23.455464495870398, 52.16879669812143], [23.457342100578344, 52.1700763026263], [23.458593804112088, 52.171483698911345], [23.46026280204476, 52.17301910072213], [23.462557602336958, 52.17340290157647], [23.465687000410178, 52.17314700165318], [23.467981800702375, 52.17225140093138], [23.469442102028243, 52.170204200998846], [23.46923350423612, 52.16790099880235], [23.469859396427175, 52.16687740143342], [23.47361459685992, 52.16585369786598], [23.475909397152122, 52.164190100408845], [23.47570079935999, 52.162526501373144], [23.475283603775743, 52.16111879970618], [23.473405999067797, 52.159582998227904], [23.471319697753035, 52.15881509965885], [23.47111109996091, 52.15753519885463], [23.47194559892725, 52.156383298548796], [23.472780097893583, 52.154719402172546], [23.472780097893583, 52.15318340192131], [23.471528403342994, 52.15151940247255], [23.469442102028243, 52.15049530151447], [23.467981800702375, 52.14908719726918], [23.46714730173604, 52.14806310100006], [23.467981800702375, 52.14678300128628], [23.46923350423612, 52.14665489778427], [23.470485297601385, 52.14639889914872], [23.47361459685992, 52.14575880240747], [23.475283603775743, 52.14435049875357], [23.476118003927397, 52.14294220017779], [23.476743896118457, 52.14127780142533], [23.476326700534205, 52.13910120011946], [23.475492201567867, 52.13705250263655], [23.475909397152122, 52.135387801071296], [23.47757840406794, 52.1344915010298], [23.48008190096695, 52.134619501673214], [23.483002602433363, 52.13500369989662], [23.486340499484022, 52.1348756011069], [23.488635299776224, 52.1333389989627], [23.490095699916772, 52.131930302558416], [23.490304297708896, 52.13026549780661], [23.491347403450508, 52.12834440159036], [23.49343359696743, 52.12731989998784], [23.496145700641716, 52.1269356024099], [23.498857804316003, 52.1270637019708], [23.50136130121501, 52.1269356024099], [23.503864699299335, 52.12603909922727], [23.504907796057797, 52.12437400264995], [23.505950901799405, 52.1220685003943], [23.506785400765747, 52.121043799344], [23.509288897664753, 52.12001899751395], [23.51158369795695, 52.11912230002588], [23.514087203839114, 52.11745700017069], [23.51492170280545, 52.11553540138659], [23.51471309603017, 52.113101302580674], [23.5153388983897, 52.11156389983204], [23.51763379749658, 52.111051398400605], [23.520137195580904, 52.11002639993224], [23.521597595721452, 52.10900139996855], [23.523266503822594, 52.10746389998086], [23.523266503822594, 52.10554179871275], [23.522432103670937, 52.1028508998399], [23.52076309675512, 52.10067239900112], [23.52055449896299, 52.0991345014695], [23.521388899114648, 52.09759660057877], [23.523057897047316, 52.09708399931429], [23.52639590189581, 52.096955802549374], [23.529107996586944, 52.09746849910202], [23.530568297912808, 52.09951900013751], [23.53015110232856, 52.1014413002923], [23.530985502480213, 52.10297900241275], [23.53223729584548, 52.10413230076782], [23.533071803794968, 52.10579809838196], [23.533280401587096, 52.10746389998086], [23.533906302761306, 52.10912950142571], [23.53515799731189, 52.111051398400605], [23.537035602019838, 52.11246069971983], [23.540164901278374, 52.113101302580674], [23.54350279832904, 52.11322939777532], [23.547257998761783, 52.1134855980936], [23.54934430007654, 52.1134855980936], [23.551221895801337, 52.113357498118496], [23.55226500154295, 52.113357498118496], [23.554976997419402, 52.1122044990285], [23.556020103161018, 52.10977020180341], [23.556020103161018, 52.10823260142945], [23.55685460212735, 52.10618250098424], [23.559149501234234, 52.10566999838914], [23.56165289931856, 52.10669510251977], [23.564156396217562, 52.107720100326794], [23.567285704459255, 52.107720100326794], [23.568537497824522, 52.1073356999443], [23.570206396942513, 52.10669510251977], [23.572501296049396, 52.10695130176545], [23.573752999583135, 52.108104497395566], [23.57583920208321, 52.108745201467286], [23.57813400237541, 52.108745201467286], [23.581263400448627, 52.107720100326794], [23.582932299566618, 52.10631069881875], [23.583975504122908, 52.10451670117618], [23.584809904274568, 52.10259459978608], [23.585018600881373, 52.10067239900112], [23.583975504122908, 52.099262697491426], [23.5833496029487, 52.097852901761335], [23.58355820074083, 52.09657129834243], [23.584392699707163, 52.09593050214062], [23.586896196606173, 52.09567420095007], [23.58919099689837, 52.09593050214062], [23.59127719939844, 52.095802302060775], [23.59336340189852, 52.09503329804169], [23.594615204246942, 52.09375160257705], [23.594406498656983, 52.09195719907582], [23.59336340189852, 52.090162701325895], [23.59127719939844, 52.089009102462484], [23.591068601606317, 52.08734260050461], [23.591485797190572, 52.08580429860638], [23.59336340189852, 52.08503519953263], [23.596284103364933, 52.08490700126481], [23.599204795848188, 52.08388140186472], [23.600247901589803, 52.08221469736674], [23.600247901589803, 52.08029160179397], [23.600247901589803, 52.078240200422606], [23.601082400556137, 52.07682980107992], [23.60275139848881, 52.07593230121641], [23.605463502163094, 52.074521801348276], [23.609427300387967, 52.07298310169916], [23.612348001854375, 52.07195720068946], [23.61359969640496, 52.06990539973637], [23.61401699978705, 52.067853598373894], [23.61401699978705, 52.06567330011396], [23.615268703320787, 52.06272340082565], [23.616103202287125, 52.06028639734726], [23.615268703320787, 52.058105801446025], [23.613182500820713, 52.05451400032082], [23.610679003921703, 52.051435102731055], [23.610470397146425, 52.049510697804465], [23.612348001854375, 52.04771449887202], [23.61359969640496, 52.04578990055827], [23.612556599646503, 52.04399350233956], [23.611304896112763, 52.04232540256368], [23.610887700528515, 52.040913901897305], [23.612556599646503, 52.03898899966227], [23.613391098612837, 52.03732070205967], [23.612348001854375, 52.035139001777054], [23.610679003921703, 52.033470499704165], [23.60984449597222, 52.03167370029247], [23.6102617993543, 52.029876701555374], [23.614851498753385, 52.02833650235821], [23.615477301112914, 52.027823000560474], [23.616937701253462, 52.02576919971971], [23.616937701253462, 52.023458500226624], [23.617146299045586, 52.02140449894968], [23.61923250154566, 52.0202491011287], [23.62194459623679, 52.01935039782029], [23.624030798736865, 52.01870849847795], [23.62507390447848, 52.017424600291065], [23.62569979666954, 52.01588390036484], [23.625908403444814, 52.01408630029608], [23.625282601085285, 52.01228869987953], [23.62507390447848, 52.01061940046507], [23.625908403444814, 52.00882159993842], [23.628829095928076, 52.007023799070005], [23.629663603877564, 52.00522589832853], [23.62924639931016, 52.00317099903071], [23.626951500203276, 52.00175820138182], [23.62569979666954, 52.00047389973013], [23.624865297703206, 51.99918950039231], [23.625282601085285, 51.99687740022007], [23.624239396528996, 51.995079097423506], [23.621735998444667, 51.99340920029908], [23.62048430389408, 51.99238149949474], [23.620067000511998, 51.99109680159686], [23.618398002579323, 51.98942680020335], [23.615477301112914, 51.988655897407355], [23.614225597579175, 51.98814200093775], [23.61297390302859, 51.98749969812467], [23.61297390302859, 51.98531550090413], [23.61401699978705, 51.98325969865388], [23.61359969640496, 51.98120390163575], [23.61297390302859, 51.97953339852554], [23.614225597579175, 51.97786289951935], [23.616103202287125, 51.97606379985312], [23.615894595511843, 51.9740076006449], [23.61401699978705, 51.97143720233106], [23.610887700528515, 51.9704091024426], [23.60859280142163, 51.96925229930097], [23.60650659892156, 51.968481099064896], [23.604211798629358, 51.96655310129392], [23.603377299663023, 51.96462509806982], [23.6021254973146, 51.96308249739734], [23.600039303797676, 51.96179699779684], [23.597953101297602, 51.961154300596384], [23.595240997623314, 51.960897198101534], [23.593154804106394, 51.95974019925215], [23.591903100572654, 51.95794039958423], [23.59044270043211, 51.95665470269699], [23.586061697639835, 51.95665470269699], [23.581680596032875, 51.95729759726833], [23.580011598100207, 51.95652620239415], [23.580011598100207, 51.95549769953791], [23.580011598100207, 51.9540833976154], [23.57917719794855, 51.952797601193694], [23.5770908966338, 51.95138330268749], [23.57396159737526, 51.95138330268749], [23.573127098408925, 51.950354598807266], [23.572709902824673, 51.94919739985325], [23.572501296049396, 51.94816870119875], [23.571875403858336, 51.94662560066809], [23.568954702391924, 51.94559679872382], [23.566659902099726, 51.94521100229318], [23.56457360078497, 51.94469660189032], [23.56394779842544, 51.94315339851057], [23.563739200633314, 51.941867399438735], [23.562695996077018, 51.93993820155981], [23.56165289931856, 51.93929520208048], [23.55998400020057, 51.938652099236386], [23.559566696818482, 51.93775180179559], [23.557897698885814, 51.936979998666466], [23.55414259726775, 51.936465598023865], [23.551639100368742, 51.93633690140356], [23.549135603469733, 51.936979998666466], [23.54704940096966, 51.93723729923529], [23.54433729729537, 51.93775180179559], [23.54225110377845, 51.93775180179559], [23.540790802452587, 51.93672280185158], [23.539121795536765, 51.9359510973292], [23.536618298637755, 51.935307902239884], [23.53411490055343, 51.93556520132079], [23.53182000144655, 51.934793399346994], [23.531194199087018, 51.933378499818204], [23.530359700120684, 51.93132039758681], [23.528482104395884, 51.92977670080454], [23.526813097480066, 51.928747501339714], [23.52639590189581, 51.92694650197565], [23.52618719630585, 51.92527399840451], [23.52639590189581, 51.923215502315045], [23.525561402929473, 51.92218620224852], [23.522640701463068, 51.92141419785921], [23.519719999996656, 51.9206422023548], [23.518259599856112, 51.91909809949068], [23.51721650309765, 51.91806879920595], [23.51763379749658, 51.916138600171074], [23.519094098822443, 51.91588120078427], [23.520971703530392, 51.915752500537515], [23.523057897047316, 51.916138600171074], [23.526813097480066, 51.91600990066212], [23.528482104395884, 51.91588120078427], [23.530568297912808, 51.9151090990504], [23.530985502480213, 51.914208301531275], [23.533071803794968, 51.91305009803079], [23.537244199811965, 51.912277997487095], [23.540790802452587, 51.910862399164145], [23.540790802452587, 51.910733701156936], [23.54350279832904, 51.90803100214226], [23.545589099643795, 51.90519939889994], [23.547883899935993, 51.9033973992913], [23.55205629595299, 51.90146659728553], [23.55351669609354, 51.899664398042475], [23.553099401694606, 51.89721850194514], [23.553099401694606, 51.894386300226344], [23.555394300801485, 51.892712600235896], [23.558315002267896, 51.89052379982034], [23.55998400020057, 51.888077400580435], [23.560609802560098, 51.88537329947371], [23.55977530359376, 51.88331300171911], [23.55921900388777, 51.88159600277251], [23.55935809902636, 51.880651601276114], [23.560053502854103, 51.87884860039443], [23.560053502854103, 51.87721720140072], [23.559636298286698, 51.87601520206287], [23.558106404475772, 51.87455540125738], [23.558106404475772, 51.87309569726177], [23.557549996971943, 51.87189349900373], [23.55685460212735, 51.870691301886055], [23.55546380345502, 51.87017599736028], [23.553238496833195, 51.86948900052395], [23.552543101988608, 51.8682009017058], [23.55198680228261, 51.86682679836971], [23.552543101988608, 51.86528090065946], [23.551569597715208, 51.86450790137043], [23.550039703904282, 51.86364909816169], [23.547536198022122, 51.86313370185493], [23.545310900383456, 51.86261839949888], [23.543920101711123, 51.8618453988376], [23.543920101711123, 51.86107240153707], [23.54433729729537, 51.85986979866066], [23.54628450347154, 51.85995570191358], [23.547257998761783, 51.86064289984109], [23.54837069698846, 51.86107240153707], [23.550178700228194, 51.86124409787999], [23.551708603022277, 51.86124409787999], [23.553377600954946, 51.860900599131625], [23.55518570300936, 51.85969810262072], [23.55546380345502, 51.85832370069464], [23.55574200271536, 51.85686339772439], [23.556159198299607, 51.85583259907712], [23.558523600060028, 51.855317201995035], [23.561027096959027, 51.854887700841886], [23.56172250078677, 51.85385680144809], [23.56227880049277, 51.852396397895326], [23.561861595925365, 51.85102180067088], [23.56074889769869, 51.84956129956661], [23.5594972031481, 51.84827260234794], [23.55921900388777, 51.84732750097314], [23.56033170211444, 51.846296400640426], [23.56130519740469, 51.84517950077946], [23.56158339666503, 51.84397650086368], [23.561027096959027, 51.843031298182886], [23.560053502854103, 51.84225799985122], [23.558106404475772, 51.842086097856246], [23.55643739755995, 51.841742397349236], [23.55546380345502, 51.841226800042435], [23.555324699333273, 51.84036750247794], [23.556715596820286, 51.83968010035077], [23.557689101093686, 51.83942230172708], [23.5594972031481, 51.83873480191138], [23.560470698438355, 51.83830509809452], [23.56172250078677, 51.837875401277905], [23.56353050402651, 51.83778950027669], [23.56547770121952, 51.838391098021546], [23.567981099303847, 51.838648902549735], [23.57034550106426, 51.83873480191138], [23.572709902824673, 51.83821919791309], [23.5742397966356, 51.83761759787143], [23.574935200463344, 51.83667230053485], [23.575074295601933, 51.8353832009937], [23.574796096341597, 51.83452379744997], [23.574935200463344, 51.83314869879061], [23.57646510325742, 51.832890801707165], [23.578412201635746, 51.83323459754296], [23.580359300014074, 51.83323459754296], [23.581611102362498, 51.832890801707165], [23.582167402068496, 51.83177350262807], [23.582862796913084, 51.83022640046796], [23.582584597652744, 51.829023100906824], [23.581889202808156, 51.82747589871407], [23.581611102362498, 51.82644439920853], [23.58230649720709, 51.8253269013371], [23.58341909661908, 51.82386559984756], [23.585505299119156, 51.82369369981169], [23.587313401173574, 51.82403749922748], [23.58884330396765, 51.8243814015123], [23.59134680086666, 51.82481119933363], [23.593572098505327, 51.824983100657434], [23.5962146007114, 51.82481119933363], [23.597883598644067, 51.8243814015123], [23.59913530217781, 51.823349797829266], [23.59941350143815, 51.822146297897255], [23.598996198056064, 51.82077079909846], [23.59732720012339, 51.81973910162901], [23.59538010174506, 51.8191372991243], [23.59454560277873, 51.81810569752219], [23.59426750233307, 51.81681599987462], [23.59398930307273, 51.81612819934678], [23.592459400278656, 51.815440399427104], [23.59134680086666, 51.81518240094498], [23.589816898072584, 51.81466659947352], [23.587035201913235, 51.81466659947352], [23.584809904274568, 51.81458059866685], [23.583140996173423, 51.8139786994953], [23.582028297946753, 51.81346280094212], [23.580915698534756, 51.812689000352464], [23.57952489986242, 51.81234499770597], [23.57813400237541, 51.81243099722534], [23.575908803551425, 51.812774899249085], [23.5742397966356, 51.812689000352464], [23.572153603118675, 51.81225899802251], [23.571040895908848, 51.811485099009374], [23.570901800770255, 51.81036730225925], [23.570762696648508, 51.80873349732388], [23.570901800770255, 51.807185598257945], [23.5706237003246, 51.806067600448735], [23.569928296496855, 51.8049497026675], [23.56881559827018, 51.8040036974315], [23.567146600337512, 51.803315601366656], [23.56589489680377, 51.80271360173936], [23.565338597097778, 51.80185360261146], [23.56547770121952, 51.800907499073645], [23.56617309606411, 51.79978940111153], [23.567146600337512, 51.79849920148818], [23.567285704459255, 51.797897198658404], [23.567146600337512, 51.797037002099884], [23.56617309606411, 51.795832799353356], [23.565060397837435, 51.79497260230418], [23.5636695991651, 51.79437050238784], [23.56172250078677, 51.79411239995839], [23.559636298286698, 51.793768299980094], [23.558523600060028, 51.793252197872576], [23.557549996971943, 51.79256399883194], [23.556993697265945, 51.79178980055763], [23.55713280138769, 51.79075750070126], [23.558245400799684, 51.78972519944322], [23.55907989976602, 51.78860680196465], [23.55894090344211, 51.78774650042344], [23.55866270418177, 51.78680010087592], [23.557967300354026, 51.78585369814313], [23.556715596820286, 51.78482130132282], [23.555324699333273, 51.7841330014209], [23.55379490433703, 51.78370279892409], [23.551708603022277, 51.78335859729466], [23.549761495660793, 51.78310049853326], [23.548509801110207, 51.782240097532494], [23.54767530214387, 51.780949401352224], [23.548231601849864, 51.779916897854086], [23.548648797434115, 51.77819590243567], [23.548648797434115, 51.77643179900073], [23.548231601849864, 51.77445250018907], [23.547257998761783, 51.77290350195857], [23.545867200089454, 51.77230100181403], [23.544754600677457, 51.77101009913838], [23.54433729729537, 51.769805201463384], [23.544893695816054, 51.76851419960729], [23.546145399349793, 51.76713699723551], [23.546979898316124, 51.76593200172788], [23.547119002437874, 51.7643826999407], [23.545867200089454, 51.763091498517156], [23.544059196849716, 51.7621445984506], [23.54225110377845, 51.761456002652054], [23.54030399641697, 51.76085339973721], [23.538356799223962, 51.76050900156232], [23.53668790010597, 51.75938990203137], [23.53668790010597, 51.75801249913697], [23.536827004227714, 51.75680729899867], [23.53668790010597, 51.755429800641494], [23.53515799731189, 51.75379399943739], [23.533628103500966, 51.75310519843111], [23.53251539629114, 51.75198589872014], [23.53265450041288, 51.75078049881017], [23.533349904240623, 51.74957499999253], [23.534045299085218, 51.748283397344636], [23.53418440320696, 51.74707789862293], [23.533071803794968, 51.745872300987095], [23.53209820070689, 51.74492510099868], [23.530011998206813, 51.7439777977179], [23.528621199534477, 51.74320279904513], [23.527786700568143, 51.742083198313935], [23.527647596446396, 51.74113590219322], [23.528482104395884, 51.73958569948809], [23.529316603362222, 51.73794930218512], [23.52945569850082, 51.736571300975356], [23.528482104395884, 51.73553769877928], [23.526813097480066, 51.734504100759295], [23.524587799841395, 51.73347050135365], [23.5234752004294, 51.73260909853182], [23.523197001169063, 51.73183389928968], [23.523892396013654, 51.730541800531434], [23.524865999101735, 51.729852600436466], [23.5270912967404, 51.72899120099294], [23.527647596446396, 51.72787129819518], [23.5270912967404, 51.72657909728823], [23.526117702635474, 51.72520069929519], [23.526256797774067, 51.72364989984297], [23.527508501307803, 51.72296070039717], [23.530290098652472, 51.723046898202675], [23.53209820070689, 51.723046898202675], [23.53418440320696, 51.72227150157494], [23.53613150158529, 51.72175449817822], [23.538217802900046, 51.722099097278125], [23.539886702018038, 51.72313300124355], [23.54127750069037, 51.724252999167966], [23.542668398177383, 51.72502840076433], [23.54433729729537, 51.72545920150463], [23.546979898316124, 51.72545920150463], [23.549205195954794, 51.72502840076433], [23.551291398454868, 51.72451150123175], [23.552960396387544, 51.72373610189915], [23.553655800215285, 51.72252989810764], [23.55351669609354, 51.72106519749465], [23.552821301248947, 51.7194282019064], [23.551708603022277, 51.71839420209198], [23.550456899488537, 51.71727409799167], [23.55059600361028, 51.71615389935947], [23.551291398454868, 51.7150337008074], [23.552125897421206, 51.714085798699], [23.55240399786686, 51.713223998633765], [23.552125897421206, 51.711759102329005], [23.550456899488537, 51.7108110981907], [23.549900599782536, 51.71012169748167], [23.54934430007654, 51.709259899812416], [23.54934430007654, 51.708484199960125], [23.549761495660793, 51.70805329871221], [23.551013199194532, 51.70736380030465], [23.55240399786686, 51.70641579868188], [23.552682197127204, 51.70520909945143], [23.552543101988608, 51.70426100257211], [23.553377600954946, 51.70331290252568], [23.555324699333273, 51.70288190191456], [23.556993697265945, 51.702450997408526], [23.55866270418177, 51.70150279819124], [23.55921900388777, 51.700468399664715], [23.55921900388777, 51.69917539887488], [23.55866270418177, 51.69796860117938], [23.55741100064803, 51.69684800234157], [23.556159198299607, 51.695813497405325], [23.556020103161018, 51.694606598917375], [23.556715596820286, 51.693571998197655], [23.557967300354026, 51.6927961017429], [23.559914398732356, 51.692365000955064], [23.56172250078677, 51.692106398651674], [23.56325240358085, 51.69141670175653], [23.56547770121952, 51.69029590170066], [23.56659030063151, 51.68865769770255], [23.567007604013597, 51.686760801573264], [23.566729395770107, 51.68529489794008], [23.56547770121952, 51.68357030133965], [23.56408690254719, 51.68253559873419], [23.56325240358085, 51.681586998924146], [23.563113299459108, 51.68055220086529], [23.564365002992844, 51.67943109838732], [23.565338597097778, 51.67831000157411], [23.56547770121952, 51.67718879902039], [23.56519950195918, 51.675636397732475], [23.564782297391776, 51.6747738986305], [23.564504098131437, 51.67382519749631], [23.56617309606411, 51.67279019977926], [23.568120203425593, 51.67158269854863], [23.568676503131588, 51.67037509827274], [23.56881559827018, 51.66890869755358], [23.568120203425593, 51.66752859754861], [23.567146600337512, 51.66623459999526], [23.56686849989185, 51.66519940097144], [23.567702998858188, 51.664336797842736], [23.569511002097922, 51.66364659987501], [23.570762696648508, 51.66278390031649], [23.570901800770255, 51.66192120104864], [23.570901800770255, 51.66079969864962], [23.570206396942513, 51.65985059894973], [23.56937189797618, 51.65881529864074], [23.567702998858188, 51.65786630226933], [23.567285704459255, 51.657003498228654], [23.567146600337512, 51.65622690258854], [23.567981099303847, 51.65527780185573], [23.569511002097922, 51.65484639954074], [23.57145819929093, 51.65432859764938], [23.573822502236666, 51.65389719744588], [23.574796096341597, 51.653120598737395], [23.57549150016934, 51.651826301153335], [23.575630604291085, 51.65053189972673], [23.574935200463344, 51.64958260170225], [23.573544401791008, 51.648806001529344], [23.572153603118675, 51.648029298868764], [23.57145819929093, 51.64733890267363], [23.57145819929093, 51.6464758982185], [23.572431703564334, 51.64544029794382], [23.573822502236666, 51.6449223997462], [23.57549150016934, 51.64474980100333], [23.57743859854767, 51.64371420032237], [23.578690400896086, 51.642764798551546], [23.57910759648034, 51.641383801857195], [23.57910759648034, 51.64000280212727], [23.57882949603468, 51.63836280091332], [23.578690400896086, 51.636809102511045], [23.580220303690165, 51.635341598709786], [23.58230649720709, 51.634564698834595], [23.584670898967506, 51.63387409760537], [23.586061697639835, 51.63283819834885], [23.586339798085493, 51.63154329937256], [23.58661799734583, 51.63024830209251], [23.587730596757822, 51.62886700228812], [23.589677802933988, 51.627658302574766], [23.59273759953899, 51.62636319996309], [23.59538010174506, 51.62593150017125], [23.598300803211472, 51.62601779919089], [23.600943404232225, 51.62610419842622], [23.603585897455147, 51.62584510060705], [23.605950299215557, 51.62515440007992], [23.60734109788789, 51.62429100126906], [23.608314700975974, 51.623254799506846], [23.60914910112763, 51.62221870235467], [23.60956639552656, 51.62109620082301], [23.60928819626622, 51.61988719926246], [23.608453697299886, 51.61850560072059], [23.60734109788789, 51.61721019779949], [23.60650659892156, 51.61643299853915], [23.60622839966122, 51.61513759781619], [23.60650659892156, 51.61410129858921], [23.60734109788789, 51.612892199926144], [23.60887100068197, 51.611510299176565], [23.61053999861464, 51.61107850269836], [23.612348001854375, 51.609869301200256], [23.614156103908794, 51.60840099837791], [23.614156103908794, 51.60710530147022], [23.614573299493042, 51.605636898092456], [23.614990504060447, 51.60442760186204], [23.615129599199044, 51.602959100722046], [23.614851498753385, 51.60140410040838], [23.614156103908794, 51.59993550148422], [23.612904301560373, 51.598812398583625], [23.612765197438627, 51.59777569875894], [23.61373880052671, 51.59639339923367], [23.614712403614796, 51.59509739871686], [23.614712403614796, 51.593887799469535], [23.614156103908794, 51.592332600142385], [23.613043396698966, 51.59095010146966], [23.612069802594036, 51.59008600168946], [23.610679003921703, 51.58896269986604], [23.60984449597222, 51.58775289818187], [23.609427300387967, 51.58645670135919], [23.60956639552656, 51.58498760233065], [23.609705499648303, 51.58317280150847], [23.60956639552656, 51.581703601881614], [23.6102617993543, 51.579542898675456], [23.61012270421571, 51.57790070066526], [23.609983600093962, 51.576604200445495], [23.608731896560226, 51.574961901829894], [23.60734109788789, 51.57357890246329], [23.605115800249223, 51.572541598803056], [23.603168701870892, 51.5721093982429], [23.600386996728393, 51.57202300230418], [23.59913530217781, 51.57219579960071], [23.597049099677736, 51.57245519810252], [23.595519196883657, 51.57245519810252], [23.594128398211325, 51.571504299388316], [23.59398930307273, 51.57063980184856], [23.59468469791732, 51.56899729889385], [23.595101902484725, 51.56778699911212], [23.595797396143997, 51.5665767006143], [23.59663179629565, 51.56510699795593], [23.597049099677736, 51.56372369875634], [23.59746630424514, 51.56234030162858], [23.59746630424514, 51.56087040060287], [23.59635369584999, 51.55940050232814], [23.59468469791732, 51.55801700160345], [23.593433003366734, 51.55697939870678], [23.592459400278656, 51.55576870082095], [23.592181201018313, 51.55447159726977], [23.593572098505327, 51.55343390231875], [23.595797396143997, 51.55300149776578], [23.597744503505478, 51.552482600173676], [23.59941350143815, 51.55170429854513], [23.601221495694734, 51.55127189989436], [23.60372500157689, 51.55196370224822], [23.60622839966122, 51.55282849904547], [23.60887100068197, 51.55282849904547], [23.610957203182046, 51.55222319942956], [23.612626201114715, 51.55127189989436], [23.61373880052671, 51.550234098433705], [23.61568599771972, 51.54980160201809], [23.61763309609805, 51.54945570247454], [23.620136503165526, 51.549715202790324], [23.62277910418628, 51.54980160201809], [23.625282601085285, 51.54945570247454], [23.627925103291357, 51.54824489929198], [23.629454997102282, 51.54729349980512], [23.631680303724107, 51.54616910106946], [23.63390560136277, 51.545477199424], [23.63613089900144, 51.545217697281544], [23.637938902241178, 51.54565019816792], [23.640025203555933, 51.546601598498846], [23.641694102673924, 51.54737999859953], [23.643780296190847, 51.54807189924111], [23.64544930310667, 51.548417898685024], [23.646979196917595, 51.54850430037652], [23.649204503539416, 51.54798540176211], [23.65059530221175, 51.547207000846264], [23.651846996762337, 51.54599609871199], [23.65254249940476, 51.54504470247984], [23.653098799110754, 51.5440932025535], [23.653376899556413, 51.54288230135321], [23.652959703972165, 51.54167130088539], [23.65268149572867, 51.54054680232402], [23.65226430014442, 51.53924919768089], [23.65226430014442, 51.53795160073948], [23.652959703972165, 51.53674050258536], [23.654767698228742, 51.53630790025135], [23.656714904404907, 51.53544280059197], [23.657549403371245, 51.53423160215317], [23.657688498509835, 51.532760798305006], [23.657966598955497, 51.531116999774085], [23.657549403371245, 51.529646100879575], [23.656297601022825, 51.528521299609324], [23.655185001610832, 51.52782900109241], [23.65448959778309, 51.52696380176602], [23.654628701904834, 51.52601190143787], [23.65504589748908, 51.52488699920446], [23.655185001610832, 51.52367559815185], [23.654906802350492, 51.52211790101156], [23.654350502644494, 51.52133900171756], [23.652820599850415, 51.52021400081197], [23.65198610088408, 51.51926209912054], [23.65226430014442, 51.51822350050543], [23.65393329807709, 51.51718500118675], [23.656019500577166, 51.516752201831586], [23.657410299249502, 51.51588670258751], [23.65852289866149, 51.51476160053962], [23.659218302489236, 51.51329020121736], [23.659218302489236, 51.51207840222005], [23.65907929718217, 51.51052029722112], [23.658244798215833, 51.509048800037995], [23.658244798215833, 51.50809659790221], [23.65935739762783, 51.507404100681484], [23.660748196300162, 51.50705780059831], [23.662278099094237, 51.507230900647585], [23.66366889776657, 51.50766380165178], [23.665337895699242, 51.50870250127326], [23.667145997753657, 51.50930849722469], [23.66881489687165, 51.50991440125191], [23.670901198186407, 51.51026060135101], [23.672848296564737, 51.51000099904611], [23.675073603186558, 51.50965470192801], [23.677159796703478, 51.5091352988391], [23.678550604358964, 51.50801000207935], [23.67952419846389, 51.50653840145191], [23.68008049816989, 51.50523990004833], [23.680497801551972, 51.50437409819206], [23.68161040096397, 51.50359500168944], [23.683279398896637, 51.50298900243882], [23.68508740213637, 51.502296399631355], [23.68592190110271, 51.50169029923255], [23.6866172959473, 51.50056480182263], [23.68689550419079, 51.49926610223005], [23.68689550419079, 51.497967399184276], [23.68647820080871, 51.496668597614374], [23.68564380065705, 51.49562960129762], [23.68467019756897, 51.49485029936848], [23.68258400405205, 51.4941575001647], [23.681193196396563, 51.49372459948342], [23.680358697430226, 51.49259889976452], [23.679663302585638, 51.49164629793896], [23.679663302585638, 51.490693799260136], [23.67910690406496, 51.489481399259226], [23.678272503913306, 51.48844219996669], [23.67674260111923, 51.48757610135425], [23.67479540392622, 51.486969900289566], [23.672291996858736, 51.48671009816518], [23.670622998926067, 51.4866235008573], [23.667563202321062, 51.487056502533314], [23.66519880056065, 51.48783589854427], [23.662834497614917, 51.48861539869689], [23.66158270424965, 51.48922160025831], [23.659635596888165, 51.48922160025831], [23.658383902337576, 51.48904839823744], [23.657549403371245, 51.48844219996669], [23.656714904404907, 51.48740289867605], [23.656158595715763, 51.486277098793416], [23.65560219719508, 51.48523779849664], [23.65448959778309, 51.48428509880124], [23.6537942029385, 51.483851998083736], [23.652820599850415, 51.48324579785556], [23.65045619809, 51.48211980023026], [23.64906539941767, 51.48125359830752], [23.648091904127423, 51.48012760184396], [23.64767460074534, 51.47882829757413], [23.648091904127423, 51.47752900104859], [23.649482702799755, 51.476229701080634], [23.651151601917746, 51.47562329881935], [23.65393329807709, 51.475536602125054], [23.656714904404907, 51.475536602125054], [23.65907929718217, 51.4752768020027], [23.661026395560498, 51.47449710180335], [23.662417203215984, 51.473544200103525], [23.66366889776657, 51.472591200161446], [23.664781595993244, 51.47215810029983], [23.66645060290907, 51.47198479989075], [23.668119502027057, 51.47224470269533], [23.670344799665727, 51.47250459842372], [23.6720137975984, 51.47285109951133], [23.67451730348056, 51.47285109951133], [23.67674260111923, 51.47250459842372], [23.679245999203548, 51.47146500103086], [23.680914997136227, 51.4701655003534], [23.682305795808556, 51.46860600143634], [23.683418503018384, 51.46721970122801], [23.684809301690713, 51.466093397480975], [23.6866172959473, 51.465486899650045], [23.688703498447374, 51.464880298618226], [23.68995530079579, 51.46384060024745], [23.691067900207788, 51.462454200028645], [23.69134609946813, 51.460894398364964], [23.691067900207788, 51.459161300618184], [23.690233401241453, 51.45734150094366], [23.6893990010898, 51.456041497256386], [23.688703498447374, 51.45500150235441], [23.688147198741376, 51.453701499197514], [23.688564502123462, 51.45248819967744], [23.6893990010898, 51.45170809882296], [23.691067900207788, 51.45049470153803], [23.69245869888012, 51.449021199207394], [23.69245869888012, 51.44798110035298], [23.692876002262206, 51.44659420157258], [23.693432301968205, 51.4449471982584], [23.694266800934535, 51.443733598895335], [23.69593579886721, 51.44312679831749], [23.697465701661287, 51.44286680244909], [23.699969099745612, 51.44260669871602], [23.70275069709028, 51.4422599007662], [23.704280599884356, 51.44147969793807], [23.70594959781703, 51.43965919897008], [23.70664500164477, 51.43818530216646], [23.706784096783363, 51.43645139820929], [23.70636680238443, 51.43471729962981], [23.70636680238443, 51.43376360079532], [23.706505897523023, 51.43246299851078], [23.70734039648936, 51.43150920220939], [23.70831399957744, 51.4300350984292], [23.708592100023097, 51.42882109720435], [23.70831399957744, 51.42726020229172], [23.707757699871447, 51.42587260140711], [23.70664500164477, 51.42431160017075], [23.705254202972437, 51.423444401522666], [23.703446100918022, 51.422923999373495], [23.700942702833697, 51.4223170007529], [23.69982999562387, 51.42179660257103], [23.69885650033362, 51.42084260040614], [23.6970483982792, 51.420148699391135], [23.69565759960687, 51.41988849990013], [23.69468399651879, 51.419541602287964], [23.691902399174122, 51.419541602287964], [23.690094395934388, 51.419628298927826], [23.688286302863123, 51.42032220224162], [23.68647820080871, 51.420235400481374], [23.684809301690713, 51.41988849990013], [23.683418503018384, 51.41893450272302], [23.682444899930303, 51.417980401600886], [23.681332201703626, 51.416766102513236], [23.679941403031293, 51.41607210039248], [23.67757710008556, 51.41546499956519], [23.675212698325147, 51.41503130155801], [23.67298740068648, 51.414771000101304], [23.670901198186407, 51.414163797954394], [23.66937130437548, 51.412862699377115], [23.66881489687165, 51.41164820270707], [23.669093096131988, 51.41078070214215], [23.67006669922007, 51.4099132019267], [23.67076210304781, 51.408785501003486], [23.670901198186407, 51.40774440179104], [23.670344799665727, 51.40635629800967], [23.669510300699393, 51.40531519952536], [23.669649395837983, 51.40427409975414], [23.670483903787474, 51.40366670215335], [23.671596602014148, 51.40271229917933], [23.6720137975984, 51.4015843982459], [23.6720137975984, 51.40019610187056], [23.6714574978924, 51.39898130236942], [23.670344799665727, 51.39785319733151], [23.669093096131988, 51.3968118996644], [23.667841401581402, 51.39611770112868], [23.665755199081328, 51.39577060071269], [23.66366889776657, 51.39559709996158], [23.66158270424965, 51.39568380277744], [23.659635596888165, 51.39577060071269], [23.657688498509835, 51.39568380277744], [23.65643669616142, 51.39542349766301], [23.655324096749425, 51.394729300477714], [23.654072303384158, 51.3939483027402], [23.653237903232505, 51.39308039911086], [23.651846996762337, 51.391952198993046], [23.65045619809, 51.39125799958161], [23.64878729897201, 51.39073719736664], [23.64670099765726, 51.390563699948096], [23.644614804140332, 51.390129698467945], [23.64350219574519, 51.38952220271457], [23.642667696778854, 51.388741099267754], [23.641416002228265, 51.387439198791164], [23.640720598400527, 51.3861373005157], [23.64085960370759, 51.384574897447024], [23.64085960370759, 51.383272900862096], [23.64099869884618, 51.381449998559916], [23.64099869884618, 51.38014790185971], [23.640442399140188, 51.37910620119273], [23.639886099434186, 51.3780644992465], [23.638356196640107, 51.37736999942132], [23.63682630282918, 51.37658869975574], [23.634740100329108, 51.37641509822609], [23.6322366034301, 51.376328201890175], [23.630011296808284, 51.376675500273684], [23.628203302551697, 51.37745679845779], [23.626951500203276, 51.37867219757452], [23.626117001236942, 51.37945350092769], [23.624308997997204, 51.379974302614336], [23.622222804480284, 51.379887502744744], [23.620971002131864, 51.37971390251174], [23.619441099337784, 51.37893259799646], [23.617494000959454, 51.37893259799646], [23.614990504060447, 51.3790193996769], [23.612904301560373, 51.37927989904862], [23.61179170214838, 51.37919300254396], [23.6108180990603, 51.37849859833925], [23.61053999861464, 51.37754359732966], [23.611235402442382, 51.37658869975574], [23.61193079728697, 51.37589419996924], [23.613182500820713, 51.374939200698975], [23.61373880052671, 51.37381049720063], [23.613460700081053, 51.372508199998705], [23.612348001854375, 51.37129269890841], [23.61109629832064, 51.37059810195358], [23.608731896560226, 51.37007719919699], [23.60622839966122, 51.36972980028305], [23.602612303350217, 51.37025080232869], [23.600386996728393, 51.37059810195358], [23.59732720012339, 51.37224780228512], [23.596075496589652, 51.37346330044991], [23.594406498656983, 51.37424459738185], [23.5925985044004, 51.37415779786215], [23.592181201018313, 51.37328959734512], [23.591485797190572, 51.372334599818274], [23.590094998518236, 51.37164000184614], [23.588982399106246, 51.37103219894641], [23.58856509572416, 51.36990350006948], [23.58856509572416, 51.368948398263214], [23.588982399106246, 51.36825379939439], [23.590651397038915, 51.36721180001301], [23.592320296156906, 51.366517101890885], [23.59426750233307, 51.36573560017721], [23.59538010174506, 51.36495410195281], [23.59593640145106, 51.363998902518865], [23.5962146007114, 51.36217519897431], [23.5962146007114, 51.36113310054091], [23.59718820379948, 51.360525197436175], [23.59955249776206, 51.35983049884724], [23.601638799076817, 51.359743599080076], [23.60372500157689, 51.35878830219063], [23.60400310202255, 51.357746098649805], [23.60469849686714, 51.35670389944515], [23.60455950054323, 51.35531420191268], [23.60442039642148, 51.353924602473796], [23.60400310202255, 51.35244800239603], [23.60372500157689, 51.35131880056934], [23.60372500157689, 51.35036329993194], [23.60428130128289, 51.348799698212346], [23.605950299215557, 51.34784410015627], [23.608036501715635, 51.347149198029285], [23.609705499648303, 51.3462805022474], [23.6108180990603, 51.34515109792309], [23.611235402442382, 51.34350049999239], [23.61151350288804, 51.341849797721494], [23.611374398766298, 51.34037279728313], [23.611235402442382, 51.33933019724798], [23.611374398766298, 51.338026902631086], [23.612069802594036, 51.33698429974623], [23.61401699978705, 51.33594160018917], [23.616103202287125, 51.33515949822166], [23.61791130434154, 51.33455130096244], [23.620414702425865, 51.33411680205909], [23.622361800804196, 51.33402989841679], [23.62472620256461, 51.333856101863], [23.62653429563587, 51.333856101863], [23.628898697396288, 51.33368229903786], [23.630567596514275, 51.33316099886103], [23.6318193988627, 51.33246580113031], [23.6327929031361, 51.33159679896568], [23.633766497241027, 51.330553999324025], [23.635574599295445, 51.32985880135513], [23.63766080179552, 51.32951119841809], [23.639747004295593, 51.329424297272105], [23.642667696778854, 51.32925050009912], [23.64475389927893, 51.328902802740956], [23.646840101779002, 51.328120698573926], [23.648091904127423, 51.32681710210977], [23.64962169912367, 51.325078900876015], [23.651151601917746, 51.323514397193726], [23.653098799110754, 51.32299289720531], [23.65588039645542, 51.32264529836122], [23.658244798215833, 51.32273220112614], [23.660748196300162, 51.3222976014461], [23.662417203215984, 51.320993800153886], [23.663529901442658, 51.31977689823561], [23.664781595993244, 51.31855999771919], [23.666311498787323, 51.31803849754297], [23.669093096131988, 51.31786460107431], [23.67173559833806, 51.31786460107431], [23.674100000098477, 51.3186469026101], [23.676186202598547, 51.31882080172753], [23.67813339979156, 51.31795150166818], [23.679245999203548, 51.31656070184635], [23.68008049816989, 51.31525679924578], [23.68188860022431, 51.31351809811153], [23.683140303758044, 51.312127197572394], [23.683001199636298, 51.3103884002957], [23.683001199636298, 51.30821489948421], [23.683696603464043, 51.30682369778653], [23.685782796980966, 51.30543259992876], [23.688703498447374, 51.30343269827283], [23.689537997413712, 51.30134580005291], [23.689537997413712, 51.29951960272509], [23.689537997413712, 51.297780400731256], [23.690094395934388, 51.296389000679994], [23.692041503295872, 51.29551929806053], [23.695518504468275, 51.295345400497325], [23.698717396211872, 51.2951714011651], [23.70080359871195, 51.294562600532416], [23.70149900253969, 51.29377989956862], [23.701638097678284, 51.29282319949976], [23.701220803279355, 51.29204040147161], [23.701220803279355, 51.29082279898178], [23.700942702833697, 51.2893440986186], [23.70052539945161, 51.28821339840087], [23.699551904161364, 51.287256599200894], [23.697743802106945, 51.286386701113685], [23.696353003434613, 51.28534290166677], [23.696074804174277, 51.28395110220164], [23.6970483982792, 51.282994197342326], [23.69885650033362, 51.28229830100728], [23.699969099745612, 51.28134129990508], [23.70010820386736, 51.27994940165305], [23.699690999299953, 51.27855739941163], [23.69927369591787, 51.27716539994417], [23.698717396211872, 51.276208297520384], [23.697882897245538, 51.27533830256341], [23.697187502400947, 51.27455520085202], [23.695796703728618, 51.27377219818995], [23.694545000194875, 51.27325009908309], [23.694405896073132, 51.27229299939244], [23.694823100640534, 51.27150990197647], [23.695796703728618, 51.270813702391784], [23.697465701661287, 51.26976959962007], [23.69816109650588, 51.26855129985514], [23.698022001367285, 51.26733300151471], [23.697465701661287, 51.266288802793525], [23.697604697985202, 51.26541850196722], [23.698717396211872, 51.26463529863679], [23.700942702833697, 51.26463529863679], [23.702611700766365, 51.26515740007424], [23.704697903266442, 51.26576660179205], [23.70581050267844, 51.266114698980346], [23.7076185957497, 51.26585360104258], [23.70956570311118, 51.26533150189305], [23.710400202077516, 51.264722300028836], [23.710817397661764, 51.26367800264222], [23.710956501783517, 51.26237250198045], [23.710956501783517, 51.26141519820568], [23.711373796182446, 51.26045780141399], [23.711095596922107, 51.25941340151307], [23.71123470104385, 51.25845600238018], [23.712347300455846, 51.25723740269196], [23.71373809912818, 51.256454099308314], [23.71415540251026, 51.255148399094885], [23.71415540251026, 51.25410390105674], [23.71359910280427, 51.25323339761917], [23.712347300455846, 51.252362900190434], [23.71123470104385, 51.25157950251122], [23.708592100023097, 51.251231300864426], [23.707062296043706, 51.25105720186356], [23.70594959781703, 51.25018660138507], [23.70581050267844, 51.249054897895135], [23.706784096783363, 51.248184298868495], [23.707062296043706, 51.24731380144512], [23.7076185957497, 51.24592079922283], [23.707479500611104, 51.24487600159098], [23.707479500611104, 51.24365709819533], [23.70831399957744, 51.242786498209256], [23.70984390237152, 51.241828702217475], [23.71220830413193, 51.241654601361745], [23.714850797354856, 51.24208989725538], [23.716797895733183, 51.242786498209256], [23.71832779852726, 51.24313470194058], [23.71971859719959, 51.243395900809595], [23.720970399548012, 51.243221800262106], [23.723334702493744, 51.24304769905562], [23.725421003808503, 51.24208989725538], [23.72639449909875, 51.241045102580834], [23.726533603220496, 51.23982609766287], [23.726533603220496, 51.2382586987031], [23.72667269835909, 51.23712670168734], [23.727228998065087, 51.23643009938818], [23.72945429570375, 51.23599469931547], [23.73154049820383, 51.23599469931547], [23.733765795842498, 51.23538509741901], [23.734878503052325, 51.234165897518125], [23.735156603497984, 51.232859699403896], [23.735295698636573, 51.231117899859804], [23.734878503052325, 51.22972440150198], [23.73473939893058, 51.228156697755196], [23.734600303791986, 51.22702449718898], [23.735156603497984, 51.22589220126024], [23.73613019760291, 51.22502119755282], [23.737938299657326, 51.22493409852583], [23.739468202451405, 51.224759899977364], [23.741693500090072, 51.22432440072175], [23.743362399208063, 51.22371470046715], [23.74405780303581, 51.22266939845658], [23.744336002296144, 51.22110149939098], [23.7441968981744, 51.21953350190763], [23.744614201556484, 51.21805260261518], [23.74586589610707, 51.217268502356504], [23.747534903022895, 51.216310197604585], [23.749203802140887, 51.21604890122041], [23.751150999333895, 51.215787502068224], [23.752959002573633, 51.21587460152223], [23.755323404334042, 51.21604890122041], [23.756992402266718, 51.21604890122041], [23.75810500167871, 51.216136000179915], [23.76019120417878, 51.2156133026659], [23.76172109798971, 51.21482920025182], [23.76297290033813, 51.21413219848883], [23.763668304165872, 51.21334809898756], [23.76450280313221, 51.21238980267203], [23.76450280313221, 51.21143140200033], [23.764780903577865, 51.21003730193564], [23.76450280313221, 51.208643199060404], [23.76380739930447, 51.2077719027275], [23.76380739930447, 51.20690049986174], [23.765198197976797, 51.20585490046833], [23.767423495615468, 51.205767798945054], [23.769231498855202, 51.20594200182689], [23.77145679649387, 51.205680601577946], [23.773125803409698, 51.204896397557874], [23.774516602082027, 51.20385070201072], [23.77493379766628, 51.20245640059903], [23.77493379766628, 51.201236401493034], [23.776324704136446, 51.20019060033874], [23.777715502808775, 51.20019060033874], [23.779106301481107, 51.20080060089307], [23.780218900893104, 51.20210779895127], [23.781609699565436, 51.20280499960863], [23.78327869749811, 51.20350209965811], [23.785643099258518, 51.20393780153105], [23.787312097191194, 51.204025002197646], [23.789676400136926, 51.20393780153105], [23.79204080189734, 51.20350209965811], [23.793570695708265, 51.2026307004336], [23.79496150336375, 51.20149779882083], [23.795796002330086, 51.20019060033874], [23.796769596435013, 51.19905770063264], [23.797743100708413, 51.19766319784673], [23.799968398347083, 51.19705320078198], [23.802054699661838, 51.19696599817566], [23.804697201867913, 51.19670450195197], [23.806088000540242, 51.19609440212415], [23.807756998472914, 51.19496140168554], [23.808174203040313, 51.19382830020033], [23.80831329817891, 51.19260810073967], [23.80789610259466, 51.19138780140749], [23.807339704073982, 51.19008029916112], [23.80692249950658, 51.188772697883756], [23.807061603628323, 51.18798820038531], [23.80761790333432, 51.18720370079367], [23.809565001712652, 51.1862447028045], [23.81123399964532, 51.18537299966388], [23.81179029935132, 51.18389100173352], [23.811929403473062, 51.18249610184352], [23.811512198905664, 51.18118830227366], [23.810816804061066, 51.17953180012303], [23.809147797145247, 51.17804959749155], [23.80803519773325, 51.176654498308785], [23.806505303922325, 51.175695399098906], [23.80441900260757, 51.174561801356504], [23.80316729907383, 51.173951498470544], [23.802471904229243, 51.17281789727846], [23.80191559554009, 51.17124819936118], [23.80219369598575, 51.169329699746285], [23.80302820393524, 51.168196001831205], [23.803584602455917, 51.166887897985575], [23.80400179804017, 51.16514360229229], [23.803862702901572, 51.16357369948333], [23.802688299398028, 51.16226540257043], [23.80052479686776, 51.16095710235298], [23.798994903056833, 51.15991039828057], [23.797186801002418, 51.15929990148764], [23.795239702624087, 51.15877650263325], [23.793014396002267, 51.15834040187088], [23.790928202485347, 51.15816590069141], [23.789398299691268, 51.15755530193635], [23.78759019763685, 51.156770301324926], [23.78689480279226, 51.155810698390134], [23.786477598224856, 51.15450219821309], [23.78633850308626, 51.15310639787079], [23.785225795876432, 51.15205960020064], [23.783834997204103, 51.151536102303844], [23.783139602359515, 51.15048920139257], [23.783000498237765, 51.14961679963438], [23.783834997204103, 51.1486570986427], [23.786199398964516, 51.14787190156035], [23.78898099630918, 51.147784600262916], [23.791901697775593, 51.14743560192787], [23.79315350012401, 51.147173897936185], [23.794683402918093, 51.14647590066197], [23.79510059850234, 51.14560340049605], [23.79537879776268, 51.14464359914073], [23.795517901884427, 51.1437710981528], [23.795239702624087, 51.142462200211995], [23.794266099536006, 51.14150240117131], [23.793014396002267, 51.14071699782798], [23.791484502191338, 51.13984440007545], [23.790789098363597, 51.13879730158271], [23.790789098363597, 51.13748830206728], [23.791623597329934, 51.13644109940716], [23.792597101603334, 51.13556839828817], [23.793848903951755, 51.13452110135089], [23.794266099536006, 51.133473797570225], [23.79565689820834, 51.1327755987645], [23.79690870055676, 51.132688302737044], [23.798438603350842, 51.13312470230549], [23.79955120276283, 51.133561097749755], [23.80052479686776, 51.134346600283955], [23.802332800107497, 51.13469569758487], [23.80497540112825, 51.13443379734944], [23.806505303922325, 51.13417200272996], [23.80831329817891, 51.13338649722564], [23.809425996405583, 51.13207740067635], [23.809843200972992, 51.13041910056077], [23.809565001712652, 51.128847999248], [23.809565001712652, 51.1272769008651], [23.809147797145247, 51.125793001885114], [23.808591497439252, 51.12448370135234], [23.807756998472914, 51.1229997013581], [23.807061603628323, 51.12212670109904], [23.805670795972837, 51.12081730228199], [23.804836297006503, 51.119682400934565], [23.80400179804017, 51.11811090055737], [23.80372359877983, 51.11636480026846], [23.803862702901572, 51.11488060148665], [23.803862702901572, 51.11348359729168], [23.803584602455917, 51.11182469723753], [23.802610999367836, 51.110602197739205], [23.800663900989505, 51.109729002685825], [23.798994903056833, 51.10876850065562], [23.798021299968752, 51.10789529915682], [23.7981604040905, 51.10702209808122], [23.798994903056833, 51.105712197851254], [23.79982940202317, 51.10475160106179], [23.80052479686776, 51.1036162994468], [23.800942001435164, 51.10221899985049], [23.800942001435164, 51.10117090153968], [23.801359295834096, 51.1000356022399], [23.802332800107497, 51.09942420061367], [23.803862702901572, 51.0987254983803], [23.80497540112825, 51.09846350135981], [23.80636619980058, 51.09793940132071], [23.80803519773325, 51.0970660008822], [23.808591497439252, 51.09636720095401], [23.809147797145247, 51.09540639868718], [23.809425996405583, 51.09409619750286], [23.809425996405583, 51.093047999670624], [23.809565001712652, 51.09182509943969], [23.81026039655724, 51.0905148024245], [23.810955899199662, 51.0898158978473], [23.812346697871995, 51.088854998951646], [23.814432900372072, 51.088330801286084], [23.816658198010742, 51.08798139870487], [23.819718003598894, 51.08745720242331], [23.821525997855478, 51.08702039962559], [23.823334099909896, 51.08623409792378], [23.825002999027884, 51.08483630118875], [23.82611569725456, 51.08378789911291], [23.827923799308977, 51.083001598892075], [23.83028810225471, 51.08291419751682], [23.832930703275462, 51.08317629957066], [23.835016896792386, 51.08317629957066], [23.838215797519137, 51.083001598892075], [23.84085829972521, 51.0827395014916], [23.84336179662421, 51.0817783991464], [23.845308903985696, 51.0803804000456], [23.846004298830284, 51.07889500052339], [23.845865203691694, 51.077584297682115], [23.84656059853628, 51.07636099985129], [23.84711689824228, 51.07548710154842], [23.847534201624363, 51.074438498879076], [23.847256002364023, 51.07295289730239], [23.84683879779662, 51.072079002368056], [23.84614340295203, 51.071554699255955], [23.84489169941829, 51.070768202404665], [23.843779001191617, 51.070156402517945], [23.842666401779624, 51.069107701631616], [23.842666401779624, 51.06805889795299], [23.842527297657877, 51.06666050123955], [23.842666401779624, 51.06534950264468], [23.842249098397538, 51.06403839917299], [23.8414145994312, 51.0630769027032], [23.839884696637125, 51.06229030130322], [23.83863300208654, 51.06202800188918], [23.8373812985528, 51.06124129797943], [23.83640770444787, 51.06036719883843], [23.83599049988047, 51.059493100132116], [23.83599049988047, 51.058356698585044], [23.83682490003212, 51.057744802394566], [23.83807670238054, 51.05730770211787], [23.838772097225128, 51.05730770211787], [23.840997403846952, 51.05704540270546], [23.842805398103536, 51.05634609973367], [23.84336179662421, 51.05520959835975], [23.84363989706987, 51.05389820205951], [23.84391809633021, 51.05311139953292], [23.84489169941829, 51.05232460057892], [23.84711689824228, 51.05180000028215], [23.848646801036356, 51.05197489782507], [23.850872098675023, 51.051275399689864], [23.85337559557403, 51.05005140076889], [23.855044602489855, 51.048302701350416], [23.85518369762845, 51.04681630039615], [23.854627299107772, 51.04515490086564], [23.853792800141434, 51.04401819825778], [23.8525410966077, 51.0426190979257], [23.85059399822937, 51.04218179839255], [23.847951397208615, 51.04183200210908], [23.844752604279698, 51.04130729990763], [23.843500801931278, 51.040520300418926], [23.842805398103536, 51.03999560030678], [23.843083597363876, 51.039208499457224], [23.84419619677587, 51.038421498208], [23.84516979986395, 51.03789670089426], [23.846004298830284, 51.03710959828054], [23.84656059853628, 51.03614759908275], [23.84642150339769, 51.03492320039223], [23.845726099569944, 51.03361120141658], [23.84489169941829, 51.03229930087953], [23.844057200451953, 51.03107469881602], [23.843083597363876, 51.02985019998523], [23.842666401779624, 51.028625601005075], [23.84336179662421, 51.02783830136143], [23.845030695742206, 51.02687609839178], [23.846977901918365, 51.02687609839178], [23.84850779572929, 51.02643870112049], [23.850454903090775, 51.025563899845956], [23.851706597641364, 51.024776599049915], [23.85295839998978, 51.02407679754108], [23.853792800141434, 51.022239601625806], [23.853792800141434, 51.02040240071174], [23.85295839998978, 51.018652599032606], [23.851845701763107, 51.01699020083965], [23.851567502502768, 51.01594030135382], [23.851706597641364, 51.01375279735661], [23.853653803817526, 51.01244030081426], [23.855879101456193, 51.01226529922229], [23.858382499540518, 51.01226529922229], [23.8593561026286, 51.01209030262177], [23.860607797179185, 51.01147780084205], [23.860746901300928, 51.01060270029486], [23.860468702040595, 51.00964010001268], [23.860190601594937, 51.00902759978702], [23.860190601594937, 51.008064898986945], [23.860329696733526, 51.00701479742661], [23.860329696733526, 51.005964598609786], [23.859912402334594, 51.00491439862688], [23.857965303956266, 51.004039202506696], [23.85629629704044, 51.003514100651], [23.853514699695776, 51.00316400118069], [23.85059399822937, 51.00342660005579], [23.847951397208615, 51.00360160108118], [23.845865203691694, 51.0041267980437], [23.843779001191617, 51.00447679980437], [23.842249098397538, 51.00456440016781], [23.84071919560346, 51.0043018020805], [23.838772097225128, 51.00377669754438], [23.8373812985528, 51.00307649992514], [23.83612949620438, 51.0022012973961], [23.835851395758716, 51.000800900565515], [23.83612949620438, 50.99948799792014], [23.83599049988047, 50.998000002706945], [23.83599049988047, 50.99651199935039], [23.835712300620127, 50.9949363977453], [23.834321501947798, 50.99371089912628], [23.832374295771636, 50.99309809810185], [23.829870897687304, 50.9923102007959], [23.828619203136718, 50.99178500011491], [23.827506495926894, 50.99090949977048], [23.827506495926894, 50.98977150048805], [23.827923799308977, 50.98889600174389], [23.828758199460633, 50.987757902199895], [23.82973180254871, 50.98556909728241], [23.82945360328837, 50.98443089920054], [23.82945360328837, 50.983205100549554], [23.83028810225471, 50.98276730262564], [23.831678900927038, 50.982329500573236], [23.8337652022418, 50.98224189781703], [23.835434101359787, 50.98276730262564], [23.837520402674546, 50.983467699279146], [23.83932839693113, 50.98390550190869], [23.841970899137202, 50.984255701453286], [23.84322270148562, 50.984255701453286], [23.84544799912429, 50.9838179982656], [23.847673296762956, 50.983205100549554], [23.849620404124437, 50.982154300551], [23.851011202796773, 50.98154139783747], [23.8525410966077, 50.98162900191543], [23.854627299107772, 50.98154139783747], [23.856435401162187, 50.9819792016662], [23.857965303956266, 50.982504598136885], [23.85977329821285, 50.983292599692554], [23.861025100561267, 50.983467699279146], [23.86269399967926, 50.9837303983181], [23.864641196872274, 50.98355529972234], [23.86756189833868, 50.982942398538114], [23.86936990157842, 50.982066799262604], [23.870899804372495, 50.98092849834398], [23.87242969818342, 50.980403101004136], [23.87368140171716, 50.980403101004136], [23.87688030244391, 50.980315500268716], [23.879522903464665, 50.98049070157427], [23.88244359594792, 50.98005279887361], [23.8849470030154, 50.97900209720208], [23.887589604036155, 50.97760100022182], [23.889258503154142, 50.97628740159021], [23.890788396965068, 50.9747987020534], [23.89106659622541, 50.97374780229792], [23.891344696671062, 50.972521698957095], [23.890927501086814, 50.97112040078327], [23.89106659622541, 50.96963150166435], [23.89148380079281, 50.96849290154188], [23.892457403880893, 50.96674119806316], [23.89376129953264, 50.9657064999839], [23.89570839791097, 50.96430500184731], [23.896125701293048, 50.96307870014133], [23.897238300705045, 50.96150190136027], [23.899185399083375, 50.96045070073264], [23.902384299810123, 50.95966230021401], [23.90377509848246, 50.9586110975737], [23.905583200536874, 50.957559797591465], [23.90613950024287, 50.95589530051356], [23.906278604364616, 50.95396779865656], [23.906000396121126, 50.95247840067701], [23.905583200536874, 50.95133930089416], [23.905722295675467, 50.94976219992482], [23.905861300982533, 50.94827259925324], [23.906834904070614, 50.94687059785232], [23.90878200244894, 50.94599430144909], [23.91128549934795, 50.94494280093606], [23.912676298020283, 50.94415409768217], [23.914206200814363, 50.942751898482], [23.915040699780697, 50.9413497985009], [23.91559699948669, 50.94003519725945], [23.91615329919269, 50.93793180098411], [23.915736103608438, 50.93626649902566], [23.915318899041033, 50.93442589888686], [23.915179803902443, 50.93302350253747], [23.91490159565895, 50.931971601092314], [23.915179803902443, 50.93039379773526], [23.915736103608438, 50.92916660110243], [23.917126902280774, 50.928202300290955], [23.91837859683136, 50.926712099377966], [23.91893500433519, 50.92548469802511], [23.919213095797694, 50.92416969922467], [23.919491304041184, 50.92311769946987], [23.920186698885775, 50.92224089874976], [23.921716601679854, 50.92136420042573], [23.923107400352187, 50.92083810101654], [23.925054498730518, 50.92031209759237], [23.927279796369184, 50.91978599761301], [23.92880969916326, 50.919084601004535], [23.93075689635627, 50.917857100350886], [23.931591296507925, 50.91662949935504], [23.932008599890008, 50.91522649846058], [23.933121199302004, 50.914086599177196], [23.93520750061676, 50.91303429780581], [23.93687639973475, 50.912771300871896], [23.939519000755503, 50.91224509864281], [23.94132700399524, 50.911982000961316], [23.943413197512157, 50.91154359969744], [23.946473003100316, 50.91066659786425], [23.94800289691124, 50.90961429846613], [23.949532799705324, 50.90856190164053], [23.950923598377653, 50.9074217994711], [23.95203629660433, 50.906194002509274], [23.954956998070738, 50.90514150003144], [23.955096102192485, 50.90514150003144], [23.958433999243145, 50.905053802691334], [23.962189199675894, 50.90470300034919], [23.964970797020555, 50.90461530218307], [23.970116796125637, 50.903299702231074], [23.972481197886047, 50.90093150143849], [23.974428296264378, 50.89944030241019], [23.97540189935246, 50.89751049953192], [23.977210001406878, 50.89575609787341], [23.97860080007921, 50.89444020225964], [23.979713399491203, 50.892071601852464], [23.979296203906955, 50.88996600258599], [23.979296203906955, 50.887948100193775], [23.979991598751543, 50.88610559960787], [23.98221689639021, 50.88505259768478], [23.985833001684362, 50.88417519880504], [23.987501999617034, 50.88356099785576], [23.989310002856772, 50.88224479736048], [23.990144501823107, 50.880840799735644], [23.990839896667698, 50.87873469846721], [23.99097900078944, 50.8772428000098], [23.992787004029175, 50.87592650038926], [23.994456001961847, 50.875399898708224], [23.998350297533193, 50.875224397503054], [24.000575604155006, 50.875224397503054], [24.002800901793677, 50.87496110194235], [24.00516530355409, 50.87399570050299], [24.007251497071017, 50.87303030174084], [24.008781399865093, 50.87224040175353], [24.010728498243417, 50.87109939887376], [24.01253660029784, 50.8705727993402], [24.015039998382168, 50.87022169755452], [24.018099803970323, 50.87013390043578], [24.02199409954166, 50.87013390043578], [24.025053896146662, 50.87022169755452], [24.026027400420062, 50.87013390043578], [24.028530897319072, 50.869870598793305], [24.030338900558807, 50.869256197943706], [24.03200789849148, 50.86811509933469], [24.0332597008399, 50.86679850222321], [24.03451140437364, 50.86583289769115], [24.036736702012305, 50.864516202105385], [24.039657403478717, 50.863287200133016], [24.04313439566797, 50.8631116986773], [24.046333296394724, 50.86284830067068], [24.0488367034622, 50.86293610017156], [24.050922995793805, 50.86240940274678], [24.05273099903354, 50.861355899325176], [24.053704602121623, 50.86039030114113], [24.054260901827618, 50.858897798438434], [24.05412179770587, 50.85775649731503], [24.053287298739537, 50.85661520228315], [24.052591903894946, 50.85538599771686], [24.051201096239463, 50.854420202185814], [24.048975798600793, 50.853103201310674], [24.046472400516468, 50.85248850008212], [24.04313439566797, 50.851434897285], [24.041465397735305, 50.850820202426696], [24.04035279832331, 50.84985430100448], [24.039518299356974, 50.848449299214494], [24.039518299356974, 50.84678090246554], [24.039379204218378, 50.845200199533096], [24.038961999650972, 50.843707199336244], [24.037432096856897, 50.842126397932674], [24.037014802457964, 50.84116040158401], [24.03618040230631, 50.83993080105501], [24.034789495836144, 50.83896470252262], [24.033120596718152, 50.838349797957285], [24.03200789849148, 50.83764719718532], [24.031034403201232, 50.836944500738134], [24.029365396285407, 50.835714800463], [24.02783550247448, 50.834836501091985], [24.02644470380215, 50.834133802037265], [24.02408030204173, 50.834045897248146], [24.021855004403065, 50.83448510182629], [24.01851709836925, 50.834748597626366], [24.016708996314836, 50.834397299820665], [24.015318197642504, 50.83387020064322], [24.013371099264177, 50.832464802571884], [24.01198020177716, 50.831059299770295], [24.009893999277086, 50.83053220261292], [24.00794690089876, 50.82991730041802], [24.00586069839868, 50.8293024014711], [24.00391350120567, 50.828423901990476], [24.002661797671934, 50.82728179844302], [24.001688203567003, 50.82649110067782], [24.000714699293603, 50.82552470122288], [23.99932390062127, 50.824206901585924], [23.99807209827285, 50.823328300540346], [23.995568700188525, 50.82280109906284], [23.992647998722113, 50.822625399854985], [23.990700801529105, 50.823064700545686], [23.987780100062693, 50.823504002777945], [23.98597209682296, 50.823767600292435], [23.983329495802206, 50.823767600292435], [23.980965103024943, 50.82315259764155], [23.978739796403122, 50.82227399945582], [23.975680098612802, 50.82192249993784], [23.972481197886047, 50.822537598239585], [23.969282297159303, 50.823767600292435], [23.96719610364238, 50.824206901585924], [23.9646926965749, 50.8239433008769], [23.962328303797637, 50.82367969867962], [23.960381097621475, 50.82341620281473], [23.957738604398557, 50.823064700545686], [23.955096102192485, 50.823064700545686], [23.95273170043207, 50.82297689975638], [23.950784503239063, 50.82341620281473], [23.948976499999322, 50.82359189904679], [23.94633389897857, 50.823504002777945], [23.944108601339902, 50.82271329777783], [23.94132700399524, 50.82218610070598], [23.93812820208317, 50.822625399854985], [23.934790197234676, 50.823767600292435], [23.931869495768264, 50.82411900080017], [23.929644198129594, 50.82385539959486], [23.927279796369184, 50.82280109906284], [23.925888997696852, 50.821746797423835], [23.92296829623044, 50.820604598627334], [23.920186698885775, 50.82113180220548], [23.9181004963857, 50.821746797423835], [23.9154579043481, 50.822537598239585], [23.91351079698662, 50.82280109906284], [23.911980903175696, 50.822537598239585], [23.91059009552021, 50.821746797423835], [23.909199296847873, 50.82086820116045], [23.90766940303695, 50.820604598627334], [23.905722295675467, 50.82042880035206], [23.903636003343863, 50.82034100028125], [23.900854397016047, 50.820077400447154], [23.899046402759463, 50.819550201990054], [23.89765560408713, 50.81867150196672], [23.89668200099905, 50.81744129756148], [23.896264697616964, 50.81612329815284], [23.89570839791097, 50.81489299824123], [23.895569302772373, 50.813311198071865], [23.89570839791097, 50.81181730249745], [23.895152098204967, 50.81058690050854], [23.89320499982664, 50.80997170155134], [23.890840598066227, 50.80979599948242], [23.888197997045474, 50.80918080146205], [23.886250898667146, 50.808038198805335], [23.885277295579066, 50.806807799454866], [23.884860099994814, 50.80540150150093], [23.884860099994814, 50.80373149750456], [23.885694598961148, 50.80206150194418], [23.887085397633484, 50.80039129907878], [23.888197997045474, 50.79863329783286], [23.88861530042756, 50.797226702726356], [23.88791989659982, 50.795380599156964], [23.887085397633484, 50.79397400268116], [23.885972699406807, 50.793006901879274], [23.88541639970081, 50.791951899234846], [23.88541639970081, 50.79072109897213], [23.8858337030829, 50.7894021979509], [23.886668103234552, 50.7884350990992], [23.88639000278889, 50.78729200044976], [23.88541639970081, 50.786500699393194], [23.883608396461074, 50.78606099798024], [23.881383098822404, 50.78588520031125], [23.878045102957064, 50.78500590104066], [23.87637609604124, 50.783774798619476], [23.87581979633524, 50.78175229939776], [23.875124401490655, 50.78052109994768], [23.87373360281832, 50.77928999872326], [23.87331639825092, 50.77797079792449], [23.873038198990578, 50.776651599675105], [23.87415079840257, 50.77533239829749], [23.875958900456986, 50.77427700245095], [23.87762789838966, 50.77339750192216], [23.879296797507653, 50.77269379869694], [23.87985319602833, 50.77163840012133], [23.880131296473987, 50.769879198076715], [23.880270400595734, 50.76855979999795], [23.881939398528406, 50.767152299898285], [23.885277295579066, 50.76627269949496], [23.88889340087322, 50.76627269949496], [23.892092301599966, 50.76600880024028], [23.89390040365438, 50.764865198768696], [23.895013003066378, 50.76354560245785], [23.895569302772373, 50.761698202833074], [23.89570839791097, 50.76055450168287], [23.89598659717131, 50.759058902325584], [23.89668200099905, 50.75826699847367], [23.898211903793133, 50.757563198341295], [23.90001989804971, 50.75712320209623], [23.90168889598238, 50.75589150202993], [23.902245195688376, 50.75413170215663], [23.902662499070463, 50.75289979832912], [23.903636003343863, 50.751491901016614], [23.90488779670913, 50.75034800158049], [23.906973999209207, 50.74964400279066], [23.90878200244894, 50.74973199824512], [23.910729199641953, 50.74999600066713], [23.912119998314285, 50.75087599798771], [23.912676298020283, 50.75245990032684], [23.913093601402366, 50.754395702498286], [23.913649901108364, 50.75580350110516], [23.914623504196445, 50.75624340178161], [23.91559699948669, 50.75659529888743], [23.9181004963857, 50.756419401811435], [23.92032580300752, 50.75606740108994], [23.920882102713517, 50.75527549776486], [23.921577497558104, 50.75342780005344], [23.922133797264106, 50.7521078982437], [23.923107400352187, 50.75105200115027], [23.924498199024516, 50.750787999000075], [23.9260281018186, 50.7505240010446], [23.92686260078493, 50.75087599798771], [23.92783620387301, 50.75131589950804], [23.92839250357901, 50.7521078982437], [23.9290878984236, 50.7526358009168], [23.929644198129594, 50.75342780005344], [23.93033960195734, 50.753691702067], [23.931591296507925, 50.753955699207204], [23.933121199302004, 50.75342780005344], [23.934790197234676, 50.7526358009168], [23.935624696201007, 50.751403897503295], [23.93618099590701, 50.74964400279066], [23.93687639973475, 50.74770799842086], [23.937015503856493, 50.746300001796705], [23.93659829928909, 50.745243899802496], [23.935763800322757, 50.74401180186016], [23.93520750061676, 50.743483699611375], [23.934512096789014, 50.74242760230626], [23.934094802390085, 50.74128340179545], [23.934094802390085, 50.74040329806137], [23.93492930135642, 50.739787197982274], [23.93632010002875, 50.73934709717036], [23.93757180356249, 50.73846690019378], [23.937989097961427, 50.737234601181726], [23.937989097961427, 50.73582630096939], [23.937432798255426, 50.734857997518475], [23.93687639973475, 50.73424180174351], [23.93618099590701, 50.733537600563935], [23.9359029044445, 50.73256930096924], [23.935624696201007, 50.73151290065302], [23.93659829928909, 50.730456499256874], [23.93785000282283, 50.72975220136582], [23.93840630252883, 50.72940010246834], [23.940214395600094, 50.72895989836074], [23.942300598100168, 50.72816759901476], [23.943274201188252, 50.72737520097285], [23.94355230163391, 50.726230700929754], [23.943274201188252, 50.724469797424334], [23.942578797360508, 50.72341319739471], [23.94202239883983, 50.722004498677805], [23.942717802667573, 50.720507599341786], [23.94355230163391, 50.71962709950502], [23.945082204427987, 50.718482302133985], [23.946890297499248, 50.717953997310566], [23.948698300738982, 50.717953997310566], [23.95036729867166, 50.717689797164674], [23.951619002205394, 50.71680919888309], [23.952314397049985, 50.71575250005722], [23.95370519572232, 50.714695800158985], [23.955513297776736, 50.71443159871], [23.95787769953715, 50.71434350278931], [23.960102997175817, 50.71434350278931], [23.961911000415554, 50.714695800158985], [23.96302369864223, 50.7150479981859], [23.964970797020555, 50.71531220184833], [23.96663980393638, 50.715136098470396], [23.968169697747307, 50.71434350278931], [23.969560496419636, 50.71337480077434], [23.970395004369127, 50.712670200594054], [23.972481197886047, 50.71222990187187], [23.974289299940466, 50.712318001765006], [23.976514597579136, 50.71275829965966], [23.978461695957463, 50.71355089939353], [23.979991598751543, 50.71443159871], [23.98179960199128, 50.714695800158985], [23.98374679918429, 50.71425540101503], [23.98513759785662, 50.713639002492], [23.986389301390364, 50.7128463985597], [23.986945601096355, 50.71214180181316], [23.98861459902903, 50.71117309980404], [23.990422701083446, 50.71108499775916], [23.992230704323184, 50.71064459882031], [23.993343402549858, 50.70994009981473], [23.994873296360783, 50.70861900053628], [23.995846800634183, 50.70650510167589], [23.994873296360783, 50.70509579798839], [23.9943168978401, 50.703862700740416], [23.994734201222187, 50.702541401757976], [23.995290500928185, 50.701660501809585], [23.995290500928185, 50.70060339888993], [23.994456001961847, 50.69937020057052], [23.992647998722113, 50.698489201220724], [23.990839896667698, 50.697960699500904], [23.98889279828937, 50.6972559017849], [23.988058299323033, 50.69637490254854], [23.987640995940946, 50.69478909750045], [23.987640995940946, 50.69355570076582], [23.986806595789293, 50.692146002186526], [23.985554802424026, 50.69126490127719], [23.983607704045696, 50.69047199874528], [23.98166059668422, 50.690295802053576], [23.979435299045544, 50.68985520214577], [23.977627196991126, 50.68888599981615], [23.976236398318797, 50.686771199948836], [23.976375502440543, 50.68500889920083], [23.976653602886202, 50.68262960082302], [23.97540189935246, 50.68086709898162], [23.973176601713792, 50.67892820048217], [23.972481197886047, 50.67716559946959], [23.973593797298044, 50.675138498005786], [23.975680098612802, 50.67381640116553], [23.979296203906955, 50.672582401787416], [23.980965103024943, 50.671172101461046], [23.982773196096208, 50.669497298423934], [23.984303098890287, 50.668792101521234], [23.986389301390364, 50.66826320258634], [23.988475503890434, 50.66852760155641], [23.9897272972557, 50.66932100019133], [23.99139619637369, 50.670114300017495], [23.993065203289518, 50.67099579813127], [23.995568700188525, 50.67134839843546], [23.998350297533193, 50.670731401674864], [23.999045701360934, 50.66984989859643], [24.000575604155006, 50.668351299682364], [24.001966402827343, 50.66773429769312], [24.004052596344263, 50.66764610264675], [24.00516530355409, 50.667998699641764], [24.00683420267208, 50.668792101521234], [24.00892050398684, 50.668615800640445], [24.011145801625506, 50.667469797462516], [24.012397496176096, 50.66658830146724], [24.013092900003837, 50.66535410069333], [24.013092900003837, 50.66394360029888], [24.012814700743498, 50.662356698983984], [24.011702101331505, 50.66156319974377], [24.0091986044325, 50.66094609716117], [24.008364096483007, 50.65988809947976], [24.008364096483007, 50.65847740072546], [24.00905950031075, 50.657154897294824], [24.01031130265917, 50.65600859729846], [24.012675596621747, 50.65495049977465], [24.014344603537573, 50.653627902728545], [24.01490090324357, 50.652040601561225], [24.01420549941583, 50.65045329801992], [24.01323200412558, 50.64957149966758], [24.011702101331505, 50.648424997513104], [24.011562997209758, 50.647190399101866], [24.011702101331505, 50.645691099773565], [24.012397496176096, 50.6447210024163], [24.01364919970983, 50.643662599366564], [24.015874497348502, 50.642692500006405], [24.018099803970323, 50.642339701599894], [24.02102049645358, 50.641722300863535], [24.02227219998732, 50.64075200193292], [24.02296760381506, 50.63978180260654], [24.02408030204173, 50.63854689732473], [24.026027400420062, 50.63766489829762], [24.029643496731065, 50.6373119994761], [24.032425201873565, 50.63775309837542], [24.034789495836144, 50.63845869873657], [24.036736702012305, 50.639252599711135], [24.038405699944978, 50.64013459742826], [24.040074599062965, 50.64031099954297], [24.042299896701635, 50.64031099954297], [24.044386099201713, 50.64101669822795], [24.044942497722385, 50.64189870271546], [24.044942497722385, 50.64330989938938], [24.04466429846205, 50.64463279832564], [24.045081503029458, 50.645691099773565], [24.046194201256128, 50.64666119988736], [24.04716780434421, 50.64674940017037], [24.049532098306788, 50.64622029852182], [24.051201096239463, 50.64533839793295], [24.05217469932754, 50.64498560230198], [24.053843697260213, 50.64498560230198], [24.055651700499947, 50.64507380003395], [24.056625303588035, 50.645426600699096], [24.058155197398957, 50.645955699892724], [24.06051959915937, 50.64674940017037], [24.06274489679804, 50.64674940017037], [24.065109199743773, 50.64622029852182], [24.06677819767644, 50.64533839793295], [24.06830810047052, 50.64401539923431], [24.069420699882514, 50.6430453014609], [24.07053339810919, 50.642692500006405], [24.07303690399135, 50.64242789860146], [24.075818501336013, 50.642516101134234], [24.077626495592597, 50.642780702042515], [24.080408200735096, 50.64322169834655], [24.08249440323517, 50.64295709992143], [24.07581949846598, 50.63764529952392], [24.07038779916794, 50.63213320180254], [24.06423200385198, 50.62685019841707], [24.056989902812397, 50.61995840003359], [24.0468507978636, 50.611227397623686], [24.04105710445551, 50.60111570201128], [24.03526340206428, 50.588243202466245], [24.032728598877622, 50.57858649908315], [24.03128020022927, 50.567777800099485], [24.032004404045026, 50.55788680093702], [24.0330907007855, 50.55075490254595], [24.0330907007855, 50.54615300165568], [24.032004404045026, 50.54362179953491], [24.02440020109756, 50.53763840195266], [24.01824429798377, 50.53464639851273], [24.002673700349444, 50.530963699441564], [23.979498800952978, 50.527050497404744], [23.951978597813632, 50.524518298575785], [23.934235397715202, 50.522446397424346], [23.912146804042365, 50.51991390012634], [23.89585200259229, 50.51669050079948], [23.877384499863428, 50.51231559856867], [23.862900198969577, 50.505176801623286], [23.85420960046696, 50.500570499171594], [23.845519001964348, 50.4952727021997], [23.83900109575736, 50.489974299588404], [23.83682840346173, 50.48329290050776], [23.834293699089752, 50.473153699706366], [23.83212099781097, 50.46232089968018], [23.827413601143363, 50.45494389883853], [23.814015596989982, 50.446412801102994], [23.800255499911884, 50.437188299123825], [23.7930133988723, 50.4318834018024], [23.76947639756796, 50.43049950162507], [23.74268039824436, 50.429807401889384], [23.730730900537164, 50.428884798240645], [23.720953996310925, 50.43073010200866], [23.711177101067832, 50.43395929924728], [23.70067590319431, 50.43926399828735], [23.69198529570854, 50.44041710163841], [23.677138901889972, 50.43972530135582], [23.670620995682984, 50.4413396007081], [23.66229249908824, 50.44364570107029], [23.64889450391802, 50.44572109989904], [23.632599702467942, 50.444568097166844], [23.61630480220318, 50.44157019978193], [23.603268998772364, 50.43695770158751], [23.59675100273385, 50.43303670211375], [23.59675100273385, 50.427731402514546], [23.602182603217212, 50.42519379754068], [23.618477503481966, 50.42219470164516], [23.62427119689005, 50.4185032023831], [23.623909103965328, 50.413657699812255], [23.621374399593353, 50.40996559818712], [23.612321699182857, 50.40604239776352], [23.59675100273385, 50.402811302467654], [23.575386702708293, 50.40096480204204], [23.561626596647038, 50.40073399946143], [23.541529603891707, 50.39934909738826], [23.52251899770837, 50.39623290116494], [23.506767299712767, 50.393462799259694], [23.497533498941, 50.391385201083956], [23.482325003214548, 50.38376619941233], [23.47309130125746, 50.38341989815313], [23.453537501788126, 50.38480520257646], [23.436156295799744, 50.38376619941233], [23.42420669927787, 50.38272720212641], [23.408998203551423, 50.38376619941233], [23.389444404082088, 50.38411260124683], [23.364459004129394, 50.385497902620095], [23.350336796160263, 50.3889611021584], [23.32969660113578, 50.391731398362346], [23.30905649594282, 50.39415540147339], [23.28733000417785, 50.39450160143132], [23.275380497487507, 50.39450160143132], [23.26017200176106, 50.397964200661555], [23.244420303765455, 50.40315750219524], [23.224323302026967, 50.4076578971538], [23.213460101060253, 50.40938869920884], [23.202053697824375, 50.40938869920884], [23.189560997848034, 50.40488839991977], [23.176525095602532, 50.40073399946143], [23.16240289661656, 50.398310401436675], [23.146108104149633, 50.39761790000978], [23.131442702894503, 50.40004149908515], [23.114061496906118, 50.402465100211174], [23.09722350217004, 50.40108019718495], [23.08038549845081, 50.39380910163132], [23.050511601469232, 50.38411260124683], [23.03530309675963, 50.3792635988789], [23.026069403785694, 50.37545329734215], [23.017378796299926, 50.37060339824266], [23.011404002530565, 50.36263459905069], [23.009774503520937, 50.35327829996543], [23.007601901056834, 50.343226797940204], [23.00488609632358, 50.3328264976864], [22.997824996830595, 50.32173040266768], [22.990220704051605, 50.314447101751036], [22.977184801806104, 50.307509600054395], [22.965235304098915, 50.30230580234769], [22.952742604122566, 50.29779539829964], [22.93318879567008, 50.296060597945534], [22.913634996200745, 50.29467259963361], [22.897883298205144, 50.29432560233664], [22.87724310318065, 50.29432560233664], [22.858775600451793, 50.29328460100002], [22.845196603734973, 50.292937599318954], [22.829444896756215, 50.29467259963361], [22.81640910230855, 50.29883630093907], [22.805545802527153, 50.30542819749227], [22.795768898300906, 50.31028469810096], [22.789251001077076, 50.31305969730159], [22.778387701295678, 50.31410020280619], [22.769697201607745, 50.31063160193695], [22.758290798371867, 50.306121998905724], [22.748513903128778, 50.30230580234769], [22.738736998902535, 50.29848939713215], [22.72841690139029, 50.29710149837404], [22.72189900416646, 50.300224200727605], [22.713208396680688, 50.302999700950906], [22.70723360291133, 50.30473429989362], [22.694197700665832, 50.30508130159628], [22.676273400206124, 50.306121998905724], [22.661064904479677, 50.307509600054395], [22.64531319750092, 50.30924409762258], [22.624129899021955, 50.31167220073531], [22.611637199045614, 50.3154875998379], [22.593712799771225, 50.31999640073068], [22.596971797790477, 50.32381109740548], [22.602946600542996, 50.32623850248956], [22.610550902305135, 50.330052698188084], [22.622500400012328, 50.331786402060715], [22.635536302257826, 50.331092900577474], [22.649658501243803, 50.329012501700255], [22.65943539648689, 50.329012501700255], [22.671384903177238, 50.331092900577474], [22.683877701968264, 50.335253499623064], [22.687136601172842, 50.34080030080702], [22.6773596969466, 50.34703969875887], [22.670841799722762, 50.34877270251033], [22.65943539648689, 50.35015909895376], [22.64585630095539, 50.350852299192155], [22.631734200784095, 50.35154539759964], [22.6208709010027, 50.35327829996543], [22.608921403295508, 50.353624798337115], [22.59534229878085, 50.34981250077169], [22.58502230008329, 50.34634650018691], [22.575245395857046, 50.34149359753254], [22.568184296364056, 50.340106999695266], [22.556777902111342, 50.33976029947782], [22.542655703125362, 50.340106999695266], [22.533421902353595, 50.33976029947782], [22.517127100903515, 50.331092900577474], [22.499745903898287, 50.32415790254996], [22.482907900179057, 50.31895589808041], [22.46498359971935, 50.31028469810096], [22.4497751039929, 50.30508130159628], [22.43728229621872, 50.30334660055434], [22.42207380049227, 50.30404050118642], [22.409581100515926, 50.3085503015974], [22.39708840053958, 50.31514080026621], [22.390027301046594, 50.32173040266768], [22.379164100079873, 50.32797229964616], [22.371016596048577, 50.33802700124204], [22.365041901093896, 50.34218690133776], [22.355264996867657, 50.343573501520005], [22.348203897374667, 50.34703969875887], [22.34277219807663, 50.351198798072836], [22.33516800411232, 50.35431799956308], [22.329193201359807, 50.355357601883355], [22.315614195659833, 50.35743689870352], [22.3112689009001, 50.35847650149924], [22.30692359715722, 50.36090210123905], [22.30692359715722, 50.365406501833085], [22.306380403871213, 50.371296299972116], [22.30094880338786, 50.37545329734215], [22.2955172029045, 50.38099539774806], [22.28954240015199, 50.38757579885449], [22.281938197204525, 50.390692598491626], [22.272704396432758, 50.391731398362346], [22.26618649920892, 50.394847901941745], [22.25695269843715, 50.40073399946143], [22.25369379923258, 50.40627319739533], [22.25478009597305, 50.412504001913206], [22.25369379923258, 50.4180418012694], [22.248262198749217, 50.42738530220544], [22.262927501189665, 50.43568919765713], [22.28465400193778, 50.44537519974082], [22.31724370365262, 50.455059202547424], [22.339513298872053, 50.46474120049821], [22.346574398365036, 50.472001399798316], [22.353635497858026, 50.488592000929636], [22.35852389607223, 50.50690399922228], [22.362326096360643, 50.514503097508765], [22.36341240208427, 50.525899500245366], [22.368300800298474, 50.532805102042566], [22.379164100079873, 50.53142410251136], [22.391113597787065, 50.525899500245366], [22.403063203292092, 50.51726620087371], [22.41446959754481, 50.50414039788994], [22.42424650177105, 50.49342980073458], [22.43293710027367, 50.48479049967629], [22.44054130322113, 50.479606199663095], [22.459008796966835, 50.488592000929636], [22.473674198221964, 50.501722102620676], [22.48779639720794, 50.51484849784458], [22.494314303414928, 50.522446397424346], [22.499745903898287, 50.53625749823526], [22.50083220063876, 50.547648699250736], [22.498116395905505, 50.556276502850274], [22.4932279976913, 50.56317760090613], [22.487253203921938, 50.572492498981084], [22.484537399188685, 50.57835649978859], [22.480735297714954, 50.58249540260978], [22.470958402471858, 50.58732359821505], [22.454663502207104, 50.58835810111805], [22.44434339571171, 50.58732359821505], [22.43348020372814, 50.585254398738925], [22.420987503751796, 50.58215049747655], [22.40849480377545, 50.57697679989656], [22.39926100300368, 50.572837497664345], [22.387311496313337, 50.56662780238901], [22.373732499596514, 50.55972719816307], [22.36341240208427, 50.568697797458576], [22.353635497858026, 50.580081099194075], [22.34005640232653, 50.59111679937399], [22.32864999909065, 50.600081399615654], [22.313441503364203, 50.60663140181853], [22.309096199621322, 50.61421450112961], [22.308009902880844, 50.619384101553266], [22.2960603961905, 50.619039398267915], [22.286826604401885, 50.62214090168905], [22.281395003918526, 50.62730960243325], [22.275963403435163, 50.63178870023008], [22.26890230394218, 50.63282229993592], [22.26510020246845, 50.6366119027236], [22.259125399715934, 50.64143450208518], [22.25206430022295, 50.64350119761393], [22.24663269973959, 50.64419010061024], [22.240657896987074, 50.64763440143937], [22.236312602227347, 50.65176709930343], [22.230881001743985, 50.655555197377936], [22.228708300465204, 50.6617531025499], [22.225992495731944, 50.66657320148081], [22.221104097517742, 50.6672616978482], [22.21512930374838, 50.66657320148081], [22.208068204255397, 50.6631303005716], [22.202636603772035, 50.66037589830521], [22.19557550427905, 50.66106450262889], [22.183625898774025, 50.66622890111329], [22.179823797300294, 50.666917499323574], [22.152665696068816, 50.720936900852834], [22.129852898580225, 50.72024910089207], [22.121705502346764, 50.72024910089207], [22.11410129939931, 50.72128069752205], [22.09237479865119, 50.72506319860211], [22.070648297903073, 50.722656200196624], [22.04837870268363, 50.722656200196624], [22.023936496016944, 50.724719298888836], [22.017961702247582, 50.72506319860211], [21.99460570248984, 50.725406999117794], [21.973422404010876, 50.726782397727305], [21.94626440159408, 50.72850149965142], [21.933228499348584, 50.729532897547614], [21.922908401836338, 50.733658500860415], [21.91802000362213, 50.73984609948996], [21.91856309809345, 50.74843870077309], [21.92399479739149, 50.758060597220826], [21.929426397874852, 50.769054599233286], [21.93485799835821, 50.78038939801525], [21.935944304081836, 50.79069139913607], [21.905527303645787, 50.80751310105828], [21.89900929862412, 50.80785639840687], [21.86533330016881, 50.80373729956422], [21.851211101182834, 50.80408060195005], [21.838718401206492, 50.806140102157585], [21.836002596473236, 50.81025900051245], [21.822423599756412, 50.82158380055972], [21.809930800965386, 50.83221980149206], [21.79961080226782, 50.84251040163689], [21.79580860197941, 50.83873740100129], [21.795265498524934, 50.832562798104796], [21.796351804248566, 50.82535809719434], [21.792549702774835, 50.82021119820649], [21.786031697753167, 50.81815230131684], [21.780600097269808, 50.81712279896601], [21.775168496786453, 50.81437739949034], [21.76973689630309, 50.80888609934369], [21.76539160154336, 50.80579690005817], [21.766477898283835, 50.800991101930485], [21.772452701036347, 50.79961800220265], [21.779513800529333, 50.79858810266724], [21.782229596279436, 50.79240820039759], [21.784945401012695, 50.78691430072837], [21.783315902003064, 50.783136800583655], [21.77679799579608, 50.779015602114946], [21.76973689630309, 50.775580998277974], [21.7621326035241, 50.76939809957805], [21.759960001059998, 50.76287079805947], [21.755614697317117, 50.758060597220826], [21.746380896545347, 50.75428080033037], [21.739862999321517, 50.752218997855024], [21.7311724008189, 50.749469801767766], [21.72030919985218, 50.750500698176104], [21.714334397099666, 50.75187529749753], [21.70510070412573, 50.7498134004295], [21.69478059763033, 50.7450018972319], [21.683374203377618, 50.74190849807902], [21.671967800141744, 50.73847119812074], [21.665449902917914, 50.729532897547614], [21.659475100165395, 50.72437549901382], [21.65621610214614, 50.71852970185576], [21.655672998691664, 50.71337100110047], [21.658388803424923, 50.7051160001163], [21.65621610214614, 50.69789160003409], [21.647525602458206, 50.69273070192635], [21.634489700212704, 50.68791330012607], [21.621997000236355, 50.68412780084243], [21.607874801250386, 50.676556102321314], [21.60407260096197, 50.66829450033272], [21.597554703738137, 50.65934289885666], [21.59701150146898, 50.6531446015582], [21.598097897024143, 50.647289899554295], [21.597554703738137, 50.63867879894167], [21.595382101274037, 50.63282229993592], [21.588321001781047, 50.62799879976468], [21.575828202990024, 50.62145169828269], [21.563335503013676, 50.61972869972138], [21.553558598787433, 50.61697170118299], [21.54323860008987, 50.611112497784816], [21.53563429832773, 50.604563102269545], [21.528029996565582, 50.59973669742265], [21.517166795598868, 50.595254500905256], [21.508476197096254, 50.587668402722436], [21.50195829987242, 50.58284029951298], [21.49055189663655, 50.57973619919624], [21.474800198640942, 50.57939130237701], [21.461764296395444, 50.57697679989656], [21.44546950392852, 50.57697679989656], [21.431347295959394, 50.57594200130753], [21.417225096973418, 50.57387230169837], [21.411250303204056, 50.570077699907266], [21.404189203711066, 50.56524770189639], [21.394412299484824, 50.561107397563525], [21.386264903251362, 50.55524119819373], [21.37920380375838, 50.54868410215737], [21.36997000298661, 50.54454230272956], [21.36345209677962, 50.54040009952594], [21.358020496296263, 50.534531300318264], [21.35639099728663, 50.530042999740516], [21.349329897793645, 50.52728070146251], [21.336293995548143, 50.52728070146251], [21.321628702090848, 50.526935397810064], [21.31456760259786, 50.52520889875307], [21.308049597576197, 50.522446397424346], [21.298815895619104, 50.52175569970565], [21.290668499385646, 50.52141040131386], [21.28415050334713, 50.51726620087371], [21.278718902863773, 50.51381239778945], [21.273287302380414, 50.51346700129743], [21.268398904166208, 50.515539302358754], [21.260251400134912, 50.515539302358754], [21.24830190242772, 50.51381239778945], [21.23852499820148, 50.51070369839682], [21.233636501172594, 50.50621310262554], [21.230377601968016, 50.50206760217751], [21.226032298225128, 50.49964920076591], [21.21897119873214, 50.49930370065949], [21.20973739796037, 50.49964920076591], [21.201046799457757, 50.497921600675326], [21.191813097500667, 50.49964920076591], [21.18583830373131, 50.49895819802573], [21.17932039752432, 50.49619409740005], [21.177147696245537, 50.493775400953886], [21.179863500978797, 50.48928309816118], [21.176061399505066, 50.48479049967629], [21.174431900495435, 50.48098869830702], [21.176061399505066, 50.476495299800774], [21.177690898514694, 50.472347099580496], [21.174431900495435, 50.46646989952553], [21.16900030001208, 50.46335819806332], [21.164111901797874, 50.46059199751413], [21.16193920051909, 50.457479897848565], [21.155964397766578, 50.45402169927111], [21.149446500542748, 50.45402169927111], [21.14075590204013, 50.45436750190769], [21.13586750382592, 50.45229249945919], [21.13369480254714, 50.45021740027997], [21.13152220008304, 50.44675869939734], [21.13152220008304, 50.443299797183975], [21.132065303537512, 50.43949460175247], [21.128806404332938, 50.4360351972178], [21.12337469605174, 50.434305300007715], [21.11902940129201, 50.43015350166248], [21.115770502087432, 50.42738530220544], [21.110338901604077, 50.42530909934668], [21.10379189896504, 50.42319100267664], [21.100599304411585, 50.420478802328766], [21.099535097243947, 50.41674929900777], [21.100067196336187, 50.41369770209152], [21.100599304411585, 50.41064589715317], [21.097938799967217, 50.407933001357115], [21.09102140397023, 50.40589830200765], [21.084636098082335, 50.40928949729542], [21.083039800805604, 50.41403679847611], [21.08250770171336, 50.41946170146562], [21.078782999084513, 50.422512898470025], [21.07292980127201, 50.424546998823416], [21.068140900458676, 50.427597902566035], [21.064416197829825, 50.430987601963366], [21.058030900925083, 50.43030970095312], [21.053242000111744, 50.42963169867701], [21.045792496039365, 50.42997069816739], [21.041003496411346, 50.42963169867701], [21.036746703673405, 50.4272588975332], [21.035150397413528, 50.42353000249158], [21.034618298321284, 50.420478802328766], [21.031957802860074, 50.41776649818124], [21.02663670413981, 50.41505399865191], [21.01918729888211, 50.41539310250131], [21.01333410106961, 50.41641030217588], [21.008545200256272, 50.41674929900777], [21.003756200628256, 50.41539310250131], [21.00162780425929, 50.412680501416844], [21.00162780425929, 50.407254798940215], [20.99843520072268, 50.40386340078064], [20.988857300281328, 50.40318510004035], [20.98193990428434, 50.40386340078064], [20.974490499026636, 50.40589830200765], [20.96597679676977, 50.406576598267314], [20.96065569804951, 50.406576598267314], [20.95586679723618, 50.4045416975385], [20.9516098967004, 50.40318510004035], [20.94682099588707, 50.40318510004035], [20.941499995981488, 50.4045416975385], [20.93511469907675, 50.406915699817056], [20.930325798263407, 50.40589830200765], [20.927133095912122, 50.40216770230014], [20.925536798635395, 50.398097600895774], [20.92606889772764, 50.39470550161805], [20.923408402266425, 50.390634799539534], [20.918087303546166, 50.38961709804588], [20.91010579919622, 50.39029559868068], [20.903720502291474, 50.39165250209833], [20.8983995023859, 50.38927779826863], [20.893078403665637, 50.3913133027929], [20.889885800129033, 50.39334870275483], [20.885628998407938, 50.392670199994], [20.880839998779923, 50.39097399797181], [20.877647404226465, 50.38690299841605], [20.874454800689858, 50.383510201246004], [20.867537395709718, 50.38249230101544], [20.860619999712732, 50.382153001812085], [20.855831098899397, 50.38045640064453], [20.852106396270543, 50.37774179962245], [20.8515742971783, 50.374348301232075], [20.84997790108689, 50.37197270219332], [20.845721099365804, 50.3702757999219], [20.841996396736953, 50.36959700139377], [20.83614319892445, 50.370954600198615], [20.832950604370996, 50.37502699741363], [20.82922590174214, 50.37842049881441], [20.826565298483096, 50.38249230101544], [20.828161595759823, 50.38622439768603], [20.83029009992663, 50.390634799539534], [20.828161595759823, 50.39368789895241], [20.823372703929643, 50.39402709845], [20.817519497133986, 50.392670199994], [20.813262704396045, 50.38961709804588], [20.809005902674954, 50.38758149779415], [20.805281101231422, 50.385545901801756], [20.802620596787058, 50.382153001812085], [20.802620596787058, 50.3801170983338], [20.802620596787058, 50.377402500808664], [20.798363804049117, 50.374687702098726], [20.793042696345708, 50.374687702098726], [20.7861253991634, 50.375366399153926], [20.780804300443137, 50.374348301232075], [20.77495120144532, 50.373669601070446], [20.770162201817303, 50.37299090265826], [20.76590540009621, 50.374687702098726], [20.761648598375114, 50.377402500808664], [20.755263301470375, 50.37774179962245], [20.748877995582475, 50.376384400751334], [20.742492797492414, 50.37333019864963], [20.738235896956635, 50.370954600198615], [20.731850698866577, 50.3702757999219], [20.72546540196183, 50.36959700139377], [20.721563300030674, 50.36857889999153], [20.718725396284, 50.36518470032824], [20.71659699991503, 50.36246920247831], [20.71340439637842, 50.35975360083449], [20.708792796052713, 50.35952730275837], [20.704181195727, 50.36133769727433], [20.701698099568098, 50.36473209758109], [20.701698099568098, 50.369031397293604], [20.703471796147134, 50.37197270219332], [20.70382649593707, 50.37672379850934], [20.70063390138361, 50.3801170983338], [20.69708649924239, 50.38034329823449], [20.69105600094226, 50.37966470102479], [20.68750859880104, 50.379890897354386], [20.68289699847533, 50.38056950278488], [20.6768665001752, 50.38034329823449], [20.671545500269627, 50.378759801804094], [20.668352896733012, 50.37672379850934], [20.665515001969492, 50.37400900106326], [20.665160203364877, 50.371746502483], [20.665515001969492, 50.36880509761334], [20.664450695987174, 50.366089801190604], [20.660903401643786, 50.36405329997544], [20.657001299712626, 50.36133769727433], [20.654163395965952, 50.358622002236956], [20.65203499959698, 50.3552271993346], [20.64848759745576, 50.35183210207331], [20.647423399271275, 50.349568597679905], [20.64777809906121, 50.34526759791614], [20.646713900876723, 50.34187179993999], [20.643521297340115, 50.33892860079945], [20.638554997224475, 50.33711730009799], [20.6350076040664, 50.3357586989745], [20.63075080234531, 50.33417369741117], [20.628622396993187, 50.33145650011777], [20.628622396993187, 50.32919200159076], [20.629686604160824, 50.32647439896652], [20.63110550213524, 50.32375680151574], [20.629686604160824, 50.32035940263017], [20.62542970362505, 50.31741489937366], [20.62436549645741, 50.31492319811854], [20.62259179987838, 50.31197830076505], [20.62223710008844, 50.308353500850565], [20.61833499815728, 50.30563479846862], [20.61514240360383, 50.3038221998779], [20.61407819643619, 50.30110319828384], [20.613013998251706, 50.29679790213816], [20.612304499857153, 50.29317200249161], [20.61053080327812, 50.289772400650435], [20.608402397925996, 50.287506002234316], [20.604854995784773, 50.28523939829828], [20.59988869566913, 50.283879400192085], [20.593503398764383, 50.282972697890706], [20.58853709864874, 50.282066001277805], [20.583925597137714, 50.28025249883069], [20.581087702374194, 50.27775890195655], [20.580378203979645, 50.27481169749253], [20.581087702374194, 50.27163759950005], [20.581087702374194, 50.269143499692866], [20.578604498417455, 50.2673294992057], [20.57363819830181, 50.2657421985565], [20.570090796160585, 50.26324780145415], [20.567962399791618, 50.26098009978097], [20.568317198396233, 50.258712198254216], [20.569736096370654, 50.25508340244532], [20.571155102142903, 50.25168120057314], [20.570445603748357, 50.249412902306176], [20.567962399791618, 50.2469175983737], [20.56264139988604, 50.24442230165922], [20.557320301165777, 50.24306109731737], [20.550935103075716, 50.24419540249926], [20.546323502750006, 50.24623709988563], [20.542776100608783, 50.246690797261714], [20.538519298887692, 50.24578339819044], [20.53532670433424, 50.24419540249926], [20.53497189674647, 50.24215360041398], [20.536036103914103, 50.239884900344755], [20.538519298887692, 50.23852360089533], [20.541357202634366, 50.236708399797045], [20.542776100608783, 50.234893198535104], [20.54454979718782, 50.23217029866325], [20.54454979718782, 50.22944719731881], [20.543485599003336, 50.2260431019558], [20.541357202634366, 50.22309280054326], [20.536036103914103, 50.22195790126422], [20.52894139844634, 50.220369198080135], [20.526813002077372, 50.21878029828501], [20.525748803892885, 50.21673740191075], [20.52503929651518, 50.21469449853355], [20.524684596725248, 50.21242439982102], [20.523975098330695, 50.21083529865285], [20.521491903357113, 50.208792102316075], [20.515816203661597, 50.20742989791017], [20.510140396168254, 50.20856510256903], [20.507657201194665, 50.21287840176012], [20.506238303220243, 50.21809939811117], [20.505883495632474, 50.22286579985787], [20.50410989786812, 50.2260431019558], [20.500207795936962, 50.22717789828705], [20.49595090438434, 50.226723997936915], [20.49133930405863, 50.224908399314046], [20.488856198916576, 50.222638798092156], [20.48779200073209, 50.220142201676374], [20.48779200073209, 50.21741840199734], [20.486373003942987, 50.21469449853355], [20.484244598590866, 50.21242439982102], [20.48034249665971, 50.21038130027016], [20.472538301780546, 50.209700199738265], [20.467926701454836, 50.20947319856173], [20.462960401339192, 50.208792102316075], [20.459058299408035, 50.20742989791017], [20.457284602828995, 50.20470540119821], [20.45657520324913, 50.20198080070586], [20.455865695871427, 50.19925599868429], [20.45409199929239, 50.196758098111914], [20.448770999386813, 50.19494139922375], [20.442740402272005, 50.19494139922375], [20.437419402366427, 50.195849702677], [20.433872000225204, 50.19789349909492], [20.43280780204072, 50.20152659733625], [20.433162600645332, 50.20606770061737], [20.430679396688593, 50.20947319856173], [20.426777303740586, 50.21038130027016], [20.421456196037177, 50.21060829712697], [20.41542569773705, 50.209927199834986], [20.411168896015955, 50.20788399911201], [20.406912103278017, 50.20584060166897], [20.402300502952308, 50.203343097393514], [20.398043602416532, 50.20311610047744], [20.392013104116405, 50.203797197232284], [20.38846580078986, 50.20311610047744], [20.385982596833124, 50.20129959753157], [20.381370996507414, 50.19902890182725], [20.37604999660184, 50.198574699121814], [20.37250260344376, 50.200845399180324], [20.369309999907156, 50.204024300153925], [20.36966469969709, 50.20811100209882], [20.36895520130254, 50.21015430233354], [20.366472096160482, 50.211516400230096], [20.36150579604484, 50.21174339743607], [20.356184697324583, 50.21038130027016], [20.350863697419, 50.21060829712697], [20.34625209709329, 50.2135594971693], [20.343059502539838, 50.2165103997217], [20.33951210039861, 50.220142201676374], [20.335964797072073, 50.222411898701175], [20.33028899856188, 50.22309280054326], [20.326032098026104, 50.222184900522834], [20.323903701657134, 50.219461200236154], [20.32567739823617, 50.21696439727154], [20.32816050337823, 50.21446749812127], [20.328870001772778, 50.21197039931096], [20.32851530198284, 50.209246202054466], [20.32319420326258, 50.20788399911201], [20.31822790314694, 50.20811100209882], [20.31361640163591, 50.20697579813683], [20.31077849788924, 50.20584060166897], [20.307231095748016, 50.20470540119821], [20.30155529723782, 50.20447839926158], [20.29729849551673, 50.20606770061737], [20.294105802148593, 50.209700199738265], [20.289139502032945, 50.21015430233354], [20.284882700311854, 50.209246202054466], [20.28133529817063, 50.20697579813683], [20.279916400196214, 50.204251298500566], [20.28204479656518, 50.20129959753157], [20.287011096680825, 50.19812060135314], [20.288430102453077, 50.195395498478135], [20.287720604058528, 50.192443301657256], [20.285592198706407, 50.19017209843164], [20.28133529817063, 50.18858230232902], [20.277433196239475, 50.18699240153487], [20.274950100080574, 50.18494820175233], [20.271402697939347, 50.18358529960263], [20.26608169803377, 50.18517530231379], [20.265017499849282, 50.187900902213876], [20.26182479749799, 50.1908535006487], [20.25863220294454, 50.191989001790304], [20.252956404434347, 50.191534801123105], [20.2479901043187, 50.19108060188689], [20.24337850399299, 50.19039930068354], [20.241604798430803, 50.187900902213876], [20.24337850399299, 50.18517530231379], [20.24657119736113, 50.18335809944577], [20.24940900229312, 50.18199519794253], [20.25047329929229, 50.179723601350446], [20.248344804108637, 50.17722470192343], [20.246216398756513, 50.1754073001381], [20.243023804203055, 50.17381689748332], [20.239831200666448, 50.17177209929943], [20.238766903667283, 50.16881840178261], [20.238766903667283, 50.16313760107231], [20.23628379852523, 50.16131960016736], [20.23202699680413, 50.16131960016736], [20.228124903856127, 50.16200129890363], [20.225996399689322, 50.164501000269716], [20.224222801924967, 50.16790949786795], [20.221030099573678, 50.17040890176277], [20.216773297852583, 50.1694999993282], [20.212871195921426, 50.16790949786795], [20.210388000947844, 50.165864400857956], [20.208969102973423, 50.1629102979131], [20.209323802763357, 50.1604105018489], [20.212161697526877, 50.15722880071913], [20.21499960127355, 50.15472870179125], [20.216418598062653, 50.15177389913073], [20.2157090996681, 50.148364302708956], [20.21358070329913, 50.14563649889619], [20.210388000947844, 50.14313579959276], [20.206485899016684, 50.14131699776196], [20.203293304463227, 50.14086229801337], [20.198681704137517, 50.141771698945746], [20.19513440081098, 50.14359050075898], [20.19052280048527, 50.14495449772776], [20.18555650036963, 50.14518179990919], [20.181299599833853, 50.14427249834854], [20.179526002069494, 50.14268109986125], [20.179171203464882, 50.14040759970014], [20.17810699629724, 50.1385886998943], [20.17633329971821, 50.13563289995066], [20.1738502035593, 50.13381389922433], [20.170657501208016, 50.133359099369684], [20.168107597341425, 50.14118749933605], [20.16621570043731, 50.1460373972216], [20.164323803533186, 50.15179600220533], [20.159121003952695, 50.15785699920382], [20.15297219752965, 50.165734997667855], [20.149188295923572, 50.17330890216446], [20.147769397949155, 50.18148730108222], [20.147296399019456, 50.18905859967085], [20.147769397949155, 50.196023201076635], [20.15060730169583, 50.202683998954576], [20.152026199670246, 50.20904120058317], [20.152026199670246, 50.216608199738765], [20.149661303836425, 50.22145040069817], [20.145877501045035, 50.222055701608966], [20.138309796647565, 50.22447659855161], [20.12695819962718, 50.226897297911904], [20.11324169778982, 50.23052829760161], [20.107092999164603, 50.227502500966494], [20.102363099699133, 50.22538439747996], [20.090538602563726, 50.225081797841284], [20.083916797210975, 50.22568700094587], [20.072565299005273, 50.22810770208785], [20.065943502635676, 50.22992309846616], [20.060267704125483, 50.232948701292955], [20.055064895561838, 50.23506660098097], [20.048443198006925, 50.23597419833103], [20.04087550259261, 50.236276700127746], [20.035199704082412, 50.23597419833103], [20.030469903431623, 50.23415890016215], [20.023375099149174, 50.229318000836635], [20.019118297428083, 50.22719989752575], [20.01107760308407, 50.22538439747996], [20.004455896546006, 50.22598960249186], [20.000198996010226, 50.22810770208785], [19.994996196429735, 50.23022570186727], [19.988847497804525, 50.231738500438794], [19.981279703575527, 50.2311334028595], [19.977022901854433, 50.23204109806608], [19.97513099596716, 50.23476399957003], [19.977022901854433, 50.238394400277095], [19.979387797688254, 50.24051189719645], [19.981279703575527, 50.243839402572114], [19.980333795547654, 50.2474689972895], [19.97513099596716, 50.2501910980931], [19.96945519745697, 50.2504934981868], [19.96330640001707, 50.24837639873397], [19.95810360043658, 50.24504930202078], [19.955738695619605, 50.2417218983466], [19.952900800856085, 50.237789300979635], [19.946752102230874, 50.236881801386765], [19.94154930265038, 50.236881801386765], [19.936346404255207, 50.239906899466725], [19.93256260146381, 50.24444429868715], [19.93114359569156, 50.2504934981868], [19.926886802953618, 50.254727501080154], [19.918846099626453, 50.25563470113323], [19.91175140314184, 50.254122597634435], [19.907021602491042, 50.249283702481215], [19.904183698744372, 50.24535170027475], [19.900872796068, 50.24262939772404], [19.890467196907014, 50.24051189719645], [19.87911559988662, 50.23960439772245], [19.86303420221544, 50.24141940237489], [19.84789880240366, 50.24293189750705], [19.82897950098581, 50.2474689972895], [19.808168302663834, 50.25261049783986], [19.793978900711455, 50.258658700986636], [19.783100302620767, 50.26349659813482], [19.77600549833832, 50.26954340205768], [19.771748696617223, 50.27589170009219], [19.767964902808984, 50.284052498132326], [19.76607289810703, 50.28919010228598], [19.761343097456237, 50.29342060265553], [19.754721399901328, 50.297046500571895], [19.74809960353173, 50.30006780222028], [19.73674799752819, 50.300672099199176], [19.728707303184176, 50.29976569962645], [19.72208559664611, 50.29946360085219], [19.714044902302096, 50.301276302431134], [19.70553120004523, 50.3024848006277], [19.698436503560615, 50.30459950104945], [19.69228769713757, 50.31033899790598], [19.69134179809285, 50.31637980105363], [19.687557896486773, 50.32332579880635], [19.684247002793555, 50.32634549994998], [19.67762529625549, 50.32694939995024], [19.672422496674997, 50.32664739929496], [19.66343580447158, 50.326043501192], [19.655868100074112, 50.32362779762824], [19.65066530049362, 50.321513897495095], [19.645462500913126, 50.31698390225302], [19.644043602938705, 50.313359501154565], [19.64120569919203, 50.31064110218666], [19.63694879865626, 50.308526601559336], [19.633164995864867, 50.308828700143415], [19.630800100031045, 50.31064110218666], [19.628908104312245, 50.31305750019393], [19.62465130259115, 50.31819189807183], [19.62039450087006, 50.322419899800536], [19.614245703430164, 50.32785520115299], [19.609515902779375, 50.330270798795695], [19.601948198381905, 50.33057270187617], [19.592488498265634, 50.3299688020445], [19.58208289910465, 50.32966690086162], [19.56647450036317, 50.32936499776062], [19.552285098410792, 50.32936499776062], [19.53525770288021, 50.32906300098721], [19.52248719890225, 50.33087459730404], [19.51397349664538, 50.33359190241813], [19.50593280230137, 50.33812040084987], [19.49741919885918, 50.34264839882607], [19.489851395647033, 50.343855799698225], [19.482756699162422, 50.34415770244851], [19.473770096790535, 50.343252097366], [19.45532380328553, 50.341742902559275], [19.435931502937976, 50.339629802491025], [19.421269003241218, 50.33872420280931], [19.40376869861246, 50.33993169770384], [19.386268402966863, 50.34264839882607], [19.376335802735575, 50.347175999563476], [19.367349101549006, 50.35291040239527], [19.35930839822184, 50.36045450080138], [19.351740702807525, 50.36528209783047], [19.346537903227034, 50.36769579815614], [19.339916097874287, 50.36769579815614], [19.334240398178775, 50.3655838987408], [19.329983497642996, 50.362264900067984], [19.31674000371849, 50.359549298197], [19.29971269801944, 50.35411750225227], [19.278428500767763, 50.34959059773287], [19.25761730244579, 50.34777969787682], [19.237752003168534, 50.347175999563476], [19.22592749704998, 50.34777969787682], [19.21741380377626, 50.34959059773287], [19.209846099378794, 50.35170319733324], [19.205589297657703, 50.35170319733324], [19.196129597541432, 50.350194202296734], [19.18241309570407, 50.34959059773287], [19.174372401360056, 50.34566690078151], [19.171061597498365, 50.34204469834579], [19.167750703805147, 50.33630909800043], [19.16302090315435, 50.33359190241813], [19.15773289836916, 50.33298620029098], [19.154869500434724, 50.334509297271204], [19.145802103586185, 50.33633699850629], [19.141984200746606, 50.33846920003319], [19.134348502865286, 50.343037897428104], [19.13100790188562, 50.34791060240003], [19.129098999873168, 50.352173899416634], [19.12766730090595, 50.357045798817374], [19.120986000131936, 50.36283040144073], [19.11525920426306, 50.365265898353904], [19.10762349739859, 50.36861440226579], [19.102374003389627, 50.37287580009145], [19.093783800603163, 50.37835420071233], [19.086625296783918, 50.38231040193343], [19.080898500915048, 50.38717920251949], [19.07564899792293, 50.3926560028517], [19.071831104066508, 50.398436299288704], [19.07135390102128, 50.40360760272044], [19.07135390102128, 50.40847410213841], [19.06849050308684, 50.413948402498654], [19.064672600247263, 50.41668529832264], [19.061809202312823, 50.42276679735284], [19.06037750334561, 50.42823940048512], [19.06037750334561, 50.43249549848375], [19.058468601333157, 50.437967000215764], [19.058945804378386, 50.44131040029866], [19.06133199926759, 50.446477001875515], [19.06133199926759, 50.45255460090202], [19.05799139828793, 50.456808501493924], [19.052264602419054, 50.4610620024208], [19.045106098599813, 50.461973399577154], [19.04081100169816, 50.46470750282489], [19.036993197673258, 50.46835280227683], [19.032698100771604, 50.46956779962412], [19.026971295919576, 50.46896029913533], [19.02219899597269, 50.46865649736282], [19.0150405011366, 50.46956779962412], [19.010268201189717, 50.472909001410834], [19.006927501395367, 50.47594620071276], [18.999768997576123, 50.47594620071276], [18.99547399948915, 50.47533879933065], [18.98831549566991, 50.47533879933065], [18.982111496755802, 50.477464698606816], [18.979248098821365, 50.47928690028841], [18.973998497014573, 50.48414569846916], [18.97495300191971, 50.48748580138662], [18.978770796961456, 50.48991479859656], [18.987838202793146, 50.49386180204236], [18.99547399948915, 50.498719101752336], [18.998337397423587, 50.50509350073826], [18.996428396596457, 50.510556602039664], [18.990224397682354, 50.51783979768518], [18.992610601554713, 50.52360480048175], [18.996428396596457, 50.53179610248885], [18.997382901501595, 50.53695280252679], [19.00263239551056, 50.54241219995244], [19.008359200362587, 50.55060020256038], [19.021244500050702, 50.5630309990664], [19.030311896899242, 50.57333710258012], [19.037947603763715, 50.581519700197184], [19.04892400143939, 50.59030680136991], [19.05942309725515, 50.599395197203506], [19.069444900194146, 50.60908760144991], [19.0789895989026, 50.62120019970004], [19.08948870370151, 50.62967720257318], [19.101896701529714, 50.63936339725364], [19.10762349739859, 50.64753449729198], [19.111441400238164, 50.65842709858751], [19.109532399411037, 50.670224597784255], [19.107146303336513, 50.684438098973516], [19.101896701529714, 50.69743820053762], [19.09807889750482, 50.70831930119547], [19.096169896677686, 50.72070850167781], [19.09473819771047, 50.72554239863178], [19.09473819771047, 50.7324903023317], [19.09807889750482, 50.74094730129727], [19.09855610055005, 50.74547710192299], [19.095215499570386, 50.747590897187386], [19.089011500656277, 50.747590897187386], [19.080898500915048, 50.746081099450755], [19.07708069689015, 50.742155297421476], [19.069444900194146, 50.735812900457574], [19.056559699320708, 50.736416999907746], [19.04606060350495, 50.739135200357666], [19.03222079891169, 50.74426919717942], [19.014563199276694, 50.74819479923899], [19.001200696543343, 50.75362980017125], [18.98115700083381, 50.7602716021896], [18.97256679804735, 50.769327202167936], [18.957772596346786, 50.777777497189696], [18.946318995625887, 50.783510702759465], [18.935342696764895, 50.79135509795038], [18.927229795838347, 50.797689902140306], [18.915776204100602, 50.804928699212155], [18.911003904153716, 50.81699089934286], [18.901936498322023, 50.831159902541664], [18.89334629553556, 50.8423112982436], [18.885233295794325, 50.84833790068753], [18.872348103904038, 50.84863919959809], [18.8537359993639, 50.84894050223425], [18.846100301482576, 50.84924179725267], [18.836555602774123, 50.85285740118809], [18.830351603860024, 50.85436379837373], [18.822715896995547, 50.85406250241317], [18.813648500147007, 50.8549662993916], [18.80887620020012, 50.85647260010966], [18.80171769638088, 50.8621961978022], [18.79837710438436, 50.865509598206714], [18.79312750257757, 50.87062969942901], [18.787877999585454, 50.876050399800576], [18.782628397778655, 50.878459400747595], [18.77881060273691, 50.878459400747595], [18.7721293019629, 50.88418029944893], [18.768788700983233, 50.88959949741433], [18.76449360408158, 50.89170669985915], [18.76210740020922, 50.89562000099052], [18.76449360408158, 50.90133879822119], [18.76210740020922, 50.90495030024375], [18.75256280031545, 50.90856149946704], [18.74826770341379, 50.90916330006279], [18.73633689964766, 50.91006610248499], [18.73108729784087, 50.912774200790196], [18.723451599959542, 50.915783097173716], [18.71867930001266, 50.916685697572454], [18.714861397173085, 50.91728750073271], [18.702453399344876, 50.91758829745462], [18.699590001410442, 50.91758829745462], [18.69577219738554, 50.92180030068805], [18.689090896611525, 50.92992219918913], [18.685273101569788, 50.93142610032723], [18.679546296717756, 50.93503520012725], [18.680977995684977, 50.938944797385666], [18.685273101569788, 50.942252701034455], [18.692431497591194, 50.945861102134515], [18.692908799451107, 50.94916840053106], [18.692908799451107, 50.95367810228794], [18.695294895525635, 50.95908920075952], [18.69911279836521, 50.96269619877512], [18.701976196299647, 50.971412002219296], [18.700067303270348, 50.974417100396636], [18.702930602390108, 50.97922480099921], [18.704362301357325, 50.98643540165226], [18.705316797279313, 50.99244340267649], [18.707703001151675, 50.99875099957612], [18.706271302184454, 51.00926170123793], [18.701976196299647, 51.02337239731667], [18.691954303529116, 51.03447769919363], [18.683841402602567, 51.04738060265539], [18.672864995943744, 51.054580602118236], [18.663320396049976, 51.063279200766885], [18.644231097447754, 51.0713763986065], [18.63039140065233, 51.07437500151228], [18.614165499984544, 51.075574398429886], [18.59603059848963, 51.07737339883118], [18.574078000767653, 51.08097120108815], [18.5468757024242, 51.08696699734963], [18.524922996904387, 51.09356140174447], [18.508219902174524, 51.0986565002779], [18.489607896449066, 51.10375099789764], [18.46340669862454, 51.10830530056385], [18.441340796395775, 51.114978301775], [18.42810050047368, 51.11573390008732], [18.418471297246455, 51.12026720229501], [18.41606390211654, 51.12480009917435], [18.41245299806788, 51.129332602004006], [18.396805396847405, 51.13461989875209], [18.38356510092531, 51.141416998441336], [18.36912119726978, 51.14594779722766], [18.363102996905894, 51.14745800223289], [18.35347370384714, 51.149723200184106], [18.340233398941887, 51.14896810147275], [18.32819689939943, 51.151233202767585], [18.325789504269515, 51.1572730007352], [18.31736389979256, 51.161802198015394], [18.30653099900038, 51.1633119011086], [18.30291999613704, 51.168595301041684], [18.30412370268515, 51.17689660010998], [18.29930900225685, 51.18896860200056], [18.2908833977799, 51.20254569789702], [18.287272502714394, 51.21084090101536], [18.287272502714394, 51.22215010018656], [18.2908833977799, 51.22591919905137], [18.29449440064324, 51.23194919964248], [18.29449440064324, 51.240239100617465], [18.29449440064324, 51.24626710106995], [18.295698098208195, 51.25681429796424], [18.293290703078284, 51.264346598755644], [18.292087104328008, 51.27037150128694], [18.288476101464667, 51.28016029735761], [18.28486509860133, 51.28844149800541], [18.2824578022861, 51.29747380002378], [18.281254203535823, 51.306504398262064], [18.280050496987712, 51.31703780201761], [18.28486509860133, 51.325312301759], [18.289679799029624, 51.33659340243503], [18.295698098208195, 51.346368100871175], [18.301716397386762, 51.354637297635364], [18.30291999613704, 51.36290509743799], [18.30051269982181, 51.37267420101567], [18.301716397386762, 51.38093870027117], [18.30412370268515, 51.38845060094924], [18.307734696565337, 51.392957100181334], [18.313752896929227, 51.39746320039394], [18.319771196107794, 51.40422150168701], [18.319771196107794, 51.41172960270463], [18.31736389979256, 51.41623379762063], [18.31736389979256, 51.42524100178359], [18.319771196107794, 51.44024900083017], [18.312549298178947, 51.450751698136], [18.301716397386762, 51.4597520987543], [18.288476101464667, 51.464251600026344], [18.274032197809145, 51.46875070245552], [18.27042120392896, 51.47399900230213], [18.275235904357253, 51.48149560212582], [18.277643200672486, 51.48599299858258], [18.272828599058872, 51.494986399368806], [18.268013898630574, 51.50098100127512], [18.27042120392896, 51.510720600277466], [18.275235904357253, 51.5197092010945], [18.288476101464667, 51.52495169846344], [18.30412370268515, 51.527947101956265], [18.31736389979256, 51.53019359790749], [18.325789504269515, 51.53243989918725], [18.329400498149703, 51.54292139832847], [18.325789504269515, 51.5526519974452], [18.311345600613993, 51.563876999296255], [18.295698098208195, 51.57061070078185], [18.27643950310753, 51.580335399738885]]]}}]}