{
"type": "FeatureCollection",
"name": "A1_EJL_galicia",
"crs": { "type": "name", "properties": { "name": "urn:ogc:def:crs:OGC:1.3:CRS84" } },
"features": [
{ "type": "Feature", "properties": { "prov": "Galicia", "dist": "Rzeszow", "code": "GLC_RZS_TYCZ", "name": "Tyczyn" }, "geometry": { "type": "Point", "coordinates": [ 49.96666667, 22.03333333 ] } },
{ "type": "Feature", "properties": { "prov": "Galicia", "dist": "Trembowla", "code": "GLC_TRM_DLYN", "name": "Janow" }, "geometry": { "type": "Point", "coordinates": [ 49.21666667, 25.71666667 ] } },
{ "type": "Feature", "properties": { "prov": "Prussia", "dist": "Posen", "code": "PRU_PSN_CZRN", "name": "Czarnkow" }, "geometry": { "type": "Point", "coordinates": [ 52.9, 16.56666667 ] } },
{ "type": "Feature", "properties": { "prov": "Galicia", "dist": "Turka", "code": "GLC_TRK_NYZH", "name": "Wysocko Nizne" }, "geometry": { "type": "Point", "coordinates": [ 49.03333333, 23.01666667 ] } },
{ "type": "Feature", "properties": { "prov": "Galicia", "dist": "Zloczow", "code": "GLC_ZLC_SKLV", "name": "Sokolowka" }, "geometry": { "type": "Point", "coordinates": [ 50.03333333, 24.85 ] } },
{ "type": "Feature", "properties": { "prov": "Galicia", "dist": "Zaleszczyki", "code": "GLC_ZLS_USTC", "name": "Ustechko" }, "geometry": { "type": "Point", "coordinates": [ 48.76666667, 25.6 ] } },
{ "type": "Feature", "properties": { "prov": "Prussia", "dist": "Posen", "code": "PRU_PSN_NKLN", "name": "Nakel nad Notecia" }, "geometry": { "type": "Point", "coordinates": [ 53.15, 17.6 ] } },
{ "type": "Feature", "properties": { "prov": "Galicia", "dist": "Wiznitz", "code": "GLC_WLC_WLCZ", "name": "Wieliczka" }, "geometry": { "type": "Point", "coordinates": [ 49.98333333, 20.06666667 ] } },
{ "type": "Feature", "properties": { "prov": "Prussia", "dist": "Pommern", "code": "PRU_PMM_PLNW", "name": "Wolanow" }, "geometry": { "type": "Point", "coordinates": [ 54.11666667, 16.68333333 ] } },
{ "type": "Feature", "properties": { "prov": "Bukovina", "dist": "Wiznitz", "code": "BKV_WZN_BRHM", "name": "Berhomet am Siret" }, "geometry": { "type": "Point", "coordinates": [ 48.18333333, 25.33333333 ] } },
{ "type": "Feature", "properties": { "prov": "Galicia", "dist": "Husiatyn", "code": "GLC_HST_PRBZ", "name": "Probuzna" }, "geometry": { "type": "Point", "coordinates": [ 49.03333333, 25.98333333 ] } },
{ "type": "Feature", "properties": { "prov": "Galicia", "dist": "Grodek", "code": "GLC_GRD_IVNF", "name": "Janow" }, "geometry": { "type": "Point", "coordinates": [ 49.91666667, 23.73333333 ] } },
{ "type": "Feature", "properties": { "prov": "Galicia", "dist": "Stanislawow", "code": "GLC_SKL_VRYZ", "name": "Warenz" }, "geometry": { "type": "Point", "coordinates": [ 50.51666667, 24.1 ] } },
{ "type": "Feature", "properties": { "prov": "Prussia", "dist": "Westpreussen", "code": "PRU_WST_TCHL", "name": "Tuchola" }, "geometry": { "type": "Point", "coordinates": [ 53.58333333, 17.85 ] } },
{ "type": "Feature", "properties": { "prov": "Prussia", "dist": "Pommern", "code": "PRU_PMM_SLPS", "name": "Stolp" }, "geometry": { "type": "Point", "coordinates": [ 54.45, 17.03333333 ] } },
{ "type": "Feature", "properties": { "prov": "Galicia", "dist": "Lancut", "code": "GLC_LNC_KNCZ", "name": "Kanczuga" }, "geometry": { "type": "Point", "coordinates": [ 49.98333333, 22.41666667 ] } },
{ "type": "Feature", "properties": { "prov": "Prussia", "dist": "Posen", "code": "PRU_PSN_SZMT", "name": "Samter" }, "geometry": { "type": "Point", "coordinates": [ 52.61666667, 16.58333333 ] } },
{ "type": "Feature", "properties": { "prov": "Galicia", "dist": "Rzeszow", "code": "GLC_RZS_BLZW", "name": "Blazowa" }, "geometry": { "type": "Point", "coordinates": [ 49.88333333, 22.1 ] } },
{ "type": "Feature", "properties": { "prov": "Galicia", "dist": "Horodenka", "code": "GLC_HRD_CHRT", "name": "Czortowiec" }, "geometry": { "type": "Point", "coordinates": [ 48.7, 25.28333333 ] } },
{ "type": "Feature", "properties": { "prov": "Galicia", "dist": "Jaslo", "code": "GLC_JSL_JSL", "name": "Jaslo" }, "geometry": { "type": "Point", "coordinates": [ 49.75, 21.46666667 ] } },
{ "type": "Feature", "properties": { "prov": "Bukovina", "dist": "Suceava", "code": "BKV_SCZ_DRMN", "name": "Darmanesti" }, "geometry": { "type": "Point", "coordinates": [ 47.73333333, 26.15 ] } },
{ "type": "Feature", "properties": { "prov": "Galicia", "dist": "Drohobycz", "code": "GLC_DRH_DRHB", "name": "Drohobycz" }, "geometry": { "type": "Point", "coordinates": [ 49.35, 23.5 ] } },
{ "type": "Feature", "properties": { "prov": "Bukovina", "dist": "Storojinet", "code": "BKV_STR_NYZH", "name": "Unter Stanestie" }, "geometry": { "type": "Point", "coordinates": [ 48.31666667, 25.56666667 ] } },
{ "type": "Feature", "properties": { "prov": "Galicia", "dist": "Brzozow", "code": "GLC_BRZ_BRZZ", "name": "Brzozow" }, "geometry": { "type": "Point", "coordinates": [ 49.7, 22.01666667 ] } },
{ "type": "Feature", "properties": { "prov": "Prussia", "dist": "Schlesien", "code": "PRU_SCH_MYSL", "name": "Myslowitz" }, "geometry": { "type": "Point", "coordinates": [ 50.23333333, 19.15 ] } },
{ "type": "Feature", "properties": { "prov": "Prussia", "dist": "Posen", "code": "PRU_PSN_LBSZ", "name": "Labischin" }, "geometry": { "type": "Point", "coordinates": [ 52.95, 17.93333333 ] } },
{ "type": "Feature", "properties": { "prov": "Galicia", "dist": "Stryj", "code": "GLC_STR_VRKH", "name": "Synowodzko Wyzne" }, "geometry": { "type": "Point", "coordinates": [ 49.1, 23.58333333 ] } },
{ "type": "Feature", "properties": { "prov": "Galicia", "dist": "Turka", "code": "GLC_TRK_DZWN", "name": "Dzwiniacz Gorny" }, "geometry": { "type": "Point", "coordinates": [ 49.15, 22.78333333 ] } },
{ "type": "Feature", "properties": { "prov": "Galicia", "dist": "Lancut", "code": "GLC_LNC_SDLC", "name": "Male Siedliszcze" }, "geometry": { "type": "Point", "coordinates": [ 49.96666667, 22.36666667 ] } },
{ "type": "Feature", "properties": { "prov": "Galicia", "dist": "Jaroslaw", "code": "GLC_JRS_RDYM", "name": "Radymno" }, "geometry": { "type": "Point", "coordinates": [ 49.95, 22.83333333 ] } },
{ "type": "Feature", "properties": { "prov": "Galicia", "dist": "Rzeszow", "code": "GLC_RZS_JWRN", "name": "Jawornik Polski" }, "geometry": { "type": "Point", "coordinates": [ 49.88333333, 22.28333333 ] } },
{ "type": "Feature", "properties": { "prov": "Galicia", "dist": "Zbaraz", "code": "GLC_ZBR_STRY", "name": "Stryjowka" }, "geometry": { "type": "Point", "coordinates": [ 49.6, 25.81666667 ] } },
{ "type": "Feature", "properties": { "prov": "Galicia", "dist": "Rzeszow", "code": "GLC_RZS_RZSZ", "name": "Reichshof" }, "geometry": { "type": "Point", "coordinates": [ 50.05, 22.0 ] } },
{ "type": "Feature", "properties": { "prov": "Prussia", "dist": "Schlesien", "code": "PRU_SCH_GRDK", "name": "Grottkau" }, "geometry": { "type": "Point", "coordinates": [ 50.7, 17.38333333 ] } },
{ "type": "Feature", "properties": { "prov": "Galicia", "dist": "Borszczow", "code": "GLC_BRS_USTY", "name": "Uscie Biskupie" }, "geometry": { "type": "Point", "coordinates": [ 48.61666667, 26.1 ] } },
{ "type": "Feature", "properties": { "prov": "Prussia", "dist": "Ostpreussen", "code": "PRU_OST_BRTS", "name": "Bartenstein" }, "geometry": { "type": "Point", "coordinates": [ 54.25, 20.81666667 ] } },
{ "type": "Feature", "properties": { "prov": "Galicia", "dist": "Turka", "code": "GLC_TRK_BRYN", "name": "Borynia" }, "geometry": { "type": "Point", "coordinates": [ 49.06666667, 23.0 ] } },
{ "type": "Feature", "properties": { "prov": "Prussia", "dist": "Posen", "code": "PRU_PSN_MSTC", "name": "Friedheim" }, "geometry": { "type": "Point", "coordinates": [ 53.1, 17.0 ] } },
{ "type": "Feature", "properties": { "prov": "Galicia", "dist": "Suceava", "code": "GLC_STR_STRZ", "name": "Strzyzow" }, "geometry": { "type": "Point", "coordinates": [ 49.86666667, 21.8 ] } },
{ "type": "Feature", "properties": { "prov": "Bukovina", "dist": "Wiznitz", "code": "BKV_WZN_VSHK", "name": "Waschkoutz am Czeremosch" }, "geometry": { "type": "Point", "coordinates": [ 48.38333333, 25.51666667 ] } },
{ "type": "Feature", "properties": { "prov": "Prussia", "dist": "Posen", "code": "PRU_PSN_SLCK", "name": "Schulitz" }, "geometry": { "type": "Point", "coordinates": [ 53.08333333, 18.21666667 ] } },
{ "type": "Feature", "properties": { "prov": "Bukovina", "dist": "Sereth", "code": "BKV_SRT_DRNS", "name": "Dornestie" }, "geometry": { "type": "Point", "coordinates": [ 47.86666667, 26.01666667 ] } },
{ "type": "Feature", "properties": { "prov": "Prussia", "dist": "Ostpreussen", "code": "PRU_OST_GLDP", "name": "Goldap" }, "geometry": { "type": "Point", "coordinates": [ 54.3, 22.3 ] } },
{ "type": "Feature", "properties": { "prov": "Prussia", "dist": "Posen", "code": "PRU_PSN_PBDZ", "name": "Pudewitz" }, "geometry": { "type": "Point", "coordinates": [ 52.46666667, 17.3 ] } },
{ "type": "Feature", "properties": { "prov": "Prussia", "dist": "Posen", "code": "PRU_PSN_WLSZ", "name": "Wollstein" }, "geometry": { "type": "Point", "coordinates": [ 52.11666667, 16.13333333 ] } },
{ "type": "Feature", "properties": { "prov": "Galicia", "dist": "Zloczow", "code": "GLC_ZLC_OLSK", "name": "Olesko" }, "geometry": { "type": "Point", "coordinates": [ 49.96666667, 24.88333333 ] } },
{ "type": "Feature", "properties": { "prov": "Galicia", "dist": "Limanowa", "code": "GLC_LMN_TYMB", "name": "Tymbark" }, "geometry": { "type": "Point", "coordinates": [ 49.73333333, 20.33333333 ] } },
{ "type": "Feature", "properties": { "prov": "Prussia", "dist": "Westpreussen", "code": "PRU_WST_TCZN", "name": "Tutz" }, "geometry": { "type": "Point", "coordinates": [ 53.18333333, 16.15 ] } },
{ "type": "Feature", "properties": { "prov": "Galicia", "dist": "Buczacz", "code": "GLC_BCZ_USTY", "name": "Uscie Zielone" }, "geometry": { "type": "Point", "coordinates": [ 49.03333333, 24.96666667 ] } },
{ "type": "Feature", "properties": { "prov": "Galicia", "dist": "Rawa Ruska", "code": "GLC_RW_LBYC", "name": "Lubycza Krolewska" }, "geometry": { "type": "Point", "coordinates": [ 50.33333333, 23.53333333 ] } },
{ "type": "Feature", "properties": { "prov": "Galicia", "dist": "Jaslo", "code": "GLC_JSL_FRYS", "name": "Frysztak" }, "geometry": { "type": "Point", "coordinates": [ 49.83333333, 21.61666667 ] } },
{ "type": "Feature", "properties": { "prov": "Prussia", "dist": "Pommern", "code": "PRU_PMM_DBR", "name": "Daber" }, "geometry": { "type": "Point", "coordinates": [ 53.58333333, 15.3 ] } },
{ "type": "Feature", "properties": { "prov": "Bukovina", "dist": "Wiznitz", "code": "BKV_WZN_BNYL", "name": "Banilla am Ceremus" }, "geometry": { "type": "Point", "coordinates": [ 48.36666667, 25.36666667 ] } },
{ "type": "Feature", "properties": { "prov": "Bukovina", "dist": "Kotzman", "code": "BKV_KTZ_TVTR", "name": "Toutry" }, "geometry": { "type": "Point", "coordinates": [ 48.56666667, 25.86666667 ] } },
{ "type": "Feature", "properties": { "prov": "Prussia", "dist": "Schlesien", "code": "PRU_SCH_LWNB", "name": "Loewen" }, "geometry": { "type": "Point", "coordinates": [ 50.75, 17.61666667 ] } },
{ "type": "Feature", "properties": { "prov": "Prussia", "dist": "Schlesien", "code": "PRU_SCH_LDKZ", "name": "Landeck" }, "geometry": { "type": "Point", "coordinates": [ 50.35, 16.88333333 ] } },
{ "type": "Feature", "properties": { "prov": "Galicia", "dist": "Brody", "code": "GLC_BRD_STNS", "name": "Stanislawczyk" }, "geometry": { "type": "Point", "coordinates": [ 50.16666667, 24.9 ] } },
{ "type": "Feature", "properties": { "prov": "Prussia", "dist": "Posen", "code": "PRU_PSN_CHDZ", "name": "Chodziez" }, "geometry": { "type": "Point", "coordinates": [ 52.98333333, 16.91666667 ] } },
{ "type": "Feature", "properties": { "prov": "Prussia", "dist": "Posen", "code": "PRU_PSN_GRDZ", "name": "Grodzisk Wielkopolski" }, "geometry": { "type": "Point", "coordinates": [ 52.23333333, 16.36666667 ] } },
{ "type": "Feature", "properties": { "prov": "Prussia", "dist": "Schlesien", "code": "PRU_SCH_ZBRZ", "name": "Hindenburg" }, "geometry": { "type": "Point", "coordinates": [ 50.31666667, 18.78333333 ] } },
{ "type": "Feature", "properties": { "prov": "Bukovina", "dist": "Sadagora", "code": "BKV_SDG_BYNY", "name": "Bojan" }, "geometry": { "type": "Point", "coordinates": [ 48.28333333, 26.13333333 ] } },
{ "type": "Feature", "properties": { "prov": "Prussia", "dist": "Ostpreussen", "code": "PRU_OST_SVTS", "name": "Tilsit" }, "geometry": { "type": "Point", "coordinates": [ 55.06666667, 21.88333333 ] } },
{ "type": "Feature", "properties": { "prov": "Galicia", "dist": "Cieszanow", "code": "GLC_CSZ_NRL", "name": "Narol" }, "geometry": { "type": "Point", "coordinates": [ 50.35, 23.31666667 ] } },
{ "type": "Feature", "properties": { "prov": "Bukovina", "dist": "Radautz", "code": "BKV_RDT_RDT", "name": "Radautz" }, "geometry": { "type": "Point", "coordinates": [ 47.85, 25.91666667 ] } },
{ "type": "Feature", "properties": { "prov": "Galicia", "dist": "Nowy Targ", "code": "GLC_NWY_NWYT", "name": "Nowy Targ" }, "geometry": { "type": "Point", "coordinates": [ 49.48333333, 20.03333333 ] } },
{ "type": "Feature", "properties": { "prov": "Galicia", "dist": "Sokal", "code": "GLC_SKL_TRTK", "name": "Tartakow" }, "geometry": { "type": "Point", "coordinates": [ 50.46666667, 24.4 ] } },
{ "type": "Feature", "properties": { "prov": "Galicia", "dist": "Lancut", "code": "GLC_LNC_WLZR", "name": "Wola Zarzycka" }, "geometry": { "type": "Point", "coordinates": [ 50.3, 22.25 ] } },
{ "type": "Feature", "properties": { "prov": "Prussia", "dist": "Ostpreussen", "code": "PRU_OST_GRWI", "name": "Landsberg" }, "geometry": { "type": "Point", "coordinates": [ 54.28333333, 20.5 ] } },
{ "type": "Feature", "properties": { "prov": "Prussia", "dist": "Pommern", "code": "PRU_PMM_DB", "name": "Altdamm" }, "geometry": { "type": "Point", "coordinates": [ 53.4, 14.66666667 ] } },
{ "type": "Feature", "properties": { "prov": "Galicia", "dist": "Kamionka Strumilowa", "code": "GLC_KMN_DDYL", "name": "Dziedzilow" }, "geometry": { "type": "Point", "coordinates": [ 49.93333333, 24.36666667 ] } },
{ "type": "Feature", "properties": { "prov": "Prussia", "dist": "Schlesien", "code": "PRU_SCH_BLPR", "name": "Zuelz" }, "geometry": { "type": "Point", "coordinates": [ 50.38333333, 17.65 ] } },
{ "type": "Feature", "properties": { "prov": "Galicia", "dist": "Zywiec", "code": "GLC_ZYD_ZHYD", "name": "Zhydachiv" }, "geometry": { "type": "Point", "coordinates": [ 49.38333333, 24.13333333 ] } },
{ "type": "Feature", "properties": { "prov": "Galicia", "dist": "Brody", "code": "GLC_BRD_SHCH", "name": "Szczurowice" }, "geometry": { "type": "Point", "coordinates": [ 50.26666667, 25.03333333 ] } },
{ "type": "Feature", "properties": { "prov": "Galicia", "dist": "Grybow", "code": "GLC_GRY_BBW", "name": "Bobowa" }, "geometry": { "type": "Point", "coordinates": [ 49.7, 20.93333333 ] } },
{ "type": "Feature", "properties": { "prov": "Galicia", "dist": "Sanok", "code": "GLC_SNK_BKWS", "name": "Bukowsko" }, "geometry": { "type": "Point", "coordinates": [ 49.48333333, 22.06666667 ] } },
{ "type": "Feature", "properties": { "prov": "Galicia", "dist": "Trembowla", "code": "GLC_TRM_DRKH", "name": "Darachow" }, "geometry": { "type": "Point", "coordinates": [ 49.3, 25.55 ] } },
{ "type": "Feature", "properties": { "prov": "Prussia", "dist": "Westpreussen", "code": "PRU_WST_GRDZ", "name": "Grudziondz" }, "geometry": { "type": "Point", "coordinates": [ 53.48333333, 18.76666667 ] } },
{ "type": "Feature", "properties": { "prov": "Prussia", "dist": "Ostpreussen", "code": "PRU_OST_YSNY", "name": "Kaukehmen" }, "geometry": { "type": "Point", "coordinates": [ 55.18333333, 21.55 ] } },
{ "type": "Feature", "properties": { "prov": "Galicia", "dist": "Czortkow", "code": "GLC_CZR_ULSH", "name": "Ulaszkivtsi" }, "geometry": { "type": "Point", "coordinates": [ 48.9, 25.83333333 ] } },
{ "type": "Feature", "properties": { "prov": "Galicia", "dist": "Kamionka Strumilowa", "code": "GLC_KMN_STYN", "name": "Stojanow" }, "geometry": { "type": "Point", "coordinates": [ 50.36666667, 24.65 ] } },
{ "type": "Feature", "properties": { "prov": "Galicia", "dist": "Wadowice", "code": "GLC_WDW_WDWC", "name": "Wadowice" }, "geometry": { "type": "Point", "coordinates": [ 49.88333333, 19.48333333 ] } },
{ "type": "Feature", "properties": { "prov": "Galicia", "dist": "Zaleszczyki", "code": "BKV_WZN_YBLN", "name": "Iablonita" }, "geometry": { "type": "Point", "coordinates": [ 48.03333333, 24.91666667 ] } },
{ "type": "Feature", "properties": { "prov": "Galicia", "dist": "Turka", "code": "GLC_TRK_BTLY", "name": "Butla" }, "geometry": { "type": "Point", "coordinates": [ 48.96666667, 22.96666667 ] } },
{ "type": "Feature", "properties": { "prov": "Galicia", "dist": "Borszczow", "code": "GLC_BRS_VRKH", "name": "Krzywcze Gorne" }, "geometry": { "type": "Point", "coordinates": [ 48.7, 26.11666667 ] } },
{ "type": "Feature", "properties": { "prov": "Prussia", "dist": "Schlesien", "code": "PRU_SCH_OPL", "name": "Oppeln" }, "geometry": { "type": "Point", "coordinates": [ 50.66666667, 17.95 ] } },
{ "type": "Feature", "properties": { "prov": "Prussia", "dist": "Schlesien", "code": "PRU_SCH_GLGW", "name": "Glogau" }, "geometry": { "type": "Point", "coordinates": [ 51.66666667, 16.1 ] } },
{ "type": "Feature", "properties": { "prov": "Galicia", "dist": "Tlumacz", "code": "GLC_TLM_NYZH", "name": "Nizniow" }, "geometry": { "type": "Point", "coordinates": [ 48.95, 25.08333333 ] } },
{ "type": "Feature", "properties": { "prov": "Prussia", "dist": "Schlesien", "code": "PRU_SCH_NWSL", "name": "Neusalz" }, "geometry": { "type": "Point", "coordinates": [ 51.8, 15.71666667 ] } },
{ "type": "Feature", "properties": { "prov": "Prussia", "dist": "Schlesien", "code": "PRU_SCH_SWBD", "name": "Freiburg" }, "geometry": { "type": "Point", "coordinates": [ 50.86666667, 16.33333333 ] } },
{ "type": "Feature", "properties": { "prov": "Bukovina", "dist": "Radautz", "code": "BKV_RDT_SLC", "name": "Solka" }, "geometry": { "type": "Point", "coordinates": [ 47.7, 25.85 ] } },
{ "type": "Feature", "properties": { "prov": "Galicia", "dist": "Podhajce", "code": "GLC_PLZ_PLZN", "name": "Pilzno" }, "geometry": { "type": "Point", "coordinates": [ 49.96666667, 21.3 ] } },
{ "type": "Feature", "properties": { "prov": "Prussia", "dist": "Posen", "code": "PRU_PSN_PNWY", "name": "Pinne" }, "geometry": { "type": "Point", "coordinates": [ 52.51666667, 16.26666667 ] } },
{ "type": "Feature", "properties": { "prov": "Prussia", "dist": "Ostpreussen", "code": "PRU_OST_GVRD", "name": "Tapiau" }, "geometry": { "type": "Point", "coordinates": [ 54.65, 21.06666667 ] } },
{ "type": "Feature", "properties": { "prov": "Galicia", "dist": "Sadagora", "code": "GLC_RZS_ZGLB", "name": "Zglobien" }, "geometry": { "type": "Point", "coordinates": [ 50.01666667, 21.85 ] } },
{ "type": "Feature", "properties": { "prov": "Galicia", "dist": "Kolomyja", "code": "GLC_KLM_BNYB", "name": "Bania Berezow" }, "geometry": { "type": "Point", "coordinates": [ 48.41666667, 24.75 ] } },
{ "type": "Feature", "properties": { "prov": "Galicia", "dist": "Buczacz", "code": "GLC_BCZ_BCHC", "name": "Buczacz" }, "geometry": { "type": "Point", "coordinates": [ 49.08333333, 25.4 ] } },
{ "type": "Feature", "properties": { "prov": "Galicia", "dist": "Brody", "code": "GLC_BRD_LSHN", "name": "Leszniw" }, "geometry": { "type": "Point", "coordinates": [ 50.23333333, 25.08333333 ] } },
{ "type": "Feature", "properties": { "prov": "Bukovina", "dist": "Tlumacz", "code": "GLC_TRN_ZBN", "name": "Zabno" }, "geometry": { "type": "Point", "coordinates": [ 50.13333333, 20.9 ] } },
{ "type": "Feature", "properties": { "prov": "Prussia", "dist": "Schlesien", "code": "PRU_SCH_GRLT", "name": "Goerlitz" }, "geometry": { "type": "Point", "coordinates": [ 51.16666667, 15.0 ] } },
{ "type": "Feature", "properties": { "prov": "Galicia", "dist": "Stare Miasto", "code": "GLC_STR_SKLV", "name": "Felsztyn" }, "geometry": { "type": "Point", "coordinates": [ 49.53333333, 22.96666667 ] } },
{ "type": "Feature", "properties": { "prov": "Bukovina", "dist": "Storojinet", "code": "BKV_STR_BNYL", "name": "Banilla am Sereth" }, "geometry": { "type": "Point", "coordinates": [ 48.08333333, 25.48333333 ] } },
{ "type": "Feature", "properties": { "prov": "Galicia", "dist": "Chrzanow", "code": "GLC_CHR_JWRZ", "name": "Jaworzno" }, "geometry": { "type": "Point", "coordinates": [ 50.21666667, 19.28333333 ] } },
{ "type": "Feature", "properties": { "prov": "Galicia", "dist": "Stare Miasto", "code": "GLC_STR_STRL", "name": "Strzylki" }, "geometry": { "type": "Point", "coordinates": [ 49.33333333, 22.98333333 ] } },
{ "type": "Feature", "properties": { "prov": "Galicia", "dist": "Sniatyn", "code": "GLC_SKL_TVST", "name": "Touste" }, "geometry": { "type": "Point", "coordinates": [ 49.26666667, 26.08333333 ] } },
{ "type": "Feature", "properties": { "prov": "Galicia", "dist": "Brzesko", "code": "GLC_BRZ_SZCZ", "name": "Szczurowa" }, "geometry": { "type": "Point", "coordinates": [ 50.11666667, 20.65 ] } },
{ "type": "Feature", "properties": { "prov": "Galicia", "dist": "Myslenice", "code": "GLC_MYS_MKWP", "name": "Makow Podhalanski" }, "geometry": { "type": "Point", "coordinates": [ 49.73333333, 19.68333333 ] } },
{ "type": "Feature", "properties": { "prov": "Galicia", "dist": "Nowy Sacz", "code": "GLC_NWY_STRY", "name": "Stary Sacz" }, "geometry": { "type": "Point", "coordinates": [ 49.56666667, 20.65 ] } },
{ "type": "Feature", "properties": { "prov": "Galicia", "dist": "Nowy Sacz", "code": "GLC_NWY_STRY", "name": "Stary Sacz" }, "geometry": { "type": "Point", "coordinates": [ 49.56666667, 20.65 ] } },
{ "type": "Feature", "properties": { "prov": "Galicia", "dist": "Nowy Sacz", "code": "GLC_NWY_STRY", "name": "Stary Sacz" }, "geometry": { "type": "Point", "coordinates": [ 49.56666667, 20.65 ] } },
{ "type": "Feature", "properties": { "prov": "Galicia", "dist": "Nowy Sacz", "code": "GLC_NWY_STRY", "name": "Stary Sacz" }, "geometry": { "type": "Point", "coordinates": [ 49.56666667, 20.65 ] } },
{ "type": "Feature", "properties": { "prov": "Galicia", "dist": "Przemysl", "code": "GLC_PRZ_DBCK", "name": "Dubieck" }, "geometry": { "type": "Point", "coordinates": [ 49.81666667, 22.38333333 ] } },
{ "type": "Feature", "properties": { "prov": "Prussia", "dist": "Westpreussen", "code": "PRU_WST_CHLM2", "name": "Chelmza" }, "geometry": { "type": "Point", "coordinates": [ 53.18333333, 18.61666667 ] } },
{ "type": "Feature", "properties": { "prov": "Galicia", "dist": "Stanislawow", "code": "GLC_STN_MRYM", "name": "Mariampol" }, "geometry": { "type": "Point", "coordinates": [ 49.03333333, 24.85 ] } },
{ "type": "Feature", "properties": { "prov": "Galicia", "dist": "Horodenka", "code": "GLC_HRD_CHRN", "name": "Czernelica" }, "geometry": { "type": "Point", "coordinates": [ 48.81666667, 25.43333333 ] } },
{ "type": "Feature", "properties": { "prov": "Galicia", "dist": "Turka", "code": "GLC_TRK_SKLK", "name": "Sokoliki Gorskie" }, "geometry": { "type": "Point", "coordinates": [ 49.1, 22.86666667 ] } },
{ "type": "Feature", "properties": { "prov": "Galicia", "dist": "Stryj", "code": "GLC_STR_STRY2", "name": "Stryj" }, "geometry": { "type": "Point", "coordinates": [ 49.25, 23.85 ] } },
{ "type": "Feature", "properties": { "prov": "Galicia", "dist": "Tarnobrzeg", "code": "GLC_TRN_RDMY", "name": "Radomysl nad Sanem" }, "geometry": { "type": "Point", "coordinates": [ 50.68333333, 21.95 ] } },
{ "type": "Feature", "properties": { "prov": "Galicia", "dist": "Kosow", "code": "GLC_KSW_VRKH", "name": "Zabie" }, "geometry": { "type": "Point", "coordinates": [ 48.15, 24.8 ] } },
{ "type": "Feature", "properties": { "prov": "Prussia", "dist": "Schlesien", "code": "PRU_SCH_SYCW", "name": "Gross Wartenberg" }, "geometry": { "type": "Point", "coordinates": [ 51.3, 17.71666667 ] } },
{ "type": "Feature", "properties": { "prov": "Galicia", "dist": "Dobromil", "code": "GLC_DBR_WJTK", "name": "Wojtkowa" }, "geometry": { "type": "Point", "coordinates": [ 49.56666667, 22.56666667 ] } },
{ "type": "Feature", "properties": { "prov": "Galicia", "dist": "Rohatyn", "code": "GLC_RHT_KNHY", "name": "Knihynicze" }, "geometry": { "type": "Point", "coordinates": [ 49.38333333, 24.46666667 ] } },
{ "type": "Feature", "properties": { "prov": "Prussia", "dist": "Westpreussen", "code": "PRU_WST_KRJN", "name": "Krajenke" }, "geometry": { "type": "Point", "coordinates": [ 53.3, 16.98333333 ] } },
{ "type": "Feature", "properties": { "prov": "Bukovina", "dist": "Kotzman", "code": "BKV_KTZ_KTSM", "name": "Cosmeni" }, "geometry": { "type": "Point", "coordinates": [ 48.45, 25.76666667 ] } },
{ "type": "Feature", "properties": { "prov": "Prussia", "dist": "Westpreussen", "code": "PRU_WST_WLCZ", "name": "Deutsch Krone" }, "geometry": { "type": "Point", "coordinates": [ 53.26666667, 16.46666667 ] } },
{ "type": "Feature", "properties": { "prov": "Galicia", "dist": "Przemysl", "code": "GLC_PRZ_NYZH", "name": "Nizankowice" }, "geometry": { "type": "Point", "coordinates": [ 49.68333333, 22.81666667 ] } },
{ "type": "Feature", "properties": { "prov": "Galicia", "dist": "Bobrka", "code": "GLC_BBR_BRZD", "name": "Berezdivtsi" }, "geometry": { "type": "Point", "coordinates": [ 49.45, 24.15 ] } },
{ "type": "Feature", "properties": { "prov": "Prussia", "dist": "Posen", "code": "PRU_PSN_SKWR", "name": "Schwerin an der Warthe" }, "geometry": { "type": "Point", "coordinates": [ 52.6, 15.5 ] } },
{ "type": "Feature", "properties": { "prov": "Galicia", "dist": "Kalusz", "code": "GLC_KLS_DLZH", "name": "Dolzhka" }, "geometry": { "type": "Point", "coordinates": [ 49.16666667, 24.48333333 ] } },
{ "type": "Feature", "properties": { "prov": "Galicia", "dist": "Wadowice", "code": "GLC_WDW_ANDR", "name": "Andrychow" }, "geometry": { "type": "Point", "coordinates": [ 49.85, 19.35 ] } },
{ "type": "Feature", "properties": { "prov": "Galicia", "dist": "Chrzanow", "code": "GLC_CHR_TRZB", "name": "Trzebinia" }, "geometry": { "type": "Point", "coordinates": [ 50.16666667, 19.48333333 ] } },
{ "type": "Feature", "properties": { "prov": "Galicia", "dist": "Zydaczow", "code": "GLC_ZYD_MYKL", "name": "Mikolajow" }, "geometry": { "type": "Point", "coordinates": [ 49.51666667, 23.98333333 ] } },
{ "type": "Feature", "properties": { "prov": "Galicia", "dist": "Kotzman", "code": "BKV_KTZ_ZSTV", "name": "Zastawna" }, "geometry": { "type": "Point", "coordinates": [ 48.51666667, 25.85 ] } },
{ "type": "Feature", "properties": { "prov": "Prussia", "dist": "Schlesien", "code": "PRU_SCH_TRNW", "name": "Tarnowitz" }, "geometry": { "type": "Point", "coordinates": [ 50.45, 18.86666667 ] } },
{ "type": "Feature", "properties": { "prov": "Galicia", "dist": "", "code": "GLC_ZYW_ZYWC", "name": "Zywiec" }, "geometry": { "type": "Point", "coordinates": [ 49.68333333, 19.21666667 ] } },
{ "type": "Feature", "properties": { "prov": "Prussia", "dist": "Posen", "code": "PRU_PSN_KRNW", "name": "Crone an der Brahe" }, "geometry": { "type": "Point", "coordinates": [ 53.31666667, 17.95 ] } },
{ "type": "Feature", "properties": { "prov": "Bukovina", "dist": "Kimpolung", "code": "BKV_KMP_VM", "name": "Vama" }, "geometry": { "type": "Point", "coordinates": [ 47.56666667, 25.68333333 ] } },
{ "type": "Feature", "properties": { "prov": "Galicia", "dist": "Husiatyn", "code": "GLC_HST_SKHS", "name": "Sukhostaw" }, "geometry": { "type": "Point", "coordinates": [ 49.13333333, 25.86666667 ] } },
{ "type": "Feature", "properties": { "prov": "Galicia", "dist": "Dolina", "code": "GLC_DLN_PRHN", "name": "Perehinsko" }, "geometry": { "type": "Point", "coordinates": [ 48.81666667, 24.18333333 ] } },
{ "type": "Feature", "properties": { "prov": "Galicia", "dist": "Rawa Ruska", "code": "GLC_RW_RVRS", "name": "Rawa Ruska" }, "geometry": { "type": "Point", "coordinates": [ 50.25, 23.61666667 ] } },
{ "type": "Feature", "properties": { "prov": "Galicia", "dist": "Czortkow", "code": "GLC_CZR_PLSH", "name": "Pauszowka" }, "geometry": { "type": "Point", "coordinates": [ 48.96666667, 25.56666667 ] } },
{ "type": "Feature", "properties": { "prov": "Bukovina", "dist": "Radautz", "code": "BKV_RDT_STRJ", "name": "Strasza" }, "geometry": { "type": "Point", "coordinates": [ 47.91666667, 25.55 ] } },
{ "type": "Feature", "properties": { "prov": "Galicia", "dist": "Zydaczow", "code": "GLC_ZYD_HNZD", "name": "Hnizdychiv" }, "geometry": { "type": "Point", "coordinates": [ 49.35, 24.11666667 ] } },
{ "type": "Feature", "properties": { "prov": "Bukovina", "dist": "Kimpolung", "code": "BKV_KMP_STLP", "name": "Stulpicani" }, "geometry": { "type": "Point", "coordinates": [ 47.46666667, 25.76666667 ] } },
{ "type": "Feature", "properties": { "prov": "Prussia", "dist": "Posen", "code": "PRU_PSN_SRM", "name": "Schrimm" }, "geometry": { "type": "Point", "coordinates": [ 52.08333333, 17.01666667 ] } },
{ "type": "Feature", "properties": { "prov": "Prussia", "dist": "Pommern", "code": "PRU_PMM_KLBR", "name": "Kolberg" }, "geometry": { "type": "Point", "coordinates": [ 54.18333333, 15.58333333 ] } },
{ "type": "Feature", "properties": { "prov": "Prussia", "dist": "Westpreussen", "code": "PRU_WST_ILW", "name": "Deutsch Eylau" }, "geometry": { "type": "Point", "coordinates": [ 53.6, 19.56666667 ] } },
{ "type": "Feature", "properties": { "prov": "Galicia", "dist": "Brody", "code": "GLC_BRD_ZVDC", "name": "Zawidcze" }, "geometry": { "type": "Point", "coordinates": [ 50.3, 24.93333333 ] } },
{ "type": "Feature", "properties": { "prov": "Prussia", "dist": "Pommern", "code": "PRU_PMM_CHCW", "name": "Freienwalde" }, "geometry": { "type": "Point", "coordinates": [ 53.45, 15.31666667 ] } },
{ "type": "Feature", "properties": { "prov": "Galicia", "dist": "Bohorodczany", "code": "GLC_BHR_DZVY", "name": "Dzwiniacz" }, "geometry": { "type": "Point", "coordinates": [ 48.75, 24.41666667 ] } },
{ "type": "Feature", "properties": { "prov": "Bukovina", "dist": "Grybow", "code": "GLC_GRY_GRYB", "name": "Grybow" }, "geometry": { "type": "Point", "coordinates": [ 49.63333333, 20.95 ] } },
{ "type": "Feature", "properties": { "prov": "Galicia", "dist": "Dolina", "code": "GLC_DRH_BRYS", "name": "Boryslaw" }, "geometry": { "type": "Point", "coordinates": [ 49.28333333, 23.41666667 ] } },
{ "type": "Feature", "properties": { "prov": "Galicia", "dist": "Rohatyn", "code": "GLC_RHT_STRT", "name": "Stratyn" }, "geometry": { "type": "Point", "coordinates": [ 49.46666667, 24.7 ] } },
{ "type": "Feature", "properties": { "prov": "Prussia", "dist": "Westpreussen", "code": "PRU_WST_WBRZ", "name": "Wabrzezno" }, "geometry": { "type": "Point", "coordinates": [ 53.28333333, 18.95 ] } },
{ "type": "Feature", "properties": { "prov": "Prussia", "dist": "Posen", "code": "PRU_PSN_KZMN", "name": "Koschmin" }, "geometry": { "type": "Point", "coordinates": [ 51.81666667, 17.45 ] } },
{ "type": "Feature", "properties": { "prov": "Galicia", "dist": "Drohobycz", "code": "GLC_DRH_TRSK", "name": "Truskawiec" }, "geometry": { "type": "Point", "coordinates": [ 49.28333333, 23.5 ] } },
{ "type": "Feature", "properties": { "prov": "Galicia", "dist": "Sniatyn", "code": "GLC_SNT_DZHR", "name": "Dzurkow" }, "geometry": { "type": "Point", "coordinates": [ 48.4, 25.31666667 ] } },
{ "type": "Feature", "properties": { "prov": "Prussia", "dist": "Posen", "code": "PRU_PSN_SWRZ", "name": "Schwersenz" }, "geometry": { "type": "Point", "coordinates": [ 52.41666667, 17.08333333 ] } },
{ "type": "Feature", "properties": { "prov": "Galicia", "dist": "Stare Miasto", "code": "GLC_STR_KHYR", "name": "Chyrow" }, "geometry": { "type": "Point", "coordinates": [ 49.53333333, 22.85 ] } },
{ "type": "Feature", "properties": { "prov": "Prussia", "dist": "Westpreussen", "code": "PRU_WST_BRDN", "name": "Brodnica" }, "geometry": { "type": "Point", "coordinates": [ 53.25, 19.4 ] } },
{ "type": "Feature", "properties": { "prov": "Galicia", "dist": "Limanowa", "code": "GLC_LMN_LMNW", "name": "Limanowa" }, "geometry": { "type": "Point", "coordinates": [ 49.7, 20.43333333 ] } },
{ "type": "Feature", "properties": { "prov": "Galicia", "dist": "Drohobycz", "code": "GLC_DRH_DVH", "name": "Dolhe Podbuskie" }, "geometry": { "type": "Point", "coordinates": [ 49.16666667, 23.35 ] } },
{ "type": "Feature", "properties": { "prov": "Lwow", "dist": "Zbaraz", "code": "GLC_ZLS_BLCH", "name": "Bilcze Zlote" }, "geometry": { "type": "Point", "coordinates": [ 48.78333333, 25.86666667 ] } },
{ "type": "Feature", "properties": { "prov": "Prussia", "dist": "Posen", "code": "PRU_PSN_WRNK", "name": "Wronke" }, "geometry": { "type": "Point", "coordinates": [ 52.71666667, 16.4 ] } },
{ "type": "Feature", "properties": { "prov": "Bukovina", "dist": "Storojinet", "code": "BKV_STR_CHDY", "name": "Czudyn" }, "geometry": { "type": "Point", "coordinates": [ 48.05, 25.61666667 ] } },
{ "type": "Feature", "properties": { "prov": "Galicia", "dist": "Dabrowa", "code": "GLC_DBR_SZCZ", "name": "Szczucin" }, "geometry": { "type": "Point", "coordinates": [ 50.3, 21.06666667 ] } },
{ "type": "Feature", "properties": { "prov": "Prussia", "dist": "Westpreussen", "code": "PRU_WST_CHJN", "name": "Chojnice" }, "geometry": { "type": "Point", "coordinates": [ 53.7, 17.56666667 ] } },
{ "type": "Feature", "properties": { "prov": "Bukovina", "dist": "Wiznitz", "code": "BKV_WZN_DKHT", "name": "Dikhtinets" }, "geometry": { "type": "Point", "coordinates": [ 48.05, 25.03333333 ] } },
{ "type": "Feature", "properties": { "prov": "Prussia", "dist": "Ostpreussen", "code": "PRU_OST_ZNMN", "name": "Wehlau" }, "geometry": { "type": "Point", "coordinates": [ 54.61666667, 21.21666667 ] } },
{ "type": "Feature", "properties": { "prov": "Prussia", "dist": "Westpreussen", "code": "PRU_WST_LBW", "name": "Lobau" }, "geometry": { "type": "Point", "coordinates": [ 53.5, 19.75 ] } },
{ "type": "Feature", "properties": { "prov": "Galicia", "dist": "Nadworna", "code": "GLC_NDW_MYKL", "name": "Mykulychyn" }, "geometry": { "type": "Point", "coordinates": [ 48.41666667, 24.6 ] } },
{ "type": "Feature", "properties": { "prov": "Prussia", "dist": "Posen", "code": "PRU_PSN_PLSZ", "name": "Pleschen" }, "geometry": { "type": "Point", "coordinates": [ 51.9, 17.8 ] } },
{ "type": "Feature", "properties": { "prov": "Prussia", "dist": "Pommern", "code": "PRU_PMM_BYTW", "name": "Buetow" }, "geometry": { "type": "Point", "coordinates": [ 54.16666667, 17.5 ] } },
{ "type": "Feature", "properties": { "prov": "Galicia", "dist": "Brzozow", "code": "GLC_BRZ_JSNC", "name": "Jasienica Rosielna" }, "geometry": { "type": "Point", "coordinates": [ 49.75, 21.95 ] } },
{ "type": "Feature", "properties": { "prov": "Prussia", "dist": "Posen", "code": "PRU_PSN_LWWK", "name": "Neustadt bei Pinne" }, "geometry": { "type": "Point", "coordinates": [ 52.45, 16.18333333 ] } },
{ "type": "Feature", "properties": { "prov": "Prussia", "dist": "Ostpreussen", "code": "PRU_OST_WGRZ", "name": "Angerburg" }, "geometry": { "type": "Point", "coordinates": [ 54.21666667, 21.73333333 ] } },
{ "type": "Feature", "properties": { "prov": "Prussia", "dist": "Ostpreussen", "code": "PRU_OST_KLNN", "name": "Koenigsberg" }, "geometry": { "type": "Point", "coordinates": [ 54.71666667, 20.5 ] } },
{ "type": "Feature", "properties": { "prov": "Prussia", "dist": "Westpreussen", "code": "PRU_WST_STRG", "name": "Starogard" }, "geometry": { "type": "Point", "coordinates": [ 53.96666667, 18.55 ] } },
{ "type": "Feature", "properties": { "prov": "Galicia", "dist": "Biala", "code": "GLC_BL_BLSK", "name": "Bielsko Biala" }, "geometry": { "type": "Point", "coordinates": [ 49.81666667, 19.03333333 ] } },
{ "type": "Feature", "properties": { "prov": "Galicia", "dist": "Wieliczka", "code": "PRU_WST_ZLTW", "name": "Flatow" }, "geometry": { "type": "Point", "coordinates": [ 53.35, 17.05 ] } },
{ "type": "Feature", "properties": { "prov": "Galicia", "dist": "Borszczow", "code": "GLC_BRS_KDRY", "name": "Kudrynce" }, "geometry": { "type": "Point", "coordinates": [ 49.38333333, 26.76666667 ] } },
{ "type": "Feature", "properties": { "prov": "Prussia", "dist": "Schlesien", "code": "PRU_SCH_LWWK", "name": "Loewenberg" }, "geometry": { "type": "Point", "coordinates": [ 51.11666667, 15.58333333 ] } },
{ "type": "Feature", "properties": { "prov": "Galicia", "dist": "Nowy Sacz", "code": "GLC_NWY_NWYS", "name": "Nowy Sacz" }, "geometry": { "type": "Point", "coordinates": [ 49.63333333, 20.71666667 ] } },
{ "type": "Feature", "properties": { "prov": "Prussia", "dist": "Westpreussen", "code": "PRU_WST_TCZW", "name": "Tczew" }, "geometry": { "type": "Point", "coordinates": [ 54.1, 18.8 ] } },
{ "type": "Feature", "properties": { "prov": "Galicia", "dist": "Pilzno", "code": "GLC_PLZ_BRZS", "name": "Brzostek" }, "geometry": { "type": "Point", "coordinates": [ 49.88333333, 21.41666667 ] } },
{ "type": "Feature", "properties": { "prov": "Prussia", "dist": "Ostpreussen", "code": "PRU_OST_PRVD", "name": "Friedland" }, "geometry": { "type": "Point", "coordinates": [ 54.45, 21.01666667 ] } },
{ "type": "Feature", "properties": { "prov": "Galicia", "dist": "Nowy Sacz", "code": "GLC_NWY_MCJW", "name": "Labowa" }, "geometry": { "type": "Point", "coordinates": [ 49.53333333, 20.86666667 ] } },
{ "type": "Feature", "properties": { "prov": "Prussia", "dist": "Schlesien", "code": "PRU_SCH_WNSK", "name": "Winzig" }, "geometry": { "type": "Point", "coordinates": [ 51.46666667, 16.63333333 ] } },
{ "type": "Feature", "properties": { "prov": "Prussia", "dist": "Schlesien", "code": "PRU_SCH_STRZ", "name": "Gross Strehlitz" }, "geometry": { "type": "Point", "coordinates": [ 50.51666667, 18.3 ] } },
{ "type": "Feature", "properties": { "prov": "Galicia", "dist": "Bochnia", "code": "GLC_BCH_NPLM", "name": "Niepolomice" }, "geometry": { "type": "Point", "coordinates": [ 50.03333333, 20.23333333 ] } },
{ "type": "Feature", "properties": { "prov": "Prussia", "dist": "Westpreussen", "code": "PRU_WST_SWC", "name": "Swiecie" }, "geometry": { "type": "Point", "coordinates": [ 53.41666667, 18.45 ] } },
{ "type": "Feature", "properties": { "prov": "Prussia", "dist": "Westpreussen", "code": "PRU_WST_CZLC", "name": "Schlochau" }, "geometry": { "type": "Point", "coordinates": [ 53.66666667, 17.36666667 ] } },
{ "type": "Feature", "properties": { "prov": "Prussia", "dist": "Posen", "code": "PRU_PSN_WRZS", "name": "Wreschen" }, "geometry": { "type": "Point", "coordinates": [ 52.31666667, 17.58333333 ] } },
{ "type": "Feature", "properties": { "prov": "Prussia", "dist": "Westpreussen", "code": "PRU_WST_LDZB", "name": "Lidzbark" }, "geometry": { "type": "Point", "coordinates": [ 53.26666667, 19.81666667 ] } },
{ "type": "Feature", "properties": { "prov": "Galicia", "dist": "Kolbuszowa", "code": "GLC_KLB_WDLK", "name": "Widelka" }, "geometry": { "type": "Point", "coordinates": [ 50.2, 21.88333333 ] } },
{ "type": "Feature", "properties": { "prov": "Galicia", "dist": "Jaroslaw", "code": "GLC_JRS_JRSL", "name": "Jaroslaw" }, "geometry": { "type": "Point", "coordinates": [ 50.01666667, 22.68333333 ] } },
{ "type": "Feature", "properties": { "prov": "Galicia", "dist": "Husiatyn", "code": "GLC_HST_HSYT", "name": "Husiatyn" }, "geometry": { "type": "Point", "coordinates": [ 49.06666667, 26.21666667 ] } },
{ "type": "Feature", "properties": { "prov": "Bukovina", "dist": "Kotzman", "code": "BKV_KTZ_DVYD", "name": "Davidesti" }, "geometry": { "type": "Point", "coordinates": [ 48.48333333, 25.7 ] } },
{ "type": "Feature", "properties": { "prov": "Prussia", "dist": "Pommern", "code": "PRU_PMM_GLCZ", "name": "Guelzow" }, "geometry": { "type": "Point", "coordinates": [ 53.81666667, 14.98333333 ] } },
{ "type": "Feature", "properties": { "prov": "Galicia", "dist": "Nadworna", "code": "GLC_MYS_ZWJ", "name": "Zawoja" }, "geometry": { "type": "Point", "coordinates": [ 49.66666667, 19.56666667 ] } },
{ "type": "Feature", "properties": { "prov": "Galicia", "dist": "Myslenice", "code": "GLC_MYS_RBK", "name": "Rabka" }, "geometry": { "type": "Point", "coordinates": [ 49.61666667, 19.95 ] } },
{ "type": "Feature", "properties": { "prov": "Prussia", "dist": "Schlesien", "code": "PRU_SCH_SWTC", "name": "Schwientochlowitz" }, "geometry": { "type": "Point", "coordinates": [ 50.28333333, 18.91666667 ] } },
{ "type": "Feature", "properties": { "prov": "Prussia", "dist": "Brzezany", "code": "GLC_BRZ_BRZH", "name": "Brzezany" }, "geometry": { "type": "Point", "coordinates": [ 49.45, 24.93333333 ] } },
{ "type": "Feature", "properties": { "prov": "Prussia", "dist": "Ostpreussen", "code": "PRU_OST_OLSZ", "name": "Allenstein" }, "geometry": { "type": "Point", "coordinates": [ 53.78333333, 20.48333333 ] } },
{ "type": "Feature", "properties": { "prov": "Galicia", "dist": "Chrzanow", "code": "GLC_CHR_SZCZ", "name": "Szczakowa" }, "geometry": { "type": "Point", "coordinates": [ 50.23333333, 19.28333333 ] } },
{ "type": "Feature", "properties": { "prov": "Galicia", "dist": "Storojineti", "code": "BKV_STR_ZHDV", "name": "Zadowa" }, "geometry": { "type": "Point", "coordinates": [ 48.2, 25.51666667 ] } },
{ "type": "Feature", "properties": { "prov": "Prussia", "dist": "Posen", "code": "PRU_PSN_LBZN", "name": "Lobsens" }, "geometry": { "type": "Point", "coordinates": [ 53.26666667, 17.26666667 ] } },
{ "type": "Feature", "properties": { "prov": "Galicia", "dist": "Rudki", "code": "GLC_RPC_WLPL", "name": "Wielopole Skrzynskie" }, "geometry": { "type": "Point", "coordinates": [ 49.95, 21.61666667 ] } },
{ "type": "Feature", "properties": { "prov": "Prussia", "dist": "Schlesien", "code": "PRU_SCH_NYS", "name": "Neisse" }, "geometry": { "type": "Point", "coordinates": [ 50.46666667, 17.33333333 ] } },
{ "type": "Feature", "properties": { "prov": "Prussia", "dist": "Westpreussen", "code": "PRU_WST_CHLM", "name": "Chelmno" }, "geometry": { "type": "Point", "coordinates": [ 53.35, 18.43333333 ] } },
{ "type": "Feature", "properties": { "prov": "Galicia", "dist": "Dobromil", "code": "GLC_DBR_RYBT", "name": "Rybotycze" }, "geometry": { "type": "Point", "coordinates": [ 49.65, 22.65 ] } },
{ "type": "Feature", "properties": { "prov": "Prussia", "dist": "Pommern", "code": "PRU_PMM_SZCZ2", "name": "Neustettin" }, "geometry": { "type": "Point", "coordinates": [ 53.71666667, 16.7 ] } },
{ "type": "Feature", "properties": { "prov": "Prussia", "dist": "Pommern", "code": "PRU_PMM_SZCZ2", "name": "Neustettin" }, "geometry": { "type": "Point", "coordinates": [ 53.71666667, 16.7 ] } },
{ "type": "Feature", "properties": { "prov": "Prussia", "dist": "Posen", "code": "PRU_PSN_KBYL2", "name": "Kobilin" }, "geometry": { "type": "Point", "coordinates": [ 51.71666667, 17.23333333 ] } },
{ "type": "Feature", "properties": { "prov": "Galicia", "dist": "Zaleszczyki", "code": "GLC_ZLS_ZLSH", "name": "Zaleszczyki" }, "geometry": { "type": "Point", "coordinates": [ 48.65, 25.73333333 ] } },
{ "type": "Feature", "properties": { "prov": "Prussia", "dist": "Schlesien", "code": "PRU_SCH_JLNG", "name": "Hirschberg im Riesengebirge" }, "geometry": { "type": "Point", "coordinates": [ 50.9, 15.73333333 ] } },
{ "type": "Feature", "properties": { "prov": "Galicia", "dist": "Podhajce", "code": "GLC_PDH_BRKN", "name": "Burkanow" }, "geometry": { "type": "Point", "coordinates": [ 49.28333333, 25.38333333 ] } },
{ "type": "Feature", "properties": { "prov": "Galicia", "dist": "Sanok", "code": "GLC_SNK_WSLK", "name": "Wislok Wielki" }, "geometry": { "type": "Point", "coordinates": [ 49.4, 21.98333333 ] } },
{ "type": "Feature", "properties": { "prov": "Prussia", "dist": "Schlesien", "code": "PRU_SCH_BRZG", "name": "Brieg" }, "geometry": { "type": "Point", "coordinates": [ 50.85, 17.46666667 ] } },
{ "type": "Feature", "properties": { "prov": "Prussia", "dist": "Westpreussen", "code": "PRU_WST_ELBL", "name": "Elbing" }, "geometry": { "type": "Point", "coordinates": [ 54.16666667, 19.38333333 ] } },
{ "type": "Feature", "properties": { "prov": "Galicia", "dist": "Lancut", "code": "GLC_LNC_GRDZ", "name": "Grodzisko Dolne" }, "geometry": { "type": "Point", "coordinates": [ 50.16666667, 22.46666667 ] } },
{ "type": "Feature", "properties": { "prov": "Galicia", "dist": "Sanok", "code": "GLC_SMB_SMBR", "name": "Sambor" }, "geometry": { "type": "Point", "coordinates": [ 49.51666667, 23.2 ] } },
{ "type": "Feature", "properties": { "prov": "Galicia", "dist": "Zloczow", "code": "GLC_ZLC_SKVR", "name": "Skwarzawa" }, "geometry": { "type": "Point", "coordinates": [ 49.86666667, 24.75 ] } },
{ "type": "Feature", "properties": { "prov": "Galicia", "dist": "Kalusz", "code": "GLC_KLS_KLSH", "name": "Kalusz" }, "geometry": { "type": "Point", "coordinates": [ 49.01666667, 24.36666667 ] } },
{ "type": "Feature", "properties": { "prov": "Bukovina", "dist": "Kimpolung", "code": "BKV_KMP_MLDV", "name": "Moldovita" }, "geometry": { "type": "Point", "coordinates": [ 47.68333333, 25.53333333 ] } },
{ "type": "Feature", "properties": { "prov": "Prussia", "dist": "Posen", "code": "PRU_PSN_JRCN", "name": "Jarocin" }, "geometry": { "type": "Point", "coordinates": [ 51.96666667, 17.51666667 ] } },
{ "type": "Feature", "properties": { "prov": "Prussia", "dist": "Posen", "code": "PRU_PSN_STRZ", "name": "Strelno" }, "geometry": { "type": "Point", "coordinates": [ 52.63333333, 18.2 ] } },
{ "type": "Feature", "properties": { "prov": "Prussia", "dist": "Schlesien", "code": "PRU_SCH_RYBN", "name": "Rybnik" }, "geometry": { "type": "Point", "coordinates": [ 50.11666667, 18.53333333 ] } },
{ "type": "Feature", "properties": { "prov": "Prussia", "dist": "Schlesien", "code": "PRU_SCH_LBLN", "name": "Lublinitz" }, "geometry": { "type": "Point", "coordinates": [ 50.66666667, 18.68333333 ] } },
{ "type": "Feature", "properties": { "prov": "Prussia", "dist": "Westpreussen", "code": "PRU_WST_KSCR", "name": "Berent" }, "geometry": { "type": "Point", "coordinates": [ 54.11666667, 17.98333333 ] } },
{ "type": "Feature", "properties": { "prov": "Galicia", "dist": "Kotzman", "code": "BKV_KTZ_DRSH", "name": "Dorosauti" }, "geometry": { "type": "Point", "coordinates": [ 48.58333333, 25.88333333 ] } },
{ "type": "Feature", "properties": { "prov": "Galicia", "dist": "Kamionka Strumilowa", "code": "GLC_KMN_SKLY", "name": "Sokole" }, "geometry": { "type": "Point", "coordinates": [ 50.06666667, 24.5 ] } },
{ "type": "Feature", "properties": { "prov": "Galicia", "dist": "Horodenka", "code": "GLC_HRD_HRDN", "name": "Horodenka" }, "geometry": { "type": "Point", "coordinates": [ 48.66666667, 25.5 ] } },
{ "type": "Feature", "properties": { "prov": "Prussia", "dist": "Posen", "code": "PRU_PSN_OSTR2", "name": "Schildberg" }, "geometry": { "type": "Point", "coordinates": [ 51.41666667, 17.95 ] } },
{ "type": "Feature", "properties": { "prov": "Galicia", "dist": "Sniatyn", "code": "GLC_SNT_SNYT", "name": "Sniatyn" }, "geometry": { "type": "Point", "coordinates": [ 48.45, 25.56666667 ] } },
{ "type": "Feature", "properties": { "prov": "Galicia", "dist": "Horodenka", "code": "GLC_HRD_TYSH", "name": "Tyszkowce" }, "geometry": { "type": "Point", "coordinates": [ 48.7, 25.36666667 ] } },
{ "type": "Feature", "properties": { "prov": "Galicia", "dist": "Sniatyn", "code": "GLC_SNT_RZHN", "name": "Roznow" }, "geometry": { "type": "Point", "coordinates": [ 48.36666667, 25.23333333 ] } },
{ "type": "Feature", "properties": { "prov": "Prussia", "dist": "Posen", "code": "PRU_PSN_SZBN", "name": "Schubin" }, "geometry": { "type": "Point", "coordinates": [ 53.01666667, 17.75 ] } },
{ "type": "Feature", "properties": { "prov": "Galicia", "dist": "Stare Miasto", "code": "GLC_STR_STRS", "name": "Stara Sol" }, "geometry": { "type": "Point", "coordinates": [ 49.48333333, 22.96666667 ] } },
{ "type": "Feature", "properties": { "prov": "Galicia", "dist": "Sanok", "code": "GLC_SNK_TYRW", "name": "Tyrawa Woloska" }, "geometry": { "type": "Point", "coordinates": [ 49.58333333, 22.36666667 ] } },
{ "type": "Feature", "properties": { "prov": "Galicia", "dist": "Limanowa", "code": "GLC_LMN_MSZN", "name": "Mszana Dolna" }, "geometry": { "type": "Point", "coordinates": [ 49.68333333, 20.08333333 ] } },
{ "type": "Feature", "properties": { "prov": "Galicia", "dist": "Dolina", "code": "GLC_DLN_SVRY", "name": "Swaryczow" }, "geometry": { "type": "Point", "coordinates": [ 48.96666667, 24.18333333 ] } },
{ "type": "Feature", "properties": { "prov": "Prussia", "dist": "Schlesien", "code": "PRU_SCH_KLCZ", "name": "Kreuzburg" }, "geometry": { "type": "Point", "coordinates": [ 50.98333333, 18.21666667 ] } },
{ "type": "Feature", "properties": { "prov": "Bukovina", "dist": "Zolkiew", "code": "GLC_ZLC_ZLCH", "name": "Zloczow" }, "geometry": { "type": "Point", "coordinates": [ 49.8, 24.9 ] } },
{ "type": "Feature", "properties": { "prov": "Galicia", "dist": "Wieliczka", "code": "GLC_WLC_DBCZ", "name": "Dobczyce" }, "geometry": { "type": "Point", "coordinates": [ 49.86666667, 20.08333333 ] } },
{ "type": "Feature", "properties": { "prov": "Prussia", "dist": "Posen", "code": "PRU_PSN_MLSL", "name": "Eibelstadt" }, "geometry": { "type": "Point", "coordinates": [ 52.2, 17.5 ] } },
{ "type": "Feature", "properties": { "prov": "Galicia", "dist": "Podhajce", "code": "GLC_PDH_PDHY", "name": "Podhajce" }, "geometry": { "type": "Point", "coordinates": [ 49.26666667, 25.13333333 ] } },
{ "type": "Feature", "properties": { "prov": "Prussia", "dist": "Posen", "code": "PRU_PSN_KPN", "name": "Kempen" }, "geometry": { "type": "Point", "coordinates": [ 51.28333333, 17.98333333 ] } },
{ "type": "Feature", "properties": { "prov": "Galicia", "dist": "Wieliczka", "code": "GLC_WLC_KLSN", "name": "Klasno" }, "geometry": { "type": "Point", "coordinates": [ 49.96666667, 20.06666667 ] } },
{ "type": "Feature", "properties": { "prov": "Prussia", "dist": "Pommern", "code": "PRU_PMM_SWDW", "name": "Schivelbein" }, "geometry": { "type": "Point", "coordinates": [ 53.76666667, 15.78333333 ] } },
{ "type": "Feature", "properties": { "prov": "Prussia", "dist": "Schlesien", "code": "PRU_SCH_MJSC", "name": "Stadtel" }, "geometry": { "type": "Point", "coordinates": [ 50.95, 17.78333333 ] } },
{ "type": "Feature", "properties": { "prov": "Galicia", "dist": "Brody", "code": "GLC_BRD_UVYN", "name": "Uzvin" }, "geometry": { "type": "Point", "coordinates": [ 50.35, 24.91666667 ] } },
{ "type": "Feature", "properties": { "prov": "Galicia", "dist": "Cieszanow", "code": "GLC_CSZ_LPSK", "name": "Lipsko" }, "geometry": { "type": "Point", "coordinates": [ 50.35, 23.33333333 ] } },
{ "type": "Feature", "properties": { "prov": "Prussia", "dist": "Posen", "code": "PRU_PSN_KRNK", "name": "Kurnik" }, "geometry": { "type": "Point", "coordinates": [ 52.25, 17.1 ] } },
{ "type": "Feature", "properties": { "prov": "Galicia", "dist": "Gorlice", "code": "GLC_GRL_BCZ", "name": "Biecz" }, "geometry": { "type": "Point", "coordinates": [ 49.73333333, 21.25 ] } },
{ "type": "Feature", "properties": { "prov": "Galicia", "dist": "Pommern", "code": "GLC_PDH_ZVLV", "name": "Zawalow" }, "geometry": { "type": "Point", "coordinates": [ 49.2, 25.03333333 ] } },
{ "type": "Feature", "properties": { "prov": "Prussia", "dist": "Posen", "code": "PRU_PSN_OBRN", "name": "Obornik" }, "geometry": { "type": "Point", "coordinates": [ 52.65, 16.81666667 ] } },
{ "type": "Feature", "properties": { "prov": "Prussia", "dist": "Westpreussen", "code": "PRU_WST_NWMS", "name": "Neumark" }, "geometry": { "type": "Point", "coordinates": [ 53.41666667, 19.6 ] } },
{ "type": "Feature", "properties": { "prov": "Bukovina", "dist": "Sambor", "code": "BKV_SDG_SDHR", "name": "Sadagura" }, "geometry": { "type": "Point", "coordinates": [ 48.35, 25.96666667 ] } },
{ "type": "Feature", "properties": { "prov": "Galicia", "dist": "Myslenice", "code": "GLC_MYS_MYSL", "name": "Myslenice" }, "geometry": { "type": "Point", "coordinates": [ 49.83333333, 19.93333333 ] } },
{ "type": "Feature", "properties": { "prov": "Galicia", "dist": "Nadworna", "code": "GLC_NDW_LNCH", "name": "Lanczyn" }, "geometry": { "type": "Point", "coordinates": [ 48.55, 24.75 ] } },
{ "type": "Feature", "properties": { "prov": "Galicia", "dist": "Przeworsk", "code": "GLC_PRZ_SVRZ", "name": "Svirz" }, "geometry": { "type": "Point", "coordinates": [ 49.65, 24.43333333 ] } },
{ "type": "Feature", "properties": { "prov": "Galicia", "dist": "Lisko", "code": "GLC_LSK_SRDN", "name": "Seredne" }, "geometry": { "type": "Point", "coordinates": [ 49.5, 22.51666667 ] } },
{ "type": "Feature", "properties": { "prov": "Bukovina", "dist": "Wiznitz", "code": "BKV_WZN_PTYL", "name": "Putyla" }, "geometry": { "type": "Point", "coordinates": [ 48.0, 25.08333333 ] } },
{ "type": "Feature", "properties": { "prov": "Prussia", "dist": "Posen", "code": "PRU_PSN_OBRZ", "name": "Obersitzko" }, "geometry": { "type": "Point", "coordinates": [ 52.7, 16.53333333 ] } },
{ "type": "Feature", "properties": { "prov": "Prussia", "dist": "Posen", "code": "PRU_PSN_MDZY", "name": "Meseritz" }, "geometry": { "type": "Point", "coordinates": [ 52.43333333, 15.58333333 ] } },
{ "type": "Feature", "properties": { "prov": "Galicia", "dist": "Westpreussen", "code": "GLC_WDW_ZTR", "name": "Zator" }, "geometry": { "type": "Point", "coordinates": [ 49.98333333, 19.45 ] } },
{ "type": "Feature", "properties": { "prov": "Galicia", "dist": "Wieliczka", "code": "GLC_WLC_GDW", "name": "Gdow" }, "geometry": { "type": "Point", "coordinates": [ 49.91666667, 20.2 ] } },
{ "type": "Feature", "properties": { "prov": "Galicia", "dist": "Tarnobrzeg", "code": "BKV_SCZ_SCV", "name": "Suczawa" }, "geometry": { "type": "Point", "coordinates": [ 47.63333333, 26.25 ] } },
{ "type": "Feature", "properties": { "prov": "Galicia", "dist": "Podhajce", "code": "GLC_PDH_VYSH", "name": "Wisniowczyk" }, "geometry": { "type": "Point", "coordinates": [ 49.23333333, 25.36666667 ] } },
{ "type": "Feature", "properties": { "prov": "Prussia", "dist": "Schlesien", "code": "PRU_SCH_SMNW", "name": "Siemianowitz" }, "geometry": { "type": "Point", "coordinates": [ 50.3, 19.03333333 ] } },
{ "type": "Feature", "properties": { "prov": "Galicia", "dist": "Nadworna", "code": "GLC_NDW_NDVR", "name": "Nadworna" }, "geometry": { "type": "Point", "coordinates": [ 48.63333333, 24.58333333 ] } },
{ "type": "Feature", "properties": { "prov": "Galicia", "dist": "Zloczow", "code": "GLC_ZBR_ZBRZ", "name": "Zbaraz" }, "geometry": { "type": "Point", "coordinates": [ 49.66666667, 25.78333333 ] } },
{ "type": "Feature", "properties": { "prov": "Prussia", "dist": "Ostpreussen", "code": "PRU_OST_CHRN", "name": "Insterburg" }, "geometry": { "type": "Point", "coordinates": [ 54.63333333, 21.81666667 ] } },
{ "type": "Feature", "properties": { "prov": "Galicia", "dist": "Dabrowa", "code": "GLC_DBR_RDGS", "name": "Radgoszcz" }, "geometry": { "type": "Point", "coordinates": [ 50.2, 21.11666667 ] } },
{ "type": "Feature", "properties": { "prov": "Galicia", "dist": "Chrzanow", "code": "GLC_CHR_CHRZ", "name": "Chrzanow" }, "geometry": { "type": "Point", "coordinates": [ 50.13333333, 19.4 ] } },
{ "type": "Feature", "properties": { "prov": "Bukovina", "dist": "Wiznitz", "code": "BKV_WZN_MYHV", "name": "Mihova" }, "geometry": { "type": "Point", "coordinates": [ 48.15, 25.36666667 ] } },
{ "type": "Feature", "properties": { "prov": "Galicia", "dist": "Rohatyn", "code": "GLC_RHT_RHTY", "name": "Rohatyn" }, "geometry": { "type": "Point", "coordinates": [ 49.41666667, 24.61666667 ] } },
{ "type": "Feature", "properties": { "prov": "Prussia", "dist": "Ostpreussen", "code": "PRU_OST_CHRN2", "name": "Eydtkuhnen" }, "geometry": { "type": "Point", "coordinates": [ 54.63333333, 22.73333333 ] } },
{ "type": "Feature", "properties": { "prov": "Galicia", "dist": "Borszczow", "code": "GLC_BRS_SKLP", "name": "Skala" }, "geometry": { "type": "Point", "coordinates": [ 48.85, 26.2 ] } },
{ "type": "Feature", "properties": { "prov": "Prussia", "dist": "Posen", "code": "PRU_PSN_LSZN", "name": "Lissa" }, "geometry": { "type": "Point", "coordinates": [ 51.85, 16.58333333 ] } },
{ "type": "Feature", "properties": { "prov": "Bukovina", "dist": "Wiznitz", "code": "BKV_WZN_VYZH", "name": "Wizna" }, "geometry": { "type": "Point", "coordinates": [ 48.21666667, 25.16666667 ] } },
{ "type": "Feature", "properties": { "prov": "Galicia", "dist": "Przemyslany", "code": "GLC_PRZ_DNYV", "name": "Dunajow" }, "geometry": { "type": "Point", "coordinates": [ 49.61666667, 24.83333333 ] } },
{ "type": "Feature", "properties": { "prov": "Prussia", "dist": "Schlesien", "code": "PRU_SCH_OLSN", "name": "Oels" }, "geometry": { "type": "Point", "coordinates": [ 51.2, 17.38333333 ] } },
{ "type": "Feature", "properties": { "prov": "Galicia", "dist": "Radautz", "code": "BKV_RDT_VCVD", "name": "Wikow Ober" }, "geometry": { "type": "Point", "coordinates": [ 47.93333333, 25.68333333 ] } },
{ "type": "Feature", "properties": { "prov": "Galicia", "dist": "Dobromil", "code": "GLC_DLN_BLKH", "name": "Bolechiv" }, "geometry": { "type": "Point", "coordinates": [ 49.06666667, 23.86666667 ] } },
{ "type": "Feature", "properties": { "prov": "Prussia", "dist": "Schlesien", "code": "PRU_SCH_PSZC", "name": "Pless" }, "geometry": { "type": "Point", "coordinates": [ 49.96666667, 18.95 ] } },
{ "type": "Feature", "properties": { "prov": "Galicia", "dist": "Stryj", "code": "GLC_STR_SKLW", "name": "Sokolow" }, "geometry": { "type": "Point", "coordinates": [ 49.18333333, 24.01666667 ] } },
{ "type": "Feature", "properties": { "prov": "Galicia", "dist": "Mielec", "code": "GLC_MLC_MLC", "name": "Mielec" }, "geometry": { "type": "Point", "coordinates": [ 50.28333333, 21.41666667 ] } },
{ "type": "Feature", "properties": { "prov": "Galicia", "dist": "Krosno", "code": "GLC_KRS_KRSN", "name": "Krosno" }, "geometry": { "type": "Point", "coordinates": [ 49.68333333, 21.78333333 ] } },
{ "type": "Feature", "properties": { "prov": "Galicia", "dist": "Skalat", "code": "GLC_SKL_TRNR", "name": "Tarnoruda" }, "geometry": { "type": "Point", "coordinates": [ 49.41666667, 26.23333333 ] } },
{ "type": "Feature", "properties": { "prov": "Galicia", "dist": "Przemysl", "code": "GLC_PRZ_KRSC", "name": "Krasiczyn" }, "geometry": { "type": "Point", "coordinates": [ 49.76666667, 22.66666667 ] } },
{ "type": "Feature", "properties": { "prov": "Prussia", "dist": "Posen", "code": "PRU_PSN_WSCH", "name": "Fraustadt" }, "geometry": { "type": "Point", "coordinates": [ 51.8, 16.31666667 ] } },
{ "type": "Feature", "properties": { "prov": "Prussia", "dist": "Westpreussen", "code": "PRU_WST_DZRZ", "name": "Christburg" }, "geometry": { "type": "Point", "coordinates": [ 53.93333333, 19.35 ] } },
{ "type": "Feature", "properties": { "prov": "Galicia", "dist": "Kosow", "code": "GLC_KSW_KTY", "name": "Kuty" }, "geometry": { "type": "Point", "coordinates": [ 48.25, 25.18333333 ] } },
{ "type": "Feature", "properties": { "prov": "Galicia", "dist": "Kosow", "code": "GLC_KSW_KTY", "name": "Kuty" }, "geometry": { "type": "Point", "coordinates": [ 48.25, 25.18333333 ] } },
{ "type": "Feature", "properties": { "prov": "Prussia", "dist": "Posen", "code": "PRU_PSN_WTKW", "name": "Witkowo" }, "geometry": { "type": "Point", "coordinates": [ 52.45, 17.8 ] } },
{ "type": "Feature", "properties": { "prov": "Prussia", "dist": "Posen", "code": "PRU_PSN_GSTY", "name": "Gostynin" }, "geometry": { "type": "Point", "coordinates": [ 51.88333333, 17.01666667 ] } },
{ "type": "Feature", "properties": { "prov": "Galicia", "dist": "Sanok", "code": "GLC_SNK_SZCZ", "name": "Szczawne" }, "geometry": { "type": "Point", "coordinates": [ 49.4, 22.13333333 ] } },
{ "type": "Feature", "properties": { "prov": "Galicia", "dist": "Stryj", "code": "GLC_STR_SKL", "name": "Skole" }, "geometry": { "type": "Point", "coordinates": [ 49.03333333, 23.51666667 ] } },
{ "type": "Feature", "properties": { "prov": "Prussia", "dist": "Posen", "code": "PRU_PSN_ZBSZ", "name": "Bentschen" }, "geometry": { "type": "Point", "coordinates": [ 52.25, 15.93333333 ] } },
{ "type": "Feature", "properties": { "prov": "Prussia", "dist": "Posen", "code": "PRU_PSN_TRZC2", "name": "Tirschtiegel" }, "geometry": { "type": "Point", "coordinates": [ 52.36666667, 15.86666667 ] } },
{ "type": "Feature", "properties": { "prov": "Prussia", "dist": "Posen", "code": "PRU_PSN_SRDW", "name": "Schroda" }, "geometry": { "type": "Point", "coordinates": [ 52.23333333, 17.28333333 ] } },
{ "type": "Feature", "properties": { "prov": "Prussia", "dist": "Westpreussen", "code": "PRU_WST_MRSL", "name": "Markisch-Friedland" }, "geometry": { "type": "Point", "coordinates": [ 53.33333333, 16.1 ] } },
{ "type": "Feature", "properties": { "prov": "Prussia", "dist": "Westpreussen", "code": "PRU_WST_MRSL", "name": "Markisch-Friedland" }, "geometry": { "type": "Point", "coordinates": [ 53.33333333, 16.1 ] } },
{ "type": "Feature", "properties": { "prov": "Prussia", "dist": "Westpreussen", "code": "PRU_WST_MRSL", "name": "Sensburg" }, "geometry": { "type": "Point", "coordinates": [ 53.33333333, 16.1 ] } },
{ "type": "Feature", "properties": { "prov": "Prussia", "dist": "Westpreussen", "code": "PRU_WST_MRSL", "name": "Sensburg" }, "geometry": { "type": "Point", "coordinates": [ 53.33333333, 16.1 ] } },
{ "type": "Feature", "properties": { "prov": "Galicia", "dist": "Lwow", "code": "GLC_LWW_VYNN", "name": "Winniki" }, "geometry": { "type": "Point", "coordinates": [ 49.81666667, 24.1 ] } },
{ "type": "Feature", "properties": { "prov": "Prussia", "dist": "Schlesien", "code": "PRU_SCH_WDZS", "name": "Loslau" }, "geometry": { "type": "Point", "coordinates": [ 50.0, 18.46666667 ] } },
{ "type": "Feature", "properties": { "prov": "Galicia", "dist": "Skalat", "code": "BKV_SRT_SRT", "name": "Sereth" }, "geometry": { "type": "Point", "coordinates": [ 47.95, 26.06666667 ] } },
{ "type": "Feature", "properties": { "prov": "Prussia", "dist": "Schlesien", "code": "PRU_SCH_WLBR", "name": "Waldenburg" }, "geometry": { "type": "Point", "coordinates": [ 50.76666667, 16.28333333 ] } },
{ "type": "Feature", "properties": { "prov": "Prussia", "dist": "Pommern", "code": "PRU_PMM_ANKL", "name": "Anklam" }, "geometry": { "type": "Point", "coordinates": [ 53.86666667, 13.7 ] } },
{ "type": "Feature", "properties": { "prov": "Galicia", "dist": "Kamionka Strumilowa", "code": "GLC_KMN_SYNK", "name": "Sienkow" }, "geometry": { "type": "Point", "coordinates": [ 50.3, 24.76666667 ] } },
{ "type": "Feature", "properties": { "prov": "Galicia", "dist": "Mielec", "code": "GLC_MLC_PRZC", "name": "Przeclaw" }, "geometry": { "type": "Point", "coordinates": [ 50.2, 21.46666667 ] } },
{ "type": "Feature", "properties": { "prov": "Galicia", "dist": "Tlumacz", "code": "GLC_TLM_KHTY", "name": "Chocimierz" }, "geometry": { "type": "Point", "coordinates": [ 48.75, 25.1 ] } },
{ "type": "Feature", "properties": { "prov": "Galicia", "dist": "Skalat", "code": "GLC_SKL_HRYM", "name": "Grzymalow" }, "geometry": { "type": "Point", "coordinates": [ 49.33333333, 26.03333333 ] } },
{ "type": "Feature", "properties": { "prov": "Bukovina", "dist": "Grodek", "code": "GLC_GRD_HRDK", "name": "Grodek Jagiellonski" }, "geometry": { "type": "Point", "coordinates": [ 49.78333333, 23.65 ] } },
{ "type": "Feature", "properties": { "prov": "Prussia", "dist": "Westpreussen", "code": "PRU_WST_KWDZ", "name": "Marienwerder" }, "geometry": { "type": "Point", "coordinates": [ 53.73333333, 18.91666667 ] } },
{ "type": "Feature", "properties": { "prov": "Galicia", "dist": "Przemyslany", "code": "GLC_PRZ_PRMY", "name": "Przemyslany" }, "geometry": { "type": "Point", "coordinates": [ 49.66666667, 24.55 ] } },
{ "type": "Feature", "properties": { "prov": "Galicia", "dist": "Pilzno", "code": "GLC_PLZ_JDLW", "name": "Jodlowa" }, "geometry": { "type": "Point", "coordinates": [ 49.86666667, 21.3 ] } },
{ "type": "Feature", "properties": { "prov": "Prussia", "dist": "Westpreussen", "code": "PRU_WST_DBRZ", "name": "Preussisch-Friedland" }, "geometry": { "type": "Point", "coordinates": [ 53.53333333, 17.23333333 ] } },
{ "type": "Feature", "properties": { "prov": "Galicia", "dist": "Tarnopol", "code": "GLC_TRN_TRNB", "name": "Tarnobrzeg" }, "geometry": { "type": "Point", "coordinates": [ 50.58333333, 21.68333333 ] } },
{ "type": "Feature", "properties": { "prov": "Galicia", "dist": "Czortkow", "code": "GLC_CZR_HRSH", "name": "Wygnanka" }, "geometry": { "type": "Point", "coordinates": [ 49.03333333, 25.81666667 ] } },
{ "type": "Feature", "properties": { "prov": "Prussia", "dist": "Pommern", "code": "PRU_PMM_BLGR", "name": "Belgard" }, "geometry": { "type": "Point", "coordinates": [ 54.0, 16.0 ] } },
{ "type": "Feature", "properties": { "prov": "Galicia", "dist": "Nisko", "code": "GLC_NSK_JZW", "name": "Jezowe" }, "geometry": { "type": "Point", "coordinates": [ 50.36666667, 22.15 ] } },
{ "type": "Feature", "properties": { "prov": "Galicia", "dist": "Nowy Sacz", "code": "GLC_NWY_KRYN", "name": "Krynica" }, "geometry": { "type": "Point", "coordinates": [ 49.43333333, 20.96666667 ] } },
{ "type": "Feature", "properties": { "prov": "Prussia", "dist": "Schlesien", "code": "PRU_SCH_DBRD", "name": "Guttentag" }, "geometry": { "type": "Point", "coordinates": [ 50.73333333, 18.45 ] } },
{ "type": "Feature", "properties": { "prov": "Galicia", "dist": "Nowy Sacz", "code": "GLC_NWY_RYTR", "name": "Rytro" }, "geometry": { "type": "Point", "coordinates": [ 49.48333333, 20.68333333 ] } },
{ "type": "Feature", "properties": { "prov": "Galicia", "dist": "Cieszanow", "code": "GLC_CSZ_CSZN", "name": "Cieszanow" }, "geometry": { "type": "Point", "coordinates": [ 50.23333333, 23.13333333 ] } },
{ "type": "Feature", "properties": { "prov": "Galicia", "dist": "Sokal", "code": "GLC_SKL_CHRV", "name": "Krystynopol" }, "geometry": { "type": "Point", "coordinates": [ 50.38333333, 24.23333333 ] } },
{ "type": "Feature", "properties": { "prov": "Bukovina", "dist": "Storojinet", "code": "BKV_STR_KSTN", "name": "Kostestie" }, "geometry": { "type": "Point", "coordinates": [ 48.28333333, 25.6 ] } },
{ "type": "Feature", "properties": { "prov": "Galicia", "dist": "Nisko", "code": "GLC_NSK_NSK", "name": "Nisko" }, "geometry": { "type": "Point", "coordinates": [ 50.53333333, 22.15 ] } },
{ "type": "Feature", "properties": { "prov": "Prussia", "dist": "Schlesien", "code": "PRU_SCH_ZLNG", "name": "Gruenberg" }, "geometry": { "type": "Point", "coordinates": [ 51.93333333, 15.5 ] } },
{ "type": "Feature", "properties": { "prov": "Prussia", "dist": "Westpreussen", "code": "PRU_WST_KSLC", "name": "Freystadt" }, "geometry": { "type": "Point", "coordinates": [ 53.6, 19.26666667 ] } },
{ "type": "Feature", "properties": { "prov": "Galicia", "dist": "Drohobycz", "code": "GLC_DLN_WLSK", "name": "Woloska Wies" }, "geometry": { "type": "Point", "coordinates": [ 49.06666667, 23.85 ] } },
{ "type": "Feature", "properties": { "prov": "Galicia", "dist": "Brzozow", "code": "GLC_BRZ_ULCZ", "name": "Ulucz" }, "geometry": { "type": "Point", "coordinates": [ 49.68333333, 22.28333333 ] } },
{ "type": "Feature", "properties": { "prov": "Galicia", "dist": "Czernowitz", "code": "SLS_PLN_SKCZ", "name": "Skoczow" }, "geometry": { "type": "Point", "coordinates": [ 49.8, 18.8 ] } },
{ "type": "Feature", "properties": { "prov": "Galicia", "dist": "Dolina", "code": "GLC_DLN_DLYN", "name": "Dolina" }, "geometry": { "type": "Point", "coordinates": [ 48.96666667, 24.01666667 ] } },
{ "type": "Feature", "properties": { "prov": "Galicia", "dist": "Nowy Sacz", "code": "GLC_NWY_MSZY", "name": "Muszyna" }, "geometry": { "type": "Point", "coordinates": [ 49.35, 20.91666667 ] } },
{ "type": "Feature", "properties": { "prov": "Galicia", "dist": "Gorlice", "code": "GLC_GRL_RZPN", "name": "Rzepiennik Strzyzewski" }, "geometry": { "type": "Point", "coordinates": [ 49.8, 21.05 ] } },
{ "type": "Feature", "properties": { "prov": "Galicia", "dist": "Dolina", "code": "GLC_DLN_MZHR", "name": "Mizhrichchya" }, "geometry": { "type": "Point", "coordinates": [ 49.11666667, 23.95 ] } },
{ "type": "Feature", "properties": { "prov": "Bukovina", "dist": "Kimpolung", "code": "BKV_KMP_FRSN", "name": "Frasin" }, "geometry": { "type": "Point", "coordinates": [ 47.53333333, 25.8 ] } },
{ "type": "Feature", "properties": { "prov": "Galicia", "dist": "Rzeszow", "code": "GLC_RZS_ZBRT", "name": "Zabratowka" }, "geometry": { "type": "Point", "coordinates": [ 49.96666667, 22.2 ] } },
{ "type": "Feature", "properties": { "prov": "Galicia", "dist": "Dobromil", "code": "GLC_DBR_NVMS", "name": "Nowe Miasto" }, "geometry": { "type": "Point", "coordinates": [ 49.61666667, 22.86666667 ] } },
{ "type": "Feature", "properties": { "prov": "Prussia", "dist": "Posen", "code": "PRU_PSN_PSK", "name": "Sandberg" }, "geometry": { "type": "Point", "coordinates": [ 51.88333333, 17.06666667 ] } },
{ "type": "Feature", "properties": { "prov": "Bukovina", "dist": "Storojinet", "code": "BKV_STR_KRSN", "name": "Krasna Ilska" }, "geometry": { "type": "Point", "coordinates": [ 48.01666667, 25.58333333 ] } },
{ "type": "Feature", "properties": { "prov": "Prussia", "dist": "Westpreussen", "code": "PRU_WST_JSTR", "name": "Jastrow" }, "geometry": { "type": "Point", "coordinates": [ 53.41666667, 16.81666667 ] } },
{ "type": "Feature", "properties": { "prov": "Prussia", "dist": "Westpreussen", "code": "PRU_WST_GDNS", "name": "Gdansk" }, "geometry": { "type": "Point", "coordinates": [ 54.35, 18.66666667 ] } },
{ "type": "Feature", "properties": { "prov": "Prussia", "dist": "Biala", "code": "GLC_BL_OSWC", "name": "Oswiencim" }, "geometry": { "type": "Point", "coordinates": [ 50.03333333, 19.23333333 ] } },
{ "type": "Feature", "properties": { "prov": "Galicia", "dist": "Tlumacz", "code": "GLC_TLM_TYSM", "name": "Tysmienica" }, "geometry": { "type": "Point", "coordinates": [ 48.9, 24.85 ] } },
{ "type": "Feature", "properties": { "prov": "Prussia", "dist": "Schlesien", "code": "PRU_SCH_KLDZ", "name": "Glatz" }, "geometry": { "type": "Point", "coordinates": [ 50.43333333, 16.65 ] } },
{ "type": "Feature", "properties": { "prov": "Galicia", "dist": "Wieliczka", "code": "GLC_WLC_PDGR", "name": "Podgorze" }, "geometry": { "type": "Point", "coordinates": [ 50.03333333, 19.96666667 ] } },
{ "type": "Feature", "properties": { "prov": "Prussia", "dist": "Bohorodczany", "code": "GLC_BHR_BHRD", "name": "Bohorodczany" }, "geometry": { "type": "Point", "coordinates": [ 48.8, 24.53333333 ] } },
{ "type": "Feature", "properties": { "prov": "Galicia", "dist": "Mosciska", "code": "GLC_MSC_MSTY", "name": "Mosciska" }, "geometry": { "type": "Point", "coordinates": [ 49.8, 23.15 ] } },
{ "type": "Feature", "properties": { "prov": "Prussia", "dist": "Ostpreussen", "code": "PRU_OST_ELK", "name": "Lyck" }, "geometry": { "type": "Point", "coordinates": [ 53.83333333, 22.35 ] } },
{ "type": "Feature", "properties": { "prov": "Galicia", "dist": "Lancut", "code": "GLC_LNC_MRKW", "name": "Markowa" }, "geometry": { "type": "Point", "coordinates": [ 50.01666667, 22.31666667 ] } },
{ "type": "Feature", "properties": { "prov": "Galicia", "dist": "Husiatyn", "code": "GLC_HST_KPYC", "name": "Kopychynce" }, "geometry": { "type": "Point", "coordinates": [ 49.1, 25.93333333 ] } },
{ "type": "Feature", "properties": { "prov": "Galicia", "dist": "Cieszanow", "code": "GLC_CSZ_OLSZ", "name": "Oleszyce" }, "geometry": { "type": "Point", "coordinates": [ 50.16666667, 23.03333333 ] } },
{ "type": "Feature", "properties": { "prov": "Galicia", "dist": "Turka", "code": "GLC_TRK_NYZH2", "name": "Jablonka Nizna" }, "geometry": { "type": "Point", "coordinates": [ 49.11666667, 22.96666667 ] } },
{ "type": "Feature", "properties": { "prov": "Galicia", "dist": "Krosno", "code": "GLC_KRS_DKL", "name": "Dukla" }, "geometry": { "type": "Point", "coordinates": [ 49.56666667, 21.68333333 ] } },
{ "type": "Feature", "properties": { "prov": "Galicia", "dist": "Buczacz", "code": "GLC_BCZ_MNST", "name": "Monasterzyska" }, "geometry": { "type": "Point", "coordinates": [ 49.08333333, 25.16666667 ] } },
{ "type": "Feature", "properties": { "prov": "Prussia", "dist": "Schlesien", "code": "PRU_SCH_BRTW", "name": "Bernstadt" }, "geometry": { "type": "Point", "coordinates": [ 51.11666667, 17.53333333 ] } },
{ "type": "Feature", "properties": { "prov": "Prussia", "dist": "Schlesien", "code": "PRU_SCH_OLSN2", "name": "Rosenberg" }, "geometry": { "type": "Point", "coordinates": [ 50.88333333, 18.43333333 ] } },
{ "type": "Feature", "properties": { "prov": "Galicia", "dist": "Brzesko", "code": "GLC_BRZ_BRZS", "name": "Brzesko" }, "geometry": { "type": "Point", "coordinates": [ 49.96666667, 20.61666667 ] } },
{ "type": "Feature", "properties": { "prov": "Prussia", "dist": "Schlesien", "code": "PRU_SCH_MKLW", "name": "Mikolow" }, "geometry": { "type": "Point", "coordinates": [ 50.16666667, 18.9 ] } },
{ "type": "Feature", "properties": { "prov": "Prussia", "dist": "Ostpreussen", "code": "PRU_OST_DBRM", "name": "Guttstadt" }, "geometry": { "type": "Point", "coordinates": [ 53.98333333, 20.4 ] } },
{ "type": "Feature", "properties": { "prov": "Prussia", "dist": "Posen", "code": "PRU_PSN_GLNC", "name": "Golancz" }, "geometry": { "type": "Point", "coordinates": [ 52.95, 17.3 ] } },
{ "type": "Feature", "properties": { "prov": "Galicia", "dist": "Lisko", "code": "GLC_LSK_LSK", "name": "Lesko" }, "geometry": { "type": "Point", "coordinates": [ 49.45, 22.31666667 ] } },
{ "type": "Feature", "properties": { "prov": "Galicia", "dist": "Tarnopol", "code": "GLC_TRN_MKLN", "name": "Mikulince" }, "geometry": { "type": "Point", "coordinates": [ 49.4, 25.6 ] } },
{ "type": "Feature", "properties": { "prov": "Galicia", "dist": "Zydaczow", "code": "GLC_ZLK_ZHVT", "name": "Zhovtantsi" }, "geometry": { "type": "Point", "coordinates": [ 49.98333333, 24.23333333 ] } },
{ "type": "Feature", "properties": { "prov": "Galicia", "dist": "Sniatyn", "code": "GLC_SNT_DMCH", "name": "Demycze" }, "geometry": { "type": "Point", "coordinates": [ 48.46666667, 25.3 ] } },
{ "type": "Feature", "properties": { "prov": "Prussia", "dist": "Posen", "code": "PRU_PSN_BK", "name": "Buk" }, "geometry": { "type": "Point", "coordinates": [ 52.35, 16.53333333 ] } },
{ "type": "Feature", "properties": { "prov": "Galicia", "dist": "Sokal", "code": "GLC_SKL_SKL", "name": "Sokal" }, "geometry": { "type": "Point", "coordinates": [ 50.48333333, 24.28333333 ] } },
{ "type": "Feature", "properties": { "prov": "Galicia", "dist": "Brody", "code": "GLC_BRD_ZLZT", "name": "Zalozce" }, "geometry": { "type": "Point", "coordinates": [ 49.78333333, 25.36666667 ] } },
{ "type": "Feature", "properties": { "prov": "Galicia", "dist": "Dabrowa", "code": "GLC_DBR_DBRW", "name": "Dabrowa Tarnowska" }, "geometry": { "type": "Point", "coordinates": [ 50.16666667, 20.98333333 ] } },
{ "type": "Feature", "properties": { "prov": "Prussia", "dist": "Schlesien", "code": "PRU_SCH_NMYS", "name": "Namslau" }, "geometry": { "type": "Point", "coordinates": [ 51.08333333, 17.71666667 ] } },
{ "type": "Feature", "properties": { "prov": "Galicia", "dist": "Myslenice", "code": "GLC_MYS_JRDN", "name": "Jordanow" }, "geometry": { "type": "Point", "coordinates": [ 49.65, 19.83333333 ] } },
{ "type": "Feature", "properties": { "prov": "Galicia", "dist": "Turka", "code": "GLC_TRK_TRK", "name": "Turka" }, "geometry": { "type": "Point", "coordinates": [ 49.15, 23.03333333 ] } },
{ "type": "Feature", "properties": { "prov": "Galicia", "dist": "Turka", "code": "GLC_TRK_LMN", "name": "Lomna" }, "geometry": { "type": "Point", "coordinates": [ 49.25, 22.83333333 ] } },
{ "type": "Feature", "properties": { "prov": "Galicia", "dist": "Kamionka Strumilowa", "code": "GLC_KMN_BSK", "name": "Busk" }, "geometry": { "type": "Point", "coordinates": [ 49.96666667, 24.63333333 ] } },
{ "type": "Feature", "properties": { "prov": "Galicia", "dist": "Lisko", "code": "GLC_LSK_USTR", "name": "Ustrzyki Dolne" }, "geometry": { "type": "Point", "coordinates": [ 49.43333333, 22.58333333 ] } },
{ "type": "Feature", "properties": { "prov": "Galicia", "dist": "Lisko", "code": "GLC_LSK_USTR", "name": "Ustrzyki Dolne" }, "geometry": { "type": "Point", "coordinates": [ 49.43333333, 22.58333333 ] } },
{ "type": "Feature", "properties": { "prov": "Galicia", "dist": "Lisko", "code": "GLC_LSK_USTR", "name": "Ustrzyki Dolne" }, "geometry": { "type": "Point", "coordinates": [ 49.43333333, 22.58333333 ] } },
{ "type": "Feature", "properties": { "prov": "Galicia", "dist": "Lisko", "code": "GLC_LSK_USTR", "name": "Ustrzyki Dolne" }, "geometry": { "type": "Point", "coordinates": [ 49.43333333, 22.58333333 ] } },
{ "type": "Feature", "properties": { "prov": "Bukovina", "dist": "Storojinet", "code": "BKV_STR_DRCH", "name": "Draczynetz" }, "geometry": { "type": "Point", "coordinates": [ 48.31666667, 25.7 ] } },
{ "type": "Feature", "properties": { "prov": "Galicia", "dist": "Jaslo", "code": "GLC_JSL_OSKJ", "name": "Osiek" }, "geometry": { "type": "Point", "coordinates": [ 49.63333333, 21.48333333 ] } },
{ "type": "Feature", "properties": { "prov": "Bukovina", "dist": "Kotzman", "code": "BKV_KTZ_VSYL", "name": "Vasilau" }, "geometry": { "type": "Point", "coordinates": [ 48.6, 25.83333333 ] } },
{ "type": "Feature", "properties": { "prov": "Prussia", "dist": "Westpreussen", "code": "PRU_WST_LSN", "name": "Lassen" }, "geometry": { "type": "Point", "coordinates": [ 53.53333333, 19.1 ] } },
{ "type": "Feature", "properties": { "prov": "Galicia", "dist": "Buczacz", "code": "GLC_BCZ_BRYS", "name": "Barysz" }, "geometry": { "type": "Point", "coordinates": [ 49.03333333, 25.26666667 ] } },
{ "type": "Feature", "properties": { "prov": "Galicia", "dist": "Jaroslaw", "code": "GLC_JRS_SNW", "name": "Sieniawa" }, "geometry": { "type": "Point", "coordinates": [ 50.16666667, 22.63333333 ] } },
{ "type": "Feature", "properties": { "prov": "Galicia", "dist": "Bochnia", "code": "GLC_BCH_NWYW", "name": "Wisnicz Nowy" }, "geometry": { "type": "Point", "coordinates": [ 49.91666667, 20.46666667 ] } },
{ "type": "Feature", "properties": { "prov": "Prussia", "dist": "Schlesien", "code": "PRU_SCH_KTWC", "name": "Kattowitz" }, "geometry": { "type": "Point", "coordinates": [ 50.26666667, 19.01666667 ] } },
{ "type": "Feature", "properties": { "prov": "Galicia", "dist": "Kalusz", "code": "GLC_KLS_BRSH", "name": "Broszniow" }, "geometry": { "type": "Point", "coordinates": [ 49.0, 24.18333333 ] } },
{ "type": "Feature", "properties": { "prov": "Galicia", "dist": "Husiatyn", "code": "GLC_HST_VSYL", "name": "Wasylkowce" }, "geometry": { "type": "Point", "coordinates": [ 49.08333333, 26.06666667 ] } },
{ "type": "Feature", "properties": { "prov": "Galicia", "dist": "Rohatyn", "code": "GLC_RHT_BLSH", "name": "Bolszowce" }, "geometry": { "type": "Point", "coordinates": [ 49.18333333, 24.75 ] } },
{ "type": "Feature", "properties": { "prov": "Galicia", "dist": "Podhajce", "code": "GLC_PDH_ZLTN", "name": "Zlotniki" }, "geometry": { "type": "Point", "coordinates": [ 49.28333333, 25.38333333 ] } },
{ "type": "Feature", "properties": { "prov": "Prussia", "dist": "Ostpreussen", "code": "PRU_OST_OSTR", "name": "Osterode" }, "geometry": { "type": "Point", "coordinates": [ 53.7, 19.98333333 ] } },
{ "type": "Feature", "properties": { "prov": "Galicia", "dist": "Czortkow", "code": "GLC_CZR_CHRT", "name": "Czortkow" }, "geometry": { "type": "Point", "coordinates": [ 49.01666667, 25.8 ] } },
{ "type": "Feature", "properties": { "prov": "Prussia", "dist": "Posen", "code": "PRU_PSN_KRTS", "name": "Krotoschin" }, "geometry": { "type": "Point", "coordinates": [ 51.7, 17.45 ] } },
{ "type": "Feature", "properties": { "prov": "Galicia", "dist": "Nowy Targ", "code": "GLC_NWY_CZRN", "name": "Czarny Dunajec" }, "geometry": { "type": "Point", "coordinates": [ 49.43333333, 19.86666667 ] } },
{ "type": "Feature", "properties": { "prov": "Galicia", "dist": "Pilzno", "code": "GLC_RPC_DBC", "name": "Dembitz" }, "geometry": { "type": "Point", "coordinates": [ 50.05, 21.41666667 ] } },
{ "type": "Feature", "properties": { "prov": "Galicia", "dist": "Zydaczow", "code": "GLC_ZYD_ZHRV", "name": "Zurawno" }, "geometry": { "type": "Point", "coordinates": [ 49.25, 24.28333333 ] } },
{ "type": "Feature", "properties": { "prov": "Prussia", "dist": "Pommern", "code": "PRU_PMM_CZPL", "name": "Tempelburg" }, "geometry": { "type": "Point", "coordinates": [ 53.55, 16.23333333 ] } },
{ "type": "Feature", "properties": { "prov": "Galicia", "dist": "Bobrka", "code": "GLC_BBR_VYBR", "name": "Wybranivka" }, "geometry": { "type": "Point", "coordinates": [ 49.55, 24.21666667 ] } },
{ "type": "Feature", "properties": { "prov": "Prussia", "dist": "Pommern", "code": "PRU_PMM_PLCZ", "name": "Bad Polzin" }, "geometry": { "type": "Point", "coordinates": [ 53.75, 16.08333333 ] } },
{ "type": "Feature", "properties": { "prov": "Galicia", "dist": "Rudki", "code": "GLC_RDK_KMRN", "name": "Komarno" }, "geometry": { "type": "Point", "coordinates": [ 49.63333333, 23.7 ] } },
{ "type": "Feature", "properties": { "prov": "Galicia", "dist": "Zaleszczyki", "code": "GLC_ZLS_TVST", "name": "Tluste" }, "geometry": { "type": "Point", "coordinates": [ 48.85, 25.73333333 ] } },
{ "type": "Feature", "properties": { "prov": "Galicia", "dist": "Zaleszczyki", "code": "GLC_ZLS_TVST", "name": "Tluste" }, "geometry": { "type": "Point", "coordinates": [ 48.85, 25.73333333 ] } },
{ "type": "Feature", "properties": { "prov": "Galicia", "dist": "Zaleszczyki", "code": "GLC_ZLS_TVST", "name": "Tluste Wies" }, "geometry": { "type": "Point", "coordinates": [ 48.85, 25.73333333 ] } },
{ "type": "Feature", "properties": { "prov": "Galicia", "dist": "Zaleszczyki", "code": "GLC_ZLS_TVST", "name": "Tluste Wies" }, "geometry": { "type": "Point", "coordinates": [ 48.85, 25.73333333 ] } },
{ "type": "Feature", "properties": { "prov": "Prussia", "dist": "Posen", "code": "PRU_PSN_RSZK", "name": "Raschkow" }, "geometry": { "type": "Point", "coordinates": [ 51.71666667, 17.73333333 ] } },
{ "type": "Feature", "properties": { "prov": "Galicia", "dist": "Husiatyn", "code": "GLC_HST_KHRS", "name": "Chorostkow" }, "geometry": { "type": "Point", "coordinates": [ 49.23333333, 25.91666667 ] } },
{ "type": "Feature", "properties": { "prov": "Galicia", "dist": "Lisko", "code": "GLC_LSK_WLMC", "name": "Wola Michowa" }, "geometry": { "type": "Point", "coordinates": [ 49.23333333, 22.15 ] } },
{ "type": "Feature", "properties": { "prov": "Prussia", "dist": "Posen", "code": "PRU_PSN_BDZY", "name": "Bodzanow" }, "geometry": { "type": "Point", "coordinates": [ 52.88333333, 16.98333333 ] } },
{ "type": "Feature", "properties": { "prov": "Galicia", "dist": "Turka", "code": "GLC_TRM_TRBV", "name": "Trembowla" }, "geometry": { "type": "Point", "coordinates": [ 49.3, 25.71666667 ] } },
{ "type": "Feature", "properties": { "prov": "Galicia", "dist": "Przemyslany", "code": "GLC_PRZ_HLYN", "name": "Hlyniany" }, "geometry": { "type": "Point", "coordinates": [ 49.81666667, 24.51666667 ] } },
{ "type": "Feature", "properties": { "prov": "Galicia", "dist": "Zloczow", "code": "GLC_ZLC_ZBRV", "name": "Zborow" }, "geometry": { "type": "Point", "coordinates": [ 49.66666667, 25.15 ] } },
{ "type": "Feature", "properties": { "prov": "Galicia", "dist": "Tlumacz", "code": "GLC_TLM_OTYN", "name": "Ottynia" }, "geometry": { "type": "Point", "coordinates": [ 48.73333333, 24.85 ] } },
{ "type": "Feature", "properties": { "prov": "Galicia", "dist": "Sanok", "code": "GLC_SNK_ZGRZ", "name": "Zagorz" }, "geometry": { "type": "Point", "coordinates": [ 49.51666667, 22.26666667 ] } },
{ "type": "Feature", "properties": { "prov": "Galicia", "dist": "Bohorodczany", "code": "GLC_BHR_STRN", "name": "Starunya" }, "geometry": { "type": "Point", "coordinates": [ 48.71666667, 24.5 ] } },
{ "type": "Feature", "properties": { "prov": "Prussia", "dist": "Ostpreussen", "code": "PRU_OST_SDV", "name": "Gross Kackschen" }, "geometry": { "type": "Point", "coordinates": [ 54.95, 22.31666667 ] } },
{ "type": "Feature", "properties": { "prov": "Galicia", "dist": "Nadworna", "code": "GLC_NDW_DR", "name": "Dora" }, "geometry": { "type": "Point", "coordinates": [ 48.46666667, 24.58333333 ] } },
{ "type": "Feature", "properties": { "prov": "Prussia", "dist": "Pommern", "code": "PRU_PMM_GRYF2", "name": "Greifenhagen" }, "geometry": { "type": "Point", "coordinates": [ 53.25, 14.48333333 ] } },
{ "type": "Feature", "properties": { "prov": "Bukovina", "dist": "Wiznitz", "code": "BKV_WZN_SRHY", "name": "Serhiyi" }, "geometry": { "type": "Point", "coordinates": [ 47.98333333, 25.13333333 ] } },
{ "type": "Feature", "properties": { "prov": "Prussia", "dist": "Posen", "code": "PRU_PSN_ODLN", "name": "Adelnau" }, "geometry": { "type": "Point", "coordinates": [ 51.56666667, 17.7 ] } },
{ "type": "Feature", "properties": { "prov": "Galicia", "dist": "Kolomyja", "code": "GLC_KLM_PCHN", "name": "Peczenizyn" }, "geometry": { "type": "Point", "coordinates": [ 48.51666667, 24.88333333 ] } },
{ "type": "Feature", "properties": { "prov": "Galicia", "dist": "Rohatyn", "code": "GLC_RHT_ZHRV", "name": "Zurow" }, "geometry": { "type": "Point", "coordinates": [ 49.31666667, 24.45 ] } },
{ "type": "Feature", "properties": { "prov": "Galicia", "dist": "Nisko", "code": "GLC_NSK_KMN", "name": "Kamien" }, "geometry": { "type": "Point", "coordinates": [ 50.31666667, 22.13333333 ] } },
{ "type": "Feature", "properties": { "prov": "Galicia", "dist": "Sokal", "code": "GLC_SNT_ZBLT", "name": "Zablotow" }, "geometry": { "type": "Point", "coordinates": [ 48.46666667, 25.28333333 ] } },
{ "type": "Feature", "properties": { "prov": "Prussia", "dist": "Schlesien", "code": "PRU_SCH_GLWC", "name": "Gleiwitz" }, "geometry": { "type": "Point", "coordinates": [ 50.28333333, 18.66666667 ] } },
{ "type": "Feature", "properties": { "prov": "Prussia", "dist": "Posen", "code": "PRU_PSN_MGLN", "name": "Mogilno" }, "geometry": { "type": "Point", "coordinates": [ 52.66666667, 17.96666667 ] } },
{ "type": "Feature", "properties": { "prov": "Galicia", "dist": "Brzesko", "code": "GLC_BRZ_WJNC", "name": "Wojnicz" }, "geometry": { "type": "Point", "coordinates": [ 49.96666667, 20.83333333 ] } },
{ "type": "Feature", "properties": { "prov": "Galicia", "dist": "Husiatyn", "code": "GLC_HST_YBLN", "name": "Jablonow" }, "geometry": { "type": "Point", "coordinates": [ 49.15, 25.86666667 ] } },
{ "type": "Feature", "properties": { "prov": "Galicia", "dist": "Dolina", "code": "GLC_DLN_SKHD", "name": "Suchodol" }, "geometry": { "type": "Point", "coordinates": [ 48.8, 24.01666667 ] } },
{ "type": "Feature", "properties": { "prov": "Galicia", "dist": "Myslenice", "code": "GLC_MSC_TVRZ", "name": "Twierdza" }, "geometry": { "type": "Point", "coordinates": [ 49.8, 23.25 ] } },
{ "type": "Feature", "properties": { "prov": "Prussia", "dist": "Ostpreussen", "code": "PRU_OST_SZCZ", "name": "Ortelsburg" }, "geometry": { "type": "Point", "coordinates": [ 53.56666667, 21.0 ] } },
{ "type": "Feature", "properties": { "prov": "Prussia", "dist": "Posen", "code": "PRU_PSN_JNWC", "name": "Janowiec" }, "geometry": { "type": "Point", "coordinates": [ 52.75, 17.5 ] } },
{ "type": "Feature", "properties": { "prov": "Bukovina", "dist": "Wiznitz", "code": "BKV_WZN_MLYV", "name": "Milie" }, "geometry": { "type": "Point", "coordinates": [ 48.33333333, 25.28333333 ] } },
{ "type": "Feature", "properties": { "prov": "Galicia", "dist": "Grodek", "code": "GLC_GRD_VLKY", "name": "Lubien Wielki" }, "geometry": { "type": "Point", "coordinates": [ 49.73333333, 23.73333333 ] } },
{ "type": "Feature", "properties": { "prov": "Galicia", "dist": "Rawa Ruska", "code": "GLC_RW_NMYR", "name": "Niemirow" }, "geometry": { "type": "Point", "coordinates": [ 50.11666667, 23.45 ] } },
{ "type": "Feature", "properties": { "prov": "Prussia", "dist": "Westpreussen", "code": "PRU_WST_CZRN", "name": "Hammerstein" }, "geometry": { "type": "Point", "coordinates": [ 53.68333333, 16.93333333 ] } },
{ "type": "Feature", "properties": { "prov": "Prussia", "dist": "Westpreussen", "code": "PRU_WST_CZLP", "name": "Schloppe" }, "geometry": { "type": "Point", "coordinates": [ 53.08333333, 16.11666667 ] } },
{ "type": "Feature", "properties": { "prov": "Galicia", "dist": "Nowy Sacz", "code": "GLC_NSK_ULNW", "name": "Ulanow" }, "geometry": { "type": "Point", "coordinates": [ 50.48333333, 22.26666667 ] } },
{ "type": "Feature", "properties": { "prov": "Galicia", "dist": "Lancut", "code": "GLC_LNC_LNCT", "name": "Lancut" }, "geometry": { "type": "Point", "coordinates": [ 50.06666667, 22.23333333 ] } },
{ "type": "Feature", "properties": { "prov": "Prussia", "dist": "Schlesien", "code": "PRU_SCH_BLSL", "name": "Bunzlau" }, "geometry": { "type": "Point", "coordinates": [ 51.26666667, 15.56666667 ] } },
{ "type": "Feature", "properties": { "prov": "Galicia", "dist": "Drohobycz", "code": "GLC_DRH_MDNY", "name": "Medenychi" }, "geometry": { "type": "Point", "coordinates": [ 49.43333333, 23.75 ] } },
{ "type": "Feature", "properties": { "prov": "Prussia", "dist": "Posen", "code": "PRU_PSN_MRWN", "name": "Murowana-Goslin" }, "geometry": { "type": "Point", "coordinates": [ 52.56666667, 17.01666667 ] } },
{ "type": "Feature", "properties": { "prov": "Galicia", "dist": "Mielec", "code": "GLC_MLC_RDMY", "name": "Radomysl Wielki" }, "geometry": { "type": "Point", "coordinates": [ 50.2, 21.26666667 ] } },
{ "type": "Feature", "properties": { "prov": "Galicia", "dist": "Mielec", "code": "GLC_MLC_RDMY", "name": "Radomysl Wielki" }, "geometry": { "type": "Point", "coordinates": [ 50.2, 21.26666667 ] } },
{ "type": "Feature", "properties": { "prov": "Galicia", "dist": "Mielec", "code": "GLC_MLC_RDMY", "name": "Radomysl nad Sanem" }, "geometry": { "type": "Point", "coordinates": [ 50.2, 21.26666667 ] } },
{ "type": "Feature", "properties": { "prov": "Galicia", "dist": "Mielec", "code": "GLC_MLC_RDMY", "name": "Radomysl nad Sanem" }, "geometry": { "type": "Point", "coordinates": [ 50.2, 21.26666667 ] } },
{ "type": "Feature", "properties": { "prov": "Galicia", "dist": "Zloczow", "code": "GLC_ZLC_SSV", "name": "Sasow" }, "geometry": { "type": "Point", "coordinates": [ 49.86666667, 24.95 ] } },
{ "type": "Feature", "properties": { "prov": "Prussia", "dist": "Schlesien", "code": "PRU_SCH_ZBC", "name": "Munsterberg" }, "geometry": { "type": "Point", "coordinates": [ 50.6, 17.03333333 ] } },
{ "type": "Feature", "properties": { "prov": "Galicia", "dist": "Czortkow", "code": "GLC_CZR_YHLN", "name": "Jagielnica" }, "geometry": { "type": "Point", "coordinates": [ 48.95, 25.73333333 ] } },
{ "type": "Feature", "properties": { "prov": "Prussia", "dist": "Posen", "code": "PRU_PSN_MRGN", "name": "Margonin" }, "geometry": { "type": "Point", "coordinates": [ 52.96666667, 17.1 ] } },
{ "type": "Feature", "properties": { "prov": "Prussia", "dist": "Pommern", "code": "PRU_PMM_BBLC", "name": "Bublitz" }, "geometry": { "type": "Point", "coordinates": [ 53.95, 16.6 ] } },
{ "type": "Feature", "properties": { "prov": "Prussia", "dist": "Posen", "code": "PRU_PSN_BYDG", "name": "Bydgoszcz" }, "geometry": { "type": "Point", "coordinates": [ 53.15, 18.0 ] } },
{ "type": "Feature", "properties": { "prov": "Galicia", "dist": "Zywiec", "code": "GLC_ZYW_SCHB", "name": "Sucha Beskidzka" }, "geometry": { "type": "Point", "coordinates": [ 49.73333333, 19.6 ] } },
{ "type": "Feature", "properties": { "prov": "Galicia", "dist": "Nadworna", "code": "GLC_NDW_BLOS", "name": "Oslaw Bily" }, "geometry": { "type": "Point", "coordinates": [ 48.5, 24.7 ] } },
{ "type": "Feature", "properties": { "prov": "Galicia", "dist": "Lancut", "code": "GLC_LNC_LZJS", "name": "Lezajsk" }, "geometry": { "type": "Point", "coordinates": [ 50.26666667, 22.41666667 ] } },
{ "type": "Feature", "properties": { "prov": "Galicia", "dist": "Mielec", "code": "GLC_MLC_BRW", "name": "Borowa" }, "geometry": { "type": "Point", "coordinates": [ 50.38333333, 21.36666667 ] } },
{ "type": "Feature", "properties": { "prov": "Prussia", "dist": "Pommern", "code": "PRU_PMM_DRWS", "name": "Dramburg" }, "geometry": { "type": "Point", "coordinates": [ 53.53333333, 15.8 ] } },
{ "type": "Feature", "properties": { "prov": "Galicia", "dist": "Rawa Ruska", "code": "GLC_RW_UHNV", "name": "Uhnow" }, "geometry": { "type": "Point", "coordinates": [ 50.36666667, 23.75 ] } },
{ "type": "Feature", "properties": { "prov": "Galicia", "dist": "Limanowa", "code": "GLC_LMN_DBR", "name": "Dobra" }, "geometry": { "type": "Point", "coordinates": [ 49.71666667, 20.26666667 ] } },
{ "type": "Feature", "properties": { "prov": "Prussia", "dist": "Schlesien", "code": "PRU_SCH_PRDN", "name": "Neustadt" }, "geometry": { "type": "Point", "coordinates": [ 50.31666667, 17.58333333 ] } },
{ "type": "Feature", "properties": { "prov": "Galicia", "dist": "Brody", "code": "GLC_BRD_STRM", "name": "Strzemilcze" }, "geometry": { "type": "Point", "coordinates": [ 50.33333333, 25.05 ] } },
{ "type": "Feature", "properties": { "prov": "Galicia", "dist": "Borszczow", "code": "GLC_BRS_OZRY", "name": "Jezierezany" }, "geometry": { "type": "Point", "coordinates": [ 48.88333333, 25.95 ] } },
{ "type": "Feature", "properties": { "prov": "Galicia", "dist": "Dolina", "code": "GLC_DLN_STRY", "name": "Mizun Stary" }, "geometry": { "type": "Point", "coordinates": [ 48.91666667, 23.88333333 ] } },
{ "type": "Feature", "properties": { "prov": "Prussia", "dist": "Posen", "code": "PRU_PSN_SKK", "name": "Schokken" }, "geometry": { "type": "Point", "coordinates": [ 52.66666667, 17.16666667 ] } },
{ "type": "Feature", "properties": { "prov": "Galicia", "dist": "Borszczow", "code": "GLC_BRS_BRSH", "name": "Borszczow" }, "geometry": { "type": "Point", "coordinates": [ 48.8, 26.05 ] } },
{ "type": "Feature", "properties": { "prov": "Galicia", "dist": "Sokal", "code": "GLC_SKL_SLTS", "name": "Sielec" }, "geometry": { "type": "Point", "coordinates": [ 50.31666667, 24.2 ] } },
{ "type": "Feature", "properties": { "prov": "Galicia", "dist": "Husiatyn", "code": "GLC_HST_HRDN", "name": "Horodnica" }, "geometry": { "type": "Point", "coordinates": [ 49.18333333, 26.11666667 ] } },
{ "type": "Feature", "properties": { "prov": "Galicia", "dist": "Przemysl", "code": "GLC_PRZ_KSNC", "name": "Kosienice" }, "geometry": { "type": "Point", "coordinates": [ 49.88333333, 22.7 ] } },
{ "type": "Feature", "properties": { "prov": "Prussia", "dist": "Posen", "code": "PRU_PSN_MRCZ", "name": "Mrotschen" }, "geometry": { "type": "Point", "coordinates": [ 53.25, 17.61666667 ] } },
{ "type": "Feature", "properties": { "prov": "Prussia", "dist": "Schlesien", "code": "PRU_SCH_KMNN", "name": "Landeshut" }, "geometry": { "type": "Point", "coordinates": [ 50.78333333, 16.03333333 ] } },
{ "type": "Feature", "properties": { "prov": "Galicia", "dist": "Horodenka", "code": "GLC_HRD_CHRN2", "name": "Czerniatyn" }, "geometry": { "type": "Point", "coordinates": [ 48.66666667, 25.45 ] } },
{ "type": "Feature", "properties": { "prov": "Galicia", "dist": "Tlumacz", "code": "GLC_TLM_KRPT", "name": "Koropiec" }, "geometry": { "type": "Point", "coordinates": [ 48.93333333, 25.18333333 ] } },
{ "type": "Feature", "properties": { "prov": "Galicia", "dist": "Rohatyn", "code": "GLC_RW_VLKM", "name": "Wulka Mazowiecka" }, "geometry": { "type": "Point", "coordinates": [ 50.25, 23.86666667 ] } },
{ "type": "Feature", "properties": { "prov": "Galicia", "dist": "Sanok", "code": "GLC_SNK_RYMN", "name": "Rymanow" }, "geometry": { "type": "Point", "coordinates": [ 49.58333333, 21.86666667 ] } },
{ "type": "Feature", "properties": { "prov": "Prussia", "dist": "Schlesien", "code": "PRU_SCH_WRCL", "name": "Breslau" }, "geometry": { "type": "Point", "coordinates": [ 51.1, 17.03333333 ] } },
{ "type": "Feature", "properties": { "prov": "Galicia", "dist": "Grybow", "code": "GLC_GRY_CZKW", "name": "Ciezkowice" }, "geometry": { "type": "Point", "coordinates": [ 49.78333333, 20.96666667 ] } },
{ "type": "Feature", "properties": { "prov": "Prussia", "dist": "Ostpreussen", "code": "PRU_OST_PSLK", "name": "Preussisch-Holland" }, "geometry": { "type": "Point", "coordinates": [ 54.06666667, 19.66666667 ] } },
{ "type": "Feature", "properties": { "prov": "Bukovina", "dist": "Kimpolung", "code": "BKV_KMP_VTRD", "name": "Vatra Dornei" }, "geometry": { "type": "Point", "coordinates": [ 47.35, 25.36666667 ] } },
{ "type": "Feature", "properties": { "prov": "Galicia", "dist": "Cieszyn", "code": "BKV_CZR_CHRN", "name": "Cernauti" }, "geometry": { "type": "Point", "coordinates": [ 48.3, 25.93333333 ] } },
{ "type": "Feature", "properties": { "prov": "Bukovina", "dist": "Radautz", "code": "BKV_RDT_SLYT", "name": "Seletin" }, "geometry": { "type": "Point", "coordinates": [ 47.86666667, 25.21666667 ] } },
{ "type": "Feature", "properties": { "prov": "Galicia", "dist": "Rawa Ruska", "code": "GLC_RW_KHLV", "name": "Chlewczany" }, "geometry": { "type": "Point", "coordinates": [ 50.31666667, 23.96666667 ] } },
{ "type": "Feature", "properties": { "prov": "Prussia", "dist": "Posen", "code": "PRU_PSN_PSZC", "name": "Betsche" }, "geometry": { "type": "Point", "coordinates": [ 52.46666667, 15.76666667 ] } },
{ "type": "Feature", "properties": { "prov": "Prussia", "dist": "Ostpreussen", "code": "PRU_OST_GZYC", "name": "Loetzen" }, "geometry": { "type": "Point", "coordinates": [ 54.03333333, 21.76666667 ] } },
{ "type": "Feature", "properties": { "prov": "Galicia", "dist": "Zloczow", "code": "GLC_ZLC_BLYK", "name": "Bialy Kamien" }, "geometry": { "type": "Point", "coordinates": [ 49.9, 24.83333333 ] } },
{ "type": "Feature", "properties": { "prov": "Prussia", "dist": "Schlesien", "code": "PRU_SCH_GLGW2", "name": "Oberglogau" }, "geometry": { "type": "Point", "coordinates": [ 50.36666667, 17.86666667 ] } },
{ "type": "Feature", "properties": { "prov": "Prussia", "dist": "Posen", "code": "PRU_PSN_GRBW", "name": "Grabow nad Prosna" }, "geometry": { "type": "Point", "coordinates": [ 51.51666667, 18.11666667 ] } },
{ "type": "Feature", "properties": { "prov": "Galicia", "dist": "Rohatyn", "code": "GLC_RHT_CHRN", "name": "Czerniejow" }, "geometry": { "type": "Point", "coordinates": [ 49.26666667, 24.45 ] } },
{ "type": "Feature", "properties": { "prov": "Prussia", "dist": "Ostpreussen", "code": "PRU_OST_BRNW", "name": "Braunsberg" }, "geometry": { "type": "Point", "coordinates": [ 54.38333333, 19.83333333 ] } },
{ "type": "Feature", "properties": { "prov": "Prussia", "dist": "Posen", "code": "PRU_PSN_RYCZ", "name": "Ritschenwalde" }, "geometry": { "type": "Point", "coordinates": [ 52.81666667, 16.83333333 ] } },
{ "type": "Feature", "properties": { "prov": "Prussia", "dist": "Westpreussen", "code": "PRU_WST_WJHR", "name": "Wejherowo" }, "geometry": { "type": "Point", "coordinates": [ 54.6, 18.23333333 ] } },
{ "type": "Feature", "properties": { "prov": "Galicia", "dist": "Tarnobrzeg", "code": "GLC_TRN_RZWD", "name": "Rozwadow" }, "geometry": { "type": "Point", "coordinates": [ 50.58333333, 22.05 ] } },
{ "type": "Feature", "properties": { "prov": "Prussia", "dist": "Pommern", "code": "PRU_PMM_GRFS", "name": "Greifswald" }, "geometry": { "type": "Point", "coordinates": [ 54.1, 13.38333333 ] } },
{ "type": "Feature", "properties": { "prov": "Prussia", "dist": "Pommern", "code": "PRU_PMM_GLNW", "name": "Gollnow" }, "geometry": { "type": "Point", "coordinates": [ 53.56666667, 14.81666667 ] } },
{ "type": "Feature", "properties": { "prov": "Galicia", "dist": "Buczacz", "code": "GLC_BCZ_YZLV", "name": "Jazlowiec" }, "geometry": { "type": "Point", "coordinates": [ 48.96666667, 25.43333333 ] } },
{ "type": "Feature", "properties": { "prov": "Prussia", "dist": "Ostpreussen", "code": "PRU_OST_LDZB", "name": "Heilsberg" }, "geometry": { "type": "Point", "coordinates": [ 54.13333333, 20.58333333 ] } },
{ "type": "Feature", "properties": { "prov": "Galicia", "dist": "Storojinet", "code": "GLC_STR_STRY", "name": "Stary Sambor" }, "geometry": { "type": "Point", "coordinates": [ 49.43333333, 23.0 ] } },
{ "type": "Feature", "properties": { "prov": "Bukovina", "dist": "Wiznitz", "code": "BKV_WZN_RZTK", "name": "Rastoace" }, "geometry": { "type": "Point", "coordinates": [ 48.18333333, 25.08333333 ] } },
{ "type": "Feature", "properties": { "prov": "Galicia", "dist": "Lwow", "code": "GLC_LWW_NVYY", "name": "Jaryczow Nowy" }, "geometry": { "type": "Point", "coordinates": [ 49.91666667, 24.3 ] } },
{ "type": "Feature", "properties": { "prov": "Bukovina", "dist": "Storojinet", "code": "BKV_STR_STRZ", "name": "Storozynetz" }, "geometry": { "type": "Point", "coordinates": [ 48.16666667, 25.71666667 ] } },
{ "type": "Feature", "properties": { "prov": "Galicia", "dist": "Zloczow", "code": "GLC_ZLC_YZZH", "name": "Jezierzanka" }, "geometry": { "type": "Point", "coordinates": [ 49.65, 25.08333333 ] } },
{ "type": "Feature", "properties": { "prov": "Prussia", "dist": "Posen", "code": "PRU_PSN_KBYL", "name": "Haideberg" }, "geometry": { "type": "Point", "coordinates": [ 51.38333333, 17.83333333 ] } },
{ "type": "Feature", "properties": { "prov": "Prussia", "dist": "Posen", "code": "PRU_PSN_BBMS", "name": "Bomst" }, "geometry": { "type": "Point", "coordinates": [ 52.16666667, 15.81666667 ] } },
{ "type": "Feature", "properties": { "prov": "Prussia", "dist": "Schlesien", "code": "PRU_SCH_TWRD", "name": "Festenberg" }, "geometry": { "type": "Point", "coordinates": [ 51.36666667, 17.46666667 ] } },
{ "type": "Feature", "properties": { "prov": "Galicia", "dist": "Lwow", "code": "GLC_LWW_PDBR", "name": "Podborce" }, "geometry": { "type": "Point", "coordinates": [ 49.85, 24.15 ] } },
{ "type": "Feature", "properties": { "prov": "Galicia", "dist": "Zolkiew", "code": "GLC_ZLK_HLYN", "name": "Hlynsk" }, "geometry": { "type": "Point", "coordinates": [ 50.06666667, 23.9 ] } },
{ "type": "Feature", "properties": { "prov": "Galicia", "dist": "Bobrka", "code": "GLC_BBR_NVST", "name": "Strzeliska Nowe" }, "geometry": { "type": "Point", "coordinates": [ 49.51666667, 24.4 ] } },
{ "type": "Feature", "properties": { "prov": "Galicia", "dist": "Borszczow", "code": "GLC_BRS_OLYV", "name": "Korolowka" }, "geometry": { "type": "Point", "coordinates": [ 48.73333333, 25.98333333 ] } },
{ "type": "Feature", "properties": { "prov": "Galicia", "dist": "Dolina", "code": "GLC_DLN_RZHN", "name": "Rozniatow" }, "geometry": { "type": "Point", "coordinates": [ 48.93333333, 24.16666667 ] } },
{ "type": "Feature", "properties": { "prov": "Galicia", "dist": "Kosow", "code": "GLC_KSW_MSKL", "name": "Moskalowka" }, "geometry": { "type": "Point", "coordinates": [ 48.3, 25.1 ] } },
{ "type": "Feature", "properties": { "prov": "Galicia", "dist": "Mielec", "code": "GLC_MLC_RZCH", "name": "Rzochow" }, "geometry": { "type": "Point", "coordinates": [ 50.25, 21.48333333 ] } },
{ "type": "Feature", "properties": { "prov": "Galicia", "dist": "Borszczow", "code": "GLC_BRS_OKPY", "name": "Okopy" }, "geometry": { "type": "Point", "coordinates": [ 48.53333333, 26.4 ] } },
{ "type": "Feature", "properties": { "prov": "Galicia", "dist": "Stanislawow", "code": "GLC_STN_HLYC", "name": "Halicz" }, "geometry": { "type": "Point", "coordinates": [ 49.11666667, 24.73333333 ] } },
{ "type": "Feature", "properties": { "prov": "Galicia", "dist": "Brody", "code": "GLC_BRD_PDKM", "name": "Podkamien" }, "geometry": { "type": "Point", "coordinates": [ 49.93333333, 25.31666667 ] } },
{ "type": "Feature", "properties": { "prov": "Prussia", "dist": "Schlesien", "code": "PRU_SCH_DZRZ", "name": "Reichenbach" }, "geometry": { "type": "Point", "coordinates": [ 50.71666667, 16.65 ] } },
{ "type": "Feature", "properties": { "prov": "Galicia", "dist": "Bohorodczany", "code": "GLC_BHR_SLTV", "name": "Solotwina" }, "geometry": { "type": "Point", "coordinates": [ 48.7, 24.41666667 ] } },
{ "type": "Feature", "properties": { "prov": "Bukovina", "dist": "Kimpolung", "code": "BKV_KMP_CRLB", "name": "Carlibaba" }, "geometry": { "type": "Point", "coordinates": [ 47.58333333, 25.13333333 ] } },
{ "type": "Feature", "properties": { "prov": "Galicia", "dist": "Bohorodczany", "code": "GLC_BHR_RSLN", "name": "Rosulna" }, "geometry": { "type": "Point", "coordinates": [ 48.76666667, 24.38333333 ] } },
{ "type": "Feature", "properties": { "prov": "Galicia", "dist": "Brody", "code": "GLC_BRD_BRDY", "name": "Brody" }, "geometry": { "type": "Point", "coordinates": [ 50.08333333, 25.15 ] } },
{ "type": "Feature", "properties": { "prov": "Galicia", "dist": "Brzesko", "code": "GLC_BRZ_RDLW", "name": "Radlow" }, "geometry": { "type": "Point", "coordinates": [ 50.08333333, 20.85 ] } },
{ "type": "Feature", "properties": { "prov": "Prussia", "dist": "Posen", "code": "PRU_PSN_MKST", "name": "Mixstadt" }, "geometry": { "type": "Point", "coordinates": [ 51.53333333, 17.96666667 ] } },
{ "type": "Feature", "properties": { "prov": "Galicia", "dist": "Brzezany", "code": "GLC_BRZ_KZV", "name": "Kozowa" }, "geometry": { "type": "Point", "coordinates": [ 49.43333333, 25.15 ] } },
{ "type": "Feature", "properties": { "prov": "Galicia", "dist": "Jaroslaw", "code": "GLC_JRS_SKLS", "name": "Skoloszow" }, "geometry": { "type": "Point", "coordinates": [ 49.93333333, 22.81666667 ] } },
{ "type": "Feature", "properties": { "prov": "Galicia", "dist": "Nisko", "code": "GLC_NSK_PYSZ", "name": "Pysznica" }, "geometry": { "type": "Point", "coordinates": [ 50.56666667, 22.13333333 ] } },
{ "type": "Feature", "properties": { "prov": "Galicia", "dist": "Cieszanow", "code": "GLC_CSZ_CWKW", "name": "Cewkow" }, "geometry": { "type": "Point", "coordinates": [ 50.25, 22.86666667 ] } },
{ "type": "Feature", "properties": { "prov": "Galicia", "dist": "Sambor", "code": "GLC_SMB_LK", "name": "Lonka Rustykalna" }, "geometry": { "type": "Point", "coordinates": [ 49.5, 23.5 ] } },
{ "type": "Feature", "properties": { "prov": "Galicia", "dist": "Tarnobrzeg", "code": "GLC_TRN_BRNW", "name": "Baranow" }, "geometry": { "type": "Point", "coordinates": [ 50.48333333, 21.53333333 ] } },
{ "type": "Feature", "properties": { "prov": "Prussia", "dist": "Posen", "code": "PRU_PSN_GNZN", "name": "Gniezno" }, "geometry": { "type": "Point", "coordinates": [ 52.55, 17.6 ] } },
{ "type": "Feature", "properties": { "prov": "Prussia", "dist": "Westpreussen", "code": "PRU_WST_PRBT", "name": "Riesenberg" }, "geometry": { "type": "Point", "coordinates": [ 53.76666667, 19.21666667 ] } },
{ "type": "Feature", "properties": { "prov": "Galicia", "dist": "Radautz", "code": "GLC_PRZ_PRZW", "name": "Przeworsk" }, "geometry": { "type": "Point", "coordinates": [ 50.06666667, 22.5 ] } },
{ "type": "Feature", "properties": { "prov": "Galicia", "dist": "Rawa Ruska", "code": "GLC_RW_MSTY", "name": "Mosty Male" }, "geometry": { "type": "Point", "coordinates": [ 50.31666667, 23.55 ] } },
{ "type": "Feature", "properties": { "prov": "Prussia", "dist": "Posen", "code": "PRU_PSN_JRCZ", "name": "Jaratschewo" }, "geometry": { "type": "Point", "coordinates": [ 51.96666667, 17.3 ] } },
{ "type": "Feature", "properties": { "prov": "Prussia", "dist": "Schlesien", "code": "PRU_SCH_TSZK", "name": "Tost" }, "geometry": { "type": "Point", "coordinates": [ 50.45, 18.51666667 ] } },
{ "type": "Feature", "properties": { "prov": "Prussia", "dist": "Pommern", "code": "PRU_PMM_GRYF", "name": "Greifenberg" }, "geometry": { "type": "Point", "coordinates": [ 53.9, 15.2 ] } },
{ "type": "Feature", "properties": { "prov": "Bukovina", "dist": "Gurahumora", "code": "BKV_GRH_GRHM", "name": "Gura Humorului" }, "geometry": { "type": "Point", "coordinates": [ 47.55, 25.9 ] } },
{ "type": "Feature", "properties": { "prov": "Prussia", "dist": "Westpreussen", "code": "PRU_WST_SSZ", "name": "Rodenberg" }, "geometry": { "type": "Point", "coordinates": [ 53.71666667, 19.35 ] } },
{ "type": "Feature", "properties": { "prov": "Galicia", "dist": "Pilzno", "code": "GLC_RPC_SDZS", "name": "Sedziszow" }, "geometry": { "type": "Point", "coordinates": [ 50.06666667, 21.7 ] } },
{ "type": "Feature", "properties": { "prov": "Galicia", "dist": "Borszczow", "code": "GLC_BRS_MLNY", "name": "Mielnica" }, "geometry": { "type": "Point", "coordinates": [ 48.61666667, 26.16666667 ] } },
{ "type": "Feature", "properties": { "prov": "Galicia", "dist": "Stanislawow", "code": "GLC_STN_IVNF", "name": "Stanislau" }, "geometry": { "type": "Point", "coordinates": [ 48.91666667, 24.7 ] } },
{ "type": "Feature", "properties": { "prov": "Prussia", "dist": "Ostpreussen", "code": "PRU_OST_KTRZ", "name": "Ketrzyn" }, "geometry": { "type": "Point", "coordinates": [ 54.08333333, 21.38333333 ] } },
{ "type": "Feature", "properties": { "prov": "Prussia", "dist": "Pommern", "code": "PRU_PMM_KSZL", "name": "Koeslin" }, "geometry": { "type": "Point", "coordinates": [ 54.2, 16.18333333 ] } },
{ "type": "Feature", "properties": { "prov": "Bukovina", "dist": "Kimpolung", "code": "BKV_KMP_BRZ", "name": "Breaza" }, "geometry": { "type": "Point", "coordinates": [ 47.61666667, 25.33333333 ] } },
{ "type": "Feature", "properties": { "prov": "Bukovina", "dist": "Storojinet", "code": "BKV_STR_HLYN", "name": "Hlinitza" }, "geometry": { "type": "Point", "coordinates": [ 48.33333333, 25.7 ] } },
{ "type": "Feature", "properties": { "prov": "Galicia", "dist": "Strzyzow", "code": "GLC_STR_LVCH", "name": "Lawoczne" }, "geometry": { "type": "Point", "coordinates": [ 48.81666667, 23.36666667 ] } },
{ "type": "Feature", "properties": { "prov": "Galicia", "dist": "Tarnow", "code": "GLC_TRN_GRMN", "name": "Gromnik" }, "geometry": { "type": "Point", "coordinates": [ 49.85, 20.96666667 ] } },
{ "type": "Feature", "properties": { "prov": "Galicia", "dist": "Zywiec", "code": "GLC_ZYW_RJCZ", "name": "Rajcza" }, "geometry": { "type": "Point", "coordinates": [ 49.5, 19.11666667 ] } },
{ "type": "Feature", "properties": { "prov": "Galicia", "dist": "Buczacz", "code": "GLC_BCZ_SKLV", "name": "Sokolow" }, "geometry": { "type": "Point", "coordinates": [ 48.93333333, 25.33333333 ] } },
{ "type": "Feature", "properties": { "prov": "Galicia", "dist": "Lwow", "code": "GLC_LWW_SHCH", "name": "Szczerzec" }, "geometry": { "type": "Point", "coordinates": [ 49.65, 23.86666667 ] } },
{ "type": "Feature", "properties": { "prov": "Prussia", "dist": "Posen", "code": "PRU_PSN_WLN", "name": "Filehne" }, "geometry": { "type": "Point", "coordinates": [ 52.9, 16.18333333 ] } },
{ "type": "Feature", "properties": { "prov": "Galicia", "dist": "Husiatyn", "code": "GLC_HST_TRBK", "name": "Trybuchowce" }, "geometry": { "type": "Point", "coordinates": [ 49.15, 26.16666667 ] } },
{ "type": "Feature", "properties": { "prov": "Galicia", "dist": "Turka", "code": "GLC_TRK_VRKH", "name": "Wysocko Wyzne" }, "geometry": { "type": "Point", "coordinates": [ 48.95, 23.06666667 ] } },
{ "type": "Feature", "properties": { "prov": "Prussia", "dist": "Westpreussen", "code": "PRU_WST_TRN", "name": "Torun" }, "geometry": { "type": "Point", "coordinates": [ 53.03333333, 18.6 ] } },
{ "type": "Feature", "properties": { "prov": "Galicia", "dist": "Mielec", "code": "GLC_LWW_ZNSN", "name": "Zniesienie" }, "geometry": { "type": "Point", "coordinates": [ 49.85, 24.05 ] } },
{ "type": "Feature", "properties": { "prov": "Galicia", "dist": "Zolkiew", "code": "GLC_ZLK_BTYT", "name": "Batyatychi" }, "geometry": { "type": "Point", "coordinates": [ 50.1, 24.26666667 ] } },
{ "type": "Feature", "properties": { "prov": "Galicia", "dist": "Rzeszow", "code": "GLC_RDK_RDKY", "name": "Rudki" }, "geometry": { "type": "Point", "coordinates": [ 49.65, 23.48333333 ] } },
{ "type": "Feature", "properties": { "prov": "Galicia", "dist": "Tarnopol", "code": "GLC_TRN_TRNP", "name": "Tarnopol" }, "geometry": { "type": "Point", "coordinates": [ 49.55, 25.58333333 ] } },
{ "type": "Feature", "properties": { "prov": "Bukovina", "dist": "Suceava", "code": "BKV_SCZ_BLCN", "name": "Balaczana" }, "geometry": { "type": "Point", "coordinates": [ 47.63333333, 26.05 ] } },
{ "type": "Feature", "properties": { "prov": "Prussia", "dist": "Ostpreussen", "code": "PRU_OST_BSKP", "name": "Bischofsburg" }, "geometry": { "type": "Point", "coordinates": [ 53.86666667, 20.96666667 ] } },
{ "type": "Feature", "properties": { "prov": "Galicia", "dist": "Jaslo", "code": "GLC_JSL_NWYZ", "name": "Zmigrod Nowy" }, "geometry": { "type": "Point", "coordinates": [ 49.61666667, 21.53333333 ] } },
{ "type": "Feature", "properties": { "prov": "Prussia", "dist": "Posen", "code": "PRU_PSN_KRGW", "name": "Unruhstadt" }, "geometry": { "type": "Point", "coordinates": [ 52.06666667, 15.85 ] } },
{ "type": "Feature", "properties": { "prov": "Prussia", "dist": "Ostpreussen", "code": "PRU_OST_NDZC", "name": "Neidenburg" }, "geometry": { "type": "Point", "coordinates": [ 53.36666667, 20.43333333 ] } },
{ "type": "Feature", "properties": { "prov": "Prussia", "dist": "Ostpreussen", "code": "PRU_OST_NSTR", "name": "Stallupoenen" }, "geometry": { "type": "Point", "coordinates": [ 54.63333333, 22.56666667 ] } },
{ "type": "Feature", "properties": { "prov": "Galicia", "dist": "Cieszyn", "code": "SLS_PLN_CSZY", "name": "Cieszyn" }, "geometry": { "type": "Point", "coordinates": [ 49.76666667, 18.6 ] } },
{ "type": "Feature", "properties": { "prov": "Galicia", "dist": "Nowy Targ", "code": "GLC_NWY_TYLC", "name": "Tylicz" }, "geometry": { "type": "Point", "coordinates": [ 49.4, 21.01666667 ] } },
{ "type": "Feature", "properties": { "prov": "Galicia", "dist": "Cieszanow", "code": "GLC_CSZ_LBCZ", "name": "Lubaczow" }, "geometry": { "type": "Point", "coordinates": [ 50.16666667, 23.13333333 ] } },
{ "type": "Feature", "properties": { "prov": "Prussia", "dist": "Pommern", "code": "PRU_PMM_SWNJ", "name": "Swinemünde" }, "geometry": { "type": "Point", "coordinates": [ 53.91666667, 14.23333333 ] } },
{ "type": "Feature", "properties": { "prov": "Prussia", "dist": "Schlesien", "code": "PRU_SCH_SRDS", "name": "Neumarkt" }, "geometry": { "type": "Point", "coordinates": [ 51.16666667, 16.6 ] } },
{ "type": "Feature", "properties": { "prov": "Prussia", "dist": "Posen", "code": "PRU_PSN_SMGL", "name": "Schmiegel" }, "geometry": { "type": "Point", "coordinates": [ 52.01666667, 16.53333333 ] } },
{ "type": "Feature", "properties": { "prov": "Galicia", "dist": "Nisko", "code": "GLC_NDW_TTRV", "name": "Tatarow" }, "geometry": { "type": "Point", "coordinates": [ 48.35, 24.56666667 ] } },
{ "type": "Feature", "properties": { "prov": "Galicia", "dist": "Stryj", "code": "GLC_STR_SMZH", "name": "Smorze Miasteczko" }, "geometry": { "type": "Point", "coordinates": [ 48.9, 23.18333333 ] } },
{ "type": "Feature", "properties": { "prov": "Prussia", "dist": "Schlesien", "code": "PRU_SCH_ZBKW", "name": "Frankenstein" }, "geometry": { "type": "Point", "coordinates": [ 50.58333333, 16.8 ] } },
{ "type": "Feature", "properties": { "prov": "Prussia", "dist": "Schlesien", "code": "PRU_SCH_JWR", "name": "Jauer" }, "geometry": { "type": "Point", "coordinates": [ 51.05, 16.18333333 ] } },
{ "type": "Feature", "properties": { "prov": "Galicia", "dist": "Schlesien", "code": "GLC_SNK_ZRSZ", "name": "Zarszyn" }, "geometry": { "type": "Point", "coordinates": [ 49.58333333, 22.01666667 ] } },
{ "type": "Feature", "properties": { "prov": "Prussia", "dist": "Schlesien", "code": "PRU_SCH_PKJ", "name": "Carlsruhe" }, "geometry": { "type": "Point", "coordinates": [ 50.91666667, 17.83333333 ] } },
{ "type": "Feature", "properties": { "prov": "Galicia", "dist": "Sniatyn", "code": "GLC_SNT_KNYZ", "name": "Kniaze" }, "geometry": { "type": "Point", "coordinates": [ 48.4, 25.45 ] } },
{ "type": "Feature", "properties": { "prov": "Galicia", "dist": "Tarnow", "code": "GLC_TRN_TRNW", "name": "Tarnow" }, "geometry": { "type": "Point", "coordinates": [ 50.01666667, 20.98333333 ] } },
{ "type": "Feature", "properties": { "prov": "Galicia", "dist": "Buczacz", "code": "GLC_BCZ_ZLTY", "name": "Potok Zloty" }, "geometry": { "type": "Point", "coordinates": [ 48.91666667, 25.35 ] } },
{ "type": "Feature", "properties": { "prov": "Galicia", "dist": "Brzezany", "code": "GLC_BRZ_KZLV", "name": "Kozliv" }, "geometry": { "type": "Point", "coordinates": [ 49.55, 25.35 ] } },
{ "type": "Feature", "properties": { "prov": "Galicia", "dist": "Brzozow", "code": "GLC_BRZ_DYNW", "name": "Dynow" }, "geometry": { "type": "Point", "coordinates": [ 49.81666667, 22.23333333 ] } },
{ "type": "Feature", "properties": { "prov": "Prussia", "dist": "Ostpreussen", "code": "PRU_OST_GSV", "name": "Gumbinnen" }, "geometry": { "type": "Point", "coordinates": [ 54.6, 22.2 ] } },
{ "type": "Feature", "properties": { "prov": "Galicia", "dist": "Jaworow", "code": "GLC_JWR_NHCH", "name": "Nahaczow" }, "geometry": { "type": "Point", "coordinates": [ 50.01666667, 23.3 ] } },
{ "type": "Feature", "properties": { "prov": "Galicia", "dist": "Dolina", "code": "GLC_DLN_HLYN", "name": "Holyn" }, "geometry": { "type": "Point", "coordinates": [ 49.01666667, 24.25 ] } },
{ "type": "Feature", "properties": { "prov": "Galicia", "dist": "Nisko", "code": "GLC_NSK_BJNW", "name": "Bojanow" }, "geometry": { "type": "Point", "coordinates": [ 50.4, 21.95 ] } },
{ "type": "Feature", "properties": { "prov": "Galicia", "dist": "Drohobycz", "code": "GLC_DRH_SKHD", "name": "Skhidnitsya" }, "geometry": { "type": "Point", "coordinates": [ 49.23333333, 23.35 ] } },
{ "type": "Feature", "properties": { "prov": "Prussia", "dist": "Westpreussen", "code": "PRU_WST_SPLN", "name": "Sempolno" }, "geometry": { "type": "Point", "coordinates": [ 53.45, 17.53333333 ] } },
{ "type": "Feature", "properties": { "prov": "Galicia", "dist": "Zloczow", "code": "GLC_ZLC_HLHR", "name": "Gologory" }, "geometry": { "type": "Point", "coordinates": [ 49.75, 24.71666667 ] } },
{ "type": "Feature", "properties": { "prov": "Galicia", "dist": "Zolkiew", "code": "GLC_ZLK_KLYK", "name": "Kulykiv" }, "geometry": { "type": "Point", "coordinates": [ 49.98333333, 24.08333333 ] } },
{ "type": "Feature", "properties": { "prov": "Bukovina", "dist": "Posen", "code": "PRU_PMM_ZLCN", "name": "Falkenburg" }, "geometry": { "type": "Point", "coordinates": [ 53.53333333, 16.0 ] } },
{ "type": "Feature", "properties": { "prov": "Galicia", "dist": "Rzeszow", "code": "GLC_RZS_GLGW", "name": "Glogow" }, "geometry": { "type": "Point", "coordinates": [ 50.15, 21.96666667 ] } },
{ "type": "Feature", "properties": { "prov": "Bukovina", "dist": "Storojinet", "code": "BKV_STR_KBSH", "name": "Kabestie" }, "geometry": { "type": "Point", "coordinates": [ 48.26666667, 25.65 ] } },
{ "type": "Feature", "properties": { "prov": "Galicia", "dist": "Cieszanow", "code": "GLC_CSZ_HRYN", "name": "Horyniec" }, "geometry": { "type": "Point", "coordinates": [ 50.18333333, 23.36666667 ] } },
{ "type": "Feature", "properties": { "prov": "Galicia", "dist": "Stryj", "code": "GLC_STR_LYSY", "name": "Lisiatycze" }, "geometry": { "type": "Point", "coordinates": [ 49.33333333, 23.95 ] } },
{ "type": "Feature", "properties": { "prov": "Galicia", "dist": "Turka", "code": "GLC_TRK_SNKY", "name": "Sianky" }, "geometry": { "type": "Point", "coordinates": [ 49.01666667, 22.9 ] } },
{ "type": "Feature", "properties": { "prov": "Prussia", "dist": "Ostpreussen", "code": "PRU_OST_DBRW", "name": "Gilgenburg" }, "geometry": { "type": "Point", "coordinates": [ 53.43333333, 20.05 ] } },
{ "type": "Feature", "properties": { "prov": "Galicia", "dist": "Lisko", "code": "GLC_LSK_CSN", "name": "Cisna" }, "geometry": { "type": "Point", "coordinates": [ 49.21666667, 22.33333333 ] } },
{ "type": "Feature", "properties": { "prov": "Galicia", "dist": "Sniatyn", "code": "GLC_SNT_STTS", "name": "Stecowa" }, "geometry": { "type": "Point", "coordinates": [ 48.51666667, 25.56666667 ] } },
{ "type": "Feature", "properties": { "prov": "Galicia", "dist": "Chrzanow", "code": "GLC_CHR_KRZS", "name": "Krzeszowice" }, "geometry": { "type": "Point", "coordinates": [ 50.13333333, 19.63333333 ] } },
{ "type": "Feature", "properties": { "prov": "Galicia", "dist": "Borszczow", "code": "GLC_BRS_TSYH", "name": "Cygany" }, "geometry": { "type": "Point", "coordinates": [ 48.86666667, 26.1 ] } },
{ "type": "Feature", "properties": { "prov": "Bukovina", "dist": "Kimpolung", "code": "BKV_KMP_CMPL", "name": "Campulung Moldovenesc" }, "geometry": { "type": "Point", "coordinates": [ 47.53333333, 25.56666667 ] } },
{ "type": "Feature", "properties": { "prov": "Galicia", "dist": "Bobrka", "code": "GLC_BBR_ZVNY", "name": "Dzwinogrod" }, "geometry": { "type": "Point", "coordinates": [ 49.73333333, 24.25 ] } },
{ "type": "Feature", "properties": { "prov": "Prussia", "dist": "Schlesien", "code": "PRU_SCH_ZMGR", "name": "Trachenberg" }, "geometry": { "type": "Point", "coordinates": [ 51.46666667, 16.91666667 ] } },
{ "type": "Feature", "properties": { "prov": "Galicia", "dist": "Rzeszow", "code": "GLC_RZS_RPCZ", "name": "Ropczyce" }, "geometry": { "type": "Point", "coordinates": [ 50.05, 21.61666667 ] } },
{ "type": "Feature", "properties": { "prov": "Bukovina", "dist": "Wiznitz", "code": "BKV_WZN_USTP", "name": "Gur Putilei" }, "geometry": { "type": "Point", "coordinates": [ 48.11666667, 25.05 ] } },
{ "type": "Feature", "properties": { "prov": "Galicia", "dist": "Turka", "code": "GLC_TRK_TRNW", "name": "Tarnawa Nizna" }, "geometry": { "type": "Point", "coordinates": [ 49.15, 22.78333333 ] } },
{ "type": "Feature", "properties": { "prov": "Galicia", "dist": "Turka", "code": "GLC_TRK_TRNW", "name": "Tarnawa Nizna" }, "geometry": { "type": "Point", "coordinates": [ 49.15, 22.78333333 ] } },
{ "type": "Feature", "properties": { "prov": "Prussia", "dist": "Pommern", "code": "PRU_PMM_GRTZ", "name": "Gartz" }, "geometry": { "type": "Point", "coordinates": [ 53.2, 14.38333333 ] } },
{ "type": "Feature", "properties": { "prov": "Galicia", "dist": "Kamionka Strumilowa", "code": "GLC_KMN_VZLV", "name": "Cholujow" }, "geometry": { "type": "Point", "coordinates": [ 50.23333333, 24.55 ] } },
{ "type": "Feature", "properties": { "prov": "Prussia", "dist": "Pommern", "code": "PRU_PMM_KMNP", "name": "Cammin" }, "geometry": { "type": "Point", "coordinates": [ 53.96666667, 14.78333333 ] } },
{ "type": "Feature", "properties": { "prov": "Galicia", "dist": "Zolkiew", "code": "GLC_ZLK_LYBL", "name": "Lubella" }, "geometry": { "type": "Point", "coordinates": [ 50.2, 23.95 ] } },
{ "type": "Feature", "properties": { "prov": "Prussia", "dist": "Schlesien", "code": "PRU_SCH_PRSC", "name": "Prausnitz" }, "geometry": { "type": "Point", "coordinates": [ 51.36666667, 16.96666667 ] } },
{ "type": "Feature", "properties": { "prov": "Prussia", "dist": "Ostpreussen", "code": "PRU_OST_OLSZ2", "name": "Hohenstein" }, "geometry": { "type": "Point", "coordinates": [ 53.58333333, 20.3 ] } },
{ "type": "Feature", "properties": { "prov": "Galicia", "dist": "Kolomyja", "code": "GLC_KLM_YBLN", "name": "Jablonow" }, "geometry": { "type": "Point", "coordinates": [ 48.4, 24.95 ] } },
{ "type": "Feature", "properties": { "prov": "Galicia", "dist": "Turka", "code": "GLC_TRK_MLNY", "name": "Mielniczne" }, "geometry": { "type": "Point", "coordinates": [ 49.11666667, 23.03333333 ] } },
{ "type": "Feature", "properties": { "prov": "Prussia", "dist": "Schlesien", "code": "PRU_SCH_GR", "name": "Guhrau" }, "geometry": { "type": "Point", "coordinates": [ 51.66666667, 16.53333333 ] } },
{ "type": "Feature", "properties": { "prov": "Galicia", "dist": "Przemyslany", "code": "GLC_PRZ_PRZM", "name": "Przemysl" }, "geometry": { "type": "Point", "coordinates": [ 49.78333333, 22.78333333 ] } },
{ "type": "Feature", "properties": { "prov": "Galicia", "dist": "Horodenka", "code": "GLC_HRD_YSNV", "name": "Jasienow Polny" }, "geometry": { "type": "Point", "coordinates": [ 48.63333333, 25.51666667 ] } },
{ "type": "Feature", "properties": { "prov": "Prussia", "dist": "Ostpreussen", "code": "PRU_OST_ORNT", "name": "Wormditt" }, "geometry": { "type": "Point", "coordinates": [ 54.11666667, 20.13333333 ] } },
{ "type": "Feature", "properties": { "prov": "Galicia", "dist": "Brzezany", "code": "GLC_BRZ_NRYV", "name": "Narajow" }, "geometry": { "type": "Point", "coordinates": [ 49.53333333, 24.76666667 ] } },
{ "type": "Feature", "properties": { "prov": "Galicia", "dist": "Drohobycz", "code": "GLC_DRH_STBN", "name": "Stebnyk" }, "geometry": { "type": "Point", "coordinates": [ 49.3, 23.56666667 ] } },
{ "type": "Feature", "properties": { "prov": "Prussia", "dist": "Posen", "code": "PRU_PSN_RWCZ", "name": "Rawitsch" }, "geometry": { "type": "Point", "coordinates": [ 51.61666667, 16.86666667 ] } },
{ "type": "Feature", "properties": { "prov": "Galicia", "dist": "Lancut", "code": "GLC_LNC_ZLYN", "name": "Zolynia" }, "geometry": { "type": "Point", "coordinates": [ 50.16666667, 22.31666667 ] } },
{ "type": "Feature", "properties": { "prov": "Galicia", "dist": "Jaroslaw", "code": "GLC_JRS_CPLC", "name": "Cieplice" }, "geometry": { "type": "Point", "coordinates": [ 50.25, 22.63333333 ] } },
{ "type": "Feature", "properties": { "prov": "Bukovina", "dist": "Storojinet", "code": "BKV_STR_CHRS", "name": "Cires" }, "geometry": { "type": "Point", "coordinates": [ 48.1, 25.6 ] } },
{ "type": "Feature", "properties": { "prov": "Prussia", "dist": "Westpreussen", "code": "PRU_WST_SZTM", "name": "Stuhm" }, "geometry": { "type": "Point", "coordinates": [ 53.93333333, 19.03333333 ] } },
{ "type": "Feature", "properties": { "prov": "Galicia", "dist": "Nowy Targ", "code": "GLC_NWY_SZCZ", "name": "Szczawnica" }, "geometry": { "type": "Point", "coordinates": [ 49.43333333, 20.5 ] } },
{ "type": "Feature", "properties": { "prov": "Galicia", "dist": "Cieszanow", "code": "GLC_CSZ_ULZW", "name": "Ulazow" }, "geometry": { "type": "Point", "coordinates": [ 50.26666667, 23.0 ] } },
{ "type": "Feature", "properties": { "prov": "Galicia", "dist": "Bohorodczany", "code": "GLC_BHR_HRBV", "name": "Grabowiec" }, "geometry": { "type": "Point", "coordinates": [ 48.75, 24.61666667 ] } },
{ "type": "Feature", "properties": { "prov": "Prussia", "dist": "Schlesien", "code": "PRU_SCH_SCNW", "name": "Steinau an der Oder" }, "geometry": { "type": "Point", "coordinates": [ 51.41666667, 16.41666667 ] } },
{ "type": "Feature", "properties": { "prov": "Prussia", "dist": "Schlesien", "code": "PRU_SCH_CHJN", "name": "Haynau" }, "geometry": { "type": "Point", "coordinates": [ 51.26666667, 15.93333333 ] } },
{ "type": "Feature", "properties": { "prov": "Galicia", "dist": "Bobrka", "code": "GLC_BBR_KHDR", "name": "Khodoriv" }, "geometry": { "type": "Point", "coordinates": [ 49.4, 24.31666667 ] } },
{ "type": "Feature", "properties": { "prov": "Prussia", "dist": "Ostpreussen", "code": "PRU_OST_KLPD", "name": "Memel" }, "geometry": { "type": "Point", "coordinates": [ 55.71666667, 21.11666667 ] } },
{ "type": "Feature", "properties": { "prov": "Galicia", "dist": "Borszczow", "code": "GLC_BRS_LSYC", "name": "Losiacz" }, "geometry": { "type": "Point", "coordinates": [ 48.91666667, 26.08333333 ] } },
{ "type": "Feature", "properties": { "prov": "Galicia", "dist": "Skalat", "code": "GLC_SKL_KMYN", "name": "Kamionka" }, "geometry": { "type": "Point", "coordinates": [ 49.55, 26.01666667 ] } },
{ "type": "Feature", "properties": { "prov": "Galicia", "dist": "Wadowice", "code": "GLC_TRK_YBLN", "name": "Jablonow" }, "geometry": { "type": "Point", "coordinates": [ 49.03333333, 23.08333333 ] } },
{ "type": "Feature", "properties": { "prov": "Prussia", "dist": "Pommern", "code": "PRU_PMM_BN", "name": "Binau" }, "geometry": { "type": "Point", "coordinates": [ 53.1, 14.66666667 ] } },
{ "type": "Feature", "properties": { "prov": "Prussia", "dist": "Schlesien", "code": "PRU_SCH_CHRZ", "name": "Konigshutte" }, "geometry": { "type": "Point", "coordinates": [ 50.3, 18.96666667 ] } },
{ "type": "Feature", "properties": { "prov": "Galicia", "dist": "Drohobycz", "code": "GLC_DRH_ORV", "name": "Orow" }, "geometry": { "type": "Point", "coordinates": [ 49.2, 23.53333333 ] } },
{ "type": "Feature", "properties": { "prov": "Galicia", "dist": "Lancut", "code": "GLC_LNC_KRYL", "name": "Kurylówka" }, "geometry": { "type": "Point", "coordinates": [ 50.3, 22.46666667 ] } },
{ "type": "Feature", "properties": { "prov": "Bukovina", "dist": "Jaworow", "code": "GLC_JWR_KRKV", "name": "Krakovets" }, "geometry": { "type": "Point", "coordinates": [ 49.96666667, 23.16666667 ] } },
{ "type": "Feature", "properties": { "prov": "Galicia", "dist": "Wieliczka", "code": "GLC_WLC_SKWN", "name": "Skawina" }, "geometry": { "type": "Point", "coordinates": [ 49.98333333, 19.81666667 ] } },
{ "type": "Feature", "properties": { "prov": "Galicia", "dist": "Lwow", "code": "GLC_LWW_LVV", "name": "Lwow" }, "geometry": { "type": "Point", "coordinates": [ 49.83333333, 24.0 ] } },
{ "type": "Feature", "properties": { "prov": "Prussia", "dist": "Posen", "code": "PRU_PSN_PZNN", "name": "Posen" }, "geometry": { "type": "Point", "coordinates": [ 52.41666667, 16.96666667 ] } },
{ "type": "Feature", "properties": { "prov": "Galicia", "dist": "Krakow", "code": "GLC_KRK_KRKW", "name": "Cracow" }, "geometry": { "type": "Point", "coordinates": [ 50.08333333, 19.91666667 ] } },
{ "type": "Feature", "properties": { "prov": "Galicia", "dist": "Kolomyja", "code": "GLC_KLM_KLMY", "name": "Kolomyja" }, "geometry": { "type": "Point", "coordinates": [ 48.53333333, 25.03333333 ] } },
{ "type": "Feature", "properties": { "prov": "Galicia", "dist": "Krakow", "code": "GLC_KRK_KZMR", "name": "Causanilnoui" }, "geometry": { "type": "Point", "coordinates": [ 50.05, 19.95 ] } },
{ "type": "Feature", "properties": { "prov": "Galicia", "dist": "Zolkiew", "code": "GLC_ZLK_ZHVK", "name": "Zolkiew" }, "geometry": { "type": "Point", "coordinates": [ 50.06666667, 23.96666667 ] } },
{ "type": "Feature", "properties": { "prov": "Galicia", "dist": "Skalat", "code": "GLC_SKL_PDVL", "name": "Podwoloczyska" }, "geometry": { "type": "Point", "coordinates": [ 49.53333333, 26.15 ] } },
{ "type": "Feature", "properties": { "prov": "Galicia", "dist": "Stare Miasto", "code": "GLC_STN_YZPL", "name": "Jezupol" }, "geometry": { "type": "Point", "coordinates": [ 49.03333333, 24.78333333 ] } },
{ "type": "Feature", "properties": { "prov": "Galicia", "dist": "Kamionka Strumilowa", "code": "GLC_KMN_KMYN", "name": "Kamionka Strumilowa" }, "geometry": { "type": "Point", "coordinates": [ 50.1, 24.35 ] } },
{ "type": "Feature", "properties": { "prov": "Galicia", "dist": "Kamionka Strumilowa", "code": "GLC_KMN_KMYN", "name": "Kamionka Strumilowa" }, "geometry": { "type": "Point", "coordinates": [ 50.1, 24.35 ] } },
{ "type": "Feature", "properties": { "prov": "Galicia", "dist": "Kamionka Strumilowa", "code": "GLC_KMN_KMYN", "name": "Kamionka" }, "geometry": { "type": "Point", "coordinates": [ 50.1, 24.35 ] } },
{ "type": "Feature", "properties": { "prov": "Galicia", "dist": "Kamionka Strumilowa", "code": "GLC_KMN_KMYN", "name": "Kamionka" }, "geometry": { "type": "Point", "coordinates": [ 50.1, 24.35 ] } },
{ "type": "Feature", "properties": { "prov": "Prussia", "dist": "Pommern", "code": "PRU_PMM_SZCZ", "name": "Stettin" }, "geometry": { "type": "Point", "coordinates": [ 53.41666667, 14.58333333 ] } },
{ "type": "Feature", "properties": { "prov": "Galicia", "dist": "Gorlice", "code": "GLC_GRL_GRLC", "name": "Gorlice" }, "geometry": { "type": "Point", "coordinates": [ 49.66666667, 21.16666667 ] } },
{ "type": "Feature", "properties": { "prov": "Galicia", "dist": "Nadworna", "code": "GLC_NDW_DLYT", "name": "Delyatyn" }, "geometry": { "type": "Point", "coordinates": [ 48.53333333, 24.63333333 ] } },
{ "type": "Feature", "properties": { "prov": "Galicia", "dist": "Sanok", "code": "GLC_SNK_SNK", "name": "Sanok" }, "geometry": { "type": "Point", "coordinates": [ 49.56666667, 22.2 ] } },
{ "type": "Feature", "properties": { "prov": "Galicia", "dist": "Skalat", "code": "GLC_SKL_SKLT", "name": "Skalat" }, "geometry": { "type": "Point", "coordinates": [ 49.43333333, 25.98333333 ] } },
{ "type": "Feature", "properties": { "prov": "Galicia", "dist": "Sokal", "code": "GLC_SKL_BLZ", "name": "Belz" }, "geometry": { "type": "Point", "coordinates": [ 50.38333333, 24.01666667 ] } },
{ "type": "Feature", "properties": { "prov": "Prussia", "dist": "Schlesien", "code": "PRU_SCH_BYTM", "name": "Beuthen" }, "geometry": { "type": "Point", "coordinates": [ 50.35, 18.96666667 ] } },
{ "type": "Feature", "properties": { "prov": "Galicia", "dist": "Bobrka", "code": "GLC_BBR_BBRK", "name": "Bobrka" }, "geometry": { "type": "Point", "coordinates": [ 49.63333333, 24.3 ] } },
{ "type": "Feature", "properties": { "prov": "Galicia", "dist": "Jaworow", "code": "GLC_JWR_YVRV", "name": "Jaworow" }, "geometry": { "type": "Point", "coordinates": [ 49.93333333, 23.38333333 ] } },
{ "type": "Feature", "properties": { "prov": "Galicia", "dist": "Zydaczow", "code": "GLC_ZYD_RZDL", "name": "Rozdil" }, "geometry": { "type": "Point", "coordinates": [ 49.46666667, 24.06666667 ] } },
{ "type": "Feature", "properties": { "prov": "Galicia", "dist": "Horodenka", "code": "GLC_HRD_OBRT", "name": "Obertyn" }, "geometry": { "type": "Point", "coordinates": [ 48.7, 25.16666667 ] } },
{ "type": "Feature", "properties": { "prov": "Galicia", "dist": "Bochnia", "code": "GLC_BCH_BCHN", "name": "Bochnia" }, "geometry": { "type": "Point", "coordinates": [ 49.96666667, 20.43333333 ] } },
{ "type": "Feature", "properties": { "prov": "Prussia", "dist": "Dolina", "code": "GLC_DBR_DBRM", "name": "Dobromil" }, "geometry": { "type": "Point", "coordinates": [ 49.56666667, 22.78333333 ] } },
{ "type": "Feature", "properties": { "prov": "Galicia", "dist": "Kolbuszowa", "code": "GLC_KLB_KLBS", "name": "Kolbuszowa" }, "geometry": { "type": "Point", "coordinates": [ 50.25, 21.76666667 ] } },
{ "type": "Feature", "properties": { "prov": "Galicia", "dist": "Tlumacz", "code": "GLC_TLM_TLMC", "name": "Tlumacz" }, "geometry": { "type": "Point", "coordinates": [ 48.86666667, 25.0 ] } },
{ "type": "Feature", "properties": { "prov": "Galicia", "dist": "Tlumacz", "code": "GLC_TLM_TLMC", "name": "Tlumacz" }, "geometry": { "type": "Point", "coordinates": [ 48.86666667, 25.0 ] } },
{ "type": "Feature", "properties": { "prov": "Galicia", "dist": "Zloczow", "code": "GLC_ZLC_PMRY", "name": "Pomorzany" }, "geometry": { "type": "Point", "coordinates": [ 49.63333333, 24.93333333 ] } },
{ "type": "Feature", "properties": { "prov": "Galicia", "dist": "Kamionka Strumilowa", "code": "GLC_KMN_RDKH", "name": "Radziechow" }, "geometry": { "type": "Point", "coordinates": [ 50.28333333, 24.65 ] } },
{ "type": "Feature", "properties": { "prov": "Czernowitz", "dist": "Czortkow", "code": "GLC_CZR_BDNV", "name": "Budzanow" }, "geometry": { "type": "Point", "coordinates": [ 49.16666667, 25.71666667 ] } },
{ "type": "Feature", "properties": { "prov": "Galicia", "dist": "Zolkiew", "code": "GLC_ZLK_VLYK", "name": "Mosty Wielkie" }, "geometry": { "type": "Point", "coordinates": [ 50.23333333, 24.15 ] } },
{ "type": "Feature", "properties": { "prov": "Galicia", "dist": "Lisko", "code": "GLC_LSK_LTWS", "name": "Lutowiska" }, "geometry": { "type": "Point", "coordinates": [ 49.25, 22.7 ] } },
{ "type": "Feature", "properties": { "prov": "Galicia", "dist": "Brody", "code": "GLC_BRD_TPRV", "name": "Toporow" }, "geometry": { "type": "Point", "coordinates": [ 50.11666667, 24.71666667 ] } },
{ "type": "Feature", "properties": { "prov": "Galicia", "dist": "Rawa Ruska", "code": "GLC_RW_MHRV", "name": "Magierow" }, "geometry": { "type": "Point", "coordinates": [ 50.11666667, 23.71666667 ] } },
{ "type": "Feature", "properties": { "prov": "Galicia", "dist": "Mosciska", "code": "GLC_MSC_SDVV", "name": "Sadowa Wisznia" }, "geometry": { "type": "Point", "coordinates": [ 49.78333333, 23.36666667 ] } },
{ "type": "Feature", "properties": { "prov": "Galicia", "dist": "Pilzno", "code": "GLC_RHT_BRSH", "name": "Bursztyn" }, "geometry": { "type": "Point", "coordinates": [ 49.26666667, 24.63333333 ] } },
{ "type": "Feature", "properties": { "prov": "Galicia", "dist": "Rohatyn", "code": "GLC_RHT_BKCH", "name": "Bukaczowce" }, "geometry": { "type": "Point", "coordinates": [ 49.25, 24.5 ] } },
{ "type": "Feature", "properties": { "prov": "Galicia", "dist": "Nisko", "code": "GLC_NSK_RDNK", "name": "Rudnik" }, "geometry": { "type": "Point", "coordinates": [ 50.43333333, 22.25 ] } },
{ "type": "Feature", "properties": { "prov": "Prussia", "dist": "Posen", "code": "PRU_PSN_INWR", "name": "Inowroclaw" }, "geometry": { "type": "Point", "coordinates": [ 52.8, 18.26666667 ] } },
{ "type": "Feature", "properties": { "prov": "Galicia", "dist": "Kalusz", "code": "GLC_KLS_VNYL", "name": "Wojnilow" }, "geometry": { "type": "Point", "coordinates": [ 49.13333333, 24.5 ] } },
{ "type": "Feature", "properties": { "prov": "Galicia", "dist": "Bohorodczany", "code": "GLC_BHR_LYST", "name": "Lysiec" }, "geometry": { "type": "Point", "coordinates": [ 48.86666667, 24.6 ] } },
{ "type": "Feature", "properties": { "prov": "Galicia", "dist": "Zloczow", "code": "GLC_ZLC_OZRN", "name": "Ozerna" }, "geometry": { "type": "Point", "coordinates": [ 49.63333333, 25.33333333 ] } },
{ "type": "Feature", "properties": { "prov": "Galicia", "dist": "Dobromil", "code": "GLC_DBR_BRCZ", "name": "Bircza" }, "geometry": { "type": "Point", "coordinates": [ 49.68333333, 22.46666667 ] } },
{ "type": "Feature", "properties": { "prov": "Galicia", "dist": "Krosno", "code": "GLC_KRS_KRCZ", "name": "Korczyna" }, "geometry": { "type": "Point", "coordinates": [ 49.71666667, 21.81666667 ] } },
{ "type": "Feature", "properties": { "prov": "Galicia", "dist": "Kamionka Strumilowa", "code": "GLC_KMN_NVYV", "name": "Witkow Nowy" }, "geometry": { "type": "Point", "coordinates": [ 50.31666667, 24.48333333 ] } },
{ "type": "Feature", "properties": { "prov": "Galicia", "dist": "Lisko", "code": "GLC_LSK_BLGR", "name": "Baligrod" }, "geometry": { "type": "Point", "coordinates": [ 49.33333333, 22.28333333 ] } },
{ "type": "Feature", "properties": { "prov": "Prussia", "dist": "Schlesien", "code": "PRU_SCH_RCBR", "name": "Ratibor" }, "geometry": { "type": "Point", "coordinates": [ 50.08333333, 18.2 ] } },
{ "type": "Feature", "properties": { "prov": "Galicia", "dist": "Kosow", "code": "GLC_KSW_PSTY", "name": "Pistyn" }, "geometry": { "type": "Point", "coordinates": [ 48.36666667, 25.03333333 ] } },
{ "type": "Feature", "properties": { "prov": "Galicia", "dist": "Jaworow", "code": "GLC_JWR_WLKO", "name": "Wielkie Oczy" }, "geometry": { "type": "Point", "coordinates": [ 50.01666667, 23.15 ] } },
{ "type": "Feature", "properties": { "prov": "Prussia", "dist": "Schlesien", "code": "PRU_SCH_LGNC", "name": "Liegnitz" }, "geometry": { "type": "Point", "coordinates": [ 51.2, 16.2 ] } },
{ "type": "Feature", "properties": { "prov": "Prussia", "dist": "Posen", "code": "PRU_PSN_RGZN", "name": "Rogasen" }, "geometry": { "type": "Point", "coordinates": [ 52.75, 17.01666667 ] } },
{ "type": "Feature", "properties": { "prov": "Galicia", "dist": "Jaroslaw", "code": "GLC_JRS_PRCH", "name": "Pruchnik" }, "geometry": { "type": "Point", "coordinates": [ 49.91666667, 22.51666667 ] } },
{ "type": "Feature", "properties": { "prov": "Galicia", "dist": "Trembowla", "code": "GLC_TRM_STRS", "name": "Strusow" }, "geometry": { "type": "Point", "coordinates": [ 49.33333333, 25.61666667 ] } },
{ "type": "Feature", "properties": { "prov": "Prussia", "dist": "Posen", "code": "PRU_PSN_PL", "name": "Schneidemuehl" }, "geometry": { "type": "Point", "coordinates": [ 53.15, 16.75 ] } },
{ "type": "Feature", "properties": { "prov": "Galicia", "dist": "Mosciska", "code": "GLC_MSC_HSKV", "name": "Hussakow" }, "geometry": { "type": "Point", "coordinates": [ 49.71666667, 23.0 ] } },
{ "type": "Feature", "properties": { "prov": "Prussia", "dist": "Pommern", "code": "PRU_PMM_STRG", "name": "Stargard" }, "geometry": { "type": "Point", "coordinates": [ 53.33333333, 15.05 ] } },
{ "type": "Feature", "properties": { "prov": "Prussia", "dist": "Posen", "code": "PRU_PSN_TRZC", "name": "Schoenlanke" }, "geometry": { "type": "Point", "coordinates": [ 53.03333333, 16.45 ] } },
{ "type": "Feature", "properties": { "prov": "Bukovina", "dist": "", "code": "BDN_GRM_KNST", "name": "Konstanz" }, "geometry": { "type": "Point", "coordinates": [ 47.66666667, 9.183333333 ] } },
{ "type": "Feature", "properties": { "prov": "Galicia", "dist": "Brody", "code": "GLC_BRD_LPTY", "name": "Lopatyn" }, "geometry": { "type": "Point", "coordinates": [ 50.21666667, 24.85 ] } },
{ "type": "Feature", "properties": { "prov": "Galicia", "dist": "Kolbuszowa", "code": "GLC_KLB_MJDN", "name": "Majdan" }, "geometry": { "type": "Point", "coordinates": [ 50.38333333, 21.75 ] } },
{ "type": "Feature", "properties": { "prov": "Galicia", "dist": "Wadowice", "code": "GLC_WDW_KLWR", "name": "Kalwaria Zebrzydowska" }, "geometry": { "type": "Point", "coordinates": [ 49.86666667, 19.68333333 ] } },
{ "type": "Feature", "properties": { "prov": "Galicia", "dist": "Rzeszow", "code": "GLC_RZS_CZDC", "name": "Czudec" }, "geometry": { "type": "Point", "coordinates": [ 49.95, 21.83333333 ] } },
{ "type": "Feature", "properties": { "prov": "Galicia", "dist": "Cieszanow", "code": "GLC_CSZ_DZKW", "name": "Dzikow Stary" }, "geometry": { "type": "Point", "coordinates": [ 50.25, 22.93333333 ] } },
{ "type": "Feature", "properties": { "prov": "Prussia", "dist": "Posen", "code": "PRU_PSN_WGRW", "name": "Wongrowitz" }, "geometry": { "type": "Point", "coordinates": [ 52.8, 17.2 ] } },
{ "type": "Feature", "properties": { "prov": "Galicia", "dist": "Tarnow", "code": "GLC_TRN_RYGL", "name": "Ryglice" }, "geometry": { "type": "Point", "coordinates": [ 49.88333333, 21.13333333 ] } },
{ "type": "Feature", "properties": { "prov": "Galicia", "dist": "Kamionka Strumilowa", "code": "GLC_KMN_DBRT", "name": "Dobrotvor" }, "geometry": { "type": "Point", "coordinates": [ 50.23333333, 24.36666667 ] } },
{ "type": "Feature", "properties": { "prov": "Galicia", "dist": "Tarnow", "code": "GLC_TRN_TCHW", "name": "Tuchow" }, "geometry": { "type": "Point", "coordinates": [ 49.9, 21.06666667 ] } },
{ "type": "Feature", "properties": { "prov": "Galicia", "dist": "Kolbuszowa", "code": "GLC_KLB_RNZW", "name": "Ranizow" }, "geometry": { "type": "Point", "coordinates": [ 50.26666667, 21.98333333 ] } },
{ "type": "Feature", "properties": { "prov": "Galicia", "dist": "Rzeszow", "code": "GLC_RZS_NBYL", "name": "Niebylec" }, "geometry": { "type": "Point", "coordinates": [ 49.86666667, 21.9 ] } },
{ "type": "Feature", "properties": { "prov": "Galicia", "dist": "Rawa Ruska", "code": "GLC_RW_PTLY", "name": "Potylicz" }, "geometry": { "type": "Point", "coordinates": [ 50.23333333, 23.56666667 ] } },
{ "type": "Feature", "properties": { "prov": "Bukovina", "dist": "Sereth", "code": "PRU_SCH_ZRY", "name": "Sohrau" }, "geometry": { "type": "Point", "coordinates": [ 50.05, 18.7 ] } },
{ "type": "Feature", "properties": { "prov": "Prussia", "dist": "Posen", "code": "PRU_PSN_SZMC", "name": "Samotschin" }, "geometry": { "type": "Point", "coordinates": [ 53.03333333, 17.13333333 ] } },
{ "type": "Feature", "properties": { "prov": "Galicia", "dist": "Biala", "code": "GLC_BL_KTY", "name": "Kety" }, "geometry": { "type": "Point", "coordinates": [ 49.88333333, 19.23333333 ] } },
{ "type": "Feature", "properties": { "prov": "Galicia", "dist": "Brzesko", "code": "GLC_BRZ_ZKLC", "name": "Zakliczyn" }, "geometry": { "type": "Point", "coordinates": [ 49.86666667, 20.81666667 ] } },
{ "type": "Feature", "properties": { "prov": "Galicia", "dist": "Sanok", "code": "GLC_SNK_JSLS", "name": "Jasliska" }, "geometry": { "type": "Point", "coordinates": [ 49.45, 21.8 ] } },
{ "type": "Feature", "properties": { "prov": "Galicia", "dist": "Brzesko", "code": "GLC_BRZ_CZCH", "name": "Czchow" }, "geometry": { "type": "Point", "coordinates": [ 49.83333333, 20.68333333 ] } },
{ "type": "Feature", "properties": { "prov": "Galicia", "dist": "Przemysl", "code": "GLC_PRZ_KRZY", "name": "Krzywcza" }, "geometry": { "type": "Point", "coordinates": [ 49.8, 22.55 ] } },
{ "type": "Feature", "properties": { "prov": "Galicia", "dist": "Jaslo", "code": "GLC_JSL_KLCZ", "name": "Kolaczyce" }, "geometry": { "type": "Point", "coordinates": [ 49.81666667, 21.43333333 ] } },
{ "type": "Feature", "properties": { "prov": "Galicia", "dist": "Nowy Targ", "code": "GLC_NWY_KRSC", "name": "Kroscienko" }, "geometry": { "type": "Point", "coordinates": [ 49.43333333, 20.41666667 ] } },
{ "type": "Feature", "properties": { "prov": "Silesia", "dist": "Biala", "code": "SLS_PLN_CZCH", "name": "Czechowice-Dziedzice" }, "geometry": { "type": "Point", "coordinates": [ 49.91666667, 19.01666667 ] } },
{ "type": "Feature", "properties": { "prov": "Silesia", "dist": "Biala", "code": "SLS_PLN_CZCH", "name": "Czechowice-Dziedzice" }, "geometry": { "type": "Point", "coordinates": [ 49.91666667, 19.01666667 ] } },
{ "type": "Feature", "properties": { "prov": "Silesia", "dist": "Bobrka", "code": "SLS_PLN_CZCH", "name": "Czechowice-Dziedzice" }, "geometry": { "type": "Point", "coordinates": [ 49.91666667, 19.01666667 ] } },
{ "type": "Feature", "properties": { "prov": "Silesia", "dist": "Bobrka", "code": "SLS_PLN_CZCH", "name": "Czechowice-Dziedzice" }, "geometry": { "type": "Point", "coordinates": [ 49.91666667, 19.01666667 ] } },
{ "type": "Feature", "properties": { "prov": "Galicia", "dist": "Drohobycz", "code": "GLC_DRH_PDBZ", "name": "Podbuz" }, "geometry": { "type": "Point", "coordinates": [ 49.33333333, 23.25 ] } },
{ "type": "Feature", "properties": { "prov": "Galicia", "dist": "Ostpreussen", "code": "GLC_NWY_ZKPN", "name": "Zakopane" }, "geometry": { "type": "Point", "coordinates": [ 49.3, 19.96666667 ] } },
{ "type": "Feature", "properties": { "prov": "Bukovina", "dist": "Przemysl", "code": "PRU_PSN_ZNMY", "name": "Sontheim" }, "geometry": { "type": "Point", "coordinates": [ 52.16666667, 17.16666667 ] } },
{ "type": "Feature", "properties": { "prov": "Bukovina", "dist": "Krosno", "code": "GLC_KRS_JDLC", "name": "Jedlicze" }, "geometry": { "type": "Point", "coordinates": [ 49.71666667, 21.65 ] } },
{ "type": "Feature", "properties": { "prov": "Bukovina", "dist": "Kotzman", "code": "BKV_KTZ_VKN", "name": "Okna" }, "geometry": { "type": "Point", "coordinates": [ 48.56666667, 25.96666667 ] } },
{ "type": "Feature", "properties": { "prov": "Bukovina", "dist": "Gurahumora", "code": "BKV_GRH_ARBR", "name": "Arbora" }, "geometry": { "type": "Point", "coordinates": [ 47.73333333, 25.93333333 ] } },
{ "type": "Feature", "properties": { "prov": "Galicia", "dist": "Brzozow", "code": "GLC_BRZ_DMRD", "name": "Domaradz" }, "geometry": { "type": "Point", "coordinates": [ 49.78333333, 21.95 ] } },
{ "type": "Feature", "properties": { "prov": "Prussia", "dist": "Cieszanow", "code": "GLC_CSZ_BLZC", "name": "Belzec" }, "geometry": { "type": "Point", "coordinates": [ 50.38333333, 23.43333333 ] } },
{ "type": "Feature", "properties": { "prov": "Galicia", "dist": "Kamionka Strumilowa", "code": "GLC_KMN_DMYT", "name": "Dmytrevka" }, "geometry": { "type": "Point", "coordinates": [ 50.2, 24.61666667 ] } },
{ "type": "Feature", "properties": { "prov": "Galicia", "dist": "Lwow", "code": "GLC_LWW_KKZV", "name": "Kukizow" }, "geometry": { "type": "Point", "coordinates": [ 49.93333333, 24.26666667 ] } },
{ "type": "Feature", "properties": { "prov": "Galicia", "dist": "Mosciska", "code": "GLC_MLC_WMPR", "name": "Wampierzow" }, "geometry": { "type": "Point", "coordinates": [ 50.3, 21.26666667 ] } },
{ "type": "Feature", "properties": { "prov": "Prussia", "dist": "Ostpreussen", "code": "PRU_OST_SLT", "name": "Silute" }, "geometry": { "type": "Point", "coordinates": [ 55.35, 21.48333333 ] } },
{ "type": "Feature", "properties": { "prov": "Galicia", "dist": "Borszczow", "code": "GLC_BRS_LNVT", "name": "Lanowce" }, "geometry": { "type": "Point", "coordinates": [ 48.85, 26.0 ] } },
{ "type": "Feature", "properties": { "prov": "Galicia", "dist": "Brody", "code": "GLC_BRD_MKLY", "name": "Mykolajow" }, "geometry": { "type": "Point", "coordinates": [ 50.35, 24.98333333 ] } },
{ "type": "Feature", "properties": { "prov": "Czernowitz", "dist": "Czernowitz", "code": "BKV_CZR_LKVY", "name": "Lukawitza" }, "geometry": { "type": "Point", "coordinates": [ 48.2, 26.08333333 ] } },
{ "type": "Feature", "properties": { "prov": "Bukovina", "dist": "Suceava", "code": "BKV_SCZ_DNL", "name": "Danila" }, "geometry": { "type": "Point", "coordinates": [ 47.75, 26.1 ] } },
{ "type": "Feature", "properties": { "prov": "Galicia", "dist": "Bobrka", "code": "GLC_BBR_MYKL", "name": "Mykolayiv" }, "geometry": { "type": "Point", "coordinates": [ 49.76666667, 24.35 ] } },
{ "type": "Feature", "properties": { "prov": "Galicia", "dist": "Bochnia", "code": "GLC_BCH_USCS", "name": "Uscie Solne" }, "geometry": { "type": "Point", "coordinates": [ 50.11666667, 20.53333333 ] } },
{ "type": "Feature", "properties": { "prov": "Galicia", "dist": "Brody", "code": "GLC_BRD_BRYL", "name": "Barylow" }, "geometry": { "type": "Point", "coordinates": [ 50.35, 24.88333333 ] } },
{ "type": "Feature", "properties": { "prov": "Galicia", "dist": "Dobromil", "code": "GLC_DBR_KRSC", "name": "Kroscienko" }, "geometry": { "type": "Point", "coordinates": [ 49.46666667, 22.66666667 ] } },
{ "type": "Feature", "properties": { "prov": "Galicia", "dist": "Dolina", "code": "GLC_DLN_VYHD", "name": "Wygoda" }, "geometry": { "type": "Point", "coordinates": [ 48.93333333, 23.91666667 ] } },
{ "type": "Feature", "properties": { "prov": "Galicia", "dist": "Gurahumora", "code": "BKV_GRH_ILSS", "name": "Ilisesti" }, "geometry": { "type": "Point", "coordinates": [ 47.6, 26.05 ] } },
{ "type": "Feature", "properties": { "prov": "Galicia", "dist": "Kolbuszowa", "code": "GLC_KLB_SKLW", "name": "Sokolow" }, "geometry": { "type": "Point", "coordinates": [ 50.23333333, 22.11666667 ] } },
{ "type": "Feature", "properties": { "prov": "Bukovina", "dist": "Kotzman", "code": "BKV_KTZ_NPLK", "name": "Niepolomice" }, "geometry": { "type": "Point", "coordinates": [ 48.38333333, 25.63333333 ] } },
{ "type": "Feature", "properties": { "prov": "Galicia", "dist": "Lwow", "code": "GLC_LWW_BRSH", "name": "Borszzczow" }, "geometry": { "type": "Point", "coordinates": [ 49.86666667, 24.26666667 ] } },
{ "type": "Feature", "properties": { "prov": "Galicia", "dist": "Lwow", "code": "GLC_LWW_KMNP", "name": "Comanesti" }, "geometry": { "type": "Point", "coordinates": [ 49.86666667, 24.16666667 ] } },
{ "type": "Feature", "properties": { "prov": "Galicia", "dist": "Lwow", "code": "GLC_LWW_NVRY", "name": "Nawaria" }, "geometry": { "type": "Point", "coordinates": [ 49.75, 23.93333333 ] } },
{ "type": "Feature", "properties": { "prov": "Galicia", "dist": "Lwow", "code": "GLC_LWW_PDLS", "name": "Podliski Male" }, "geometry": { "type": "Point", "coordinates": [ 49.91666667, 24.16666667 ] } },
{ "type": "Feature", "properties": { "prov": "Galicia", "dist": "Lwow", "code": "GLC_LWW_PYKL", "name": "Pikulowice" }, "geometry": { "type": "Point", "coordinates": [ 49.86666667, 24.21666667 ] } },
{ "type": "Feature", "properties": { "prov": "Galicia", "dist": "Mielec", "code": "GLC_MLC_SDKW", "name": "Sadkowa Gora" }, "geometry": { "type": "Point", "coordinates": [ 50.38333333, 21.33333333 ] } },
{ "type": "Feature", "properties": { "prov": "Prussia", "dist": "Ostpreussen", "code": "PRU_OST_JZRN", "name": "Jeziory" }, "geometry": { "type": "Point", "coordinates": [ 53.98333333, 20.75 ] } },
{ "type": "Feature", "properties": { "prov": "Prussia", "dist": "Ostpreussen", "code": "PRU_OST_OZRS", "name": "Darkehmen" }, "geometry": { "type": "Point", "coordinates": [ 54.41666667, 22.01666667 ] } },
{ "type": "Feature", "properties": { "prov": "Prussia", "dist": "Ostpreussen", "code": "PRU_OST_SMLN", "name": "Slomniki" }, "geometry": { "type": "Point", "coordinates": [ 55.08333333, 22.58333333 ] } },
{ "type": "Feature", "properties": { "prov": "Prussia", "dist": "Ostpreussen", "code": "PRU_OST_STNC", "name": "Stanislawow" }, "geometry": { "type": "Point", "coordinates": [ 53.9, 21.06666667 ] } },
{ "type": "Feature", "properties": { "prov": "Prussia", "dist": "Pommern", "code": "PRU_PMM_DMMN", "name": "Dunino" }, "geometry": { "type": "Point", "coordinates": [ 53.9, 13.03333333 ] } },
{ "type": "Feature", "properties": { "prov": "Prussia", "dist": "Posen", "code": "PRU_PSN_FRDN", "name": "Fordon" }, "geometry": { "type": "Point", "coordinates": [ 53.15, 18.18333333 ] } },
{ "type": "Feature", "properties": { "prov": "Prussia", "dist": "Posen", "code": "PRU_PSN_OSTR", "name": "Ostrowo" }, "geometry": { "type": "Point", "coordinates": [ 51.65, 17.81666667 ] } },
{ "type": "Feature", "properties": { "prov": "Prussia", "dist": "Posen", "code": "PRU_PSN_PYSZ", "name": "Pyszaca" }, "geometry": { "type": "Point", "coordinates": [ 52.06666667, 17.06666667 ] } },
{ "type": "Feature", "properties": { "prov": "Bukovina", "dist": "Radautz", "code": "BKV_RDT_FRTT", "name": "Neu Fratautz" }, "geometry": { "type": "Point", "coordinates": [ 47.95, 25.85 ] } },
{ "type": "Feature", "properties": { "prov": "Bukovina", "dist": "Radautz", "code": "BKV_RDT_ISLV", "name": "Jazlowiec" }, "geometry": { "type": "Point", "coordinates": [ 47.76666667, 25.96666667 ] } },
{ "type": "Feature", "properties": { "prov": "Bukovina", "dist": "Radautz", "code": "BKV_RDT_SCVT", "name": "Suczawitza" }, "geometry": { "type": "Point", "coordinates": [ 47.78333333, 25.71666667 ] } },
{ "type": "Feature", "properties": { "prov": "Prussia", "dist": "Schlesien", "code": "PRU_SCH_BBRK", "name": "Bobrek" }, "geometry": { "type": "Point", "coordinates": [ 50.33333333, 18.86666667 ] } },
{ "type": "Feature", "properties": { "prov": "Prussia", "dist": "Schlesien", "code": "PRU_SCH_BHMNN", "name": "Bohumín" }, "geometry": { "type": "Point", "coordinates": [ 49.93333333, 18.36666667 ] } },
{ "type": "Feature", "properties": { "prov": "Prussia", "dist": "Schlesien", "code": "PRU_SCH_BLVC", "name": "Wagstadt" }, "geometry": { "type": "Point", "coordinates": [ 49.76666667, 18.03333333 ] } },
{ "type": "Feature", "properties": { "prov": "Prussia", "dist": "Schlesien", "code": "PRU_SCH_CSTSN", "name": "Teschen" }, "geometry": { "type": "Point", "coordinates": [ 49.75, 18.61666667 ] } },
{ "type": "Feature", "properties": { "prov": "Prussia", "dist": "Schlesien", "code": "PRU_SCH_GRZW", "name": "Landsberg" }, "geometry": { "type": "Point", "coordinates": [ 51.03333333, 18.43333333 ] } },
{ "type": "Feature", "properties": { "prov": "Prussia", "dist": "Schlesien", "code": "PRU_SCH_KRNV", "name": "Jaegerndorf" }, "geometry": { "type": "Point", "coordinates": [ 50.1, 17.71666667 ] } },
{ "type": "Feature", "properties": { "prov": "Prussia", "dist": "Schlesien", "code": "PRU_SCH_KRPK", "name": "Krappitz" }, "geometry": { "type": "Point", "coordinates": [ 50.48333333, 17.96666667 ] } },
{ "type": "Feature", "properties": { "prov": "Prussia", "dist": "Schlesien", "code": "PRU_SCH_KRVN", "name": "Karvina" }, "geometry": { "type": "Point", "coordinates": [ 49.86666667, 18.55 ] } },
{ "type": "Feature", "properties": { "prov": "Prussia", "dist": "Schlesien", "code": "PRU_SCH_MRSZ", "name": "Friedland" }, "geometry": { "type": "Point", "coordinates": [ 50.66666667, 16.18333333 ] } },
{ "type": "Feature", "properties": { "prov": "Prussia", "dist": "Schlesien", "code": "PRU_SCH_OPVA", "name": "Troppau" }, "geometry": { "type": "Point", "coordinates": [ 49.95, 17.91666667 ] } },
{ "type": "Feature", "properties": { "prov": "Prussia", "dist": "Schlesien", "code": "PRU_SCH_ORLV", "name": "Orlau" }, "geometry": { "type": "Point", "coordinates": [ 49.85, 18.43333333 ] } },
{ "type": "Feature", "properties": { "prov": "Bukovina", "dist": "Storojinet", "code": "BKV_STR_PNK", "name": "Panka" }, "geometry": { "type": "Point", "coordinates": [ 48.16666667, 25.65 ] } },
{ "type": "Feature", "properties": { "prov": "Galicia", "dist": "Stryj", "code": "GLC_STR_YLYN", "name": "Jelenkowate" }, "geometry": { "type": "Point", "coordinates": [ 48.76666667, 23.45 ] } },
{ "type": "Feature", "properties": { "prov": "Bukovina", "dist": "Suceava", "code": "BKV_SCZ_ITCN", "name": "Itzkany" }, "geometry": { "type": "Point", "coordinates": [ 47.68333333, 26.25 ] } },
{ "type": "Feature", "properties": { "prov": "Bukovina", "dist": "Suceava", "code": "BKV_SCZ_MTCD", "name": "Mitoka Dragomirna" }, "geometry": { "type": "Point", "coordinates": [ 47.73333333, 26.25 ] } },
{ "type": "Feature", "properties": { "prov": "Galicia", "dist": "Tarnobrzeg", "code": "GLC_TRN_DBRW", "name": "Dabrowica" }, "geometry": { "type": "Point", "coordinates": [ 50.48333333, 21.61666667 ] } },
{ "type": "Feature", "properties": { "prov": "Galicia", "dist": "Trembowla", "code": "GLC_TLM_VYNH", "name": "Winograd" }, "geometry": { "type": "Point", "coordinates": [ 48.73333333, 24.76666667 ] } },
{ "type": "Feature", "properties": { "prov": "Galicia", "dist": "Trembowla", "code": "GLC_TRM_RMNV", "name": "Romanowka" }, "geometry": { "type": "Point", "coordinates": [ 49.21666667, 25.56666667 ] } },
{ "type": "Feature", "properties": { "prov": "Prussia", "dist": "Westpreussen", "code": "PRU_WST_BLYB", "name": "Baldenburg" }, "geometry": { "type": "Point", "coordinates": [ 53.88333333, 16.83333333 ] } },
{ "type": "Feature", "properties": { "prov": "Prussia", "dist": "Westpreussen", "code": "PRU_WST_BSKP", "name": "Bischofswerder" }, "geometry": { "type": "Point", "coordinates": [ 53.5, 19.35 ] } },
{ "type": "Feature", "properties": { "prov": "Prussia", "dist": "Westpreussen", "code": "PRU_WST_GDYN", "name": "Gdynia" }, "geometry": { "type": "Point", "coordinates": [ 54.5, 18.55 ] } },
{ "type": "Feature", "properties": { "prov": "Prussia", "dist": "Westpreussen", "code": "PRU_WST_GRDJ", "name": "Garnsee" }, "geometry": { "type": "Point", "coordinates": [ 53.61666667, 18.95 ] } },
{ "type": "Feature", "properties": { "prov": "Bukovina", "dist": "Wiznitz", "code": "BKV_WZN_KRYT", "name": "Wieliczka" }, "geometry": { "type": "Point", "coordinates": [ 48.33333333, 25.38333333 ] } },
{ "type": "Feature", "properties": { "prov": "Bukovina", "dist": "Wiznitz", "code": "BKV_WZN_VYZH2", "name": "Wisnicz Nowy" }, "geometry": { "type": "Point", "coordinates": [ 48.25, 25.18333333 ] } },
{ "type": "Feature", "properties": { "prov": "Galicia", "dist": "Zolkiew", "code": "GLC_ZLK_ARTS", "name": "Artasow" }, "geometry": { "type": "Point", "coordinates": [ 50.01666667, 24.13333333 ] } }
]
}
