line_id,jg_id,ejl_line,name,enc_name,jg_name,name1900,name1930,name1945
1,-2990437,8,Pytalovo,ABRENE,Pytalovo,Pytalovo,Jaunlatgale,Abrene
2,-492116,14,Adamów,ADAMOW,Adamow,Adamów,Adamów,Adamów
3,-3206643,31,Gazenpot,AIZPUTE,Aizpute,Gazenpot,Aizpute,Aizpute
4,-1034035,34,Akhtyrka,AKHTYRKA,Okhtyrka,Akhtyrka,Akhtyrka,Akhtyrka
5,-3206682,36,Oknista,AKNISTE,Akniste,Oknista,Aknīste,Aknīste
6,-1034078,42,Aleksandriia,ALEKSANDRIA,Oleksandriya,Aleksandriya,Aleksandria,Aleksandriya
7,-492230,44,Aleskandrów,ALEKSANDROW,Aleksandrow Lodzki,Aleskandrów,Aleskandrów,Aleksandrów
8,-492229,45,Aleksandrów,ALEKSANDROW-KUJAWSKI,Aleksandrow Kujawski,Aleksandrów,Aleksandrów Kujawski,Aleksandrów Kujawski
9,-2275979,48,Aleksandreny,ALEXANDRENI,Alexandreni,Aleksandreny,Alexăndreni,Aleksandreny
10,-1049208,49,Aleksandriia,ALEXANDRIA,Oleksandriya,Aleksandriya,Alexandria,Aleksandria
11,-1049206,51,Aleksandrovka,ALEXANDROVKA,Oleksandrivka,Aleksandrovka,Alexandrovka,Aleksandrovka
12,-519859,55,Allenstein,ALLENSTEIN,Olsztyn,Allenstein,Allenstein,Olsztyn
13,-2612619,60,Olava,ALOVE,Alove,Olava,Alovė,Alovė
14,-2612624,64,Olsiady,ALSEDZIAI,Alsedziai,Olsiadi,Alsėdžiai,Alsėdžiai
15,-498582,71,Altdamm,ALTDAMM,Dabie,Altdamm,Altdamm,Dąbie
16,-1034270,83,Altynovka,ALTINOVKA,Altynivka,Altynovka,Altinovka,Altynovka
17,-3206721,88,Aluksna,ALUKSNE,Aluksne,Marienburg,Alūksne,Alūksne
18,-2612570,89,Ovanta,ALUNTA,Alanta,Ovanta,Alunta,Alanta
19,-1034285,101,Ananev,ANANEV,Ananyiv,Ananyev,Ananyev,Ananyev
20,-1034396,108,Andrushovka,ANDRUSHEVKA,Andrushivka,Andrushevka,Andrushevka,Andrushevka
21,-492267,109,Andrychów,ANDRYCHOW,Andrychow,Andrychów,Andrychów,Andrychów
22,-492271,110,Andruseevo,ANDRZEJEWO,Andrzejewo,Andrzejewo,Andrzejewo,Andrzejewo
23,-492280,111,Andrzejów,ANDRZEJOW,Andrzejow,Andrzejów,Andrzejów,Andrzejów
24,-534627,113,Angerburg,ANGERBURG,Wegorzewo,Angerburg,Angerburg,Węgorzewo
25,-1740551,116,Anklam,ANKLAM,Anklam,Anklam,Anklam,Anklam
26,-1034425,118,Annopol,ANNOPOL,Annopol,Annopol',Annopol',Annopol'
27,-492321,119,Annopol,ANNOPOL-RACHOW,Annopol,Annopol,Annopol,Annopol
28,-2612699,124,Antanava,ANTANAVAS,Antanava,Antonowo,Antanavas,Antanavas
29,-1034469,125,Antoniny,ANTONINY,Antoniny,Antoniny,Antoniny,Antoniny
30,-149302,126,Antonovka,ANTONOVKA,,,,
31,-1034509,127,Antonovka,ANTONOWKA,Antonivka,Antonovka,Antonówka,Antonovka
32,-2612735,130,Onikshty,ANYKSCIAI,Anyksciai,Onikshty,Anykščiai,Anykščiai
33,-3206808,135,Appengof,APE,Ape,,Ape,Ape
34,-1034540,140,Pokrovskoe,APOSTOLOVO,Apostolove,Pokrovs'ke,Apostolovo,Apostolovo
35,-1034623,147,Staro-Artsiz,ARCIZ,Artsyz,Artsiz,Arciz,Artsiz
36,-2612768,152,Eirogola,ARIOGALA,Ariogala,Ariogala,Ariogala,Ariogala
37,-1034582,155,Armianskii bazar,ARMYIANSK,Armyans'k,Armyanskiy Bazar,Armiansk,Armyansk
38,-1034612,163,Bakhmut,ARTIOMOVSK,Artemivs'k,Bakhmut,Artiomovsk,Artëmovsk
39,-3206918,178,Autse,AUCE,Auce,Autz,Auce,Auce
40,-492452,183,Avgustov,AUGUSTOW,Augustow,Augustów,Augustów,Augustów
41,-2612835,184,Vysokii dvor,AUKSTADVARIS,Aukstadvaris,Vysokiĭ Dvor,Aukštadvaris,Aukštadvaris
42,-2612858,185,Poniemov,AUKSTOJI-PANEMUNE,Aukstoji Panemune,Poniemoń,Aukštoji Panemunė,Aukštoji Panemunė
43,-492476,187,Aurelów,AURELOW,Aurelow,Aurelów,Aurelów,Aurelów
44,-2612904,192,Debova Buda,AZUOLU BUDA,Azuolu Buda,Dębowa Buda,Ąžuolų Būda,Ąžuolų Būda
45,-1034731,194,Babanka,BABENKA,Babanka,Babanka,Babanka,Babanka
46,-492488,195,Babiak,BABIAK,Babiak,Babiak,Babiak,Babiak
47,-1940990,196,Babinovichi,BABINOVICHI,Babinovichi,Babinovichi,Babinovichi,Babinovichi
48,-2612928,198,Bobty,BABTAI,Babtai,Bobty,Babtai,Bobty
49,-492601,210,Baczki,BACZKI,Baczki,Baczki,Baczki,Baczki
50,-523032,230,Polzin,BAD POLZIN,Polczyn Zdroj,Polzin,Bad Polzin,Połczyn-Zdrój
51,-1941110,240,Baevo,BAEVO,Bayevo,Bayevo,Bayevo,Bayevo
2625,,248,Baineti,BAINETI,Kolonia Izaaka,Kolonia Izaaka,Kolonia Izaaka,
52,-2612966,250,Beisagola,BAISOGALA,Baisogala,Beisagola,Baisogala,Baisogala
53,-492685,253,Bakalarzhevo,BAKALARZEWO,Bakalarzewo,Bakałarzewo,Bakałarzewo,Bakałarzewo
54,-1034817,254,Bakhchisarai,BAKHCHISARAY,Bakhchysaray,Bakhchisaray,Bakhchisaray,Bakhchisaray
55,-1034820,255,Bakhmach,BAKHMACH,Bakhmach,Bakhmach,Bakhmach,Bakhmach
56,-1941013,256,Bakshty,BAKSZTY,Bakshty,Bakshty,Bakszty,Bakshty
57,-1034851,258,Balabanovka,BALABANOVKA,Balabanivka,Balabanovka,Balabanovka,Balabanovka
2650,-1151714,259,Balaceana,BALACEANA,Balaceana,Balaczana,Bălăceana,Bălăceana
58,-1034856,260,Balaklava,BALAKLAVA,Balaklava,Balaklava,Balaklava,Balaklava
59,-2612996,265,Balverzhishki,BALBIERISKIS,Balbieriskis,Balwierzyszki,Balbieriškis,Balbieriškis
60,-492736,267,Baligród,BALIGROD,Baligrod,Baligród,Baligród,Baligród
61,-1034883,269,Balin,BALLIN,Balin,Balin,Balin,Balin
62,-2613022,271,Bolniki,BALNINKAI,Balninkai,Bolniki,Balninkai,Balninkai
63,-1034900,272,Balta,BALTA,Balta,Balta,Balta,Balta
64,-2276030,273,Beltsy,BALTI,Balti,Bieltsy,Bălţi,Bel'tsy
2668,-1034916,275,Banyliv,BANILA PE CEREMUS,Banyliv,Rus-Banila,Banila pe Ceremus,Banilov
2641,-1034915,276,Banyliv Pidhirnyi,BANILA PE SIRET,Banyliv Pidhirnyi,Banila am Sereth,Bănila pe Siret,Banilov
65,-1034926,281,Bar,BAR,Bar,Bar,Bar,Bar
66,-1941033,285,Baran,BARAN,Baran',Baran',Baran',Baran'
67,-492818,288,Baranów,BARANOW (I),Baranow Sandomierski,Baranów,Baranów,Baranów
68,-492799,289,Baranów,BARANOW (II),Baranow,Baranów,Baranów,Baranów
69,-1941035,290,Baranovichi,BARANOWICZE,Baranavichy,Baranovichi,Baranowicze,Baranavichi
70,-1034965,291,Barashi,BARASHI,Barashi,Barashi,Barashi,Barashi
71,-2613110,303,Barstichai,BARSTYCIAI,Barstyciai,Barstichyay,Barstyčiai,Barstyčiai
72,-492966,304,Bartenstein,BARTENSTEIN,Bartoszyce,Bartenstein,Bartenstein,Bartoszyce
73,-2613121,305,Bartniki,BARTININKAI,Bartininkai,Bartniki,Bartininkai,Bartininkai
74,-1035000,306,Barysz,BARYSZ,Barysh,Barysz,Barysz,Barysh
75,-1035001,307,Baryshevka,BARYSZEVKA,Baryshivka,Baryshevka,Baryshevka,Baryshevka
76,-2613151,312,Botoki,BATAKIAI,Batakiai,Botoki,Batakiai,Batakiai
77,-1035044,317,Batiatycze,BATIATYCZE,Batyatychi,Batiatycze,Batiatycze,Batyatychi
78,-3207144,326,Bausk,BAUSKA,Bauska,Bausk,Bauska,Bauska
79,-1035073,330,Bazaliia,BAZALIYA,Bazaliya,Bazaliya,Bazaliya,Bazaliya
80,-1035076,331,Bazar,BAZAR,Bazar,Bazar,Bazar,Bazar
81,-2617318,332,Podubis,BAZILIONAI,Padubysys,Podubis,Bazilionai,Bazilionai
82,-1941121,345,Begoml,BEGOML,Begoml,Begoml,Begoml,Begoml
83,-1035624,357,Bielaia Tserkov,BELAYA TSERKOW,Bila Tserkva,Belaya Tserkov,Belaya Tserkov,Belaya Tserkov
84,-2883907,359,Bielev,BELEV,Belev,Belev,Belev,Belev
85,-493427,361,Belgard,BELGARD,Bialogard,Belgard,Belgard,Białogard
86,-1035165,364,Bielilovka,BELILOVKA,Bilylivka,Belilovka,Belilovka,Belilovka
87,-493112,366,Bełchatów,BELKHATOW,Belchatow,Bełchatów,Bełchatów,Bełchatów
88,-1035197,368,Bielogorodka,BELOGORODKA,Bilohorodka,Bielogorodka,Belogorodka,Belogorodka
89,-1035228,369,Bielopole,BELOPOLYE,Belopol'ye,Belopol'ye,Belopol'ye,Belopol'ye
90,-2884636,373,Bielyi,BELYI,Belyy,Belyy,Belyy,Belyy
91,-1941219,374,Bielynichi,BELYNICHI,Byalynichy,Belynichi,Belynichi,Belynichi
92,-1035317,375,Belz,BELZ,Belz,Belz,Bełz,Belz
93,-493153,377,Bełżyce,BELZHYCE,Belzyce,Bełżyce,Bełżyce,Bełżyce
94,-493057,379,Będków,BENDKOW,Bedkow,Będków,Będków,Będków
95,-493096,381,Bendzin,BENDZIN,,,,
96,-1035347,392,Berdichev,BERDICHEV,Berdychiv,Berdichev,Berdichev,Berdichev
97,-1035372,398,Berestechko,BERESTECZKO,Berestechko,Berestechko,Beresteczko,Berestechko
98,-1035406,402,Berezdov,BEREZDOV,Berezdiv,Berezdov,Berezdov,Berezdov
99,-1941267,403,Berezino,BEREZINO,Byerazino,Berezino,Berezino,Berezino
100,-1035445,404,Berezna,BEREZNA,Berezna,Berezna,Berezna,Berezna
101,-1035456,405,Berezno,BEREZNE,Berezne,Berezno,Bereźne,Berëzno
102,-1035449,406,Bereznegovatyi,BEREZNEGOVATOE,Bereznehuvate,Bereznegovatoe,Bereznegovatoe,Bereznegovatoye
103,-1035427,407,Berezhnitsa,BEREZNICA,Berezhnytsia,Berezhnitsa,Bereźnica,Berezhnitsa
104,-1035476,408,Berezovka,BEREZOVKA,Berezivka,Berezovka,Berezovka,Berezovka
2658,-1035358,414,Berehomet,BERHOMET PE SIRET,Berehomet,Berhomet am Sereth,Berhomete pe Siret,Beregomet
105,-1035528,415,Berislav,BERISLAV,Beryslav,Berislav,Berislav,Berislav
2751,-493771,423,Bierutow,BERNSTADT,Bierutow,Bernstadt,Bernstadt,Bernstadt
106,-1035538,426,Bershad,BERSHAD,Bershad,Bershad,Bershad,Bershad'
107,-1941328,431,Beshenkovichi,BESHENKOVICHI,Byeshankovichy,Beshenkovichi,Beshenkovichi,Beshenkovichi
108,-524473,432,Betsche,BETSCHE,Pszczew,Betsche,Betsche,Pszczew
109,-2613254,434,Betygola,BETYGALA,Betygala,Betygola,Betygala,Betygala
2712,-494136,439,Bobrek,BEUTHEN,Bobrek,Bobrek,Bobrek,Bobrek
110,-493288,446,Białaczów,BIALACHOW,Bialaczow,Białaczów,Białaczów,Białaczów
111,-493309,447,Biała Podlaska,BIALA PODLASKA,Biala Podlaska,Biała Podlaska,Biała Podlaska,Biała Podlaska
112,-493313,448,Biała Rawska,BIALA RAWSKA,Biala Rawska,Biała Rawska,Biała Rawska,Biała Rawska
113,-493419,449,Białobrzegi,BIALOBRZEGI,Bialobrzegi,Białobrzegi,Białobrzegi,Białobrzegi
114,,450,Bialogon,BIALOGON,Kolonia Izaaka,Kolonia Izaaka,Kolonia Izaaka,
115,-1035313,453,Bialykamień,BIALY KAMIEN,Bilyi Kamin,Bialykamień,Biały Kamień,Belyy Kamen'
116,-493500,454,Bielostok,BIALYSTOK,Bialystok,Belostok,Białystok,Białystok
117,-493535,462,Biecz,BIECZ,Biecz,Biecz,Biecz,Biecz
118,-493610,463,Bielawy,BIELAWY,Bielawy,Bielawy,Bielawy,Bielawy
119,-1941165,465,Bielitsy,BIELICA,Belitsa,Belitsa,Bielica,Belitsa
120,-1035229,467,Bielopole,BIELOPOLIE,Bilopillya,Belopol'ye,Belopol'ye,Belopol'ye
121,-493693,468,Bielsk,BIELSK,Bielsk,Bielsk,Bielsk,Bielsk
122,-493705,469,Biała,BIELSKO-BIALA,Bielsko Biala,Biała,Biała,Bielsko-Biała
123,-493830,472,Bieżuń,BIEZUN,Biezun,Bieżuń,Bieżuń,Bieżuń
124,-1036767,478,Bykovka,BIKOVKA,Bykivka,Bykovka,Bykovka,Bykovka
125,-1035628,480,Bilcze Złote,BILCZE ZLOTE,Bil'che Zolote,Bilcze Złote,Bilcze Złote,Bil'che-Zolotoye
126,-493851,481,Biłgoraj,BILGORAI,Bilgoraj,Biłgoraj,Biłgoraj,Biłgoraj
2698,,487,Bilovec,BILOVEC,Kolonia Izaaka,Kolonia Izaaka,Kolonia Izaaka,
127,-493876,491,Bircza,BIRCZA,Bircza,Bircza,Bircza,Bircza
128,-2613298,495,Birzhi,BIRZAI,Birzai,Birzhi,Biržai,Biržai
129,-493925,497,Bischofsburg,BISCHOFSBURG,Biskupiec,Bischofsburg,Bischofsburg,Biskupiec
130,-493923,499,Bischofswerder,BISCHOFSWERDER,Biskupiec,Bischofswerder,Bischofswerder,Biskupiec
131,-493910,501,Biskupice,BISKUPICE,Biskupice,Biskupice,Biskupice,Biskupice
132,-493961,515,Błaszki,BLASZKI,Blaszki,Błaszki,Błaszki,Błaszki
133,-493985,518,Blenduv,BLENDUV,,,,
134,-1035763,524,Bober,BOBER,Bober,Bober,Bober,Bober
135,-494126,526,Bobowa,BOBOWA,Bobowa,Bobowa,Bobowa,Bobowa
136,-1941394,527,Bobr,BOBR,Bobr,Bobr,Bobr,Bobr
137,-1035801,528,Bobrinets,BOBRINETS,Bobrynets,Bobrinets,Bobrinets,Bobrinets
138,-1035787,529,Bóbrka,BOBRKA,Bobrka,Bóbrka,Bóbrka,Bobrka
139,-1035791,530,Bobrovitsa,BOBROVITSA,Bobrovytsia,Bobrovitsa,Bobrovitsa,Bobrovitsa
140,-1035799,531,Bobrovyi Kut,BOBROVYI KUT,Bobrovyy Kut,Bobrovy Kut,Bobrovy Kut,Bobrovy Kut
141,-494170,532,Bobrowniki,BOBROWNIKI,Bobrowniki,Bobrowniki,Bobrowniki,Bobrowniki
142,-1940996,533,Bobruisk,BOBRUISK,Babruysk,Bobruisk,Bobruysk,Bobruysk
143,-1941424,534,Bocheikovo,BOCHEYKOVO,Bocheykovo,Bocheykovo,Bocheykovo,Bocheykovo
144,-494208,535,Bochnia,BOCHNIA,Bochnia,Bochnia,Bochnia,Bochnia
145,-494218,539,Botski,BOCKI,Bocki,Bochki,Boćki,Boćki
146,-494242,544,Bodzanów,BODZANOW,Bodzanow,Bodzanów,Bodzanów,Bodzanów
147,-494250,545,Bodzentyn,BODZENTYN,Bodzentyn,Bodzentyn,Bodzentyn,Bodzentyn
148,-1035818,550,Bogachevka,BOGACHEVKA,Bahachivka,Bogachëvka,Bogachëvka,Bogachëvka
149,-494301,553,Bogoria,BOGORJA,Bogoria,Bogoria,Bogoria,Bogoria
150,-1941447,555,Bogushevsk,BOGUSHEVSK,Bogushevsk,Bogushevsk,Bogushevsk,Bogushëvsk
151,-1035923,556,Boguslav,BOGUSLAV,Bohuslav,Boguslav,Boguslav,Boguslav
152,-1035903,558,Bohorodczany,BOHORODCZANY,Bohorodchany,Bohorodczany,Bohorodczany,Bogorodchany
2703,,559,Bohumin,BOHUMIN,Kolonia Izaaka,Kolonia Izaaka,Kolonia Izaaka,
2632,-1036272,560,Boyany,BOIAN,Boyany,Bojan,Boian,Boyany
153,-1036274,561,Boiarka,BOJARKA,Boyarka,Boyarka,Boyarka,Boyarka
154,-1035940,566,Bolechów,BOLECHOW,Bolekhiv,Bolechów,Bolechów,Bolekhov
155,-1035949,569,Bolgrad,BOLGRAD,Bolhrad,Bolgrad,Bolgrad,Bolgrad
156,-494493,570,Bolimów,BOLIMOW,Bolimow,Bolimów,Bolimów,Bolimów
157,-1059017,573,Vradievka,BOLSHAIA VRADIEVKA,Vradiyivka,Vradievka,Bol'shaia Vradievka,Vradiyevka
158,-1057571,574,Bolshaia Aleksandrovka,BOLSHAYA ALEKSANDROVKA,Velyka Oleksandrivka,Bolshaya Aleksandrovka,Bolshayia Aleksandrovka,Bolshaya Aleksandrovka
159,-1036032,575,Bolshie Nizgurtsy,BOLSHIYE NEZGORTSI,Veliky Nyzhirtsi,Bolshiye Nezgortsi,Bolshiye Nezgortsi,Bol’shiye Nizgortsy
160,-1056385,576,Bolshoi Tokmak,BOLSHOY TOKMAK,Tokmak,Bolshoy Tokmak,Bolshoy Tokmak,Tokmak
161,-1036038,577,Bołszowce,BOLSZOWCE,Bilshivtsi,Bołszowce,Bołszowce,Bol'shovtsy
162,-1034974,586,Mikhailovka,BOREMEL,Baremel,Boremel,Boremel,Baremel'
163,-1941088,588,Borisov,BORISOV,Barysaw,Borisov,Borisov,Borisov
164,-1036155,594,Borodianka,BORODIANKA,Borodyanka,Borodianka,Borodianka,Borodyanka
165,-1036183,596,Borovka,BOROVKA,Borivka,Borovka,Borovka,Borovka
166,-494726,598,Borowa,BOROWA,Borowa,Borowa,Borowa,Borowa
167,-1036201,602,Borshchagovka,BORSHCHAGOVKA,Borshchahivka,Borshchagovka,Borshchagovka,Borshchagovka
168,-1036203,603,Borszczów,BORSZCZOW,Borshchiv,Borszczów,Borszczów,Borshchëv
169,-1036118,604,Borynia,BORYNIA,Borynya,Borynia,Borynia,Borinya
170,-1036130,606,Borispol,BORYSOPOL,Boryspil,Borispol,Borysopol,Borispol'
171,-1036254,608,Borzna,BORZNA,Borzna,Borzna,Borzna,Borzna
172,-1941818,627,Bragin,BRAGIN,Brahin,Bragin,Bragin,Bragin
173,-1036303,629,Brailov,BRAILOW,Brailiv,Brailov,Brailov,Brailov
174,-495065,635,Branshchik,BRANSZCZYK,Branszczyk,Brańszczyk,Brańszczyk,Brańszczyk
175,-1941824,636,Braslav,BRASLAW,Braslaw,Braslav,Brasław,Braslav
176,-1036326,639,Bratoliubovka,BRATOLIUBOVKA,Bratoliubivka,Bratoliubovka,Bratoliubovka,Bratolyubovka
177,-1036330,640,Bratskoe,BRATSKOYE,Brats'ke,Bratskoye,Bratskoye,Bratskoye
178,-1036331,641,Bratslav,BRATSLAW,Bratslav,Bratslav,Bratslav,Bratslav
179,-495057,644,Braunsberg,BRAUNSBERG,Braniewo,Braunsberg,Braunsberg,Braniewo
2613,-1153702,647,Breaza,BREAZA,Breaza,Breaza,Breaza,Breaza
2627,-1153697,647,Breaza,BREAZA,Breaza,Breaza,Breaza,Breaza
2750,-537080,656,Wroclaw,BRESLAU,Wroclaw,Breslau,Breslau,Wrocław
180,-1941830,657,Brest-Litovsk,BREST-LITOVSK,Brest,Brest,Brześć nad Bugiem,Brest
181,-1036421,666,Brianka,BRIANKA,Bryanka,Bryanka,Bryanka,Bryanka
182,-2893495,667,Briansk,BRIANSK,Bryansk,Bryansk,Bryansk,Bryansk
2528,-495064,667,Briansk,BRIANSK,Bransk,Bransk,Brańsk,Brańsk
183,-2276135,668,Brichany,BRICENA,Briceni,Brichany,Briceni-Târg,Brichany
184,-2276136,669,Bricheva,BRICEVA,Briceva,Brichevo,Briciova,Bricheva
2743,-495435,670,Brzeg,BRIEG,Brzeg,Brieg,Brieg,Brzeg
2628,,676,Brodina,BRODINA,Kolonia Izaaka,Kolonia Izaaka,Kolonia Izaaka,
185,-495143,677,Strasburg,BRODNICA,Brodnica,Strasburg,Brodnica,Brodnica
186,-1036374,678,Brody,BRODY,Brody,Brody,Brody,Brody
187,-495197,679,Brok,BROK,Brok,Brok,Brok,Brok
188,-1036390,680,Brożniów,BROSZNIOW,Broshniv Osada,Brożniów,Broszniów,Broshnev-Osada
189,-1036400,682,Brovary,BROVARY,Brovary,Brovary,Brovary,Brovary
190,-3207496,687,Brunovishki,BRUNAVA,Brunava,Brunovishki,Brunava,Brunava
191,-1036408,688,Brusilov,BRUSILOV,Brusilov,Brusilov,Brusilov,Brusilov
192,-495464,691,Brześć Kujawski,BRZESC KUJAWSKI,Brzesc Kujawski,Brześć Kujawski,Brześć Kujawski,Brześć Kujawski
193,-518798,693,Brzesko Nowe,BRZESKO NOWE,Nowe Brzesko,Brzesko Nowe,Brzesko Nowe,Nowe Brzesko
194,-1035414,694,Brzeżany,BRZEZANY,Berezhany,Brzeżany,Brzeżany,Berezhany
195,-495653,695,Brzostek,BRZOSTEK,Brzostek,Brzostek,Brzostek,Brzostek
196,-1941478,696,Velikaia Berestovitsa,BRZOSTOWICA WIELKA,Vyalikaya Byerastavitsa,Berestovitza,Brzostowica Wielka,Velikaya Berestovitsa
197,-1035407,697,Brzozdowce,BRZOZDOWCE,Berezdivtsi,Brzozdowce,Brzozdowce,Berezdovtsy
198,-494121,699,Bublitz,BUBLITZ,Bobolice,Bublitz,Bublitz,Bobolice
2611,-1153939,705,Bucsoaia,BUCSOAIA,Bucsoaia,Bukschoja,Bucşoaia,Bucşoaia
199,-1036442,706,Buczacz,BUCZACZ,Buchach,Buczacz,Buczacz,Buchach
200,-1941900,709,Buda Koshelevo,BUDA-KOSHELEVO,Buda Kashalyova,Buda-Koshelëvo,Buda-Koshelëvo,Buda-Koshelëvo
201,-1036463,715,Budzanów,BUDZANOW,Budaniv,Budzanów,Budzanów,Budanov
202,,716,Budziska,BUDZISKA,Kolonia Izaaka,Kolonia Izaaka,Kolonia Izaaka,
203,-496474,726,Bütow,BUETOW,Bytow,Bütow,Bütow,Bytów
204,-496135,734,Buk,BUK,Buk,Buk,Buk,Buk
205,-1036565,735,Bukaczowce,BUKACZOWCE,Bukachivtsi,Bukaczowce,Bukaczowce,Bukachevtsy
206,-1941943,736,Bukcha,BUKCHA,Bukcha,Bukcha,Bukcha,Bukcha
207,-1036577,737,Buki,BUKI,Buky,Buki,Buki,Buki
208,-496259,738,Bukowsko,BUKOWSKO,Bukowsko,Bukowsko,Bukowsko,Bukowsko
2757,-494467,740,Boleslawiec,BUNZLAU,Boleslawiec,Bunzlau,Bunzlau,Bolesławiec
209,-1036638,753,Burkanów,BURKANOW,Burkaniv,Burkanów,Burkanów,Burkanov
210,-1036656,754,Bursztyn,BURSZTYN,Burshtyn,Bursztyn,Bursztyn,Burshtyn
211,-1036687,756,Busk,BUSK,Busk,Busk,Busk,Busk
212,-496307,757,Busk,BUSKO,Busko Zdroj,Busk,Busk,Busko-Zdrój
213,-1035671,762,Butla,BUTLA,Bitlya,Butla,Butla,Butla
214,-2613523,763,Butrimantsy,BUTRIMONYS,Butrimonys,Butrymantsy,Butrimonys,Butrimonys
215,-496302,770,Burzenin,BUZHENIN,Burzenin,Burzenin,Burzenin,Burzenin
216,-1036734,772,Buzinovo,BUZINOVO,Buzynove,Buzinovo,Buzinovo,Buzinovo
217,-496341,773,Bychawa,BYCHAWA,Bychawa,Bychawa,Bychawa,Bychawa
218,-496361,774,Bromberg,BYDGOSZCZ,Bydgoszcz,Bromberg,Bydgoszcz,Bydgoszcz
219,-1942018,775,Staryi Bykhov,BYKHOV,Bykhaw,Bykhov,Bykhov,Bykhov
220,-1036778,776,Byshev,BYSHEV,Byshiv,Byshev,Byshev,Byshev
221,-1942031,778,Bystritsa,BYSTRZYCA,Bystrytsa,Bystritsa,Bystrzyca,Bystritsa
222,-495559,781,Brzeziny,BZHEZINY,Brzeziny,Brzeziny,Brzeziny,Brzeziny
2645,-1040516,784,Kabeshti,CABESTI,Kabeshti,Kabestie,Căbeşti,Kabeshti
223,-506688,790,Cammin,CAMMIN,Kamien Pomorski,Cammin,Cammin,Kamień Pomorski
2609,-1155616,794,Campulung Moldovenesc,CAMPULUNG-MOLDOVENESC,Campulung Moldovenesc,Kimpolung,Câmpu-Lung,Cîmpulung Moldovenesc
224,-2276517,797,Kapreshty,CAPRESTI,Capresti,Kapreshty,Căpreşti,Kapreshty
2612,-1155893,802,Cirlibaba,CARLIBABA,Cirlibaba,Kirlibaba,Cărlibaba,Cîrlibaba
2746,-522936,803,Pokoj,CARLSRUHE,Pokoj,Bad Carlsruhe,Bad Carlsruhe,Pokój
225,-2276537,811,Novye Kaushany,CAUSANII-NOUI,Causeni,Novyye Kaushany,Căuşenii-Noi,Kaushany
226,,813,Cechowka,CECHOWKA,Kolonia Izaaka,Kolonia Izaaka,Kolonia Izaaka,
227,-2613541,817,Tseikiny,CEJKINIE,Ceikiniai,Tseikini,Cejkinie,Ceikiniai
228,-2613546,818,Chekishki,CEKISKE,Cekiske,Chekishki,Čekiškė,Čekiškė
229,-2276208,822,Chepeliutsy,CEPELEUTI,Cepeleuti,Chepeliutsy,Cepeleuţi,Chepeleutsy
2601,-1037073,824,Chernivtsi,CERNAUTI,Chernivtsi,Czernowitz,Cernăuţi,Chernovtsy
230,-498377,828,Czerwińsk,CERWINSK,Czerwinsk Nad Wisla,Czerwińsk,Czerwińsk,Czerwińsk
231,-3207702,829,Venden,CESIS,Cesis,Venden,Cēsis,Cēsis
2706,,834,Cesky Tesin,CESKY TESIN,Kolonia Izaaka,Kolonia Izaaka,Kolonia Izaaka,
232,-1035629,835,Akkerman,CETATEA-ALBA,Bilhorod Dnistrovskyy,Akkerman,Cetatea Albă,Belgorod Dnestrovskiy
233,-496612,836,Cewków,CEWKOW,Cewkow,Cewków,Cewków,Cewków
234,-496678,843,Charsznica,CHARSZNICA,Charsznica,Charsznica,Charsznica,Charsznica
235,-1942065,844,Chashniki,CHASHNIKI,Chashniki,Chashniki,Chashniki,Chashniki
236,-1942070,847,Chausy,CHAUSY,Chavusi,Chausy,Chausy,Chausy
237,-1036900,849,Chechelnik,CHECHELNIK,Chechelnyk,Chechel'nik,Chechel'nik,Chechel'nik
238,-1942075,850,Chechersk,CHECHERSK,Chachersk,Chechersk,Chechersk,Chechersk
239,-496725,851,Chełm,CHELM,Chelm,Chełm,Chełm,Chełm
240,-496752,852,Kulm,CHELMNO,Chelmno,Kulm,Chełmno,Chełmno
2768,-496761,854,Chelmza,CHELMZHA,Chelmza,Kulmsee,Chełmża,Chełmża
241,-1036928,855,Chemerovtsy,CHEMEROVTSY,Chemerivtsi,Chemerovtsy,Chemerovtsy,Chemerovtsy
242,-496707,857,Chęciny,CHENCINI,Checiny,Chęciny,Chęciny,Chęciny
243,-1942116,859,Chereia,CHEREYA,Chereya,Chereya,Chereya,Chereya
244,-1942118,860,Cherikov,CHERIKOV,Cherykaw,Cherikov,Cherikov,Cherikov
245,-1037001,861,Cherkasy,CHERKASY,Cherkasy,Cherkassy,Cherkassy,Cherkassy
246,-1037051,864,Chernevtsy,CHERNEVTSY,Chernivtsi,Chernevtsy,Chernevtsy,Chernevtsy
247,-1037129,865,Cherniakhov,CHERNIAKHOV,Chernyakhov,Chernyakhov,Chernyakhov,Chernyakhov
248,-1037057,866,Chernigov,CHERNIGOV,Chernihiv,Chernigov,Chernigov,Chernigov
249,-1037390,867,Chernobyl,CHERNOBYL,Chornobyl,Chernobyl,Chernobyl,Chernobyl'
250,-1037164,870,Chernoostrov,CHERNYI OSTROV,Chornyi Ostriv,Cherniostrov,Chernyi Ostrov,Chërnyy Ostrov
251,-1942192,871,Igumen,CHERVEN,Chervyen,Igumen,Cherven,Cherven
252,-1037255,872,Chervonnoe,CHERVONNOYE,Chervone,Chervonnoye,Chervonnoye,Chervonnoye
253,-1037320,874,Chigirin,CHIGIRIN,Chyhyryn,Chigirin,Chigirin,Chigirin
254,-2276223,876,Kishinev,CHISINAU,Chisinau,Kishinev,Chişinău,Kishinev
255,-1056480,878,Chistiakova,CHISTIAKOVO,Torez,Chistyakovo,Chistyakovo,Chistyakovo
256,-1041398,881,Chlewczany,CHLEWCZANY,Khlivchany,Chlewczany,Chlewczany,Khlevchany
257,-496856,883,Chmielnik,CHMIELNIK,Chmielnik,Chmielnik,Chmielnik,Chmielnik
258,-1041559,885,Chocimierz,CHOCIMIERZ,Khotymyr,Chocimierz,Chocimierz,Khotimir
259,-496938,886,Chodecz,CHODECZ,Chodecz,Chodecz,Chodecz,Chodecz
260,-496940,887,Chodel,CHODEL,Chodel,Chodel,Chodel,Chodel
261,-1041452,888,Chodorów,CHODOROW,Khodoriv,Chodorów,Chodorów,Khodorov
262,-498232,889,Czeladź,CHODZIEZ,Czeladz,Czeladź,Czeladź,Czeladź
263,-496992,890,Konitz,CHOJNICE,Chojnice,Konitz,Chojnice,Chojnice
264,-1057316,891,Chołojów,CHOLOJOW,Vuzlove,Chołojów,Chołojów,Uzlovoye
265,-1037385,896,Chopovichi,CHOPOVICHI,Chopovichi,Chopovichi,Chopovichi,Chopovichi
266,-1041534,897,Chorostków,CHOROSTKOW,Khorostkiv,Chorostków,Chorostków,Khorostkov
267,-497072,898,Khorosh,CHOROSZCZ,Choroszcz,Khoroshch,Choroszcz,Choroszcz
268,-497082,899,Chorzele,CHORZELE,Chorzele,Chorzele,Chorzele,Chorzele
2724,-497098,900,Chorzow,CHORZOW,Chorzow,Königshütte,Chorzów,Chorzów
269,-500574,901,Christburg,CHRISTBURG,Dzierzgon,Christburg,Christburg,Dzierzgoń
270,-1041605,902,Khristinovka,CHRISTIANOVKA,Khrystynivka,Kristinovka,Kristianovka,Kristinovka
271,-497249,904,Chrzanów,CHRZANOW,Chrzanow,Chrzanów,Chrzanów,Chrzanów
272,-1037412,907,Chudnov,CHUDNOV,Chudniv,Chudnov,Chudnov,Chudnov
273,-2899947,910,Churovichi,CHUROVICHI,Churovichi,Churovichi,Churovichi,Churovichi
274,-1041891,912,Chyrów,CHYROW,Khyriv,Chyrów,Chyrów,Khyrov
275,-497464,917,Tsiekhanovets,CIECHANOWIEC,Ciechanowiec,Ciechanowiec,Ciechanowiec,Ciechanowiec
276,-497470,918,Ciechocinek,CIECHOCINEK,Ciechocinek,Ciechocinek,Ciechocinek,Ciechocinek
277,-497568,919,Ciepielów,CIEPIELOW,Ciepielow,Ciepielów,Ciepielów,Ciepielów
278,-497579,920,Cieplice,CIEPLICE,Cieplice,Cieplice,Cieplice,Cieplice
279,-497632,921,Cieszanów,CIESZANOW,Cieszanow,Cieszanów,Cieszanów,Cieszanów
2715,-497660,922,Cieszyn,CIESZYN,Cieszyn,Tìšín,Cieszyn,Cieszyn
280,-497672,923,Ciężkowice,CIEZKOWICE,Ciezkowice,Ciężkowice,Ciężkowice,Ciężkowice
281,-2276243,926,Chimishliia,CIMISLIA,Cimislia,Chimishliya,Cimişlia,Chimishliya
2615,,927,Cincau,CINCAU,Kolonia Izaaka,Kolonia Izaaka,Kolonia Izaaka,
2656,,928,Ciornohuzi,CIORNOHUZI,Kolonia Izaaka,Kolonia Izaaka,Kolonia Izaaka,
2642,-1036976,930,Cheresh,CIRESI,Cheresh,Cziresz,Cireş,Cheresh
282,-497723,931,Cisna,CISNA,Cisna,Cisna,Cisna,Cisna
2640,-1046528,932,Chudey,CIUDEI,Chudey,Czudyn,Ciudeiu,Mezhirech'ye
283,-497769,938,Ćmielów,CMIELOW,Cmielow,Ćmielów,Ćmielów,Ćmielów
2624,,947,Comanesti,COMANESTI,Kolonia Izaaka,Kolonia Izaaka,Kolonia Izaaka,
2701,,958,Cosel,COSEL,Kolonia Izaaka,Kolonia Izaaka,Kolonia Izaaka,
2616,-1042070,959,Kitsman,COSMENI,Kitsman,Kotzman,Coţmani,Kitsman'
2646,-1043064,960,Kostintsy,COSTESTI,Kostintsy,Kostestie,Costeşti,Kostintsy
284,-510625,964,Kraków,CRACOW,Krakow,Kraków,Kraków,Kraków
2639,-1043430,970,Krasnoyilsk,CRASNA (II),Krasnoyilsk,Krasna Ilski,Crasna-Ilschi,Krasnoil’sk
285,-1056757,993,Tsybulev,CYBULEV,Tsibulev,Tsibulev,Tsybulev,Tsibulev
286,-497819,994,Cyców,CYCOW,Cycow,Cyców,Cyców,Cyców
287,-1052608,995,Cygany,CYGANY,Tsyhany,Cygany,Cygany,Rudka
288,-1942127,998,Chernavchitsy,CZARNAWCZYCE,Chernavchitsy,Chernavchitsy,Czarnawczyce,Chernavchitsy
289,-498056,999,Czarnikau,CZARNKOW,Czarnkow,Czarnikau,Czarnków,Czarnków
290,-498126,1000,Czarny Dunajec,CZARNY DUNAJEC,Czarny Dunajec,Czarny Dunajec,Czarny Dunajec,Czarny Dunajec
291,-1055092,1001,Chartoriisk,CZARTORYSK,Staryi Chortoryisk,Chartorysk,Czartorysk,Staryy Chartoriysk
292,-498188,1002,Czchów,CZCHOW,Czchow,Czchów,Czchów,Czchów
2713,-498198,1003,Czechowice Dziedzice,CZECHOWICE,Czechowice Dziedzice,"Czechowitz, Dziedzitz","Czechowice, Dziedzice","Czechowice, Dziedzice"
293,-498232,1004,Czeladź,CZELADZ,Czeladz,Czeladź,Czeladź,Czeladź
294,-498238,1005,Czemierniki,CZEMIERNIKI,Czemierniki,Czemierniki,Czemierniki,Czemierniki
295,-1036958,1007,Cheremoshno,CZEREMOSZNO,Cheremoshno,Cheremoshno,Czeremoszno,Cheremoshno
296,-1942171,1009,Cherniany,CZERNIANY,Charniany,Chernyany,Czerniany,Chernyany
297,-498374,1012,Chervin,CZERWIN,Czerwin,Czerwin,Czerwin,Czerwin
298,-1046512,1013,Czołhany,CZOLHANY,Mizhrichchya,Czołhany,Czołhany,Mezhdurech'ye
299,-1037393,1014,Czortków,CZORTKOW,Chortkiv,Czortków,Czortków,Chortkov
300,-1037182,1015,Czortowiec,CZORTOWIEC,Chortovets,Czortowiec,Czortowiec,Chertovets
301,-498494,1016,Czudec,CZUDEC,Czudec,Czudec,Czudec,Czudec
302,-498531,1017,Chizhev,CZYZEWO,Czyzew Osada,Czyżew,Czyżewo,Czyżewo
303,-2613768,1018,Dobeiki,DABEIKIAI,Debeikiai,Dobeyki,Debeikiai,Debeikiai
304,-499579,1019,Daber,DABER,Dobra,Daber,Daber,Dobra
305,-3207800,1020,Dagda,DAGDA,Dagda,Dagda,Dagda,Dagda
306,-498959,1022,Daleszyce,DALESZYCE,Daleszyce,Daleszyce,Daleszyce,Daleszyce
307,-498995,1025,Dańdówka,DANDOWKA,Dandowka,Dańdówka,Dańdówka,Dańdówka
308,-1037514,1028,Darachów,DARACHOW,Darakhov,Darachów,Darachów,Darakhov
309,-1942290,1029,Novyia Dorogi,DARAGANOVO,Darahanava,Daraganovo,Daraganovo,Daraganovo
310,-2613659,1030,Dorbiany,DARBENAI,Darbenai,Dorbyany,Darbėnai,Darbėnai
2652,-1157744,1032,Darmanesti,DARMANESTI (II),Darmanesti,Hatna,Dărmăneşti,Dărmăneşti
311,-2613678,1034,Dorsunishki,DARSUNISKIS,Darsuniskis,Dorsunishki,Darsūniškis,Darsūniškis
312,-1037533,1036,Novyi I Staryi Dashev,DASHEV,Dashiv,Dashev,Dashev,Dashev
313,-1942302,1037,Dashkovka,DASHOVKA,Dashkovka,Dashkovka,Dashkovka,Dashkovka
314,-2613697,1040,Daugi,DAUGAI,Daugai,Daugi,Daugai,Daugai
315,-3207863,1041,Dvinsk,DAUGAVPILS,Daugavpils,Dvinsk,Daugavpils,Daugavpils
316,-2617005,1042,Daugelishki,DAUGIELISZKI,Naujasis Daugeliskis,Daugielishki,Daugieliszki Nowe,Naujasis Daugėliškis
2617,-1037543,1043,Davydivtsi,DAVIDESTI,Davydivtsi,Dawidestie,Davideşti,Davidovtsy
317,-1942306,1045,Davyd-Gorodok,DAWIDGRODEK,Davyd Haradok,David-Gorodok,Dawidgródek,David-Gorodok
318,-2613790,1056,Dekshnia,DEKSZNIE,Degsnes,Dekshnia,Deksznie,Degsnės
319,-1942336,1057,Deliatichi,DELATYCZE,Delyatichi,Delyatyche,Delatycze,Delyatichi
320,-1037591,1058,Delatyn,DELATYN,Delyatyn,Delatyn,Delatyn,Delyatin
321,-499114,1065,Dębica,DEMBICA,Debica,Dębica,Dębica,Dębica
322,-499184,1066,Dęblin,DEMBLIN-IRENA,Deblin,Dęblin,Dęblin,Dęblin
323,-2901087,1068,Porieche,DEMIDOV,Demidov,Porech’ye,Demidov,Demidov
324,-1037610,1069,Demidovka,DEMIDOWKA,Demydivka,Demidovka,Demidówka,Demidovka
325,,1071,Demycze,DEMYCZE,Kolonia Izaaka,Kolonia Izaaka,Kolonia Izaaka,
326,-499351,1075,Denków,DENKOW,Denkow,Denków,Denków,Denków
327,-1037663,1076,Derazhno,DERAZHNO,Derazhne,Derazhno,Derażne,Derazhno
328,-1037664,1077,Derezhnia,DERAZHNYA,Derazhnya,Derazhnya,Derazhnya,Derazhnya
329,-1942374,1080,Derevno,DEREWNO,Derevna,Derevnaya,Derewno,Derevno
330,-504402,1089,Deutsch Eylau,DEUTSCH EYLAU,Ilawa,Deutsch Eylau,Deutsch Eylau,Iława
331,-534242,1091,Deutsch Krone,DEUTSCH-KRONE,Walcz,Deutsch Krone,Deutsch Krone,Wałcz
332,-2904888,1098,Diatkovo,DIATKOVO,Dyatkovo,Dyatkovo,Dyatkovo,Dyatkovo
333,-1037570,1100,Didkovichi,DIDKOVICHI,Dedkovichi,Didkovichi,Dedkovitchy,Dedkovichi
2654,-1037755,1113,Dikhtinets,DIHTINETI,Dikhtinets,Dichtenitz,Dihtineti,Dikhtinets
334,-1038422,1117,Dymer,DIMER,Dymer,Dimer,Dimer,Dimer
335,-499462,1127,Dlugosedlo,DLUGOSIODLO,Dlugosiodlo,Długosiodło,Długosiodło,Długosiodło
336,-1037824,1128,Dmitrovka,DMITREVKA,Dmytrivka,Dmitrevka,Dmitrevka,Dmitrovka
337,-1037863,1131,Kamenskoe,DNEPRODZERZHINSK,Dniprodzerzhyns'k,Kamenskoye,Kamenskoye,Dneprodzerzhinsk
338,-1037865,1132,Ekaterinoslav,DNEPROPETROVSK,Dnipro,Ekaterinoslav,Dnepropetrovsk,Dnipropetrovs'k
339,-499526,1134,Dobczyce,DOBCZYCE,Dobczyce,Dobczyce,Dobczyce,Dobczyce
340,-3207964,1135,Doblen,DOBELE,Dobele,Doblen,Dobele,Dobele
341,-499575,1137,Dobra,DOBRA (I),Dobra,Dobra,Dobra,Dobra
342,-499566,1138,Dobra,DOBRA (II),Dobra,Dobra,Dobra,Dobra
343,-499599,1140,Dobre,DOBRE,Dobre,Dobre,Dobre,Dobre
344,-103793,1141,Dobrianka,DOBRIANKA,Dobryanka,Dobryanka,Dobryanka,Dobryanka
345,-1037927,1144,Dobraia,DOBROE,Dobre,Dobroye,Dobroye,Dobroye
346,-1037886,1145,Dobromil,DOBROMIL,Dobromil,Dobromil,Dobromil,Dobromil'
347,-1942436,1146,Dobromysl,DOBROMYSL,Dobromysl,Dobromysl,Dobromysl,Dobromysl
348,-1037903,1147,Dobrotwór,DOBROTWOR,Dobrotvor,Dobrotwór,Dobrotwór,Dobrotvor
349,-1037907,1148,Dobrovelichkovka,DOBROVELYTCHKOVKA,Dobrovelychkivka,Dobrovelichkovka,Dobrovelichkovka,Dobrovelichkovka
350,-1942448,1149,Dobrush,DOBRUSH,Dobrush,Dobrush,Dobrush,Dobrush
351,-1037933,1150,Chotai,DOBRUSHINO,Dobrushyne,Chotay,Dobrushino,Dobrushino
352,-499742,1153,Dobrzyń,DOBRZYN NAD WISLA,Dobrzyn Nad Wisla,Dobrzyń,Dobrzyń nad Wisłą,Dobrzyń nad Wisłą
353,-1942464,1157,Dokshitsy,DOKSZYCE,Dokshytsy,Dokshitsy,Dokszyce,Dokshitsy
354,-1037988,1159,Dołhe Podbuskie,DOLHE PODBUSKIE,Dovhe,Dołhe Podbuskie,Dołhe Podbuskie,Dolgoye
355,-1942476,1160,Dolginov,DOLHINOW,Dauhinava,Dolginovo,Dołhinów,Dolginovo
356,-1038040,1161,Dolina,DOLINA,Dolyna,Dolina,Dolina,Dolina
357,-1038046,1166,Dołczka,DOLZKA,Dolzhka,Dołczka,Dołżka,Dolzhka
358,-1942498,1167,Domachev,DOMACZEWO,Damachava,Domachevo,Domaczewo,Domachëvo
359,-1038055,1168,Domanevka,DOMANEVKA,Domanivka,Domanevka,Domanevka,Domanevka
360,-1942505,1169,Domanovo,DOMANOVO,Domanovo,Domanovo,Domanovo,Domanovo
361,-499858,1170,Domaradz,DOMARADZ,Domaradz,Domaradz,Domaradz,Domaradz
362,-498576,1172,Dąbie,DOMBIE,Dabie,Dąbie,Dąbie,Dąbie
363,-498704,1175,Dombrovo,DOMBROWA,Dabrowa Bialostocka,Dąbrowa,Dąbrowa,Dąbrowa Białostocka
364,-498722,1176,Dąbrowa,DOMBROWA GORNICZA,Dabrowa Gornicza,Dąbrowa,Dąbrowa Górnicza,Dąbrowa Górnicza
365,-1038302,1177,Dombrovitsy,DOMBROWICA,Dubrovytsia,Dubrovitsa,Dąbrowica,Dubrovitsa
366,-498780,1178,Dąbrowice,DOMBROWICE,Dabrowice,Dąbrowice,Dąbrowice,Dąbrowice
367,-1034281,1181,Amvrosievka,DONETSKO-AMVROSIEVKA,Amvrosiyivka,Donetsko-Amvrosievka,Donetsko-Amvrosievka,Amvrosievka
2635,-1158383,1185,Dornesti,DORNESTI,Dornesti,Hadikfalva,Dorneşti,Dorneşti
368,-2903120,1189,Dorogobuzh,DOROGOBUZH,Dorogobuzh,Dorogobuzh,Dorogobuzh,Dorogobuzh
2620,-1038105,1191,Doroshivtsi,DOROSAUTI,Doroshivtsi,Doroschoutz,Dorosauţi,Doroshovtsy
369,-2613929,1195,Datnovo,DOTNUVA,Dotnuva,Dotnovo,Dotnuva,Dotnuva
370,-1038130,1197,Dovbysh,DOVBISH,Dovbysh,Dovbysh,Markhlevsk,Dovbysh
2647,-1038159,1200,Drachyntsi,DRACINETI,Drachyntsi,Draczynetz,Drăcineț,Drachintsi
371,-499974,1206,Dramburg,DRAMBURG,Drawsko Pomorskie,Dramburg,Dramburg,Drawsko Pomorskie
372,-1942601,1210,Dribin,DRIBIN,Drybin,Dribin,Dribin,Dribin
373,-1951218,1214,Drissa,DRISSA,Vyerkhnyadzvinsk,Drissa,Drissa,Verkhnedvinsk
374,-500009,1215,Drobin,DROBIN,Drobin,Drobin,Drobin,Drobin
375,-1942582,1216,Drogichin,DROHICZYN (I),Drahichyn,Drogichin,Drohiczyn,Drogichin
376,-500036,1217,Drogichin,DROHICZYN (II),Drohiczyn,Drohichin,Drohiczyn nad Bugiem,Drohiczyn
377,-1038184,1218,Drohobycz,DROHOBYCZ,Drohobych,Drohobycz,Drohobycz,Drogobych
378,-1942595,1222,Druia,DRUJA,Druya,Druya,Druja,Druya
379,-1942597,1223,Druisk,DRUJSK,Druysk,Druysk,Drujsk,Druysk
380,-2613980,1224,Druskeniki,DRUSKIENIKI,Druskininkai,Druskiniki,Druskieniki,Druskininkai
381,-1038219,1225,Druzhkopol,DRUSZKOPOL,Zhuravnyky,Druzhkopol',Drużkopol,Druzhkopol'
382,-2324714,1226,Druzhkovka,DRUZHKOVA,Druzhkovka,Druzhkovka,Druzhkovka,Druzhkovka
383,-500144,1227,Drzewica,DRZEWICA,Drzewica,Drzewica,Drzewica,Drzewica
384,-1038229,1228,Dubechno,DUBECZNO (I),Dubechne,Dubechno,Dubeczno,Dubechno
385,-500185,1230,Dubiecko,DUBIECKO,Dubiecko,Dubiecko,Dubiecko,Dubiecko
386,-500190,1231,Dubienka,DUBIENKA,Dubienka,Dubienka,Dubienka,Dubienka
387,-2613990,1232,Dubinki,DUBINGIAI,Dubingiai,Dubinki,Dubingiai,Dubingiai
388,-1942621,1233,Dubinovo,DUBINOVO,Dubinovo,Dubinovo,Dubinowo,Dubinovo
389,-1038255,1235,Dubno,DUBNO,Dubno,Dubno,Dubno,Dubno
390,-2276285,1236,Dubossary,DUBOSSARY,Dubasari,Dubossary,Dubossary,Dubossary
391,-1038275,1238,Dubovo,DUBOVO,Dubova,Dubovo,Dubovo,Dubovo
392,-1942708,1242,Dubrovny,DUBROVNO,Dubrowna,Dubrovno,Dubrovno,Dubrovno
393,-1942709,1243,Dubrovo,DUBROWA,Dubrovo,Dubrovo,Dubrowa,Dubrovo
394,-2904309,1255,Dukhovshchina,DUKHOVSHCHINA,Dukhovshchina,Dukhovshchina,Dukhovshchina,Dukhovshchina
395,-500233,1256,Dukla,DUKLA,Dukla,Dukla,Dukla,Dukla
396,-1942739,1257,Dukora,DUKORA,Dukora,Dukora,Dukora,Dukora
397,-2614010,1258,Dukshty,DUKSZTY,Dukstas,Duksht,Dukszty,Dūkštas
398,-2276292,1259,Dombroveny,DUMBRAVENI (I),Dumbraveni,Dombroveny,Dumbrăveni,Dumbraveny
399,-1038361,1263,Dunajów,DUNAJOW,Dunayev,Dunajów,Dunajów,Dunayev
400,-3208091,1269,Dundaga,DUNDAGA,Dundaga,Dondangen,Dundaga,Dundaga
401,-1942754,1270,Dunilovichi,DUNILOWICZE,Dunilavicy,Dunilovichi,Duniłowicze,Dunilovichi
402,-3208107,1275,Durbe,DURBE,Durbe,Durben,Durbe,Durbe
403,-2614051,1278,Dusiaty,DUSETOS,Dusetos,Dusiaty,Dusetos,Dusetos
404,-1942774,1284,Dvorets,DWORZEC,Dvarets,Dvorets,Dworzec,Dvorets
405,-500386,1285,Dynów,DYNOW,Dynow,Dynów,Dynów,Dynów
406,-1942832,1287,Koidanovo,DZERZHINSK (I),Dzyarzhynsk,Koidanovo,Koidanovo,Dzerzhinsk
407,-1038441,1288,Shcherbinovka,DZERZHINSK (II),Toretsk,Shcherbinovka,Shcherbinovka,Dzerzhinsk
408,-1038462,1289,Dzhankoi,DZHANKOY,Dzhankoy,Dzhankoy,Dzhankoy,Dzhankoy
409,-500435,1291,Działoszyn,DZIALOSHYN,Dzialoszyn,Działoszyn,Działoszyn,Działoszyn
410,-500433,1292,Działoszyce,DZIALOSZYCE,Dzialoszyce,Działoszyce,Działoszyce,Działoszyce
2714,-498198,1293,Czechowice Dziedzice,DZIEDZICE,Czechowice Dziedzice,"Czechowitz, Dziedzitz","Czechowice, Dziedzice","Czechowice, Dziedzice"
411,-500650,1295,Dzików Stary,DZIKOW STARY,Dzikow Stary,Dzików Stary,Dzików Stary,Dzików Stary
412,-1942410,1296,Disna,DZISNA,Disna,Disna,Dzisna,Disna
413,-1038512,1298,Dziunkov,DZIUNKOV,Dzyun'kiv,Dzyun'kov,Dzyun'kov,Dzyun'kov
414,-1038486,1299,Dzhurin,DZURIN,Dzhurin,Dzhurin,Dzhurin,Dzhurin
415,-1038490,1300,Dżurków,DZURKOW,Dzhurkiv,Dżurków,Dżurków,Dzhurkov
416,-1038501,1302,Dźwinogród,DZWINOGROD,Zvenyhorod,Dźwinogród,Dźwinogród,Dzvinogrud
417,-1038508,1303,Dzygovka,DZYGOVKA,Dzyhivka,Dzygovka,Dzygovka,Dzygovka
418,-2277636,1317,Edintsy,EDINETI,Edinet,Yedintsy,Edineţi,Yedintsy
419,-3208212,1321,Ialovka,EGLAINE,Eglaine,Yalovka,Eglaine,Eglaine
420,-2614123,1339,Eishishki,EJSZYSZKI,Eisiskes,Eishishki,Ejszyszki,Eišiškės
421,-500718,1340,Elbing,ELBING,Elblag,Elbing,Elbing,Elbląg
422,-3040811,1349,Ielnia,ELNIA,Yel'nya,El’nia,El’nia,Yel’nya
423,-1059712,1355,Emilchik,EMILCHINO,Yemilchyne,Emilchin,Emilchino,Yemil'chino
424,-2614152,1392,Erzhvilki,ERZVILKAS,Erzvilkas,Erzhvilki,Eržvilkas,Eržvilkas
425,-2898152,1410,Eydtkuhnen,EYDTKUHNEN,Chernyshevskoye,Eydtkuhnen,Eydtkuhnen,Chernyshevskoye
426,-500824,1415,Falenica,FALENICA,Falenica,Falenica,Falenica,Falenica
427,-2276308,1416,Foleshty,FALESTI,Falesti,Foleshty,Făleşti,Foleshty
428,-539842,1418,Falkenburg,FALKENBURG,Zlocieniec,Falkenburg,Falkenburg,Złocieniec
429,-1038548,1426,Fastov,FASTOW,Fastiv,Fastov,Fastov,Fastov
430,-1040024,1436,Felshtin,FELSHTIN,Hvardis'ke,Felshtin,Felshtin,Gvardeyskoye
431,-1054163,1440,Felsztyn,FELSZTYN,Skelevka,Felsztyn,Felsztyn,Skelevka
2760,-533708,1447,Twardogora,FESTENBERG,Twardogora,Festenberg,Festenberg,Twardogóra
432,-500899,1453,Filipovo,FILIPOW,Filipow,Filipów,Filipów,Filipów
433,-500910,1454,Firlej,FIRLEJ,Firlej,Firlej,Firlej,Firlej
434,-539908,1459,Flatow,FLATOW,Zlotow,Flatow,Flatow,Złotów
435,-500955,1475,Fordon,FORDON,Fordon,Fordon,Fordon,Fordon
436,-1043042,1482,Frampol,FRAMPOL,Kosohirka,Frampol,,Kosogorka
2734,-537777,1485,Zabkowice Slaskie,FRANKENSTEIN,Zabkowice Slaskie,Frankenstein,Frankenstein,Ząbkowice Śląskie
2610,-1159506,1492,Frasin,FRASIN,Frasin,Frassin,Frasin,Frasin
437,-537187,1495,Fraustadt,FRAUSTADT,Wschowa,Fraustadt,Fraustadt,Wschowa
438,-1048651,1496,Fraidorf,FRAYDORF (I),Novoselivs'ke,Fraydorf,Fraydorf,Novosëlovskoye
439,-496924,1503,Freienwalde,FREIENWALDE,Chociwel,Freienwalde,Freienwalde,Chociwel
440,-507757,1511,Freystadt,FREYSTADT,Kisielice,Freystadt,Freystadt,Kisielice
441,-2987502,1515,Friedland,FRIEDLAND,Pravdinsk,Friedland,Friedland,Pravdinsk
442,-1038725,1526,Zakharevka,FRUNZOVKA,Zakharivka,Zakharovka,Frunzovka,Frunzovka
443,-501016,1528,Frysztak,FRYSZTAK,Frysztak,Frysztak,Frysztak,Frysztak
444,-501045,1540,Gats-Sokolia צ Lonka,GACH,Gac,Gać,Gać,Gać
445,-1038898,1546,Gaivoron,GAIVORON,Hayvoron,Gaivoron,Gaivoron,Gaivoron
446,-501220,1555,Garbatka,GARBATKA,Garbatka,Garbatka,Garbatka,Garbatka
447,-2614231,1557,Gorzhdy,GARGZDAI,Gargzdai,Gordzh,Gargždai,Gargždai
448,-2614233,1559,Godlevo,GARLIAVA,Garliava,Godlewo,Garliava,Garliava
449,-1774259,1560,Gartz,GARTZ AN DER ODER,Gartz,Gartz,Gartz an der Oder,Gartz
450,-501293,1561,Garwolin,GARWOLIN,Garwolin,Garwolin,Garwolin,Garwolin
451,-1038895,1569,Gaisin,GAYSIN,Haysyn,Gaysin,Gaysin,Gaysin
452,-501400,1571,Danzig,GDANSK,Gdansk,Danzig,Danzig,Gdańsk
453,-2908393,1572,Gdov,GDOV,Gdov,Gdov,Gdov,Gdov
454,-501412,1573,Gdów,GDOW,Gdow,Gdów,Gdów,Gdów
455,-501414,1574,Gdingen,GDYNIA,Gdynia,Gdingen,Gdynia,Gdynia
456,-2614335,1588,Gelvani,GELVONAI,Gelvonai,Gelvany,Gelvonai,Gelvonai
457,-1038918,1598,Genichesk,GENICHESK,Henichesk,Genichesk,Genichesk,Genichesk
458,-1043535,1607,Germanovka,GERMANOWKA,Hermanivka,Germanovka,Germanovka,Krasnoye-2
459,-501466,1624,Gidle,GIDLE,Gidle,Gidle,Gidle,Gidle
460,-2614386,1626,Gedroitsy,GIEDRAICIAI,Giedraiciai,Gedroitsy,Giedraičiai,Giedraičiai
461,-501494,1627,Gielniów,GIELNIOW,Gielniow,Gielniów,Gielniów,Gielniów
462,-498918,1630,Gilgenburg,GILGENBURG,Dabrowno,Gilgenburg,Gilgenburg,Dąbrówno
463,-2614469,1635,Girtakol,GIRKALNIS,Girkalnis,Girtakol,Girkalnis,Girkalnis
2730,-508027,1640,Klodzko,GLATZ,Klodzko,Glatz,Glatz,Kłodzko
2722,-501777,1644,Gliwice,GLEIWITZ,Gliwice,Gleiwitz,Gleiwitz,Gliwice
464,-1039042,1646,Gliniany,GLINIANY,Hlyniany,Gliniany,Gliniany,Glinyany
465,-1039024,1648,Glinki,GLINKI,Hlynky,Glinki,Glinki,Glinki
466,-1039037,1650,Glińsko,GLINSKO,Hlynsk,Glińsko,Glińsko,Glinskoye
2764,-501806,1652,Glogow,GLOGAU,Glogow,Glogau,Glogau,Głogów
467,-501819,1653,Głogów,GLOGOW,Glogow Malopolski,Głogów,Głogów,Głogów Małopolski
468,-501834,1654,Głowaczów,GLOWACZOW,Glowaczow,Głowaczów,Głowaczów,Głowaczów
469,-501857,1655,Głowno,GLOWNO,Glowno,Głowno,Głowno,Głowno
470,-1040039,1656,Glukhov,GLUKHOV,Hlukhiv,Glukhov,Glukhov,Glukhov
471,-501903,1658,Głusk,GLUSK,Glusk,Głusk,Głusk,Głusk
472,-1943079,1659,Glusk,GLUSSK,Hlusk,Glusk,Glusk,Glusk
473,-501963,1661,Gniewoszów,GNIEWOSZOW,Gniewoszow,Gniewoszów,Gniewoszów,Gniewoszów
474,-501970,1662,Gnesen,GNIEZNO,Gniezno,Gnesen,Gniezno,Gniezno
475,-1039133,1663,Gnivan,GNIVAN,Hnivan,Gnivan',Gnivan',Gnivan'
2753,-1777715,1672,Gorlitz,GOERLITZ,Gorlitz,Görlitz,Görlitz,Görlitz
476,-502119,1674,Gollantsch,GOLANCZ,Golancz,Gollantsch,Gołańcz,Gołańcz
477,-1039164,1675,Golaia pristan,GOLAYA PRISTAN,Hola Prystan',Golaya Pristan’,Golaya Pristan’,Golaya Pristan’
478,-502167,1677,Goldap,GOLDAP,Goldap,Goldap,Goldap,Gołdap
479,-502233,1679,Golina,GOLINA,Golina,Golina,Golina,Golina
480,-502211,1680,Gollnow,GOLLNOW,Goleniow,Gollnow,Gollnow,Goleniów
481,-1039192,1681,Gołogóry,GOLOGORY,Holohory,Gołogóry,Gołogóry,Gologory
482,-1039208,1682,Goloskov,GOLOSKOV,Holoskove,Goloskovo,Goloskov,Goloskov
483,-1039211,1683,Golovanevsk,GOLOVANEVSK,Holovanivsk,Golovanevsk,Golovanevsk,Golovanevsk
484,-1943134,1684,Golovchin,GOLOVCHIN,Golovchin,Golovchin,Golovchin,Golovchin
485,-502272,1685,Golub / Dobrzyń,GOLUB-DOBRZYN,Golub Dobrzyn,Golub / Dobrzyń,Golub / Dobrzyń nad Drwęcą,Golub-Dobrzyń
486,-2913313,1687,Gumbinnen,GOMBIN,Gusev,Gumbinnen,Gumbinnen,Gusev
487,-1943559,1688,Gomel,GOMEL (I),Homyel,Gomel,Gomel,Gomel
488,-502306,1692,Goniondz,GONIONDZ,Goniadz,Gonyendz,Goniądz,Goniądz
489,-502348,1694,Goraj,GORAJ,Goraj,Goraj,Goraj,Goraj
490,-502357,1695,Góra Kalwaria,GORA KALWARIA,Gora Kalwaria,Góra Kalwaria,Góra Kalwaria,Góra Kalwaria
491,,1696,Gora Wisniowa,GORA WISNIOWA,Kolonia Izaaka,Kolonia Izaaka,Kolonia Izaaka,
492,-1047425,1700,Gorkaia,GORKAYA,Nazarovicheva,Gorkaya,Gorkaya,Nazarovicheva
493,-1943561,1701,Gorki,GORKI,Horki,Gorki,Gorki,Gorki
494,-502493,1702,Gorlice,GORLICE,Gorlice,Gorlice,Gorlice,Gorlice
495,-1040044,1703,Gorlovka,GORLOVKA,Horlivka,Gorlovka,Gorlovka,Gorlovka
496,-1039397,1705,Gornostaipol,GORNOSTIPOL,Hornostaipil,Gornostaypol,Gornostaypol,Gornostaypol
497,-1946198,1706,Gorodets,GORODETS,Merkulovichi,Gorodets,Gorodets,Merkulovichi
498,-1943311,1707,Gorodok,GORODOK (I),Haradok,Gorodok,Gorodok,Gorodok
499,-1040045,1708,Gorodok,GORODOK (II),Horodok,Gorodok,Gorodok,Gorodok
500,-1039430,1709,Gorodishche,GORODYSHCHE,Horodyshche,Gorodishche,Gorodyshche,Gorodishche
501,-1943333,1711,Gorval,GORVAL,Horval,Gorval,Gorval,Gorval
502,-1943335,1712,Gory,GORY,Gory,Gory,Gory,Gory
503,-502638,1713,Gorzków,GORZKOW,Gorzkow,Gorzków,Gorzków,Gorzków
504,-3208533,1716,Glazmanka,GOSTINI,Gostini,Glazmanka,Gostiņi,Gostiņi
505,-1039545,1717,Gostomel,GOSTOMYL,Hostomel,Gostomel',Gostomel',Gostomel'
506,-502790,1718,Gostynin,GOSTYNIN,Gostynin,Gostynin,Gostynin,Gostynin
507,-502809,1719,Goszczyn,GOSZCZYN,Goszczyn,Goszczyn,Goszczyn,Goszczyn
508,-502823,1722,Gowarczów,GOWARCHOW,Gowarczow,Gowarczów,Gowarczów,Gowarczów
509,-502836,1723,Govorovo,GOWOROWO,Goworowo,Goworowo,Goworowo,Goworowo
510,-502639,1724,Gorzkowice,GOZHKOWICE,Gorzkowice,Gorzkowice,Gorzkowice,Gorzkowice
511,-502999,1726,Grabów,GRABOW,Grabow,Grabów,Grabów,Grabów
512,-1039563,1727,Grabowiec,GRABOWIEC (I),Hrabovets,Grabowiec,Grabowiec,Grabovets
513,-503028,1728,Grabowiec,GRABOWIEC (II),Grabowiec,Grabowiec,Grabowiec,Grabowiec
514,-503067,1729,Grabow,GRABOW NAD PROSNA,Grabow Nad Prosna,Grabow,Grabów nad Prosną,Grabów nad Prosną
515,-1039586,1730,Gradizhsk,GRADIZHSK,Hradyzk,Gradizhsk,Gradizhsk,Gradizhsk
516,-503182,1732,Graevo,GRAJEWO,Grajewo,Grajewo,Grajewo,Grajewo
517,-503195,1733,Granica,GRANICA (I),Granica,Granica,Granica,Granica
518,-1039604,1735,Granov,GRANOV,Hraniv,Granov,Granov,Granov
519,-1039617,1739,Grebenki,GREBENKI,Hrebinky,Grebenki,Grebenki,Grebenki
2678,-503594,1741,Gryfice,GREIFENBERG,Gryfice,Greifenberg,Greifenberg,Gryfice
520,-503595,1742,Greifenhagen,GREIFENHAGEN,Gryfino,Greifenhagen,Greifenhagen,Gryfino
2681,-1778917,1743,Greifswald,GREIFSWALD,Greifswald,Greifswald,Greifswald,Greifswald
521,-503254,1744,Grembow,GREMBOW,,,,
522,-1943387,1747,Gresk,GRESK,Gresk,Gresk,Gresk,Gresk
523,-2276420,1751,Grigoriopol,GRIGORIOPOL,Grigoriopol,Grigoriopol,Grigoriopol,Grigoriopol
524,-2614598,1753,Grinkishki,GRINKISKIS,Grinkiskis,Grinkishki,Grinkiškis,Grinkiškis
525,-2614600,1754,Grishkobuda,GRISKABUDIS,Griskabudis,Gryszkabuda,Griškabūdis,Griškabūdis
526,-1039744,1755,Gritsev,GRITSEV,Hritsiv,Gritsev,Gritsev,Gritsev
527,-3208597,1756,Griva,GRIVA,Griva,Griva,Grīva,Grīva
528,-3208605,1757,Grobin,GROBINA,Grobina,Grobin,Grobiņa,Grobiņa
529,-1039483,1758,Gródek,GRODEK JAGIELLONSKI,Horodok,Gródek,Gródek Jagielloński,Gorodok
530,-503535,1759,Gorodok,GRODEK SOKOLSKI,Grodek,Gródek,Gródek,Gródek
531,-1943310,1760,Gorodok,GRODEK WILENSKI,Haradok,Gródek,Gródek,Gorodok
532,-1943562,1761,Grodno,GRODNO,Hrodna,Grodno,Grodno,Grodno
533,-503386,1763,Grodziec,GRODZIEC,Grodziec,Grodziec,Grodziec,Grodziec
534,-503407,1764,Grodzisk,GRODZISK,Grodzisk Mazowiecki,Grodzisk,Grodzisk Mazowiecki,Grodzisk Mazowiecki
535,-503428,1766,Grätz,GRODZISK WIELKOPOLSKI,Grodzisk Wielkopolski,Grätz,Grodzisk Wielkopolski,Grodzisk Wielkopolski
536,-503449,1769,Grójec,GROJEC,Grojec,Grójec,Grójec,Grójec
537,-503292,1770,Grocholice,GROKHOLICE,Grocholice,Grocholice,Grocholice,Grocholice
538,-503472,1772,Gromnik,GROMNIK,Gromnik,Gromnik,Gromnik,Gromnik
539,-1042435,1773,Gromokleia,GROMOKLEYA,Koloniya Gromokley,Gromokley,Gromokley,Koloniya Gromokley
540,-219456,1782,Gross-Kackschen,GROSS-KACKSCHEN,,,,
2733,-530753,1789,Strzelce Opolskie,GROSS-STREHLITZ,Strzelce Opolskie,Groß Strehlitz,Groß Strehlitz,Strzelce Opolskie
541,-1057823,1790,Grossulovo,GROSSULOVO,Velyka Mykhaylivka,Grosulovo,Grosulovo,Velikaya Mikhaylovka
2759,-531689,1792,Sycow,GROSS WARTENBERG,Sycow,Gross Wartenberg,Gross Wartenberg,Syców
2737,-503349,1794,Grodkow,GROTTKAU,Grodkow,Grottkau,Grottkau,Grodków
542,-1943445,1795,Grozov,GROZOVO,Grozovo,Grozovo,Grozovo,Grozovo
543,-503551,1796,Graudenz,GRUDZIONDZ,Grudziadz,Graudenz,Grudziądz,Grudziądz
2767,-539726,1797,Zielona Gora,GRUENBERG,Zielona Gora,Grünberg,Grünberg,Zielona Góra
544,-2614618,1801,Grudzi,GRUZDZIAI,Gruzdziai,Gruzdi,Gruzdžiai,Gruzdžiai
545,-503592,1802,Grybów,GRYBOW,Grybow,Grybów,Grybów,Grybów
546,-1039714,1803,Grzymałów,GRZYMALOW,Hrymayliv,Grzymałów,Grzymałów,Grimaylov
547,-2614649,1805,Gudele,GUDELIAI,Gudeliai,Gudele,Gudeliai,Gudeliai
548,-502163,1808,Gülzow,GUELZOW,Golczewo,Gülzow,Gülzow,Golczewo
2765,-502328,1813,Gora,GUHRAU,Gora,Guhrau,Guhrau,Góra
549,-1039899,1815,Guliai-Pole,GULAY POLE,Hulyaypole,Gulyay Pole,Gulay Pole,Gulyay Pole
550,-3208630,1816,Gulbene,GULBENE,Gulbene,Shvaneburg,Gulbene,Gulbene
551,-2913313,1819,Gumbinnen,GUMBINNEN,Gusev,Gumbinnen,Gumbinnen,Gusev
2603,-1160946,1824,Gura Humorului,GURA-HUMORULUI,Gura Humorului,Gurahumora,Gura-Humorului,Gura Humorului
2662,-1057268,1825,Ust' Putyla,GUR-PUTILEI,Ust' Putyla,Uście Putilla,Gura Putilei,Ust'-Putila
552,-2913430,1827,Gusino,GUSINO,Gusino,Gusino,Gusino,Gusino
2739,-499618,1831,Dobrodzien,GUTTENTAG,Dobrodzien,Guttentag,Guttentag,Dobrodzień
553,-499604,1832,Guttstadt,GUTTSTADT,Dobre Miasto,Guttstadt,Guttstadt,Dobre Miasto
554,-1040028,1834,Gwoździec,GWOZDZIEC,Hvizdets,Gwoździec,Gwoździec,Gvozdets
555,-2907579,1848,Gzhatsk,GZHATSK,Gagarin,Gzhatsk,Gzhatsk,Gzhatsk
556,-503896,1877,Gainovka,HAJNOWKA,Hajnowka,Hajnówka,Hajnówka,Hajnówka
557,-1038762,1879,Halicz,HALICZ,Halych,Halicz,Halicz,Galich
558,-498027,1894,Hammerstein,HAMMERSTEIN,Czarne,Hammerstein,Hammerstein,Czarne
2758,-497008,1926,Chojnow,HAYNAU,Chojnow,Haynau,Haynau,Chojnów
559,-513377,1942,Heilsberg,HEILSBERG,Lidzbark Warminski,Heilsberg,Heilsberg,Lidzbark Warmiński
560,-1942992,1965,Germanoviche,HERMANOVICZE,Germanovichi,Germanoviche,Hermanowicze,Germanovichi
2726,-537912,1993,Zabrze,HINDENBURG,Zabrze,Zabrze,Hindenburg,Zabrze
2745,-505724,1996,Jelenia Gora,HIRSCHBERG IM RIESENGEBIRGE,Jelenia Gora,Hirschberg im Riesengebirge,Hirschberg im Riesengebirge,Jelenia Góra
2648,-1039018,1999,Hlynytsia,HLINITA,Hlynytsia,Hlinitza,Hliniţa,Glinitsa
561,-1057595,2002,Velikaia Glusha,HLUSZA WIELKA,Velyka Hlusha,Glusha,Wielka Hłusza,Velikaya Glusha
562,-1039103,2003,Hnizdyczów,HNIZDYCZOW,Hnizdychiv,Hnizdyczów,Hnizdyczów,Gnezdychev
563,-2612505,2015,Godutishki s kazenoi usadboi,HODUCISZKI,Adutiskis,Godutishki,Hoduciszki,Adutiškis
564,-519862,2035,Hohenstein,HOHENSTEIN,Olsztynek,Hohenstein,Hohenstein,Olsztynek
565,-1943121,2040,Golobudy,HOLOBUDY,Golobudy,Golobudy,Hołobudy,Golobudy
566,-1039183,2041,Goloby,HOLOBY,Holoby,Goloby,Hołoby,Goloby
567,-1943149,2042,Olshany,HOLSZANY,Halshany,Golshany,Holszany,Gol'shany
568,-1943152,2043,Golubiche,HOLUBICZE,Halubichy,Golubiche,Hołubicze,Golubichi
569,-1039281,2045,Hołyń,HOLYN,Holyn,Hołyń,Hołyń,Golyn'
570,-1943171,2046,Golynka,HOLYNKA,Halynka,Golynka,Hołynka,Golynka
571,-1039500,2075,Gorokhov,HOROCHOW,Horokhiv,Gorokhov,Horochów,Gorokhov
572,-1943267,2076,Gorodets,HORODEC,Haradzets,Gorodets,Horodec,Gorodets
573,-1039416,2078,Horodenka,HORODENKA,Horodenka,Horodenka,Horodenka,Gorodënka
574,-504128,2079,Horodło,HORODLO,Horodlo,Horodło,Horodło,Horodło
575,-1039476,2080,Gorodnia,HORODNIA,Horodnya,Gorodnya,Gorodnya,Gorodnya
576,-1039472,2081,Gorodnitsa,HORODNITSA,Horodnytsya,Gorodnitsa,Gorodnitsa,Gorodnitsa
577,-1943300,2082,Gorodno,HORODNO,Haradnaja,Gorodno,Horodno,Gorodno
578,-1943291,2083,Gorodishche,HORODYSZCZE,Haradzishcha,Gorodishche,Horodyszcze,Gorodishche
579,-1039533,2089,Goringrod,HORYNGRAD-KRUPA,Horynhrad,Goryngrad,Horyńgród,Goryn'grad
580,-504138,2090,Horyniec,HORYNIEC,Horyniec,Horyniec,Horyniec,Horyniec
581,-1039539,2093,Goshcha,HOSZCZA,Hoshcha,Goshcha,Hoszcza,Goshcha
582,-1041561,2094,Khotin,HOTIN,Khotyn,Khotin,Hotin,Khotin
583,-504158,2100,Hrubieszów,HRUBIESZOW,Hrubieszow,Hrubieszów,Hrubieszów,Hrubieszów
584,-844525,2102,Hruszow,HRUSZOW,,,,
585,,2103,Huczko,HUCZKO,Kolonia Izaaka,Kolonia Izaaka,Kolonia Izaaka,
586,-1039887,2114,Gulevichev,HULEWICZE,Hulivka,Gulevichi,Hulewicze,Gulevichi
587,-1039957,2122,Husiatyń,HUSIATYN,Husyatyn,Husiatyń,Husiatyń,Gusyatin
588,-1039939,2123,Husaków,HUSSAKOW,Husakiv,Husaków,Hussaków,Gusakov
2661,-1059226,2126,Yablunytsya,IABLONITA,Yablunytsya,Jablonitza,Iablonița,Yablonitsa
589,-1040053,2132,Ichnia,ICHNIA,Ichnia,Ichnya,Ichnya,Ichnya
590,-2614742,2144,Ignalino,IGNALIN,Ignalina,Ignalino,Ignalino,Ignalina
591,-1054031,2145,Ignatovka,IGNATOWKA,Ignatovka,Ignatovka,Ignatówka,Ignatovka
592,-2914421,2150,Ilino,ILINO,Il'ino,Il’ino,Il’ino,Il’ino
593,-1040102,2151,Ilintsy,ILINTSY,Illintsi,Ilintsy,Ilinsty,Il'intsy
2604,-1161822,2152,Ilisesti,ILISESTI,Ilisesti,Illischestie,Ilişeşti,Ilişeşti
594,-1943589,2153,Iliia,ILJA,Ilya,Ilia,Ilja,Il'ya
595,,2159,Ilnik,ILNIK,Kolonia Izaaka,Kolonia Izaaka,Kolonia Izaaka,
596,-3208716,2162,Illukst,ILUKSTE,Ilukste,Illukst,Ilūkste,Ilūkste
597,,2163,Iluw,ILUW,Kolonia Izaaka,Kolonia Izaaka,Kolonia Izaaka,
598,-504428,2167,Iłża,ILZA,Ilza,Iłża,Iłża,Iłża
599,-2915671,2171,Indura,INDURA,Indura,Indura,Indura,Indura
600,-1040197,2175,Ingulets,INGULETS,Inhulets,Ingulets,Ingulets,Ingulets
601,-504451,2178,Inowłódz,INOWLODZ,Inowlodz,Inowłódz,Inowłódz,Inowłódz
602,-504453,2179,Inowrazlaw,INOWROCLAW,Inowroclaw,Inowrazlaw,Inowrocław,Inowrocław
603,-2898062,2180,Insterburg,INSTERBURG,Chernyakhovsk,Insterburg,Insterburg,Chernyakhovsk
604,-2614776,2181,Inturki,INTURKE,Inturke,Inturki,Inturkė,Anturke
2638,,2182,Iordanesti,IORDANESTI,Kolonia Izaaka,Kolonia Izaaka,Kolonia Izaaka,
605,-1040491,2191,Izmail,ISMAIL,Izmayil,Izmail,Ismail,Izmail
2657,,2193,Ispas,ISPAS,Kolonia Izaaka,Kolonia Izaaka,Kolonia Izaaka,
606,-1040309,2198,Ivankov,IVANKOV,Ivankov,Ivankov,Ivankov,Ivankov
607,-1040476,2201,Ivnitsa,IVNITSA,Ivnytsia,Ivnitsa,Ivnitsa,Ivnitsa
608,-1943638,2202,Ivaniki,IWANIKI,Ivaniki,Ivaniki,Iwaniki,Ivaniki
609,-504472,2203,Iwaniska,IWANISKA,Iwaniska,Iwaniska,Iwaniska,Iwaniska
610,-1943669,2204,Ivenets,IWIENIEC,Ivyanets,Ivenets,Iwieniec,Ivenets
611,-1943674,2205,Ive,IWJE,Iwye,Ivye,Iwje,Ivye
612,-1943675,2206,Izabelin,IZABELIN,Izabelin,Izabelin,Izabelin,Izabelin
613,-504515,2207,Izbica,IZBICA,Izbica,Izbica,Izbica,Izbica
614,-504518,2208,Izbica,IZBICA KUJAWSKA,Izbica Kujawska,Izbica,Izbica,Izbica Kujawska
615,-1040507,2210,Izium,IZIUM,Izyum,Izium,Izium,Izium
616,-9235470,2213,Izrailevka,IZRAILOVKA (I),,,,
617,-1040496,2214,Izrailovka,IZRAILOVKA (II),Izrailovka,Izrailovka,Izrailovka,Izrailovka
618,-1040503,2216,Zaslavl,IZYASLAV,Izyaslav,Zaslav,Izyaslav,Izyaslav
619,-504571,2219,Iablonka,JABLONKA KOSCIELNA,Jablonka,Jabłonka,Jabłonka Kościelna,Jabłonka
620,-504592,2221,Jabłonna,JABLONNA,Jablonna,Jabłonna,Jabłonna,Jabłonna
621,-1059239,2222,Jabłonów,JABLONOW (I),Yabluniv,Jabłonów,Jabłonów,Yablonov
622,-1059240,2223,Jabłonów,JABLONOW (II),Yabluniv,Jabłonów,Jabłonów,Yablonov
2644,-1060613,2225,Zhadova,JADOVA,Zhadova,Zadowa,Jadova,Zhadova
623,-504667,2226,Jadów,JADOW,Jadow,Jadów,Jadów,Jadów
624,-1059262,2227,Jagielnica,JAGIELNICA,Yahilnytsya,Jagielnica,Jagielnica,Yagielnitsa
625,-504803,2229,Ialovka,JALOWKA,Jalowka,Yaluvka,Jałówka,Jałówka
626,-1061265,2235,Janów,JANOW (I),Ivano Frankove,Janów,Janów,Ivano-Frankovo
627,-1038001,2236,Janów,JANOW (II),Dolyna,Janów,Janów,Dolina
628,-505100,2237,Janów Lubelski,JANOW (III),Janow Lubelski,Janów Lubelski,Janów Lubelski,Janów Lubelski
629,-1943656,2239,Ivanovo,JANOW POLESKI,Ivanava,Ivanovo,Janów,Ivanovo
630,-505021,2240,Ianov,JANOW SOKOLSKI,Janow Sokolski,Yanuv,Janów,Janów
631,-505080,2241,Janowitz,JANOWIEC (I),Janowiec Wielkopolski,Janowitz,Janowiec Wieś,Janowiec Wielkopolski
632,-505075,2242,Janowiec,JANOWIEC (II),Janowiec,Janowiec,Janowiec,Janowiec
633,-505175,2243,Jarczów,JARCZOW,Jarczow,Jarczów,Jarczów,Jarczów
634,-505200,2245,Jarotschin,JAROCIN,Jarocin,Jarotschin,Jarocin,Jarocin
635,-505210,2246,Jarosław,JAROSLAW,Jaroslaw,Jarosław,Jarosław,Jarosław
636,-1048978,2247,Jaryczów Nowy,JARYCZOW NOWY,Novyy Yarychiv,Jaryczów Nowy,Jaryczów Nowy,Novyy Yarychev
637,-505302,2248,Jasienica,JASIENICA ROSIELNA,Jasienica Rosielna,Jasienica,Jasienica,Jasienica Rosielna
638,-1059487,2249,Jasienów Polny,JASIENOW POLNY,Yaseniv Pilnyy,Jasienów Polny,Jasienów Polny,Yasenev-Pol’nyy
639,-505388,2252,Jaśliska,JASLISKA,Jasliska,Jaśliska,Jaśliska,Jaśliska
640,-505390,2253,Jasło,JASLO,Jaslo,Jasło,Jasło,Jasło
641,-1059524,2254,Iasnogorodka,JASNOGORODKA,Yasnohorodka,Yasnogorodka,Yasnogorodka,Yasnogorodka
642,-505405,2255,Jastrow,JASTROW,Jastrowie,Jastrow,Jastrow,Jastrowie
2748,-505516,2264,Jawor,JAUER,Jawor,Jauer,Jauer,Jawor
643,-3208906,2265,Fridrikhshtadt,JAUNIJELGAVA,Jaunjelgava,Fridrikhshtat,Jaunjelgava,Jaunjelgava
644,,2267,Jawornik Ruski,JAWORNIK RUSKI,Kolonia Izaaka,Kolonia Izaaka,Kolonia Izaaka,
645,-505580,2269,Jaworzno,JAWORZNO,Jaworzno,Jaworzno,Jaworzno,Jaworzno
646,-1051255,2270,Jazłowiec,JAZLOWIEC,Yazlovets,Jazłowiec,Jazłowiec,Yazlovets
647,-505641,2271,Jedlicze,JEDLICZE,Jedlicze,Jedlicze,Jedlicze,Jedlicze
648,-505648,2272,Jedlińsk,JEDLINSK,Jedlinsk,Jedlińsk,Jedlińsk,Jedlińsk
649,-3209027,2275,Iakobshtadt,JEKABPILS,Jekabpils,Iakobshtadt,Jēkabpils,Jēkabpils
650,-505734,2276,Elenovo,JELENIEWO,Jeleniewo,Jeleniewo,Jeleniewo,Jeleniewo
651,-505669,2282,Jędrzejów,JENDRZEJOW,Jedrzejow,Jędrzejów,Jędrzejów,Jędrzejów
652,-1947606,2289,Ozernitsa,JEZIERNICA,Aziarnica,Ozernitsa,Jeziornica,Ozernitsa
653,-1059772,2290,Jezierzanka,JEZIERZANKA,Yezezhanka,Jezierzanka,Jezierzanka,Yezezhanka
654,-1049754,2292,Ozeriany,JEZIEZANY,Ozeryany,Ozeryany,Jezierzany,Ozeryany
655,-505898,2293,Jeziorna Królewska,JEZIORNA KROLEWSKA,Jeziorna Krolewska,Jeziorna Królewska,Jeziorna Królewska,Jeziorna Królewska
656,-1947619,2294,Ozery,JEZIORY,Ozery,Ozery,Jeziory,Ozery
657,-505930,2295,Jeżów,JEZOW,Jezow,Jeżów,Jeżów,Jeżów
658,-505933,2296,Jeżowe,JEZOWE,Jezowe,Jeżowe,Jeżowe,Jeżowe
659,-1060782,2297,Jezupol,JEZUPOL,Yezupil',Jezupol,Jezupol,Zhovten'
660,-2614887,2301,Ezno,JIEZNAS,Jieznas,Ezno,Jieznas,Jieznas
661,-505957,2305,Jodłowa,JODLOWA,Jodlowa,Jodłowa,Jodłowa,Jodłowa
662,,2308,Johannisburg,JOHANNISBURG,Kolonia Izaaka,Kolonia Izaaka,Kolonia Izaaka,
663,-2614923,2309,Ianovo,JONAVA,Jonava,Ianovo,Jonava,Jonava
664,-2614938,2310,Ioganishkeli,JONISKELIS,Joniskelis,Ioganishkeli,Joniškėlis,Joniškėlis
665,-2614945,2312,Ianishki,JONISKIS (II),Joniskis,Yonishki,Joniškis,Joniškis
666,-505983,2313,Jordanów,JORDANOW,Jordanow,Jordanów,Jordanów,Jordanów
667,-506025,2314,Józefów,JOSEFOW NAD WISLA,Jozefow Nad Wisla,Józefów,Józefów,Józefów
668,-2614954,2315,Iasvoini,JOSVAINIAI,Josvainiai,Iasvoĭni,Josvainiai,Josvainiai
669,-506020,2318,Józefów,JOZEFOW,Jozefow,Józefów,Józefów,Józefów
670,-2615086,2324,Iurburg,JURBARKAS,Jurbarkas,Jurbarkas,Jurbarkas,Jurbarkas
671,-2918359,2328,Kadino,KADINO,Kadino,Kadino,Kadino,Kadino
672,-506327,2329,Kadzidlo-Koloniia,KADZIDLO,Kadzidlo,Kadzidło,Kadzidło,Kadzidło
673,-1051133,2330,Khabno,KAGANOVICHI-KHABNOYE,Polesskoye,Khabno,Kaganovichi-Khabnoye,Polesskoye
674,-1040548,2331,Kagarlyk,KAGAROLIK,Kaharlyk,Kagarlyk,Kagarlyk,Kagarlyk
675,-1040555,2332,Kakhovka,KAHOVKA,Kakhovka,Kakhovka,Kakhovka,Kakhovka
676,-2615174,2336,Koshedary,KAISIADORYS,Kaisiadorys,Koshedary,Kaišiadorys,Kaišiadorys
677,-1040609,2341,Bolshaia Seidemenukha,KALININDORF (II),Kalininskoye,Bol'shaya Seydeminukha,Kalinindorf,Kalininskoye
678,-1943716,2342,Kalenkovichi,KALINKOVICHI,Kalinkavichy,Kalinkovichi,Kalinkovichi,Kalinkovichi
679,-1040644,2343,Kalinovka,KALINOVKA,Kalynivka,Kalinovka,Kalinovka,Kalinovka
680,-506479,2345,Kalisz,KALISZ,Kalisz,Kalisz,Kalisz,Kalisz
681,-506479,2348,Kalisz,KALLIES,Kalisz,Kalisz,Kalisz,Kalisz
682,-1040689,2350,Kalnibolot,KALNIBOLOTA,Kalnybolota,Kalnibolot,Kalnibolota,Kalnibolota
683,-2615229,2353,Koltyniany,KALTINENAI,Kaltinenai,Koltynyany,Kaltinėnai,Kaltinėnai
684,-1040706,2355,Kalius,KALUS,Kalyus,Kalus,Kalus,Kalyus
685,,2356,Kaluska Wola,KALUSKA WOLA,Kolonia Izaaka,Kolonia Izaaka,Kolonia Izaaka,
686,-1040700,2357,Kałusz,KALUSZ,Kalush,Kałusz,Kałusz,Kalush
687,-2615230,2359,Kalvariia,KALVARIJA,Kalvarija,Kalwaria,Kalvarija,Kalvarija
689,-2615249,2361,Komai,KAMAJAI,Kamajai,Komai,Kamajai,Kamajai
690,-1943753,2362,Kamen,KAMEN (I),Kamen',Kamen',Kamen',Kamen'
691,-1040849,2364,Kamenets-Podolsk,KAMENETS-PODOLSKI,Kamyanets Podilskyy,Kamenets Podolskiy,Kamenets Podolskiy,Kamenets Podolskiy
692,-2276196,2365,Kamenka,KAMENKA (I),Camenca,Kamenka,Kamenka,Kamenka
693,-1040747,2366,Kamenka,KAMENKA (II),Kamyanka,Kamenka,Kamenka,Kamenka
694,-1040807,2368,Kamennyi Brod,KAMENNI-BROD,Kamyanyi Brid,Kamennyy Brod,Kamenni-Brod,Kamennyy Brod
695,-506552,2370,Kamień,KAMIEN,Kamien,Kamień,Kamień,Kamień
696,-506582,2371,Kamieńczyk,KAMIENCZYK,Kamienczyk,Kamieńczyk,Kamieńczyk,Kamieńczyk
2770,-1756500,2372,Chemnitz,KAMIENICA,Chemnitz,Chemnitz,Chemnitz,Karl-Marx-Stadt
697,-1040774,2374,Kamen-Kashirsk,KAMIEN KOSZYRSKI,Kamen Kashirskiy,Kamen Kashirskiy,Kamień Koszyrski,Kamen'-Kashirskiy
698,-506692,2375,Kamieńsk,KAMIENSK,Kamiensk,Kamieńsk,Kamieńsk,Kamieńsk
699,-1943775,2377,Kamenka,KAMIONKA (II),Kamenka,Kamenka,Kamionka,Kamenka
700,-506741,2378,Kamionka,KAMIONKA (III),Kamionka,Kamionka,Kamionka,Kamionka
701,-1040772,2379,Kamionka Strumiłowa,KAMIONKA STRUMILOWA,Kamyanka Buzka,Kamionka Strumiłowa,Kamionka Strumiłowa,Kamenka Bugskaya
702,-506816,2382,Kamyk,KAMYK,Kamyk,Kamyk,Kamyk,Kamyk
703,-506823,2383,Kańczuga,KANCZUGA,Kanczuga,Kańczuga,Kańczuga,Kańczuga
704,-3209286,2384,Kandava,KANDAVA,Kandava,Kandava,Kandava,Kandava
705,-1040899,2385,Kanev,KANIEW,Kaniv,Kanev,Kaniev,Kanëv
706,-1051516,2386,Kantakuzovka,KANTAKUZOVKA,Pribuzhany,Kantakuzenka,Kantakuzovka,Pribuzhany
707,-2615296,2388,Koptsiovo,KAPCIAMIESTIS,Kapciamiestis,Kopciowo,Kapčiamiestis,Kapčiamiestis
708,-1035201,2395,Karasubazar,KARASUBAZAR,Bilohirs'k,Karasubazar,Karasubazar,Belogorsk
709,-506916,2398,Karczew,KARCZEW,Karczew,Karczew,Karczew,Karczew
710,-3209345,2406,Korsovka,KARSAVA,Karsava,Korsovka,Kārsava,Kārsava
2705,,2407,Karvina,KARVINA,Kolonia Izaaka,Kolonia Izaaka,Kolonia Izaaka,
711,-1041127,2413,Kashovka,KASZOWKA,Kashivka,Kashovka,Kaszówka,Kashovka
712,-1041175,2414,Katerburg,KATERBURG,Katerynivka,Katerburg,Katerburg,Katerinovka
713,-1041165,2416,Ekaterinopol,KATERYNYPOL,Katerynopil,Ekaterinopol',Katerynopol',Katerinopol'
2721,-507224,2418,Katowice,KATOWICE,Katowice,Kattowitz,Katowice,Katowice
2699,,2419,Katscher,KATSCHER,Kolonia Izaaka,Kolonia Izaaka,Kolonia Izaaka,
714,-3039599,2420,Kaukehmen,KAUKEHMEN,Yasnoye,Kaukehmen,Kaukehmen,Yasnoye
715,-2615427,2421,Kovno,KAUNAS,Kaunas,Kovno,Kaunas,Kaunas
716,-2615439,2424,Kovarsk,KAVARSKAS,Kavarskas,Kovarsk,Kavarskas,Kavarskas
717,,2425,Kaweczyn Sedziszowski,KAWECZYN SEDZISZOWSKI,Kolonia Izaaka,Kolonia Izaaka,Kolonia Izaaka,
718,-507341,2427,Kazanów,KAZANOW,Kazanow,Kazanów,Kazanów,Kazanów
719,-1041229,2428,Kazatin,KAZATIN,Koziatyn,Kazatin,Kazatin,Kazatin
720,-507369,2429,Kazimierza Wielka,KAZIMIERZA WIELKA,Kazimierza Wielka,Kazimierza Wielka,Kazimierza Wielka,Kazimierza Wielka
721,-507371,2430,Kazimierz Dolny,KAZIMIERZ DOLNY,Kazimierz Dolny,Kazimierz Dolny,Kazimierz Dolny,Kazimierz Dolny
722,-2615457,2431,Kozlova Ruda,KAZLU-RUDA,Kazlu Ruda,Kozłowa Ruda,Kazlų Rūda,Kazlų Rūda
723,,2432,Kcynia,KCYNIA,Kolonia Izaaka,Kolonia Izaaka,Kolonia Izaaka,
724,-2615471,2437,Keidany,KEDAINIAI,Kedainiai,Keidany,Kėdainiai,Kėdainiai
725,-2615486,2440,Kelmy,KELME,Kelme,Kelmy,Kelmė,Kelme
726,-506529,2444,Kalwarya Zebrzydowska,KEMPNO,Kalwaria Zebrzydowska,Kalwarya Zebrzydowska,Kalwarja Zebrzydoska,Kalwaria Zebrzydowska
727,-1041277,2446,Kerch,KERCH,Kerch,Kerch,Kerch,Kerch
728,-507514,2454,Kęty,KETY,Kety,Kęty,Kęty,Kęty
729,-1041320,2456,Kharkov,KHARKOV,Kharkiv,Kharkov,Kharkov,Kharkov
730,-1041550,2458,Khashchevata,KHASHCHEVATOYE,Khashchuvatye,Khashchevata,Khashchevatoye,Khoshchevatoye
731,-1041356,2459,Kherson,KHERSON,Kherson,Kherson,Kherson,Kherson
732,-2925583,2460,Khislavichi,KHISLAVICHI,Khislavichi,Khislavichi,Khislavichi,Khislavichi
733,-1041424,2462,Khmielnik,KHMELNIK,Khmil'nyk,Khmelnik,Khmelnik,Khmel'nik
734,-1041445,2463,Khodaki,KHODAKI,Khodaki,Khodaki,Khodaki,Khodaki
735,-1041450,2464,Khodorkov,KHODORKOV,Khodorkiv,Khodorkov,Khodorkov,Khodorkov
736,-1944105,2465,Khoiniki,KHOINIKI,Khoyniki,Khoyniki,Khoyniki,Khoyniki
737,-1944027,2468,Kholmech,KHOLMICH,Kholmech,Kholmech,Kholmech,Kholmech
738,-1944043,2469,Kholopenichi,KHOLOPENICHI,Kholopenichi,Kholopenichi,Kholopenichi,Kholopenichi
739,-1041516,2471,Khorol,KHOROL,Khorol,Khorol,Khorol,Khorol
740,-1944086,2472,Khotimsk,KHOTIMSK,Khotsimsk,Khotimsk,Khotimsk,Khotimsk
741,-1944097,2473,Khotovizh,KHOTOVIZH,Khotovizh,Khotovizh,Khotovizh,Khotovizh
742,-1043997,2475,Kiblich,KIBLITCH,Kublich,Kiblitch,Kiblitch,Kublich
743,-507561,2477,Kielce,KIELCE,Kielce,Kielce,Kielce,Kielce
744,,2478,Kielczyglow,KIELCZYGLOW,Kolonia Izaaka,Kolonia Izaaka,Kolonia Izaaka,
745,-1943745,2479,Kemelishki,KIEMIELISZKI,Kamelishki,Kemelishki,Kiemieliszki,Kamelishki
746,-507637,2480,Kiernozia,KIERNOZIA,Kiernozia,Kiernozia,Kiernozia,Kiernozia
747,-1044367,2481,Kiev,KIEV,Kyiv,Kiev,Kiev,Kiev
748,-507725,2483,Kikół,KIKOL,Kikol,Kikół,Kikół,Kikół
749,-1041921,2484,Kilikiev,KILIKIEV,Kilikiyev,Kilikiev,Kilikiev,Kilikiyev
750,-1041993,2495,Elisavetgrad,KIROVOGRAD,Kirovohrad,Yelizavetgrad,Zinovyevsk,Kirovograd
751,-1042031,2499,Kiselik,KISIELIN,Kiselin,Kiselin,Kisielin,Kiselin
752,-1042066,2515,Kitaigorod,KITAIGOROD (I),Kytaihorod,Kitay-gorod,Kitaigorod,Kitaygorod
753,-1042064,2516,Kitaigorod,KITAIGOROD (II),Kytaihorod,Kitay-gorod,Kitaigorod,Kitay Gorod
754,-1042075,2519,Kivertsy,KIWERCE,Kivertsy,Kivertsy,Kiwerce,Kivertsy
755,-1944253,2523,Kletsk,KLECK,Klyetsk,Kletsk,Kleck,Kletsk
756,-1042140,2535,Klesov,KLESOW,Klesiv,Klesov,Klesów,Klesov
757,-1042145,2540,Klevan,KLEWAN,Klevan,Klevan',Klewań,Klevan'
758,-507955,2543,Klimontów,KLIMONTOW,Klimontow,Klimontów,Klimontów,Klimontów
759,-1944265,2544,Klimovichi,KLIMOVICHI,Klimavichy,Klimovichi,Klimovichi,Klimovichi
760,-2929365,2545,Klimov,KLIMOVO,Klimovo,Klimov,Klimovo,Klimovo
761,-509370,2554,Komarówka,KNIAZDWOR,Komarowka Podlaska,Komarówka,Komarówka,Komarówka
762,-1042227,2556,Knihynicze,KNIHYNICZE,Kniahynychi,Knihynicze,Knihynicze,Knyaginichi
763,-1944322,2563,Kobrin,KOBRYN,Kobryn,Kobrin,Kobryń,Kobrin
764,-508267,2565,Kobylin,KOBYLIN,Kobylin,Kobylin,Kobylin,Kobylin
765,-1946657,2566,Kobylnik,KOBYLNIK,Narach,Kobylnik,Kobylnik,Kobylnik
2685,,2567,Kocborowo,KOCBOROWO,Kolonia Izaaka,Kolonia Izaaka,Kolonia Izaaka,
766,-508378,2568,Kock,KOCK,Kock,Kock,Kock,Kock
767,-508399,2570,Kodeń,KODEN,Koden,Kodeń,Kodeń,Kodeń
768,-1042311,2571,Kodnia,KODNIA,Kodnya,Kodnya,Kodnya,Kodnya
769,-1042313,2573,Kodyma,KODYMA,Kodyma,Kodyma,Kodyma,Kodyma
770,-2918852,2577,Königsberg,KOENIGSBERG,Kaliningrad,Königsberg,Königsberg,Kaliningrad
771,-510109,2583,Köslin,KOESLIN,Koszalin,Köslin,Köslin,Koszalin
772,-1944344,2588,Kokhanovo,KOKHANOVO,Kokhanovo,Kokhanovo,Kokhanovo,Kokhanovo
773,-3209638,2589,Kokengauzen,KOKNESE,Koknese,Kokenguzen,Koknese,Koknese
774,-508446,2590,Kołaczyce,KOLACZYCE,Kolaczyce,Kołaczyce,Kołaczyce,Kołaczyce
775,-508542,2592,Kolberg,KOLBERG,Kolobrzeg,Kolberg,Kolberg,Kołobrzeg
776,-508476,2593,Kołbiel,KOLBIEL,Kolbiel,Kołbiel,Kołbiel,Kołbiel
777,-508481,2594,Kolbuszowa,KOLBUSZOWA,Kolbuszowa,Kolbuszowa,Kolbuszowa,Kolbuszowa
778,-1042370,2596,Kolki,KOLKI,Kolky,Kolki,Kołki,Kolki
779,-508530,2597,Kolno,KOLNO,Kolno,Kolno,Kolno,Kolno
780,-508539,2598,Koło,KOLO,Kolo,Koło,Koło,Koło
781,-1042414,2601,Kołomyja,KOLOMYJA,Kolomyya,Kołomyja,Kołomyja,Kolomyya
782,-2615227,2605,Koltyniany,KOLTYNIANY,Kaltanenai,Koltynyany,Kołtyniany,Kaltanėnai
783,,2606,Kolumna,KOLUMNA,Kolonia Izaaka,Kolonia Izaaka,Kolonia Izaaka,
784,-1944417,2608,Kolyshki,KOLYSHKI,Kolyshki,Kolyshki,Kolyshki,Kolyshki
785,-1042536,2610,Komargorod,KOMARGOROD,Komarhorod,Komargorod,Komargorod,Komargorod
786,-1944422,2612,Komarin,KOMARIN,Kamaryn,Komarin,Komarin,Komarin
787,-1042541,2613,Komarno,KOMARNO (I),Komarno,Komarno,Komarno,Komarno
788,,2617,Komarowka,KOMAROWKA,Kolonia Izaaka,Kolonia Izaaka,Kolonia Izaaka,
789,-1042625,2620,Makhnovka,KOMSOMOLSKOYE,Makhnivka,Makhnovka,Makhnovka,Komsomol's'ke
790,-1042652,2622,Konetspol,KONETSPOL,Kinets'pil',Konetspol',Konetspol',Konetspol'
791,-509520,2623,Koniecpol,KONIECPOL,Koniecpol,Koniecpol,Koniecpol,Koniecpol
792,-509537,2624,Konin,KONIN,Konin,Konin,Konin,Konin
793,-509610,2626,Końskie,KONSKIE,Konskie,Końskie,Końskie,Końskie
2700,,2628,Konstadt,KONSTADT,Kolonia Izaaka,Kolonia Izaaka,Kolonia Izaaka,
794,,2629,Konstancinek,KONSTANCINEK,Kolonia Izaaka,Kolonia Izaaka,Kolonia Izaaka,
795,-509635,2630,Konstantynów,KONSTANTYNOW,Konstantynow Lodzki,Konstantynów,Konstantynów,Konstantynów Łódzki
796,-509626,2632,Konstantynów,KONSTANTYNOWO (II),Konstantynow,Konstantynów,Konstantynów,Konstantynów
797,-1042753,2635,Kopachevka,KOPACZEWKA,Kopachivka,Kopachevka,Kopaczówka,Kopachovka
798,-1944497,2637,Kopatkevichi,KOPATKEVICHI,Kopatkevichi,Kopatkevichi,Kopatkevichi,Kopatkevichi
799,-1042774,2638,Kopaigorod,KOPAYGOROD,Kopaihorod,Kopaygorod,Kopaygorod,Kopaygorod
800,-509734,2640,Koprzywnica,KOPRZYWNICA,Koprzywnica,Koprzywnica,Koprzywnica,Koprzywnica
801,-1042792,2642,Kopyczyńce,KOPYCZYNCE,Kopychyntsi,Kopyczyńce,Kopyczyńce,Kopychintsy
802,-1944511,2643,Kopyl,KOPYL,Kapyl,Kopyl,Kopyl,Kopyl'
803,-1944518,2644,Kopys,KOPYS,Kopys,Kopys',Kopys',Kopys'
804,-509777,2646,Korczyna,KORCZYNA,Korczyna,Korczyna,Korczyna,Korczyna
805,-1944528,2647,Korelichi,KORELICZE,Karelichy,Korelichi,Korelicze,Korelichi
806,-1042969,2649,Kariukovka,KORIUKOVKA,Koriukivka,Kariukovka,Koriukovka,Koryukovka
807,-1944550,2650,Korma,KORMA,Karma,Korma,Korma,Korma
808,-1042859,2653,Kornin,KORNIN,Kornyn,Kornin,Kornin,Kornin
809,-1042861,2654,Kornitsa,KORNITSA,Kornytsya,Kornitsa,Kornitsa,Kornitsa
810,-1049241,2656,Korolówka,KOROLOWKA,Oliyevo Koralivka,Korolówka,Korolówka,Oleyëvo-Korolëvka
811,-509807,2657,Krone an der Brahe,KORONOWO,Koronowo,Krone an der Brahe,Koronowo,Koronowo
812,-1042893,2658,Korop,KOROP,Korop,Korop,Korop,Korop
813,-1042894,2659,Koropiec,KOROPIEC,Koropets,Koropiec,Koropiec,Koropets
814,-1042907,2661,Iskorost,KOROSTEN,Korosten,Iskorost,Korosten',Korosten'
815,-1042923,2662,Korostyshev,KOROSTISHEV,Korostyshiv,Korostishev,Korostishev,Korostyshev
816,-1042950,2665,Korsun,KORSUN,Korsun' Shevchenkivs'kyy,Korsun,Korsun,Korsun Shevchenkovskiy
817,-1042954,2666,Kortelisy,KORTELISY,Kortelesy,Kortylisy,Kortelisy,Kortelesy
818,-1042840,2669,Korets,KORZEC,Korets,Korets,Korzec,Korets
819,-1057608,2672,Velikaia Kosnitsa,KOSHNYTSHA WIELIKAYA,Velikaya Kosnitsa,Kosnitsa-Velikaya,Koshnitsha Velikaya,Velikaya Kosnitsa
820,-1043044,2676,Kosów,KOSOW (I),Kosiv,Kosów,Kosów,Kosov
821,-510039,2677,Kossów,KOSOW (II),Kosow Lacki,Kossów,Kossów Lacki,Kosów Lacki
822,-1944638,2678,Kossovo,KOSOW POLESKI,Kosava,Kossovo,Kossów,Kossovo
823,-1043071,2681,Kostopol,KOSTOPOL,Kostopil,Kostopol,Kostopol,Kostopol'
824,-1944659,2682,Kostiukovichi,KOSTYUKOVICHI,Kastsyukovichy,Kostyukovichi,Kostyukovichi,Kostyukovichi
825,-510152,2684,Koszyce,KOSZYCE,Koszyce,Koszyce,Koszyce,Koszyce
826,,2691,Kotun,KOTUN,Kolonia Izaaka,Kolonia Izaaka,Kolonia Izaaka,
827,-1944700,2692,Kovchitsy II,KOVCHITSY,Kovchitsy Vtoryye,Kovchitsy Vtoryye,Kovchitsy Vtoryye,Kovchitsy Vtoryye
828,-510236,2693,Kowal,KOWAL,Kowal,Kowal,Kowal,Kowal
829,-510262,2694,Kowale Pańskie,KOWALE PANSKIE,Kowale Panskie,Kowale Pańskie,Kowale Pańskie,Kowale Pańskie
830,-1043191,2695,Kovel,KOWEL,Kovel,Kovel,Kowel,Kovel'
831,-1944729,2696,Kozhan-Gorodok,KOZANGRODEK,Kazhan Haradok,Kozhan Gorodok,Kożangródek,Kozhan-Gorodok
832,-1043235,2697,Kozelets,KOZELETS,Kozelets,Kozelets,Kozelets,Kozelets
833,-1944771,2699,Koziany-I,KOZIANY,Kozyany,Kozyany,Koziany,Kozyany
834,,2700,Kozieglowy,KOZIEGLOWY,Kolonia Izaaka,Kolonia Izaaka,Kolonia Izaaka,
835,-1043252,2702,Kozin,KOZIN,Kozin,Kozin,Kozin,Kozin
836,-1043268,2704,Kozłów,KOZLOW,Kozliv,Kozłów,Kozłów,Kozlov
837,-1944756,2705,Kozlovshchina,KOZLOWSZCZYZNA,Kozlovshchyna,Kozlovshchina,Kozłowszczyzna,Kozlovshchina
838,-510514,2706,Koschmin,KOZMIN,Kozmin,Koschmin,Koźmin,Koźmin
839,-510517,2707,Koźminek,KOZMINEK,Kozminek,Koźminek,Koźminek,Koźminek
840,-1043283,2708,Kozowa,KOZOWA,Kozova,Kozowa,Kozowa,Kozova
841,-1944908,2709,Kraisk,KRAISK,Kraysk,Kraisk,Kraisk,Kraysk
842,-510614,2710,Krajno,KRAJNO,Krajno,Krajno,Krajno,Krajno
843,-2615723,2711,Kroki,KRAKES,Krakes,Kroki,Krakės,Krakės
844,-1043295,2712,Krakowiec,KRAKOWIEC,Krakovets,Krakowiec,Krakowiec,Krakovets
845,-1037237,2717,Puliny,KRANOARMIEYSK,Chervonoarmiys'k,Puliny,Puliny,Chervonoarmeysk
846,-1043316,2718,Krasilov,KRASILOV,Krasyliv,Krasilov,Krasilov,Krasilov
847,-3209702,2719,Kreslavka,KRASLAVA,Kraslava,Kreslavka,Krāslava,Krāslava
848,-2935823,2720,Popova Gora,KRASNAYA GORA,Krasnaya Gora,Popova Gora,Krasnaya Gora,Krasnaya Gora
849,-1944807,2721,Vyzna,KRASNAYA SLOBODA,Chyrvonaya Slabada,Vyzna,Krasnaya Sloboda,Krasnaya Sloboda
850,-1944857,2723,Krasnoe,KRASNE (II),Krasnae,Krasne,Krasne,Krasnoye
851,-510722,2724,Kraśniczyn,KRASNICZYN,Krasniczyn,Kraśniczyn,Kraśniczyn,Kraśniczyn
852,-9022061,2727,Okny,KRASNIYE OKNA,,,,
853,-1043387,2728,Grishino,KRASNOARMEISK,Krasnoarmiys'k,Grishino,Grishino,Krasnoarmeyskoye
854,-1043421,2733,Konstantinograd,KRASNOGRAD,Krasnohrad,Konstantinograd,Krasnograd,Krasnograd
855,-2908111,2734,Gatchina,KRASNOGVARDEYSK,Gatchina,Gatchina,Krasnogvardeysk,Gatchina
856,-1944840,2735,Krasnoluki,KRASNOLUKI,Krasnoluki,Krasnoluki,Krasnoluki,Krasnoluki
857,-1944842,2737,Krasnopole,KRASNOPOLE,Krasnapollye,Krasnopole,Krasnopole,Krasnopole
858,-1043475,2738,Krasnoselka,KRASNOSELKA,Krasnoselka,Krasnoselka,Krasnoselka,Krasnoselka
859,-510753,2739,Krasnosielc,KRASNOSIELC,Krasnosielc,Krasnosielc,Krasnosielc,Krasnosielc
860,-1043500,2740,Krasnostav,KRASNOSTAV,Krasnostav,Krasnostav,Krasnostav,Krasnostav
861,-1043526,2741,Krasnoe,KRASNOYE (I),Krasne,Krasnoye,Krasnoye,Krasnoye
862,-2615740,2747,Krozhi,KRAZIAI,Kraziai,Krozhi,Kražiai,Kražiai
863,,2748,Krechowice,KRECHOWICE,Kolonia Izaaka,Kolonia Izaaka,Kolonia Izaaka,
864,-2615751,2750,Krakinovo,KREKENAVA,Krekenava,Krakinovo,Krekenava,Krekenava
865,-1043663,2751,Kremenchug,KREMENCHUG,Kremenchuk,Kremenchug,Kremenchug,Kremenchug
866,-2615756,2754,Kretingen,KRETINGA,Kretinga,Kretingen,Kretinga,Kretinga
2747,-508105,2755,Kluczbork,KREUZBURG,Kluczbork,Kreuzburg,Kreuzburg,Kluczbork
867,-1944919,2756,Krevo,KREWO,Krevo,Krevo,Krewo,Krevo
868,-1945017,2757,Krichev,KRICHEV,Krychaw,Krichëv,Krichëv,Krichëv
869,-1055766,2760,Novogeorgievsk,KRILOV,Svitlovods'k,Novogeorgievsk,Novogeorgievsk,Svetlovodsk
870,-2615789,2761,Kruki,KRIUKAI,Kriukai,Kruki,Kriukai,Kriukai
871,-1043968,2765,Krivoi Rog,KRIVOY ROG,Kryvyy Rih,Krivoy Rog,Krivoy Rog,Krivoy Rog
872,-510586,2767,Krojanke,KROJANKE,Krajenka,Krojanke,Krojanke,Krajenka
873,-1043812,2768,Krolevets,KROLEVIETS,Krolevets,Krolevets,Krolevets,Krolevets
874,-510972,2772,Kromołów,KROMOLOW,Kromolow,Kromołów,Kromołów,Kromołów
875,-510988,2775,Krościenko,KROSCIENKO (I),Kroscienko,Krościenko,Krościenko,Krościenko
876,-510987,2776,Krościenko,KROSCIENKO (II),Kroscienko,Krościenko,Krościenko,Krościenko
877,-511007,2777,Krośniewice,KROSNIEWICE,Krosniewice,Krośniewice,Krośniewice,Krośniewice
878,-511028,2779,Krotoschin,KROTOSZYN,Krotoszyn,Krotoschin,Krotoszyn,Krotoszyn
879,-1944971,2780,Krucha,KRUCHA,Krucha,Krucha,Krucha,Krucha
880,-1944976,2781,Krugloe,KRUGLOYE,Kruhlaye,Krugloye,Krugloye,Krugloye
881,,2782,Krukienice,KRUKIENICE,Kolonia Izaaka,Kolonia Izaaka,Kolonia Izaaka,
882,-1944996,2787,Krupka,KRUPKI,Krupki,Krupki,Krupki,Krupki
883,-3209819,2788,Kreitsburg,KRUSTPILS,Krustpils,Kreitsburg,Krustpils,Krustpils
884,-1043713,2789,Krichilsk,KRYCZYLSK,Krichil'sk,Krichil'sk,Kryczylsk,Krichil'sk
885,-1055766,2790,Novogeorgievsk,KRYLOW,Svitlovods'k,Novogeorgievsk,Novogeorgievsk,Svetlovodsk
886,-511182,2792,Krynica,KRYNICA ZDROJ,Krynica Zdroj,Krynica,Krynica-Zdrój,Krynica
887,-1037239,2794,Krystynopol,KRYSTYNOPOL,Chervonohrad,Krystynopol,Krystynopol,Krystynopol
888,-1043802,2795,Krivoe Ozero,KRYVOYE OZERO,Kryve Ozero,Krivoye Ozero,Krivoye Ozero,Krivoye Ozero
889,-1043973,2796,Kryzhopol,KRYZHOPOL,Kryzhopil,Kryzhopol',Kryzhopol',Kryzhopol'
890,-1043668,2797,Kremenets,KRZEMIENIEC,Kremenets,Kremenets,Krzemieniec,Kremenets
891,-511317,2798,Krzepice,KRZEPICE,Krzepice,Krzepice,Krzepice,Krzepice
892,-511344,2799,Krzeszów,KRZESZOW,Krzeszow,Krzeszów,Krzeszów,Krzeszów
893,-511351,2800,Krzeszowice,KRZESZOWICE,Krzeszowice,Krzeszowice,Krzeszowice,Krzeszowice
894,-511445,2801,Krzywcza,KRZYWCZA,Krzywcza,Krzywcza,Krzywcza,Krzywcza
895,-1057967,2802,Krzywcze Górne,KRZYWCZE GORNE,Verkhneye Krivche,Krzywcze Górne,Krzywcze Górne,Verkhneye Krivche
896,-1944944,2803,Krivichi,KRZYWICZE,Kryvichy,Krivichi,Krzywicze,Krivichi
897,-511610,2805,Książ Wielki,KSIONZ WIELKI,Ksiaz Wielki,Książ Wielki,Książ Wielki,Książ Wielki
898,-1945039,2806,Kublichi,KUBLICHI,Kublichi,Kublichi,Kublichi,Kublichi
899,-2615843,2807,Vladislavov,KUDIRKOS-NAUMIESTIS,Kudirkos Naumiestis,Władysławów,Kudirkos Naumiestis,Kudirkos Naumiestis
900,,2813,Kulaczkowce,KULACZKOWCE,Kolonia Izaaka,Kolonia Izaaka,Kolonia Izaaka,
901,-1044080,2815,Kulchiny,KULCHIN,Kulchyny,Kul'chiny,Kul'chiny,Kul'chiny
902,-2615872,2818,Kuli,KULIAI,Kuliai,Kuli,Kuliai,Kuliai
903,-1044096,2819,Kulików,KULIKOW,Kulykiv,Kulików,Kulików,Kulikov
904,-1044131,2822,Kunev,KUNEV,Kuniv,Kunëv,Kunëv,Kunëv
905,-511847,2825,Kunów,KUNOW,Kunow,Kunów,Kunów,Kunów
906,-1044144,2828,Kupel,KUPEL,Kupil,Kupel,Kupel,Kupel'
907,-1044158,2829,Kupiansk,KUPIANSK,Kup'yans'k,Kupiansk,Kupiansk,Kupiansk
908,-1044167,2831,Kupin,KUPIN,Kupyn,Kupin,Kupin,Kupyn
909,-2615942,2832,Kupishki,KUPISKIS,Kupiskis,Kupishki,Kupiškis,Kupiškis
910,-2623022,2834,Arensburg,KURESSAARE,Kuressaare,Arensburg,Kuressaare,Kuressaare
911,-2615963,2837,Kurkle,KURKLIAI,Kurkliai,Kurklyay,Kurkliai,Kurkliai
912,-511922,2839,Kurów,KUROW,Kurow,Kurów,Kurów,Kurów
913,-2615979,2841,Kurshany,KURSENAI,Kursenai,Kurshany,Kuršėnai,Kuršėnai
914,-511964,2843,Kuryłówka,KURYLOWKA,Kurylowka,Kuryłówka,Kuryłówka,Kuryłówka
915,-511973,2844,Kurzelów,KURZELOW,Kurzelow,Kurzelów,Kurzelów,Kurzelów
916,-1945123,2845,Kurenets,KURZENIEC,Kurenets,Kurenets,Kurzeniec,Kurenets
917,-512009,2850,Kutno,KUTNO,Kutno,Kutno,Kutno,Kutno
918,-1044301,2851,Kuty,KUTY,Kuty,Kuty,Kuty,Kuty
919,-1044346,2852,Kuzmin,KUZMIN (I),Kuz'myn,Kuz'min,Kuz'min,Kuz'min
920,-1044335,2853,Kuzmin,KUZMIN (II),Kuz'myn,Kuz'min,Kuz'min,Kuz'min
921,-2616010,2857,Konstantinovo,KVEDARNA,Kvedarna,Konstantinovo,Kvėdarna,Kvėdarna
922,-2616019,2859,Kibarty,KYBARTAI,Kybartai,Kibarty,Kybartai,Kybartai
923,,2864,Labes,LABES,Kolonia Izaaka,Kolonia Izaaka,Kolonia Izaaka,
2674,,2864,Labes,LABES,Kolonia Izaaka,Kolonia Izaaka,Kolonia Izaaka,
924,,2865,Labiau,LABIAU,Kolonia Izaaka,Kolonia Izaaka,Kolonia Izaaka,
925,-512169,2867,Labischin,LABISZYN,Labiszyn,Labischin,Łabiszyn,Łabiszyn
926,-514919,2868,Maciejowa,LABOWA,Maciejowa,Maciejowa,Łabowa,Maciejowa
927,-1059835,2869,Labun,LABUN,Yurovshchyna,Labun',Labun',Labun'
928,-1945696,2872,Liakhovichi,LACHOWICZE,Lyakhavichy,Lyakhovichi,Lachowicze,Lyakhovichi
929,-1945204,2873,Lakhva,LACHWA,Lakhva,Lakhva,Łachwa,Lakhva
930,,2875,Lackie Szlacheckie,LACKIE SZLACHECKIE,Kolonia Izaaka,Kolonia Izaaka,Kolonia Izaaka,
931,,2876,Lacko,LACKO,Kolonia Izaaka,Kolonia Izaaka,Kolonia Izaaka,
932,-1044388,2880,Ladyzhinka,LADYZHENKA,Ladyzhinka,Ladyzhinka,Ladyzhinka,Ladyzhinka
933,-1044387,2881,Ladyzhin,LADYZHYN,Ladyzhyn,Ladyzhin,Ladyzhyn,Ladyzhin
934,-512301,2883,Łagów,LAGOW,Lagow,Łagów,Łagów,Łagów
935,-2616061,2885,Laizhevo,LAIZUVA,Laizuva,Laizhevo,Laižuva,Laižuva
936,-1035206,2887,Liakhovtsy,LAKHOVTSY,Bilohirya,Lakhovtsy,Lakhovtsy,Belogor'ye
937,-512378,2891,Łańcut,LANCUT,Lancut,Łańcut,Łańcut,Łańcut
938,-1044405,2892,Łanczyn,LANCZYN,Lanchyn,Łanczyn,Łanczyn,Lanchyn
2691,-512252,2894,Ladek Zdroj,LANDECK (II),Ladek Zdroj,Landeck,Bad Landeck,Lądek-Zdrój
2742,-506662,2896,Kamienna Gora,LANDESHUT,Kamienna Gora,Landeshut,Landeshut,Kamienna Góra
939,-502540,2897,Landsberg,LANDSBERG,Gorowo Ilaweckie,Landsberg,Landsberg Ostpreussen,Górowo Iławeckie
2709,,2903,Langendorf,LANGENDORF,Kolonia Izaaka,Kolonia Izaaka,Kolonia Izaaka,
940,,2911,Lapanow,LAPANOW,Kolonia Izaaka,Kolonia Izaaka,Kolonia Izaaka,
941,-1945221,2912,Lapichi,LAPICHI,Lapichy,Lapichi,Lapichi,Lapichi
942,-512424,2913,Lapy Barviki,LAPY,Lapy,Łapy,Łapy,Łapy
943,-512463,2918,Łask,LASK,Lask,Łask,Łask,Łask
944,-512468,2919,Łaskarzew,LASKARZEW,Laskarzew,Łaskarzew,Łaskarzew,Łaskarzew
945,,2921,Laskowce,LASKOWCE,Kolonia Izaaka,Kolonia Izaaka,Kolonia Izaaka,
946,-512566,2922,Lasocin,LASOCIN,Lasocin,Lasocin,Lasocin,Lasocin
947,-512597,2923,Łaszczów,LASZCZOW,Laszczow,Łaszczów,Łaszczów,Łaszczów
948,,2925,Latowicz,LATOWICZ,Kolonia Izaaka,Kolonia Izaaka,Kolonia Izaaka,
2686,,2927,Lauban,LAUBAN,Kolonia Izaaka,Kolonia Izaaka,Kolonia Izaaka,
949,-512788,2931,Lauenburg,LAUENBURG,,,,
950,-2616131,2934,Lavkovo,LAUKUVA,Laukuva,Lavkova,Laukuva,Laukuva
951,-1044471,2938,Ławoczne,LAWOCZNE,Lavochnoye,Ławoczne,Ławoczne,Lavochnoye
952,-2616153,2939,Lozdzee,LAZDIJAI,Lazdijai,Łoździeje,Lazdijai,Lazdijai
953,-512734,2940,Łazy,LAZY,Lazy,Łazy,Łazy,Łazy
954,-2328506,2941,Lebedin,LEBEDIN,Lebedyn,Lebedin,Lebedin,Lebedin
955,-1945268,2942,Lebedev,LEBEDZIOW,Liebiedzieva,Lebedevo,Lebiedziew,Lebedevo
956,-2616181,2957,Leipuny,LEIPALINGIS,Leipalingis,Lejpuny,Leipalingis,Leipalingis
957,-1945279,2963,Lelchitsy,LELCHITSY,Lyel'chytsy,Lelchitsy,Lelchitsy,Lel’chitsy
958,-512980,2966,Lelów,LELOW,Lelow,Lelów,Lelów,Lelów
959,-512807,2970,Łęczna,LENCZNA,Leczna,Łęczna,Łęczna,Łęczna
960,-512817,2971,Łęczyca,LENCZYCA,Leczyca,Łęczyca,Łęczyca,Łęczyca
961,-1945288,2975,Lenin,LENIN,Lenin,Lenin,Lenin,Lenin
962,-2996338,2977,San Peterburg,LENINGRAD,Sankt Peterburg,Sankt-Peterburg,Leningrad,Leningrad
963,-1945292,2979,Romanovo,LENINO (I),Lenino,Romanovo,Lenino,Lenino
964,-1945293,2980,Lenino,LENINO (II),Lenino,Romanovo,Lenino,Lenino
2697,,2982,Leobschuetz,LEOBSCHUETZ,Kolonia Izaaka,Kolonia Izaaka,Kolonia Izaaka,
965,,2983,Leoncin,LEONCIN,Kolonia Izaaka,Kolonia Izaaka,Kolonia Izaaka,
966,-1945321,2984,Leonpol,LEONOPOL,Leonpol,Leonpol,Leonpol,Leonpol'
967,-2276771,2986,Leovo,LEOVA,Leova,Leovo,Leova,Leovo
968,-1945725,2987,Lepel,LEPEL,Lyepyel,Lepel,Lepel,Lyepyel'
969,-2616275,2988,Leipuny,LEPJUNY,Lieponys,Leypuny,Lejpuny,Lieponys
970,-513076,2992,Lisko,LESKO,Lesko,Lisko,Lisko,Lesko
971,-1044632,2994,Leszniów,LESZNIOW,Leshniv,Leszniów,Leszniów,Leshnev
972,-513225,2995,Lissa,LESZNO (I),Leszno,Lissa,Leszno,Leszno
973,-513228,2996,Leszno,LESZNO (II),Leszno,Leszno,Leszno,Leszno
974,-1044673,2997,Letichev,LETICHEV,Letychiv,Letichev,Letichev,Letichev
975,-513296,3004,Leżajsk,LEZAJSK,Lezajsk,Leżajsk,Leżajsk,Leżajsk
976,,3007,Libuchora,LIBUCHORA,Kolonia Izaaka,Kolonia Izaaka,Kolonia Izaaka,
977,-1945387,3012,Lida,LIDA,Lida,Lida,Lida,Lida
978,-513376,3013,Lautenburg,LIDZBARK,Lidzbark,Lautenburg,Lidzbark,Lidzbark
979,,3015,Liebstadt,LIEBSTADT,Kolonia Izaaka,Kolonia Izaaka,Kolonia Izaaka,
2755,-512877,3017,Legnica,LIEGNITZ,Legnica,Liegnitz,Liegnitz,Legnica
980,-513421,3021,Limanowa,LIMANOWA,Limanowa,Limanowa,Limanowa,Limanowa
981,-3210454,3022,Lemzal,LIMBAZI,Limbazi,Lemzal,Limbaži,Limbaži
982,-2616311,3029,Linkovo,LINKUVA,Linkuva,Linkovo,Linkuva,Linkuva
983,-1945402,3031,Linovo,LINOWA,Linovo,Linevo,Linowo,Linovo
984,-1945404,3035,Liozno,LIOZNO,Lyezna,Liozno,Liozno,Liozno
985,-2276778,3037,Lipkony,LIPCANI,Lipcani,Lipkany,Lipcani-Târg,Lipkany
986,-1945427,3042,Lipnishki,LIPNISZKI,Lipnishki,Lipnishki,Lipniszki,Lipnishki
987,-513679,3043,Lipno,LIPNO,Lipno,Lipno,Lipno,Lipno
988,-1044802,3045,Lipovets,LIPOVETS,Lypovets,Lipovets,Lipovets,Lipovets
989,-513743,3048,Lipsko,LIPSKO (I),Lipsko,Lipsko,Lipsko,Lipsko
990,-513745,3049,Lipsko,LIPSKO (II),Lipsko,Lipsko,Lipsko,Lipsko
991,-1044881,3053,Lisiatycze,LISIATYCZE,Lysyatychi,Lisiatycze,Lisiatycze,Lisyatichi
992,-1044884,3058,Litin,LITIN,Lityn,Litin,Litin,Litin
993,-1945747,3060,Liuban,LIUBAN (I),Lyuban,Lyuban,Lyuban,Lyuban'
994,-2949657,3061,Liuban,LIUBAN (II),Lyuban',Lyuban’,Lyuban’,Lyuban’
995,-2616332,3063,Liudvinovo,LIUDVINAVAS,Liudvinavas,Ludwinów,Liudvinavas,Liudvinavas
996,-3210485,3065,Livengof,LIVANI,Livani,Livengof,Līvāni,Līvāni
997,-513864,3067,Liw,LIW,Liw,Liw,Liw,Liw
998,-513898,3070,Lobsens,LOBZENICA,Lobzenica,Lobsens,Łobżenica,Łobżenica
999,-513922,3072,Łódź,LODZ,Lodz,Łódź,Łódź,Łódź
1000,-501574,3074,Lötzen,LOETZEN,Gizycko,Lötzen,Lötzen,Giżycko
1001,-1945561,3075,Loev,LOEV,Loyew,Loyev,Loyev,Loyev
2740,-513279,3076,Lewin Brzeski,LOEWEN,Lewin Brzeski,Löwen,Löwen,Lewin Brzeski
2752,-514813,3077,Lwowek Slaski,LOEWENBERG,Lwowek Slaski,Löwenberg,Löwenberg,Lwówek Śląski
1002,-1945496,3078,Logoisk,LOGOYSK,Lahoysk,Logoysk,Logoysk,Logoysk
1003,-1945201,3079,Logishin,LOHISZYN,Lahishyn,Logishin,Łohiszyn,Logishin
1004,-1044937,3083,Lokachi,LOKACZE,Lokachi,Lokachi,Łokacze,Lokachi
1005,-1044941,3084,Lokhvitsa,LOKHVITSA,Lokhvytsia,Lokhvitsa,Lokhvitsa,Lokhvitsa
1006,-513960,3087,Łomazy,LOMAZY,Lomazy,Łomazy,Łomazy,Łomazy
1007,,3088,Lomianki Gorne,LOMIANKI GORNE,Kolonia Izaaka,Kolonia Izaaka,Kolonia Izaaka,
1008,-1044762,3089,Łomna,LOMNA,Limna,Łomna,Łomna,Lomna
1009,-513991,3090,Lomzha,LOMZHA,Lomza,Łomża,Łomża,Łomża
1010,-1045167,3092,Łąka Rustykalna,LONKA RUSTYKALNA,Luka,Łąka Rustykalna,Łąka Rustykalna,Luka
1011,-1044974,3093,Łopatyń,LOPATYN,Lopatyn,Łopatyń,Łopatyń,Lopatin
1012,-514015,3094,Łopianka,LOPIANKA,Lopianka,Łopianka,Łopianka,Łopianka
1013,-514049,3095,Łopuszno,LOPUSZNO,Lopuszno,Łopuszno,Łopuszno,Łopuszno
1014,-1945527,3098,Losha,LOSHA,Losha,Losha,Losha,Losha
1015,-1045013,3099,Łosiacz,LOSIACZ,Losyach,Łosiacz,Łosiacz,Losyach
1016,-514056,3100,Łosice,LOSICE,Losice,Łosice,Łosice,Łosice
1017,-514113,3107,Łowicz,LOWICZ,Lowicz,Łowicz,Łowicz,Łowicz
1018,-1045058,3109,Lozovaia na zemle V. N. Zarudn,LOZOVAYA,Lozova,Lozovaya,Lozovaya,Lozovaya
1019,-514150,3110,Lubaczów,LUBACZOW,Lubaczow,Lubaczów,Lubaczów,Lubaczów
1020,-3210548,3111,Luban,LUBANA,Lubana,Luban,Lubāna,Lubāna
1021,-1045332,3112,Liubar,LUBAR,Lyubar,Lyubar,Lyubar,Lyubar
1022,-1945756,3114,Liubcha,LUBCZA,Lyubcha,Lyubcha,Lubcz,Lyubcha
1023,-2276916,3121,Lublin,LUBLIN (I),Nimereuca,Lyublin,Nimereuca,Nemirovka
1024,-514340,3122,Lublin,LUBLIN (II),Lublin,Lublin,Lublin,Lublin
2735,-514342,3123,Lubliniec,LUBLINIEC,Lubliniec,Lublinitz,Lubliniec,Lubliniec
1025,-1045095,3124,Lubny,LUBNY,Lubny,Lubny,Lubny,Lubny
1026,-1045397,3125,Liuboml,LUBOML,Lyuboml,Lyuboml,Luboml,Lyuboml'
1027,-514467,3127,Lubraniec,LUBRANIEC,Lubraniec,Lubraniec,Lubraniec,Lubraniec
1028,-1045111,3130,Luchinets,LUCHINETS,Luchynets,Luchinets,Luchinets,Luchinets
1029,-1045249,3131,Lutsk,LUCK,Lutsk,Lutsk,Łuck,Lutsk
1030,-1054771,3138,Liudvipol,LUDWIPOL,Sosnove,Ludvipol,Ludwipol,Sosnovoye
1031,-3210572,3139,Liutsin,LUDZA,Ludza,Liutsin,Ludza,Ludza
1032,-2948350,3149,Luga,LUGA,Luga,Luga,Luga,Luga
1033,-1045139,3150,Luchiny,LUGINI,Luhyny,Luginy,Luginy,Luginy
2637,,3152,Lujeni,LUJENI,Kolonia Izaaka,Kolonia Izaaka,Kolonia Izaaka,
1034,-1045183,3153,Lukashevka,LUKASHEVKA,Lukashivka,Lukashëvka,Lukashëvka,Lukashëvka
1035,-1945634,3154,Lukoml,LUKOML,Lukoml,Lukoml',Lukoml',Lukoml'
1036,-514664,3157,Łukowa,LUKOWA,Lukowa,Łukowa,Łukowa,Łukowa
1037,-1945650,3162,Luninets,LUNINIEC,Luninyets,Luninets,Łuniniec,Luninyets
1038,-1945652,3163,Lunka,LUNNA,Lunna,Lunna,Łunna,Lunna
1039,-2616396,3165,Lukniki,LUOKE,Luoke,Lukniki,Luokė,Luokė
1040,-514783,3168,Lutomiersk,LUTOMIERSK,Lutomiersk,Lutomiersk,Lutomiersk,Lutomiersk
1041,-514791,3169,Lutowiska,LUTOWISKA,Lutowiska,Lutowiska,Lutowiska,Lutowiska
1042,-1945674,3173,Luzhki,LUZHKI,Luzhki,Luzhki,Łużki,Luzhki
1043,-1045273,3174,Lvova,LVOVO,Lvove,L'vovo,L'vovo,L'vovo
1044,-1045268,3175,Lemberg,LWOW,Lviv,Lemberg,Lwów,L'vov
1045,-514812,3176,Neustadt bei Pinne,LWOWEK,Lwowek,Neustadt bei Pinne,Lwówek,Lwówek
1046,-1945691,3177,Liady,LYADY,Lyady,Lyady,Lyady,Lyady
1047,-1060209,3178,Liantskorun,LYANTSKORUN,Zarechanka,Lyantskorun,Lyantskorun,Zarechanka
1048,-500737,3179,Lyck,LYCK,Elk,Lyck,Lyck,Ełk
1049,-2616409,3180,Lidoviany,LYDUVENAI,Lyduvenai,Lidovyany,Lyduvėnai,Lyduvėnai
1050,-2616415,3181,Ligumy,LYGUMAI,Lygumai,Ligumy,Lygumai,Lygumai
1051,-1045327,3185,Lysianka,LYSIANKA,Lysyanka,Lysyanka,Lysyanka,Lysyanka
1052,-1044834,3186,Łysiec,LYSIEC,Lysets',Łysiec,Łysiec,Lysets'
1053,-514867,3189,Łysobyki,LYSOBYKI,Jeziorzany,Łysobyki,Łysobyki,Łysobyki
1054,-514879,3190,Łyszkowice,LYSZKOWICE,Lyszkowice,Łyszkowice,Łyszkowice,Łyszkowice
1055,-1945754,3192,Liubashevo,LYUBASHEVKA,Lyubashava,Lyubashëvo,Lubaszewo,Lyubashëvo
1056,-2949670,3193,Liubavichi,LYUBAVICHI,Lyubavichi,Lyubavichi,Lyubavichi,Lyubavichi
1057,-1945766,3194,Liubonichi,LYUBONICHI,Lyubonichi,Lyubonichi,Lyubonichi,Lyubonichi
1058,-1045207,3197,Matsiov,MACIEJOW,Lukov,Matsiov,Maciejów,Lukov
1059,-514926,3198,Maciejowice,MACIEJOWICE,Maciejowice,Maciejowice,Maciejowice,Maciejowice
1060,-3210634,3202,Madon,MADONA,Madona,Madon,Madona,Madona
1061,-516762,3203,Märkisch Friedland,MAERKISCH-FRIEDLAND,Miroslawiec,Märkisch Friedland,Märkisch Friedland,Mirosławiec
1062,-1045468,3205,Magierów,MAGIEROW,Maheriv,Magierów,Magierów,Magerov
1063,-514981,3207,Magnuszew,MAGNUSZEW,Magnuszew,Magnuszew,Magnuszew,Magnuszew
1064,-515047,3215,Majdan,MAJDAN (I),Majdan Krolewski,Majdan,Majdan,Majdan Królewski
1065,-1045481,3217,Makarov,MAKAROV,Makariv,Makarov,Makarov,Makarov
1066,-1045516,3220,Makov,MAKOV,Makiv,Makov,Makov,Makov
1067,-515175,3221,Maków,MAKOW MAZOWIECKI,Makow Mazowiecki,Maków,Maków,Maków Mazowiecki
1068,-515179,3222,Maków,MAKOW PODHALANSKI,Makow Podhalanski,Maków,Maków,Maków Podhalański
1069,-1945891,3227,Malech,MALECZ,Malech,Malech,Malecz,Malech'
1070,-1045702,3232,Malin,MALIN,Malyn,Malin,Malin,Malin
1071,-515385,3233,Malkin Gurna,MALKINIA GORNA,Malkinia Gorna,Małkinia Górna,Małkinia Górna,Małkinia Górna
1072,-515409,3234,Małogoszcz,MALOGOSZCZ,Malogoszcz,Małogoszcz,Małogoszcz,Małogoszcz
1073,-1051539,3243,Manevichi,MANIEWICZE,Prylisne,Manevichi,Maniewicze,Prilesnoye
1074,-2276841,3252,Kot Markuleshty,MARCULESTI-COLONIE,Marculesti,Markuleshty,Mărculeşti,Markuleshty-Kolon
2626,,3254,Mareniceni,MARENICENI,Kolonia Izaaka,Kolonia Izaaka,Kolonia Izaaka,
1075,-1045982,3257,Maryampol,MARIAMPOL,Mariyampil,Maryampol,Marjampol Miasto,Marinopol
1076,-512123,3263,Marienwerder,MARIENWERDER,Kwidzyn,Marienwerder,Marienwerder,Kwidzyn
1077,-2616522,3264,Mariampol,MARIJAMPOLE,Marijampole,Marjampol,Marijampolė,Marijampolė
2649,,3267,Maritei,MARITEI,Kolonia Izaaka,Kolonia Izaaka,Kolonia Izaaka,
1078,-1045996,3268,Mariupol,MARIUPOL,Mariupol,Mariupol,Mariupol,Zhdanov
1079,-515659,3270,Marki,MARKI-PUSTELNIK,Marki,Marki,Marki,Marki
1080,-1046024,3272,Markovka,MARKOVKA,Markivka,Markovka,Markovka,Markovka
1081,-515668,3273,Markowa,MARKOWA,Markowa,Markowa,Markowa,Markowa
1082,-515689,3279,Markuszów,MARKUSZOW,Markuszow,Markuszów,Markuszów,Markuszów
1083,,3287,Massow,MASSOW,Kolonia Izaaka,Kolonia Izaaka,Kolonia Izaaka,
2672,,3287,Massow,MASSOW,Kolonia Izaaka,Kolonia Izaaka,Kolonia Izaaka,
1084,-1046261,3294,Maiaki,MAYIAKI,Mayaki,Mayaki,Mayaki,Mayaki
1085,-2616566,3296,Mozheiki,MAZEIKIAI,Mazeikiai,Mozheyki,Mažeikiai,Mažeikiai
1086,-1046356,3303,Medenice,MEDENICE,Medenychi,Medenice,Medenice,Medenichi
1087,-1046370,3309,Medviedovka,MEDVEDOVKA,Medvedivka,Medvedovka,Medvedovka,Medvedovka
1088,,3310,Medyka,MEDYKA,Kolonia Izaaka,Kolonia Izaaka,Kolonia Izaaka,
1089,-1046397,3311,Medzhibozh,MEDZHIBOZH,Medzhybizh,Medzhibozh,Medzhibozh,Medzhibozh
1090,-2616452,3324,Meishagola,MEJSZAGOLA,Maisiagala,Meĭshagola,Mejszagoła,Maišiagala
1091,-1046418,3325,Melitopol,MELITOPOL,Melitopol,Melitopol,Melitopol',Melitopol'
1092,-1046450,3334,Miena,MENA,Mena,Mena,Mena,Mena
1093,-2616684,3350,Merech,MERKINE,Merkine,Merech,Merkinė,Merkinė
1094,-516297,3357,Meseritz,MESERITZ,Miedzyrzecz,Meseritz,Meseritz,Międzyrzecz
1095,-2616706,3362,Mstele,METELIAI,Meteliai,Metele,Meteliai,Meteliai
1096,-1046534,3368,Mezhirov,MEZHYROV,Mezhirov,Mezhirov,Mezhirov,Mezhirov
1097,-2957321,3377,Mglin,MGLIN,Mglin,Mglin,Mglin,Mglin
1098,-1946607,3378,Novyi Miadziol,MIADZIOL-NOVY,Myadzyel,Myadel,Miadzioł Nowy,Myadel
1099,-1039462,3379,Miastkovka,MIASTKOVKA,Horodkivka,Myastkovka,Miastkovka,Gorodkovka
1100,-1946252,3381,Mikhalishki,MICHALISZKI,Mikhalishki,Mikhalishki,Michaliszki,Mikhalishki
1101,-516169,3388,Michów,MICHOW,Michow,Michów,Michów,Michów
1102,-516183,3392,Miechów,MIECHOW,Miechow,Miechów,Miechów,Miechów
1103,,3393,Miedzeszynek,MIEDZESZYNEK,Kolonia Izaaka,Kolonia Izaaka,Kolonia Izaaka,
1104,-516253,3394,Miedzna,MIEDZNA,Miedzna,Miedzna,Miedzna,Miedzna
1105,-516257,3395,Miedzno,MIEDZNO,Miedzno,Miedzno,Miedzno,Miedzno
1106,-516329,3397,Mielec,MIELEC,Mielec,Mielec,Mielec,Mielec
1107,-2616728,3398,Melengiany,MIELIGIANY,Mielagenai,Melengiany,Mielegiany,Mielagėnai
1108,-1046439,3399,Mielnica,MIELNICA (I),Melnytsya Podilska,Mielnica,Mielnica,Mel'nitsa-Podol'skaya
1109,-1046438,3400,Melnitsa,MIELNICA (II),Melnytsya,Melnitsa,Mielnica,Mel'nitsa
1110,,3401,Mielniczne,MIELNICZNE,Kolonia Izaaka,Kolonia Izaaka,Kolonia Izaaka,
1111,-516355,3402,Melnik,MIELNIK,Mielnik,Mielnik,Mielnik,Mielnik
1112,-1046531,3403,Mezhirich,MIENDZYRZEC KORECKI,Mezhyrichi,Mezhirichi,Międzyrzecz,Mezhirichi
1113,-516296,3404,Międzyrzec,MIENDZYRZEC PODLASKI,Miedzyrzec Podlaski,Międzyrzec,Międzyrzec,Międzyrzec Podlaski
2663,-1046548,3406,Myhove,MIHOVA,Myhove,Mihowa,Mihova,Migovoye
1114,-1946240,3407,Mikashevichi,MIKASZEWICZE,Mikashevichi,Mikashevichi,Mikaszewice,Mikashevichi
1115,-1047258,3410,Mikołajów,MIKOLAJOW (I),Mykolayiv,Mikołajów,Mikołajów,Nikolayev
1116,-1047644,3411,Mikołajów,MIKOLAJOW (II),Mykolayiv,Mikołajów,Mikołajów,Nikolayev
1117,-516545,3412,Mixstadt,MIKSTAT,Mikstat,Mixstadt,Mikstat,Mikstat
1118,-1046700,3413,Mikuliczyn,MIKULICZYN,Mykulychyn,Mikuliczyn,Mikuliczyn,Mikulichin
1119,-1046703,3414,Mikulińce,MIKULINCE,Mikulintsy,Mikulińce,Mikulińce,Mikulintsy
1120,-2958143,3415,Mikulino,MIKULINO,Mikulino,Mikulino,Mikulino,Mikulino
1121,-1046724,3418,Milianovichi,MILANOWICZE,Milyanovichi,Milyanovichi,Milanowicze,Milyanovichi
2667,-1046709,3422,Miliyeve,MILIE,Miliyeve,Millie,Milie,Miliyevo
2694,,3423,Militsch,MILITSCH,Kolonia Izaaka,Kolonia Izaaka,Kolonia Izaaka,
1122,-1946311,3426,Miloslavichi,MILOSLAVICHI,Miloslavichi,Miloslavichi,Miloslavichi,Miloslavichi
1123,,3428,Milowka,MILOWKA,Kolonia Izaaka,Kolonia Izaaka,Kolonia Izaaka,
1124,-1046739,3433,Minkovtsy,MINKOVTSY,Myn'kivtsi,Minkovtsy,Minkovtsy,Min'kovtsy
1125,-1946324,3434,Minsk,MINSK,Minsk,Minsk,Minsk,Minsk
1126,-516724,3435,Nowo-Mińsk,MINSK MAZOWIECKI,Minsk Mazowiecki,Nowo-Mińsk,Mińsk Mazowiecki,Mińsk Mazowiecki
1127,-1946338,3436,Miory,MIORY,Miyory,Miory,Miory,Miory
1128,-1946340,3437,Mir,MIR,Mir,Mir,Mir,Mir
1129,-1046747,3438,Mirgorod,MIRGOROD,Myrhorod,Mirgorod,Mirgorod,Mirgorod
1130,-1046799,3440,Miropol,MIROPOL,Myropil,Miropol',Miropol',Miropol'
1131,-2616836,3442,Miroslav,MIROSLAVAS,Miroslavas,Mirosław,Miroslavas,Miroslavas
1132,-1046849,3447,Mizoch,MIZOCZ,Mizoch,Mizoch,Mizocz,Mizoch
1133,-1055142,3448,Mizuń Stary,MIZUN STARY,Staryi Mizun,Mizuń Stary,Mizuń Stary,Staryy Mizun’
1134,-516819,3451,Mława,MLAWA,Mlawa,Mława,Mława,Mława
1135,-1046859,3453,Mlynov,MLYNOW,Mlyniv,Mlinov,Młynów,Mlinov
1136,-516962,3454,Mniszew,MNISZEW,Mniszew,Mniszew,Mniszew,Mniszew
1137,-517039,3458,Modliborzyce,MODLIBORZYCE,Modliborzyce,Modliborzyce,Modliborzyce,Modliborzyce
1138,-517096,3470,Mogielnica,MOGIELNICA,Mogielnica,Mogielnica,Mogielnica,Mogielnica
1139,-1945803,3471,Mogilev,MOGILEV,Mahilyow,Mogilev,Mogilev,Mogilev
1140,-1046905,3472,Mogilev,MOGILEV-PODOLSKI,Mohyliv Podilskyy,Mogilev,Mogilev-Podolski,Mogilëv-Podol'skiy
1141,-517108,3473,Mogilno,MOGILNO (I),Mogilno,Mogilno,Mogilno,Mogilno
1142,-1946405,3474,Mogilno,MOGILNO (II),Mogil'no,Mogil'no,Mogil'no,Mogil'no
1143,-517125,3480,Mokobody,MOKOBODY,Mokobody,Mokobody,Mokobody,Mokobody
1144,-1046938,3481,Mokraia Kaligorka,MOKRAJA KALAGIRKA,Mokra Kalyhirka,Mokra Kaligorka,Mokraja Kalagirka,Mokra Kaligorka
1145,-1946437,3484,Molchad,MOLCZADZ,Molchad,Molchad,Mołczadź,Molchad'
2614,-1164579,3486,Moldovita,MOLDOVITA,Moldovita,Russ Moldawitza,Ruşii Moldovița,Moldovița
1146,-2616888,3487,Maliaty,MOLETAI,Moletai,Maliaty,Molėtai,Molėtai
1147,-1945843,3490,Molodechno,MOLODECZNO,Maladzyechna,Molodechno,Mołodeczno,Molodechno
1148,-1047031,3494,Monasterzyska,MONASTERZYSKA,Monastyryska,Monasterzyska,Monasterzyska,Monastyriska
1149,-1047028,3496,Monastyrishche,MONASTYRISHCHE,Monastyrishche,Monastyrishche,Monastyrishche,Monastyrishche
1150,-2959841,3497,Monastyrshchina,MONASTYRSCHINA,Monastyrshchina,Monastyrshchina,Monastyrshchina,Monastyrshchina
1151,,3498,Monchocice,MONCHOCICE,Kolonia Izaaka,Kolonia Izaaka,Kolonia Izaaka,
1152,-517273,3511,Mordy,MORDY,Mordy,Mordy,Mordy,Mordy
1153,-1047129,3517,Mościska,MOSCISKA,Mostyska,Mościska,Mościska,Mostiska
1154,-2616904,3518,Masiady,MOSEDIS,Mosedis,Masiady,Mosėdis,Mosėdis
1155,-1047094,3519,Moshny,MOSHNY,Moshny,Moshny,Moshny,Moshny
1156,-1047110,3520,Moskalówka,MOSKALOWKA,Moskalivka,Moskalówka,Moskalówka,Moskalyuvka
1157,-1047138,3524,Mostovoe,MOSTOVOE,Mostovoye,Mostovoye,Mostovoye,Mostovoye
1158,-1946101,3525,Mosty,MOSTY,Masty,Mosty,Mosty,Mosty
1159,-517402,3526,Mosty Małe,MOSTY MALE,Mosty Male,Mosty Małe,Mosty Małe,Mosty Małe
1160,-1946144,3530,Mozyr,MOZYR,Mazyr,Mozyr,Mozyr,Mozyr
1161,-517465,3531,Mrotschen,MROZY,Mrocza,Mrotschen,Mrocza,Mrocza
1162,-1946576,3532,Mstibovo,MSCIBOW,Mstibovo,Mstibovo,Mścibów,Mstibovo
1163,-1946579,3534,Mstislavl,MSTISLAVL,Mstsislaw,Mstislavl,Mstislavl,Mstislavl
1164,-1946578,3535,Mstizh,MSTIZH,Mstizh,Mstizh,Mstizh,Mstizh
1165,-517524,3536,Mstów,MSTOW,Mstow,Mstów,Mstów,Mstów
1166,-517537,3537,Mszana Dolna,MSZANA DOLNA,Mszana Dolna,Mszana Dolna,Mszana Dolna,Mszana Dolna
1167,-517546,3538,Mszczonów,MSZCZONOW,Mszczonow,Mszczonów,Mszczonów,Mszczonów
1168,-550171,3540,Muehlhausen (I),MUEHLHAUSEN (I),,,,
1169,-1054967,3559,Staraia Murafa,MURAFA,Staraya Murafa,Murafa,Murafa,Murafa
1170,-1047211,3560,Muravitsa,MURAWICA,Muravytsi,Muravitsa,Murawica,Muravitsa
1171,-1047220,3561,Murovannye Kurilovtsy,MUROVANYE KURILOVTSY,Murovani Kurylivtsi,Murovanye Kurilovtsy,Murovanye Kurilovtsy,Murovanyye Kurilovtsy
1172,-2616935,3563,Musniki,MUSNINKAI,Musninkai,Musniki,Musninkai,Musninkai
1173,-517607,3565,Muszyna,MUSZYNA,Muszyna,Muszyna,Muszyna,Muszyna
1174,-517651,3570,Myślenice,MYSLENICE,Myslenice,Myślenice,Myślenice,Myślenice
2720,-517680,3571,Myslowice,MYSLOWICE,Myslowice,Myslowitz,Mysłowice,Mysłowice
1175,-517704,3572,Myszków,MYSZKOW NOWY,Myszkow,Myszków,Myszków Nowy,Myszków Nowy
1176,-517712,3573,Myshinets,MYSZYNIEC,Myszyniec,Myszyniec,Myszyniec,Myszyniec
1177,-517739,3578,Nadarzyn,NADARZYN,Nadarzyn,Nadarzyn,Nadarzyn,Nadarzyn
1178,-1047303,3580,Nadezhnaia,NADEZHNAIA,Nadezhnaya,Nadezhnaya,Nadezhnaya,Nadezhnaya
1179,-1047320,3583,Nadwórna,NADWORNA,Nadvirna,Nadwórna,Nadwórna,Nadvornaya
1180,-1047331,3584,Malyi I Bolshoi Nagartov,NAGARTAV,Nagartava,Nagartav,Nagartav,Nagartava
1181,,3585,Nagorzanka,NAGORZANKA,Kolonia Izaaka,Kolonia Izaaka,Kolonia Izaaka,
1182,-1047330,3603,Nahaczów,NAHACZOW,Nahachiv,Nahaczów,Nahaczów,Nagachëv
1183,-517826,3604,Nakel,NAKLO,Naklo Nad Notecia,Nakel,Nakło,Nakło nad Notecią
1184,,3607,Nalenczow,NALENCZOW,Kolonia Izaaka,Kolonia Izaaka,Kolonia Izaaka,
1185,-1946652,3608,Nalibok,NALIBOKI,Naliboki,Naliboki,Naliboki,Naliboki
2749,-517848,3610,Namyslow,NAMSLAU,Namyslow,Namslau,Namslau,Namysłów
1186,-1047372,3618,Narajów,NARAJOW,Narayiv,Narajów,Narajów,Narayev
1187,-517875,3619,Narev,NAREV,Narew,Narev,Narew,Narew
1188,-517877,3620,Narevka,NAREWKA MALA,Narewka,Narevka,Narewka Mała,Narewka
1189,-1047381,3621,Narodichi,NARODICHI,Narodychi,Narodichi,Narodichi,Narodichi
1190,-517886,3623,Narol,NAROL,Narol,Narol,Narol,Narol
1191,-1946669,3624,Narovlia,NAROVLYA,Narowlya,Narovlya,Narovlya,Narovlya
1192,-2623958,3625,Narva,NARVA,Narva,Narva,Narva,Narva
1193,-517913,3629,Nasielsk,NASIELSK,Nasielsk,Nasielsk,Nasielsk,Nasielsk
1194,,3634,Naugard,NAUGARD,Kolonia Izaaka,Kolonia Izaaka,Kolonia Izaaka,
2675,,3634,Naugard,NAUGARD,Kolonia Izaaka,Kolonia Izaaka,Kolonia Izaaka,
1195,-1047417,3639,Nawarya,NAWARIA,Navariya,Nawarya,Nawaria,Navariya
1196,-518022,3656,Neidenburg,NEIDENBURG,Nidzica,Neidenburg,Neidenburg,Nidzica
2732,-519190,3658,Nysa,NEISSE,Nysa,Neisse,Neisse,Nysa
1197,-2617087,3661,Nemokshty,NEMAKSCIAI,Nemaksciai,Nemokshty,Nemakščiai,Nemakščiai
1198,-1047506,3664,Nemirov,NEMIROV,Nemyriv,Nemirov,Nemirov,Nemirov
1199,-2617098,3665,Niemonoitse,NEMUNAITIS,Nemunaitis,Nemonaĭtsy,Nemunaitis,Nemunaitis
1200,-2617100,3666,Radzivilishki,NEMUNELIO-RADVILISKIS,Nemunelio Radviliskis,Radvilishki,Nemunėlio Radviliškis,Nemunėlio Radviliškis
1201,-3211216,3671,Nereta,NERETA,Nereta,Nereta,Nereta,Nereta
2754,-529632,3687,Sroda Slaska,NEUMARKT (II),Sroda Slaska,Neumarkt,Neumarkt,Środa Śląska
2766,-518601,3693,Nowa Sol,NEUSALZ,Nowa Sol,Neusalz,Neusalz,Nowa Sól
2727,-523821,3696,Prudnik,NEUSTADT (II),Prudnik,Neustadt,Neustadt,Prudnik
1202,-531884,3702,Neustettin,NEUSTETTIN,Szczecinek,Neustettin,Neustettin,Szczecinek
1203,-2617128,3705,Nevorany,NEVARENAI,Nevarenai,Nevarany,Nevarėnai,Nevarėnai
1204,-2964395,3707,Nevel,NEVEL,Nevel,Nevel',Nevel',Nevel'
1205,-518042,3710,Niebylec,NIEBYLEC,Niebylec,Niebylec,Niebylec,Niebylec
1206,-1946156,3731,Medviedichi,NIEDZWIEDZICA,Medvedichi,Medvedichi,Niedżwiedzica,Medvedichi
1207,-1946708,3734,Negnevichi,NIEHNIEWICZE,Negnevichi,Negnevichi,Niehniewicze,Negnevichi
1208,-518213,3735,Niemce,NIEMCE,Niemce,Niemce,Niemce,Niemce
1209,-2617092,3736,Niemenchin,NIEMENCZYN,Nemencine,Nemenchin,Niemenczyn,Nemenčinė
1210,-1047507,3737,Niemirów,NIEMIROW (I),Nemyriv,Niemirów,Niemirów,Nemirov
1211,-518245,3738,Nemirovo,NIEMIROW (II),Niemirow,Nemirov,Niemirów,Niemirów
1212,-518285,3741,Niepołomice,NIEPOLOMICE,Niepolomice,Niepołomice,Niepołomice,Niepołomice
1213,-1047558,3742,Nesukhoizhi,NIESUCHOJEZE,Nesukhoyezhe,Nesukhoyezhe,Niesuchojeże,Nesukhoyezhe
1214,-1946768,3743,Nesvizh,NIESWIEZ,Nyasvizh,Nesvizh,Nieśwież,Nesvizh
1215,-518342,3744,Nieszawa,NIESZAWA,Nieszawa,Nieszawa,Nieszawa,Nieszawa
1216,-1047887,3747,Niezhin,NIEZHIN,Nizhyn,Niezhin,Niezhin,Nezhin
1217,-1047257,3751,Nikolaev,NIKOLAIEV,Mykolayiv,Nikolayev,Nikolayev,Nikolayev
1218,,3752,Nikolaiken,NIKOLAIKEN,Kolonia Izaaka,Kolonia Izaaka,Kolonia Izaaka,
1219,-1047643,3753,Nikolaev,NIKOLAYEV,Nikolayev,Nikolayev,Nikolayev,Nikolayev
1220,-1047778,3754,Nikopol,NIKOPOL,Nikopol,Nikopol',Nikopol',Nikopol'
1221,-518436,3759,Nisko,NISKO,Nisko,Nisko,Nisko,Nisko
1222,-518458,3761,Niwka,NIWKA,Niwka,Niwka,Niwka,Niwka
1223,-1946823,3762,Nivki,NIWKI,Nivki,Nivki,Niwki,Nivki
1224,-1047796,3763,Niżankowice,NIZANKOWICE,Nyzhankovychi,Niżankowice,Niżankowice,Nizhankovichi
1225,-1047807,3764,Amur,NIZHNEDNEPROVSK,Nizhnedneprovsk,Amur,Nizhnedneprovsk,Nizhnedneprovsk
1226,-1047832,3767,Niżniów,NIZNIOW,Nyzhniv,Niżniów,Niżniów,Nizhnev
1227,,3773,Noerenberg,NOERENBERG,Kolonia Izaaka,Kolonia Izaaka,Kolonia Izaaka,
2671,,3773,Noerenberg,NOERENBERG,Kolonia Izaaka,Kolonia Izaaka,Kolonia Izaaka,
1228,-1051547,3774,Nogaisk,NOGAYSK,Prymors'k,Nogaysk,Nogaysk,Nogaysk
1229,,3779,Nordenburg,NORDENBURG,Kolonia Izaaka,Kolonia Izaaka,Kolonia Izaaka,
1230,-1047900,3785,Norinsk,NORINSK,Norinsk,Norinsk,Norinsk,Norinsk
1231,-1946857,3787,Nosovichi,NOSOVICHI,Nosovichi,Nosovichi,Nosovichi,Nosovichi
1232,-1047912,3788,Nosovka,NOSOVKA,Nosivka,Nosovka,Nosovka,Nosovka
1233,-1048544,3789,Novoselitsy,NOUA-SULITA,Novoselytsya,Novoselitsa,Noua Suliţă,Novosel'tsy
1234,-1048027,3797,Novaia Praga,NOVAYA PRAGA,Nova Praha,Novaya Praga,Novaya Praga,Novaya Praga
1235,-1051730,3798,Novaia Priluka,NOVAYA PRILUKA,Nova Pryluka,Novaya Priluka,Novaya Priluka,Novaya Priluka
1236,-1047930,3799,Novaia Ushitsa,NOVAYA USHITSA,Nova Ushytsya,Novaya Ushitsa,Novaya Ushitsa,Novaya Ushitsa
1237,-2968530,3805,Velikii Novgorod,NOVGOROD,Velikiy Novgorod,Novgorod,Novgorod,Novgorod
1238,-1048076,3806,Novgorod-Sieversk,NOVGOROD-SEVERSKI,Novhorod Siverskyy,Novgorod Severskiy,Novgorod Severskiy,Novgorod Severskiy
1239,-1048149,3811,Novo-Arkhangelsk,NOVOARKHANGELSK,Novoarkhanhelsk,Novoarkhangelsk,Novoarkhangelsk,Novoarkhangelsk
1240,-1048192,3814,Bogodarovka,NOVODAROVKA,Novodarivka,Bogodarovka,Novodarovka,Novodarovka
1241,-1048924,3819,Novo-Konstantinov,NOVO-KONSTANTINOV,Novokostyantyniv,Novo-Konstantinov,Novo-Konstantinov,Novyy Konstantinov
1242,-1048376,3821,Novomirgorod,NOVOMIRGOROD,Novomyrhorod,Novomirgorod,Novomirgorod,Novomirgorod
1243,-1048384,3822,Novomoskovsk,NOVOMOSKOVSK,Novomoskovs'k,Novomoskovsk,Novomoskovsk,Novomoskovsk
1244,-1048452,3823,Novo-Pavlovka,NOVOPAVLOVKA,Novopavlivka,Novo-Pavlovka,Novo-Pavlovka,Novo-Pavlovka
1245,-1048509,3826,Novo-Poltavka,NOVO POLTAVKA,Novopoltavka,Novo-Poltavka,Novo Poltavka,Novopoltavka
1246,-2970183,3828,Novorzhev,NOVORZHEV,Novorzhev,Novorzhev,Novorzhev,Novorzhev
1247,-2970575,3830,Novosokolniki,NOVOSOKOLNIKI,Novosokol'niki,Novosokol'niki,Novosokol'niki,Novosokol'niki
1248,-1048752,3831,Pavlovsk,NOVOUKRAINKA,Novoukrayinka,Novoukrainka,Novoukrainka,Novoukrainka
1249,-1048782,3832,Novo-Vitebsk,NOVOVITEBSK,Novo Vitebsk,Novo-Vitebsk,Novo-Vitebsk,Novo-Vitebsk
1250,-1048796,3833,Novo-Vorontsovka,NOVO VORONTSOVKA,Novovorontsovka,Novovorontsovka,Novovorontsovka,Novovorontsovka
1251,-1048855,3835,Novo-Zhitomir,NOVOZHITOMIR,Novozhitomir,Novozhitomir,Novozhitomir,Novozhitomir
1252,-2971417,3836,Novozybkov,NOVOZHYBKOV,Novozybkov,Novozybkov,Novozybkov,Novozybkov
1253,-1048857,3837,Novo-Zlatopol,NOVO ZLATOPOL,Novozlatopil',Novo Zlatopol,Novo Zlatopol,Novo Zlatopol
1254,-1947096,3839,Novyi Bykhov,NOVY BYKHOV,Novyy Bykhov,Novy Bykhov,Novy Bykhov,Novyy Bykhov
1255,-1048914,3840,Novofastov,NOVY FASTOV,Novofastiv,Novy Fastov,Novy Fastov,Novyy Fastov
1256,-1048877,3841,Novyi-Bug,NOVYI BUG,Novyy Buh,Novy Bug,Novy Bug,Novyy Bug
1257,-518857,3844,Nowe Miasto,NOWE MIASTO (I),Nowe Miasto Nad Pilica,Nowe Miasto,Nowe Miasto,Nowe Miasto nad Pilicą
1258,-1048834,3845,Nowe Miasto,NOWE MIASTO (II),Nove Misto,Nowe Miasto,Nowe Miasto,Novoye Misto
1259,-518853,3846,Nowe Miasto,NOWE MIASTO (III),Nowe Miasto,Nowe Miasto,Nowe Miasto,Nowe Miasto
1260,,3847,Nowe Siolo (I),NOWE SIOLO (I),Kolonia Izaaka,Kolonia Izaaka,Kolonia Izaaka,
1261,,3848,Nowe Siolo (Ii),NOWE SIOLO (II),Kolonia Izaaka,Kolonia Izaaka,Kolonia Izaaka,
1262,,3849,Nowiny Pokarczmiska,NOWINY POKARCZMISKA,Kolonia Izaaka,Kolonia Izaaka,Kolonia Izaaka,
1263,-518975,3850,Novogrod,NOWOGROD,Nowogrod,Nowogród,Nowogród,Nowogród
1264,-1946683,3851,Novogrudok,NOWOGRODEK,Navahrudak,Novogrudok,Nowogródek,Novogrudok
1265,-1947067,3852,Novoelnia,NOWOJELNIA,Novoyel'nya,Novo-El'nia,Nowojelnia,Novoyel'nya
1266,-1947100,3854,Novyi Dvor,NOWY DWOR (I),Novy Dvor,Novyy Dvor,Nowy Dwór,Novyy Dvor
1267,-1947099,3855,Novyi Dvor,NOWY DWOR (II),Novy Dvor,Novyy Dvor,Nowy Dwór,Novyy Dvor
1268,-519071,3856,Nowy Dwór,NOWY DWOR (III),Nowy Dwor Mazowiecki,Nowy Dwór,Nowy Dwór,Nowy Dwór Mazowiecki
1269,-519062,3857,Novyi Dvor,NOWY DWOR (IV),Nowy Dwor,Novi Dvor,Nowy Dwór,Nowy Dwór
1270,-519097,3858,Nowy Korczyn,NOWY KORCZYN,Nowy Korczyn,Nowy Korczyn,Nowy Korczyn,Nowy Korczyn
1271,-1947160,3859,Novo-Pogost,NOWY POHOST,Novy Pahost,Novo-Pogost,Pohost Nowy,Novyy Pogost
1272,-519123,3860,Nowy Sącz,NOWY SONCZ,Nowy Sacz,Nowy Sącz,Nowy Sącz,Nowy Sącz
1273,-519177,3862,Nur,NUR,Nur,Nur,Nur,Nur
1274,-1947182,3890,Obchuga,OBCHUGA,Obchuga,Obchuga,Obchuga,Obchuga
1275,-2617212,3891,Abeli,OBELIAI,Obeliai,Abeli,Obeliai,Obeliai
2728,-501810,3900,Glogowek,OBERGLOGAU,Glogowek,Oberglogau,Oberglogau,Głogówek
1276,-1049005,3918,Obertyn,OBERTYN,Obertyn,Obertyn,Obertyn,Obertin
1277,-1049025,3924,Obodovka,OBODOVKA,Obodivka,Obodovka,Obodovka,Obodovka
1278,-1947187,3925,Oboltsy,OBOLTSY,Abol'tsy,Oboltsy,Oboltsy,Obl'tsy
1279,-519313,3928,Obersitzko,OBRZYCKO,Obrzycko,Obersitzko,Obrzycko,Obrzycko
1280,-1049050,3930,Obukhov,OBUKHOW,Obukhiv,Obukhov,Obukhov,Obukhov
1281,-1049062,3931,Ochakov,OCHAKOV,Ochakiv,Ochakov,Ochakov,Ochakov
1282,,3932,Ochotnica,OCHOTNICA,Kolonia Izaaka,Kolonia Izaaka,Kolonia Izaaka,
1283,-1947210,3937,Odelsk,ODELSK,Odelsk,Odelsk,Odelsk,Odel'sk
1284,-1049092,3941,Odessa,ODESSA,Odesa,Odessa,Odessa,Odessa
1285,-519430,3945,Odrzywół,ODRZYWOL,Odrzywol,Odrzywół,Odrzywół,Odrzywół
2756,-519691,3950,Olesnica,OELS,Olesnica,Öls,Öls,Oleśnica
1286,-3211301,3957,Ogre,OGRE,Ogre,Ogre,Ogre,Ogre
2695,,3959,Ohlau,OHLAU,Kolonia Izaaka,Kolonia Izaaka,Kolonia Izaaka,
1287,,3961,Okrzeja,OKRZEJA,Kolonia Izaaka,Kolonia Izaaka,Kolonia Izaaka,
1288,-519589,3964,Okuniew,OKUNIEW,Okuniew,Okuniew,Okuniew,Okuniew
1289,-1049235,3968,Olesko,OLESKO,Olesko,Olesko,Olesko,Olesko
1290,-519708,3969,Rosenberg,OLESZNO,Olesno,Rosenberg,Rosenberg,Olesno
1291,-519718,3970,Oleszyce,OLESZYCE,Oleszyce,Oleszyce,Oleszyce,Oleszyce
1292,-1049236,3971,Olevsk,OLEVSK,Olevsk,Olevsk,Olevsk,Olevsk
1293,-1049259,3972,Olgopol,OLGOPOL,Olhopil,Olgopol,Ol'gopol',Ol'gopol'
1294,-1042463,3973,Olizarka,OLIZARKA,Koloniya Olizarka,Olizarka,Olizarka,Kolonia Olizarka
1295,-2620337,3974,Olkeniki,OLKIENIKI,Valkininkai,Olkeniki,Olkieniki,Valkininkai
1296,-519731,3975,Olkusz,OLKUSZ,Olkusz,Olkusz,Olkusz,Olkusz
1297,,3978,Olpiny,OLPINY,Kolonia Izaaka,Kolonia Izaaka,Kolonia Izaaka,
1298,-1049299,3979,Olshana,OLSHANA,Olshana,Ol'shana,Ol'shana,Ol'shana
1299,-519859,3980,Allenstein,OLSZTYN,Olsztyn,Allenstein,Allenstein,Olsztyn
1300,-1049331,3982,Olyka,OLYKA,Olyka,Olyka,Ołyka,Olyka
1301,-2617231,3988,Ganushishki,ONUSKIS (II),Onuskis,Ganushishki,Onuškis,Onuškis
1302,-2617230,3989,Ganishushki,ONUSKIS (I),Onuskis,Ganushishki,Onuškis,Onuškis
1303,-1049363,3990,Opalin,OPALIN,Opalin,Opalin,Opalin,Opalin
1304,-519939,3993,Opatów,OPATOW,Opatow,Opatów,Opatów,Opatów
1305,-519946,3994,Opatowiec,OPATOWIEC,Opatowiec,Opatowiec,Opatowiec,Opatowiec
2696,,3995,Opava,OPAVA,Kolonia Izaaka,Kolonia Izaaka,Kolonia Izaaka,
1306,-2974712,3996,Opochka,OPOCHKA,Opochka,Opochka,Opochka,Opochka
1307,-519966,3997,Opoczno,OPOCZNO,Opoczno,Opoczno,Opoczno,Opoczno
1308,-519976,3998,Opole,OPOLE,Opole Lubelskie,Opole,Opole,Opole Lubelskie
2736,-519973,3999,Opole,OPPELN,Opole,Oppeln,Oppeln,Opole
2555,-1947347,4001,Opsa,OPSA,Opsa,Opsa,Opsa,Opsa
1309,-1049383,4006,Oratov,ORATOV,Orativ,Oratov,Oratov,Oratov
1310,-1049405,4012,Oriekhov,OREKHOV,Orikhiv,Orekhov,Orekhov,Orekhov
1311,-2277051,4013,Orgieev,ORHEI,Orhei,Orgeyev,Orhei,Orgeyev
1312,-1049433,4014,Orynin,ORININ,Orynyn,Orinin,Orinin,Orinin
1313,-2974908,4015,Orel,ORIOL,Orel,Orël,Orël,Orël
1314,-520022,4017,Orlia,ORLA (I),Orla,Orla,Orla,Orla
1315,-1947387,4018,Orlia,ORLA (II),Orlya,Orli,Orla,Orlya
2704,,4020,Orlova,ORLOVA,Kolonia Izaaka,Kolonia Izaaka,Kolonia Izaaka,
1316,-1049478,4024,Orów,OROW,Orov,Orów,Orów,Orov
1317,-1947390,4025,Orsha,ORSHA,Orsha,Orsha,Orsha,Orsha
1318,-532063,4027,Ortelsburg,ORTELSBURG,Szczytno,Ortelsburg,Ortelsburg,Szczytno
1319,-520298,4032,Osjaków,OSIAKOW,Osjakow,Osjaków,Osiaków,Osjaków
1320,-520178,4033,Osieck,OSIECK,Osieck,Osieck,Osieck,Osieck
1321,-520233,4034,Osiek,OSIEK (I),Osiek Jasielski,Osiek,Osiek,Osiek Jasielski
1322,-520176,4036,Osięciny,OSIENCINY,Osieciny,Osięciny,Osięciny,Osięciny
1323,-1035337,4038,Berdiansk,OSIPENKO,Berdyansk,Berdyansk,Osipenko,Osipenko
1324,-1947435,4039,Osipovich,OSIPOVICHI,Asipovichy,Osipovichi,Osipovichi,Osipovichi
1325,-1035311,4041,Osław Biały,OSLAW BIALY,Bili Oslavy,Osław Biały,Osław Biały,Belyye Oslavy
1326,-1049557,4045,Osova,OSOWA WYSZKA,Osova,Osova,Osowa Wyszka,Osova
1327,-1049587,4048,Oster,OSTER,Oster,Ostër,Ostër,Ostër
1328,-520439,4050,Osterode,OSTERODE,Ostroda,Osterode,Osterode,Ostróda
1329,-1049602,4054,Ostrog,OSTROG,Ostroh,Ostrog,Ostróg,Ostrog
1330,-520447,4057,Ostrolenka,OSTROLENKA,Ostroleka,Ostrołęka,Ostrołęka,Ostrołęka
1331,-1049607,4058,Ostropol,OSTROPOL,Ostropil,Ostropol',Ostropol',Ostropol'
1332,-1947513,4059,Ostroshitskii Gorodok,OSTROSHITSKI GORODOK,Astrashytski Haradok,Gorodok Ostroshitskii,Ostroshitski Gorodok,Ostroshitskiy Gorodok
1333,-2976171,4060,Ostrov,OSTROV,Ostrov,Ostrov,Ostrov,Ostrov
1334,-1947541,4061,Ostrovno,OSTROVNO,Ostrovno,Ostrovno,Ostrovno,Ostrovno
1335,-520581,4062,Ostrów,OSTROW,Ostrow Lubelski,Ostrów,Ostrów,Ostrów
1336,-520544,4063,Ostrowiec,OSTROWIEC,Ostrowiec Swietokrzyski,Ostrowiec,Ostrowiec,Ostrowiec Świętokrzyski
1337,-520582,4065,Ostrov,OSTROW-MAZOWIECKA,Ostrow Mazowiecka,Ostrów,Ostrów Mazowiecka,Ostrów Mazowiecka
1338,-520608,4066,Ostrowo,OSTROW WIELKOPOLSKI,Ostrow Wielkopolski,Ostrowo,Ostrów,Ostrów Wielkopolski
1339,-1049643,4067,Ostrozhets,OSTROZEC,Ostrozhets,Ostrozhets,Ostrożec,Ostrozhets
1340,-1947565,4068,Ostrino,OSTRYNA,Ostryna,Ostrino,Ostryna,Ostryna
1341,-1947567,4070,Osveia,OSVEYA,Osveya,Osveya,Osveya,Osveya
1342,-520665,4071,Oświęcim,OSWIENCIM,Oswiecim,Oświęcim,Oświęcim,Oświęcim
1343,-1940949,4072,Oshmiany,OSZMIANA,Ashmyany,Oshmyany,Oszmiana,Oshmyany
1344,-1049692,4078,Ottynia,OTTYNIA,Otyniya,Ottynia,Ottynia,Otynya
1345,-520732,4079,Otwock,OTWOCK,Otwock,Otwock,Otwock,Otwock
1346,-1049696,4082,Ovidiopol,OVIDIOPOL,Ovidiopol,Ovidiopol,Ovidiopol,Ovidiopol
1347,-1049703,4083,Ovruch,OVRUCH,Ovruch,Ovruch,Ovruch,Ovruch
1348,-1947589,4084,Ozarichi,OZARICHI,Ozarichi,Ozarichi,Ozarichi,Ozarichi
1349,-1049716,4085,Ozarintsy,OZARINTSY,Ozaryntsi,Ozarintsy,Ozarintsy,Ozarintsy
1350,-520768,4086,Ożarów,OZAROW,Ozarow,Ożarów,Ożarów,Ożarów
1351,-1049771,4088,Ozdiutichi,OZDZIUTYCZE,Ozyutichi,Ozdziutycze,Ozdziutycze,Ozyutichi
1352,-1951007,4089,Uzliany,OZLYIANY,Uzlyany,Uzlyany,Uzlyany,Uzlyany
1353,-520795,4091,Ozorków,OZORKOW,Ozorkow,Ozorków,Ozorków,Ozorków
1354,-520801,4092,Pabianice,PABIANICE,Pabianice,Pabianice,Pabjanice,Pabianice
1355,-520803,4093,Pacanów,PACANOW,Pacanow,Pacanów,Pacanów,Pacanów
1356,-2617379,4099,Pogiry,PAGIRIAI,Pagiriai,Pogiry,Pagiriai,Pagiriai
1357,-2624293,4100,Veisenshtein,PAIDE,Paide,Veisenshtein,Paide,Paide
1358,-520853,4101,Pajęczno,PAJENCZNO,Pajeczno,Pajęczno,Pajęczno,Pajęczno
1359,-2617433,4102,Poiurzhe,PAJURIS,Pajuris,Poyurzhe,Pajūris,Pajūris
1360,-2617498,4104,Pokroi,PAKRUOJUS,Pakruojis,Pokroi,Pakruojis,Pakruojis
1361,-2617520,4106,Polangen,PALANGA,Palanga,Palanga,Palanga,Palanga
1362,-2617615,4111,Ponediel,PANDELYS,Pandelys,Ponedel,Pandėlys,Pandėlys
1363,-2617618,4112,Panemunelis,PANEMUNELIS,Panemunelis,Ponemunok,Panemunėlis,Panemunėlis
1364,-2617631,4114,Poneviezh,PANEVEZYS,Panevezys,Ponevezh,Panevėžys,Panevėžys
1365,-2617635,4115,Pananishki,PANOSISKES,Panosiskes,Panashishki,Panošiškės,Panošiškės
1366,-2617657,4118,Popeliany,PAPILE,Papile,Popieliany,Papilė,Papilė
1367,-521003,4121,Paradyż,PARADYZ,Paradyz,Paradyż,Paradyż,Paradyż
1368,-1947678,4122,Parafianovo,PARAFIANOW,Parafyanovo,Parafyanovo,Parafjanowo,Paraf'yanovo
1369,-521034,4126,Parczew,PARCZEW,Parczew,Parczew,Parczew,Parczew
2595,-2277157,4134,Pirlita,PARLITA,Pirlita,Pyrlitsa,Pârliţa,Pyrlitsa
1370,-521091,4137,Parysów,PARYSOW,Parysow,Parysów,Parysów,Parysów
1371,,4140,Pasewalk,PASEWALK,Kolonia Izaaka,Kolonia Izaaka,Kolonia Izaaka,
2673,,4140,Pasewalk,PASEWALK,Kolonia Izaaka,Kolonia Izaaka,Kolonia Izaaka,
1372,,4141,Pasieczna,PASIECZNA,Kolonia Izaaka,Kolonia Izaaka,Kolonia Izaaka,
1373,-2617762,4144,Posvol,PASVALYS,Pasvalys,Posvol,Pasvalys,Pasvalys
1374,-2617768,4145,Poshvityn,PASVITINYS,Pasvitinys,Poshvityn',Pašvitinys,Pašvitinys
1375,-1049945,4152,Pavlograd,PAVLOGRAD,Pavlohrad,Pavlograd,Pavlograd,Pavlograd
1376,-1050019,4154,Pavoloch,PAVOLOCH,Pavoloch,Pavoloch,Pavoloch,Pavoloch
1377,-1050048,4157,Pechara,PECHERA,Pechora,Pechara,Pechera,Pechora
1378,-1050032,4162,Peczeniżyn,PECZENIZYN,Pechenizhyn,Peczeniżyn,Peczeniżyn,Pechenizhyn
2707,,4164,Peiskretscham,PEISKRETSCHAM,Kolonia Izaaka,Kolonia Izaaka,Kolonia Izaaka,
1379,-1050105,4171,Perekop,PEREKOP,Perekop,Perekop,Perekop,Perekop
1380,-2624430,4174,Pernov,PERNU,Parnu,Pernov,Pärnu,Pärnu
1381,-1050242,4178,Bogopol,PERVOMAYSK (III),Pervomaysk,Olviopol,Pervomaysk,Pervomaysk
1382,-1050298,4179,Peschanka,PESCHANAYA,Pishchanka,Peschanka,Peschanka,Peschanka
1383,-1050292,4180,Peschana,PESCHANNAYA,Pishchana,Peschana,Peschannaya,Peschana
2653,,4188,Petrauti,PETRAUTI,Kolonia Izaaka,Kolonia Izaaka,Kolonia Izaaka,
1384,-1947888,4189,Petrikov,PETRIKOV,Pyetrykaw,Petrikov,Petrikov,Petrikov
1385,-2981595,4193,Petrovichi,PETROVICHI,Petrovichi,Petrovichi,Petrovichi,Petrovichi
1386,-521463,4206,Piaseczno,PIASECZNO (II),Piaseczno,Piaseczno,Piaseczno,Piaseczno
1387,-1947863,4207,Peski,PIASKI,Peski,Piaski,Piaski,Peski
1388,-521547,4208,Piaski,PIASKI LUTERSKIE,Piaski Luterskie,Piaski,Piaski Luterskie,Piaski Luterskie
1389,-521588,4210,Piątek,PIATEK,Piatek,Piątek,Piątek,Piątek
1390,-1051868,4212,Piatigory,PIATIGORY,Pyatyhory,Pyatigory,Pyatigory,Pyatigory
1391,-1051878,4213,Piatka,PIATKA,Pyatka,Piatka,Piatka,Pyatka
1392,-521588,4214,Piątek,PIATKOWA,Piatek,Piątek,Piątek,Piątek
1393,-521603,4215,Piontnitsa,PIATNICA,Piatnica,Piątnica,Piątnica,Piątnica
1394,-3211634,4218,Pridruisk,PIEDRUJA,Piedruja,Pridruiska,Piedruja,Piedruja
1395,-1050197,4220,Pereiaslavl,PIEREJASLAV,Pereyaslav Khmelnitskiy,Pereyaslav,Pierejaslav,Pereyaslav Khmelnitskiy
1396,-521781,4221,Pierzchnica,PIERZCHNICA,Pierzchnica,Pierzchnica,Pierzchnica,Pierzchnica
1397,-2617982,4224,Pikeli,PIKELIAI,Pikeliai,Pikeli,Pikeliai,Pikeliai
1398,-1048951,4225,Novyi Pikov,PIKOV,Novyy Pikov,Pikov,Pikov,Novyy Pikov
1399,-1050626,4226,Pilyava,PILAWA,Pylyava,Pilyava,Pilyava,Pilyava
1400,-521910,4228,Pilica,PILICA,Pilica,Pilica,Pilica,Pilica
1401,-2618013,4233,Pilvishki,PILVISKIAI,Pilviskiai,Pilwiszki,Pilviškiai,Pilviškiai
1402,-1050626,4234,Piliava,PILYAVA,Pylyava,Pilyava,Pilyava,Pilyava
1403,-521931,4235,Pilzno,PILZNO,Pilzno,Pilzno,Pilzno,Pilzno
1404,-521934,4236,Pińczów,PINCZOW,Pinczow,Pińczów,Pińczów,Pińczów
1405,-1947920,4238,Pinsk,PINSK,Pinsk,Pinsk,Pińsk,Pinsk
1406,-521970,4239,Piotrkowice,PIOTRKOWICE,Piotrkowice,Piotrkowice,Piotrkowice,Piotrkowice
1407,-521980,4240,Piotrkowo,PIOTRKOW KUJAWSKI,Piotrkow Kujawski,Piotrkowo,Piotrków Kujawski,Piotrków Kujawski
1408,-521986,4241,Piotrków,PIOTRKOW TRYBUNALSKI,Piotrkow Trybunalski,Piotrków,Piotrków,Piotrków Trybunalski
1409,-1050654,4243,Piriatin,PIRIATIN,Pyryatyn,Piryatin,Piriatin,Piryatin
1410,-1050697,4251,Pistyń,PISTYN,Pistyn,Pistyń,Pistyń,Pistyn
1411,-522105,4252,Piszczac,PISZCZAC,Piszczac,Piszczac,Piszczac,Piszczac
2702,,4255,Pitschen,PITSCHEN,Kolonia Izaaka,Kolonia Izaaka,Kolonia Izaaka,
1412,,4256,Piwniczna,PIWNICZNA,Kolonia Izaaka,Kolonia Izaaka,Kolonia Izaaka,
1413,-2618033,4257,Ploteli,PLATELIAI,Plateliai,Ploteli,Plateliai,Plateliai
1414,-3211743,4261,Pliavinas,PLAVINASI,Plavinas,Stockmannshof,Pļaviņas,Pļaviņas
1415,-522189,4262,Pławno,PLAWNO,Plawno,Pławno,Pławno,Pławno
1416,-1947957,4263,Pleshchenitsy,PLESHCHENITSY,Pleshchenitsy,Pleshchenitsy,Pleshchenitsy,Pleshchenitsy
1417,-522234,4265,Pleschen,PLESZEW,Pleszew,Pleschen,Pleszew,Pleszew
1418,-1050754,4267,Pliskov,PLISKOV,Plyskiv,Pliskov,Pliskov,Pliskov
1419,-1947980,4268,Plisa,PLISSA,Plissa,Plissa,Plissa,Plissa
1420,-522275,4269,Płock,PLOCK,Plock,Płock,Płock,Płock
1421,-522311,4272,Płońsk,PLONSK,Plonsk,Płońsk,Płońsk,Płońsk
2622,,4274,Plosca,PLOSCA,Kolonia Izaaka,Kolonia Izaaka,Kolonia Izaaka,
1422,-1947991,4275,Plotnitsa,PLOTNICA,Plotnitsa,Plotnitsa,Płotnica,Plotnitsa
1423,-2618072,4276,Plungiany,PLUNGE,Plunge,Plungiany,Plungė,Plungė
1424,-1948000,4277,Pliusy,PLUSY,Plyussy,Plusy,Plusy,Plyussy
1425,-522399,4280,Pinne,PNIEWY,Pniewy,Pinne,Pniewy,Pniewy
1426,,4281,Pniow,PNIOW,Kolonia Izaaka,Kolonia Izaaka,Kolonia Izaaka,
1427,,4282,Pobereze,POBEREZE,Kolonia Izaaka,Kolonia Izaaka,Kolonia Izaaka,
1428,-1948005,4284,Pobolovo,POBOLOVO,Pobolovo,Pobolovo,Pobolovo,Pobolovo
1429,-2983573,4286,Pochinok,POCHINOK,Pochinok,Pochinok,Pochinok,Pochinok
1430,-1050831,4288,Novyi Pochaev,POCZAJOW,Pochayev,Pochaev,Poczajów,Pochayev
1431,-1050848,4291,Podbuż,PODBUZ,Podbuzh,Podbuż,Podbuż,Podbuzh
1432,-522499,4292,Poddembice,PODDEMBICE,,,,
1433,-1948026,4293,Poddobrianka,PODDOBRIANKA,Poddobryanka,Poddobryanka,Poddobrianka,Poddobryanka
1434,-1050871,4295,Podhajce,PODHAJCE,Pidhaytsi,Podhajce,Podhajce,Podgaytsy
1435,,4297,Podhorodyszcze,PODHORODYSZCZE,Kolonia Izaaka,Kolonia Izaaka,Kolonia Izaaka,
1436,-1050909,4299,Podkamień,PODKAMIEN (I),Pidkamin,Podkamień,Podkamień,Podkamen'
1437,-1050909,4300,Podkamień,PODKAMIEN (II),Pidkamin,Podkamień,Podkamień,Podkamen'
1438,-1051014,4306,Podwołoczyska,PODWOLOCZYSKA,Pidvolochys'k,Podwołoczyska,Podwołoczyska,Podvolochisk
1439,-2984446,4308,Pogar,POGAR,Pogar,Pogar,Pogar,Pogar
1440,-1948136,4310,Pogost,POGOST (II),Pahost,Pogost,Pogost,Pogost
1441,-1051066,4311,Pogrebishche,POGREBISHCHE,Pohrebyshche,Pogrebishche,Pogrebishche,Pogrebishche
1442,-1948140,4314,Pogost-Zagorodskii,POHOST ZAHORODZKI,Pahost Zaharodzki,Pohost,Pohost Zahorodny,Pogost-Zagorodskiy
1443,-1060217,4315,Pogost-Zariechnoi,POHOST ZARZECZNY,Zarichne,Pogost,Pohost Zarzeczny,Zarechnoye
1444,-1051084,4318,Pokotilova,POKOTILOVO,Pokatilovo,Pokotilova,Pokotilovo,Pokatilovo
1445,-522990,4319,Połaniec,POLANIEC,Polaniec,Połaniec,Połaniec,Połaniec
1446,-1051161,4324,Pologi,POLOGI,Polohy,Pologi,Chubarovka,Pologi
1447,-1948178,4325,Polonka,POLONKA,Polonka,Polonka,Połonka,Polonka
1448,-1051178,4326,Polonnoe,POLONNOYE,Polonne,Polonnoye,Polonnoye,Polonnoye
1449,-1948152,4327,Polotsk,POLOTSK,Polatsk,Polotsk,Polotsk,Polotsk
1450,-1051195,4328,Poltava,POLTAVA,Poltava,Poltava,Poltava,Poltava
1451,,4330,Pomiechowek,POMIECHOWEK,Kolonia Izaaka,Kolonia Izaaka,Kolonia Izaaka,
1452,-1051256,4331,Pomorzany,POMORZANY,Pomoryany,Pomorzany,Pomorzany,Pomoryany
1453,-1051262,4333,Paninka,PONINKA,Poninka,Poninka,Poninka,Poninka
1454,-1051281,4334,Popelnia,POPELNIA,Popel'nya,Popelnia,Popelnia,Popel'nya
1455,-1051330,4335,Popovtsy,POPOVTSY,Popovtsy,Popovtsy,Popovtsy,Popovtsy
1456,,4336,Popowo Koscielne,POPOWO KOSCIELNE,Kolonia Izaaka,Kolonia Izaaka,Kolonia Izaaka,
1457,-523405,4340,Poremba-Kotsemby,POREMBA-KOTSEMBY,,,,
1458,-868066,4342,Porohy,POROHY,,,,
1459,,4343,Porombka,POROMBKA,Kolonia Izaaka,Kolonia Izaaka,Kolonia Izaaka,
1460,-1948427,4345,Prozoroki,POROZORKI,Prozoroki,Prozoroki,Prozoroki,Prozoroki
1461,-1948277,4346,Porozovo,POROZOW,Porazava,Porozovo,Porozów,Porozovo
1462,-1948264,4349,Poreche,PORZECZE,Porechye,Porech'ye,Porzecze,Porech'ye
1463,-1947709,4350,Postavy,POSTAWY,Pastavy,Postavy,Postawy,Postavy
1464,-1061007,4352,Potok,POTOK ZLOTY,Zolotyy Potik,Potok,Potok Złoty,Zolotoy Potok
1465,-1051413,4354,Potylicz,POTYLICZ,Potelych,Potylicz,Potylicz,Potelich
1466,-523642,4358,Posen,POZNAN,Poznan,Posen,Poznań,Poznań
1467,-523695,4361,Praszka,PRASZKA,Praszka,Praszka,Praszka,Praszka
1468,-3211851,4363,Preli,PREILI,Preili,Prel,Preiļi,Preiļi
1469,-499313,4369,Friedland,PREUSSISCH-FRIEDLAND,Debrzno,Friedland,Preußisch Friedland,Debrzno
1470,-521145,4370,Preußisch Holland,PREUSSISCH-HOLLAND,Paslek,Preußisch Holland,Preußisch Holland,Pasłęk
1471,-3211876,4377,Prekuln,PRIEKULE,Priekule,Preekuln,Priekule,Priekule
1472,-2618166,4378,Preny,PRIENAI,Prienai,Preny,Prienai,Prienai
1473,-1051731,4381,Priluki,PRILUKI,Pryluky,Priluki,Priluki,Pryluky
1474,-1051638,4385,Probużna,PROBUZNA,Probezhna,Probużna,Probużna,Probezhna
1475,-1051667,4387,Grafskaia,PROLETARSKOYE,Proletarskiy,Grafskaya,Proletarskoye,Proletarskiy
1476,-1949631,4388,Propoisk,PROPOISK,Slawharad,Propoisk,Propoisk,Slavgorod
1477,-1041435,4389,Proskurov,PROSKUROV,Khmelnytskyy,Proskurov,Proskurov,Khmelnitsky
1478,,4391,Prostken,PROSTKEN,Kolonia Izaaka,Kolonia Izaaka,Kolonia Izaaka,
1479,-523798,4392,Prostyń,PROSTYN,Prostyn,Prostyń,Prostyń,Prostyń
1480,-523810,4393,Proszowice,PROSZOWICE,Proszowice,Proszowice,Proszowice,Proszowice
1481,-523818,4394,Pruchnik,PRUCHNIK,Pruchnik,Pruchnik,Pruchnik Miasto,Pruchnik
1482,-523884,4398,Pruszków,PRUSZKOW,Pruszkow,Pruszków,Pruszków,Pruszków
1483,-1948472,4399,Pruzhany,PRUZHANA,Pruzhany,Pruzhany,Prużana,Pruzhany
1484,-523920,4401,Przecław,PRZECLAW,Przeclaw,Przecław,Przecław,Przecław
1485,-524021,4404,Przemyśl,PRZEMYSL,Przemysl,Przemyśl,Przemyśl,Przemyśl
1486,-1050142,4405,Przemyślany,PRZEMYSLANY,Peremyshlyany,Przemyślany,Przemyślany,Peremyshlyany
1487,-524048,4406,Przherosl,PRZEROSL,Przerosl,Przerośl,Przerośl,Przerośl
1488,,4408,Przyborowice Gorne,PRZYBOROWICE GORNE,Kolonia Izaaka,Kolonia Izaaka,Kolonia Izaaka,
1489,,4410,Przyglow,PRZYGLOW,Kolonia Izaaka,Kolonia Izaaka,Kolonia Izaaka,
1490,-524309,4411,Przyrów,PRZYROW,Przyrow,Przyrów,Przyrów,Przyrów
1491,-524359,4412,Przysucha,PRZYSUCHA,Przysucha,Przysucha,Przysucha,Przysucha
1492,-2989168,4414,Pskov,PSKOV,Pskov,Pskov,Pskov,Pskov
2717,-524482,4415,Pszczyna,PSZCZYNA,Pszczyna,Pleß,Pszczyna,Pszczyna
1493,-1948498,4421,Pukhovichi Stan III,PUKHOVICHI,Pukhavichy,Pukhovichi,Pukhovichi,Pukhovichi
1494,-524540,4423,Nowa Aleksandria,PULAWY,Pulawy,Nowa Aleksandria,Puławy,Puławy
1495,-524549,4424,Pułtusk,PULTUSK,Pultusk,Pułtusk,Pułtusk,Pułtusk
1496,-2618206,4425,Pompiany,PUMPENAI,Pumpenai,Pompiany,Pumpėnai,Pumpėnai
1497,-524553,4427,Punsk,PUNSK,Punsk,Puńsk,Puńsk,Puńsk
2660,-1051823,4433,Putyla,PUTILA,Putyla,Putilla,Putila,Putila
1498,,4436,Pyritz,PYRITZ,Kolonia Izaaka,Kolonia Izaaka,Kolonia Izaaka,
2669,,4436,Pyritz,PYRITZ,Kolonia Izaaka,Kolonia Izaaka,Kolonia Izaaka,
1499,-524651,4438,Pysznica,PYSZNICA,Pysznica,Pysznica,Pysznica,Pysznica
1500,-524656,4439,Pyzdry,PYZDRY,Pyzdry,Pyzdry,Pyzdry,Pyzdry
1501,-524684,4444,Rabka,RABKA,Rabka,Rabka,Rabka,Rabka
1502,-1051972,4447,Rokhmanovo,RACHMANOWO,Rakhmanov,Rokhmanov,Rachmanów,Rokhmanov
1503,-524708,4448,Raciąż,RACIONZH,Raciaz,Raciąż,Raciąż,Raciąż
1504,-524755,4451,Rachki,RACZKI,Raczki,Raczki,Raczki,Raczki
2602,-1168197,4452,Radauti,RADAUTI,Radauti,,Rădăuţi,Rădăuţi
2629,-1168196,4452,Radauti,RADAUTI,Radauti,Radautz,Rădăuţi,Rădăuţi
1505,-524803,4454,Radgoszcz,RADGOSZCZ,Radgoszcz,Radgoszcz,Radgoszcz,Radgoszcz
1506,-524833,4455,Radłów,RADLOW,Radlow,Radłów,Radłów,Radłów
1507,-524856,4456,Radom,RADOM,Radom,Radom,Radom,Radom
1508,-524875,4457,Nowo-Radomsk,RADOMSKO,Radomsko,Nowo-Radomsk,Radomsko,Radomsko
1509,-1051928,4458,Radomysl,RADOMYSL,Radomyshl,Radomysl',Radomysl',Radomyshl'
1510,-524880,4460,Radomyśl,RADOMYSL WIELKI,Radomysl Wielki,Radomyśl,Radomyśl Wielki,Radomyśl Wielki
1511,-1948592,4463,Radoshkovichi,RADOSZKOWICZE,Radashkovichy,Radoshkovichi,Radoszkowicze,Radoshkovichi
1512,-524927,4464,Radoszyce,RADOSZYCE,Radoszyce,Radoszyce,Radoszyce,Radoszyce
1513,-1948600,4466,Radun,RADUN,Radun,Radun,Raduń,Radun
1514,-2618313,4467,Radzivilishki,RADVILISKIS,Radviliskis,Radvilishki,Radviliškis,Radviliškis
1515,-524975,4469,Radymno,RADYMNO,Radymno,Radymno,Radymno,Radymno
1516,-524980,4470,Radzanów,RADZANOW,Radzanow,Radzanów,Radzanów,Radzanów
1517,-1051905,4471,Radziechów,RADZIECHOW,Radekhiv,Radziechów,Radziechów,Radekhov
1518,-525026,4473,Radzilovo,RADZILOW,Radzilow,Radziłów,Radziłów,Radziłów
1519,-1037228,4474,Radzivilov,RADZIWILOW,Radyvyliv,Radzivilov,Radziwiłłów,Chervonoarmeisk
1520,-525047,4475,Radzymin,RADZYMIN,Radzymin,Radzymin,Radzymin,Radzymin
1521,-525055,4476,Radzyń,RADZYN,Radzyn Podlaski,Radzyń,Radzyń,Radzyń Podlaski
1522,-1051968,4478,Rafalovka,RAFALOWKA,Rafalivka,Rafalovka,Rafałówka,Rafalovka
1523,-2618327,4480,Rogovo,RAGUVA,Raguva,Rogovo,Raguva,Raguva
1524,-1052079,4482,Raigorodok,RAIGORODOK,Rayhorodok,Raygorodok,Raygorodok,Raygorodok
1525,-525069,4484,Rajcza,RAJCZA,Rajcza,Rajcza,Rajcza,Rajcza
1526,-525073,4486,Raigrod,RAJGROD,Rajgrod,Rajgród,Rajgród,Rajgród
1527,-1948620,4496,Rakov,RAKOW (I),Rakov,Rakov,Raków,Rakov
1528,-525107,4497,Raków,RAKOW (II),Rakow,Raków,Raków,Raków
1529,-2618376,4501,Remigola,RAMYGALA,Ramygala,Remigola,Ramygala,Ramygala
1530,-525174,4503,Ranischau,RANIZOW,Ranizow,Ranischau,Raniżów,Raniżów
1531,-2618385,4504,Rossieny,RASEINIAI,Raseiniai,Rossieny,Raseiniai,Raseiniai
1532,-2277170,4505,Rashkov,RASHKOV,Rascov,Rashkov,Rashkov,Rashkov
1533,-507512,4508,Rastenburg,RASTENBURG,Ketrzyn,Rastenburg,Rastenburg,Kętrzyn
2664,-1052442,4509,Roztoky,RASTOACE,Roztoky,Rostoki,Răstoace,Roztoky
2718,-524723,4511,Raciborz,RATIBOR,Raciborz,Ratibor,Ratibor,Racibórz
1534,-1052051,4513,Ratno,RATNO,Ratne,Ratno,Ratno,Ratno
1535,-524723,4514,Ratibor,RATZEBUHR,Raciborz,Ratibor,Ratibor,Racibórz
1536,-525251,4518,Rawa,RAWA MAZOWIECKA,Rawa Mazowiecka,Rawa,Rawa Mazowiecka,Rawa Mazowiecka
1537,-1052059,4519,Rawa Ruska,RAWA RUSKA,Rava Ruska,Rawa Ruska,Rawa Ruska,Rava-Russkaya
1538,-525257,4520,Rawitsch,RAWICZ,Rawicz,Rawitsch,Rawicz,Rawicz
1539,-1052073,4521,Raigorod,RAYGOROD,Raihorod,Raygorod,Raygorod,Raygorod
1540,-1948675,4524,Riechitsa,RECHITSA,Rechytsa,Rechitsa,Rechitsa,Rechitsa
1541,,4531,Regenwalde,REGENWALDE,Kolonia Izaaka,Kolonia Izaaka,Kolonia Izaaka,
2676,,4531,Regenwalde,REGENWALDE,Kolonia Izaaka,Kolonia Izaaka,Kolonia Izaaka,
2738,-500600,4536,Dzierzoniow,REICHENBACH (II),Dzierzoniow,Reichenbach,Reichenbach,Dzierżoniów
1542,-525383,4545,Rejowiec,REJOWIEC,Rejowiec,Rejowiec,Rejowiec,Rejowiec
1543,-525421,4547,Rembertów,REMBERTOW,Rembertow,Rembertów,Rembertów,Rembertów
1544,-1052170,4551,Reni,RENI,Reni,Reni,Reni,Reni
1545,-3212185,4559,Riezhitsa,REZEKNE,Rezekne,Rezhitsa,Rēzekne,Rēzekne
1546,-1948976,4570,Riasna,RIASNA,Rasna,Ryasna,Riasna,Ryasna
1547,-3212203,4576,Rybinishki,RIEBENI,Riebini,Ribenishki,Riebiņi,Riebiņi
1548,-523655,4578,Riesenburg,RIESENBURG,Prabuty,Riesenburg,Riesenburg,Prabuty
1549,-2618479,4579,Retovo,RIETAVAS,Rietavas,Rietovo,Rietavas,Rietavas
1550,-3212216,4580,Riga,RIGA,Riga,Riga,Rīga,Rīga
1551,-1052392,4599,Rosulna,ROESSEL,Rosil'na,Rosulna,Rosulna,Rosilno
1552,-1948730,4600,Rogachev,ROGACHEYV (I),Rahachow,Rogachev,Rogachev,Rogachev
1553,-525659,4603,Rogasen,ROGOZNO,Rogozno,Rogasen,Rogoźno,Rogoźno
1554,-1052282,4604,Rohatyn,ROHATYN,Rohatyn,Rohatyn,Rohatyn,Rogatin
1555,-2618550,4606,Rakishki,ROKISKIS,Rokiskis,Rakishki,Rokiškis,Rokiškis
1556,-1052325,4607,Rokitno,ROKITNO,Rokytne,Rokitno,Rokitno,Rokitnoye
1557,-1051991,4608,Rokitne,ROKITNOYE,Rokytne,Rokitno,Rokitnoye,Rakitnoye
1558,-1038442,4613,Romanov,ROMANOV,Romaniv,Romanov,Romanov,Dzerzhinsk
1559,-1052377,4620,Romny,ROMNY,Romny,Romny,Romny,Romny
1560,-525798,4627,Ropczyce,ROPCZYCE,Ropczyce,Ropczyce,Ropczyce,Ropczyce
1561,-1948769,4628,Ross,ROS,Ros,Ros,Roś,Ross
1562,-1948773,4629,Rossasna,ROSASNA,Rasasna,Rossasna,Rossasna,Rossasna
2744,-519708,4631,Olesno,ROSENBERG (I),Olesno,Rosenberg,Rosenberg,Olesno
1563,-1948764,4637,Rositsa,ROSITSA,Rositsa,Rositsa,Rositsa,Rositsa
1564,-2993079,4639,Roslavl,ROSLAVL,Roslavl,Roslavl,Roslavl,Roslavl
1565,-525869,4643,Rossosz,ROSSOSZ,Rossosz,Rossosz,Rossosz,Rossosz
1566,-2993218,4645,Rostov-na-Donu,ROSTOV-ON-DON,Rostov Na-Donu,Rostov-na-Donu,Rostov-na-Donu,Rostov-na-Donu
1567,-1052392,4646,Rosulna,ROSULNA,Rosil'na,Rosulna,Rosulna,Rosilno
1568,-1052451,4651,Rotmistrova,ROTMISTROVKA,Rotmistrivka,Rotmistrovka,Rotmistrovka,Rotmistrovka
1569,-1052060,4661,Rovnopol,ROVNOPOL,Rivnopillia,Rovnopol',Rovnopol',Rovnopol'
1570,-1052247,4663,Rovno,ROWNE,Rivne,Rovno,Równe,Rovno
1571,-2618567,4664,Rozalin,ROZALIMAS,Rozalimas,Rozalin,Rozalimas,Rozalimas
1572,-525970,4665,Różan,ROZAN,Rozan,Różan,Różan,Różan
1573,-1052499,4667,Rozdół,ROZDOL,Rozdil,Rozdół,Rozdół,Rozdol
1574,-1948969,4668,Rozhany,ROZHANA,Ruzhany,Ruzhany,Różana,Ruzhany
1575,-1948802,4669,Rozhanka,ROZHANKA,Rozhanka,Rozhanka,Różanka,Rozhanka
1576,-1052521,4675,Rożnów,ROZNOW,Rozhniv,Rożnów,Rożnów,Rozhnov
1577,-526084,4677,Rozprza,ROZPRZA,Rozprza,Rozprza,Rozprza,Rozprza
1578,-526110,4678,Rozwadów,ROZWADOW,Rozwadow,Rozwadów,Rozwadów,Rozwadów
1579,-1052515,4679,Bolshaia Volnianka,ROZYSZCZE,Rozhyshche,Rozhishche,Rożyszcze,Rozhishche
1580,-1948821,4682,Rubel,RUBIEL,Rubel,Rubel,Rubiel,Rubel'
1581,-1948829,4683,Rubiazhevichi,RUBIEZHOWICZE,Rubiazhevichy,Rubezhevichi,Rubieżewicze,Rubezhevichi
1582,-2618590,4684,Rudomino,RUDAMINA,Rudamina,Rudomino,Rudomino,Rudamina
1583,,4685,Ruda Pabianicka,RUDA PABIANICKA,Kolonia Izaaka,Kolonia Izaaka,Kolonia Izaaka,
2711,,4686,Ruda Slaska,RUDA SLASKA,Kolonia Izaaka,Kolonia Izaaka,Kolonia Izaaka,
1584,-1948855,4687,Rudensk,RUDENSK,Rudensk,Rudensk,Rudensk,Rudensk
1585,,4688,Rudka,RUDKA,Kolonia Izaaka,Kolonia Izaaka,Kolonia Izaaka,
1586,-526330,4690,Rudnik,RUDNIK,Rudnik Nad Sanem,Rudnik,Rudnik nad Sanem,Rudnik
1587,,4690,Rudnik,RUDNIK,Kolonia Izaaka,Kolonia Izaaka,Kolonia Izaaka,
1588,-2993839,4691,Rudnia,RUDNIYA,Rudnya,Rudnya,Rudnya,Rudnya
1589,,4694,Ruegenwalde,RUEGENWALDE,Kolonia Izaaka,Kolonia Izaaka,Kolonia Izaaka,
2684,,4694,Ruegenwalde,RUEGENWALDE,Kolonia Izaaka,Kolonia Izaaka,Kolonia Izaaka,
1590,-3212384,4699,Ruen,RUJIENA,Rujiena,Ruen,Rūjiena,Rūjiena
1591,,4702,Rummelsburg,RUMMELSBURG,Kolonia Izaaka,Kolonia Izaaka,Kolonia Izaaka,
2679,,4702,Rummelsburg,RUMMELSBURG,Kolonia Izaaka,Kolonia Izaaka,Kolonia Izaaka,
1592,-2618654,4703,Rumshishki,RUMSISKES,Rumsiskes,Rumshishki,Rumšiškės,Rumšiškės
1593,-526581,4710,Rutki,RUTKI-KOSSAKI,Rutki,Rutki,Rutki,Rutki
1594,-1052760,4712,Ruzhin,RUZHIN,Ruzhin,Ruzhin,Ruzhin,Ruzhin
2719,-526661,4715,Rybnik,RYBNIK (II),Rybnik,Rybnik,Rybnik,Rybnik
1595,-2277211,4716,Rybnitsy,RYBNITSA,Ribnita,Rybnitsy,Rybnitsa,Rybnitsa
1596,-526685,4717,Rybotycze,RYBOTYCZE,Rybotycze,Rybotycze,Rybotycze,Rybotycze
1597,-526716,4719,Rychwał,RYCHWAL,Rychwal,Rychwał,Rychwał,Rychwał
1598,-526736,4720,Ritschenwalde,RYCZYWOL,Ryczywol,Ritschenwalde,Ryczywół,Ryczywół
1599,-526761,4721,Ryglice,RYGLICE,Ryglice,Ryglice,Ryglice,Ryglice
1600,-526769,4723,Ryki,RYKI,Ryki,Ryki,Ryki,Ryki
1601,-526779,4725,Rymanów,RYMANOW,Rymanow,Rymanów,Rymanów,Rymanów
1602,-2618496,4726,Rimshan,RYMSZANY,Rimse,Rimshan,Rymszany,Rimšė
1603,-526806,4728,Rypin,RYPIN,Rypin,Rypin,Rypin,Rypin
1604,-1052833,4729,Ryzhanovka,RYZHNOVKA,Ryzhanivka,Ryzhanovka,Ryzhanovka,Ryzhanovka
1605,,4730,Rzeczyca,RZECZYCA,Kolonia Izaaka,Kolonia Izaaka,Kolonia Izaaka,
1606,-526960,4731,Rzepiennik Strzyżewski,RZEPIENNIK-STRZYZEWSKI,Rzepiennik Strzyzewski,Rzepiennik Strzyżewski,Rzepiennik Strzyżewski,Rzepiennik Strzyżewski
1607,-527004,4732,Rzeszów,RZESZOW,Rzeszow,Rzeszów,Rzeszów,Rzeszów
1608,-1052850,4734,Rzhishchev,RZHISHCHEV,Rzhyshchiv,Rzhishchëv,Rzhishchëv,Rzhishchëv
1609,,4735,Saalfeld (I),SAALFELD (I),Kolonia Izaaka,Kolonia Izaaka,Kolonia Izaaka,
1610,-3212456,4741,Tsabeln,SABILE,Sabile,Zabeln,Sabile,Sabile
1611,-3212185,4742,Rezhitsa,SABINKA,Rezekne,Rezhitsa,Rēzekne,Rēzekne
2633,-1052863,4746,Sadhora,SADAGURA,Sadhora,Sadagora,Sadagura,Sadgora
1612,-1055551,4747,Sądowa Wisznia,SADOWA WISZNIA,Sudova Vyshnya,Sądowa Wisznia,Sądowa Wisznia,Sudovaya Vishnya
1613,,4748,Sadowne,SADOWNE,Kolonia Izaaka,Kolonia Izaaka,Kolonia Izaaka,
2687,,4751,Sagan,SAGAN,Kolonia Izaaka,Kolonia Izaaka,Kolonia Izaaka,
1614,-2618721,4761,Shaki,SAKI,Sakiai,Szaki,Šakiai,Šakiai
1615,-1052933,4763,Saksagan,SAKSAGAN,Saksahan,Saksagan,Saksagan,Saksagan
1616,-2618738,4765,Soloki,SALAKAS,Salakas,Soloki,Salakas,Salakas
1617,-2618744,4767,Salanty,SALANTAI,Salantai,Salanty,Salantai,Salantai
1618,-3212504,4769,Frauenburg,SALDUS,Saldus,Frauenburg,Saldus,Saldus
1619,-1052957,4773,Salnitsa,SALNITSA,Sal'nitsa,Sal’nitsa,Sal’nitsa,Sal’nitsa
1620,-2618761,4774,Salaty,SALOCIAI,Salociai,Salaty,Saločiai,Saločiai
1621,-1052978,4783,Sambor,SAMBOR,Sambir,Sambor,Sambor,Sambor
1622,-1052985,4785,Samgorodok,SAMHORODOK,Samhorodok,Samgorodok,Samgorodok,Samgorodok
1623,-1949049,4786,Samokhvalovichi,SAMOKHVALOVICHI,Samokhvalovichi,Samokhvalovichi,Samokhvalovichi,Samokhvalovichi
1624,-1949050,4788,Samoteevichi,SAMOTEVICHI,Samotevichi,Samotevichi,Samotevichi,Samotevichi
1625,-527250,4791,Sandomierz,SANDOMIERZ,Sandomierz,Sandomierz,Sandomierz,Sandomierz
1626,-527265,4803,Sanniki,SANNIKI,Sanniki,Sanniki,Sanniki,Sanniki
2659,-1053407,4813,Serhiyi,SARGHIENI,Serhiyi,Sergie,Sârghieni,Sergii
1627,-527314,4818,Sarnaki,SARNAKI,Sarnaki,Sarnaki,Sarnaki,Sarnaki
1628,-1053050,4819,Sarny,SARNY (I),Sarny,Sarny,Sarny,Sarny
1629,-1053064,4832,Sassów,SASOW,Sasiv,Sassów,Sasów,Sasov
1630,-2618994,4834,Shesholi,SASUOLIAI,Sesuoliai,Shesholi,Šešuoliai,Šešuoliai
1631,-1053071,4835,Satanov,SATANOV,Sataniv,Satanov,Satanov,Satanov
1632,-2618871,4838,Shavkiany,SAUKENAI,Saukenai,Shavkyany,Šaukėnai,Šaukėnai
1633,-1053097,4842,Savran,SAVRAN,Savran,Savran,Savran,Savran
1634,-527389,4843,Sawin,SAWIN,Sawin,Sawin,Sawin,Sawin
1635,,4854,Schippenbeil,SCHIPPENBEIL,Kolonia Izaaka,Kolonia Izaaka,Kolonia Izaaka,
1636,-531405,4855,Schivelbein,SCHIVELBEIN,Swidwin,Schivelbein,Schivelbein,Świdwin
2683,,4857,Schlawe,SCHLAWE,Kolonia Izaaka,Kolonia Izaaka,Kolonia Izaaka,
1637,-498453,4861,Schloppe,SCHLOPPE,Czlopa,Schloppe,Schloppe,Człopa
1638,-1054168,4870,Schodnica,SCHODNICA,Skhidnitsya,Schodnica,Schodnica,Skhodnitsa
2690,,4891,Schweidnitz,SCHWEIDNITZ,Kolonia Izaaka,Kolonia Izaaka,Kolonia Izaaka,
1639,-528506,4897,Schwerin,SCHWERIN AN DER WARTHE,Skwierzyna,Schwerin,Schwerin,Skwierzyna
1640,-2277305,4901,Skuliany,SCULENI,Sculeni,Skulyany,Sculeni,Skulyany
1641,-2997511,4902,Sebezh,SEBEZH,Sebezh,Sebezh,Sebezh,Sebezh
1642,-527438,4904,Secemin,SECEMIN,Secemin,Secemin,Secemin,Secemin
1643,-1054565,4906,Sekuriany,SECURENI,Sokyryany,Sekuryany,Secureni,Sokiryany
2344,-2277248,4906,Secareni,SECURENI,Secareni,Sekareny,Secăreni,Sekareny
1644,-2618898,4907,Siady,SEDA,Seda,Siady,Seda,Seda
1645,-2618904,4910,Shadov,SEDUVA,Seduva,Shadova,Šeduva,Šeduva
1646,-527471,4911,Sędziszów,SEDZISZOW,Sedziszow Malopolski,Sędziszów,Sędziszów,Sędziszów Małopolski
1647,-2618917,4916,Seree,SEIRIJAI,Seirijai,Sereje,Seirijai,Seirijai
1648,-527476,4917,Seiny,SEJNY,Sejny,Seiny,Sejny,Sejny
2630,-1053194,4919,Selyatin,SELETIN,Selyatin,Seletin,Seletin,Selyatin
1649,-1949128,4920,Selets II,SELETS,Selets,Selets,Selets,Selets
1650,-1949141,4922,Seliba,SELIBA-YAKSHITSKAYA,Sialiba,Seliba,Seliba,Seliba
1651,-1053252,4930,Semenovka,SEMIONOVKA (I),Semenivka,Semënovka,Semionovka,Semënovka
1652,-1053239,4931,Semenovka,SEMIONOVKA (II),Semenivka,Semënovka,Semionovka,Semënovka
1653,-527514,4932,Zempelburg,SEMPOLNO,Sepolno Krajenskie,Zempelburg,Sępólno,Sępólno Krajeńskie
1654,-527467,4934,Sędziszów,SENDZISZOW,Sedziszow,Sędziszów,Sędziszów,Sędziszów
1655,-1949211,4938,Sienno,SENNO,Syanno,Senno,Senno,Senno
1656,,4939,Sensburg,SENSBURG,Kolonia Izaaka,Kolonia Izaaka,Kolonia Izaaka,
1657,-2618970,4947,Sredniki,SEREDZIUS,Seredzius,Sredniki,Seredžius,Seredžius
1658,-1053411,4951,Serniki,SERNIKI,Serniki Pervyye,Serniki,Serniki,Serniki Pervyye
1659,-527533,4952,Serock,SEROCK,Serock,Serock,Serock,Serock
1660,-527541,4953,Serokomla,SEROKOMLA,Serokomla,Serokomla,Serokomla,Serokomla
1661,-2618999,4954,Shaty,SETA,Seta,Shaty,Šėta,Šėta
1662,-1053419,4955,Sevastopol,SEVASTOPOL,Sevastopol,Sevastopol',Sevastopol',Sevastopol'
1663,-1949272,4965,Shamovo,SHAMOVO,Shamovo,Shamovo,Shamovo,Shamovo
1664,-1053493,4966,Shargorod,SHARGOROD,Sharhorod,Shargorod,Shargorod,Shargorod
1665,-1053502,4967,Sharavka,SHAROVKA,Sharovka,Sharovka,Sharovka,Sharovka
1666,-1053507,4968,Shatova,SHATAVA,Shatava,Shatova,Shatava,Shatava
1667,-1949311,4971,Shatsk,SHATSK,Shatsk,Shatsk,Shatsk,Shatsk
1668,-1949317,4972,Shchedrin,SHCHEDRIN,Shchadryn,Shchedrin,Shchedrin,Shchadryn
1669,-1053572,4973,Korzhovka,SHCHORS,Shchors,Snovsk,Snovsk,Shchors
1670,-1053619,4975,Shenderovka,SHENDEROVKA,Shenderivka,Shenderovka,Shenderovka,Shenderovka
1671,-1053629,4976,Shchepetovka,SHEPETOVKA,Shepetivka,Shchepetovka,Shepetovka,Shepetovka
1672,-1038013,4977,Dolinskaia,SHEVCHENKOVO,Dolyns'ka,Shevchenkovo,Shevchenkovo,Dolinskaya
1673,-1053829,4978,Stepanovka,SHIRIAEVO,Shyryayeve,Stepanovka,Shiriaevo,Shiryayevo
1674,-1949435,4980,Shklov,SHKLOV,Shklow,Shklov,Shklov,Shklov
1675,-1053904,4983,Shostka,SHOSTKA,Shostka,Shostka,Shostka,Shostka
1676,-1053923,4984,Shpikov,SHPIKOV,Shpykiv,Shpikov,Shpikov,Shpikov
1677,-1053926,4985,Shpola,SHPOLA,Shpola,Shpola,Shpola,Shpola
1678,-3003763,4989,Shumiachi,SHUMIACHI,Shumyachi,Shumiachi,Shumiachi,Shumiachi
1679,-1055845,4992,Sianki,SIANKI,Sianky,Sianki,Sianki,Syanki
1680,-2619010,4993,Shodyne,SIAUDINE,Siaudine,Szaudynie,Šiaudinė,Šiaudinė
1681,-2619022,4994,Shavliany,SIAULENAI,Siaulenai,Shavliany,Šiaulėnai,Šiaulėnai
1682,-2619027,4995,Shavli,SIAULIAI,Siauliai,Shavli,Šiauliai,Šiauliai
1683,-527612,5001,Sidra,SIDRA,Sidra,Sidra,Sidra,Sidra
1684,-527625,5002,Sieciechów,SIECIECHOW,Sieciechow,Sieciechów,Sieciechów,Sieciechów
1685,-527648,5003,Siedlce,SIEDLCE,Siedlce,Siedlce,Siedlce,Siedlce
1686,-1950455,5007,Selets,SIELEC (I),Syalyets,Selets,Sielec,Syalyets
1687,-1053151,5008,Sielec,SIELEC (II),Silets,Sielec,Sielec,Selets
1688,-527779,5009,Sielec,SIELEC (III),Sielec,Sielec,Sielec,Sielec
2725,-527800,5010,Siemianowice Slaskie,SIEMIANOWICE SLASKIE,Siemianowice Slaskie,Siemianowitz / Laurahütte,Siemianowice / Huta Laury,Siemianowice Śląskie
1689,-527848,5013,Sieniawa,SIENIAWA,Sieniawa,Sieniawa,Sieniawa,Sieniawa
1690,-527881,5015,Siennica,SIENNICA,Siennica,Siennica,Siennica,Siennica
1691,-527888,5016,Sienno,SIENNO,Sienno,Sienno,Sienno,Sienno
1692,-527905,5017,Sieradz,SIERADZ,Sieradz,Sieradz,Sieradz,Sieradz
1693,-527961,5018,Sierpc,SIERPC,Sierpc,Sierpc,Sierpc,Sierpc
1694,-2619057,5019,Sesikai,SIESIKIAI,Siesikai,Sesikay,Siesikai,Siesikai
1695,-527994,5022,Siewierz,SIEWIERZ,Siewierz,Siewierz,Siewierz,Siewierz
1696,-2619074,5027,Shileli,SILALE,Silale,Shileli,Šilalė,Šilalė
1697,-2619114,5031,Shidlovo,SILUVA,Siluva,Shidlovo,Šiluva,Šiluva
1698,-1054041,5033,Simferopol,SIMFEROPOL,Simferopol,Simferopol,Simferopol,Simferopol'
1699,-2619128,5037,Simno,SIMNAS,Simnas,Simno,Simnas,Simnas
1700,-2619135,5039,Shimantsa,SIMONYS,Simonys,Shimantza,Šimonys,Šimonys
1701,-1054050,5040,Sinelnikov,SINELNIKOVO,Synel'nykove,Sinel'nikovo,Sinel'nikovo,Sinel'nikovo
1702,-1949539,5043,Siniavka,SINIAWKA,Sinyavka,Sinyavka,Siniawka,Sinyavka
2636,-1170659,5047,Siret,SIRET,Siret,Sereth,Siret,Siret
1703,-1949545,5049,Sirotino,SIROTINO,Sirotsina,Sirotino,Sirotino,Sirotino
1704,-2619161,5050,Shirvinty,SIRVINTOS,Sirvintos,Shirvinty,Širvintos,Širvintos
1705,-1054146,5060,Skała,SKALA (I),Skala Podilska,Skała,Skała,Skala-Podol'skaya
1706,-528115,5063,Skalbmierz,SKALBMIERZ,Skalbmierz,Skalbmierz,Skalbmierz,Skalbmierz
1707,-2619198,5065,Skopishki,SKAPISKIS,Skapiskis,Skopishki,Skapiškis,Skapiškis
1708,-528193,5067,Kamienna,SKARZYSKO-KAMIENNA,Skarzysko Kamienna,Kamienna,Skarżysko-Kamienna,Skarżysko-Kamienna
1709,-2619206,5068,Skavdvili,SKAUDVILE,Skaudvile,Skadvile,Skaudvilė,Skaudvilė
1710,-3212826,5069,Polishcheno,SKAUNE,Skaune,Polishcheno,Šķaune,Šķaune
1711,-528207,5070,Skawina,SKAWINA,Skawina,Skawina,Skawina,Skawina
1712,-528215,5071,Skępe,SKEPE,Skepe,Skępe,Skępe,Skępe
1713,-2329927,5072,Skidel,SKIDEL,Skidel,Skidel,Skidel,Skidel
1714,-2619219,5073,Skiemonys,SKIEMONYS,Skiemonys,Skemyany,Skiemonys,Skiemonys
1715,-528230,5074,Skierbieszów,SKIERBIESZOW,Skierbieszow,Skierbieszów,Skierbieszów,Skierbieszów
1716,-528235,5075,Skierniewice,SKIERNIEWICE,Skierniewice,Skierniewice,Skierniewice,Skierniewice
2716,-528259,5078,Skoczow,SKOCZOW,Skoczow,Skotschau,Skoczów,Skoczów
1717,-528268,5079,Schokken,SKOKI,Skoki,Schokken,Skoki,Skoki
1718,-528282,5081,Skołoszów,SKOLOSZOW,Skoloszow,Skołoszów,Skołoszów,Skołoszów
1719,-1949594,5084,Skorodnoe,SKORODNOYE,Skorodnoye,Skorodnoye,Skorodnoye,Skorodnoye
1720,-3212877,5085,Skrudelina,SKRUDALIENE,Skrudaliena,Skrudelina,Skrudaļiena,Skrudaļiena
1721,-1949607,5087,Skrygalov,SKRYGALOVO,Skrygalovo,Skrygalovo,Skrygalovo,Skrygalovo
1722,-528458,5089,Skrzynno,SKRZYNNO,Skrzynno,Skrzynno,Skrzynno,Skrzynno
1723,-528485,5090,Skulsk,SKULSK,Skulsk,Skulsk,Skulsk,Skulsk
1724,-2619282,5091,Shkudy,SKUODAS,Skuodas,Shkudy,Skuodas,Skuodas
1725,-1054232,5092,Skvira,SKVIRA,Skvira,Skvira,Skvira,Skvira
1726,-1054252,5096,Slavgorod na zemle Ts. S. Mirg,SLAVGOROD,Slavhorod,Slavgorod,Slavgorod,Slavgorod
1727,-1054378,5097,Slavianoserbsk,SLAVIANOSERBSK,Slov'yanoserbs'k,Slavyanoserbsk,Slavyanoserbsk,Slavyanoserbsk
1728,-1054266,5102,Sluvuta,SLAVUTA,Slavuta,Slavuta,Slavuta,Slavuta
1729,-1054379,5103,Slaviansk,SLAVYANSK,Slovyansk,Slavyansk,Slavyansk,Slavyansk
1730,-528544,5104,Sławatycze,SLAWATYCZE,Slawatycze,Sławatycze,Sławatycze,Sławatycze
1731,-528579,5105,Sławków,SLAWKOW,Slawkow,Sławków,Sławków,Sławków
1732,-528636,5106,Ślesin,SLESIN,Slesin,Ślesin,Ślesin,Ślesin
1733,-1949711,5109,Slobodka,SLOBODKA (I),Slobodka,Slobodka,Słobódka,Slobodka
1734,-3212960,5112,Shlok,SLOKA,Sloka,Shlok,Sloka,Sloka
1735,-528706,5113,Słomniki,SLOMNIKI,Slomniki,Słomniki,Słomniki,Słomniki
1736,-1949716,5114,Slonim,SLONIM,Slonim,Slonim,Słonim,Slonim
1737,-1054375,5115,Slovechno,SLOVECHNO,Slovechno,Slovechno,Slovechno,Slovechno
1738,-1949726,5116,Sloveni,SLOVENI,Sloveni,Sloveni,Sloveni,Sloveni
1739,-528806,5118,Słupca,SLUPCA,Slupca,Słupca,Słupca,Słupca
1740,-518599,5119,Słupia Nowa,SLUPIA NOWA,Nowa Slupia,Słupia Nowa,Słupia Nowa,Nowa Słupia
1741,-1949730,5120,Slutsk,SLUTSK,Slutsk,Slutsk,Slutsk,Slutsk
1742,-528870,5122,Służewo,SLUZEWO,Sluzewo,Służewo,Służewo,Służewo
1743,-1054390,5125,Smiela,SMIELA,Smila,Smiela,Smiela,Smela
1744,-1949739,5127,Smilovichi,SMILOVICHI,Smilavichy,Smilovichi,Smilovichi,Smilovichi
1745,-3212995,5128,Smilten,SMILTENE,Smiltene,Smilten,Smiltene,Smiltene
1746,-3006140,5129,Smolensk,SMOLENSK,Smolensk,Smolensk,Smolensk,Smolensk
1747,-1949757,5131,Smoliany,SMOLIANY,Smalyany,Smolyany,Smolyany,Smolyany
1748,-1054449,5134,Smorze,SMORZE MIASTECZKO,Smozhe,Smorze,Smorze Miasteczko,Smozhe
1749,-1054445,5135,Smotrich,SMOTRYCH,Smotrych,Smotrich,Smotrych,Smotrich
1750,-529099,5140,Sniadovo,SNIADOWO,Sniadowo,Śniadowo,Śniadowo,Śniadowo
1751,-1054484,5141,Śniatyn,SNIATYN,Snyatyn,Śniatyn,Śniatyn,Śniatyn
1752,-1054475,5143,Snitovka,SNITKOVKA,Snitivka,Snitovka,Snitovka,Snitovka
1753,-1949772,5144,Snov,SNOW,Snov,Snov,Snów,Snov
1754,-1054474,5146,Snitkov,SNYTHKOV,Snitkov,Snitkov,Snitkov,Snitkov
1755,-529184,5151,Sobków,SOBKOW,Sobkow,Sobków,Sobków,Sobków
1756,-1054495,5152,Sobolevka,SOBOLEVKA,Sobolevka,Sobolevka,Sobolevka,Sobolevka
1757,-529193,5153,Sobolew,SOBOLEW-PLACE,Sobolew,Sobolew,Sobolew,Sobolew
1758,-529207,5154,Sobota,SOBOTA,Sobota,Sobota,Sobota,Sobota
1759,-529226,5157,Sochaczew,SOCHACZEW,Sochaczew,Sochaczew,Sochaczew,Sochaczew
1760,-1054524,5163,Sofievka,SOFIEVKA,Sofiyivka,Sofiyevka,Sofiyevka,Sofiyevka
1761,-1054572,5166,Sokolets,SOKOLETS,Sokilets,Sokolets,Sokolets,Sokolets
1762,-529275,5168,Sokolka,SOKOLKA,Sokolka,Sokółka,Sokółka,Sokółka
1763,-1054584,5169,Sokolov,SOKOLOV (I),Sokolov,Sokolov,Sokolov,Sokolov
1764,-529319,5171,Sokołów,SOKOLOW (I),Sokolow Malopolski,Sokołów,Sokołów,Sokołów Małopolski
1765,-529334,5173,Sokołów,SOKOLOW (III),Sokolow Podlaski,Sokołów,Sokołów,Sokołów
1766,-529340,5175,Sokoly,SOKOLY,Sokoly,Sokoły,Sokoły,Sokoły
1767,-1054569,5176,Sokul,SOKUL,Sokol,Sokul',Sokul,Sokol
1768,-529368,5178,Solec,SOLEC NAD WISLA,Solec,Solec,Solec,Solec
1769,-2618748,5179,Bolshie Solochniki,SOLECZNIKI WIELKIE,Salcininkai,Solechniki Bol'shie,Soleczniki Wielkie,Šalčininkai
1770,-1054637,5185,Solobkovtsy,SOLOBKOVTSY,Solobkovtsy,Solobkovtsy,Solobkovtsy,Solobkovtsy
1771,-1054671,5186,Sołotwina,SOLOTWINA,Solotvyn,Sołotwina,Sołotwina,Solotvin
1772,-1949831,5190,Soly,SOLY,Soly,Soly,Soły,Soly
1773,-529418,5198,Sompolno,SOMPOLNO,Sompolno,Sompolno,Sompolno,Sompolno
1774,-1949838,5203,Sopotskin,SOPOCKINIE,Sapotskin,Sopoćkinie,Sopoćkinie,Sopotskin
1775,-2277338,5206,Soroki,SOROCA,Soroca,Soroki,Soroca,Soroki
1776,,5208,Sosnica,SOSNICA,Kolonia Izaaka,Kolonia Izaaka,Kolonia Izaaka,
1777,-1054749,5209,Sosnitsa,SOSNITSA,Sosnytsia,Sosnitsa,Sosnitsa,Sosnitsa
1778,-529474,5210,Sosnowica,SOSNOWICA,Sosnowica,Sosnowica,Sosnowica,Sosnowica
1779,-529478,5211,Sosnowiec,SOSNOWIEC,Sosnowiec,Sosnowiec,Sosnowiec,Sosnowiec
1780,,5217,Sowliny,SOWLINY,Kolonia Izaaka,Kolonia Izaaka,Kolonia Izaaka,
1781,,5220,Spas,SPAS,Kolonia Izaaka,Kolonia Izaaka,Kolonia Izaaka,
1782,-1054824,5231,Spichintsy,SPITHENCY,Spichintsy,Spichintsy,Spichintsy,Spichintsy
2688,,5235,Sprottau,SPROTTAU,Kolonia Izaaka,Kolonia Izaaka,Kolonia Izaaka,
1783,-529622,5236,Schrimm,SREM,Srem,Schrimm,Śrem,Śrem
1784,,5238,Srocko,SROCKO,Kolonia Izaaka,Kolonia Izaaka,Kolonia Izaaka,
1785,-529634,5239,Schroda,SRODA,Sroda Wielkopolska,Schroda,Środa,Środa
1786,-1949909,5240,Stakhovo,STACHOW,Stachava,Stakhovo,Stachów,Stakhovo
1787,-2619467,5246,Stoklishki,STAKLISKES,Stakliskes,Stoklishki,Stakliškės,Stakliškės
1788,-3034353,5248,Tsaritsin,STALINGRAD,Volgograd,Tsaritsyn,Stalingrad,Stalingrad
1789,-1038078,5249,Iuzovka,STALINO,Donetsk,Yuzovka,Stalino,Stalino
1790,-2964260,5250,Stallupönen,STALLUPOENEN,Nesterov,Stallupönen,Stallupönen,Nesterov
2623,,5251,Stanestil De Jos,STANESTIL DE JOS,Kolonia Izaaka,Kolonia Izaaka,Kolonia Izaaka,
1791,-1054907,5254,Stanislavchik,STANISLAVCHIK,Stanislavchyk,Stanislavchik,Stanislavchik,Stanislavchik
1792,-1054909,5255,Stanisławczyk,STANISLAWCZYK,Stanislavchyk,Stanisławczyk,Stanisławczyk,Stanislavchik
1793,-1040327,5256,Stanislau,STANISLAWOW (I),Ivano Frankivsk,Stanislau,Stanisławów,Ivano-Frankovsk
1794,-529736,5257,Stanislawow,STANISLAWOW (II),Stanislawow,Stanisławów,Stanisławów,Stanisławów
1795,-1054983,5265,Staraia Siniava,STARAYA SINYAVA,Stara Sinyava,Sinyava Staraya,Staraya Sinyava,Staraya Sinyava
1796,-1054989,5266,Staraia Ushitsa,STARAYA USHITSA,Stara Ushytsya,Staraya Ushitsa,Staraya Ushitsa,Staraya Ushitsa
1797,-3009831,5267,Staraia Russa,STARAYIA RUSSA,Staraya Russa,Staraya Russa,Staraya Russa,Staraya Russa
2670,-529996,5268,Stargard Szczecinski,STARGARD,Stargard Szczecinski,Stargard,Stargard,Stargard Szczeciński
1798,-1055017,5269,Starobielsk,STAROBELSK,Starobil's'k,Starobel'sk,Starobel'sk,Starobel'sk
1799,-1950011,5270,Starabin,STAROBIN,Starobin,Starobin,Starobin,Starobin
1800,-3010130,5271,Starodub,STARODUB,Starodub,Starodub,Starodub,Starodub
2769,-530010,5272,Starogard Gdanski,STAROGARD,Starogard Gdanski,Preußisch Stargard,Starogard,Starogard Gdański
1801,-1055031,5273,Starokonstantinov,STARO-KONSTANTINOV,Starokostyantyniv,Starokonstantinov,Starokonstantinov,Starokonstantinov
1802,-1950033,5275,Starosele,STAROSELYE,Starasel'lye,Starosel'ye,Starosel'ye,Starosel'ye
1803,-1055156,5276,Staro Zakrevskii Maidan,STARO-ZAKREVSKI MAYDAN,Staryi Zakrevskiy Maydan,Staro-Zakrevski Maydan,Stari Maydan,Stari Maydan
1804,-1055083,5277,Starunia,STARUNIA,Starunya,Starunia,Starunia,Starunya
1805,-1950077,5278,Staryia Dorogi,STARYE DOROGI,Staryya Darohi,Staryye Dorogi,Staryye Dorogi,Staryye Dorogi
1806,-1055135,5279,Staryi Krym,STARYI KRYM,Staryi Krym,Staryy Krym,Staryy Krym,Staryy Krym
1807,-1055147,5281,Staremiasto,STARY SAMBOR,Staryi Sambir,Staremiasto,Stary Sambor,Staryy Sambor
1808,-530111,5282,Stary Sącz,STARY SONCZ,Stary Sacz,Stary Sącz,Stary Sącz,Stary Sącz
1809,-530168,5284,Staszów,STASZOW,Staszow,Staszów,Staszów,Staszów
1810,-1055175,5286,Stavishche,STAVISHCHE,Stavishche,Stavishche,Stavishche,Stavishche
1811,-530198,5287,Staviski,STAWISKI,Stawiski,Stawiski,Stawiski,Stawiski
1812,-530204,5288,Stavishin,STAWISZYN,Stawiszyn,Stawiszyn,Stawiszyn,Stawiszyn
1813,-1055211,5289,Steblev,STEBLEV,Stebliv,Steblëv,Steblëv,Steblëv
1814,-1055217,5290,Stebnik,STEBNIK,Stebnyk,Stebnik,Stebnik,Stebnik
1815,-1055319,5291,Stecowa,STECOWA,Stetseva,Stecowa,Stecowa,Stetseva
2596,-2277287,5294,Stefanesti,STEFANESTI,Stefanesti,Shtefaneshty,Ştefăneşti,Shtefaneshty
2599,-1171260,5294,Stefanesti,STEFANESTI,Stefanesti,,Ştefăneşti-Târg,Ştefăneşti
2761,-527422,5297,Scinawa,STEINAU AN DER ODER,Scinawa,Steinau an der Oder,Steinau an der Oder,Steinau an der Oder
1816,-530337,5303,Stężyca,STENZHYCA,Stezyca,Stężyca,Stężyca,Stężyca
1817,-1055235,5304,Stepan,STEPAN,Stepan,Stepan,Stepań,Stepan'
1818,-1055283,5305,Stepantsy,STEPANTSY,Stepantsi,Stepantsy,Stepantsy,Stepantsy
1819,-530322,5307,Sterdyń,STERDYN,Sterdyn,Sterdyń,Sterdyń,Sterdyń
1820,-531881,5310,Stettin,STETTIN,Szczecin,Stettin,Stettin,Szczecin
1821,-1055332,5315,Stobykova,STOBYCHWA,Stobykhva,Stobykhva,Stobychwa,Stobykhva
1822,-530375,5319,Stoczek,STOCZEK (II),Stoczek,Stoczek,Stoczek,Stoczek
1823,-2619463,5323,Stoiatsishki,STOICISZKI,Stajetiske,Stoyatsishki,Stojaciszki,Stajetiškė
1824,-1055371,5324,Stojanów,STOJANOW,Stoyaniv,Stojanów,Stojanów,Stoyanov
1825,-530417,5325,Stok,STOK,Stok,Stok,Stok,Stok
1826,-1950196,5327,Stolin,STOLIN,Stolin,Stolin,Stolin,Stolin
1827,-1950199,5328,Stvolovichi,STOLOWICZE,Stalovichy,Stolovichi,Stołowicze,Stolovichi
1828,-528852,5329,Stolp,STOLP,Slupsk,Stolp,Stolp,Słupsk
1829,-1950207,5330,Stolbtsy,STOLPCE,Stowbtsy,Stolbtsy,Stołpce,Stolbtsy
1830,,5332,Stomporkow,STOMPORKOW,Kolonia Izaaka,Kolonia Izaaka,Kolonia Izaaka,
1831,-530463,5333,Stopnica,STOPNICA,Stopnica,Stopnica,Stopnica,Stopnica
2643,-1055363,5335,Storozhynets,STOROJINETI,Storozhynets,Storojinet,Storojineţ,Storozhinets
1832,,5337,Stralsund,STRALSUND,Kolonia Izaaka,Kolonia Izaaka,Kolonia Izaaka,
2682,,5337,Stralsund,STRALSUND,Kolonia Izaaka,Kolonia Izaaka,Kolonia Izaaka,
2693,,5348,Strehlen,STREHLEN,Kolonia Izaaka,Kolonia Izaaka,Kolonia Izaaka,
1833,-1950230,5351,Strieshin,STRESHIN,Streshyn,Streshin,Streshin,Streshin
2689,,5353,Striegau,STRIEGAU,Kolonia Izaaka,Kolonia Izaaka,Kolonia Izaaka,
1834,-530566,5355,Stromiec,STROMIEC-ZAGAJNIK,Stromiec,Stromiec,Stromiec,Stromiec
1835,-1055466,5359,Strusów,STRUSOW,Strusiv,Strusów,Strusów,Strusov
1836,-530680,5362,Stryków,STRYKOW,Strykow,Stryków,Stryków,Stryków
1837,-1055435,5363,Strizhavka,STRYZHAVKA,Strizhavka,Strizhavka,Strizhavka,Strizhavka
1838,-530732,5364,Strzegowo,STRZEGOWO,Strzegowo,Strzegowo,Strzegowo,Strzegowo-Osada
1839,-530777,5366,Strelno,STRZELNO,Strzelno,Strelno,Strzelno,Strzelno
1840,-530791,5368,Strzemieszyce Wielkie,STRZEMIESZYCE WIELKIE,Strzemieszyce Wielkie,Strzemieszyce Wielkie,Strzemieszyce Wielkie,Strzemieszyce Wielkie
1841,-1950265,5372,Studenets,STUDENETS,Studenets,Studenets,Studenets,Studenets
1842,-1055494,5373,Studenitsa,STUDENITSA,Studenitsa,Studenitsa,Studenitsa,Studenitsa
1843,-532311,5374,Stuhm,STUHM,Sztum,Stuhm,Stuhm,Sztum
2607,,5375,Stulpicani,STULPICANI,Kolonia Izaaka,Kolonia Izaaka,Kolonia Izaaka,
1844,-2619597,5379,Suboch,SUBACIUS,Subacius,Suboch,Subačius,Subačius
2651,-1171644,5383,Suceava,SUCEAVA,Suceava,Suczawa,Suceava,Suceava
1845,-530956,5384,Sucha,SUCHA,Sucha Beskidzka,Sucha,Sucha,Sucha
1846,-530992,5386,Suchedniów,SUCHEDNIOW,Suchedniow,Suchedniów,Suchedniów,Suchedniów
1847,-1055614,5387,Suchostaw,SUCHOSTAW,Sukhostav,Suchostaw,Suchostaw,Sukhostav
1848,-1055543,5391,Sudilkov,SUDILKOV,Sudylkiv,Sudilkov,Sudilkov,Sudilkov
2600,,5401,Sulita (I),SULITA (I),Kolonia Izaaka,Kolonia Izaaka,Kolonia Izaaka,
1849,-531196,5403,Sulmierzyce,SULMIERZYCE,Sulmierzyce,Sulmierzyce,Sulmierzyce,Sulmierzyce
1850,-1055659,5410,Sumy,SUMY,Sumy,Sumy,Sumy,Sumy
1851,-531239,5411,Suprasl,SUPRASL,Suprasl,Suprasl',Supraśl,Supraśl
1852,-531248,5414,Surazh,SURAZH (I),Suraz,Surazh,Suraż,Suraż
1853,-1950345,5416,Surazh,SURAZHI,Surazh,Surazh,Surazh,Surazh
1854,-2619680,5420,Suveinishki,SUVAINISKIS,Suvainiskis,Suveĭnishki,Suvainiškis,Suvainiškis
1855,-531306,5421,Suvalki,SUWALKI,Suwalki,Suwałki,Suwałki,Suwałki
1856,-2619694,5427,Sviadostse,SVEDASAI,Svedasai,Sviadostse,Svėdasai,Svėdasai
1857,-2619698,5428,Shvekshni,SVEKSNA,Sveksna,Shvekshny,Švėkšna,Švėkšna
1858,-1950392,5430,Sverzhen,SVERZHEN,Sverzhen,Sverzhen,Sverzhen,Sverzhen'
1859,-3014503,5433,Sviatskaia,SVIATSK,Svyatsk,Svyatsk,Svyatsk,Svyatsk
1860,-1947171,5434,Novyi Sverzhen,SVIERZEN-NOVY,Novy Svyerzhan,Sverzhen' Novy,Świerżeń Nowy,Novyy Sverzhen
1861,-531316,5437,Schwersenz,SWARZENDZ,Swarzedz,Schwersenz,Swarz&#281dz,Swarzędz
1862,-531429,5438,Schwetz,SWIECIE,Swiecie,Schwetz,Świecie,Świecie
1863,-2619706,5439,Sventsiany,SWIENCIANY,Svencionys,Shventsian,Święciany,Švenčionys
1864,-531507,5441,Świerże,SWIERZE,Swierze,Świerże,Świerże,Świerże
2723,-531573,5442,Swietochlowice,SWIETOCHLOWICE,Swietochlowice,Schwientochlowitz,Świętochłowice,Świętochłowice
1865,-531637,5443,Swinemünde,SWINEMUENDE,Swinoujscie,Swinemünde,Swinemünde,Świnoujście
1866,-1051602,5444,Sviniukhi,SWINIUCHY,Pryvitne,Svinyukhi,Świniuchy,Svinyukhi
1867,-1950415,5445,"Svir I, II, III",SWIR,Svir,Svir,Świr,Svir'
1868,-1055801,5446,Świrz,SWIRZ,Svirzh,Świrz,Świrz,Svirzh
1869,-1950425,5447,Svisloch,SWISLOCZ,Svislach,Svisloch,Świsłocz,Svisloch'
1870,-1057969,5450,Synowódzko Wyżne,SYNOWODZKO-WYZNE,Verkhneye Sinevidnoye,Synowódzko Wyżne,Synowódzko Wyżne,Verkhneye Sinevidnoye
1871,-1053510,5454,Shatsk,SZACK,Shatsk,Shatsk,Szack,Shatsk
1872,-531738,5455,Szadek,SZADEK,Szadek,Szadek,Szadek,Szadek
1873,-531780,5459,Samter,SZAMOTULY,Szamotuly,Samter,Szamotuły,Szamotuły
1874,-1949290,5461,Sharkovshchizna,SZARKOWSZCZYZNA,Sharkowshchyna,Sharkovshchizna,Szarkowszczyzna,Sharkovshchina
1875,-531857,5466,Szczawnica,SZCZAWNICA-WYZNA,Szczawnica,Szczawnica,Szczawnica,Szczawnica
1876,-531872,5467,Szczebrzeszyn,SZCZEBRZESZYN,Szczebrzeszyn,Szczebrzeszyn,Szczebrzeszyn,Szczebrzeszyn
1877,-531912,5468,Szczekociny,SZCZEKOCINY,Szczekociny,Szczekociny,Szczekociny,Szczekociny
1878,-531967,5469,Szczerców,SZCZERCOW,Szczercow,Szczerców,Szczerców,Szczerców
1879,-1053567,5470,Szczerzec,SZCZERZEC,Shchyrets,Szczerzec,Szczerzec,Shchirets
1880,-532001,5473,Shchuchin,SZCZUCZYN (I),Szczuczyn,Szczuczyn,Szczuczyn,Szczuczyn
1881,-1949356,5474,Shchuchin,SZCZUCZYN (II),Shchuchyn,Shchuchin,Szczuczyn,Shchuchyn
1882,-1053576,5476,Szczurowice,SZCZUROWICE,Shchurovychi,Szczurowice,Szczurowice,Shchurovichi
1883,,5485,Szelkow Nowy,SZELKOW NOWY,Kolonia Izaaka,Kolonia Izaaka,Kolonia Izaaka,
1884,-1949379,5493,Shereshevo,SZERESZOW,Sharashova,Shereshevo,Szereszów,Shereshevo
1885,-532301,5500,Szreńsk,SZRENSK,Szrensk,Szreńsk,Szreńsk,Szreńsk
1886,-532318,5501,Schubin,SZUBIN,Szubin,Schubin,Szubin,Szubin
1887,-532349,5502,Shumovo Gura,SZUMOWO NOWE,Szumowo,Szumowo Nowe,Szumowo Nowe,Szumowo
1888,-1053976,5503,Shumsk,SZUMSK,Shums'k,Shumsk,Szumsk,Shumskoye
1889,-532397,5504,Szydłów,SZYDLOW,Szydlow,Szydłów,Szydłów,Szydłów
1890,-3015246,5510,Taganrog,TAGANROG,Taganrog,Taganrog,Taganrog,Taganrog
1891,-2625660,5515,Revel,TALLINN,Tallinn,Revel,Tallinn,Tallinn
1892,-1055918,5517,Talnoe,TALNOE,Talne,Talnoe,Talnoe,Tal'noye
1893,-3213438,5518,Talsen,TALSI,Talsi,Talsen,Talsi,Talsi
1894,-2913552,5523,Tapiau,TAPIAU,Gvardeysk,Tapiau,Tapiau,Gvardeysk
1895,-1055950,5529,Tarashcha,TARASHCHA,Tarashcha,Tarashcha,Tarashcha,Tarashcha
1896,-532594,5531,Tarczyn,TARCZYN,Tarczyn,Tarczyn,Tarczyn,Tarczyn
1897,-1056486,5534,Torgovitsa,TARGOWICA,Torhovytsia,Torgovitsa,Targowica,Torgovitsa
1898,-532633,5544,Tarłów,TARLOW,Tarlow,Tarłów,Tarłów,Tarłów
1899,,5548,Tarnawa Nizna,TARNAWA NIZNA,Kolonia Izaaka,Kolonia Izaaka,Kolonia Izaaka,
1900,-532663,5551,Tarnogród,TARNOGROD,Tarnogrod,Tarnogród,Tarnogród,Tarnogród
1901,-1056204,5552,Tarnopol,TARNOPOL,Ternopil,Tarnopol,Tarnopol,Ternopol'
1902,-1056019,5553,Tarnoruda,TARNORUDA,Tarnoruda,Tarnoruda,Tarnoruda,Tarnorudka
1903,-532666,5554,Tarnów,TARNOW,Tarnow,Tarnów,Tarnów,Tarnów
2731,-532708,5555,Tarnowskie Gory,TARNOWSKIE GORY,Tarnowskie Gory,Tarnowitz,Tarnowskie Góry,Tarnowskie Góry
1904,-1056029,5558,Tartaków,TARTAKOW,Tartakiv,Tartaków,Tartaków,Tartakov
1905,-2625737,5559,Iurev,TARTU,Tartu,Yuryev,Tartu,Tartu
1906,-1056034,5560,Tarutino,TARUTINO,Tarutyne,Tarutino,Tarutina,Tarutino
1907,-1043681,5563,Tatarów,TATAROW,Tatariv,Tatarów,Tatarów,Tatarov
1908,-3016705,5564,Tatarsk,TATARSK,Tatarsk,Tatarsk,Tatarsk,Tatarsk
1909,-2619816,5568,Taurogen,TAURAGE,Taurage,Taurage,Tauragė,Tauragė
1910,-2619819,5569,Tavroginy,TAURAGENAI,Tauragnai,Tavroginy,Tauragnai,Tauragnai
2619,-1056070,5570,Tovtry,TAUTENI,Tovtry,Toutry,Tăuteni,Tauteny
1911,-532743,5571,Dirschau,TCZEW,Tczew,Dirschau,Tczew,Tczew
1912,-2619849,5577,Telshi,TELSIAI,Telsiai,Telshi,Telšiai,Telšiai
1913,-1950528,5582,Telekhany,TELECHANY,Telekhany,Telekhany,Telechany,Telekhany
1914,-1056108,5583,Telepino,TELEPINO,Telepyne,Telepino,Telepino,Telepino
1915,,5584,Telesnica Oszwarowa,TELESNICA OSZWAROWA,Kolonia Izaaka,Kolonia Izaaka,Kolonia Izaaka,
1916,-497919,5588,Tempelburg,TEMPELBURG,Czaplinek,Tempelburg,Tempelburg,Czaplinek
1917,-1056139,5589,Teofipol,TEOFIPOL,Teofipol,Teofipol,Teofipol,Teofipol'
1918,-1056146,5591,Teplik,TEPLIK,Teplik,Teplik,Teplik,Teplik
1919,-532844,5596,Terespol,TERESPOL,Terespol,Terespol,Terespol,Terespol
1920,-1056194,5598,Terlitsa,TERLICA,Terlytsia,Terlitsa,Terlitsa,Terlitsa
1921,-1056227,5599,Ternovka,TERNOVKA,Ternivka,Ternovka,Ternovka,Ternovka
1922,-1950590,5604,Teterin,TETERIN,Teterin,Teterin,Teterin,Teterin
1923,-1056276,5605,Tetiev,TETIEV,Tetiyev,Tetiev,Tetiev,Tetiyev
1924,-1038635,5614,Feodosiia,THEODOSIA,Feodosiya,Feodosiya,Feodosiya,Feodosiya
1925,-2276062,5625,Bendery,TIGHINA,Bender,Bendery,Tighina,Bender
1926,-3018517,5628,Tikhvin,TIKHVIN,Tikhvin,Tikhvin,Tikhvin,Tikhvin
1927,-3008427,5630,Tilsit,TILSIT,Sovetsk,Tilsit,Tilsit,Sovetsk
1928,-1950604,5633,Timkovichi,TIMKOVICHI,Tsimkavichy,Timkovichi,Timkovichi,Timkovichi
1929,-2277470,5637,Tiraspol,TIRASPOL,Tiraspol,Tiraspol,Tiraspol,Tiraspol'
1930,-2619878,5638,Tyrkshle,TIRKSLIAI,Tirksliai,Tyrkshlye,Tirkšliai,Tirkšliai
1931,-533276,5639,Tirschtiegel,TIRSCHTIEGEL,Trzciel,Tirschtiegel,Tirschtiegel,Trzciel
1932,-1057002,5660,Tyvrov,TIVROV,Tyvriv,Tivrov,Tivrov,Tyvrov
1933,,5662,Tlumaczyk,TLUMACZYK,Kolonia Izaaka,Kolonia Izaaka,Kolonia Izaaka,
1934,,5664,Tluste Wies,TLUSTE WIES,Kolonia Izaaka,Kolonia Izaaka,Kolonia Izaaka,
1935,-532887,5665,Tłuszcz,TLUSZCZ,Tluszcz,Tłuszcz,Tłuszcz,Tłuszcz
1936,-1950640,5670,Tolochin,TOLOCHIN,Talachyn,Tolochin,Tolochin,Tolochin
1937,-532973,5671,Tomaszów Mazowiecki,TOMASHOW MAZOWIECKI,Tomaszow Mazowiecki,Tomaszów Mazowiecki,Tomaszów Mazowiecki,Tomaszów Mazowiecki
1938,-1056432,5672,Tomashpol,TOMASHPOL,Tomashpol,Tomashpol',Tomashpol',Tomashpol'
1939,-1056426,5673,Tomashgrod,TOMASZGOROD,Tomashhorod,Tomashgrod,Tomaszgród,Tomashgorod
1940,-532972,5674,Tomaszów Lubelski,TOMASZOW LUBELSKI,Tomaszow Lubelski,Tomaszów Lubelski,Tomaszów Lubelski,Tomaszów Lubelski
1941,-1056467,5677,Toporów,TOPOROW,Toporiv,Toporów,Toporów,Toporov
1942,-3020062,5678,Toropets,TOROPETZ,Toropets,Toropets,Toropets,Toropets
2655,,5679,Toraceni,TORACENI,Kolonia Izaaka,Kolonia Izaaka,Kolonia Izaaka,
1943,-1056476,5680,Torchin,TORCZYN,Torchin,Torchin,Torczyn,Torchin
1944,-1056484,5681,Torgovitsa,TORGOVITSA,Torhovytsia,Torgovitsa,Torgovitsa,Torgovitsa
1945,-533064,5687,Thorn,TORUN (I),Torun,Thorn,Toruń,Toruń
1946,-1056411,5693,Touste,TOUSTE,Tovste,Touste,Touste,Tolstoye
1947,-1950666,5697,Traby,TRABY,Traby,Traby,Traby,Traby
2762,-539927,5698,Zmigrod,TRACHENBERG,Zmigrod,Trachenberg,Trachenberg,Żmigród
1948,-533098,5702,Trawniki,TRAWNIKI,Trawniki,Trawniki,Trawniki,Trawniki
2692,,5705,Trebnitz,TREBNITZ,Kolonia Izaaka,Kolonia Izaaka,Kolonia Izaaka,
1949,-1056161,5711,Trembowla,TREMBOWLA,Terebovlya,Trembowla,Trembowla,Terebovlya
1950,,5715,Treptow An Der Rega,TREPTOW AN DER REGA,Kolonia Izaaka,Kolonia Izaaka,Kolonia Izaaka,
2680,,5715,Treptow An Der Rega,TREPTOW AN DER REGA,Kolonia Izaaka,Kolonia Izaaka,Kolonia Izaaka,
1951,,5717,Treuburg,TREUBURG,Kolonia Izaaka,Kolonia Izaaka,Kolonia Izaaka,
2708,,5723,Trinec,TRINEC,Kolonia Izaaka,Kolonia Izaaka,Kolonia Izaaka,
1952,-2619904,5729,Troki,TROKI,Trakai,Troki,Troki,Trakai
1953,-2619954,5731,Trashkuny,TROSKUNAI,Troskunai,Troshkuny,Troškūnai,Troškūnai
1954,-1056590,5732,Trostianets,TROSTYANETS,Trostianets,Trostyanets,Trostyanets,Trostyanets
1955,-1056613,5733,Troianov,TROYANOV,Troyaniv,Troyanov,Troyanov,Troyanov
1956,-1056617,5734,Troianovka,TROYANOWKA,Troyanivka,Troyanovka,Trojanówka,Troyanovka
1957,-1056675,5741,Truskawiec,TRUSKAWIEC,Truskavets,Truskawiec,Truskawiec,Truskavets
1958,-533199,5742,Truskolasy,TRUSKOLASY,Truskolasy,Truskolasy,Truskolasy,Truskolasy
1959,-1056535,5744,Trybuchowce,TRYBUCHOWCE,Tribukhovtsy,Trybuchowce,Trybuchowce,Tribukhovtsy
1960,-2619972,5746,Trishki,TRYSKIAI,Tryskiai,Trishki,Tryškiai,Tryškiai
1961,-533363,5749,Trzebinia,TRZEBINIA,Trzebinia,Trzebinia,Trzebinia Miasteczko,Trzebinia
1962,-1056817,5751,Aleshki,TSURIUPINSK,Tsyurupyns'k,Aleshki,Tsyurupinsk,Tsyurupinsk
1963,-533487,5753,Tuchel,TUCHOLA,Tuchola,Tuchel,Tuchola,Tuchola
1964,-533498,5754,Tuchów,TUCHOW,Tuchow,Tuchów,Tuchów,Tuchów
1965,-1056828,5755,Tuchin,TUCZYN,Tuchin,Tuchin,Tuczyn,Tuchin
1966,-3213646,5757,Tukkum,TUKUMS,Tukums,Tukkum,Tukums,Tukums
1967,-1056838,5759,Tulchin,TULCHIN,Tulchin,Tulchin,Tulchin,Tulchin
1968,-533529,5761,Tuliszków,TULISZKOW,Tuliszkow,Tuliszków,Tuliszków,Tuliszków
1969,-533571,5771,Turek,TUREK,Turek,Turek,Turek,Turek
1970,-1056894,5773,Turka,TURKA,Turka,Turka,Turka,Turka
1971,-533595,5779,Turobin,TUROBIN,Turobin,Turobin,Turobin,Turobin
1972,-1950797,5780,Turov,TUROV,Turov,Turov,Turov,Turov
1973,,5784,Turza Wielka,TURZA WIELKA,Kolonia Izaaka,Kolonia Izaaka,Kolonia Izaaka,
1974,-1950781,5786,Turets,TURZEC,Turets,Turets,Turzec,Turets
1975,-1056891,5788,Turiisk,TURZYSK,Turiysk,Turiysk,Turzysk,Turiysk
1976,-533699,5789,Tuszyn,TUSZYN,Tuszyn,Tuszyn,Tuszyn,Tuszyn
1977,-2620008,5792,Tvery,TVERAI,Tverai,Tvery,Tverai,Tverai
1978,-1056949,5794,Twierdza,TWIERDZA,Tvirzha,Twierdza,Twierdza,Tvirzha
1979,-533767,5796,Tyczyn,TYCZYN,Tyczyn,Tyczyn,Tyczyn,Tyczyn
1980,-533770,5797,Tykotsin,TYKOCIN,Tykocin,Tykocin,Tykocin,Tykocin
1981,-533780,5798,Tylicz,TYLICZ,Tylicz,Tylicz,Tylicz,Tylicz
1982,-533824,5800,Tyrawa Wołoska,TYRAWA WOLOSKA,Tyrawa Woloska,Tyrawa Wołoska,Tyrawa Wołoska,Tyrawa Wołoska
1983,-1056980,5803,Tyszkowce,TYSZKOWCE,Tyshkivtsi,Tyszkowce,Tyszkowce,Tyshkovtsy
1984,-533843,5804,Tyszowce,TYSZOWCE,Tyszowce,Tyszowce,Tyszowce,Tyszowce
1985,-2620027,5805,Tsitoviany,TYTUVENAI,Tytuvenai,Tsytovyany,Tytuvėnai,Tytuvėnai
1986,,5808,Uchanie,UCHANIE,Kolonia Izaaka,Kolonia Izaaka,Kolonia Izaaka,
1987,-1057044,5824,Uhnów,UHNOW,Uhniv,Uhnów,Uhnów,Ugnev
1988,-533918,5828,Ujazd,UJAZD,Ujazd,Ujazd,Ujazd,Ujazd
1989,-2620042,5833,Vilkomir,UKMERGE,Ukmerge,Vilkomir,Ukmergė,Ukmergė
1990,-1057102,5834,Ulanov,ULANOV,Ulaniv,Ulanov,Ulanov,Ulanov
1991,-533954,5835,Ulanów,ULANOW,Ulanow,Ulanów,Ulanów,Ulanów
1992,-1057106,5836,Ułaszkowce,ULASZKOWCE,Ulashkivtsi,Ułaszkowce,Ułaszkowce,Ulashkovtsy
1993,-533977,5837,Ułazów,ULAZOW,Ulazow,Ułazów,Ułazów,Ułazów
1994,-1950894,5839,Ulla,ULLA,Ula,Ulla,Ulla,Ulla
1995,-534007,5845,Ułucz,ULUCZ,Ulucz,Ułucz,Ulucz,Ulucz
1996,-1057170,5846,Uman,UMAN,Uman,Uman,Uman,Uman'
1997,-3025207,5847,Unech,UNETCHA,Unecha,Unecha,Unecha,Unecha
1998,-534027,5850,Uniejów,UNIEJOW,Uniejow,Uniejów,Uniejów,Uniejów
1999,-2620071,5859,Upina,UPYNA,Upyna,Upina,Upyna,Upyna
2000,-1950915,5861,Urieche,URETCHE,Urechcha,Urech'ye,Uretche,Urech'ye
2001,,5866,Urycz,URYCZ,Kolonia Izaaka,Kolonia Izaaka,Kolonia Izaaka,
2002,,5867,Urzendow,URZENDOW,Kolonia Izaaka,Kolonia Izaaka,Kolonia Izaaka,
2003,-1057280,5870,Uście Zielone,USCIE ZIELONE,Ustya Zelene,Uście Zielone,Uście Zielone,Ust'ye-Zelenoye
2004,-1057255,5871,Ustilug,USCILUG,Ustyluh,Ustilug,Uściług,Ustilug
2005,-1950933,5872,Ushach,USHACHI,Ushachy,Ushachi,Ushachi,Ushachi
2006,-1057221,5873,Utomir,USHOMIR,Ushomir,Ushomir,Ushomir,Ushomir
2710,,5880,Ustron,USTRON,Kolonia Izaaka,Kolonia Izaaka,Kolonia Izaaka,
2007,-534141,5881,Ustrzyki Dolne,USTRZYKI DOLNE,Ustrzyki Dolne,Ustrzyki Dolne,Ustrzyki Dolne,Ustriki Dolishni
2008,-3027477,5882,Usviat,USVIYATY,Usvyaty,Usvyat,Usvyaty,Usvyaty
2009,,5883,Usznia,USZNIA,Kolonia Izaaka,Kolonia Izaaka,Kolonia Izaaka,
2010,-2620103,5884,Utsiany,UTENA,Utena,Utsiany,Utena,Utena
2011,-1950984,5886,Uvarovichi,UVAROVICHI,Uvaravichy,Uvarovichi,Uvarovichi,Uvarovichi
2012,-1950990,5888,Uzda,UZDA,Uzda,Uzda,Uzda,Uzda
2013,-2620151,5891,Ushpol,UZPALIAI,Uzpaliai,Ushpol,Užpaliai,Užpaliai
2014,-2620203,5892,Uzhventy,UZVENTIS,Uzventis,Uzhventy,Užventis,Užventis
2015,-2620214,5894,Vobolniki,VABALNINKAS,Vabalninkas,Vobol'niki,Vabalninkas,Vabalninkas
2016,-1057333,5897,Vakhnovka,VACHNOVKA,Vakhnivka,Vakhnovka,Vakhnovka,Vakhnovka
2597,-2277548,5900,Vadul Rascov,VADU RASCU,Vadul Rascov,Vad-Rashkov,Vadu-Raşcov,Vad Rashkov
2017,-3213817,5902,Vainode,VAINODE,Vainode,Vainoden,Vaiņode,Vaiņode
2018,-2620269,5903,Voinuty,VAINUTAS,Vainutas,Vainutas,Vainutas,Vainutas
2019,-3213835,5908,Sasmaken,VALDEMARPILS,Valdemarpils,Sassmacken,Valdemārpils,Valdemārpils
2020,-2277553,5910,Valialui Vlad,VALEA LUI VLAD,Valea Lui Vlad,Valya-luy-Vlad,Valea-lui-Vlad,
2021,-1038019,5912,Valegotsulovo,VALEGOTSULOVO,Dolyns'ke,Valegotsulovo,Valegotsulovo,Dolinskoye
2022,-2626209,5914,Valk,VALGA,Valga,Valk,Valga,Valga
2023,-3214770,5918,Volmar,VALMIERA,Valmiera,Volmar,Valmiera,Valmiera
2606,,5921,Vama (Ii),VAMA (II),Kolonia Izaaka,Kolonia Izaaka,Kolonia Izaaka,
2024,-2620353,5924,Vendziagoly,VANDZIOGALA,Vandziogala,Vendziagola,Vandžiogala,Vandžiogala
2025,-1057374,5925,Vapniarka,VAPNYARKA,Vapnyarka,Vapnyarka,Vapnyarka,Vapnyarka
2026,-3213892,5926,Varkliany,VARAKLANI,Varaklani,Varaklani,Varakļāni,Varakļāni
2027,-2620370,5929,Orany,VARENA,Varena,Orany,Orany,Varėna
2028,-2620398,5931,Vorni,VARNIAI,Varniai,Vorni,Varniai,Varniai
2029,-1057419,5934,Varvarovka,VARVAROVKA,Varvarovka,Varvarovka,Varvarovka,Varvarovka
2621,-1057458,5937,Vasyliv,VASILAU,Vasyliv,Wassileu,Vasilău,Vasil’ou
2030,-1951048,5938,Vasilevichi,VASILEVICHI,Vasilevichi,Vasilevichi,Vasilevichi,Vasilevichi
2031,-1061631,5939,Vasilevo,VASILEVKA,Vasylivka,Vasilevka,Vasilevka,Vasilevka
2032,-1057447,5940,Vasilkov,VASILKOV,Vasyl'kiv,Vasilkov,Vasil'kov,Vasil'kov
2033,-2620415,5941,Konstantinovo,VASKAI,Vaskai,Konstantinovo,Vaškai,Vaškai
2608,-1174403,5945,Vatra Dornei,VATRA-DORNEI,Vatra Dornei,Dorna Watra,Vatra-Dornei,Vatra Dornei
2605,,5946,Vatra-Moldovitei,VATRA-MOLDOVITEI,Kolonia Izaaka,Kolonia Izaaka,Kolonia Izaaka,
2034,-2620435,5952,Vegeri,VEGERIAI,Vegeriai,Vegeryay,Vegeriai,Vegeriai
2035,-2620438,5954,Veisee,VEISIEJAI,Veisiejai,Wiejsieje,Veisiejai,Veisiejai
2036,-2620442,5956,Vevirzhany,VEIVIRZENAI,Veivirzenai,Vevirzhany,Veiviržėnai,Veiviržėnai
2037,-1048910,5959,Veledniki,VELEDNIKI,Novi Velednyky,Veledniki,Veledniki,Novyye Veledniki
2038,-1057766,5965,Zhvanchik,VELIKIT ZHVANCHIK,Velikiy Zhvanchik,Zhvanchik,Velikii Zhvanchik,Velikiy Zhvanchik
2039,-3029851,5966,Velikie Luki,VELIKIYE LUKI,Velikiye Luki,Velikiye Luki,Velikiye Luki,Velikiye Luki
2040,-2620454,5970,Veliony,VELIUONA,Veliuona,Veliona,Veliuona,Veliuona
2041,-3029984,5971,Velizh,VELIZH,Velizh,Velizh,Velizh,Velizh
2042,-3214120,5988,Vindava,VENTSPILS,Ventspils,Vindava,Ventspils,Ventspils
2043,-1057883,5990,Verbovets,VERBOVETS,Verbovets,Verbovets,Verbovets,Verbovets
2044,-1058049,5993,Verkhovka,VERHOVKA (I),Verkhivka,Verkhovka,Verkhovka,Verkhovka
2045,-1058048,5994,Verkhovka,VERHOVKA (II),Verkhivka,Verkhovka,Verkhovka,Verkhovka
2046,-1057945,5997,Verkhnednieprovsk,VERKHNEDNEPROVSK,Verkhnedneprovsk,Verkhnedneprovsk,Verkhnedneprovsk,Verkhnedneprovsk
2047,-1058050,5999,Verkhovnia,VERKHOVNIA,Verkhovnya,Verkhovnya,Verkhovnya,Verkhovnya
2048,-2277585,6006,Vertiuzhany,VERTUJENI,Vertiujeni,Vertyuzhany,Vertujeni,Vertyuzhany
2049,-1058105,6008,Veselaia,VESOLYIA,Veselaya Yevreyka,Vesolyia,Vesolyia,Vesëlaya Yevreyka
2050,-1951259,6012,Vietka,VETKA,Vyetka,Vetka,Vetka,Vetka
2051,-1059068,6016,Viazovka,VIAZOVKA,Vyazovka,Vyazovka,Vyazovka,Vyazovka
2631,-1174511,6018,Vicovu De Sus,VICOVUL DE SUS,Vicovu De Sus,Wikow Ober,Vicovul-de-Sus,Vicovu de Sus
2052,-2620548,6019,Vidzishki,VIDISKIAI,Vidiskiai,Vidzishki,Vidiškiai,Vidiškiai
2053,-2620552,6020,Vidukli,VIDUKLE,Vidukle,Vidukli,Viduklė,Viduklė
2054,-2620560,6021,Viekshnia,VIEKSNIAI,Vieksniai,Vyekshnya,Viekšniai,Viekšniai
2055,-2620573,6025,Vieshinty,VIESINTOS,Viesintos,Veshinty,Viešintos,Viešintos
2056,-2620587,6027,Eve,VIEVIS,Vievis,Vevis,Vievis,Vievis
2665,-1058424,6028,Vyzhenka,VIJNICIOARA,Vyzhenka,Wizenka,Vijnicioara,Vizhenka
2666,-1058427,6029,Vyzhnytsya,VIJNITA,Vyzhnytsya,Wiznitz,Vijniţa,Vizhnitsa
2057,-3214256,6031,Veleny,VILANI,Vilani,Velena,Viļāni,Viļāni
2058,-2626515,6033,Fellin,VILJANDI,Viljandi,Fellin,Viljandi,Viljandi
2059,-2620625,6034,Volkovyshki,VILKAVISKIS,Vilkaviskis,Wyłkowyszki,Vilkaviškis,Vilkaviškis
2060,-2620634,6035,Vilki,VILKIJA,Vilkija,Vilki,Vilkija,Vilkija
2061,-2620663,6039,Vilna,VILNA,Vilnius,Vilna,Wilno,Vilnius
2062,-1058303,6045,Vinnitsa,VINNITSA,Vinnytsya,Vinnitsa,Vinnitsa,Vinnitsa
2063,-1058306,6046,Vinograd,VINOGRAD,Vynohrad,Vinograd,Vinograd,Vinograd
2064,-2620693,6048,Verzhbolovo,VIRBALIS,Virbalis,Wierzbołowo,Virbalis,Virbalis
2065,-2620721,6051,Ruda Vysokaia,VISAKIO-RUDA,Visakio Ruda,Wysoka Ruda,Višakio Rūda,Višakio Rūda
2066,-3214358,6054,Vyshki,VISKI,Viski,Vishki,Višķi,Višķi
2067,-2620738,6057,Vishtynets,VISTYTIS,Vistytis,Wysztyniec,Vištytis,Vištytis
2068,-1951346,6058,Vitebsk,VITEBSK,Vitsyebsk,Vitebsk,Vitebsk,Vitebsk
2069,-1058636,6077,Volkovintsy,VOLKOVINTSY,Volkovintsy,Volkovintsy,Volkovintsy,Volkovintsy
2070,-1058702,6080,Volochisk,VOLOCHISK,Volochysk,Volochisk,Volochisk,Volochisk
2071,-1058704,6081,Volodarka,VOLODARKA,Volodarka,Volodarka,Volodarka,Volodarka
2072,-1058711,6082,Goroshki,VOLODARSK VOHLINSKII,Volodarsk Volynskiy,Goroshki,Volodarsk Vohlinskii,Volodarsk Volynskiy
2073,-1951463,6088,Volynets,VOLYNETS,Volyntsy,Volynets,Volynets,Volyntsy
2074,-1058294,6090,Vonkovtsy,VONKOVTSY,Vinkivtsi,Von'kovtsy,Zatonsk,Vin'kovtsy
2075,-3035173,6091,Voronezh,VORONEZH,Voronezh,Voronezh,Voronezh,Voronezh
2076,-1058836,6093,Voronezh,VORONIZH,Voronizh,Voronezh,Voronezh,Voronezh
2077,-3035275,6094,Voronok,VORONOK,Voronok,Voronok,Voronok,Voronok
2078,-1058858,6095,Voronovitsa,VORONOVITSA,Voronovytsya,Voronovitsa,Voronovitsa,Voronovitsa
2079,-1045160,6097,Lugansk,VOROSHILOVGRAD,Luhansk,Lugansk,Voroshilovgrad,Voroshilovgrad
2080,-1058879,6098,Voroshilovka,VOROSHILOVKA,Voroshylivka,Voroshilovka,Voroshilovka,Voroshilovka
2081,-3011273,6101,Stavropol,VOROSHILOVSK (I),Stavropol',Stavropol,Stavropol,Stavropol'
2082,-2626645,6103,Verro,VORU,Voru,Verro,Võru,Võru
2083,-1059003,6107,Voznesensk,VOZNESENSK,Voznesensk,Voznesensk,Voznesensk,Voznesensk
2084,-3036949,6122,Viazma,VYAZMA,Vyazma,Vyaz'ma,Vyaz'ma,Vyaz'ma
2085,-1059175,6135,Kronau,VYSOKOPOLE,Vysokopillya,Kronau,Vysokopol’ye,Vysokopol’ye
2086,-2620819,6136,Vizhuny,VYZUONOS,Vyzuonos,Vizhuny,Vyžuonos,Vyžuonos
2087,-534173,6138,Briesen,WABZEZNO,Wabrzezno,Briesen,Wąbrzeźno,Wąbrzeźno
2088,-534197,6142,Wadowice,WADOWICE,Wadowice,Wadowice,Wadowice,Wadowice
2089,-534222,6145,Wongrowitz,WAGROWIEC,Wagrowiec,Wongrowitz,Wągrowiec,Wągrowiec
2741,-534239,6149,Walbrzych,WALDENBURG,Walbrzych,Waldenburg,Waldenburg,Wałbrzych
2090,-534329,6158,Wampierzów,WAMPIERZOW,Wampierzow,Wampierzów,Wampierzów,Wampierzów
2091,,6162,Waniowice,WANIOWICE,Kolonia Izaaka,Kolonia Izaaka,Kolonia Izaaka,
2092,-1048754,6166,Waręż,WARENZ,Varyazh,Waręż,Waręż Miasto,Waręż
2093,-534404,6167,Warka,WARKA,Warka,Warka,Warka,Warka
2094,-1057382,6168,Varkovichi,WARKOWICZE,Varkovychi,Varkovichi,Warkowicze,Varkovichi
2095,-534454,6170,Warta,WARTA,Warta,Warta,Warta,Warta
2096,,6171,Wartenburg,WARTENBURG,Kolonia Izaaka,Kolonia Izaaka,Kolonia Izaaka,
2097,-534485,6173,Vasilkov,WASILKOW,Wasilkow,Vasilkuv,Wasilków,Wasilków
2098,-534498,6174,Waśniów,WASNIOW,Wasniow,Waśniów,Waśniów,Waśniów
2099,-1057456,6177,Wasylkowce,WASYLKOWCE,Vasyl'kivtsi,Wasylkowce,Wasylkowce,Vasil'kovtsy
2100,-3048110,6184,Wehlau,WEHLAU,Znamensk,Wehlau,Wehlau,Znamensk
2101,-534656,6199,Neustadt,WEJHEROWO,Wejherowo,Neustadt,Wejherowo,Wejherowo
2102,-534638,6201,Węgrów,WENGROW,Wegrow,Węgrów,Węgrów,Węgrów
2103,-1057841,6205,Verba,WERBA,Verba,Verba,Werba,Verba
2104,,6206,Werchrata,WERCHRATA,Kolonia Izaaka,Kolonia Izaaka,Kolonia Izaaka,
2105,-1951595,6222,Viazyn,WIAZYN,Vyazyn,Vyazyn,Wiażyń,Vyazyn'
2106,-534832,6224,Widawa,WIDAWA,Widawa,Widawa,Widawa,Widawa
2107,-1951282,6225,Vidzy,WIDZE,Vidzy,Vidzy,Widze,Vidzy
2108,-534874,6226,Wiecbork,WIECBORK,,,,
2109,-534946,6227,Filehne,WIELEN NAD NOTECIA,Wielen,Filehne,Wieleń nad Notecią,Wieleń
2110,-534981,6228,Wieliczka,WIELICZKA,Wieliczka,Wieliczka,Wieliczka,Wieliczka
2111,-535046,6229,Wielkie Oczy,WIELKIE OCZY,Wielkie Oczy,Wielkie Oczy,Wielkie Oczy,Wielkie Oczy
2112,-535108,6230,Wielopole,WIELOPOLE SKRZYNSKIE,Wielopole Skrzynskie,Wielopole,Wielopole,Wielopole Skrzyńskie
2113,-535123,6231,Wieluń,WIELUN,Wielun,Wieluń,Wieluń,Wieluń
2114,-535172,6233,Wieruszów,WIERUSHZOW,Wieruszow,Wieruszów,Wieruszów,Wieruszów
2115,-535230,6234,Wierzbnik,WIERZBNIK-STARACHOWICE,Wierzbnik,Wierzbnik,Wierzbnik,Wierzbnik
2116,-1057883,6235,Verbovets,WIERZBOWIEC,Verbovets,Verbovets,Verbovets,Verbovets
2117,-1951292,6242,Vileika,WILEJKA,Vilyeyka,Vilejka,Wilejka,Vileyka
2118,-1058297,6250,Winniki,WINNIKI,Vynnyky,Winniki,Winniki,Vinniki
2763,-535671,6256,Winsko,WINZIG,Winsko,Winzig,Winzig,Wińsko
2119,,6257,Wionzowna,WIONZOWNA,Kolonia Izaaka,Kolonia Izaaka,Kolonia Izaaka,
2120,-535702,6258,Wiskitki,WISKITKI,Wiskitki,Wiskitki,Wiskitki,Wiskitki
2121,-535716,6259,Wiślica,WISLICA,Wislica,Wiślica,Wiślica,Wiślica
2122,-519160,6260,Wiśnicz Nowy,WISNICZ NOWY,Nowy Wisnicz,Wiśnicz Nowy,Wiśnicz Nowy,Nowy Wiśnicz
2123,-1058362,6261,Novyi Vishnevets,WISNIOWIEC,Vishnevets,Vishnevets,Wiśniowiec,Vishnevets
2124,-535775,6263,Wisznice,WISZNICE,Wisznice,Wisznice,Wisznice,Wisznice
2125,-1951326,6264,Vishnev,WISZNIEW,Vishneva,Vishnevo,Wiszniew,Vishnevo
2126,-1048977,6265,Witków Nowy,WITKOW NOWY,Novyi Vytkiv,Witków Nowy,Witków Nowy,Novyy Vitkov
2127,-535898,6273,Vizhainy,WIZAJNY,Wizajny,Wiżajny,Wiżajny,Wiżajny
2128,-535903,6274,Vizna,WIZNA,Wizna,Wizna,Wizna,Wizna
2129,-526545,6275,Russocice,WLADYSLAWOW-RUSSOCICE,Russocice,Russocice,Russocice,Russocice
2130,-535957,6276,Włocławek,WLOCLAWEK,Wloclawek,Włocławek,Włocławek,Włocławek
2131,-535965,6277,Włodawa,WLODAWA,Wlodawa,Włodawa,Włodawa,Włodawa
2132,-1951358,6278,Vlodavka,WLODAWKA,Wlodawka,Vlodavka,Włodawka,Włodawka
2133,-1058433,6279,Vladimirets,WLODIMIERZEC,Volodymyrets,Vladimirets,Włodzimierzec,Vladimirets
2134,-1058483,6280,Vladimir-Volynskii,WLODZIMIERZ WOLYNSKI,Volodymyr Volynskyy,Vladimir,Włodzimierz,Vladimir-Volynskiy
2135,,6282,Wloki Piaski,WLOKI PIASKI,Kolonia Izaaka,Kolonia Izaaka,Kolonia Izaaka,
2136,-536015,6283,Włoszczowa,WLOSZCZOWA,Wloszczowa,Włoszczowa,Włoszczowa,Włoszczowa
2137,-536056,6284,Wodzisław,WODZISLAW,Wodzislaw,Wodzisław,Wodzisław,Wodzisław
2138,-536060,6289,Wohyń,WOHYN,Wohyn,Wohyń,Wohyń,Wohyń
2139,-536186,6290,Wojsławice,WOISLAWICE,Wojslawice,Wojsławice,Wojsławice,Wojsławice
2140,-536149,6291,Wojnicz,WOJNICZ,Wojnicz,Wojnicz,Wojnicz,Wojnicz
2141,-1058967,6292,Wojniłów,WOJNILOW,Voinyliv,Wojniłów,Wojniłów,Voynilov
2142,-536202,6293,Wojtkowa,WOJTKOWA,Wojtkowa,Wojtkowa,Wojtkowa,Wojtkowa
2143,-536364,6294,Wola Krzysztoporska,WOLA KZHYSHTOPORSKA,Wola Krzysztoporska,Wola Krzysztoporska,Wola Krzysztoporska,Wola Krzysztoporska
2144,-536407,6295,Wola Michowa,WOLA MICHOWA,Wola Michowa,Wola Michowa,Wola Michowa,Wola Michowa
2145,-536430,6296,Wolanów,WOLANOW,Wolanow,Wolanów,Wolanów,Wolanów
2146,-536584,6297,Wola Żarczycka,WOLA ZARCZYCKA,Wola Zarczycka,Wola Żarczycka,Wola Żarczycka,Wola Żarczycka
2147,-536596,6299,Wolbórz,WOLBOZH,Wolborz,Wolbórz,Wolbórz,Wolbórz
2148,-536597,6300,Wolbrom,WOLBROM,Wolbrom,Wolbrom,Wolbrom,Wolbrom
2149,-1951082,6307,Volkovysk,WOLKOWYSK,Vawkavysk,Volkovysk,Wołkowysk,Volkovysk
2150,,6309,Wollin,WOLLIN,Kolonia Izaaka,Kolonia Izaaka,Kolonia Izaaka,
2677,,6309,Wollin,WOLLIN,Kolonia Izaaka,Kolonia Izaaka,Kolonia Izaaka,
2151,-536942,6312,Wołomin,WOLOMIN,Wolomin,Wołomin,Wołomin,Wołomin
2152,,6313,Woloska Wies,WOLOSKA WIES,Kolonia Izaaka,Kolonia Izaaka,Kolonia Izaaka,
2153,-1951028,6314,Volozhin,WOLOZYN,Valozhyn,Volozhin,Wołożyn,Volozhin
2154,-1951450,6315,Volpa,WOLPA,Volpa,Volpa,Wołpa,Volpa
2155,-536969,6316,Wollstein,WOLSZTYN,Wolsztyn,Wollstein,Wolsztyn,Wolsztyn
2156,-534176,6317,Wąchock,WONCHOCK,Wachock,Wąchock,Wąchock,Wąchock
2157,-534481,6318,Vonsevo,WONSEWO,Wasewo,Wąsewo,Wąsewo,Wąsewo
2158,-534510,6319,Vonsosh,WONSOSZ,Wasosz,Wąsosz,Wąsosz,Wąsosz
2159,-534539,6320,Wąwolnica,WONWOLNICA,Wawolnica,Wąwolnica,Wąwolnica,Wąwolnica
2160,-520078,6321,Wormditt,WORMDITT,Orneta,Wormditt,Wormditt,Orneta
2161,-1951469,6323,Vorniany,WORNIANY,Vornyany,Vorniany,Worniany,Vornyany
2162,,6324,Worochta,WOROCHTA,Kolonia Izaaka,Kolonia Izaaka,Kolonia Izaaka,
2163,-1951494,6325,Voronovo,WORONOWO,Voranava,Voronovo,Woronów,Voronovo
2164,-537105,6327,Wronke,WRONKI,Wronki,Wronke,Wronki,Wronki
2165,-537153,6328,Wreschen,WRZESNIA,Wrzesnia,Wreschen,Września,Września
2166,-1951555,6329,Vseliub,WSIELUB,Vselyub,Vselyub,Wsielub,Vselyub
2167,-1059046,6332,Wulka Mazowiecka,WULKA MAZOWIECKA,Vul'ka Mazovetskaya,Wulka Mazowiecka,Wólka Mazowiecka,Vulka Mazovetskaya
2168,-1059074,6336,Wybranówka,WYBRANOWKA,Vybranivka,Wybranówka,Wybranówka,Vybranovka
2169,-537503,6337,Wyśmierzyce,WYSMIERZYCE,Wysmierzyce,Wyśmierzyce,Wyśmierzyce,Wyśmierzyce
2170,-1059193,6338,Vysotsk,WYSOCK,Vysotsk,Vysotsk,Wysock,Vysotsk
2171,-1047829,6339,Wysocko Niżne,WYSOCKO NIZNE,Nyzhnye Vysotske,Wysocko Niżne,Wysocko Niżne,Nizhneye Vysotskoye
2172,-537567,6341,Wysokie,WYSOKIE,Wysokie,Wysokie,Wysokie,Wysokie
2173,-1951655,6342,Vysoko-Litovsk,WYSOKIE LITEWSKIE,Vysokaye,Visoke Litovsk,Wysokie Litewskie,Vysokoye
2174,-537585,6343,Mazovetsk,WYSOKIE MAZOWIECKIE,Wysokie Mazowieckie,Wysokie Mazowieckie,Wysokie Mazowieckie,Wysokie Mazowieckie
2175,-537623,6344,Wyszków,WYSZKOW,Wyszkow,Wyszków,Wyszków,Wyszków
2176,-537630,6345,Wyszogród,WYSZOGROD,Wyszogrod,Wyszogród,Wyszogród,Wyszogród
2177,-1059142,6347,Vyshgorodok,WYZHGRODEK,Vyshhorodok,Vyshgorodok,Wyżgródek,Vyshgorodok
2178,-1059277,6349,Iagotino,YAGOTIN,Yahotyn,Yagotin,Yagotin,Yagotin
2179,-1059331,6350,Ialta,YALTA,Yalta,Yalta,Yalta,Yalta
2180,-1059339,6351,Ialtushkov,YALTUSHKOV,Yaltushkiv,Yaltushkov,Yaltushkov,Yaltushkov
2181,-1059357,6352,Iampol,YAMPOL (I),Yampil,Yampol,Yampol',Yampol'
2182,-1059361,6353,Iampol,YAMPOL (II),Yampil,Yampol,Yampol,Yampol'
2183,-1951751,6354,Ianovichi,YANOVICHI,Yanovichi,Yanovichi,Yanovichi,Yanovichi
2184,-1040333,6356,Ianushpol,YANUSHPOL,Ivanopil',Yanushpol,Yanushpol,Ivanopol'
2185,-3039341,6357,Iartsev Perevoz,YARCEVO,Yartsevo,Yartsevo,Yartsevo,Yartsevo
2186,-1059426,6358,Iarmolintsy,YARMOLINTSY,Yarmolyntsi,Yarmolintsy,Yarmolintsy,Yarmolintsy
2187,-1059455,6360,Iaruga,YARUGHA,Yaruha,Yaruga,Yaruga,Yaruga
2188,-1059464,6361,Iaryshev,YARYSHEV,Yaryshiv,Yaryshev,Yaryshev,Yaryshev
2189,-1059485,6363,Iasinovo,YASENEVO,Yasenovo Vtoroye,Yasinovo,Yasenevo,Yasenovo Vtoroye
2190,-1050797,6365,Efingar,YEFINGAR,Plyushchivka,Yefingar,Yefingar,Plyushchevka
2191,-1059762,6369,Evpatoriia,YEVPATORIA,Yevpatoriya,Yevpatoria,Yevpatoria,Yevpatoriya
2192,-1049752,6371,Ozerany,YEZIORANY,Ozeryany,Ozeryany,Ozierany,Ozeryany
2193,-2620821,6373,Illoki,YLAKIAI,Ylakiai,Illoki,Ylakiai,Ylakiai
2194,-1951925,6375,Iukhovichi,YUKHOVICHI,Yukhavichy,Yukhovichi,Yukhovichi,Yukhovichi
2195,-1951936,6376,Iurevichi Stan I,YUREVICHI,Yurevichi,Yurevichi,Yurevichi,Yurevichi
2196,-1054594,6379,Iustingrad,YUSTYNGRAD-SOKOLKA,Sokolivka,Sokolovka,Sokolovka,Sokolovka
2197,-1040217,6380,Iuzefpol Liudvinka,YUZEFPOL,Yosypivka,Ludvinka,Yuzefpol,Iosipovka
2198,-1058044,6383,Żabie,ZABIE,Verkhovyna,Żabie,Żabie,Zhab'ye
2199,-1952561,6384,Zhabinka,ZABINKA,Zhabinka,Zhabinka,Żabinka,Zhabinka
2200,-1059902,6386,Zabłotów,ZABLOTOW,Zabolotiv,Zabłotów,Zabłotów,Zabolotov
2201,-537805,6387,Zabludovo,ZABLUDOW,Zabludow,Zabluduv,Zabłudów,Zabłudów
2202,-1060609,6389,Zhabotin,ZABOTIN,Zhabotyn,Zhabotin,Zhabotin,Zhabotin
2203,-1059966,6396,Zagnitkov,ZAGNITKOV,Zahnitkiv,Zagnitkov,Zagnitkov,Zagnitkov
2204,-538048,6397,Zagórów,ZAGOROW,Zagorow,Zagórów,Zagórów,Zagórów
2205,-538051,6398,Zagórz,ZAGORZ,Zagorz,Zagórz,Zagórz,Zagórz
2206,-538085,6400,Zagórze,ZAGORZE (II),Zagorze,Zagórze,Zagórze,Zagórze
2207,-3044014,6402,Zakharino,ZAKHARINO,Zakharino,Zakharino,Zakharino,Zakharino
2208,-538214,6404,Zakliczyn,ZAKLICZYN,Zakliczyn,Zakliczyn,Zakliczyn,Zakliczyn
2209,-538216,6405,Zaklików,ZAKLIKOW,Zaklikow,Zaklików,Zaklików,Zaklików
2210,-538221,6406,Zakopane,ZAKOPANE,Zakopane,Zakopane,Zakopane,Zakopane
2211,-538250,6407,Zakroczym,ZAKROCZYM,Zakroczym,Zakroczym,Zakroczym,Zakroczym
2212,-538328,6408,Zakrzówek,ZAKRZOWEK,Zakrzowek,Zakrzówek,Zakrzówek,Zakrzówek
2213,-1060041,6413,Zaleszczyki,ZALESZCZYKI,Zalishchyky,Zaleszczyki,Zaleszczyki,Zaleshchiki
2214,-1060080,6414,Założce,ZALOZCE,Zaliztsi,Założce,Założce,Zalozhtsy
2215,,6416,Zalukiew,ZALUKIEW,Kolonia Izaaka,Kolonia Izaaka,Kolonia Izaaka,
2216,-538544,6419,Zambrov,ZAMBROW,Zambrow,Zambrów,Zambrów,Zambrów
2217,-517039,6420,Modliborzyce,ZAMEK MODLIBORZYCKI,Modliborzyce,Modliborzyce,Modliborzyce,Modliborzyce
2218,-1060103,6421,Zamiehov,ZAMIEKHOV,Zamikhiv,Zamiekhov,Zamiekhov,Zamekhov
2219,-538587,6422,Zamość,ZAMOSC,Zamosc,Zamość,Zamość,Zamość
2634,,6423,Zamostea,ZAMOSTEA,Kolonia Izaaka,Kolonia Izaaka,Kolonia Izaaka,
2220,-1060168,6428,Aleksandronevsk,ZAPOROZHE,Zaporizhzhya,Aleksandrovsk,Zaporozh'ye,Zaporozh'ye
2221,-2620892,6430,Novoaleksandrovsk,ZARASAI,Zarasai,Novo-Aleksandrovsk,Zarasai,Zarasai
2222,-538700,6431,Zaremby Kostelne,ZAREMBY KOSCIELNE,Zareby Koscielne,Zaręby Kościelne,Zaręby Kościelne,Zaręby Kościelne
2223,-2620899,6432,Zhareny,ZARENAI,Zarenai,Zhareny,Žarėnai,Žarėnai
2224,-538709,6433,Żarki,ZARKI,Zarki,Żarki,Żarki,Żarki
2225,-538719,6435,Żarnowiec,ZARNOWIEC,Zarnowiec,Żarnowiec,Żarnowiec,Żarnowiec
2226,-538749,6436,Zarszyn,ZARSZYN,Zarszyn,Zarszyn,Zarszyn,Zarszyn
2227,-1060624,6439,Zhashkov,ZASHKOV,Zhashkiv,Zhashkov,Zhashkov,Zhashkov
2228,-1952405,6440,Zaskevichi,ZASKIEWICZE,Zaskevichi,Zaskevichi,Zaśkiewicze,Zaskevichi
2229,-1952408,6441,Zaslavl,ZASLAVL,Zaslawye,Zaslavl,Zaslavl,Zaslavl
2230,-2620911,6442,Zhosli,ZASLIAI,Zasliai,Zhosli,Žasliai,Žasliai
2618,-1060291,6443,Zastavna,ZASTAVNA,Zastavna,Zastawna,Zastavna,Zastavna
2231,-1060308,6446,Zatishe,ZATISHIE,Zatish'ye,Zatish'ye,Zatish'ye,Zatish'ye
2232,-538878,6447,Zator,ZATOR,Zator,Zator,Zator,Zator
2233,-1952450,6449,Zaverezhe,ZAVEREZHYE,Zaverezh'ye,Zaverezh'ye,Zaverezh'ye,Zaverezh'ye
2234,-1060342,6453,Zawałow,ZAWALOW,Zavalov,Zawałow,Zawałow,Zavalov
2235,-539028,6455,Zawichost,ZAWICHOST,Zawichost,Zawichost,Zawichost,Zawichost
2236,-539039,6456,Zawiercie,ZAWIERCIE,Zawiercie,Zawiercie,Zawiercie,Zawiercie
2237,-539081,6458,Zawoja,ZAWOJ,Zawoja,Zawoja,Zawoja,Zawoja
2238,-539148,6460,Zboina,ZBOJNIA,Zbojna,Zbójna,Zbójna,Zbójna
2239,-539107,6461,Bentschen,ZBONSZYN,Zbaszyn,Bentschen,Zbąszyń,Zbąszyń
2240,-1060420,6463,Zborów,ZBOROW,Zboriv,Zborów,Zborów,Zborov
2241,-539187,6465,Zbuczyn,ZBUCZYN,Zbuczyn,Zbuczyn,Zbuczyn,Zbuczyn
2242,-1060437,6467,Zdolbunovo,ZDOLBUNOW,Zdolbunov,Zdolbunov,Zdołbunów,Zdolbunov
2243,-539274,6468,Zduńska Wola,ZDUNSKA WOLA,Zdunska Wola,Zduńska Wola,Zduńska Wola,Zduńska Wola
2244,-1942808,6469,Diatlovo,ZDZIECIOL,Dzyatlava,Dyatlovo,Zdzięcioł,Dyatlovo
2245,-2620933,6473,Zheimeli,ZEIMELIS,Zeimelis,Zheimeli,Žeimelis,Žeimys
2246,-539447,6475,Żelechów,ZELECHOW,Zelechow,Żelechów,Żelechów,Żelechów
2247,-1060482,6476,Zelenoe-Pole,ZELENOPOLE,Zelenopol'ye,Zelenopole,Zelenopole,Zelënopol’ye
2248,-539502,6479,Zelów,ZELOW,Zelow,Zelów,Zelów,Zelów
2249,-2620949,6483,Pozelve,ZELVA,Zelva,Podzelva,Želva,Želva
2250,-1952542,6484,Zelva,ZELWA,Zelva,Zelva,Zelwa,Zel'va
2251,-2620955,6485,Aleksandriia,ZEMAICIU-NAUMIESTIS,Zemaiciu Naumiestis,Aleksandrovsk,Žemaičių Naumiestis,Žemaičių Naumiestis
2252,-1952547,6486,Zembin,ZEMBIN,Zembin,Zembin,Zembin,Zembin
2253,-539594,6496,Zgierz,ZGIEZH,Zgierz,Zgierz,Zgierz,Zgierz
2598,-2277670,6497,Zgurita,ZGURITA,Zgurita,Zguritsa,Zguriţa,Zguritsa
2254,-537811,6498,Żabno,ZHABNO,Zabno,Żabno,Żabno,Żabno
2255,-1060603,6499,Zhabokrich,ZHABOKRICH,Zhabokrich,Zhabokrich,Zhabokrich,Zhabokrich
2256,-538715,6500,Żarnów,ZHARNOW,Zarnow,Żarnów,Żarnów,Żarnów
2257,-527025,6502,Rzgów,ZHGOW,Rzgow,Rzgów,Rzgów,Rzgów
2258,-1952659,6503,Zhitkovichi,ZHITKOVICHI,Zhytkavichy,Zhitkovichi,Zhitkovichi,Zhitkovichi
2259,-1060903,6504,Zhitomir,ZHITOMIR,Zhytomyr,Zhitomir,Zhitomir,Zhitomir
2260,-1952668,6506,Zhlobin,ZHLOBIN,Zhlobin,Zhlobin,Zhlobin,Zhlobin
2261,-1060754,6507,Zhmerinka,ZHMERINKA,Zhmerynka,Zhmerinka,Zhmerinka,Zhmerinka
2262,-519166,6509,Żmigród Nowy,ZHMIGROD NOWY,Nowy Zmigrod,Żmigród Nowy,Żmigród Nowy,Żmigród Nowy
2263,,6510,Zhnin,ZHNIN,Kolonia Izaaka,Kolonia Izaaka,Kolonia Izaaka,
2264,-540005,6511,Żółkiewka,ZHOLKIEWKA,Zolkiewka,Żółkiewka,Żółkiewka,Żółkiewka
2265,-540028,6512,Żołynia,ZHOLYNIA,Zolynia,Żołynia,Żołynia,Żołynia
2266,-1952720,6515,Starye Zhuravichi,ZHURAVICHI,Zhuravichi,Zhuravichi,Zhuravichi,Zhuravichi
2267,-1060900,6516,Zhvanets,ZHVANIEC,Zhvanets,Zhvanets,Zhvanets,Zhvanets
2268,-540339,6517,Żyrardów,ZHYRARDOW,Zyrardow,Żyrardów,Żyrardów,Żyrardów
2269,-540364,6518,Żywiec,ZHYWIEC,Zywiec,Żywiec,Żywiec,Żywiec
2270,-2620996,6520,Zhidyki,ZIDIKAI,Zidikai,Zhidyki,Židikai,Židikai
2271,,6523,Zielona,ZIELONA,Kolonia Izaaka,Kolonia Izaaka,Kolonia Izaaka,
2272,-539759,6524,Zieluń,ZIELUN,Zielun,Zieluń,Zieluń,Zieluń
2273,-2621005,6527,Zhizhmore,ZIEZMARIAI,Ziezmariai,Zhizhmory,Žiežmariai,Žiežmariai
2274,-1060918,6531,Zinkov,ZINKOV (I),Zinkiv,Zinkov,Zinkov,Zin'kov
2275,-1060577,6532,Zenkov,ZINKOV (II),Zinkiv,Zenkov,Zinkov,Zen'kov
2276,,6533,Zinten,ZINTEN,Kolonia Izaaka,Kolonia Izaaka,Kolonia Izaaka,
2277,-1060929,6537,Zlatopol,ZLATOPOL,Zlatopil',Zlatopol,Zlatopol',Zlatopol'
2278,-539844,6540,Złoczew,ZLOCHEW,Zloczew,Złoczew,Złoczew,Złoczew
2279,-1060974,6541,Złoczów,ZLOCZOW,Zolochiv,Złoczów,Złoczów,Zolochev
2280,-1060993,6542,Złotniki,ZLOTNIKI,Zolotnyky,Złotniki,Złotniki,Zolotniki
2281,-3047995,6543,Zlynka,ZLYNKA,Zlynka,Zlynka,Zlynka,Zlynka
2282,-1060951,6545,Znamenka,ZNAMENKA,"Znam""""Yanka",Znamenka,Znamenka,Znamenka
2283,-1060970,6547,Sofievka,ZOFJOWKA,Zofyuvka,Sofievka,Zofjówka,Zof'yuvka
2284,-1060777,6548,Żółkiew,ZOLKIEW,Zhovkva,Żółkiew,Żółkiew,Zhovkva
2285,-1060995,6549,Zolotonosha,ZOLOTONOSHA,Zolotonosha,Zolotonosha,Zolotonosha,Zolotonosha
2286,-1060779,6550,Żołtańce,ZOLTANCE,Zhovtantsi,Żołtańce,Żołtańce,Zhovtantsy
2287,-1952611,6551,Zheludok,ZOLUDEK,Zheludok,Zheludok,Żołudek,Zheludok
2288,-1036071,6552,Bolshoi Zheludsk,ZOLUDZK,Bol'shoy Zhelutsk,Kolonie Zoludsk,Żoludzk Wielki,Bolshoy Zoludsk
2289,-537776,6553,Ząbkowice,ZOMBKOWICE,Zabkowice,Ząbkowice,Ząbkowice,Ząbkowice
2729,-493258,6563,Biala Prudnicka,ZUELZ,Biala Prudnicka,Zülz,Zülz,Biała
2290,-540192,6570,Żuromin,ZUROMIN,Zuromin,Żuromin,Żuromin,Żuromin
2291,-1060886,6571,Żurów,ZUROW,Zhuriv,Żurów,Żurów,Zhurov
2292,-1061067,6573,Zvenigorodka,ZVENIGORODKA,Zvenyhorodka,Zvenigorodka,Zvenigorodka,Zvenigorodka
2293,-540262,6581,Zwoleń,ZWOLEN,Zwolen,Zwoleń,Zwoleń,Zwoleń
2294,-1952639,6583,Żydaczów,ZYDACZOW,Zhydachiv,Żydaczów,Żydaczów,Zhidachov
2295,-540274,6584,Żychlin,ZYKHLIN,Zychlin,Żychlin,Żychlin,Żychlin
2296,-1048981,6585,Staryi Zhivotov,ZYVOTOV,Zhyvotiv,Zhivotov Stary,Zyvotov,Zhivotov
2574,-529478,,Sosnovitse,,Sosnowiec,Sosnowiec,Sosnowiec,Sosnowiec
2327,-1044147,,Kupichev,,Kupychiv,Kupichov,Kupiczów,Kupichov
2297,-507997,,Klodava,,Klodawa,Kłodawa,Kłodawa,Kłodawa
2298,-508184,,Knyshin,,Knyszyn,Knyshin,Knyszyn,Knyszyn
2299,-1044418,,Lapovtsy,,Lanivtsi,Lanovtsy,Łanowce,Lanovtsy
2310,-1039243,,Golta,,Holta,Golta,Golta,Golta
2317,-1944313,,Kniazhitsy,,Knyazhitsy,Knyazhitsy,Knyazhitsy,Knyazhitsy
2318,-2886141,,Bezhitsa,,Bezhitsa,Bezhitsa,Bezhitsa,Bezhitsa
2326,-1947528,,Ostrovets,,Astravyets,Ostrovets,Ostrowiec,Ostrovets
2509,-496725,,Kholm,,Chelm,Chełm,Chełm,Chełm
2510,-535957,,Vlotslavek,,Wloclawek,Włocławek,Włocławek,Włocławek
2300,-2620954,,Kalvariia,,Zemaiciu Kalvarija,Kalvariya Zhamot,Žemaičių Kalvarija,Žemaičių Kalvarija
2301,-1949759,,Smorgon,,Smarhon,Smorgon,Smorgonie,Smorgon'
2511,-2983519,,Pochep,,Pochep,Pochëp,Pochëp,Pochëp
2512,-500435,,Dzialoshin,,Dzialoszyn,Działoszyn,Działoszyn,Działoszyn
2513,-533699,,Tushin,,Tuszyn,Tuszyn,Tuszyn,Tuszyn
2302,-529368,,Solets,,Solec,Solec,Solec,Solec
2303,-1048276,,Novograd-Volynsk,,Novohrad Volynskyy,Novograd Volynskij,Novograd Volynskiy,Novograd Volynskiy
2304,-1043042,,Frampol,,Kosohirka,Frampol,,Kosogorka
2514,-2618589,,Urdomin,,Rudamina,Urdomin,Rudamina,Rudamina
2307,-2929489,,Klintsy,,Klintsy,Klintsy,Klintsy,Klintsy
2308,-3013474,,Surazh,,Surazh,Surazh,Surazh,Surazh
2309,-526545,,Vladislavov,,Russocice,Russocice,Russocice,Russocice
2515,-1051094,,Pokotilovka,,Pokotylivka,Pokotilovka,Pokotilovka,Pokotilovka
2516,-1052273,,Rogachev,,Rohachiv,Rogachev,Rogachev,Rogachëv
2305,-1947241,,Okmianitsa,,Okmyanitsa,Okmyanitsa,Okmianica,Okmyanitsa
2306,-507980,,Klobutsko,,Klobuck,Kłobuck,Kłobuck,Kłobuck
2311,-2276195,,Tuzora,,Calarasi,Tuzora,Călăraşi-Târg,Kalarash
2312,-514799,,Liututov,,Lututow,Lututów,Lututów,Lututów
2313,-1043129,,Birzula,,Kotovsk,Birzula,Birzula,Kotovsk
2314,-498439,,Chenstokhov,,Czestochowa,Częstochowa,Częstochowa,Częstochowa
2315,-406411,,Frunzovka,,,,,
2316,-508156,,Klvov,,Klwow,Klwów,Klwów,Klwów
2517,-538048,,Zagurov,,Zagorow,Zagórów,Zagórów,Zagórów
2518,-2615788,,Kriuki,,Kriukai,Kruki,Kriūkai,Kriūkai
2319,-519690,,Olesnitsa,,Olesnica,Oleśnica,Oleśnica,Oleśnica
2320,-2615855,,Kukechiai,,Kukeciai,Kukechyay,Kukečiai,Kukečiai
2321,-514033,,Lopennik,,Lopiennik Gorny,Łopiennik Górny,Łopiennik Górny,Łopiennik Górny
2322,-1947367,,Orekhi,,Orekhovsk,Orekhi / Vydritsa,Orekhi Vydritsa,Orekhovsk
2323,-1949630,,Slavnia,,Slavnya,Slavnya,Slavnya,Slavnya
2324,-1045593,,Malaia Glusha,,Mala Hlusha,Glusha Mala,Mała Hłusza,Malaya Glusha
2325,-532887,,Tlushch,,Tluszcz,Tłuszcz,Tłuszcz,Tłuszcz
2328,-2276004,,Ataki,,Otaci,Ataki,Otaci-Târg,Ataki
2329,-2276050,,Baimakliia,,Baimaclia,Baymakliya,Baimaclia,Baymakliya
2330,-1047737,,Bairamcha,,Mykolayivka Novorosiyska,Bairamcha,Bairamcea,Nikolayevka-Novorossiyskaya
2331,-2276674,,Gancheshty,,Hincesti,Ganchesty,Hânceşti,Kotovskoye
2332,-2276193,,Kagul,,Cahul,Kagul,Cahul,Kagul
2333,-1042180,,Klishkovtsy,,Klishkivtsi,Klishkovtsy,Clişcăuţi,Klishkovtsy
2334,-2276643,,Korneshty,,Cornesti,Korneshty,Corneşti,Korneshty
2335,-2276246,,Kriulian,,Criuleni,Kriulyany,Criuleni,Criuleni
2336,-1041922,,Kyliia,,Kiliya,Kiliya,Chilia Nouă,Kiliya
2337,-2277041,,Olishkany,,Oliscani,Olishkany,Olişcani,Olishkany
2338,-2277098,,Petrovka,,Petrovca,Petrovka,Petrovca,Petrovka
2339,-2277117,,Pogorno-Rezesh,,Pohoarna,Pogorno-Rozesh,Pohorna-Răzeşi,Pogorna
2340,-2277194,,Rezena,,Rezina,Rezina,Rezina-Târg,Rezina
2341,-2276041,,Romanovka,,Basarabeasca,Romanovka,Romanovca,Romanovka
2342,-2277207,,Ruda,,Rudi,Rudi,Rudi,Rud'
2343,-2277215,,Ryshkonovka,,Riscani,Ryshkanovka,Râşcani,Ryshkany
2345,-1056051,,Tatarbunary,,Tatarbunary,Tatarbunary,Tatarbunar,Tatarbunary
2346,-2277454,,Teleneshty,,Telenesti,Teleneshty,Teleneşti,Teleneshty
2347,-2277531,,Ungeny,,Ungheni,Ungeny,Ungheni-Târg,Ungheni
2348,-1035043,,Baturin,,Baturyn,Baturin,Baturin,Baturin
2349,-3211832,,Popervale,,Popervale,,Popervāle,Popervāle
2350,-3213304,,Subbat,,Subate,Subate,Subate,Subate
2351,-2625948,,Tula,,Tuula,Tula,Tuula,Tuula
2352,-1948550,,Bluden,,Pyershamayskaya,Bluden,Błudeń,Bluden
2353,-1943667,,Ivatsevichi,,Ivatsevichy,Ivatsevichi,Iwacewicze,Ivatsevichi
2354,-1946560,,Motol,,Motol,Motol,Motol,Motol'
2355,-516154,,Nezbudka,,Michalowo,Mikhalovo,Michałowo,Michałowo
2356,-512250,,Lendek,,Ladek,Lądek,Lądek,Lądek
2357,-520298,,Osiakov,,Osjakow,Osjaków,Osiaków,Osjaków
2358,-535503,,Vilchin,,Wilczyn,Wilczyn,Wilczyn,Wilczyn
2359,-2923066,,Kazan,,Kazan,Kazan,Kazan,Kazan'
2360,-505669,,Andreev,,Jedrzejow,Jędrzejów,Jędrzejów,Jędrzejów
2361,-14163029,,Ignatovka,,,,,
2362,-1040299,,Ivanka,,Ivan'ky,Ivan’ka,Ivan’ki,Ivan’ki
2363,-1042649,,Konela,,Konela,Konela,Konela,Konela
2364,-1043201,,Koshevata,,Kivshovata,Koshevata,Koshevatoye,Kovshevataya
2365,-1046393,,Medvin,,Medvin,Medvin,Medvin,Medvin
2366,-1051061,,Pogoriela,,Pohorila,Pogorela,Pogorela,Pogorelaya
2367,-1052418,,Rassava,,Rosava,Rossava,Rossava,Rossava
2368,-1055902,,Tagancho,,Tahancha,Tagancha,Tagancha,Tagancha
2369,-2614318,,Gelazhai,,Geleziai,Gelazhyay,Geležiai,Geležiai
2370,-2615131,,Iuzhinty,,Juzintai,Yuzhinty,Jūžintai,Jūžintai
2371,-2615336,,Karklenai,,Karklenai,Karklenay,Karklėnai,Karklėnai
2372,-2615611,,Kirkliai,,Kirkilai,Kirklyay,Kirkilai,Kirkilai
2373,-2615703,,Klikoli,,Klykoliai,Klikoli,Klykoliai,Klykoliai
2374,-2616013,,Kvetki,,Kvetkai,Kvetki,Kvetkai,Kvetkai
2375,-2616166,,Liatskovo,,Leckava,Liatzkova,Leckava,Leckava
2376,-2616768,,Mikhalishki,,Mikaliskis,Mikhalishki,Mikališkis,Mikališkis
2377,-2616998,,Novoe-Miesto,,Naujamiestis,Novoe Mesto,Naujamiestis,Naujamiestis
2378,-2617611,,Pomushy,,Pamusis,Pomushi,Pamūšis,Pamūšis
2379,-2617660,,Popel,,Papilys,Popel',Papilys,Papilys
2380,-2618095,,Potsuneli,,Pociuneliai,Potsuneli,Pociūnėliai,Pociūnėliai
2381,-2618735,,Shakina,,Sakyna,Shakina,Šakyna,Šakyna
2382,-2619169,,Shubaichai,,Siubaiciai,Shubaychyay,Šiubaičiai,Šiubaičiai
2383,-2619362,,Smilgiai,,Smilgiai,Smilgyay,Smilgiai,Smilgiai
2384,-2619811,,Toviany,,Taujenai,Tovyany,Taujėnai,Taujėnai
2385,-2619930,,Troupy,,Traupis,Troupy,Traupis,Traupis
2386,-2620612,,Viliampolskoe,,Vilijampole,Vilyampolskaya,Vilijampolė,Vilijampolė
2387,-1952253,,Zamoshie,,Zamoshye,Zamoshye,Zamosze,Zamosh'ye
2388,-1952342,,Zarachie,,Zarachye,Zarach'ye,Zaracze,Zarach'ye
2389,-2620941,,Zheim,,Zeimiai,Žeimiai,Žeimiai,Žeimiai
2390,-3210145,,Lazdon,,Lazdona,Lazdona,Lazdona,Lazdona
2391,-538998,,Zavady,,Zawady,Zawady,Zawady,Zawady
2392,-506025,,Iuzefov,,Jozefow Nad Wisla,Józefów,Józefów,Józefów
2393,-496776,,Khlaniuv,,Chlaniow,Chłaniów,Chłaniów,Chłaniów
2394,-524699,,Rakhov,,Rachow,Rachów,Rachów,Rachów
2395,-515029,,Tatary,,Majdanek,Tatary (Lublin),Majdanek,Majdanek
2396,-534539,,Vonvolnitsa,,Wawolnica,Wąwolnica,Wąwolnica,Wąwolnica
2397,-539336,,Zdilovitse,,Zdzilowice,Zdziłowice,Zdziłowice,Zdziłowice
2398,-540233,,Zvierinets,,Zwierzyniec,Zwierzyniec,Zwierzyniec,Zwierzyniec
2399,-1941181,,Bielogusha,,Belogusha,Belogusha,Białohusza,Belogusha
2400,-1941442,,Bogushevichi,,Bahushevichy,Bogushevichi,Bogushevichi,Bogushevichi
2401,-1942493,,Dolmatovshchina,,Dolmatovshchina,Dolmatovshchina,Dołmatowszczyzna,Dolmatovshchina
2402,-1038195,,Drozdin,,Drozdin,Drozdin,Drozdyń,Drozdin
2403,-1951881,,Eremichi,,Yaremichy,Yeremichi,Jeremicze,Yeremichi
2404,-1942975,,Gaino,,Hajna,Gayna,Gayna,Gayna
2405,-1943750,,Kamen,,Kamen',Kamen,Kamień,Kamen'
2406,-1946177,,Meleshkovichi,,Meleshkovichi,Meleshkovichi,Meleshkovichi,Meleshkovichi
2407,-1047431,,Nobel,,Nobel,Nobel,Nobel,Nobel'
2408,-1948689,,Romel,,Remel,Romel',Remel,Remel'
2409,-1949576,,Skovshin,,Skavshin,Skavshin,Skavshin,Skavshin
2410,-1950743,,Tsyrin,,Tsirin,Tsirin,Cyryn,Tsirin
2411,-1949374,,Shepelevichi,,Shepelevichi,Shepelevichi,Shepelevichi,Shepelevichi
2412,-2960561,,Moskva,,Moskva,Moskva,Moskva,Moskva
2413,-2966853,,Nizhnii Novgorod,,Nizhniy Novgorod,Nizhniy Novgorod,Nizhniy Novgorod,Gorky
2414,-2896749,,Cheliabinsk,,Chelyabinsk,Chelyabinsk,Chelyabinsk,Chelyabinsk
2415,-2950121,,Magnitka,,Magnitogorsk,Magnitogorsk,Magnitogorsk,Magnitogorsk
2416,-2974927,,Orenburg,,Orenburg,Orenburg,Orenburg,Chkalov
2417,-2979687,,Penza,,Penza,Penza,Penza,Penza
2418,-3040171,,Iekaterinburg,,Yekaterinburg,Yekaterinburg,Sverdlovsk,Sverdlovsk
2419,-2980155,,Perm,,Perm,Perm,Perm,Molotov
2420,-502259,,Golonog,,Golonog,Gołonóg,Gołonóg,Gołonóg
2421,-517062,,Modrzheev,,Modrzejow,Modrzejów,Modrzejów,Modrzejów
2422,-492814,,Baranovo Podukhovne,,Baranowo,Baranowo,Baranowo,Baranowo
2423,-501761,,Glinoetsk,,Glinojeck,Glinojeck,Glinojeck,Glinojeck
2424,-511687,,Kuchbork,,Kuczbork,Kuczbork,Kuczbork,Kuczbork
2425,-1038413,,Diakovtsy,,D'yakovtsy,Dyakovtsy,Dyakovtsy,Dyakovtsy
2426,-1038366,,Dunaevtsy,,Dunayivtsi,Dunayevtsy,Dunayevtsy,Dunayevtsy
2427,-1039537,,Goryshkovka,,Horyshkivka,Goryshkovka,Goryshkovka,Goryshkovka
2428,-1040289,,Ivangorod,,Ivanhorod,Ivangorod,Ivangorod,Ivangorod
2429,-1043897,,Krutye,,Kruti,Kruti,Kruti,Krutnoye
2430,-1044127,,Kuna,,Kuna,Kuna,Kuna,Kuna
2431,-1046852,,Miziakov,,Mizyakov,Mizyakov,Mizyakov,Mizyakov
2432,-1049276,,Olkhovets,,Vil'khovets',Ol'khovets,Ol'khovets,Ol'khovets
2433,-2277621,,Vykhvatentsy,,Ofatinti,Vykhvatintsy,,Vykhvatintsy
2434,-1035399,,Berezan,,Berezan,Berezan',Berezan',Berezan'
2435,-1035246,,Bielotserkovka,,Bilotserkivka,Belotserkovka,Belotserkovka,Belotserkovka
2436,-1038742,,Gadiach,,Hadiach,Gadyach,Gadyach,Gadyach
2437,-1038915,,Gelmiazov,,Helmiaziv,Gel'myazov,Gel'myazov,Gel'myazov
2438,-1059225,,Iablonev,,Yabluneve,Yablonevo,Yablonevo,Yablonevo
2439,-1042262,,Kobeliaki,,Kobelyaki,Kobelyaki,Kobelyaki,Kobelyaki
2440,-1050163,,Pereshchepino,,Pereshchepino,Pereshchepino,Pereshchepino,Pereshchepino
2441,-1058844,,Voronkov,,Voronkov,Voronkov,Voronkov,Voronkov
2442,-505410,,Iastrzhomb,,Jastrzab,Jastrząb,Jastrząb,Jastrząb
2443,-515305,,Malenets,,Maleniec,Maleniec,Maleniec,Maleniec
2444,-520199,,Osiek,,Osiek,Osiek,Osiek,Osiek
2445,-535191,,Verzhbitsa,,Wierzbica,Wierzbica,Wierzbica,Wierzbica
2446,-2994531,,Riazan,,Ryazan,Ryazan,Ryazan,Ryazan'
2447,-2995930,,Samara,,Samara,Samara,Samara,Kuybyshev
2448,-2996563,,Saratov,,Saratov,Saratov,Saratov,Saratov
2449,-520343,,Ossovo,,Osowa,Ossowa,Osowa,Osowa
2450,-529142,,Sobibor,,Sobibor,Sobibór,Sobibór,Sobibór
2451,-2875499,,Alatyr,,Alatyr',Alatyr,Alatyr,Alatyr'
2452,-3025025,,Simbirsk,,Ul'yanovsk,Simbirsk,Ul'yanovsk,Ul'yanovsk
2453,-2938485,,Kronshtadt,,Kronshtadt,Kronshtadt,Kronshtadt,Kronshtadt
2454,-2947561,,Oranienbaum,,Lomonosov,Oranienbaum,Oranienbaum,Lomonosov
2455,-2612591,,Aleksota,,Aleksotas,Aleksota,Aleksotas,Aleksotas
2456,-493203,,Berzhiki,,Berzniki,Berżniki,Berżniki,Berżniki
2457,-2613420,,Budvietse,,Budvieciai,Budwiecie,Būdviečiai,Būdviečiai
2458,-2614730,,Give,,Gyviai,Giwie,Gyviai,Gyviai
2459,-1943176,,Golynka,,Halynka,Hołynka,Hołynka,Golynka
2460,-506410,,Kaletnik,,Kaletnik,Kaletnik,Kaletnik,Kaletnik
2461,-510751,,Krasnopol,,Krasnopol,Krasnopol,Krasnopol,Krasnopol
2462,-513739,,Lipsk,,Lipsk,Lipsk,Lipsk,Lipsk
2463,-2616323,,Lishkov,,Liskiava,Liszków,Liškiava,Liškiava
2464,-2616328,,Liubovo,,Liubavas,Lubowo,Liubavas,Liubavas
2465,-2617507,,Pokoine,,Pakuonis,Pokojnie,Pakuonis,Pakuonis
2466,-532304,,Shtabin,,Sztabin,Sztabin,Sztabin,Sztabin
2467,-2619601,,Sudargi,,Sudargas,Sudargi,Sudargas,Sudargas
2468,-2620440,,Veivery,,Veiveriai,Wejwery,Veiveriai,Veiveriai
2469,-1051577,,Prishib,,Pryshyb,Prishib,Prishib,Prishib
2470,-3022099,,Tula,,Tula,Tula,Tula,Tula
2471,-3024007,,Ufa,,Ufa,Ufa,Ufa,Ufa
2472,-2612688,,Antokol,,Antakalnis,Antokol,Antokol,Antakalnis
2473,-1942016,,Beniakoni,,Byenyakoni,Benyakoni,Bieniakonie,Benyakoni
2474,-2613256,,Bezdany,,Bezdonys,Bezdany,Bezdany,Bezdonys
2475,-2613293,,Birshtany,,Birstonas,Birshtany,Birštonas,Birštonas
2476,-2613573,,Chabishki,,Ciobiskis,Chabishki,Čiobiškis,Čiobiškis
2477,-1942967,,Gaviia,,Gav'ya,Gaviya,Gawia,Gav'ya
2478,-2614854,,Iashuny,,Jasiunai,Iashuny,Jaszuny,Jašiūnai
2479,-2615517,,Kernovo,,Kernave,Kernovo,Kernavė,Kernavė
2480,-2616047,,Laibishki,,Laibiskes,Laĭbishki,Łojbiszki,Laibiškės
2481,-2616217,,Liandvarovo,,Lentvaris,Lyandvarovo,Landwarów,Lentvaris
2482,-1945731,,Lyntupy,,Lyntupy,Lyntupy,Łyntupy,Lyntupy
2483,-2617086,,Niemaniuny,,Nemajunai,Nemanyuny,Nemajūnai,Nemajūnai
2484,-2619703,,Novo-Sventsiany,,Svencioneliai,Novo-Sventsyany,Nowo-Święciany,Švenčionėliai
2485,-2617043,,Novo-Vileisk,,Naujoji Vilnia,Novo-Vileĭsk,Nowa Wilejka,Naujoji Vilnia
2486,-2618209,,Puni,,Punia,Puni,Punia,Punia
2487,-2613548,,Tsekhanovishki,,Cekoniskes,Tsekhanovishki,Ciechanowiszki,Čekoniškės
2488,-1951794,,Yasevichi,,Yasevichi,Yasevichi,Jasiewicze,Yasevichi
2489,-1952716,,Zhuprany,,Zhuprany,Zhuprany,Żuprany,Zhuprany
2490,-1057674,,Berezhetsy,,Velikiye Berezhtsy,Berezhtsy,Bereżce,Velikiye Berezhtsy
2491,-1037541,,Datyn,,Datyn',Datyn',Datyń,Datyn'
2492,-1038036,,Dolsk,,Dolsk,Dol'sk,Dolsk,Dol'sk
2493,-1039591,,Dradysk,,Hradysk,Gradysk,Gradysk,Gradysk
2494,-1039421,,Gorodets,,Horodets,Gorodets,Horodziec,Gorodets
2495,-1043978,,Ksaverov,,Ksaveriv,Ksaverov,Ksaverov,Ksaverov
2496,-1044697,,Levkov,,Levkov,Levkov,Levkov,Levkov
2497,-1044836,,Lishnevka,,Lishnevka,Lishniovka,Liszniówka,Lishnevka
2498,-1046516,,Mezherich,,Mezhyrichi,Mezherichi,Międzyrzecz,Mezherichi
2499,-1048946,,Novyi Aleksinets,,Novyy Oleksinets,Aleksinets,Nowy Oleksiniec,Novyy Oleksinets
2500,-1049767,,Ozhigovtsy,,Ozhyhivtsi,Ozhigovtsy,Ozhigovtsy,Ozhigovtsy
2501,-1051447,,Povursk,,Povorsk,Povorsk,Powórsk,Povorsk
2502,-1035380,,Tatarnovichi,,Berestovets,Berestovets,Berestowiec,Berestovets
2503,-1059206,,Vystupovichi,,Vystupovichi,Vystupovichi,Vystupovichi,Vystupovichi
2504,-501031,,Gombin,,Gabin,Gąbin,Gąbin,Gąbin
2505,-534433,,Grokhov II,,Warszawa,Warszawa,Warszawa,Warszawa
2506,-511673,,Kuchary,,Kuchary Zydowskie,Kuchary,Kuchary,Kuchary
2507,-523685,,Praga,,Praga,Praga,Praga,Praga
2508,-1040070,,Igren,,Ihren',Igren,Igren,Igren
2519,-2277670,,Zguritse,,Zgurita,Zguritsa,Zguriţa,Zguritsa
2520,-3209873,,Goldingen,,Kuldiga,Goldingen,Kuldīga,Kuldīga
2521,-3210389,,Libava,,Liepaja,Libava,Liepāja,Liepāja
2522,-3209031,,Mitava,,Jelgava,Mitava,Jelgava,Jelgava
2523,-3211682,,Pilten,,Piltene,Pilten,Piltene,Piltene
2524,-3212809,,Shenberg,,Skaistkalne,Shenberg,Skaistkalne,Skaistkalne
2525,-2624869,,Vezenberg,,Rakvere,Vezenberg,Rakvere,Rakvere
2526,-1940921,,Antopol,,Antopol,Antopol,Antopol,Antopol'
2527,-1942010,,Bereza,,Byaroza,Bereza Kartuska,Bereza Kartuska,Bereza
2529,-1942035,,Byten,,Byten,Byten,Byteń,Byten'
2530,-1942370,,Derechin,,Derechin,Derechin,Dereczyn,Derechin
2531,-1942411,,Dyvin,,Divin,Divin,Dywin,Divin
2532,-505356,,Iasenovka,,Jasionowka,Yasienuvka,Jasionówka,Jasionówka
2533,-1943756,,Kamenets-Litovsk,,Kamyanyets,Kamenets-Litovsk,Kamieniec Litewski,Kamenets
2534,-1944058,,Khomsk,,Khomsk,Khomsk,Chomsk,Khomsk
2535,-507892,,Kleshcheli,,Kleszczele,Kleszczele,Kleszczele,Kleszczele
2536,-509820,,Koritsyn,,Korycin,Korytsin,Korycin,Korycin
2537,-511203,,Krinki,,Krynki,Krynki,Krynki,Krynki
2538,-512039,,Kuznitsa,,Kuznica,Kuźnica,Kuźnica,Kuźnica
2539,-527809,,Loiki predmeste mestechka Sem,,Siemiatycze,Semiatyche,Siemiatycze,Siemiatycze
2540,-1945742,,Lyskovo,,Lyskovo,Lyskovo,Łysków,Lyskovo
2541,-1945929,,Maloryto,,Malaryta,Malorita,Małoryta,Malaryta
2542,-516588,,Mileichitsy,,Milejczyce,Miliechitse,Milejczyce,Milejczyce
2543,-531046,,Sukhovolia,,Suchowola,Sukhovola,Suchowola,Suchowola
2544,-533270,,Trostiany,,Trzcianne,Tshchanne,Trzcianne,Trzcianne
2545,-1951368,,Volchin,,Volchin,Volchin,Wołczyn,Volchin
2546,-1952262,,Zamosc predmeste Kamenets-L,,Zamosty,Zamosty,Zamosty,Zamosty
2547,-496302,,Burzhenin,,Burzenin,Burzenin,Burzenin,Burzenin
2548,-1043300,,Kramatorovka,,Kramators'k,Kramatorsk,Kramatorsk,Kramatorsk
2549,-1035719,,Buialyk Bolshoi,,Blahoyeve,Bol’shoy Buyalyk,Blagoevo,Blagoyevo
2550,-1056624,,Sviato-Troitskoe,,Troyits'ke,Svyato-Troitskoye,Troyitskoye,Troitskoye
2551,-507369,,Kazimerzha Velka,,Kazimierza Wielka,Kazimierza Wielka,Kazimierza Wielka,Kazimierza Wielka
2552,-2612694,,Antolenty,,Antaliepte,Antolepty,Antalieptė,Antalieptė
2553,-2620841,,Novo-Zhagory,,Zagare,Zhagar,Žagarė,Žagarė
2554,-2612547,,Okmiany,,Akmene,Okmyany,Akmenė,Akmenė
2556,-2618249,,Pusholaty,,Pusalotas,Pushelaty,Pušalotas,Pušalotas
2557,-2618874,,Shavkuty,,Saukotas,Shavkuti,Šaukotas,Šaukotas
2558,-2620938,,Zheimy,,Zeimiai,Zheimy,Žeimiai,Žeimiai
2559,-505687,,Edvbno,,Jedwabne,Jedwabne,Jedwabne,Jedwabne
2560,-497249,,Khrzhanov,,Chrzanow,Chrzanów,Chrzanów,Chrzanów
2561,-511344,,Kretov,,Krzeszow,Krzeszów,Krzeszów,Krzeszów
2562,-533098,,Travniki,,Trawniki,Trawniki,Trawniki,Trawniki
2563,-1943284,,Gorodeia,,Haradzieja,Gorodzey,Horodziej,Gorodeya
2564,-1045349,,Liubishov,,Lyubeshiv,Lyubeshov,Lubieszów,Lyubeshov
2565,-1946897,,Novaia Mysh,,Novaya Mysh,Mysh Nova,Nowa Mysz,Novaya Mysh
2566,-1948134,,Pogost,,Pahost,Pogost,Pogost,Pogost
2567,-1949743,,Selolevichi,,Smalyavichy,Smolevichi,Smolevichi,Smolevichi
2568,-1947681,,Ugarichi,,Parichi,Parichi,Parichi,Parichi
2569,-505930,,Ezhov,,Jezow,Jeżów,Jeżów,Jeżów
2570,-509635,,Konstantinov,,Konstantynow Lodzki,Konstantynów,Konstantynów,Konstantynów Łódzki
2571,-511317,,Krzhepitse,,Krzepice,Krzepice,Krzepice,Krzepice
2572,-519858,,Olshtyn,,Olsztyn,Olsztyn,Olsztyn,Olsztyn
2573,-526084,,Rosprzha,,Rozprza,Rozprza,Rozprza,Rozprza
2575,-497082,,Khorzheva,,Chorzele,Chorzele,Chorzele,Chorzele
2576,-530732,,Strzhegovo,,Strzegowo,Strzegowo,Strzegowo,Strzegowo-Osada
2577,-1037123,,Cherpukhi,,Chornukhy,Chernukhi,Chernukhi,Chernukhi
2578,-505648,,Edlinsk,,Jedlinsk,Jedlińsk,Jedlińsk,Jedlińsk
2579,-524856,,Glinitse,,Radom,Radom,Radom,Radom
2580,-497769,,Tsmelev,,Cmielow,Ćmielów,Ćmielów,Ćmielów
2581,-534176,,Vovkhotsk,,Wachock,Wąchock,Wąchock,Wąchock
2582,-2620890,,Sapezhishki,,Zapyskis,Sapieżyszki,Zapyškis,Zapyškis
2583,-2612942,,Boguslavishki,,Bagaslaviskis,Boguslavishki,Bagaslaviškis,Bagaslaviškis
2584,-1941930,,Budslav,,Budslav,Budslav,Budsław,Budslav
2585,-2613869,,Dzevenishki,,Dieveniskes,Devenishki,Dziewieniszki,Dieveniškės
2586,-1943611,,Iody,,Iody,Iody,Jody,Iody
2587,-2616308,,Lyngmiany s derevnei Lyngmiany,,Linkmenys,Linkmenys,Łyngmiany,Linkmenys
2588,-2612645,,Olita,,Alytus,Olita,Alytus,Alytus
2589,-2617284,,Podbrodze,,Pabrade,Podbrodze,Podbrodzie,Pabradė
2590,-1047955,,Novaia Chartoriia,,Nova Chortoriya,Chartoriya Novaya,Nova Chartoriya,Novaya Chartoriya
2591,-507637,,Kernozia,,Kiernozia,Kiernozia,Kiernozia,Kiernozia
2592,-528235,,Skernevka Novaia i Novaia ulit,,Skierniewice,Skierniewice,Skierniewice,Skierniewice
2593,,,Kalvariskie snipishki,,Kolonia Izaaka,Kolonia Izaaka,Kolonia Izaaka,
2594,-506582,,Kametsshyk,,Kamienczyk,Kamieńczyk,Kamieńczyk,Kamieńczyk
