line_id,code,jg_id,ejl_line,name,dist,prov,area,region,prov1900,prov1930,jg_dist,jg_dist1930,country1900,country1930
1,PSK_OST_PYTL,-2990437,8,Pytalovo,Ostrov,Pskov,Mainland Russia,Latgale,Pskov,Latgale,Ostrov,Abrene,Russian Empire,Soviet Union
2,SDL_LKV_ADMW,-492116,14,Adamów,Lukow,Siedlce,Congress Poland,Lublin,Siedlce,Lublin,Lukov,Łuków,Russian Empire,Poland
3,CRL_GZN_GZNP,-3206643,31,Gazenpot,Gazenpot,Courland,Mainland Russia,Courland,Courland,Kurzeme,Gazenpot,Aizpute,Russian Empire,Soviet Union
4,KZN_AKH_AKHT,-1034035,34,Akhtyrka,Akhtyrka,Kharkov,Mainland Russia,Sumy,Kharkov,Ukraine SSR,Akhtyrka,Sumy,Russian Empire,Soviet Union
5,KVN_NVL_OKNS,-3206682,36,Oknista,Novoaleksandrovsk,Kovno,Pale,Zemgale,Kovno,Zemgale,Novoaleksandrovsk,Ilūkste,Russian Empire,Soviet Union
6,VLH_RVN_ALKS,-1034078,42,Aleksandriia,Rovno,Volhynia,Pale,Volhynia,Volhynia,Wołyń,Rovno,Równe,Russian Empire,Soviet Union
7,PTR_LDZ_ALSK,-492230,44,Aleskandrów,Lodz,Piotrkow,Congress Poland,Lodz,Piotrków,Łódż,Lodz',Łódź,Russian Empire,Poland
8,WRS_NSH_ALKS,-492229,45,Aleksandrów,Nieszawa,Warszawa,Congress Poland,Warsaw,Warszawa,Warszawa,Neshava,Nieszawa,Russian Empire,Poland
9,BSS_BLT_ALKS,-2275979,48,Aleksandreny,Bieltsy,Bessarabia,Pale,Bessarabia,Bessarabia,Basarabia,Bieltsy,Bălţi,Russian Empire,Soviet Union
10,KHR_ALK_ALKS,-1049208,49,Aleksandriia,Aleksandriia,Kherson,Pale,Kirovograd,Kherson,Ukraine SSR,Aleksandriia,Kirovograd,Russian Empire,Soviet Union
11,KIV_CHG_ALKS,-1049206,51,Aleksandrovka,Chigirin,Kiev,Pale,Kirovograd,Kiev,Ukraine SSR,Chigirin,Kirovograd,Russian Empire,Soviet Union
12,PRU_OST_ALLN,-519859,55,Allenstein,Olsztyn,Preussen,Prussia,East Prussia,Preußen,Preußen,Ostpreußen,Ostpreußen,,Poland
13,VLN_TRK_OLV,-2612619,60,Olava,Troki,Vilna,Pale,Alytus,Vilna,,Troki,Alytus,,Soviet Union
14,KVN_TLS_OLSD,-2612624,64,Olsiady,Telshi,Kovno,Pale,Telsiai,Kovno,,Tel'shi,Telšiai,Russian Empire,Soviet Union
15,PRU_PMM_ALTD,-498582,71,Altdamm,Pommern,Preussen,Prussia,Pomerania,Preußen,Preußen,Pommern,Pommern,Germany,Poland
16,CRN_KRL_ALTY,-1034270,83,Altynovka,Krolevets,Chernigov,Pale,Sumy,Chernigov,Ukraine SSR,Krolevets,Sumy,Russian Empire,Soviet Union
17,LVL_VLK_ALKS,-3206721,88,Aluksna,Valk,Livland,Mainland Russia,Vidzeme,Livland,Vidzeme,Valk,Valka,Russian Empire,Soviet Union
18,KVN_VLK_OVNT,-2612570,89,Ovanta,Vilkomir,Kovno,Pale,Utena,Kovno,,Vil'komir,Utena,Russian Empire,Soviet Union
19,KHR_ANN_ANNV,-1034285,101,Ananev,Ananev,Kherson,Pale,,Kherson,Moldavian ASSR,Anan'ev,,Russian Empire,Soviet Union
20,VLH_ZHT_ANDR,-1034396,108,Andrushovka,Zhitomir,Volhynia,Pale,Zhitomir,Volhynia,Ukraine SSR,Zhitomir,Zhitomir,Russian Empire,Soviet Union
21,GLC_CRC_ANDR,-492267,109,Andrychów,Wadowice,Galicia,Galicia,Cracow,Galicia,Kraków,Wadowice,Wadowice,Austrian Empire,Poland
22,LMZ_OST_ANDR,-492271,110,Andruseevo,Ostrov,Lomza,Congress Poland,Bialystok,Łomża,Białystok,Ostrov,Ostrów,Russian Empire,Poland
23,PTR_LDZ_ANDR,-492280,111,Andrzejów,Brzeziny,Piotrkow,Congress Poland,Lodz,Piotrków,Łódż,Lodz',Łódź,Russian Empire,Poland
24,PRU_OST_ANGR,-534627,113,Angerburg,Wegorzewo,Preussen,Prussia,East Prussia,Preußen,Preußen,Ostpreußen,Ostpreußen,,Poland
25,PRU_PMM_ANKL,-1740551,116,Anklam,Pommern,Preussen,Prussia,Pomerania,Preußen,Preußen,Pommern,Pommern,Germany,Germany
26,VLH_OST_ANNP,-1034425,118,Annopol,Ostrog,Volhynia,Pale,Kamenets-Podolski,Volhynia,Ukraine SSR,Ostrog,Kamenets-Podolski,Russian Empire,Soviet Union
27,LBL_INV_ANNP,-492321,119,Annopol,Janow,Lublin,Congress Poland,Lublin,Lublin,Lublin,Ianov,Janów,Russian Empire,Poland
28,SWL_MRM_ANTN,-2612699,124,Antanava,Mariampol,Suwalki,Congress Poland,Marijampole,Suwałki,,Mariampol',Marijampolė,Russian Empire,Soviet Union
29,VLH_ZSL_ANTN,-1034469,125,Antoniny,Zaslavl,Volhynia,Pale,Kamenets-Podolski,Volhynia,Ukraine SSR,Zaslavl',Kamenets-Podolski,Russian Empire,Soviet Union
30,MGL_CHR_ANTN,-149302,126,Antonovka,Cherikov,Mogilev,Pale,Mogilev,,,,,,
31,VLH_RVN_ANTN,-1034509,127,Antonovka,Rovno,Volhynia,Pale,Volhynia,Volhynia,Wołyń,Rovno,Równe,Russian Empire,Soviet Union
32,KVN_VLK_ONKS,-2612735,130,Onikshty,Vilkomir,Kovno,Pale,Utena,Kovno,,Vil'komir,Utena,Russian Empire,Soviet Union
33,LVL_VLK_APPN,-3206808,135,Appengof,Valk,Livland,Mainland Russia,Vidzeme,Livland,Vidzeme,Valk,Valka,Russian Empire,Soviet Union
34,KHR_KHR_PKRV,-1034540,140,Pokrovskoe,Kherson,Kherson,Pale,Dnepropetrovsk,Kherson,Ukraine SSR,Kherson,Dnepropetrovsk,Russian Empire,Soviet Union
35,BSS_AKK_STRA,-1034623,147,Staro-Artsiz,Akkerman,Bessarabia,Pale,Bessarabia,Bessarabia,Basarabia,Akkerman,Cetatea Albă,Russian Empire,Soviet Union
36,KVN_KVN_ERGL,-2612768,152,Eirogola,Kovno,Kovno,Pale,Kedainai,Kovno,,Kovna,Kėdainiai,Russian Empire,Soviet Union
37,TRD_PRK_ARMN,-1034582,155,Armianskii bazar,Perekop,Taurida,Pale,Crimea,Taurida,Ukraine SSR,Perekop,Crimea,Russian Empire,Soviet Union
38,EKT_BKH_BKHM,-1034612,163,Bakhmut,Bakhmut,Ekaterinoslav,Mainland Russia,Stalino,Ekaterinoslav,Ukraine SSR,Bakhmut,Stalino,Russian Empire,Soviet Union
39,CRL_TKK_ATS,-3206918,178,Autse,Tukkum,Courland,Mainland Russia,Zemgale,Courland,Zemgale,Tukkum,Tukums,Russian Empire,Soviet Union
40,SWL_AVG_AVGS,-492452,183,Avgustov,Avgustov,Suwalki,Congress Poland,Bialystok,Suwałki,Białystok,Avgustov,Augustów,Russian Empire,Poland
41,VLN_TRK_VYSK,-2612835,184,Vysokii dvor,Troki,Vilna,Pale,Troki,Vilna,,Troki,Trakai,,Soviet Union
42,SWL_MRM_PNMV,-2612858,185,Poniemov,Mariampol,Suwalki,Congress Poland,Kaunas,Suwałki,,Mariampol',Kaunas,Russian Empire,Soviet Union
43,PTR_NVR_ARLW,-492476,187,Aurelów,Noworadomsk,Piotrkow,Congress Poland,Lodz,Piotrków,Łódż,Novoradomsk,Radomsko,Russian Empire,Poland
44,SWL_MRM_DBVB,-2612904,192,Debova Buda,Mariampol,Suwalki,Congress Poland,Marijampole,Suwałki,,Mariampol',Marijampolė,Russian Empire,Soviet Union
45,KIV_UMN_BBNK,-1034731,194,Babanka,Uman,Kiev,Pale,Kiev,Kiev,Ukraine SSR,Uman',Kiev,Russian Empire,Soviet Union
46,KLS_KLO_BBK,-492488,195,Babiak,Kolo,Kalisz,Congress Poland,Lodz,Kalisz,Łódż,Kolo,Koło,Russian Empire,Poland
47,MGL_ORS_BBNV,-1940990,196,Babinovichi,Orsha,Mogilev,Pale,Vitebsk,Mogilev,Belarus SSR,Orsha,Vitebsk,Russian Empire,Soviet Union
48,KVN_KVN_BBTY,-2612928,198,Bobty,Kovno,Kovno,Pale,Kaunas,Kovno,,Kovna,Kaunas,Russian Empire,Soviet Union
49,SDL_WGR_BCZK,-492601,210,Baczki,Wegrow,Siedlce,Congress Poland,Lublin,Siedlce,Lublin,Vengrov,Węgrów,Russian Empire,Poland
50,PRU_PMM_PLZN,-523032,230,Polzin,Pommern,Preussen,Prussia,Pomerania,Preußen,Preußen,Pommern,Pommern,Germany,Poland
51,MGL_GRK_BV,-1941110,240,Baevo,Gorki,Mogilev,Pale,Vitebsk,Mogilev,Belarus SSR,Gorki,Vitebsk,Russian Empire,Soviet Union
2625,KVN_SHV_BSGL,,248,Baineti,Unknown,Bukovina,,Bukovina,,,,,,
52,SWL_SVL_BKLR,-2612966,250,Beisagola,Shavli,Kovno,Pale,Kedainiai,Kovno,,Shavli,Kėdainiai,Russian Empire,Soviet Union
53,TRD_SMF_BKHC,-492685,253,Bakalarzhevo,Suvalki,Suwalki,Congress Poland,Bialystok,Suwałki,Białystok,Suvalki,Suwałki,Russian Empire,Poland
54,CRN_KNT_BKHM,-1034817,254,Bakhchisarai,Simferopol,Taurida,Pale,Crimea,Taurida,Ukraine SSR,Simferopol',Crimea,Russian Empire,Soviet Union
55,VLN_OSH_BKSH,-1034820,255,Bakhmach,Konotop,Chernigov,Pale,Chernigov,Chernigov,Ukraine SSR,Konotop,Chernigov,Russian Empire,Soviet Union
56,KIV_LPV_BLBN,-1941013,256,Bakshty,Oshmiany,Vilna,Pale,Nowogrodek,Vilna,Nowogródek,Oshmiany,Wołożyn,,Soviet Union
57,TRD_SVS_BLKL,-1034851,258,Balabanovka,Lipovets,Kiev,Pale,Vinnitsa,Kiev,Ukraine SSR,Lipovets,Vinnitsa,Russian Empire,Soviet Union
2650,SWL_MRM_BLVR,-1151714,259,Balaceana,Suczawa,Bukovina,,Bukovina,Bukovina,Bucovina,Suczawa,Suceava,Austrian Empire,Romania
58,GLC_LWW_BLGR,-1034856,260,Balaklava,Sevastopol,Taurida,Pale,Crimea,Taurida,Ukraine SSR,Sevastopol',Crimea,Russian Empire,Soviet Union
59,POD_KMN_BLN,-2612996,265,Balverzhishki,Mariampol,Suwalki,Congress Poland,Marijampole,Suwałki,,Mariampol',Marijampolė,Russian Empire,Soviet Union
60,KVN_VLK_BLNK,-492736,267,Baligród,Lisko,Galicia,Galicia,Lwow,Galicia,Lwów,Lisko,Lisko,Austrian Empire,Poland
61,POD_BLT_BLT,-1034883,269,Balin,Kamenets-Podolsk,Podolia,Pale,Kamenets-Podolski,Podolia,Ukraine SSR,Kamenets-Podol'sk,Kamenets-Podolski,Russian Empire,Soviet Union
62,BSS_BLT_BLTS,-2613022,271,Bolniki,Vilkomir,Kovno,Pale,Ukmerge,Kovno,,Vil'komir,Ukmergė,Russian Empire,Soviet Union
63,POD_MGL_BR,-1034900,272,Balta,Balta,Podolia,Pale,,Podolia,Moldavian ASSR,Balta,,Russian Empire,Soviet Union
64,MGL_ORS_BRN,-2276030,273,Beltsy,Bieltsy,Bessarabia,Pale,Bessarabia,Bessarabia,Basarabia,Bieltsy,Bălţi,Russian Empire,Soviet Union
2668,GLC_LWW_BRNW,-1034916,275,Banyliv,Wiznitz,Bukovina,,Bukovina,Bukovina,Bucovina,Wiznitz,Storojineţ,Austrian Empire,Soviet Union
2641,LBL_PLW_BRNW,-1034915,276,Banyliv Pidhirnyi,Storojinet,Bukovina,,Bukovina,Bukovina,Bucovina,Storojinet,Storojineţ,Austrian Empire,Soviet Union
65,MNS_NVG_BRNV,-1034926,281,Bar,Mogilev,Podolia,Pale,Vinnitsa,Podolia,Ukraine SSR,Mogilev,Vinnitsa,Russian Empire,Soviet Union
66,VLH_ZHT_BRSH,-1941033,285,Baran,Orsha,Mogilev,Pale,Vitebsk,Mogilev,Belarus SSR,Orsha,Vitebsk,Russian Empire,Soviet Union
67,KVN_TLS_BRST,-492818,288,Baranów,Tarnobrzeg,Galicia,Galicia,Lwow,Galicia,Lwów,Tarnobrzeg,Tarnobrzeg,Austrian Empire,Poland
68,PRU_OST_BRTN,-492799,289,Baranów,Pulawy,Lublin,Congress Poland,Lublin,Lublin,Lublin,Puławy,Puławy,,Poland
69,SWL_VLK_BRTN,-1941035,290,Baranovichi,Novogrudok,Minsk,Pale,Nowogrodek,Minsk,Nowogródek,Novogrudok,Baranowicze,Russian Empire,Soviet Union
70,GLC_TRN_BRYS,-1034965,291,Barashi,Zhitomir,Volhynia,Pale,Zhitomir,Volhynia,Ukraine SSR,Zhitomir,Zhitomir,Russian Empire,Soviet Union
71,PLT_PRS_BRYS,-2613110,303,Barstichai,Telshi,Kovno,Pale,Mazeikiai,Kovno,,Tel'shi,Mažeikiai,Russian Empire,Soviet Union
72,KVN_RSS_BTK,-492966,304,Bartenstein,Frydlad,Preussen,Prussia,East Prussia,Preußen,Preußen,Ostpreußen,Ostpreußen,,Poland
73,GLC_TRN_BTTY,-2613121,305,Bartniki,Volkovyshki,Suwalki,Congress Poland,Vilkaviskis,Suwałki,,Volkovyshki,Vilkaviškis,Russian Empire,Soviet Union
74,CRL_BSK_BSK,-1035000,306,Barysz,Buczacz,Galicia,Galicia,Tarnopol,Galicia,Tarnopol,Buczacz,Buczacz,Austrian Empire,Soviet Union
75,VLH_STR_BZL,-1035001,307,Baryshevka,Pereiaslav,Poltava,Pale,Kiev,Poltava,Ukraine SSR,Pereiaslav,Kiev,Russian Empire,Soviet Union
76,VLH_OVR_BZR,-2613151,312,Botoki,Rossieny,Kovno,Pale,Taurage,Kovno,,Rossieny,Tauragė,Russian Empire,Soviet Union
77,KVN_SHV_PDBS,-1035044,317,Batiatycze,Kamionka,Galicia,Galicia,Tarnopol,Galicia,Lwów,Żółkiew,Żółkiew,,Soviet Union
78,MNS_BRS_BGML,-3207144,326,Bausk,Bausk,Courland,Mainland Russia,Zemgale,Courland,Zemgale,Bausk,Bauska,Russian Empire,Soviet Union
79,KIV_VSL_BLTS,-1035073,330,Bazaliia,Starokonstantinov,Volhynia,Pale,Kamenets-Podolski,Volhynia,Ukraine SSR,Starokonstantinov,Kamenets-Podolski,Russian Empire,Soviet Union
80,TLA_BLV_BLV,-1035076,331,Bazar,Ovruch,Volhynia,Pale,Zhitomir,Volhynia,Ukraine SSR,Ovruch,Zhitomir,Russian Empire,Soviet Union
81,PRU_PMM_BLGR,-2617318,332,Podubis,Shavli,Kovno,Pale,Siauliai,Kovno,,Shavli,Šiauliai,Russian Empire,Soviet Union
82,KIV_BRD_BLLV,-1941121,345,Begoml,Borisov,Minsk,Pale,Minsk,Minsk,Belarus SSR,Borisov,Minsk,Russian Empire,Soviet Union
83,PTR_PTR_BLCH,-1035624,357,Bielaia Tserkov,Vasilkov,Kiev,Pale,Kiev,Kiev,Ukraine SSR,Vasil'kov,Kiev,Russian Empire,Soviet Union
84,VLH_ZSL_BLGR,-2883907,359,Bielev,Bielev,Tula,Mainland Russia,Tula,Tula,Russian SSR,Bielev,Tula,Russian Empire,Soviet Union
85,KIV_BRD_BLPL,-493427,361,Belgard,Pommern,Preussen,Prussia,Pomerania,Preußen,Preußen,Pommern,Pommern,Germany,Poland
86,SML_BLY_BLY,-1035165,364,Bielilovka,Berdichev,Kiev,Pale,Zhitomir,Kiev,Ukraine SSR,Berdichev,Zhitomir,Russian Empire,Soviet Union
87,MGL_MGL_BLYN,-493112,366,Bełchatów,Piotrkow,Piotrkow,Congress Poland,Lodz,Piotrków,Łódż,Petrokov,Piotrków,Russian Empire,Poland
88,GLC_LWW_BLZ,-1035197,368,Bielogorodka,Zaslavl,Volhynia,Pale,Kamenets-Podolski,Volhynia,Ukraine SSR,Zaslavl',Kamenets-Podolski,Russian Empire,Soviet Union
89,LBL_LBL_BLZY,-1035228,369,Bielopole,Berdichev,Kiev,Pale,Vinnitsa,Kiev,Ukraine SSR,Berdichev,Vinnitsa,Russian Empire,Soviet Union
90,PTR_BRZ_BDKW,-2884636,373,Bielyi,Bielyi,Smolensk,Mainland Russia,Smolensk,Smolensk,Russian SSR,Bielyi,Smolensk,Russian Empire,Soviet Union
91,RDM_KNS_BNDZ,-1941219,374,Bielynichi,Mogilev,Mogilev,Pale,Mogilev,Mogilev,Belarus SSR,Mogilev,Mogilev,Russian Empire,Soviet Union
92,KIV_BRD_BRDC,-1035317,375,Belz,Sokal,Galicia,Galicia,Lwow,Galicia,Lwów,Sokal,Sokal,Austrian Empire,Soviet Union
93,VLH_DBN_BRST,-493153,377,Bełżyce,Lublin,Lublin,Congress Poland,Lublin,Lublin,Lublin,Liublin,Lublin,Russian Empire,Poland
94,VLH_NVG_BRZD,-493057,379,Będków,Brzeziny,Piotrkow,Congress Poland,Lodz,Piotrków,Łódż,Breziny,Brzeziny,Russian Empire,Poland
95,MNS_IGM_BRZN,-493096,381,Bendzin,Bedzin,Radom,Congress Poland,Kielce,,,,,,
96,CRN_CHR_BRZN,-1035347,392,Berdichev,Berdichev,Kiev,Pale,Zhitomir,Kiev,Ukraine SSR,Berdichev,Zhitomir,Russian Empire,Soviet Union
97,VLH_RVN_BRZN,-1035372,398,Berestechko,Dubno,Volhynia,Pale,Volhynia,Volhynia,Wołyń,Dubno,Horochów,Russian Empire,Soviet Union
98,KHR_KHR_BRZN,-1035406,402,Berezdov,Novograd-Volynskii,Volhynia,Pale,Kamenets-Podolski,Volhynia,Ukraine SSR,Novograd-Volynskii,Kamenets-Podolski,Russian Empire,Soviet Union
99,VLH_LTS_BRZH,-1941267,403,Berezino,Igumen,Minsk,Pale,Mogilev,Minsk,Belarus SSR,Igumen,Mogilev,Russian Empire,Soviet Union
100,KHR_ANN_BRZV,-1035445,404,Berezna,Chernigov,Chernigov,Pale,Chernigov,Chernigov,Ukraine SSR,Chernigov,Chernigov,Russian Empire,Soviet Union
101,KHR_KHR_BRSL,-1035456,405,Berezno,Rovno,Volhynia,Pale,Volhynia,Volhynia,Wołyń,Rovno,Kostopol,Russian Empire,Soviet Union
102,POD_OLG_BRSH,-1035449,406,Bereznegovatyi,Kherson,Kherson,Pale,Nikolaiev,Kherson,Ukraine SSR,Kherson,Nikolaiev,Russian Empire,Soviet Union
103,VTB_LPL_BSHN,-1035427,407,Berezhnitsa,Lutsk,Volhynia,Pale,Volhynia,Volhynia,Polesie,Lutsk,Sarny,Russian Empire,Soviet Union
104,PRU_PSN_BTSC,-1035476,408,Berezovka,Ananev,Kherson,Pale,Odessa,Kherson,Ukraine SSR,Anan'ev,Odessa,Russian Empire,Soviet Union
2658,KVN_KVN_BTYG,-1035358,414,Berehomet,Wiznitz,Bukovina,,Bukovina,Bukovina,Bucovina,Wiznitz,Storojineţ,Austrian Empire,Soviet Union
105,RDM_OPC_BLCZ,-1035528,415,Berislav,Kherson,Kherson,Pale,Nikolaiev,Kherson,Ukraine SSR,Kherson,Nikolaiev,Russian Empire,Soviet Union
2751,SDL_BLA_BLPD,-493771,423,Bierutow,Schlesien,Prussia,,Lower Silesia,Preußen,Preußen,Schlesien,Niederschlesien,Germany,Germany
106,PTR_RVA_BLRW,-1035538,426,Bershad,Olgopol,Podolia,Pale,Vinnitsa,Podolia,Ukraine SSR,Ol'gopol',Vinnitsa,Russian Empire,Soviet Union
107,RDM_RDM_BLBR,-1941328,431,Beshenkovichi,Lepel,Vitebsk,Pale,Vitebsk,Vitebsk,Belarus SSR,Lepel',Vitebsk,Russian Empire,Soviet Union
108,RDM_KNS_BLGN,-524473,432,Betsche,Miedzyrzecz,Preussen,Prussia,Posen-West,Preußen,Preußen,Posen,Posen-Westpreußen,Germany,Poland
109,GLC_TRN_BLYK,-2613254,434,Betygola,Kovno,Kovno,Pale,Raseiniai,Kovno,,Kovna,Raseiniai,Russian Empire,Soviet Union
2712,GRD_BLST_BLST,-494136,439,Bobrek,Schlesien,Prussia,,Upper Silesia,Preußen,Preußen,Schlesien,Oberschlesien,Germany,Poland
110,GLC_CRC_BCZ,-493288,446,Białaczów,Opoczno,Radom,Congress Poland,Lodz,Radom,Kielce,Opochno,Opoczno,Russian Empire,Poland
111,WRS_LVC_BLWY,-493309,447,Biała Podlaska,Biala,Siedlce,Congress Poland,Lublin,Siedlce,Lublin,Biela,Biała Podlaska,Russian Empire,Poland
112,VLN_LDA_BLTS,-493313,448,Biała Rawska,Rawa,Piotrkow,Congress Poland,Lodz,Piotrków,Warszawa,Rava,Rawa,Russian Empire,Poland
113,KHR_SMY_BLPL,-493419,449,Białobrzegi,Radom,Radom,Congress Poland,Kielce,Radom,Kielce,Radom,Radom,Russian Empire,Poland
114,PLC_PLT_BLSK,,450,Bialogon,Kielce,Radom,Congress Poland,Kielce,,,,,,
115,GLC_CRC_BL,-1035313,453,Bialykamień,Zloczow,Galicia,Galicia,Tarnopol,Galicia,Tarnopol,Złoczów,Złoczów,,Soviet Union
116,PLC_SRP_BZN,-493500,454,Bielostok,Bielostok,Grodno,Pale,Bialystok,Grodno,Białystok,Bielostok,Białystok,Russian Empire,Poland
117,VLH_ZHT_BYKV,-493535,462,Biecz,Gorlice,Galicia,Galicia,Cracow,Galicia,Kraków,Gorlice,Gorlice,Austrian Empire,Poland
118,GLC_TRN_BLCZ,-493610,463,Bielawy,Lowicz,Warszawa,Congress Poland,Warsaw,Warszawa,Warszawa,Lovich,Łowicz,Russian Empire,Poland
119,LBL_BLG_BLGR,-1941165,465,Bielitsy,Lida,Vilna,Pale,Nowogrodek,Vilna,Nowogródek,Lida,Lida,,Soviet Union
120,GLC_LWW_BRCZ,-1035229,467,Bielopole,Sumy,Kharkov,Mainland Russia,Sumy,Kharkov,Ukraine SSR,Sumy,Sumy,Russian Empire,Soviet Union
121,KVN_PNV_BRZH,-493693,468,Bielsk,Plock,Plock,Congress Poland,Warsaw,Płock,Warszawa,Plotsk,Płock,Russian Empire,Poland
122,PRU_OST_BSCH,-493705,469,Biała,Bielsk,Galicia,Galicia,Cracow,Galicia,Kraków,Biała,Biała,,Poland
123,PRU_WST_BSCH,-493830,472,Bieżuń,Sierpc,Plock,Congress Poland,Warsaw,Płock,Warszawa,Serpets,Sierpc,Russian Empire,Poland
124,LBL_LBL_BSKP,-1036767,478,Bykovka,Zhitomir,Volhynia,Pale,Zhitomir,Volhynia,Ukraine SSR,Zhitomir,Zhitomir,Russian Empire,Soviet Union
125,KLS_KLS_BLSZ,-1035628,480,Bilcze Złote,Brody,Galicia,Galicia,Tarnopol,Galicia,Tarnopol,Zaleszczyki,Borszczów,Austrian Empire,Soviet Union
126,WRS_GRT_BLND,-493851,481,Biłgoraj,Bilgoraj,Lublin,Congress Poland,Lublin,Lublin,Lublin,Bielgorai,Biłgoraj,Russian Empire,Poland
2698,KIV_RDM_BBR,,487,Bilovec,Schlesien,Prussia,,Silesia,,,,,,
127,GLC_CRC_BBW,-493876,491,Bircza,Dobromil,Galicia,Galicia,Lwow,Galicia,Lwów,Dobromil,Dobromil,Austrian Empire,Poland
128,MGL_SNN_BBR,-2613298,495,Birzhi,Poneviezh,Kovno,Pale,,Kovno,,Poneviezh,Biržai,Russian Empire,Soviet Union
129,KHR_ELZ_BBRN,-493925,497,Bischofsburg,Reszel,Preussen,Prussia,East Prussia,Preußen,Preußen,Ostpreußen,Ostpreußen,,Poland
130,GLC_LWW_BBRK,-493923,499,Bischofswerder,Susz,Preussen,Prussia,East Prussia,Preußen,Preußen,Westpreußen,Ostpreußen,,Poland
131,CRN_KZL_BBRV,-493910,501,Biskupice,Lublin,Lublin,Congress Poland,Lublin,Lublin,Lublin,Liublin,Lublin,Russian Empire,Poland
132,KHR_KHR_BBRV,-493961,515,Błaszki,Kalisz,Kalisz,Congress Poland,Lodz,Kalisz,Łódż,Kalish,Kalisz,Russian Empire,Poland
133,LBL_PLW_BBRW,-493985,518,Blenduv,Grojec,Warszawa,Congress Poland,Warsaw,,,,,,
134,MNS_BBR_BBRS,-1035763,524,Bober,Radomysl,Kiev,Pale,Kiev,Kiev,Ukraine SSR,Radomysl',Kiev,Russian Empire,Soviet Union
135,VTB_LPL_BCHK,-494126,526,Bobowa,Grybow,Galicia,Galicia,Cracow,Galicia,Kraków,Grybów,Grybów,,Poland
136,GLC_CRC_BCHN,-1941394,527,Bobr,Sienno,Mogilev,Pale,Minsk,Mogilev,Belarus SSR,Sienno,Minsk,Russian Empire,Soviet Union
137,GRD_BLS_BTSK,-1035801,528,Bobrinets,Elizavetgrad,Kherson,Pale,Kirovograd,Kherson,Ukraine SSR,Elizavetgrad,Kirovograd,Russian Empire,Soviet Union
138,PLC_PLT_BDZN,-1035787,529,Bóbrka,Bobrka,Galicia,Galicia,Lwow,Galicia,Lwów,Bóbrka,Bóbrka,,Soviet Union
139,KLC_KLC_BDZN,-1035791,530,Bobrovitsa,Kozelets,Chernigov,Pale,Chernigov,Chernigov,Ukraine SSR,Kozelets,Chernigov,Russian Empire,Soviet Union
140,POD_BLT_BGCH,-1035799,531,Bobrovyi Kut,Kherson,Kherson,Pale,Nikolaiev,Kherson,Ukraine SSR,Kherson,Nikolaiev,Russian Empire,Soviet Union
141,RDM_SND_BGR,-494170,532,Bobrowniki,Pulawy,Lublin,Congress Poland,Lublin,Lublin,Lublin,Puławy,Puławy,,Poland
142,MGL_ORS_BGSH,-1940996,533,Bobruisk,Bobruisk,Minsk,Pale,Mogilev,Minsk,Belarus SSR,Bobruisk,Mogilev,Russian Empire,Soviet Union
143,KIV_KNV_BGSL,-1941424,534,Bocheikovo,Lepel,Vitebsk,Pale,Vitebsk,Vitebsk,Belarus SSR,Lepel',Vitebsk,Russian Empire,Soviet Union
144,GLC_STN_BHRD,-494208,535,Bochnia,Bochnia,Galicia,Galicia,Cracow,Galicia,Kraków,Bochnia,Bochnia,Austrian Empire,Poland
145,KIV_ZVN_BRK,-494218,539,Botski,Bielsk,Grodno,Pale,Bialystok,Grodno,Białystok,Bielsk,Bielsk,Russian Empire,Poland
146,GLC_STN_BLCH,-494242,544,Bodzanów,Plock,Plock,Congress Poland,Warsaw,Płock,Warszawa,Plotsk,Płock,Russian Empire,Poland
147,BSS_IZM_BLGR,-494250,545,Bodzentyn,Kielce,Kielce,Congress Poland,Kielce,Kielce,Kielce,Kiel'tsy,Kielce,Russian Empire,Poland
148,WRS_LVC_BLMW,-1035818,550,Bogachevka,Balta,Podolia,Pale,Odessa,Podolia,Ukraine SSR,Balta,Odessa,Russian Empire,Soviet Union
149,KHR_ANN_VRDV,-494301,553,Bogoria,Opatow,Radom,Congress Poland,Kielce,Radom,Kielce,Sandomir,Sandomierz,Russian Empire,Poland
150,KHR_KHR_BLSH,-1941447,555,Bogushevsk,Orsha,Mogilev,Pale,Vitebsk,Mogilev,Belarus SSR,Orsha,Vitebsk,Russian Empire,Soviet Union
151,KIV_BRD_BLSH,-1035923,556,Boguslav,Kanev,Kiev,Pale,Kiev,Kiev,Ukraine SSR,Kanev,Kiev,Russian Empire,Soviet Union
152,TRD_BRD_BLSH,-1035903,558,Bohorodczany,Bohorodczany,Galicia,Galicia,Stanislawow,Galicia,Stanisławów,Bohorodczany,Bohorodczany,Austrian Empire,Soviet Union
2703,GLC_STN_BLSZ,,559,Bohumin,Schlesien,Prussia,,Silesia,,,,,,
2632,VLH_DBN_MKHL,-1036272,560,Boyany,Sadagora,Bukovina,,Bukovina,Bukovina,Bucovina,Sadagora,Cernăuţi,Austrian Empire,Soviet Union
153,MNS_BRS_BRSV,-1036274,561,Boiarka,Zvenigorodka,Kiev,Pale,Kiev,Kiev,Ukraine SSR,Zvenigorodka,Kiev,Russian Empire,Soviet Union
154,KIV_KIV_BRDN,-1035940,566,Bolechów,Dolina,Galicia,Galicia,Stanislawow,Galicia,Stanisławów,Dolina,Dolina,Austrian Empire,Soviet Union
155,POD_LMP_BRVK,-1035949,569,Bolgrad,Izmail,Bessarabia,Pale,Bessarabia,Bessarabia,Basarabia,Izmail,Ismail,Russian Empire,Soviet Union
156,GLC_CRC_BRW,-494493,570,Bolimów,Lowicz,Warszawa,Congress Poland,Lodz,Warszawa,Warszawa,Lovich,Łowicz,Russian Empire,Poland
157,KIV_SKV_BRSH,-1059017,573,Vradievka,Ananev,Kherson,Pale,Odessa,Kherson,Ukraine SSR,Anan'ev,Odessa,Russian Empire,Soviet Union
158,GLC_TRN_BRSZ,-1057571,574,Bolshaia Aleksandrovka,Kherson,Kherson,Pale,Nikolaiev,Kherson,Ukraine SSR,Kherson,Nikolaiev,Russian Empire,Soviet Union
159,GLC_LWW_BRYN,-1036032,575,Bolshie Nizgurtsy,Berdichev,Kiev,Pale,Zhitomir,Kiev,Ukraine SSR,Berdichev,Zhitomir,Russian Empire,Soviet Union
160,PLT_PRS_BRSP,-1056385,576,Bolshoi Tokmak,Berdiansk,Taurida,Pale,Zaporozhe,Taurida,Ukraine SSR,Berdiansk,Zaporozhe,Russian Empire,Soviet Union
161,CRN_BRZ_BRZN,-1036038,577,Bołszowce,Rohatyn,Galicia,Galicia,Stanislawow,Galicia,Stanisławów,Rohatyn,Rohatyn,Austrian Empire,Soviet Union
162,MNS_RCH_BRGN,-1034974,586,Mikhailovka,Dubno,Volhynia,Pale,Volhynia,Volhynia,Wołyń,Dubno,Dubno,Russian Empire,Soviet Union
163,POD_VNN_BRLV,-1941088,588,Borisov,Borisov,Minsk,Pale,Minsk,Minsk,Belarus SSR,Borisov,Minsk,Russian Empire,Soviet Union
164,LMZ_OST_BRNS,-1036155,594,Borodianka,Kiev,Kiev,Pale,Kiev,Kiev,Ukraine SSR,Kiev,Kiev,Russian Empire,Soviet Union
165,KVN_NVL_BRSL,-1036183,596,Borovka,Lampol,Podolia,Pale,Vinnitsa,Podolia,Ukraine SSR,Iampol',Vinnitsa,Russian Empire,Soviet Union
166,KHR_ALK_BRTL,-494726,598,Borowa,Mielec,Galicia,Galicia,Cracow,Galicia,Kraków,Mielec,Mielec,Austrian Empire,Poland
167,KHR_ELZ_BRTS,-1036201,602,Borshchagovka,Skvira,Kiev,Pale,Vinnitsa,Kiev,Ukraine SSR,Skvira,Vinnitsa,Russian Empire,Soviet Union
168,POD_BRT_BRTS,-1036203,603,Borszczów,Brody,Galicia,Galicia,Tarnopol,Galicia,Tarnopol,Borszczów,Borszczów,,Soviet Union
169,PRU_OST_BRNS,-1036118,604,Borynia,Turka,Galicia,Galicia,Lwow,Galicia,Lwów,Turka,Turka,Austrian Empire,Soviet Union
170,GRD_BRS_BRST,-1036130,606,Borispol,Pereiaslav,Poltava,Pale,Kiev,Poltava,Ukraine SSR,Pereiaslav,Kiev,Russian Empire,Soviet Union
171,EKT_SLV_BRNK,-1036254,608,Borzna,Borzna,Chernigov,Pale,Chernigov,Chernigov,Ukraine SSR,Borzna,Chernigov,Russian Empire,Soviet Union
172,ORL_BRN_BRNS,-1941818,627,Bragin,Riechitsa,Minsk,Pale,Polesie,Minsk,Belarus SSR,Riechitsa,Polesie,Russian Empire,Soviet Union
173,BSS_KHT_BRCH,-1036303,629,Brailov,Vinnitsa,Podolia,Pale,Vinnitsa,Podolia,Ukraine SSR,Vinnitsa,Vinnitsa,Russian Empire,Soviet Union
174,BSS_SRK_BRCH,-495065,635,Branshchik,Ostrov,Lomza,Congress Poland,Bialystok,Łomża,Białystok,Ostrov,Ostrów,Russian Empire,Poland
175,PRU_WST_STRS,-1941824,636,Braslav,Novoaleksandrovsk,Kovno,Pale,Vilna,Kovno,Wilno,Novoaleksandrovsk,Brasław,Russian Empire,Soviet Union
176,GLC_TRN_BRDY,-1036326,639,Bratoliubovka,Aleksandriia,Kherson,Pale,Kirovograd,Kherson,Ukraine SSR,Aleksandriia,Kirovograd,Russian Empire,Soviet Union
177,LMZ_OST_BRK,-1036330,640,Bratskoe,Elizavetgrad,Kherson,Pale,Odessa,Kherson,Ukraine SSR,Elizavetgrad,Odessa,Russian Empire,Soviet Union
178,GLC_STN_BRZN,-1036331,641,Bratslav,Bratslav,Podolia,Pale,Vinnitsa,Podolia,Ukraine SSR,Bratslav,Vinnitsa,Russian Empire,Soviet Union
179,CRN_OST_BRVR,-495057,644,Braunsberg,Braniewo,Preussen,Prussia,East Prussia,Preußen,Preußen,Ostpreußen,Ostpreußen,,Poland
2613,KVN_PNV_BRNV,-1153702,647,Breaza,Kimpolung,Bukovina,,Bukovina,Bukovina,Bucovina,Kimpolung,Câmpu-Lung,Austrian Empire,Romania
2627,KIV_RDM_BRSL,-1153697,647,Breaza,Unknown,Bukovina,,Bukovina,Wallachia (Greater),Muntenia,Prahova,Prahova,,Romania
2750,WRS_VLT_BRZS,-537080,656,Wroclaw,Schlesien,Prussia,,Lower Silesia,Preußen,Preußen,Schlesien,Niederschlesien,Germany,Poland
180,KLC_MKH_BRZS,-1941830,657,Brest-Litovsk,Brest-Litovsk,Grodno,Pale,Polesie,Grodno,Polesie,Brest-Litovsk,Brześć nad Bugiem,Russian Empire,Soviet Union
181,GLC_TRN_BRZZ,-1036421,666,Brianka,Slavianoserbsk,Ekaterinoslav,Mainland Russia,Voroshilovgrad,Ekaterinoslav,Ukraine SSR,Slavianoserbsk,Voroshilovgrad,Russian Empire,Soviet Union
182,GLC_CRC_BRZS,-2893495,667,Briansk,Briansk,Orel,Mainland Russia,Oriol,Orel,Russian SSR,Briansk,Oriol,Russian Empire,Soviet Union
2528,GRD_GRD_VLKB,-495064,667,Briansk,Bielsk,Grodno,Pale,Oriol,Grodno,Białystok,Bielsk,Bielsk,Russian Empire,Poland
183,GLC_LWW_BRZZ,-2276135,668,Brichany,Khotin,Bessarabia,Pale,Bessarabia,Bessarabia,Basarabia,Khotin,Hotin,Russian Empire,Soviet Union
184,PRU_PMM_BBLT,-2276136,669,Bricheva,Soroki,Bessarabia,Pale,Bessarabia,Bessarabia,Basarabia,Soroki,Soroca,Russian Empire,Soviet Union
2743,GLC_TRN_BCZC,-495435,670,Brzeg,Schlesien,Prussia,,Lower Silesia,Preußen,Preußen,Schlesien,Niederschlesien,Germany,Poland
2628,MGL_RGC_BDKS,,676,Brodina,Radautz,Bukovina,,Bukovina,,,,,,
185,GLC_TRN_BDZN,-495143,677,Strasburg,Brodnica,Preussen,Prussia,Pomerania,Preußen,Pomorze,Westpreußen,Brodnica,,Poland
186,LBL_LBR_BDZS,-1036374,678,Brody,Brody,Galicia,Galicia,Tarnopol,Galicia,Tarnopol,Brody,Brody,Austrian Empire,Soviet Union
187,PRU_PMM_BTW,-495197,679,Brok,Ostrov,Lomza,Congress Poland,Bialystok,Łomża,Białystok,Ostrov,Ostrów,Russian Empire,Poland
188,PRU_PSN_BK,-1036390,680,Brożniów,Dolina,Galicia,Galicia,Stanislawow,Galicia,Stanisławów,Kałusz,Dolina,,Soviet Union
189,GLC_STN_BKCZ,-1036400,682,Brovary,Oster,Chernigov,Pale,Kiev,Chernigov,Ukraine SSR,Oster,Kiev,Russian Empire,Soviet Union
190,MNS_MZY_BKCH,-3207496,687,Brunovishki,Poneviezh,Kovno,Pale,Courland,Kovno,Zemgale,Poneviezh,Bauska,Russian Empire,Soviet Union
191,KIV_UMN_BK,-1036408,688,Brusilov,Radomysl,Kiev,Pale,Zhitomir,Kiev,Ukraine SSR,Radomysl',Zhitomir,Russian Empire,Soviet Union
192,GLC_LWW_BKWS,-495464,691,Brześć Kujawski,Wloclawek,Warszawa,Congress Poland,Warsaw,Warszawa,Warszawa,Vlotslavsk,Włocławek,Russian Empire,Poland
193,GLC_TRN_BRKN,-518798,693,Brzesko Nowe,Miechow,Kielce,Congress Poland,Kielce,Kielce,Kielce,Miekhov,Miechów,Russian Empire,Poland
194,GLC_STN_BRSZ,-1035414,694,Brzeżany,Brzezany,Galicia,Galicia,Tarnopol,Galicia,Tarnopol,Brzeżany,Brzeżany,,Soviet Union
195,GLC_TRN_BSK,-495653,695,Brzostek,Pilzno,Galicia,Galicia,Cracow,Galicia,Kraków,Pilzno,Pilzno,,Poland
196,KLC_STP_BSK,-1941478,696,Velikaia Berestovitsa,Grodno,Grodno,Pale,Bialystok,Grodno,Białystok,Grodna,Grodno,Russian Empire,Soviet Union
197,GLC_LWW_BTL,-1035407,697,Brzozdowce,Bobrka,Galicia,Galicia,Lwow,Galicia,Lwów,Bóbrka,Bóbrka,,Soviet Union
198,VLN_TRK_BTRM,-494121,699,Bublitz,Pommern,Preussen,Prussia,Pomerania,Preußen,Preußen,Pommern,Pommern,Germany,Poland
2611,KLS_SRD_BRZN,-1153939,705,Bucsoaia,Kimpolung,Bukovina,,Bukovina,Bukovina,Bucovina,Kimpolung,Câmpu-Lung,Austrian Empire,Romania
199,KHR_TRS_BZNV,-1036442,706,Buczacz,Buczacz,Galicia,Galicia,Tarnopol,Galicia,Tarnopol,Buczacz,Buczacz,Austrian Empire,Soviet Union
200,LBL_LBL_BYCH,-1941900,709,Buda Koshelevo,Rogachev,Mogilev,Pale,Gomel,Mogilev,Belarus SSR,Rogachev,Gomel,Russian Empire,Soviet Union
201,PRU_PSN_BRMB,-1036463,715,Budzanów,Czortkow,Galicia,Galicia,Tarnopol,Galicia,Tarnopol,Czortków,Trembowla,,Soviet Union
202,MGL_STR_STRY,,716,Budziska,Lukow,Lublin,Congress Poland,Lublin,,,,,,
203,KIV_KIV_BYSH,-496474,726,Bütow,Pommern,Preussen,Prussia,Pomerania,Preußen,Preußen,Pommern,Pommern,Germany,Poland
204,VLN_VLN_BYST,-496135,734,Buk,Grodzisk,Preussen,Prussia,Poznan,Preußen,Poznań,Posen,Grodzisk,Germany,Poland
205,PTR_BRZ_BRZZ,-1036565,735,Bukaczowce,Rohatyn,Galicia,Galicia,Stanislawow,Galicia,Stanisławów,Rohatyn,Rohatyn,Austrian Empire,Soviet Union
206,PRU_PMM_CMMN,-1941943,736,Bukcha,Mozyr,Minsk,Pale,Polesie,Minsk,Belarus SSR,Mozyr',Polesie,Russian Empire,Soviet Union
207,BSS_SRK_KPRS,-1036577,737,Buki,Uman,Kiev,Pale,Kiev,Kiev,Ukraine SSR,Uman',Kiev,Russian Empire,Soviet Union
208,BSS_BND_NVYK,-496259,738,Bukowsko,Sanok,Galicia,Galicia,Lwow,Galicia,Lwów,Sanok,Sanok,Austrian Empire,Poland
2757,WRS_WRS_CCHW,-494467,740,Boleslawiec,Schlesien,Prussia,,Lower Silesia,Preußen,Preußen,Schlesien,Niederschlesien,Germany,Poland
209,VLN_SVN_TSKN,-1036638,753,Burkanów,Trembowla,Galicia,Galicia,Tarnopol,Galicia,Tarnopol,Podhajce,Podhajce,Austrian Empire,Soviet Union
210,KVN_KVN_CHKS,-1036656,754,Bursztyn,Rohatyn,Galicia,Galicia,Stanislawow,Galicia,Stanisławów,Rohatyń,Rohatyn,,Soviet Union
211,BSS_KHT_CHPL,-1036687,756,Busk,Kamionka,Galicia,Galicia,Tarnopol,Galicia,Tarnopol,Kamionka Strumiłowa,Kamionka Strumiłowa,,Soviet Union
212,WRS_PLN_CZRW,-496307,757,Busk,Stopnica,Kielce,Congress Poland,Kielce,Kielce,Kielce,Stopnica,Stopnica,,Poland
213,LVL_VND_VNDN,-1035671,762,Butla,Turka,Galicia,Galicia,Lwow,Galicia,Lwów,Turka,Turka,Austrian Empire,Soviet Union
214,BSS_AKK_AKKR,-2613523,763,Butrimantsy,Troki,Vilna,Pale,Alytus,Vilna,,Troki,Alytus,,Soviet Union
215,GLC_LWW_CWKW,-496302,770,Burzenin,Sieradz,Kalisz,Congress Poland,Lodz,Kalisz,Łódż,Sieradz',Sieradz,Russian Empire,Poland
216,KLC_MKH_CHRS,-1036734,772,Buzinovo,Tiraspol,Kherson,Pale,Odessa,Kherson,Ukraine SSR,Tiraspol',Odessa,Russian Empire,Soviet Union
217,VTB_LPL_CHSH,-496341,773,Bychawa,Lublin,Lublin,Congress Poland,Lublin,Lublin,Lublin,Liublin,Lublin,Russian Empire,Poland
218,MGL_CHS_CHSY,-496361,774,Bromberg,Bydgoszcz,Preussen,Prussia,Poznan,Preußen,Poznań,Posen,Bydgoszcz,Germany,Poland
219,POD_OLG_CHCH,-1942018,775,Staryi Bykhov,Staro-Bykhov,Mogilev,Pale,Mogilev,Mogilev,Belarus SSR,Staro-Bykhov,Mogilev,Russian Empire,Soviet Union
220,MGL_RGC_CHCH,-1036778,776,Byshev,Kiev,Kiev,Pale,Kiev,Kiev,Ukraine SSR,Kiev,Kiev,Russian Empire,Soviet Union
221,LBL_KHL_CHLM,-1942031,778,Bystritsa,Vilnius,Vilna,Pale,Vilna,Vilna,Wilno,Vilnius,Wilno-Troki,,Soviet Union
222,PRU_WST_KLM,-495559,781,Brzeziny,Brzeziny,Piotrkow,Congress Poland,Lodz,Piotrków,Łódż,Breziny,Brzeziny,Russian Empire,Poland
2645,POD_KMN_CHMR,-1040516,784,Kabeshti,Storojinet,Bukovina,,Bukovina,Bukovina,Bucovina,Storojinet,Storojineţ,Austrian Empire,Soviet Union
223,KLC_KLC_CHCN,-506688,790,Cammin,Pommern,Preussen,Prussia,Pomerania,Preußen,Preußen,Pommern,Pommern,Germany,Poland
2609,MGL_SNN_CHR,-1155616,794,Campulung Moldovenesc,Kimpolung,Bukovina,,Bukovina,Bukovina,Bucovina,Kimpolung,Câmpu-Lung,Austrian Empire,Romania
224,MGL_CHR_CHRK,-2276517,797,Kapreshty,Soroki,Bessarabia,Pale,Bessarabia,Bessarabia,Basarabia,Soroki,Soroca,Russian Empire,Soviet Union
2612,KIV_CHR_CHRK,-1155893,802,Cirlibaba,Kimpolung,Bukovina,,Bukovina,Bukovina,Bucovina,Kimpolung,Câmpu-Lung,Austrian Empire,Romania
2746,POD_LMP_CHRN,-522936,803,Pokoj,Schlesien,Prussia,,Upper Silesia,Preußen,Preußen,Schlesien,Oberschlesien,Germany,Poland
225,VLH_ZHT_CHRN,-2276537,811,Novye Kaushany,Bendery,Bessarabia,Pale,Bessarabia,Bessarabia,Basarabia,Bendery,Tighina,Russian Empire,Soviet Union
226,CRN_CHR_CHRN,,813,Cechowka,Warszawa,Warszawa,Congress Poland,Warsaw,,,,,,
227,KIV_RDM_CHRN,-2613541,817,Tseikiny,Sventsiany,Vilna,Pale,Vilna,Vilna,Wilno,Sventsiany,Święciany,,Soviet Union
228,POD_PRS_CHRN,-2613546,818,Chekishki,Kovno,Kovno,Pale,Kaunas,Kovno,,Kovna,Kaunas,Russian Empire,Soviet Union
229,MNS_IGM_IGMN,-2276208,822,Chepeliutsy,Khotin,Bessarabia,Pale,Bessarabia,Bessarabia,Basarabia,Khotin,Hotin,Russian Empire,Soviet Union
2601,VLH_ZHT_CHRV,-1037073,824,Chernivtsi,Czernowitz,Bukovina,,Bukovina,Bukovina,Bucovina,Czernowitz,Cernăuţi,Austrian Empire,Soviet Union
230,KIV_CHG_CHGR,-498377,828,Czerwińsk,Plonsk,Warszawa,Congress Poland,Warsaw,Warszawa,Warszawa,Plonsk,Płońsk,Russian Empire,Poland
231,BSS_KSH_KSHN,-3207702,829,Venden,Venden,Livland,Mainland Russia,Vidzeme,Livland,Vidzeme,Venden,Cēsis,Russian Empire,Soviet Union
2706,DNV_UST_CHST,,834,Cesky Tesin,Schlesien,Prussia,,Silesia,,,,,,
232,GLC_STN_CHLW,-1035629,835,Akkerman,Akkerman,Bessarabia,Pale,Bessarabia,Bessarabia,Basarabia,Akkerman,Cetatea Albă,Russian Empire,Soviet Union
233,KLC_STP_CHML,-496612,836,Cewków,Cieszanow,Galicia,Galicia,Lwow,Galicia,Lwów,Cieszanów,Lubaczów,,Poland
234,GLC_STN_CHCM,-496678,843,Charsznica,Miechow,Kielce,Congress Poland,Kielce,Kielce,Kielce,Miekhov,Miechów,Russian Empire,Poland
235,WRS_VLT_CHDC,-1942065,844,Chashniki,Lepel,Vitebsk,Pale,Vitebsk,Vitebsk,Belarus SSR,Lepel',Vitebsk,Russian Empire,Soviet Union
236,LBL_LBL_CHDL,-1942070,847,Chausy,Chausy,Mogilev,Pale,Mogilev,Mogilev,Belarus SSR,Chausy,Mogilev,Russian Empire,Soviet Union
237,GLC_LWW_CHDR,-1036900,849,Chechelnik,Olgopol,Podolia,Pale,Vinnitsa,Podolia,Ukraine SSR,Ol'gopol',Vinnitsa,Russian Empire,Soviet Union
238,PTR_BND_CZLD,-1942075,850,Chechersk,Rogachev,Mogilev,Pale,Gomel,Mogilev,Belarus SSR,Rogachev,Gomel,Russian Empire,Soviet Union
239,PRU_WST_KNTZ,-496725,851,Chełm,Chelm,Lublin,Congress Poland,Lublin,Lublin,Lublin,Kholm,Chełm,Russian Empire,Poland
240,GLC_TRN_CHLJ,-496752,852,Kulm,Chelmno,Preussen,Prussia,Pomerania,Preußen,Pomorze,Westpreußen,Chełmno,,Poland
2768,KIV_RDM_CHPV,-496761,854,Chelmza,Westpreußen,Prussia,,Pomerania,Preußen,Pomorze,Westpreußen,Toruń,,Poland
241,GLC_TRN_CHRS,-1036928,855,Chemerovtsy,Kamenets-Podolsk,Podolia,Pale,Kamenets-Podolski,Podolia,Ukraine SSR,Kamenets-Podol'sk,Kamenets-Podolski,Russian Empire,Soviet Union
242,GRD_BLST_KHRS,-496707,857,Chęciny,Jedrzejow,Kielce,Congress Poland,Kielce,Kielce,Kielce,Kiel'tsy,Kielce,Russian Empire,Poland
243,PLC_PRS_CHRZ,-1942116,859,Chereia,Sienno,Mogilev,Pale,Vitebsk,Mogilev,Belarus SSR,Sienno,Vitebsk,Russian Empire,Soviet Union
244,PRU_WST_CHRS,-1942118,860,Cherikov,Cherikov,Mogilev,Pale,Mogilev,Mogilev,Belarus SSR,Cherikov,Mogilev,Russian Empire,Soviet Union
245,KIV_UMN_KHRS,-1037001,861,Cherkasy,Cherkasy,Kiev,Pale,Kiev,Kiev,Ukraine SSR,Cherkasy,Kiev,Russian Empire,Soviet Union
246,LBL_INV_CHRZ,-1037051,864,Chernevtsy,Lampol,Podolia,Pale,Vinnitsa,Podolia,Ukraine SSR,Iampol',Vinnitsa,Russian Empire,Soviet Union
247,VLH_ZHT_CHDN,-1037129,865,Cherniakhov,Zhitomir,Volhynia,Pale,Zhitomir,Volhynia,Ukraine SSR,Zhitomir,Zhitomir,Russian Empire,Soviet Union
248,CRN_NVZ_CHRV,-1037057,866,Chernigov,Chernigov,Chernigov,Pale,Chernigov,Chernigov,Ukraine SSR,Chernigov,Chernigov,Russian Empire,Soviet Union
249,GLC_LWW_CHYR,-1037390,867,Chernobyl,Radomysl,Kiev,Pale,Kiev,Kiev,Ukraine SSR,Radomysl',Kiev,Russian Empire,Soviet Union
250,GRD_BLS_TSKH,-1037164,870,Chernoostrov,Proskurov,Podolia,Pale,Kamenets-Podolski,Podolia,Ukraine SSR,Proskurov,Kamenets-Podolski,Russian Empire,Soviet Union
251,WRS_NSH_CCHC,-1942192,871,Igumen,Igumen,Minsk,Pale,Minsk,Minsk,Belarus SSR,Igumen,Minsk,Russian Empire,Soviet Union
252,RDM_ILZ_CPLW,-1037255,872,Chervonnoe,Zhitomir,Volhynia,Pale,Zhitomir,Volhynia,Ukraine SSR,Zhitomir,Zhitomir,Russian Empire,Soviet Union
253,GLC_LWW_CPLC,-1037320,874,Chigirin,Chigirin,Kiev,Pale,Kirovograd,Kiev,Ukraine SSR,Chigirin,Kirovograd,Russian Empire,Soviet Union
254,GLC_LWW_CSZN,-2276223,876,Kishinev,Kishinev,Bessarabia,Pale,Bessarabia,Bessarabia,Basarabia,Kishinev,Chişinău,Russian Empire,Soviet Union
255,GLC_CRC_CZKW,-1056480,878,Chistiakova,Ust-Medveditskaia,Don Voyska,Mainland Russia,Stalino,Don Voyska,Ukraine SSR,Ust'-Medveditskaia,Stalino,Russian Empire,Soviet Union
256,BSS_BND_CHMS,-1041398,881,Chlewczany,Rawa,Galicia,Galicia,Stanislawow,Galicia,Lwów,Rawa Ruska,Rawa Ruska,Austrian Empire,Soviet Union
257,GLC_LWW_CSN,-496856,883,Chmielnik,Stopnica,Kielce,Congress Poland,Kielce,Kielce,Kielce,Stopnica,Stopnica,,Poland
258,RDM_OPT_CMLW,-1041559,885,Chocimierz,Tlumacz,Galicia,Galicia,Stanislawow,Galicia,Stanisławów,Tłumacz,Tłumacz,,Soviet Union
259,GLC_CRC_KRKW,-496938,886,Chodecz,Wloclawek,Warszawa,Congress Poland,Warsaw,Warszawa,Warszawa,Vlotslavsk,Włocławek,Russian Empire,Poland
260,KIV_LPV_TSYB,-496940,887,Chodel,Lublin,Lublin,Congress Poland,Lublin,Lublin,Lublin,Liublin,Lublin,Russian Empire,Poland
261,LBL_KHL_CYCW,-1041452,888,Chodorów,Bobrka,Galicia,Galicia,Lwow,Galicia,Lwów,Bóbrka,Bóbrka,,Soviet Union
262,GLC_TRN_CYGN,-498232,889,Czeladź,Bedzin,Piotrkow,Congress Poland,Poznan,Piotrków,Kielce,Bendin,Będzin,Russian Empire,Poland
263,GRD_BRS_CHRN,-496992,890,Konitz,Chojnice,Preussen,Prussia,Pomerania,Preußen,Pomorze,Westpreußen,Chojnice,,Poland
264,PRU_PSN_CZRN,-1057316,891,Chołojów,Kamionka,Galicia,Galicia,Tarnopol,Galicia,Tarnopol,Kamionka Strumiłowa,Radziechów,,Soviet Union
265,GLC_CRC_CZRN,-1037385,896,Chopovichi,Radomysl,Kiev,Pale,Zhitomir,Kiev,Ukraine SSR,Radomysl',Zhitomir,Russian Empire,Soviet Union
266,VLH_LTS_CHRT,-1041534,897,Chorostków,Husiatyn,Galicia,Galicia,Tarnopol,Galicia,Tarnopol,Husiatyń,Kopyczyńce,,Soviet Union
267,GLC_CRC_CZCH,-497072,898,Khorosh,Bielostok,Grodno,Pale,Bialystok,Grodno,Białystok,Bielostok,Białystok,Russian Empire,Poland
268,PTR_BND_CZLD_2,-497082,899,Chorzele,Przasnysz,Plock,Congress Poland,Warsaw,Płock,Warszawa,Prasnysh,Przasnysz,Russian Empire,Poland
2724,LBL_LBR_CZMR,-497098,900,Chorzow,Schlesien,Prussia,,Silesia,Preußen,Sląsk,Schlesien,Katowice,Germany,Poland
269,VLH_KVL_CHRM,-500574,901,Christburg,Sztum,Preussen,Prussia,East Prussia,Preußen,Preußen,Westpreußen,Ostpreußen,,Poland
270,GRD_BRS_CHRN_2,-1041605,902,Khristinovka,Uman,Kiev,Pale,Kiev,Kiev,Ukraine SSR,Uman',Kiev,Russian Empire,Soviet Union
271,LMZ_OSTL_CHRV,-497249,904,Chrzanów,Janow,Lublin,Congress Poland,Lublin,Lublin,Lublin,Ianov,Janów,Russian Empire,Poland
272,GLC_STN_CZLH,-1037412,907,Chudnov,Zhitomir,Volhynia,Pale,Zhitomir,Volhynia,Ukraine SSR,Zhitomir,Zhitomir,Russian Empire,Soviet Union
273,GLC_TRN_CZRT,-2899947,910,Churovichi,Novozybkov,Chernigov,Pale,Oriol,Chernigov,Russian SSR,Novozybkov,Oriol,Russian Empire,Soviet Union
274,GLC_STN_CZRT,-1041891,912,Chyrów,Stare Miasto,Galicia,Galicia,Lwow,Galicia,Lwów,Stare Miasto,Stary Sambor,Austrian Empire,Soviet Union
275,GLC_LWW_CZDC,-497464,917,Tsiekhanovets,Bielsk,Grodno,Pale,Bialystok,Grodno,Białystok,Bielsk,Bielsk,Russian Empire,Poland
276,LMZ_OST_CHZH,-497470,918,Ciechocinek,Nieszawa,Warszawa,Congress Poland,Warsaw,Warszawa,Warszawa,Neshava,Nieszawa,Russian Empire,Poland
277,KVN_VLK_DBK,-497568,919,Ciepielów,Ilza,Radom,Congress Poland,Kielce,Radom,Kielce,Iłża,Iłża,,Poland
278,PRU_PMM_DBR,-497579,920,Cieplice,Jaroslaw,Galicia,Galicia,Lwow,Galicia,Lwów,Jarosław,Jarosław,,Poland
279,VTB_DVN_DGD,-497632,921,Cieszanów,Cieszanow,Galicia,Galicia,Lwow,Galicia,Lwów,Cieszanów,Lubaczów,,Poland
2715,KLC_KLC_DLSZ,-497660,922,Cieszyn,Schlesien,Prussia,,Silesia,Silesia,Sląsk,Cieszyn,Cieszyn,,Poland
280,PTR_BND_DNDW,-497672,923,Ciężkowice,Grybow,Galicia,Galicia,Cracow,Galicia,Kraków,Grybów,Grybów,,Poland
281,GLC_TRN_DRCH,-2276243,926,Chimishliia,Bendery,Bessarabia,Pale,Bessarabia,Bessarabia,Basarabia,Bendery,Tighina,Russian Empire,Soviet Union
2615,MNS_BBR_NVYD,,927,Cincau,Kotzman,Bukovina,,Bukovina,,,,,,
2656,KVN_TLS_DRBN,,928,Ciornohuzi,Wiznitz,Bukovina,,Bukovina,,,,,,
2642,VLN_TRK_DRSN,-1036976,930,Cheresh,Storojinet,Bukovina,,Bukovina,Bukovina,Bucovina,Storojinet,Storojineţ,Austrian Empire,Soviet Union
282,KIV_LPV_NVYI,-497723,931,Cisna,Lisko,Galicia,Galicia,Lwow,Galicia,Lwów,Lisko,Lisko,Austrian Empire,Poland
2640,MGL_STR_DSHK,-1046528,932,Chudey,Storojinet,Bukovina,,Bukovina,Bukovina,Bucovina,Storojinet,Storojineţ,Austrian Empire,Soviet Union
283,VLN_TRK_DG,-497769,938,Ćmielów,Opatow,Radom,Congress Poland,Kielce,Radom,Kielce,Opatov,Opatów,Russian Empire,Poland
2624,VTB_DVN_DVNS,,947,Comanesti,Unknown,Bukovina,,Bukovina,,,,,,
2701,VLN_SVN_DGLS,,958,Cosel,Schlesien,Prussia,,Upper Silesia,,,,,,
2616,MNS_MZY_DVYD,-1042070,959,Kitsman,Kotzman,Bukovina,,Bukovina,Bukovina,Bucovina,Kotzman,Cernăuţi,Austrian Empire,Soviet Union
2646,VLN_TRK_DKSH,-1043064,960,Kostintsy,Storojinet,Bukovina,,Bukovina,Bukovina,Bucovina,Storojinet,Storojineţ,Austrian Empire,Soviet Union
284,MNS_NVG_DLTC,-510625,964,Kraków,Krakow,Galicia,Galicia,Cracow,Galicia,Kraków,Kraków,Kraków,,Poland
2639,GLC_STN_DLTY,-1043430,970,Krasnoyilsk,Storojinet,Bukovina,,Bukovina,Bukovina,Bucovina,Storojinet,Storojineţ,Austrian Empire,Soviet Union
285,GLC_CRC_DBC,-1056757,993,Tsybulev,Lipovets,Kiev,Pale,Vinnitsa,Kiev,Ukraine SSR,Lipovets,Vinnitsa,Russian Empire,Soviet Union
286,LBL_PLW_DBLN,-497819,994,Cyców,Chelm,Lublin,Congress Poland,Lublin,Lublin,Lublin,Kholm,Chełm,Russian Empire,Poland
287,SML_PRC_PRCH,-1052608,995,Cygany,Brody,Galicia,Galicia,Tarnopol,Galicia,Tarnopol,Borszczów,Borszczów,,Soviet Union
288,VLH_DBN_DMDV,-1942127,998,Chernavchitsy,Brest-Litovsk,Grodno,Pale,Polesie,Grodno,Polesie,Brest-Litovsk,Brześć nad Bugiem,Russian Empire,Soviet Union
289,GLC_STN_DMYC,-498056,999,Czarnikau,Czarnkow,Preussen,Prussia,Poznan,Preußen,Poznań,Posen,Czarnków,Germany,Poland
290,RDM_OPT_DNKW,-498126,1000,Czarny Dunajec,Nowy Targ,Galicia,Galicia,Cracow,Galicia,Kraków,Nowy Targ,Nowy Targ,Austrian Empire,Poland
291,VLH_RVN_DRZH,-1055092,1001,Chartoriisk,Lutsk,Volhynia,Pale,Volhynia,Volhynia,Wołyń,Lutsk,Łuck,Russian Empire,Soviet Union
292,POD_LTC_DRZH,-498188,1002,Czchów,Brzeg,Galicia,Galicia,Cracow,Galicia,Kraków,Brzesko,Brzesko,Austrian Empire,Poland
2713,VLN_OSH_DRVN,-498198,1003,Czechowice Dziedzice,Schlesien,Prussia,,Silesia,Silesia,Sląsk,Bielsko,Bielsko,,Poland
293,PRU_WST_DTSC,-498232,1004,Czeladź,Bedzin,Piotrkow,Congress Poland,Kielce,Piotrków,Kielce,Bendin,Będzin,Russian Empire,Poland
294,PRU_WST_DTSC_2,-498238,1005,Czemierniki,Lubartow,Lublin,Congress Poland,Lublin,Lublin,Lublin,Liubartov,Lubartów,Russian Empire,Poland
295,ORL_BRN_DTKV,-1036958,1007,Cheremoshno,Kovel,Volhynia,Pale,Volhynia,Volhynia,Wołyń,Kovel',Kowel,Russian Empire,Soviet Union
296,VLH_OVR_DDKV,-1942171,1009,Cherniany,Brest-Litovsk,Grodno,Pale,Polesie,Grodno,Polesie,Brest-Litovsk,Kobryń,Russian Empire,Soviet Union
297,KIV_KIV_DYMR,-498374,1012,Chervin,Ostrolenka,Lomza,Congress Poland,Bialystok,Łomża,Białystok,Ostrolenka,Ostrołęka,Russian Empire,Poland
298,LMZ_OST_DLGS,-1046512,1013,Czołhany,Dolina,Galicia,Galicia,Stanislawow,Galicia,Stanisławów,Dolina,Dolina,Austrian Empire,Soviet Union
299,CRN_KNT_DMTR,-1037393,1014,Czortków,Czortkow,Galicia,Galicia,Tarnopol,Galicia,Tarnopol,Czortków,Czortków,,Soviet Union
300,EKT_EKT_KMNS,-1037182,1015,Czortowiec,Horodenka,Galicia,Galicia,Stanislawow,Galicia,Stanisławów,Horodenka,Horodenka,Austrian Empire,Soviet Union
301,EKT_EKT_EKTR,-498494,1016,Czudec,Rzeszow,Galicia,Galicia,Lwow,Galicia,Lwów,Rzeszów,Strzyżów,,Poland
302,GLC_CRC_DBCZ,-498531,1017,Chizhev,Ostrov,Lomza,Congress Poland,Bialystok,Łomża,Białystok,Ostrov,Wysokie Mazowieckie,Russian Empire,Poland
303,CRL_MTV_DBLN,-2613768,1018,Dobeiki,Vilkomir,Kovno,Pale,Utena,Kovno,,Vil'komir,Utena,Russian Empire,Soviet Union
304,KLS_TRK_DBR,-499579,1019,Daber,Pommern,Preussen,Prussia,Pomerania,Preußen,Preußen,Pommern,Pommern,Germany,Poland
305,GLC_CRC_DBR,-3207800,1020,Dagda,Dvinsk,Vitebsk,Pale,Latgale,Vitebsk,Latgale,Dvinsk,Daugavpils,Russian Empire,Soviet Union
306,WRS_RDM_DBR,-498959,1022,Daleszyce,Kielce,Kielce,Congress Poland,Kielce,Kielce,Kielce,Kiel'tsy,Kielce,Russian Empire,Poland
307,CRN_GRD_DBRN,-498995,1025,Dańdówka,Bedzin,Piotrkow,Congress Poland,Kielce,Piotrków,Kielce,Bendin,Będzin,Russian Empire,Poland
308,KHR_KHR_DBR,-1037514,1028,Darachów,Trembowla,Galicia,Galicia,Tarnopol,Galicia,Tarnopol,Trembowla,Trembowla,Austrian Empire,Soviet Union
309,GLC_LWW_DBRM,-1942290,1029,Novyia Dorogi,Bobruisk,Minsk,Pale,Minsk,Minsk,Belarus SSR,Bobruisk,Minsk,Russian Empire,Soviet Union
310,MGL_ORS_DBRM,-2613659,1030,Dorbiany,Telshi,Kovno,Pale,Kretinga,Kovno,,Tel'shi,Kretinga,Russian Empire,Soviet Union
2652,GLC_TRN_DBRT,-1157744,1032,Darmanesti,Suczawa,Bukovina,,Bukovina,Bukovina,Bucovina,Suczawa,Suceava,Austrian Empire,Romania
311,KHR_ELZ_DBRV,-2613678,1034,Dorsunishki,Troki,Vilna,Pale,Troki,Vilna,,Troki,Trakai,,Soviet Union
312,MGL_GML_DBRS,-1037533,1036,Novyi I Staryi Dashev,Lipovets,Kiev,Pale,Vinnitsa,Kiev,Ukraine SSR,Lipovets,Vinnitsa,Russian Empire,Soviet Union
313,TRD_EVP_CHT,-1942302,1037,Dashkovka,Staro-Bykhov,Mogilev,Pale,Mogilev,Mogilev,Belarus SSR,Staro-Bykhov,Mogilev,Russian Empire,Soviet Union
314,PLC_LPN_DBRZ,-2613697,1040,Daugi,Troki,Vilna,Pale,Alytus,Vilna,,Troki,Alytus,,Soviet Union
315,MNS_BRS_DKSH,-3207863,1041,Dvinsk,Dvinsk,Vitebsk,Pale,Latgale,Vitebsk,Latgale,Dvinsk,Daugavpils,Russian Empire,Soviet Union
316,GLC_LWW_DLHP,-2617005,1042,Daugelishki,Sventsiany,Vilna,Pale,Vilna,Vilna,Wilno,Sventsiany,Święciany,,Soviet Union
2617,VLN_VLK_DLGN,-1037543,1043,Davydivtsi,Kotzman,Bukovina,,Bukovina,Bukovina,Bucovina,Kotzman,Cernăuţi,Austrian Empire,Soviet Union
317,GLC_STN_DLN,-1942306,1045,Davyd-Gorodok,Mozyr,Minsk,Pale,Polesie,Minsk,Polesie,Mozyr',Stolin,Russian Empire,Soviet Union
318,GLC_STN_DLCZ,-2613790,1056,Dekshnia,Troki,Vilna,Pale,Vilna,Vilna,Wilno,Troki,Wilno-Troki,,Soviet Union
319,GRD_BRS_DMCH,-1942336,1057,Deliatichi,Novogrudok,Minsk,Pale,Nowogrodek,Minsk,Nowogródek,Novogrudok,Nowogródek,Russian Empire,Soviet Union
320,KHR_ANN_DMNV,-1037591,1058,Delatyn,Nadworna,Galicia,Galicia,Stanislawow,Galicia,Stanisławów,Nadwórna,Nadwórna,,Soviet Union
321,MNS_BBR_DMNV,-499114,1065,Dębica,Pilzno,Galicia,Galicia,Cracow,Galicia,Kraków,Ropczyce,Ropczyce,,Poland
322,GLC_LWW_DMRD,-499184,1066,Dęblin,Pulawy,Lublin,Congress Poland,Lublin,Lublin,Lublin,Puławy,Puławy,,Poland
323,KLS_KLO_DB,-2901087,1068,Porieche,Porieche,Smolensk,Mainland Russia,Smolensk,Smolensk,Russian SSR,Poriech'e,Smolensk,Russian Empire,Soviet Union
324,GRD_SKL_DMBR,-1037610,1069,Demidovka,Dubno,Volhynia,Pale,Volhynia,Volhynia,Wołyń,Dubno,Dubno,Russian Empire,Soviet Union
325,PTR_BND_DBRW,,1071,Demycze,Sniatyn,Galicia,Galicia,Stanislawow,,,,,,
326,VLH_RVN_DMBR,-499351,1075,Denków,Opatow,Radom,Congress Poland,Kielce,Radom,Kielce,Opatov,Opatów,Russian Empire,Poland
327,WRS_KTN_DBRW,-1037663,1076,Derazhno,Rovno,Volhynia,Pale,Volhynia,Volhynia,Wołyń,Rovno,Kostopol,Russian Empire,Soviet Union
328,DNV_TGN_AMVR,-1037664,1077,Derezhnia,Letichev,Podolia,Pale,Kamenets-Podolski,Podolia,Ukraine SSR,Letichev,Kamenets-Podolski,Russian Empire,Soviet Union
329,SML_DRG_DRGB,-1942374,1080,Derevno,Oshmiany,Vilna,Pale,Nowogrodek,Vilna,Nowogródek,Oshmiany,Stołpce,,Soviet Union
330,KVN_KVN_DTNV,-504402,1089,Deutsch Eylau,Susz,Preussen,Prussia,East Prussia,Preußen,Preußen,Westpreußen,Ostpreußen,,Poland
331,VLH_NVG_DVBY,-534242,1091,Deutsch Krone,Walcz,Preussen,Prussia,Posen-West,Preußen,Preußen,Westpreußen,Posen-Westpreußen,,Poland
332,PRU_PMM_DRMB,-2904888,1098,Diatkovo,Briansk,Orel,Mainland Russia,Oriol,Orel,Russian SSR,Briansk,Oriol,Russian Empire,Soviet Union
333,MGL_CHS_DRBN,-1037570,1100,Didkovichi,Ovruch,Volhynia,Pale,Zhitomir,Volhynia,Ukraine SSR,Ovruch,Zhitomir,Russian Empire,Soviet Union
2654,VTB_DRS_DRSS,-1037755,1113,Dikhtinets,Wiznitz,Bukovina,,Bukovina,Bukovina,Bucovina,Wiznitz,Rădăuţi,Austrian Empire,Soviet Union
334,PLC_PLT_DRBN,-1038422,1117,Dymer,Kiev,Kiev,Pale,Kiev,Kiev,Ukraine SSR,Kiev,Kiev,Russian Empire,Soviet Union
335,GRD_KBR_DRGC,-499462,1127,Dlugosedlo,Ostrov,Lomza,Congress Poland,Bialystok,Łomża,Białystok,Ostrov,Ostrów,Russian Empire,Poland
336,GRD_BLS_DRGC,-1037824,1128,Dmitrovka,Konotop,Chernigov,Pale,Chernigov,Chernigov,Ukraine SSR,Konotop,Chernigov,Russian Empire,Soviet Union
337,GLC_LWW_DRHB,-1037863,1131,Kamenskoe,Ekaterinoslav,Ekaterinoslav,Mainland Russia,Dnepropetrovsk,Ekaterinoslav,Ukraine SSR,Ekaterinoslav,Dnepropetrovsk,Russian Empire,Soviet Union
338,VLN_DSN_DR,-1037865,1132,Ekaterinoslav,Ekaterinoslav,Ekaterinoslav,Mainland Russia,Dnepropetrovsk,Ekaterinoslav,Ukraine SSR,Ekaterinoslav,Dnepropetrovsk,Russian Empire,Soviet Union
339,KVN_NVL_DRSK,-499526,1134,Dobczyce,Wieliczka,Galicia,Galicia,Cracow,Galicia,Kraków,Wieliczka,Wieliczka,Austrian Empire,Poland
340,GRD_GRD_DRSK,-3207964,1135,Doblen,Mitava,Courland,Mainland Russia,Zemgale,Courland,Zemgale,Mitava,Jelgava,Russian Empire,Soviet Union
341,VLH_VLD_DRZH,-499575,1137,Dobra,Turek,Kalisz,Congress Poland,Lodz,Kalisz,Łódż,Turek,Turek,Russian Empire,Poland
342,EKT_BKH_DRZH,-499566,1138,Dobra,Limanowa,Galicia,Galicia,Cracow,Galicia,Kraków,Limanowa,Limanowa,Austrian Empire,Poland
343,RDM_OPC_DRZW,-499599,1140,Dobre,Radzymin,Warszawa,Congress Poland,Warsaw,Warszawa,Warszawa,Radimin,Mińsk Mazowiecki,Russian Empire,Poland
344,VLH_VLD_DBCH,-103793,1141,Dobrianka,Gorodnia,Chernigov,Pale,Chernigov,Chernigov,Ukraine SSR,Gorodnia,Chernigov,Russian Empire,Soviet Union
345,GLC_LWW_DBCK,-1037927,1144,Dobraia,Kherson,Kherson,Pale,Nikolaiev,Kherson,Ukraine SSR,Kherson,Nikolaiev,Russian Empire,Soviet Union
346,LBL_GRB_DBNK,-1037886,1145,Dobromil,Dobromil,Galicia,Galicia,Lwow,Galicia,Lwów,Dobromil,Dobromil,Austrian Empire,Soviet Union
347,VLN_VLN_DBNK,-1942436,1146,Dobromysl,Orsha,Mogilev,Pale,Vitebsk,Mogilev,Belarus SSR,Orsha,Vitebsk,Russian Empire,Soviet Union
348,KVN_NVL_DBNV,-1037903,1147,Dobrotwór,Kamionka,Galicia,Galicia,Tarnopol,Galicia,Tarnopol,Kamionka Strumiłowa,Kamionka Strumiłowa,,Soviet Union
349,VLH_DBN_DBN,-1037907,1148,Dobrovelichkovka,Elizavetgrad,Kherson,Pale,Odessa,Kherson,Ukraine SSR,Elizavetgrad,Odessa,Russian Empire,Soviet Union
350,KHR_TRS_DBSS,-1942448,1149,Dobrush,Gomel,Mogilev,Pale,Gomel,Mogilev,Belarus SSR,Gomel',Gomel,Russian Empire,Soviet Union
351,KIV_UMN_DBV,-1037933,1150,Chotai,Evpatoriia,Taurida,Pale,Crimea,Taurida,Ukraine SSR,Evpatoriia,Crimea,Russian Empire,Soviet Union
352,MGL_GRK_DBRV,-499742,1153,Dobrzyń,Lipno,Plock,Congress Poland,Warsaw,Płock,Warszawa,Lipno,Lipno,Russian Empire,Poland
353,VLN_LDA_DBRV,-1942464,1157,Dokshitsy,Borisov,Minsk,Pale,Vilna,Minsk,Wilno,Borisov,Dzisna,Russian Empire,Soviet Union
354,SML_DKH_DKHV,-1037988,1159,Dołhe Podbuskie,Drohobycz,Galicia,Galicia,Lwow,Galicia,Lwów,Drohobycz,Drohobycz,Austrian Empire,Soviet Union
355,GLC_LWW_DKL,-1942476,1160,Dolginov,Vileika,Vilna,Pale,Vilna,Vilna,Wilno,Vileika,Wilejka,,Soviet Union
356,MNS_IGM_DKR,-1038040,1161,Dolina,Dolina,Galicia,Galicia,Stanislawow,Galicia,Stanisławów,Dolina,Dolina,Austrian Empire,Soviet Union
357,KVN_NVL_DKSH,-1038046,1166,Dołczka,Kalusz,Galicia,Galicia,Stanislawow,Galicia,Stanisławów,Kałusz,Kałusz,,Soviet Union
358,BSS_SRK_DMBR,-1942498,1167,Domachev,Brest-Litovsk,Grodno,Pale,Polesie,Grodno,Polesie,Brest-Litovsk,Brześć nad Bugiem,Russian Empire,Soviet Union
359,GLC_TRN_DNJW,-1038055,1168,Domanevka,Ananev,Kherson,Pale,Odessa,Kherson,Ukraine SSR,Anan'ev,Odessa,Russian Empire,Soviet Union
360,CRL_VND_DNDG,-1942505,1169,Domanovo,Bobruisk,Minsk,Pale,Mogilev,Minsk,Belarus SSR,Bobruisk,Mogilev,Russian Empire,Soviet Union
361,VLN_VLK_DNLV,-499858,1170,Domaradz,Brzozow,Galicia,Galicia,Lwow,Galicia,Lwów,Brzozów,Brzozów,,Poland
362,CRL_GRB_DRB,-498576,1172,Dąbie,Turek,Kalisz,Congress Poland,Lodz,Kalisz,Łódż,Kolo,Koło,Russian Empire,Poland
363,KVN_NVL_DSTY,-498704,1175,Dombrovo,Sokolki,Grodno,Pale,Bialystok,Grodno,Białystok,Sokolki,Sokółka,Russian Empire,Poland
364,GRD_SLN_DVRT,-498722,1176,Dąbrowa,Bedzin,Piotrkow,Congress Poland,Kielce,Piotrków,Kielce,Bendin,Będzin,Russian Empire,Poland
365,GLC_LWW_DYNW,-1038302,1177,Dombrovitsy,Rovno,Volhynia,Pale,Volhynia,Volhynia,Polesie,Rovno,Sarny,Russian Empire,Soviet Union
366,MNS_MNS_KDNV,-498780,1178,Dąbrowice,Kutno,Warszawa,Congress Poland,Warsaw,Warszawa,Warszawa,Kutno,Kutno,Russian Empire,Poland
367,EKT_BKH_SHCH,-1034281,1181,Amvrosievka,Taganrog,Don Voyska,Mainland Russia,Stalino,Don Voyska,Ukraine SSR,Taganrog,Stalino,Russian Empire,Soviet Union
2635,TRD_PRK_DZHN,-1158383,1185,Dornesti,Sereth,Bukovina,,Bukovina,Bukovina,Bucovina,Sereth,Rădăuţi,Austrian Empire,Romania
368,KLS_VLN_DZLS,-2903120,1189,Dorogobuzh,Dorogobuzh,Smolensk,Mainland Russia,Smolensk,Smolensk,Russian SSR,Dorogobuzh,Smolensk,Russian Empire,Soviet Union
2620,KLC_PNC_DZLS,-1038105,1191,Doroshivtsi,Kotzman,Bukovina,,Bukovina,Bukovina,Bucovina,Kotzman,Cernăuţi,Austrian Empire,Soviet Union
369,GLC_LWW_DZKW,-2613929,1195,Datnovo,Kovno,Kovno,Pale,Kedainiai,Kovno,,Kovna,Kėdainiai,Russian Empire,Soviet Union
370,VLN_DSN_DSN,-1038130,1197,Dovbysh,Novograd-Volynskii,Volhynia,Pale,Zhitomir,Volhynia,Ukraine SSR,Novograd-Volynskii,Zhitomir,Russian Empire,Soviet Union
2647,KIV_BRD_DZNK,-1038159,1200,Drachyntsi,Storojinet,Bukovina,,Bukovina,Bukovina,Bucovina,Storojinet,Storojineţ,Austrian Empire,Soviet Union
371,POD_LMP_DZHR,-499974,1206,Dramburg,Pommern,Preussen,Prussia,Pomerania,Preußen,Preußen,Pommern,Pommern,Germany,Poland
372,GLC_STN_DZRK,-1942601,1210,Dribin,Chausy,Mogilev,Pale,Mogilev,Mogilev,Belarus SSR,Chausy,Mogilev,Russian Empire,Soviet Union
373,GLC_LWW_DZWN,-1951218,1214,Drissa,Drissa,Vitebsk,Pale,Vitebsk,Vitebsk,Belarus SSR,Drissa,Vitebsk,Russian Empire,Soviet Union
374,POD_LMP_DZYG,-500009,1215,Drobin,Plock,Plock,Congress Poland,Warsaw,Płock,Warszawa,Plotsk,Płock,Russian Empire,Poland
375,BSS_KHT_EDNT,-1942582,1216,Drogichin,Kobrin,Grodno,Pale,Polesie,Grodno,Polesie,Kobrin,Drohiczyn,Russian Empire,Soviet Union
376,CRL_ILL_ILVK,-500036,1217,Drogichin,Bielsk,Grodno,Pale,Bialystok,Grodno,Białystok,Bielsk,Bielsk,Russian Empire,Poland
377,VLN_LDA_ESHS,-1038184,1218,Drohobycz,Drohobycz,Galicia,Galicia,Lwow,Galicia,Lwów,Drohobycz,Drohobycz,Austrian Empire,Soviet Union
378,PRU_WST_ELBN,-1942595,1222,Druia,Disna,Vilna,Pale,Vilna,Vilna,Wilno,Disna,Brasław,,Soviet Union
379,SML_ELN_ILN,-1942597,1223,Druisk,Novoaleksandrovsk,Kovno,Pale,Vilna,Kovno,Wilno,Novoaleksandrovsk,Brasław,Russian Empire,Soviet Union
380,VLH_NVG_EMLC,-2613980,1224,Druskeniki,Grodno,Grodno,Pale,Bialystok,Grodno,Białystok,Grodna,Grodno,Russian Empire,Soviet Union
381,KVN_RSS_ERZH,-1038219,1225,Druzhkopol,Vladimir-Volynskii,Volhynia,Pale,Volhynia,Volhynia,Wołyń,Vladimir-Volynskii,Horochów,Russian Empire,Soviet Union
382,PRU_OST_EYDT,-2324714,1226,Druzhkovka,Bakhmut,Ekaterinoslav,Mainland Russia,Stalino,Ekaterinoslav,Ukraine SSR,Bakhmut,Stalino,Russian Empire,Soviet Union
383,WRS_WRS_FLNC,-500144,1227,Drzewica,Opoczno,Radom,Congress Poland,Lodz,Radom,Kielce,Opochno,Opoczno,Russian Empire,Poland
384,BSS_BLT_FLSH,-1038229,1228,Dubechno,Vladimir-Volynskii,Volhynia,Pale,Volhynia,Volhynia,Wołyń,Vladimir-Volynskii,Kowel,Russian Empire,Soviet Union
385,PRU_PMM_FLKN,-500185,1230,Dubiecko,Brzozow,Galicia,Galicia,Lwow,Galicia,Lwów,Przemyśl,Przemyśl,,Poland
386,KIV_VSL_FSTV,-500190,1231,Dubienka,Hrubieszow,Lublin,Congress Poland,Lublin,Lublin,Lublin,Grubeshov,Hrubieszów,Russian Empire,Poland
387,POD_PRS_FLSH,-2613990,1232,Dubinki,Vilnius,Vilna,Pale,Ukmerge,Vilna,,Vilnius,Ukmergė,,Soviet Union
388,GLC_LWW_FLSZ,-1942621,1233,Dubinovo,Novoaleksandrovsk,Kovno,Pale,Vilna,Kovno,Wilno,Novoaleksandrovsk,Brasław,Russian Empire,Soviet Union
389,SWL_SVL_FLPV,-1038255,1235,Dubno,Dubno,Volhynia,Pale,Volhynia,Volhynia,Wołyń,Dubno,Dubno,Russian Empire,Soviet Union
390,LBL_LBR_FRLJ,-2276285,1236,Dubossary,Tiraspol,Kherson,Pale,Moldavia,Kherson,Moldavian ASSR,Tiraspol',,Russian Empire,Soviet Union
391,PRU_WST_FLTW,-1038275,1238,Dubovo,Uman,Kiev,Pale,Kiev,Kiev,Ukraine SSR,Uman',Kiev,Russian Empire,Soviet Union
392,PRU_PSN_FRDN,-1942708,1242,Dubrovny,Gorki,Mogilev,Pale,Vitebsk,Mogilev,Belarus SSR,Gorki,Vitebsk,Russian Empire,Soviet Union
393,POD_KMN_FRMP,-1942709,1243,Dubrovo,Lida,Vilna,Pale,Nowogrodek,Vilna,Nowogródek,Lida,Lida,,Soviet Union
394,PRU_PSN_FRST,-2904309,1255,Dukhovshchina,Dukhovshchina,Smolensk,Mainland Russia,Smolensk,Smolensk,Russian SSR,Dukhovshchina,Smolensk,Russian Empire,Soviet Union
395,TRD_EVP_FRDR,-500233,1256,Dukla,Krosno,Galicia,Galicia,Lwow,Galicia,Lwów,Krosno,Krosno,Austrian Empire,Poland
396,PRU_PMM_FRNW,-1942739,1257,Dukora,Igumen,Minsk,Pale,Minsk,Minsk,Belarus SSR,Igumen,Minsk,Russian Empire,Soviet Union
397,PRU_WST_FRYS,-2614010,1258,Dukshty,Novoaleksandrovsk,Kovno,Pale,Vilna,Kovno,Wilno,Novoaleksandrovsk,Święciany,Russian Empire,Soviet Union
398,PRU_OST_FRDL,-2276292,1259,Dombroveny,Soroki,Bessarabia,Pale,Bessarabia,Bessarabia,Basarabia,Soroki,Soroca,Russian Empire,Soviet Union
399,KHR_TRS_ZKHR,-1038361,1263,Dunajów,Przemyslany,Galicia,Galicia,Tarnopol,Galicia,Tarnopol,Przemyślany,Przemyślany,,Soviet Union
400,GLC_LWW_FRYS,-3208091,1269,Dundaga,Vindava,Courland,Mainland Russia,Courland,Courland,Kurzeme,Vindava,,Russian Empire,Soviet Union
401,LMZ_LMZ_GTSS,-1942754,1270,Dunilovichi,Vileika,Vilna,Pale,Vilna,Vilna,Wilno,Vileika,Postawy,,Soviet Union
402,POD_GSN_GVRN,-3208107,1275,Durbe,Grobin,Courland,Mainland Russia,Courland,Courland,Kurzeme,Grobin,Liepāja,Russian Empire,Soviet Union
403,RDM_KZN_GRBT,-2614051,1278,Dusiaty,Novoaleksandrovsk,Kovno,Pale,Zarasai,Kovno,,Novoaleksandrovsk,Zarasai,Russian Empire,Soviet Union
404,KVN_TLS_GRZH,-1942774,1284,Dvorets,Slonim,Grodno,Pale,Nowogrodek,Grodno,Nowogródek,Slonim,Nowogródek,Russian Empire,Soviet Union
405,SWL_MRM_GDLV,-500386,1285,Dynów,Brzozow,Galicia,Galicia,Lwow,Galicia,Lwów,Brzozów,Brzozów,,Poland
406,PRU_PMM_GRTZ,-1942832,1287,Koidanovo,Minsk,Minsk,Pale,Minsk,Minsk,Belarus SSR,Minsk,Minsk,Russian Empire,Soviet Union
407,SDL_GRV_GRWL,-1038441,1288,Shcherbinovka,Bakhmut,Ekaterinoslav,Mainland Russia,Stalino,Ekaterinoslav,Ukraine SSR,Bakhmut,Stalino,Russian Empire,Soviet Union
408,POD_GSN_GSN,-1038462,1289,Dzhankoi,Perekop,Taurida,Pale,Crimea,Taurida,Ukraine SSR,Perekop,Crimea,Russian Empire,Soviet Union
409,PRU_WST_DNZG,-500435,1291,Działoszyn,Wielun,Kalisz,Congress Poland,Lodz,Kalisz,Łódż,Veliun',Wieluń,Russian Empire,Poland
410,SNP_GDV_GDV,-500433,1292,Działoszyce,Pinczow,Kielce,Congress Poland,Kielce,Kielce,Kielce,Pinchov,Pińczów,Russian Empire,Poland
2714,GLC_CRC_GDW,-498198,1293,Czechowice Dziedzice,Schlesien,Prussia,,Silesia,Silesia,Sląsk,Bielsko,Bielsko,,Poland
411,PRU_WST_GDNG,-500650,1295,Dzików Stary,Cieszanow,Galicia,Galicia,Lwow,Galicia,Lwów,Cieszanów,Lubaczów,,Poland
412,VLN_VLN_GLVN,-1942410,1296,Disna,Disna,Vilna,Pale,Vilna,Vilna,Wilno,Disna,Dzisna,,Soviet Union
413,TRD_MLT_GNCH,-1038512,1298,Dziunkov,Berdichev,Kiev,Pale,Vinnitsa,Kiev,Ukraine SSR,Berdichev,Vinnitsa,Russian Empire,Soviet Union
414,KIV_KIV_GRMN,-1038486,1299,Dzhurin,Lampol,Podolia,Pale,Vinnitsa,Podolia,Ukraine SSR,Iampol',Vinnitsa,Russian Empire,Soviet Union
415,PTR_NVR_GDL,-1038490,1300,Dżurków,Kolomyja,Galicia,Galicia,Stanislawow,Galicia,Stanisławów,Kołomyja,Horodenka,,Soviet Union
416,VLN_VLN_GDRT,-1038501,1302,Dźwinogród,Bobrka,Galicia,Galicia,Lwow,Galicia,Lwów,Bóbrka,Bóbrka,,Soviet Union
417,RDM_OPC_GLNW,-1038508,1303,Dzygovka,Lampol,Podolia,Pale,Vinnitsa,Podolia,Ukraine SSR,Iampol',Vinnitsa,Russian Empire,Soviet Union
418,PRU_OST_GLGN,-2277636,1317,Edintsy,Khotin,Bessarabia,Pale,Bessarabia,Bessarabia,Basarabia,Khotin,Hotin,Russian Empire,Soviet Union
419,KVN_RSS_GRTK,-3208212,1321,Ialovka,Illukst,Courland,Mainland Russia,Courland,Courland,Zemgale,Illukst,Ilūkste,Russian Empire,Soviet Union
420,GLC_TRN_GLNN,-2614123,1339,Eishishki,Lida,Vilna,Pale,Nowogrodek,Vilna,Nowogródek,Lida,Lida,,Soviet Union
421,VLH_RVN_GLNK,-500718,1340,Elbing,Elblag,Preussen,Prussia,East Prussia,Preußen,Preußen,Westpreußen,Ostpreußen,,Poland
422,GLC_LWW_GLNS,-3040811,1349,Ielnia,Elnia,Smolensk,Mainland Russia,Smolensk,Smolensk,Russian SSR,El'nia,Smolensk,Russian Empire,Soviet Union
423,GLC_LWW_GLGW,-1059712,1355,Emilchik,Novograd-Volynskii,Volhynia,Pale,Zhitomir,Volhynia,Ukraine SSR,Novograd-Volynskii,Zhitomir,Russian Empire,Soviet Union
424,RDM_KZN_GLWC,-2614152,1392,Erzhvilki,Rossieny,Kovno,Pale,Taurage,Kovno,,Rossieny,Tauragė,Russian Empire,Soviet Union
425,PTR_BRZ_GLWN,-2898152,1410,Eydtkuhnen,Stolupiany,Preussen,Prussia,East Prussia,Preußen,Preußen,Ostpreußen,Ostpreußen,,Soviet Union
426,CRN_GLK_GLKH,-500824,1415,Falenica,Minsk Mazowiecki,Warszawa,Congress Poland,Warsaw,Warszawa,Warszawa,Warsaw,Warszawa,Russian Empire,Poland
427,LBL_LBR_GLSK,-2276308,1416,Foleshty,Bieltsy,Bessarabia,Pale,Bessarabia,Bessarabia,Basarabia,Bieltsy,Bălţi,Russian Empire,Soviet Union
428,MNS_BBR_GLSK,-539842,1418,Falkenburg,Pommern,Preussen,Prussia,Pomerania,Preußen,Preußen,Pommern,Pommern,Germany,Poland
429,RDM_KZN_GNWS,-1038548,1426,Fastov,Vasilkov,Kiev,Pale,Kiev,Kiev,Ukraine SSR,Vasil'kov,Kiev,Russian Empire,Soviet Union
430,PRU_PSN_GNSN,-1040024,1436,Felshtin,Proskurov,Podolia,Pale,Kamenets-Podolski,Podolia,Ukraine SSR,Proskurov,Kamenets-Podolski,Russian Empire,Soviet Union
431,POD_VNN_GNVN,-1054163,1440,Felsztyn,Stare Miasto,Galicia,Galicia,Lwow,Galicia,Lwów,Stare Miasto,Stary Sambor,Austrian Empire,Soviet Union
2760,PRU_PSN_GLLN,-533708,1447,Twardogora,Schlesien,Prussia,,Lower Silesia,Preußen,Preußen,Schlesien,Niederschlesien,Germany,Poland
432,TRD_ALS_GLPR,-500899,1453,Filipovo,Suvalki,Suwalki,Congress Poland,Bialystok,Suwałki,Białystok,Suvalki,Suwałki,Russian Empire,Poland
433,PRU_OST_GLDP,-500910,1454,Firlej,Lubartow,Lublin,Congress Poland,Lublin,Lublin,Lublin,Liubartov,Lubartów,Russian Empire,Poland
434,KLS_KNN_GLN,-539908,1459,Flatow,Zlotow,Preussen,Prussia,Posen-West,Preußen,Preußen,Westpreußen,Posen-Westpreußen,,Poland
435,PRU_PMM_GLLN,-500955,1475,Fordon,Bydgoszcz,Preussen,Prussia,Poznan,Preußen,Poznań,Posen,Bydgoszcz,Germany,Poland
436,GLC_TRN_GLGR,-1043042,1482,Frampol,Kamenets-Podolsk,Podolia,Pale,Lublin,Podolia,Ukraine SSR,Kamenets-Podol'sk,Kamenets-Podolski,Russian Empire,Soviet Union
2734,POD_BLT_GLSK,-537777,1485,Zabkowice Slaskie,Schlesien,Prussia,,Lower Silesia,Preußen,Preußen,Schlesien,Niederschlesien,Germany,Poland
2610,POD_BLT_GLVN,-1159506,1492,Frasin,Kimpolung,Bukovina,,Bukovina,Bukovina,Bucovina,Kimpolung,Câmpu-Lung,Austrian Empire,Romania
437,MGL_MST_GLVC,-537187,1495,Fraustadt,Wschowa,Preussen,Prussia,Posen-West,Preußen,Preußen,Posen,Posen-Westpreußen,Germany,Poland
438,PLC_RYP_GLBD,-1048651,1496,Fraidorf,Evpatoriia,Taurida,Pale,Crimea,Taurida,Ukraine SSR,Evpatoriia,Crimea,Russian Empire,Soviet Union
439,PRU_OST_GMBN,-496924,1503,Freienwalde,Pommern,Preussen,Prussia,Pomerania,Preußen,Preußen,Pommern,Pommern,Germany,Poland
440,MGL_GML_GML,-507757,1511,Freystadt,Susz,Preussen,Prussia,East Prussia,Preußen,Preußen,Westpreußen,Ostpreußen,,Poland
441,GRD_BLST_GNND,-2987502,1515,Friedland,Frydlad,Preussen,Prussia,East Prussia,Preußen,Preußen,Ostpreußen,Ostpreußen,,Soviet Union
442,LBL_ZMC_GRJ,-1038725,1526,Zakharevka,Tiraspol,Kherson,Pale,Odessa,Kherson,Ukraine SSR,Tiraspol',Odessa,Russian Empire,Soviet Union
443,WRS_GRT_GRKL,-501016,1528,Frysztak,Jaslo,Galicia,Galicia,Lwow,Galicia,Lwów,Jasło,Strzyżów,,Poland
444,PTR_BRZ_GRWS,-501045,1540,Gats-Sokolia צ Lonka,Lomzha,Lomza,Congress Poland,Bialystok,Łomża,Białystok,Lomzha,Łomża,Russian Empire,Poland
445,EKT_ALK_GRK,-1038898,1546,Gaivoron,Gaisin,Podolia,Pale,Odessa,Podolia,Ukraine SSR,Gaisin,Odessa,Russian Empire,Soviet Union
446,MGL_GRK_GRK,-501220,1555,Garbatka,Kozienice,Radom,Congress Poland,Kielce,Radom,Kielce,Kozenitsy,Kozienice,Russian Empire,Poland
447,GLC_CRC_GRLC,-2614231,1557,Gorzhdy,Telshi,Kovno,Pale,Kretinga,Kovno,,Tel'shi,Kretinga,Russian Empire,Soviet Union
448,EKT_BKH_GRLV,-2614233,1559,Godlevo,Mariampol,Suwalki,Congress Poland,Kaunas,Suwałki,,Mariampol',Kaunas,Russian Empire,Soviet Union
449,KIV_RDM_GRNS,-1774259,1560,Gartz,Pommern,Preussen,Prussia,Pomerania,Preußen,Preußen,Pommern,Pommern,Germany,Germany
450,MGL_RGC_GRDT,-501293,1561,Garwolin,Garwolin,Siedlce,Congress Poland,Lublin,Siedlce,Lublin,Garvolin,Garwolin,Russian Empire,Poland
451,VTB_GRD_GRDK,-1038895,1569,Gaisin,Gaisin,Podolia,Pale,Vinnitsa,Podolia,Ukraine SSR,Gaisin,Vinnitsa,Russian Empire,Soviet Union
452,POD_KMN_GRDK,-501400,1571,Danzig,Gdansk,Preussen,Prussia,Pomerania,Preußen,Gdańsk,Westpreußen,,,Poland
453,KIV_CHR_GRDS,-2908393,1572,Gdov,Gdov,Sankt-Peterburg,Mainland Russia,Leningrad,Sankt-Peterburg,Russian SSR,Gdov,Leningrad,Russian Empire,Soviet Union
454,MNS_RCH_GRVL,-501412,1573,Gdów,Wieliczka,Galicia,Galicia,Cracow,Galicia,Kraków,Wieliczka,Wieliczka,Austrian Empire,Poland
455,MGL_CHS_GRY,-501414,1574,Gdingen,Wejherowo,Preussen,Prussia,Pomerania,Preußen,Pomorze,Westpreußen,Morski,,Poland
456,LBL_KRS_GRZK,-2614335,1588,Gelvani,Vilnius,Vilna,Pale,Ukmerge,Vilna,,Vilnius,Ukmergė,,Soviet Union
457,VTB_DVN_GLZM,-1038918,1598,Genichesk,Melitopol,Taurida,Pale,Zaporozhe,Taurida,Ukraine SSR,Melitopol',Zaporozhe,Russian Empire,Soviet Union
458,KIV_KIV_GSTM,-1043535,1607,Germanovka,Kiev,Kiev,Pale,Kiev,Kiev,Ukraine SSR,Kiev,Kiev,Russian Empire,Soviet Union
459,WRS_GST_GSTY,-501466,1624,Gidle,Noworadomsk,Piotrkow,Congress Poland,Lodz,Piotrków,Łódż,Novoradomsk,Radomsko,Russian Empire,Poland
460,WRS_GRT_GSZC,-2614386,1626,Gedroitsy,Vilnius,Vilna,Pale,Ukmerge,Vilna,,Vilnius,Ukmergė,,Soviet Union
461,RDM_KNS_GWRC,-501494,1627,Gielniów,Opoczno,Radom,Congress Poland,Lodz,Radom,Kielce,Opoczno,Opoczno,,Poland
462,LMZ_OSTL_GVRV,-498918,1630,Gilgenburg,Ostroda,Preussen,Prussia,East Prussia,Preußen,Preußen,Ostpreußen,Ostpreußen,,Poland
463,PTR_PTR_GRZK,-2614469,1635,Girtakol,Rossieny,Kovno,Pale,Raseiniai,Kovno,,Rossieny,Raseiniai,Russian Empire,Soviet Union
2730,KLS_LNC_GRBW,-508027,1640,Klodzko,Schlesien,Prussia,,Lower Silesia,Preußen,Preußen,Schlesien,Niederschlesien,Germany,Poland
2722,GLC_STN_GRBW,-501777,1644,Gliwice,Schlesien,Prussia,,Upper Silesia,Preußen,Preußen,Schlesien,Oberschlesien,Germany,Poland
464,LBL_GRB_GRBW,-1039042,1646,Gliniany,Przemyslany,Galicia,Galicia,Tarnopol,Galicia,Tarnopol,Przemyślany,Przemyślany,,Soviet Union
465,PRU_PSN_GRBW,-1039024,1648,Glinki,Rovno,Volhynia,Pale,Volhynia,Volhynia,Wołyń,Rovno,Równe,Russian Empire,Soviet Union
466,PLT_KRM_GRDZ,-1039037,1650,Glińsko,Zolkiew,Galicia,Galicia,Lwow,Galicia,Lwów,Żółkiew,Żółkiew,,Soviet Union
2764,LMZ_SHC_GRV,-501806,1652,Glogow,Schlesien,Prussia,,Lower Silesia,Preußen,Preußen,Schlesien,Niederschlesien,Germany,Poland
467,RDM_KZN_GRNC,-501819,1653,Głogów,Rzeszow,Galicia,Galicia,Lwow,Galicia,Lwów,Rzeszów,Rzeszów,,Poland
468,POD_GSN_GRNV,-501834,1654,Głowaczów,Kozienice,Radom,Congress Poland,Kielce,Radom,Kielce,Kozenitsy,Kozienice,Russian Empire,Poland
469,KIV_VSL_GRBN,-501857,1655,Głowno,Brzeziny,Piotrkow,Congress Poland,Lodz,Piotrków,Łódż,Breziny,Brzeziny,Russian Empire,Poland
470,PRU_PMM_GRFN,-1040039,1656,Glukhov,Glukhov,Chernigov,Pale,Sumy,Chernigov,Ukraine SSR,Glukhov,Sumy,Russian Empire,Soviet Union
471,GLC_LWW_GRMB,-501903,1658,Głusk,Lublin,Lublin,Congress Poland,Lublin,Lublin,Lublin,Liubartov,Lublin,Russian Empire,Poland
472,MNS_SLT_GRSK,-1943079,1659,Glusk,Bobruisk,Minsk,Pale,Polesie,Minsk,Belarus SSR,Bobruisk,Polesie,Russian Empire,Soviet Union
473,KHR_TRS_GRGR,-501963,1661,Gniewoszów,Kozienice,Radom,Congress Poland,Kielce,Radom,Kielce,Kozenitsy,Kozienice,Russian Empire,Poland
474,KVN_KVN_GRNK,-501970,1662,Gnesen,Gniezno,Preussen,Prussia,Poznan,Preußen,Poznań,Posen,Gniezno,Germany,Poland
475,SWL_VLD_GRSH,-1039133,1663,Gnivan,Vinnitsa,Podolia,Pale,Vinnitsa,Podolia,Ukraine SSR,Vinnitsa,Vinnitsa,Russian Empire,Soviet Union
2753,VLH_ZSL_GRTS,-1777715,1672,Gorlitz,Schlesien,Prussia,,Lower Silesia,Preußen,Preußen,Schlesien,Niederschlesien,Germany,Germany
476,CRL_ILL_GRV,-502119,1674,Gollantsch,Wagrowiec,Preussen,Prussia,Poznan,Preußen,Poznań,Posen,Wągrowiec,Germany,Poland
477,CRL_GRB_GRBN,-1039164,1675,Golaia pristan,Aleshki,Taurida,Pale,Nikolaev,Taurida,Ukraine SSR,Aleshki,Nikolaiev,Russian Empire,Soviet Union
478,GLC_LWW_GRDK,-502167,1677,Goldap,Goldap,Preussen,Prussia,East Prussia,Preußen,Preußen,Ostpreußen,Ostpreußen,,Poland
479,GRD_BLST_GRDK,-502233,1679,Golina,Konin,Kalisz,Congress Poland,Lodz,Kalisz,Łódż,Konin,Konin,Russian Empire,Poland
480,VLN_VLK_GRDK,-502211,1680,Gollnow,Pommern,Preussen,Prussia,Pomerania,Preußen,Preußen,Pommern,Pommern,Germany,Poland
481,GRD_GRD_GRDN,-1039192,1681,Gołogóry,Zloczow,Galicia,Galicia,Tarnopol,Galicia,Tarnopol,Złoczów,Złoczów,,Soviet Union
482,PTR_BND_GRDZ,-1039208,1682,Goloskov,Balta,Podolia,Pale,Odessa,Podolia,Ukraine SSR,Balta,Odessa,Russian Empire,Soviet Union
483,WRS_BLN_GRDZ,-1039211,1683,Golovanevsk,Balta,Podolia,Pale,Odessa,Podolia,Ukraine SSR,Balta,Odessa,Russian Empire,Soviet Union
484,PRU_PSN_GRTZ,-1943134,1684,Golovchin,Mstislavl,Mogilev,Pale,Mogilev,Mogilev,Belarus SSR,Mstislavl',Mogilev,Russian Empire,Soviet Union
485,WRS_GRT_GRJC,-502272,1685,Golub / Dobrzyń,Wabrzezno,Plock,Congress Poland,Pomerania,Płock,Warszawa,Rypin,Rypin,Russian Empire,Poland
486,PTR_PTR_GRCH,-2913313,1687,Gumbinnen,Gabin,Preussen,Prussia,Warsaw,Preußen,Preußen,Ostpreußen,Ostpreußen,,Soviet Union
487,GLC_CRC_GRMN,-1943559,1688,Gomel,Gomel,Mogilev,Pale,Vitebsk,Mogilev,Belarus SSR,Gomel',Gomel,Russian Empire,Soviet Union
488,KHR_ELZ_GRMK,-502306,1692,Goniondz,Bielostok,Grodno,Pale,Bialystok,Grodno,Białystok,Bielostok,Białystok,Russian Empire,Poland
489,PRU_OST_GRSS,-502348,1694,Goraj,Bilgoraj,Lublin,Congress Poland,Lublin,Lublin,Lublin,Zamost'e,Biłgoraj,Russian Empire,Poland
490,KHR_TRS_GRSS,-502357,1695,Góra Kalwaria,Grojec,Warszawa,Congress Poland,Warsaw,Warszawa,Warszawa,Groitsy,Grójec,Russian Empire,Poland
491,MNS_SLT_GRZV,,1696,Gora Wisniowa,Lodz,Piotrkow,Congress Poland,Lodz,,,,,,
492,PRU_WST_GRDN,-1047425,1700,Gorkaia,Aleksandrovsk,Ekaterinoslav,Mainland Russia,Zaporozhe,Ekaterinoslav,Ukraine SSR,Aleksandrovsk,Zaporozhe,Russian Empire,Soviet Union
493,KVN_SHV_GRDZ,-1943561,1701,Gorki,Gorki,Mogilev,Pale,Mogilev,Mogilev,Belarus SSR,Gorki,Mogilev,Russian Empire,Soviet Union
494,GLC_CRC_GRYB,-502493,1702,Gorlice,Gorlice,Galicia,Galicia,Cracow,Galicia,Kraków,Gorlice,Gorlice,Austrian Empire,Poland
495,GLC_TRN_GRZY,-1040044,1703,Gorlovka,Bakhmut,Ekaterinoslav,Mainland Russia,Stalino,Ekaterinoslav,Ukraine SSR,Bakhmut,Stalino,Russian Empire,Soviet Union
496,SWL_MRM_GDL,-1039397,1705,Gornostaipol,Radomysl,Kiev,Pale,Kiev,Kiev,Ukraine SSR,Radomysl',Kiev,Russian Empire,Soviet Union
497,PRU_PMM_GLZW,-1946198,1706,Gorodets,Rogachev,Mogilev,Pale,Gomel,Mogilev,Belarus SSR,Rogachev,Gomel,Russian Empire,Soviet Union
498,EKT_ALK_GLPL,-1943311,1707,Gorodok,Gorodok,Vitebsk,Pale,Vitebsk,Vitebsk,Belarus SSR,Gorodok,Vitebsk,Russian Empire,Soviet Union
499,LVL_VLK_GLBN,-1040045,1708,Gorodok,Kamenets-Podolsk,Podolia,Pale,Kamenets-Podolski,Podolia,Ukraine SSR,Kamenets-Podol'sk,Kamenets-Podolski,Russian Empire,Soviet Union
500,PRU_OST_GMBN_2,-1039430,1709,Gorodishche,Cherkasy,Kiev,Pale,Kiev,Kiev,Ukraine SSR,Cherkasy,Kiev,Russian Empire,Soviet Union
501,MGL_ORS_GSN,-1943333,1711,Gorval,Riechitsa,Minsk,Pale,Gomel,Minsk,Belarus SSR,Riechitsa,Gomel,Russian Empire,Soviet Union
502,PRU_OST_GTTS,-1943335,1712,Gory,Chausy,Mogilev,Pale,Mogilev,Mogilev,Belarus SSR,Chausy,Mogilev,Russian Empire,Soviet Union
503,GLC_STN_GWZD,-502638,1713,Gorzków,Krasnystaw,Lublin,Congress Poland,Lublin,Lublin,Lublin,Krasnostav,Krasnystaw,Russian Empire,Poland
504,SML_GZH_GZHT,-3208533,1716,Glazmanka,Dvinsk,Vitebsk,Pale,Zemgale,Vitebsk,Latgale,Dvinsk,Daugavpils,Russian Empire,Soviet Union
505,GRD_PRZ_GNVK,-1039545,1717,Gostomel,Kiev,Kiev,Pale,Kiev,Kiev,Ukraine SSR,Kiev,Kiev,Russian Empire,Soviet Union
506,GLC_STN_HLCZ,-502790,1718,Gostynin,Gostyn,Warszawa,Congress Poland,Warsaw,Warszawa,Warszawa,Gostynin,Gostynin,Russian Empire,Poland
507,PRU_WST_HMMR,-502809,1719,Goszczyn,Grojec,Warszawa,Congress Poland,Warsaw,Warszawa,Warszawa,Groitsy,Grójec,Russian Empire,Poland
508,PRU_OST_HLSB,-502823,1722,Gowarczów,Konskie,Radom,Congress Poland,Lodz,Radom,Kielce,Konsk,Końskie,Russian Empire,Poland
509,VLN_DSN_GRMN,-502836,1723,Govorovo,Ostrolenka,Lomza,Congress Poland,Bialystok,Łomża,Białystok,Ostrolenka,Ostrołęka,Russian Empire,Poland
510,VLH_KVL_VLKG,-502639,1724,Gorzkowice,Piotrkow,Piotrkow,Congress Poland,Lodz,Piotrków,Łódż,Petrokov,Piotrków,Russian Empire,Poland
511,GLC_STN_HNZD,-502999,1726,Grabów,Leczyca,Kalisz,Congress Poland,Lodz,Kalisz,Łódż,Lenchitsa,Łęczyca,Russian Empire,Poland
512,VLN_SVN_GDTS,-1039563,1727,Grabowiec,Bohorodczany,Galicia,Galicia,Stanislawow,Galicia,Stanisławów,Bohorodczany,Bohorodczany,Austrian Empire,Soviet Union
513,PRU_OST_HHNS,-503028,1728,Grabowiec,Hrubieszow,Lublin,Congress Poland,Lublin,Lublin,Lublin,Grubeshov,Hrubieszów,Russian Empire,Poland
514,GRD_VLK_GLBD,-503067,1729,Grabow,Ostrzeszow,Preussen,Prussia,Poznan,Preußen,Poznań,Posen,Ostrzeszów,Germany,Poland
515,VLH_KVL_GLBY,-1039586,1730,Gradizhsk,Kremenchug,Poltava,Pale,Poltava,Poltava,Ukraine SSR,Kremenchug,Poltava,Russian Empire,Soviet Union
516,VLN_OSH_OLSH,-503182,1732,Graevo,Shchuchin,Lomza,Congress Poland,Bialystok,Łomża,Białystok,Shchuchin,Szczuczyn,Russian Empire,Poland
517,VLN_DSN_GLBC,-503195,1733,Granica,Kozienice,Radom,Congress Poland,Kielce,Radom,Kielce,Kozenitsy,Kozienice,Russian Empire,Poland
518,GLC_STN_HLYN,-1039604,1735,Granov,Gaisin,Podolia,Pale,Vinnitsa,Podolia,Ukraine SSR,Gaisin,Vinnitsa,Russian Empire,Soviet Union
519,GRD_SLN_GLYN,-1039617,1739,Grebenki,Vasilkov,Kiev,Pale,Kiev,Kiev,Ukraine SSR,Vasil'kov,Kiev,Russian Empire,Soviet Union
2678,VLH_VLD_GRKH,-503594,1741,Gryfice,Pommern,Prussia,,Pomerania,Preußen,Preußen,Pommern,Pommern,Germany,Poland
520,GRD_KBR_GRDT,-503595,1742,Greifenhagen,Pommern,Preussen,Prussia,Pomerania,Preußen,Preußen,Pommern,Pommern,Germany,Poland
2681,GLC_STN_HRDN,-1778917,1743,Greifswald,Pommern,Prussia,,Pomerania,Preußen,Preußen,Pommern,Pommern,Germany,Germany
521,LBL_GRB_HRDL,-503254,1744,Grembow,Tarnobrzeg,Galicia,Galicia,Lwow,,,,,,
522,CRN_GRD_GRDN,-1943387,1747,Gresk,Slutsk,Minsk,Pale,Minsk,Minsk,Belarus SSR,Slutsk,Minsk,Russian Empire,Soviet Union
523,VLH_NVG_GRDN,-2276420,1751,Grigoriopol,Tiraspol,Kherson,Pale,Moldavia,Kherson,Moldavian ASSR,Tiraspol',,Russian Empire,Soviet Union
524,MNS_PNS_GRDN,-2614598,1753,Grinkishki,Kovno,Kovno,Pale,Kedainiai,Kovno,,Kovna,Kėdainiai,Russian Empire,Soviet Union
525,MNS_NVG_GRDS,-2614600,1754,Grishkobuda,Vladislavov,Suwalki,Congress Poland,Seinai,Suwałki,,Vladislavov,Šakiai,Russian Empire,Soviet Union
526,VLH_RVN_GRNG,-1039744,1755,Gritsev,Zaslavl,Volhynia,Pale,Kamenets-Podolski,Volhynia,Ukraine SSR,Zaslavl',Kamenets-Podolski,Russian Empire,Soviet Union
527,GLC_LWW_HRYN,-3208597,1756,Griva,Illukst,Courland,Mainland Russia,Zemgale,Courland,Latgale,Illukst,Daugavpils,Russian Empire,Soviet Union
528,VLH_OST_GSHC,-3208605,1757,Grobin,Grobin,Courland,Mainland Russia,Kurzeme,Courland,Kurzeme,Grobin,Liepāja,Russian Empire,Soviet Union
529,BSS_KHT_KHTN,-1039483,1758,Gródek,Grodek,Galicia,Galicia,Lwow,Galicia,Lwów,Gródek,Gródek Jagielloński,,Soviet Union
530,LBL_GRB_HRBS,-503535,1759,Gorodok,Bielostok,Grodno,Pale,Bialystok,Grodno,Białystok,Bielostok,Białystok,Russian Empire,Poland
531,GLC_LWW_HRSZ,-1943310,1760,Gorodok,Vileika,Vilna,Pale,Vilna,Vilna,Wilno,Vileika,Mołodeczno,,Soviet Union
532,GLC_LWW_HCZK,-1943562,1761,Grodno,Grodno,Grodno,Pale,Bialystok,Grodno,Białystok,Grodna,Grodno,Russian Empire,Soviet Union
533,VLH_LTS_GLVC,-503386,1763,Grodziec,Bedzin,Piotrkow,Congress Poland,Kielce,Piotrków,Kielce,Bendin,Będzin,Russian Empire,Poland
534,GLC_TRN_HSTY,-503407,1764,Grodzisk,Blonie,Warszawa,Congress Poland,Warsaw,Warszawa,Warszawa,Blony,Błonie,Russian Empire,Poland
535,GLC_LWW_HSKW,-503428,1766,Grätz,Grodzisk,Preussen,Prussia,Poznan,Preußen,Poznań,Posen,Grodzisk,Germany,Poland
536,CRN_BRZ_ICHN,-503449,1769,Grójec,Grojec,Warszawa,Congress Poland,Warsaw,Warszawa,Warszawa,Groitsy,Grójec,Russian Empire,Poland
537,VLN_SVN_IGNL,-503292,1770,Grocholice,Piotrkow,Piotrkow,Congress Poland,Lodz,Piotrków,Łódż,Petrokov,Piotrków,Russian Empire,
538,VLH_LTS_IGNT,-503472,1772,Gromnik,Tarnow,Galicia,Galicia,Cracow,Galicia,Kraków,Tarnów,Tarnów,,Poland
539,VTB_VLZ_ILN,-1042435,1773,Gromokleia,Elizavetgrad,Kherson,Pale,Kirovograd,Kherson,Ukraine SSR,Elizavetgrad,Kirovograd,Russian Empire,Soviet Union
540,KIV_LPV_ILNT,-219456,1782,Gross-Kackschen,Ragneta,Preussen,Prussia,East Prussia,,,,,,
2733,VLN_VLK_IL,-530753,1789,Strzelce Opolskie,Schlesien,Prussia,,Upper Silesia,Preußen,Preußen,Schlesien,Oberschlesien,Germany,Poland
541,GLC_LWW_ILNK,-1057823,1790,Grossulovo,Tiraspol,Kherson,Pale,Odessa,Kherson,Ukraine SSR,Tiraspol',Odessa,Russian Empire,Soviet Union
2759,CRL_ILL_ILLK,-531689,1792,Sycow,Schlesien,Prussia,,Lower Silesia,Preußen,Preußen,Schlesien,Niederschlesien,Germany,Poland
2737,WRS_GST_ILW,-503349,1794,Grodkow,Schlesien,Prussia,,Upper Silesia,Preußen,Preußen,Schlesien,Oberschlesien,Germany,Poland
542,RDM_ILZ_ILZ,-1943445,1795,Grozov,Slutsk,Minsk,Pale,Minsk,Minsk,Belarus SSR,Slutsk,Minsk,Russian Empire,Soviet Union
543,GRD_GRD_INDR,-503551,1796,Graudenz,Grudziadz,Preussen,Prussia,Pomerania,Preußen,Pomorze,Westpreußen,Grudziądz,,Poland
2767,KHR_KHR_INGL,-539726,1797,Zielona Gora,Schlesien,Prussia,,Upper Silesia,Preußen,Preußen,Schlesien,Oberschlesien,Germany,Poland
544,PTR_RVA_INWL,-2614618,1801,Grudzi,Shavli,Kovno,Pale,Siauliai,Kovno,,Shavli,Šiauliai,Russian Empire,Soviet Union
545,PRU_PSN_INWR,-503592,1802,Grybów,Grybow,Galicia,Galicia,Cracow,Galicia,Kraków,Grybów,Grybów,,Poland
546,PRU_OST_INST,-1039714,1803,Grzymałów,Skalat,Galicia,Galicia,Tarnopol,Galicia,Tarnopol,Skałat,Skałat,,Soviet Union
547,VLN_VLN_INTR,-2614649,1805,Gudele,Mariampol,Suwalki,Congress Poland,Marijampole,Suwałki,,Mariampol',Marijampolė,Russian Empire,Soviet Union
548,BSS_IZM_IZML,-502163,1808,Gülzow,Pommern,Preussen,Prussia,Pomerania,Preußen,Preußen,Pommern,Pommern,Germany,Poland
2765,KIV_RDM_IVNK,-502328,1813,Gora,Schlesien,Prussia,,Lower Silesia,Preußen,Preußen,Schlesien,Niederschlesien,Germany,Poland
549,VLH_ZHT_IVNT,-1039899,1815,Guliai-Pole,Aleksandrovsk,Ekaterinoslav,Mainland Russia,Zaporozhe,Ekaterinoslav,Ukraine SSR,Aleksandrovsk,Zaporozhe,Russian Empire,Soviet Union
550,MNS_PNS_IVNK,-3208630,1816,Gulbene,Valk,Livland,Mainland Russia,Vidzeme,Livland,Vidzeme,Valk,Madona,Russian Empire,Soviet Union
551,RDM_OPT_IWNS,-2913313,1819,Gumbinnen,Gabin,Preussen,Prussia,East Prussia,Preußen,Preußen,Ostpreußen,Ostpreußen,,Soviet Union
2603,MNS_MNS_IVNT,-1160946,1824,Gura Humorului,Gurahumora,Bukovina,,Bukovina,Bukovina,Bucovina,Gurahumora,Câmpu-Lung,Austrian Empire,Romania
2662,VLN_OSH_IV,-1057268,1825,Ust' Putyla,Wiznitz,Bukovina,,Bukovina,Bukovina,Bucovina,Wiznitz,Rădăuţi,Austrian Empire,Soviet Union
552,GRD_VLK_IZBL,-2913430,1827,Gusino,Orsha,Mogilev,Pale,Smolensk,Mogilev,Russian SSR,Orsha,Smolensk,Russian Empire,Soviet Union
2739,LBL_KRS_IZBC,-499618,1831,Dobrodzien,Schlesien,Prussia,,Upper Silesia,Preußen,Preußen,Schlesien,Oberschlesien,Germany,Poland
553,KLS_KLO_IZBC,-499604,1832,Guttstadt,Lidzbark,Preussen,Prussia,East Prussia,Preußen,Preußen,Ostpreußen,Ostpreußen,,Poland
554,KHR_IZM_IZM,-1040028,1834,Gwoździec,Kolomyja,Galicia,Galicia,Stanislawow,Galicia,Stanisławów,Kołomyja,Kołomyja,,Soviet Union
555,KHR_ELZ_IZRL,-2907579,1848,Gzhatsk,Gzhatsk,Smolensk,Mainland Russia,Smolensk,Smolensk,Russian SSR,Gzhatsk,Smolensk,Russian Empire,Soviet Union
556,POD_MGL_IZRL,-503896,1877,Gainovka,Pruzhany,Grodno,Pale,Bialystok,Grodno,Białystok,Pruzhany,Bielsk,Russian Empire,Poland
557,VLH_ZSL_ZSLV,-1038762,1879,Halicz,Stanislawow,Galicia,Galicia,Stanislawow,Galicia,Stanisławów,Stanisławów,Stanisławów,,Soviet Union
558,LMZ_WYS_IBLN,-498027,1894,Hammerstein,Czluchow,Preussen,Prussia,Posen-West,Preußen,Preußen,Westpreußen,Posen-Westpreußen,,Poland
2758,WRS_WRS_JBLN,-497008,1926,Chojnow,Schlesien,Prussia,,Lower Silesia,Preußen,Preußen,Schlesien,Niederschlesien,Germany,Poland
559,GLC_STN_JBLN,-513377,1942,Heilsberg,Lidzbark,Preussen,Prussia,East Prussia,Preußen,Preußen,Ostpreußen,Ostpreußen,,Poland
560,GLC_LWW_JBLN,-1942992,1965,Germanoviche,Disna,Vilna,Pale,Vilna,Vilna,Wilno,Disna,Dzisna,,Soviet Union
2726,WRS_RDM_JDW,-537912,1993,Zabrze,Schlesien,Prussia,,Upper Silesia,Preußen,Preußen,Schlesien,Oberschlesien,Germany,Poland
2745,GLC_TRN_JGLN,-505724,1996,Jelenia Gora,Schlesien,Prussia,,Lower Silesia,Preußen,Preußen,Schlesien,Niederschlesien,Germany,Poland
2648,GRD_VLK_ILVK,-1039018,1999,Hlynytsia,Storojinet,Bukovina,,Bukovina,Bukovina,Bucovina,Storojinet,Storojineţ,Austrian Empire,Soviet Union
561,GLC_LWW_JNW,-1057595,2002,Velikaia Glusha,Kovel,Volhynia,Pale,Volhynia,Volhynia,Polesie,Kovel',Kamień Koszyrski,Russian Empire,Soviet Union
562,GLC_TRN_JNW,-1039103,2003,Hnizdyczów,Zydaczow,Galicia,Galicia,Stanislawow,Galicia,Stanisławów,Żydaczów,Żydaczów,,Soviet Union
563,LBL_INV_JNWL,-2612505,2015,Godutishki s kazenoi usadboi,Sventsiany,Vilna,Pale,Vilna,Vilna,Wilno,Sventsiany,Święciany,,Soviet Union
564,GRD_KBR_IVNV,-519862,2035,Hohenstein,Ostroda,Preussen,Prussia,East Prussia,Preußen,Preußen,Ostpreußen,Ostpreußen,,Poland
565,GRD_SKL_INV,-1943121,2040,Golobudy,Volkovysk,Grodno,Pale,Bialystok,Grodno,Białystok,Volkovysk,Wołkowysk,Russian Empire,Soviet Union
566,PRU_PSN_JNWT,-1039183,2041,Goloby,Kovel,Volhynia,Pale,Volhynia,Volhynia,Wołyń,Kovel',Kowel,Russian Empire,Soviet Union
567,RDM_KZN_JNWC,-1943149,2042,Olshany,Oshmiany,Vilna,Pale,Vilna,Vilna,Wilno,Oshmiany,Oszmiana,,Soviet Union
568,LBL_TMS_JRCZ,-1943152,2043,Golubiche,Disna,Vilna,Pale,Vilna,Vilna,Wilno,Disna,Dzisna,,Soviet Union
569,PRU_PSN_JRTS,-1039281,2045,Hołyń,Kalusz,Galicia,Galicia,Stanislawow,Galicia,Stanisławów,Dolina,Kałusz,Austrian Empire,Soviet Union
570,GLC_LWW_JRSL,-1943171,2046,Golynka,Slonim,Grodno,Pale,Nowogrodek,Grodno,Nowogródek,Slonim,Słonim,Russian Empire,Soviet Union
571,GLC_LWW_JRYC,-1039500,2075,Gorokhov,Vladimir-Volynskii,Volhynia,Pale,Volhynia,Volhynia,Wołyń,Vladimir-Volynskii,Horochów,Russian Empire,Soviet Union
572,GLC_LWW_JSNC,-1943267,2076,Gorodets,Kobrin,Grodno,Pale,Polesie,Grodno,Polesie,Kobrin,Kobryń,Russian Empire,Soviet Union
573,GLC_STN_JSNW,-1039416,2078,Horodenka,Horodenka,Galicia,Galicia,Stanislawow,Galicia,Stanisławów,Horodenka,Horodenka,Austrian Empire,Soviet Union
574,GLC_LWW_JSLS,-504128,2079,Horodło,Hrubieszow,Lublin,Congress Poland,Lublin,Lublin,Lublin,Grubeshov,Hrubieszów,Russian Empire,Poland
575,GLC_CRC_JSL,-1039476,2080,Gorodnia,Gorodnia,Chernigov,Pale,Chernigov,Chernigov,Ukraine SSR,Gorodnia,Chernigov,Russian Empire,Soviet Union
576,KIV_KIV_ISNG,-1039472,2081,Gorodnitsa,Novograd-Volynskii,Volhynia,Pale,Zhitomir,Volhynia,Ukraine SSR,Novograd-Volynskii,Zhitomir,Russian Empire,Soviet Union
577,PRU_WST_JSTR,-1943300,2082,Gorodno,Pinsk,Minsk,Pale,Polesie,Minsk,Polesie,Pinsk,Stolin,Russian Empire,Soviet Union
578,CRL_FRD_FRDR,-1943291,2083,Gorodishche,Novogrudok,Minsk,Pale,Nowogrodek,Minsk,Nowogródek,Novogrudok,Baranowicze,Russian Empire,Soviet Union
579,GLC_LWW_JWRN,-1039533,2089,Goringrod,Rovno,Volhynia,Pale,Volhynia,Volhynia,Wołyń,Rovno,Równe,Russian Empire,Soviet Union
580,GLC_CRC_JWRZ,-504138,2090,Horyniec,Cieszanow,Galicia,Galicia,Lwow,Galicia,Lwów,Cieszanów,Lubaczów,,Poland
581,GLC_TRN_JZLW,-1039539,2093,Goshcha,Ostrog,Volhynia,Pale,Volhynia,Volhynia,Wołyń,Ostrog,Równe,Russian Empire,Soviet Union
582,GLC_LWW_JDLC,-1041561,2094,Khotin,Khotin,Bessarabia,Pale,Bessarabia,Bessarabia,Basarabia,Khotin,Hotin,Russian Empire,Soviet Union
583,RDM_RDM_JDLN,-504158,2100,Hrubieszów,Hrubieszow,Lublin,Congress Poland,Lublin,Lublin,Lublin,Grubeshov,Hrubieszów,Russian Empire,Poland
584,CRL_FRD_IKBS,-844525,2102,Hruszow,Jaworow,Galicia,Galicia,Lwow,,,,,,
585,SWL_SVL_ELNV,,2103,Huczko,Dobromil,Galicia,Galicia,Lwow,,,,,,
586,KLC_JDR_JDRZ,-1039887,2114,Gulevichev,Lutsk,Volhynia,Pale,Volhynia,Volhynia,Wołyń,Lutsk,Kowel,Russian Empire,Soviet Union
587,GRD_SLN_OZRN,-1039957,2122,Husiatyń,Tarnopol,Galicia,Galicia,Tarnopol,Galicia,Tarnopol,Husiatyń,Kopyczyńce,,Soviet Union
588,GLC_TRN_JZRZ,-1039939,2123,Husaków,Mosciska,Galicia,Galicia,Lwow,Galicia,Lwów,Mościska,Mościska,,Soviet Union
2661,VLH_VLD_OZRN,-1059226,2126,Yablunytsya,Wiznitz,Bukovina,,Bukovina,Bukovina,Bucovina,Wiznitz,Rădăuţi,Austrian Empire,Soviet Union
589,WRS_WRS_JZRN,-1040053,2132,Ichnia,Borzna,Chernigov,Pale,Chernigov,Chernigov,Ukraine SSR,Borzna,Chernigov,Russian Empire,Soviet Union
590,GRD_GRD_OZRY,-2614742,2144,Ignalino,Sventsiany,Vilna,Pale,Vilna,Vilna,Wilno,Sventsiany,Święciany,,Soviet Union
591,PTR_BRZ_JZW,-1054031,2145,Ignatovka,Lutsk,Volhynia,Pale,Volhynia,Volhynia,Wołyń,Lutsk,Łuck,Russian Empire,Soviet Union
592,GLC_LWW_JZW,-2914421,2150,Ilino,Velizh,Vitebsk,Pale,Smolensk,Vitebsk,Russian SSR,Velizh,Smolensk,Russian Empire,Soviet Union
593,GLC_STN_JZPL,-1040102,2151,Ilintsy,Lipovets,Kiev,Pale,Vinnitsa,Kiev,Ukraine SSR,Lipovets,Vinnitsa,Russian Empire,Soviet Union
2604,VLN_TRK_EZN,-1161822,2152,Ilisesti,Gurahumora,Bukovina,,Bukovina,Bukovina,Bucovina,Gurahumora,Suceava,Austrian Empire,Romania
594,GLC_CRC_JDLW,-1943589,2153,Iliia,Vileika,Vilna,Pale,Vilna,Vilna,Wilno,Vileika,Wilejka,,Soviet Union
595,PRU_OST_JHNN,,2159,Ilnik,Turka,Galicia,Galicia,Lwow,,,,,,
596,KVN_KVN_INV,-3208716,2162,Illukst,Illukst,Courland,Mainland Russia,Zemgale,Courland,Zemgale,Illukst,Ilūkste,Russian Empire,Soviet Union
597,KVN_PNV_IGNS,,2163,Iluw,Sochaczew,Warszawa,Congress Poland,Warsaw,,,,,,
598,KVN_SHV_INSH,-504428,2167,Iłża,Ilza,Radom,Congress Poland,Kielce,Radom,Kielce,Iłża,Iłża,,Poland
599,GLC_CRC_JRDN,-2915671,2171,Indura,Grodno,Grodno,Pale,Bialystok,Grodno,Białystok,Grodna,Grodno,Russian Empire,Soviet Union
600,LBL_PLW_JZFW,-1040197,2175,Ingulets,Kherson,Kherson,Pale,Dnepropetrovsk,Kherson,Ukraine SSR,Kherson,Dnepropetrovsk,Russian Empire,Soviet Union
601,KVN_KVN_ISVN,-504451,2178,Inowłódz,Rawa,Piotrkow,Congress Poland,Lodz,Piotrków,Warszawa,Rava,Rawa,Russian Empire,Poland
602,LBL_BLG_JZFW,-504453,2179,Inowrazlaw,Inowroclaw,Preussen,Prussia,Poznan,Preußen,Poznań,Posen,Inowrocław,Germany,Poland
603,KVN_RSS_IRBR,-2898062,2180,Insterburg,Wystruc,Preussen,Prussia,East Prussia,Preußen,Preußen,Ostpreußen,Ostpreußen,,Soviet Union
604,MGL_MST_KDN,-2614776,2181,Inturki,Vilnius,Vilna,Pale,Utena,Vilna,,Vilnius,Utena,,Soviet Union
2638,LMZ_OSTL_KDZD,,2182,Iordanesti,Storojinet,Bukovina,,Bukovina,,,,,,
605,KIV_RDM_KHBN,-1040491,2191,Izmail,Izmail,Bessarabia,Pale,Bessarabia,Bessarabia,Basarabia,Izmail,Ismail,Russian Empire,Soviet Union
2657,KIV_KIV_KGRL,,2193,Ispas,Wiznitz,Bukovina,,Bukovina,,,,,,
606,TRD_ALS_KKHV,-1040309,2198,Ivankov,Radomysl,Kiev,Pale,Kiev,Kiev,Ukraine SSR,Radomysl',Kiev,Russian Empire,Soviet Union
607,VLN_TRK_KSHD,-1040476,2201,Ivnitsa,Zhitomir,Volhynia,Pale,Zhitomir,Volhynia,Ukraine SSR,Zhitomir,Zhitomir,Russian Empire,Soviet Union
608,KHR_KHR_BLSH_2,-1943638,2202,Ivaniki,Pinsk,Minsk,Pale,Polesie,Minsk,Polesie,Pinsk,Pińsk,Russian Empire,Soviet Union
609,MNS_RCH_KLNK,-504472,2203,Iwaniska,Opatow,Radom,Congress Poland,Kielce,Radom,Kielce,Opatov,Opatów,Russian Empire,Poland
610,POD_VNN_KLNV,-1943669,2204,Ivenets,Minsk,Minsk,Pale,Nowogrodek,Minsk,Nowogródek,Minsk,Wołożyn,Russian Empire,Soviet Union
611,KLS_KLS_KLSZ,-1943674,2205,Ive,Oshmiany,Vilna,Pale,Nowogrodek,Vilna,Nowogródek,Oshmiany,Lida,,Soviet Union
612,KLS_KLS_KLSZ_2,-1943675,2206,Izabelin,Volkovysk,Grodno,Pale,Bialystok,Grodno,Białystok,Volkovysk,Wołkowysk,Russian Empire,Soviet Union
613,KHR_ELZ_KLNB,-504515,2207,Izbica,Zamosc,Lublin,Congress Poland,Lublin,Lublin,Lublin,Krasnostav,Krasnystaw,Russian Empire,Poland
614,KVN_RSS_KLTY,-504518,2208,Izbica,Kolo,Kalisz,Congress Poland,Lodz,Kalisz,Łódż,Kolo,Koło,Russian Empire,Poland
615,POD_NVU_KLS,-1040507,2210,Izium,Izium,Kharkov,Mainland Russia,Kharkov,Kharkov,Ukraine SSR,Izium,Kharkov,Russian Empire,Soviet Union
616,WRS_NWM_KLSK,-9235470,2213,Izrailevka,Elizavetgrad,Kherson,Pale,Kirovograd,,,,,,
617,GLC_STN_KLSZ,-1040496,2214,Izrailovka,Mogilev,Podolia,Pale,Vinnitsa,Podolia,Ukraine SSR,Mogilev,Vinnitsa,Russian Empire,Soviet Union
618,SWL_KLV_KLVR,-1040503,2216,Zaslavl,Zaslavl,Volhynia,Pale,Kamenets-Podolski,Volhynia,Ukraine SSR,Zaslavl',Kamenets-Podolski,Russian Empire,Soviet Union
619,KVN_NVL_KM,-504571,2219,Iablonka,Wysokie Mazowieckie,Lomza,Congress Poland,Bialystok,Łomża,Białystok,Wysokie Mazowieckie,Wysokie Mazowieckie,,Poland
620,VTB_LPL_KMN,-504592,2221,Jabłonna,Warszawa,Warszawa,Congress Poland,Warsaw,Warszawa,Warszawa,Warsaw,Warszawa,Russian Empire,Poland
621,POD_KMN_KMNT,-1059239,2222,Jabłonów,Kolomyja,Galicia,Galicia,Stanislawow,Galicia,Stanisławów,Kołomyja,Peczeniżyn,,Soviet Union
622,POD_OLG_KMNK,-1059240,2223,Jabłonów,Turka,Galicia,Galicia,Lwow,Galicia,Lwów,Turka,Turka,Austrian Empire,Soviet Union
2644,KIV_CHR_KMNK,-1060613,2225,Zhadova,Storojinet,Bukovina,,Bukovina,Bukovina,Bucovina,Storojinet,Storojineţ,Austrian Empire,Soviet Union
623,VLH_NVG_KMNN,-504667,2226,Jadów,Radzymin,Warszawa,Congress Poland,Warsaw,Warszawa,Warszawa,Radimin,Radzymin,Russian Empire,Poland
624,GLC_LWW_KMN,-1059262,2227,Jagielnica,Czortkow,Galicia,Galicia,Tarnopol,Galicia,Tarnopol,Czortków,Czortków,,Soviet Union
625,SDL_WGR_KMNC,-504803,2229,Ialovka,Volkovysk,Grodno,Pale,Bialystok,Grodno,Białystok,Volkovysk,Wołkowysk,Russian Empire,Poland
626,VLH_KVL_KMNK,-1061265,2235,Janów,Grodek,Galicia,Galicia,Lwow,Galicia,Lwów,Gródek,Gródek Jagielloński,,Soviet Union
627,PTR_PTR_KMNS,-1038001,2236,Janów,Trembowla,Galicia,Galicia,Tarnopol,Galicia,Tarnopol,Trembowla,Trembowla,Austrian Empire,Soviet Union
628,GRD_GRD_KMNK,-505100,2237,Janów Lubelski,Janow,Lublin,Congress Poland,Lublin,Lublin,Lublin,Ianov,Janów,Russian Empire,Poland
629,LBL_LBR_KMNK,-1943656,2239,Ivanovo,Kobrin,Grodno,Pale,Polesie,Grodno,Polesie,Kobrin,Drohiczyn,Russian Empire,Soviet Union
630,GLC_TRN_KMNK,-505021,2240,Ianov,Sokolki,Grodno,Pale,Bialystok,Grodno,Białystok,Sokolki,Sokółka,Russian Empire,Poland
631,PTR_CHN_KMYK,-505080,2241,Janowitz,Znin,Preussen,Prussia,Poznan,Preußen,Poznań,Posen,Żnin,Germany,Poland
632,GLC_LWW_KNCZ,-505075,2242,Janowiec,Kozienice,Radom,Congress Poland,Kielce,Radom,Kielce,Kozenitsy,Kozienice,Russian Empire,Poland
633,CRL_TLS_KNDV,-505175,2243,Jarczów,Tomaszow,Lublin,Congress Poland,Lublin,Lublin,Lublin,Tomashov,Tomaszów,Russian Empire,Poland
634,KIV_KNV_KNV,-505200,2245,Jarotschin,Jarocin,Preussen,Prussia,Poznan,Preußen,Poznań,Posen,Jarocin,Germany,Poland
635,KHR_ANN_KNTK,-505210,2246,Jarosław,Jaroslaw,Galicia,Galicia,Lwow,Galicia,Lwów,Jarosław,Jarosław,,Poland
636,SWL_SNY_KPTS,-1048978,2247,Jaryczów Nowy,Lwow,Galicia,Galicia,Lwow,Galicia,Lwów,Lwów,Lwów,,Soviet Union
637,TRD_SMF_KRSB,-505302,2248,Jasienica,Brzozow,Galicia,Galicia,Lwow,Galicia,Lwów,Brzozów,Brzozów,,Poland
638,WRS_NWM_KRCZ,-1059487,2249,Jasienów Polny,Horodenka,Galicia,Galicia,Stanislawow,Galicia,Stanisławów,Horodenka,Horodenka,Austrian Empire,Soviet Union
639,VTB_LTS_KRSV,-505388,2252,Jaśliska,Sanok,Galicia,Galicia,Lwow,Galicia,Lwów,Sanok,Sanok,Austrian Empire,Poland
640,VLH_KVL_KSHV,-505390,2253,Jasło,Jaslo,Galicia,Galicia,Cracow,Galicia,Kraków,Jasło,Jasło,,Poland
641,VLH_KRM_KTRB,-1059524,2254,Iasnogorodka,Kiev,Kiev,Pale,Kiev,Kiev,Ukraine SSR,Kiev,Kiev,Russian Empire,Soviet Union
642,KIV_ZVN_EKTR,-505405,2255,Jastrow,Walcz,Preussen,Prussia,Posen-West,Preußen,Preußen,Westpreußen,Posen-Westpreußen,,Poland
2748,PRU_OST_KKHM,-505516,2264,Jawor,Schlesien,Prussia,,Lower Silesia,Preußen,Preußen,Schlesien,Niederschlesien,Germany,Poland
643,KVN_KVN_KVN,-3208906,2265,Fridrikhshtadt,Fridrikhshtadt,Courland,Mainland Russia,Zemgale,Courland,Zemgale,Fridrikhshtadt,Jēkabpils,Russian Empire,Soviet Union
644,KVN_VLK_KVRS,,2267,Jawornik Ruski,Dobromil,Galicia,Galicia,Lwow,,,,,,
645,GLC_CRC_KWCZ,-505580,2269,Jaworzno,Chrzanow,Galicia,Galicia,Cracow,Galicia,Kraków,Chrzanów,Chrzanów,,Poland
646,RDM_ILZ_KZNW,-1051255,2270,Jazłowiec,Buczacz,Galicia,Galicia,Tarnopol,Galicia,Tarnopol,Buczacz,Buczacz,Austrian Empire,Soviet Union
647,KIV_BRD_KZTN,-505641,2271,Jedlicze,Krosno,Galicia,Galicia,Lwow,Galicia,Lwów,Krosno,Krosno,Austrian Empire,Poland
648,KLC_PNC_KZMR,-505648,2272,Jedlińsk,Radom,Radom,Congress Poland,Kielce,Radom,Kielce,Radom,Radom,Russian Empire,Poland
649,LBL_PLW_KZMR,-3209027,2275,Iakobshtadt,Fridrikhshtadt,Courland,Mainland Russia,Zemgale,Courland,Zemgale,Fridrikhshtadt,Jēkabpils,Russian Empire,Soviet Union
650,SWL_MRM_KZLV,-505734,2276,Elenovo,Suvalki,Suwalki,Congress Poland,Bialystok,Suwałki,Białystok,Suvalki,Suwałki,Russian Empire,Poland
651,PRU_PSN_KCYN,-505669,2282,Jędrzejów,Jedrzejow,Kielce,Congress Poland,Kielce,Kielce,Kielce,Jędrzejów,Jędrzejów,,Poland
652,KVN_KVN_KDNY,-1947606,2289,Ozernitsa,Slonim,Grodno,Pale,Nowogrodek,Grodno,Nowogródek,Slonim,Słonim,Russian Empire,Soviet Union
653,KVN_RSS_KLMY,-1059772,2290,Jezierzanka,Zloczow,Galicia,Galicia,Tarnopol,Galicia,Tarnopol,Złoczów,Zborów,,Soviet Union
654,GLC_PZN_KLWR,-1049754,2292,Ozeriany,Vladimir-Volynskii,Volhynia,Pale,Volhynia,Volhynia,Wołyń,Vladimir-Volynskii,Kowel,Russian Empire,Soviet Union
655,TRD_KRC_KRCH,-505898,2293,Jeziorna Królewska,Warszawa,Warszawa,Congress Poland,Warsaw,Warszawa,Warszawa,Warsaw,Warszawa,Russian Empire,Poland
656,GLC_CRC_KTY,-1947619,2294,Ozery,Grodno,Grodno,Pale,Bialystok,Grodno,Białystok,Grodna,Grodno,Russian Empire,Soviet Union
657,KHR_KHR_KHRK,-505930,2295,Jeżów,Brzeziny,Piotrkow,Congress Poland,Lodz,Piotrków,Łódż,Breziny,Brzeziny,Russian Empire,Poland
658,POD_GSN_KHSH,-505933,2296,Jeżowe,Nisko,Galicia,Galicia,Lwow,Galicia,Lwów,Nisko,Nisko,Austrian Empire,Poland
659,KHR_KHR_KHRS,-1060782,2297,Jezupol,Stanislawow,Galicia,Galicia,Stanislawow,Galicia,Stanisławów,Stanisławów,Stanisławów,,Soviet Union
660,MGL_MST_KHSL,-2614887,2301,Ezno,Troki,Vilna,Pale,Alytus,Vilna,,Troki,Alytus,,Soviet Union
661,POD_LTN_KHML,-505957,2305,Jodłowa,Pilzno,Galicia,Galicia,Cracow,Galicia,Kraków,Pilzno,Pilzno,,Poland
662,VLH_OVR_KHDK,,2308,Johannisburg,Pisz,Preussen,Prussia,East Prussia,,,,,,
663,KIV_SKV_KHDR,-2614923,2309,Ianovo,Kovno,Kovno,Pale,Kaunas,Kovno,,Kovna,Kaunas,Russian Empire,Soviet Union
664,MNS_RCH_KHNK,-2614938,2310,Ioganishkeli,Poneviezh,Kovno,Pale,Birzai,Kovno,,Poneviezh,Biržai,Russian Empire,Soviet Union
665,MNS_RCH_KHLM,-2614945,2312,Ianishki,Shavli,Kovno,Pale,Siauliai,Kovno,,Shavli,Šiauliai,Russian Empire,Soviet Union
666,MNS_BRS_KHLP,-505983,2313,Jordanów,Myslenice,Galicia,Galicia,Cracow,Galicia,Kraków,Myślenice,Maków,,Poland
667,PLT_KHR_KHRL,-506025,2314,Józefów,Pulawy,Lublin,Congress Poland,Lublin,Lublin,Lublin,Puławy,Puławy,,Poland
668,MGL_KLM_KHTM,-2614954,2315,Iasvoini,Kovno,Kovno,Pale,Kedainiai,Kovno,,Kovna,Kėdainiai,Russian Empire,Soviet Union
669,MGL_KLM_KHTV,-506020,2318,Józefów,Bilgoraj,Lublin,Congress Poland,Lublin,Lublin,Lublin,Bielgorai,Biłgoraj,Russian Empire,Poland
670,POD_GSN_KBLC,-2615086,2324,Iurburg,Rossieny,Kovno,Pale,Raseiniai,Kovno,,Rossieny,Raseiniai,Russian Empire,Soviet Union
671,KLC_KLC_KLC,-2918359,2328,Kadino,Mstislavl,Mogilev,Pale,Smolensk,Mogilev,Russian SSR,Mstislavl',Smolensk,Russian Empire,Soviet Union
672,PTR_LSK_KLCZ,-506327,2329,Kadzidlo-Koloniia,Ostrolenka,Lomza,Congress Poland,Bialystok,Łomża,Białystok,Ostrolenka,Ostrołęka,Russian Empire,Poland
673,VLN_SVN_KMLS,-1051133,2330,Khabno,Radomysl,Kiev,Pale,Kiev,Kiev,Ukraine SSR,Radomysl',Kiev,Russian Empire,Soviet Union
674,WRS_GST_KRNZ,-1040548,2331,Kagarlyk,Kiev,Kiev,Pale,Kiev,Kiev,Ukraine SSR,Kiev,Kiev,Russian Empire,Soviet Union
675,KIV_KIV_KV,-1040555,2332,Kakhovka,Aleshki,Taurida,Pale,Nikolaiev,Taurida,Ukraine SSR,Aleshki,Nikolaiev,Russian Empire,Soviet Union
676,PLC_LPN_KKL,-2615174,2336,Koshedary,Troki,Vilna,Pale,Troki,Vilna,,Troki,Trakai,,Soviet Union
677,VLH_OST_KLKV,-1040609,2341,Bolshaia Seidemenukha,Kherson,Kherson,Pale,Nikolaiev,Kherson,Russian SSR,Kherson,Nikolaiev,Russian Empire,Soviet Union
678,KHR_ELZ_ELSV,-1943716,2342,Kalenkovichi,Riechitsa,Minsk,Pale,Polesie,Minsk,Belarus SSR,Riechitsa,Polesie,Russian Empire,Soviet Union
679,VLH_VLD_KSLK,-1040644,2343,Kalinovka,Vinnitsa,Podolia,Pale,Vinnitsa,Podolia,Ukraine SSR,Vinnitsa,Vinnitsa,Russian Empire,Soviet Union
680,KIV_LPV_KTGR,-506479,2345,Kalisz,Kalisz,Kalisz,Congress Poland,Lodz,Kalisz,Łódż,Kalish,Kalisz,Russian Empire,Poland
681,POD_NVU_KTGR,-506479,2348,Kalisz,Kalisz,Kalisz,Congress Poland,Pomerania,Kalisz,Łódż,Kalish,Kalisz,Russian Empire,Poland
682,VLH_LTS_KVRT,-1040689,2350,Kalnibolot,Elizavetgrad,Kherson,Pale,Kirovograd,Kherson,Ukraine SSR,Elizavetgrad,Kirovograd,Russian Empire,Soviet Union
683,MNS_SLT_KLTS,-2615229,2353,Koltyniany,Rossieny,Kovno,Pale,Taurage,Kovno,,Rossieny,Tauragė,Russian Empire,Soviet Union
684,VLH_RVN_KLSV,-1040706,2355,Kalius,Novaia Ushitsa,Podolia,Pale,Kamenets-Podolski,Podolia,Ukraine SSR,Novaia Ushitsa,Kamenets-Podolski,Russian Empire,Soviet Union
685,VLH_RVN_KLVN,,2356,Kaluska Wola,Minsk Mazowiecki,Warszawa,Congress Poland,Warsaw,,,,,,
686,RDM_SND_KLMN,-1040700,2357,Kałusz,Kalusz,Galicia,Galicia,Stanislawow,Galicia,Stanisławów,Kałusz,Kałusz,,Soviet Union
687,MGL_KLM_KLMV,-2615230,2359,Kalvariia,Kalvariia,Suwalki,Congress Poland,Marijampole,Suwałki,,Kal'variia,Marijampolė,Russian Empire,Soviet Union
689,CRN_NVZ_KLMV,-2615249,2361,Komai,Novoaleksandrovsk,Kovno,Pale,Rokiskis,Kovno,,Novoaleksandrovsk,Rokiškis,Russian Empire,Soviet Union
690,SDL_RDZ_KMRW,-1943753,2362,Kamen,Lepel,Vitebsk,Pale,Vitebsk,Vitebsk,Belarus SSR,Lepel',Vitebsk,Russian Empire,Soviet Union
691,GLC_STN_KNHY,-1040849,2364,Kamenets-Podolsk,Kamenets-Podolsk,Podolia,Pale,Kamenets-Podolski,Podolia,Ukraine SSR,Kamenets-Podol'sk,Kamenets-Podolski,Russian Empire,Soviet Union
692,GRD_KBR_KBRN,-2276196,2365,Kamenka,Olgopol,Podolia,Pale,,Podolia,Moldavian ASSR,Ol'gopol',,Russian Empire,Soviet Union
693,PRU_PSN_KBYL,-1040747,2366,Kamenka,Cherkasy,Kiev,Pale,Kirovograd,Kiev,Ukraine SSR,Cherkasy,Kirovograd,Russian Empire,Soviet Union
694,VLN_SVN_KBYL,-1040807,2368,Kamennyi Brod,Novograd-Volynskii,Volhynia,Pale,Zhitomir,Volhynia,Ukraine SSR,Novograd-Volynskii,Zhitomir,Russian Empire,Soviet Union
695,SDL_LKV_KCK,-506552,2370,Kamień,Nisko,Galicia,Galicia,Lwow,Galicia,Lwów,Nisko,Nisko,Austrian Empire,Poland
696,SDL_BLA_KDN,-506582,2371,Kamieńczyk,Radzymin,Siedlce,Congress Poland,Warsaw,Siedlce,Warszawa,Vengrov,Radzymin,Russian Empire,Poland
2770,VLH_ZHT_KDN,-1756500,2372,Chemnitz,Sachsen,Prussia,,Silesia,Sachsen,Sachsen,,,,Germany
697,POD_BLT_KDYM,-1040774,2374,Kamen-Kashirsk,Kovel,Volhynia,Pale,Volhynia,Volhynia,Polesie,Kovel',Kamień Koszyrski,Russian Empire,Soviet Union
698,PRU_OST_KNGS,-506692,2375,Kamieńsk,Piotrkow,Piotrkow,Congress Poland,Lodz,Piotrków,Łódż,Petrokov,Piotrków,Russian Empire,Poland
699,PRU_PMM_KSLN,-1943775,2377,Kamenka,Grodno,Grodno,Pale,Bialystok,Grodno,Białystok,Grodna,Grodno,Russian Empire,Soviet Union
700,MGL_ORS_KKHN,-506741,2378,Kamionka,Lubartow,Lublin,Congress Poland,Lublin,Lublin,Lublin,Lubartów,Lubartów,,Poland
701,LVL_RIG_KKNG,-1040772,2379,Kamionka Strumiłowa,Kamionka,Galicia,Galicia,Tarnopol,Galicia,Tarnopol,Kamionka Strumiłowa,Kamionka Strumiłowa,,Soviet Union
702,GLC_CRC_KLCZ,-506816,2382,Kamyk,Czestochowa,Piotrkow,Congress Poland,Kielce,Piotrków,Kielce,Chenstokhov,Częstochowa,Russian Empire,Poland
703,PRU_PMM_KLBR,-506823,2383,Kańczuga,Lancut,Galicia,Galicia,Lwow,Galicia,Lwów,Łańcut,Przeworsk,,Poland
704,WRS_NWM_KLBL,-3209286,2384,Kandava,Talsen,Courland,Mainland Russia,Courland,Courland,Kurzeme,Tal'sen,Talsi,Russian Empire,Soviet Union
705,GLC_LWW_KLBS,-1040899,2385,Kanev,Kanev,Kiev,Pale,Kiev,Kiev,Ukraine SSR,Kanev,Kiev,Russian Empire,Soviet Union
706,VLH_LTS_KLK,-1051516,2386,Kantakuzovka,Ananev,Kherson,Pale,Odessa,Kherson,Ukraine SSR,Anan'ev,Odessa,Russian Empire,Soviet Union
707,LMZ_KLN_KLN,-2615296,2388,Koptsiovo,Seiny,Suwalki,Congress Poland,Sejny,Suwałki,,Seiny,Seinai,Russian Empire,Soviet Union
708,KLS_KLO_KL,-1035201,2395,Karasubazar,Simferopol,Taurida,Pale,Crimea,Taurida,Ukraine SSR,Simferopol',Crimea,Russian Empire,Soviet Union
709,GLC_STN_KLMY,-506916,2398,Karczew,Minsk Mazowiecki,Warszawa,Congress Poland,Warsaw,Warszawa,Warszawa,Novo-Minsk,Warszawa,Russian Empire,Poland
710,VLN_SVN_KLTY,-3209345,2406,Korsovka,Liutsin,Vitebsk,Pale,Latgale,Vitebsk,Latgale,Liutsin,Ludza,Russian Empire,Soviet Union
2705,PTR_LSK_KLMN,,2407,Karvina,Schlesien,Prussia,,Silesia,,,,,,
711,VTB_VTB_KLYS,-1041127,2413,Kashovka,Kovel,Volhynia,Pale,Volhynia,Volhynia,Wołyń,Kovel',Kowel,Russian Empire,Soviet Union
712,POD_LMP_KMRG,-1041175,2414,Katerburg,Kremenets,Volhynia,Pale,Volhynia,Volhynia,Wołyń,Kremenets,Krzemieniec,Russian Empire,Soviet Union
713,MNS_RCH_KMRN,-1041165,2416,Ekaterinopol,Zvenigorodka,Kiev,Pale,Kiev,Kiev,Ukraine SSR,Zvenigorodka,Kiev,Russian Empire,Soviet Union
2721,GLC_LWW_KMRN,-507224,2418,Katowice,Schlesien,Prussia,,Silesia,Preußen,Sląsk,Schlesien,Katowice,Germany,Poland
2699,LBL_LBR_KMRW,,2419,Katscher,Schlesien,Prussia,,Upper Silesia,,,,,,
714,KIV_BRD_MKHN,-3039599,2420,Kaukehmen,Nizina,Preussen,Prussia,East Prussia,Preußen,Preußen,Ostpreußen,Ostpreußen,,Soviet Union
715,POD_BLT_KNTS,-2615427,2421,Kovno,Kovno,Kovno,Pale,Kaunas,Kovno,,Kovna,Kaunas,Russian Empire,Soviet Union
716,PTR_NVR_KNCP,-2615439,2424,Kovarsk,Vilkomir,Kovno,Pale,Ukmerge,Kovno,,Vil'komir,Ukmergė,Russian Empire,Soviet Union
717,KLS_KNN_KNN,,2425,Kaweczyn Sedziszowski,Ropczyce,Galicia,Galicia,Cracow,,,,,,
718,RDM_KNS_KNSK,-507341,2427,Kazanów,Ilza,Radom,Congress Poland,Kielce,Radom,Kielce,Iłża,Iłża,,Poland
719,WRS_WRS_KNST,-1041229,2428,Kazatin,Berdichev,Kiev,Pale,Vinnitsa,Kiev,Ukraine SSR,Berdichev,Vinnitsa,Russian Empire,Soviet Union
720,PTR_LDZ_KNST,-507369,2429,Kazimierza Wielka,Pinczow,Kielce,Congress Poland,Kielce,Kielce,Kielce,Pinchov,Pińczów,Russian Empire,Poland
721,SDL_KNS_KNST,-507371,2430,Kazimierz Dolny,Pulawy,Lublin,Congress Poland,Lublin,Lublin,Lublin,Puławy,Puławy,,Poland
722,VLH_LTS_KPCH,-2615457,2431,Kozlova Ruda,Mariampol,Suwalki,Congress Poland,Marijampole,Suwałki,,Mariampol',Marijampolė,Russian Empire,Soviet Union
723,MNS_MZY_KPTK,,2432,Kcynia,Szubin,Preussen,Prussia,Poznan,,,,,,
724,POD_MGL_KPGR,-2615471,2437,Keidany,Kovno,Kovno,Pale,Kedainiai,Kovno,,Kovna,Kėdainiai,Russian Empire,Soviet Union
725,RDM_OPT_KPRZ,-2615486,2440,Kelmy,Rossieny,Kovno,Pale,Raseiniai,Kovno,,Rossieny,Raseiniai,Russian Empire,Soviet Union
726,GLC_TRN_KPYC,-506529,2444,Kalwarya Zebrzydowska,Wadowice,Galicia,Galicia,Poznan,Galicia,Kraków,Wadowice,Wadowice,Austrian Empire,Poland
727,MNS_SLT_KPYL,-1041277,2446,Kerch,Kerch,Taurida,Pale,Crimea,Taurida,Ukraine SSR,Kerch',Crimea,Russian Empire,Soviet Union
728,MGL_GRK_KPYS,-507514,2454,Kęty,Biala,Galicia,Galicia,Cracow,Galicia,Kraków,Biała,Biała,,Poland
729,GLC_LWW_KRCZ,-1041320,2456,Kharkov,Kharkov,Kharkov,Mainland Russia,Kharkov,Kharkov,Ukraine SSR,Khar'kov,Kharkov,Russian Empire,Soviet Union
730,MNS_NVG_KRLC,-1041550,2458,Khashchevata,Gaisin,Podolia,Pale,Odessa,Podolia,Ukraine SSR,Gaisin,Odessa,Russian Empire,Soviet Union
731,CRN_SSN_KRKV,-1041356,2459,Kherson,Kherson,Kherson,Pale,Nikolaiev,Kherson,Ukraine SSR,Kherson,Nikolaiev,Russian Empire,Soviet Union
732,MGL_RGC_KRM,-2925583,2460,Khislavichi,Mstislavl,Mogilev,Pale,Smolensk,Mogilev,Russian SSR,Mstislavl',Smolensk,Russian Empire,Soviet Union
733,KIV_SKV_KRNN,-1041424,2462,Khmielnik,Litin,Podolia,Pale,Vinnitsa,Podolia,Ukraine SSR,Litin,Vinnitsa,Russian Empire,Soviet Union
734,VLH_ZSL_KRNT,-1041445,2463,Khodaki,Ovruch,Volhynia,Pale,Zhitomir,Volhynia,Ukraine SSR,Ovruch,Zhitomir,Russian Empire,Soviet Union
735,GLC_TRN_KRLW,-1041450,2464,Khodorkov,Skvira,Kiev,Pale,Zhitomir,Kiev,Ukraine SSR,Skvira,Zhitomir,Russian Empire,Soviet Union
736,PRU_PSN_KRNA,-1944105,2465,Khoiniki,Riechitsa,Minsk,Pale,Polesie,Minsk,Belarus SSR,Riechitsa,Polesie,Russian Empire,Soviet Union
737,CRN_KRL_KRP,-1944027,2468,Kholmech,Riechitsa,Minsk,Pale,Gomel,Minsk,Belarus SSR,Riechitsa,Gomel,Russian Empire,Soviet Union
738,GLC_TRN_KRPC,-1944043,2469,Kholopenichi,Borisov,Minsk,Pale,Minsk,Minsk,Belarus SSR,Borisov,Minsk,Russian Empire,Soviet Union
739,VLH_OVR_ISKR,-1041516,2471,Khorol,Khorol,Poltava,Pale,Poltava,Poltava,Ukraine SSR,Khorol,Poltava,Russian Empire,Soviet Union
740,KIV_RDM_KRST,-1944086,2472,Khotimsk,Klimovichi,Mogilev,Pale,Mogilev,Mogilev,Belarus SSR,Klimovichi,Mogilev,Russian Empire,Soviet Union
741,KIV_KNV_KRSN,-1944097,2473,Khotovizh,Klimovichi,Mogilev,Pale,Mogilev,Mogilev,Belarus SSR,Klimovichi,Mogilev,Russian Empire,Soviet Union
742,VLH_KVL_KRTL,-1043997,2475,Kiblich,Gaisin,Podolia,Pale,Vinnitsa,Podolia,Ukraine SSR,Gaisin,Vinnitsa,Russian Empire,Soviet Union
743,VLH_NVG_KRTS,-507561,2477,Kielce,Kielce,Kielce,Congress Poland,Kielce,Kielce,Kielce,Kiel'tsy,Kielce,Russian Empire,Poland
744,POD_LMP_VLKK,,2478,Kielczyglow,Wielun,Piotrkow,Congress Poland,Lodz,,,,,,
745,GLC_STN_KSW,-1943745,2479,Kemelishki,Sventsiany,Vilna,Pale,Vilna,Vilna,Wilno,Sventsiany,Święciany,,Soviet Union
746,SDL_SKL_KSSW,-507637,2480,Kiernozia,Gostyn,Warszawa,Congress Poland,Warsaw,Warszawa,Warszawa,Gostynin,Łowicz,Russian Empire,Poland
747,GRD_SLN_KSSV,-1044367,2481,Kiev,Kiev,Kiev,Pale,,Kiev,Ukraine SSR,Kiev,Kiev,Russian Empire,Soviet Union
748,VLH_RVN_KSTP,-507725,2483,Kikół,Lipno,Plock,Congress Poland,Warsaw,Płock,Warszawa,Lipno,Lipno,Russian Empire,Poland
749,MGL_KLM_KSTK,-1041921,2484,Kilikiev,Ostrog,Volhynia,Pale,Kamenets-Podolski,Volhynia,Ukraine SSR,Ostrog,Kamenets-Podolski,Russian Empire,Soviet Union
750,KLC_PNC_KSZY,-1041993,2495,Elisavetgrad,Elizavetgrad,Kherson,Pale,Kirovograd,Kherson,Ukraine SSR,Elizavetgrad,Kirovograd,Russian Empire,Soviet Union
751,LBL_LBR_KTN,-1042031,2499,Kiselik,Vladimir-Volynskii,Volhynia,Pale,Volhynia,Volhynia,Wołyń,Vladimir-Volynskii,Horochów,Russian Empire,Soviet Union
752,MNS_BBR_KVCH,-1042066,2515,Kitaigorod,Lipovets,Kiev,Pale,Vinnitsa,Kiev,Ukraine SSR,Lipovets,Vinnitsa,Russian Empire,Soviet Union
753,WRS_VLT_KWL,-1042064,2516,Kitaigorod,Novaia Ushitsa,Podolia,Pale,Kamenets-Podolski,Podolia,Ukraine SSR,Novaia Ushitsa,Kamenets-Podolski,Russian Empire,Soviet Union
754,KLS_TRK_KWLP,-1042075,2519,Kivertsy,Lutsk,Volhynia,Pale,Volhynia,Volhynia,Wołyń,Lutsk,Łuck,Russian Empire,Soviet Union
755,VLH_KVL_KVL,-1944253,2523,Kletsk,Slutsk,Minsk,Pale,Nowogrodek,Minsk,Nowogródek,Slutsk,Nieśwież,Russian Empire,Soviet Union
756,MNS_PNS_KZHN,-1042140,2535,Klesov,Rovno,Volhynia,Pale,Volhynia,Volhynia,Polesie,Rovno,Sarny,Russian Empire,Soviet Union
757,CRN_KZL_KZLT,-1042145,2540,Klevan,Rovno,Volhynia,Pale,Volhynia,Volhynia,Wołyń,Rovno,Równe,Russian Empire,Soviet Union
758,VLN_DSN_KZNY,-507955,2543,Klimontów,Sandomierz,Radom,Congress Poland,Kielce,Radom,Kielce,Sandomir,Sandomierz,Russian Empire,Poland
759,RDM_KNS_KZGL,-1944265,2544,Klimovichi,Klimovichi,Mogilev,Pale,Mogilev,Mogilev,Belarus SSR,Klimovichi,Mogilev,Russian Empire,Soviet Union
760,VLH_DBN_KZN,-2929365,2545,Klimov,Novozybkov,Chernigov,Pale,Oriol,Chernigov,Russian SSR,Novozybkov,Oriol,Russian Empire,Soviet Union
761,GLC_TRN_KZLW,-509370,2554,Komarówka,Radzyn,Siedlce,Congress Poland,Stanislawow,Siedlce,Lublin,Radzyń,Radzyń,,Poland
762,GRD_SLN_KZLV,-1042227,2556,Knihynicze,Rohatyn,Galicia,Galicia,Stanislawow,Galicia,Stanisławów,Rohatyn,Rohatyn,Austrian Empire,Soviet Union
763,PRU_PSN_KSCH,-1944322,2563,Kobrin,Kobrin,Grodno,Pale,Polesie,Grodno,Polesie,Kobrin,Kobryń,Russian Empire,Soviet Union
764,KLS_KLS_KZMN,-508267,2565,Kobylin,Krotoszyn,Preussen,Prussia,Poznan,Preußen,Poznań,Posen,Krotoszyn,Germany,Poland
765,GLC_TRN_KZW,-1946657,2566,Kobylnik,Sventsiany,Vilna,Pale,Vilna,Vilna,Wilno,Sventsiany,Postawy,,Soviet Union
2685,VLN_VLK_KRSK,,2567,Kocborowo,Pommern,Prussia,,Pomerania,,,,,,
766,KLC_KLC_KRJN,-508378,2568,Kock,Lukow,Siedlce,Congress Poland,Lublin,Siedlce,Lublin,Lukov,Łuków,Russian Empire,Poland
767,KVN_KVN_KRK,-508399,2570,Kodeń,Biala,Siedlce,Congress Poland,Lublin,Siedlce,Lublin,Biela,Biała Podlaska,Russian Empire,Poland
768,GLC_LWW_KRKW,-1042311,2571,Kodnia,Zhitomir,Volhynia,Pale,Zhitomir,Volhynia,Ukraine SSR,Zhitomir,Zhitomir,Russian Empire,Soviet Union
769,VLH_ZHT_PLNY,-1042313,2573,Kodyma,Balta,Podolia,Pale,Moldavia,Podolia,Moldavian ASSR,Balta,,Russian Empire,Soviet Union
770,VLH_STR_KRSL,-2918852,2577,Königsberg,Krolewiec,Preussen,Prussia,East Prussia,Preußen,Preußen,Ostpreußen,Ostpreußen,,Soviet Union
771,VTB_DVN_KRSL,-510109,2583,Köslin,Pommern,Preussen,Prussia,Pomerania,Preußen,Preußen,Pommern,Pommern,Germany,Poland
772,CRN_SRZ_PPVG,-1944344,2588,Kokhanovo,Orsha,Mogilev,Pale,Vitebsk,Mogilev,Belarus SSR,Orsha,Vitebsk,Russian Empire,Soviet Union
773,MNS_SLT_VYZN,-3209638,2589,Kokengauzen,Riga,Livland,Mainland Russia,Livonia,Livland,Vidzeme,Riga,Rīga,Russian Empire,Soviet Union
774,VLN_VLK_KRSN,-508446,2590,Kołaczyce,Jaslo,Galicia,Galicia,Cracow,Galicia,Kraków,Jasło,Jasło,,Poland
775,LBL_KRS_KRSN,-508542,2592,Kolberg,Pommern,Preussen,Prussia,Pomerania,Preußen,Preußen,Pommern,Pommern,Germany,Poland
776,POD_BLT_OKNY,-508476,2593,Kołbiel,Minsk Mazowiecki,Warszawa,Congress Poland,Warsaw,Warszawa,Warszawa,Novo-Minsk,Mińsk Mazowiecki,Russian Empire,Poland
777,EKT_BKH_GRSH,-508481,2594,Kolbuszowa,Kolbuszowa,Galicia,Galicia,Lwow,Galicia,Lwów,Kolbuszowa,Kolbuszowa,Austrian Empire,Poland
778,PLT_KNS_KNST,-1042370,2596,Kolki,Lutsk,Volhynia,Pale,Volhynia,Volhynia,Wołyń,Lutsk,Łuck,Russian Empire,Soviet Union
779,SNP_TSR_GTCH,-508530,2597,Kolno,Kolno,Lomza,Congress Poland,Bialystok,Łomża,Białystok,Kol'no,Kolno,Russian Empire,Poland
780,MNS_BRS_KRSN,-508539,2598,Koło,Kolo,Kalisz,Congress Poland,Lodz,Kalisz,Łódż,Kolo,Koło,Russian Empire,Poland
781,MGL_CHR_KRSN,-1042414,2601,Kołomyja,Kolomyja,Galicia,Galicia,Stanislawow,Galicia,Stanisławów,Kołomyja,Kołomyja,,Soviet Union
782,EKT_ALK_KRSN,-2615227,2605,Koltyniany,Sventsiany,Vilna,Pale,Vilna,Vilna,Wilno,Sventsiany,Święciany,,Soviet Union
783,LMZ_MKV_KRSN,,2606,Kolumna,Lask,Piotrkow,Congress Poland,Lodz,,,,,,
784,VLH_NVG_KRSN,-1944417,2608,Kolyshki,Vitebsk,Vitebsk,Pale,Vitebsk,Vitebsk,Belarus SSR,Vitebsk,Vitebsk,Russian Empire,Soviet Union
785,POD_LMP_KRSN,-1042536,2610,Komargorod,Lampol,Podolia,Pale,Vinnitsa,Podolia,Ukraine SSR,Iampol',Vinnitsa,Russian Empire,Soviet Union
786,KVN_RSS_KRZH,-1944422,2612,Komarin,Riechitsa,Minsk,Pale,Polesie,Minsk,Belarus SSR,Riechitsa,Polesie,Russian Empire,Soviet Union
787,GLC_STN_KRCH,-1042541,2613,Komarno,Rudki,Galicia,Galicia,Lwow,Galicia,Lwów,Rudki,Rudki,Austrian Empire,Soviet Union
788,KVN_PNV_KRKN,,2617,Komarowka,Wlodawa,Lublin,Congress Poland,Lublin,,,,,,
789,PLT_KRM_KRMN,-1042625,2620,Makhnovka,Berdichev,Kiev,Pale,Vinnitsa,Kiev,Ukraine SSR,Berdichev,Vinnitsa,Russian Empire,Soviet Union
790,KVN_TLS_KRTN,-1042652,2622,Konetspol,Balta,Podolia,Pale,Odessa,Podolia,Ukraine SSR,Balta,Odessa,Russian Empire,Soviet Union
791,VLN_OSH_KRV,-509520,2623,Koniecpol,Wloszczowa,Piotrkow,Congress Poland,Lodz,Piotrków,Łódż,Novoradomsk,Radomsko,Russian Empire,Poland
792,MGL_CHR_KRCH,-509537,2624,Konin,Konin,Kalisz,Congress Poland,Lodz,Kalisz,Łódż,Konin,Konin,Russian Empire,Poland
793,KHR_ALK_NVGR,-509610,2626,Końskie,Konskie,Radom,Congress Poland,Lodz,Radom,Kielce,Konsk,Końskie,Russian Empire,Poland
2700,KVN_SHV_KRK,,2628,Konstadt,Schlesien,Prussia,,Upper Silesia,,,,,,
794,KHR_KHR_KRVR,,2629,Konstancinek,Warszawa,Warszawa,Congress Poland,Warsaw,,,,,,
795,PRU_WST_KRJN,-509635,2630,Konstantynów,Lodz,Piotrkow,Congress Poland,Lodz,Piotrków,Łódż,Lodz',Łódź,Russian Empire,Poland
796,CRN_KRL_KRLV,-509626,2632,Konstantynów,Konstantynow,Siedlce,Congress Poland,Lublin,Siedlce,Lublin,Konstantynów,Konstantynów,,Poland
797,KLC_OLK_KRML,-1042753,2635,Kopachevka,Lutsk,Volhynia,Pale,Volhynia,Volhynia,Wołyń,Lutsk,Łuck,Russian Empire,Soviet Union
798,GLC_LWW_KRSC,-1944497,2637,Kopatkevichi,Mozyr,Minsk,Pale,Polesie,Minsk,Belarus SSR,Mozyr',Polesie,Russian Empire,Soviet Union
799,GLC_CRC_KRSC,-1042774,2638,Kopaigorod,Mogilev,Podolia,Pale,Vinnitsa,Podolia,Ukraine SSR,Mogilev,Vinnitsa,Russian Empire,Soviet Union
800,WRS_KTN_KRSN,-509734,2640,Koprzywnica,Sandomierz,Radom,Congress Poland,Kielce,Radom,Kielce,Opatov,Sandomierz,Russian Empire,Poland
801,PRU_PSN_KRTS,-1042792,2642,Kopyczyńce,Husiatyn,Galicia,Galicia,Tarnopol,Galicia,Tarnopol,Husiatyń,Kopyczyńce,,Soviet Union
802,MGL_MGL_KRCH,-1944511,2643,Kopyl,Slutsk,Minsk,Pale,Minsk,Minsk,Belarus SSR,Slutsk,Minsk,Russian Empire,Soviet Union
803,MGL_MGL_KRGL,-1944518,2644,Kopys,Gorki,Mogilev,Pale,Vitebsk,Mogilev,Belarus SSR,Gorki,Vitebsk,Russian Empire,Soviet Union
804,GLC_LWW_KRKN,-509777,2646,Korczyna,Krosno,Galicia,Galicia,Lwow,Galicia,Lwów,Krosno,Krosno,Austrian Empire,Poland
805,MGL_SNN_KRPK,-1944528,2647,Korelichi,Novogrudok,Minsk,Pale,Nowogrodek,Minsk,Nowogródek,Novogrudok,Nowogródek,Russian Empire,Soviet Union
806,VTB_DVN_KRTS,-1042969,2649,Kariukovka,Sosnitsa,Chernigov,Pale,Chernigov,Chernigov,Ukraine SSR,Sosnitsa,Chernigov,Russian Empire,Soviet Union
807,VLH_RVN_KRCH,-1944550,2650,Korma,Rogachev,Mogilev,Pale,Gomel,Mogilev,Belarus SSR,Rogachev,Gomel,Russian Empire,Soviet Union
808,KHR_ALK_NVGR_2,-1042859,2653,Kornin,Skvira,Kiev,Pale,Zhitomir,Kiev,Ukraine SSR,Skvira,Zhitomir,Russian Empire,Soviet Union
809,GLC_CRC_KRYN,-1042861,2654,Kornitsa,Zaslavl,Volhynia,Pale,Kamenets-Podolski,Volhynia,Ukraine SSR,Zaslavl',Kamenets-Podolski,Russian Empire,Soviet Union
810,GLC_LWW_KRYS,-1049241,2656,Korolówka,Brody,Galicia,Galicia,Tarnopol,Galicia,Tarnopol,Borszczów,Borszczów,,Soviet Union
811,POD_BLT_KRVO,-509807,2657,Krone an der Brahe,Bydgoszcz,Preussen,Prussia,Poznan,Preußen,Poznań,Posen,Bydgoszcz,Germany,Poland
812,POD_OLG_KRYZ,-1042893,2658,Korop,Krolevets,Chernigov,Pale,Chernigov,Chernigov,Ukraine SSR,Krolevets,Chernigov,Russian Empire,Soviet Union
813,VLH_KRM_KRMN,-1042894,2659,Koropiec,Buczacz,Galicia,Galicia,Tarnopol,Galicia,Tarnopol,Tłumacz,Buczacz,,Soviet Union
814,PTR_CHN_KRZP,-1042907,2661,Iskorost,Ovruch,Volhynia,Pale,Zhitomir,Volhynia,Ukraine SSR,Ovruch,Zhitomir,Russian Empire,Soviet Union
815,LBL_BLG_KRZS,-1042923,2662,Korostyshev,Radomysl,Kiev,Pale,Zhitomir,Kiev,Ukraine SSR,Radomysl',Zhitomir,Russian Empire,Soviet Union
816,GLC_CRC_KRZS,-1042950,2665,Korsun,Kanev,Kiev,Pale,Kiev,Kiev,Ukraine SSR,Kanev,Kiev,Russian Empire,Soviet Union
817,GLC_LWW_KRZY,-1042954,2666,Kortelisy,Kovel,Volhynia,Pale,Volhynia,Volhynia,Wołyń,Kovel',Kowel,Russian Empire,Soviet Union
818,GLC_TRN_KRZY,-1042840,2669,Korets,Novograd-Volynskii,Volhynia,Pale,Volhynia,Volhynia,Wołyń,Novograd-Volynskii,Równe,Russian Empire,Soviet Union
819,VLN_VLK_KRVC,-1057608,2672,Velikaia Kosnitsa,Lampol,Podolia,Pale,Vinnitsa,Podolia,Ukraine SSR,Iampol',Vinnitsa,Russian Empire,Soviet Union
820,KLC_MKH_KSZW,-1043044,2676,Kosów,Kosow,Galicia,Galicia,Stanislawow,Galicia,Stanisławów,Kosów,Kosów,,Soviet Union
821,VTB_LPL_KBLC,-510039,2677,Kossów,Sokolow,Siedlce,Congress Poland,Lublin,Siedlce,Lublin,Sokolov,Sokołów,Russian Empire,Poland
822,SWL_VLD_VLDS,-1944638,2678,Kossovo,Slonim,Grodno,Pale,Polesie,Grodno,Polesie,Slonim,Kossów,Russian Empire,Soviet Union
823,GLC_STN_KLCZ,-1043071,2681,Kostopol,Rovno,Volhynia,Pale,Volhynia,Volhynia,Wołyń,Rovno,Kostopol,Russian Empire,Soviet Union
824,VLH_STR_KLCH,-1944659,2682,Kostiukovichi,Klimovichi,Mogilev,Pale,Mogilev,Mogilev,Belarus SSR,Klimovichi,Mogilev,Russian Empire,Soviet Union
825,KVN_TLS_KL,-510152,2684,Koszyce,Pinczow,Kielce,Congress Poland,Kielce,Kielce,Kielce,Pinchov,Pińczów,Russian Empire,Poland
826,GLC_LWW_KLKW,,2691,Kotun,Siedlce,Lublin,Congress Poland,Lublin,,,,,,
827,VLH_OST_KNV,-1944700,2692,Kovchitsy II,Bobruisk,Minsk,Pale,Polesie,Minsk,Belarus SSR,Bobruisk,Polesie,Russian Empire,Soviet Union
828,RDM_SND_KNW,-510236,2693,Kowal,Wloclawek,Warszawa,Congress Poland,Warsaw,Warszawa,Warszawa,Vlotslavsk,Włocławek,Russian Empire,Poland
829,VLH_STR_KPL,-510262,2694,Kowale Pańskie,Turek,Kalisz,Congress Poland,Lodz,Kalisz,Łódż,Turek,Turek,Russian Empire,Poland
830,KHR_KPN_KPNS,-1043191,2695,Kovel,Kovel,Volhynia,Pale,Volhynia,Volhynia,Wołyń,Kovel',Kowel,Russian Empire,Soviet Union
831,POD_KMN_KPN,-1944729,2696,Kozhan-Gorodok,Pinsk,Minsk,Pale,Polesie,Minsk,Polesie,Pinsk,Łuniniec,Russian Empire,Soviet Union
832,KVN_VLK_KPSH,-1043235,2697,Kozelets,Kozelets,Chernigov,Pale,Chernigov,Chernigov,Ukraine SSR,Kozelets,Chernigov,Russian Empire,Soviet Union
833,LVL_ARN_ARNS,-1944771,2699,Koziany-I,Disna,Vilna,Pale,Vilna,Vilna,Wilno,Disna,Brasław,,Soviet Union
834,KVN_VLK_KRKL,,2700,Kozieglowy,Bedzin,Radom,Congress Poland,Kielce,,,,,,
835,LBL_PLW_KRW,-1043252,2702,Kozin,Dubno,Volhynia,Pale,Volhynia,Volhynia,Wołyń,Dubno,Dubno,Russian Empire,Soviet Union
836,KVN_SHV_KRSH,-1043268,2704,Kozłów,Brzezany,Galicia,Galicia,Tarnopol,Galicia,Tarnopol,Brzeżany,Tarnopol,,Soviet Union
837,GLC_LWW_KRYL,-1944756,2705,Kozlovshchina,Slonim,Grodno,Pale,Nowogrodek,Grodno,Nowogródek,Slonim,Słonim,Russian Empire,Soviet Union
838,KLC_WLS_KRZL,-510514,2706,Koschmin,Kozmin,Preussen,Prussia,Poznan,Preußen,Poznań,Posen,Koźmin,Germany,Poland
839,VLN_VLK_KRNT,-510517,2707,Koźminek,Kalisz,Kalisz,Congress Poland,Lodz,Kalisz,Łódż,Kalisz,Kalisz,,Poland
840,WRS_KTN_KTN,-1043283,2708,Kozowa,Brzezany,Galicia,Galicia,Tarnopol,Galicia,Tarnopol,Brzeżany,Brzeżany,,Soviet Union
841,GLC_STN_KTY,-1944908,2709,Kraisk,Vileika,Vilna,Pale,Minsk,Vilna,Belarus SSR,Vileika,Minsk,,Soviet Union
842,POD_PRS_KZMN,-510614,2710,Krajno,Kielce,Kielce,Congress Poland,Kielce,Kielce,Kielce,Kielce,Kielce,,Poland
843,VLH_STR_KZMN,-2615723,2711,Kroki,Kovno,Kovno,Pale,Keidani,Kovno,,Kovna,Kėdainiai,Russian Empire,Soviet Union
844,KVN_RSS_KNST,-1043295,2712,Krakowiec,Jaworow,Galicia,Galicia,Lwow,Galicia,Lwów,Jaworów,Jaworów,,Soviet Union
845,SWL_VLK_KBRT,-1037237,2717,Puliny,Zhitomir,Volhynia,Pale,Zhitomir,Volhynia,Ukraine SSR,Zhitomir,Zhitomir,Russian Empire,Soviet Union
846,PRU_PMM_LBS,-1043316,2718,Krasilov,Starokonstantinov,Volhynia,Pale,Kamenets-Podolski,Volhynia,Ukraine SSR,Starokonstantinov,Kamenets-Podolski,Russian Empire,Soviet Union
847,PRU_OST_LB,-3209702,2719,Kreslavka,Dvinsk,Vitebsk,Pale,Latgale,Vitebsk,Latgale,Dvinsk,Daugavpils,Russian Empire,Soviet Union
848,PRU_PSN_LBSC,-2935823,2720,Popova Gora,Surazh,Chernigov,Pale,Oriol,Chernigov,Russian SSR,Surazh,Oriol,Russian Empire,Soviet Union
849,GLC_CRC_MCJW,-1944807,2721,Vyzna,Slutsk,Minsk,Pale,Minsk,Minsk,Belarus SSR,Slutsk,Minsk,Russian Empire,Soviet Union
850,VLH_ZSL_LBN,-1944857,2723,Krasnoe,Vileika,Vilna,Pale,Vilna,Vilna,Wilno,Vileika,Mołodeczno,,Soviet Union
851,MNS_SLT_LKHV,-510722,2724,Kraśniczyn,Krasnystaw,Lublin,Congress Poland,Lublin,Lublin,Lublin,Krasnostav,Krasnystaw,Russian Empire,Poland
852,MNS_MZY_LKHV,-9022061,2727,Okny,Balta,Podolia,Pale,Moldavia,,,,,,
853,GLC_STN_LCKS,-1043387,2728,Grishino,Bakhmut,Ekaterinoslav,Mainland Russia,Stalino,Ekaterinoslav,Ukraine SSR,Bakhmut,Stalino,Russian Empire,Soviet Union
854,GLC_CRC_LCK,-1043421,2733,Konstantinograd,Konstantinograd,Poltava,Pale,Kharkov,Poltava,Ukraine SSR,Konstantinograd,Kharkov,Russian Empire,Soviet Union
855,KIV_UMN_LDYZ,-2908111,2734,Gatchina,Tsarskoe Selo,Sankt-Peterburg,Mainland Russia,Leningrad,Sankt-Peterburg,Russian SSR,Tsarskoe Selo,Leningrad,Russian Empire,Soviet Union
856,POD_GSN_LDYZ,-1944840,2735,Krasnoluki,Borisov,Minsk,Pale,Minsk,Minsk,Belarus SSR,Borisov,Minsk,Russian Empire,Soviet Union
857,RDM_OPT_LGW,-1944842,2737,Krasnopole,Cherikov,Mogilev,Pale,Mogilev,Mogilev,Belarus SSR,Cherikov,Mogilev,Russian Empire,Soviet Union
858,KVN_SHV_LZHV,-1043475,2738,Krasnoselka,Aleksandrovsk,Ekaterinoslav,Mainland Russia,Zaporozhe,Ekaterinoslav,Ukraine SSR,Aleksandrovsk,Zaporozhe,Russian Empire,Soviet Union
859,VLH_OST_LKHV,-510753,2739,Krasnosielc,Makow,Lomza,Congress Poland,Warsaw,Łomża,Warszawa,Makov,Maków,Russian Empire,Poland
860,GLC_LWW_LNCT,-1043500,2740,Krasnostav,Novograd-Volynskii,Volhynia,Pale,Kamenets-Podolski,Volhynia,Ukraine SSR,Novograd-Volynskii,Kamenets-Podolski,Russian Empire,Soviet Union
861,GLC_STN_LNCZ,-1043526,2741,Krasnoe,Lampol,Podolia,Pale,Vinnitsa,Podolia,Ukraine SSR,Iampol',Vinnitsa,Russian Empire,Soviet Union
862,PRU_OST_LNDS,-2615740,2747,Krozhi,Rossieny,Kovno,Pale,Raseiniai,Kovno,,Rossieny,Raseiniai,Russian Empire,Soviet Union
863,GLC_CRC_LPNW,,2748,Krechowice,Dolina,Galicia,Galicia,Stanislawow,,,,,,
864,MNS_IGM_LPCH,-2615751,2750,Krakinovo,Poneviezh,Kovno,Pale,Panevezys,Kovno,,Poneviezh,Panevėžys,Russian Empire,Soviet Union
865,LMZ_LMZ_LPYB,-1043663,2751,Kremenchug,Kremenchug,Poltava,Pale,Poltava,Poltava,Ukraine SSR,Kremenchug,Poltava,Russian Empire,Soviet Union
866,PTR_LSK_LSK,-2615756,2754,Kretingen,Telshi,Kovno,Pale,Kretinga,Kovno,,Tel'shi,Kretinga,Russian Empire,Soviet Union
2747,SDL_GRV_LSKR,-508105,2755,Kluczbork,Schlesien,Prussia,,Upper Silesia,Preußen,Preußen,Schlesien,Oberschlesien,Germany,Poland
867,GLC_TRN_LSKW,-1944919,2756,Krevo,Oshmiany,Vilna,Pale,Vilna,Vilna,Wilno,Oshmiany,Oszmiana,,Soviet Union
868,RDM_OPT_LSCN,-1945017,2757,Krichev,Cherikov,Mogilev,Pale,Mogilev,Mogilev,Belarus SSR,Cherikov,Mogilev,Russian Empire,Soviet Union
869,LBL_GRB_LSZC,-1055766,2760,Novogeorgievsk,Aleksandriia,Kherson,Pale,Kirovograd,Kherson,Ukraine SSR,Aleksandriia,Kirovograd,Russian Empire,Soviet Union
870,WRS_NWM_LTWC,-2615789,2761,Kruki,Shavli,Kovno,Pale,Seinai,Kovno,,Shavli,Šiauliai,Russian Empire,Soviet Union
871,PRU_PMM_LNBR,-1043968,2765,Krivoi Rog,Kherson,Kherson,Pale,Dnepropetrovsk,Kherson,Ukraine SSR,Kherson,Dnepropetrovsk,Russian Empire,Soviet Union
872,KVN_TLS_LVKV,-510586,2767,Krojanke,Zlotow,Preussen,Prussia,Posen-West,Preußen,Preußen,Westpreußen,Posen-Westpreußen,,Poland
873,GLC_STN_LWCZ,-1043812,2768,Krolevets,Krolevets,Chernigov,Pale,Sumy,Chernigov,Ukraine SSR,Krolevets,Sumy,Russian Empire,Soviet Union
874,SWL_SNY_LZDZ,-510972,2772,Kromołów,Olkusz,Kielce,Congress Poland,Kielce,Kielce,Kielce,Ol'kush,Zawiercie,Russian Empire,Poland
875,PTR_BND_LZY,-510988,2775,Krościenko,Lisko,Galicia,Galicia,Lwow,Galicia,Lwów,Dobromil,Dobromil,Austrian Empire,Poland
876,KHR_LBD_LBDN,-510987,2776,Krościenko,Nowy Targ,Galicia,Galicia,Cracow,Galicia,Kraków,Nowy Targ,Nowy Targ,Austrian Empire,Poland
877,VLN_VLK_LBDV,-511007,2777,Krośniewice,Kutno,Warszawa,Congress Poland,Lodz,Warszawa,Warszawa,Kutno,Kutno,Russian Empire,Poland
878,SWL_SNY_LPNY,-511028,2779,Krotoschin,Krotoszyn,Preussen,Prussia,Poznan,Preußen,Poznań,Posen,Krotoszyn,Germany,Poland
879,MNS_MZY_LLCH,-1944971,2780,Krucha,Mogilev,Mogilev,Pale,Mogilev,Mogilev,Belarus SSR,Mogilev,Mogilev,Russian Empire,Soviet Union
880,KLC_WLS_LLW,-1944976,2781,Krugloe,Mogilev,Mogilev,Pale,Mogilev,Mogilev,Belarus SSR,Mogilev,Mogilev,Russian Empire,Soviet Union
881,LBL_LBR_LCZN,,2782,Krukienice,Mosciska,Galicia,Galicia,Lwow,,,,,,
882,KLS_LNC_LCZY,-1944996,2787,Krupka,Sienno,Mogilev,Pale,Minsk,Mogilev,Belarus SSR,Sienno,Minsk,Russian Empire,Soviet Union
883,MNS_MZY_LNN,-3209819,2788,Kreitsburg,Dvinsk,Vitebsk,Pale,Latgale,Vitebsk,Latgale,Dvinsk,Daugavpils,Russian Empire,Soviet Union
884,SNP_SNT_SNPT,-1043713,2789,Krichilsk,Rovno,Volhynia,Pale,Volhynia,Volhynia,Wołyń,Rovno,Kostopol,Russian Empire,Soviet Union
885,MNS_SLT_RMNV,-1055766,2790,Novogeorgievsk,Aleksandriia,Kherson,Pale,Lublin,Kherson,Ukraine SSR,Aleksandriia,Kirovograd,Russian Empire,Soviet Union
886,MGL_GRK_LNN,-511182,2792,Krynica,Nowy Sacz,Galicia,Galicia,Cracow,Galicia,Kraków,Nowy Sącz,Nowy Sącz,,Poland
887,WRS_BLN_LNCN,-1037239,2794,Krystynopol,Sokal,Galicia,Galicia,Lwow,Galicia,Lwów,Sokal,Sokal,Austrian Empire,Soviet Union
888,VLN_DSN_LNPL,-1043802,2795,Krivoe Ozero,Balta,Podolia,Pale,Odessa,Podolia,Ukraine SSR,Balta,Odessa,Russian Empire,Soviet Union
889,BSS_IZM_LV,-1043973,2796,Kryzhopol,Olgopol,Podolia,Pale,Vinnitsa,Podolia,Ukraine SSR,Ol'gopol',Vinnitsa,Russian Empire,Soviet Union
890,VTB_LPL_LPL,-1043668,2797,Kremenets,Kremenets,Volhynia,Pale,Volhynia,Volhynia,Wołyń,Kremenets,Krzemieniec,Russian Empire,Soviet Union
891,VLN_TRK_LPNY,-511317,2798,Krzepice,Czestochowa,Piotrkow,Congress Poland,Kielce,Piotrków,Kielce,Chenstokhov,Częstochowa,Russian Empire,Poland
892,GLC_LWW_LSK,-511344,2799,Krzeszów,Bilgoraj,Lublin,Congress Poland,Lublin,Lublin,Lublin,Bielgorai,Biłgoraj,Russian Empire,Poland
893,GLC_TRN_LSZN,-511351,2800,Krzeszowice,Chrzanow,Galicia,Galicia,Cracow,Galicia,Kraków,Chrzanów,Chrzanów,,Poland
894,PRU_PSN_LSS,-511445,2801,Krzywcza,Przemysl,Galicia,Galicia,Lwow,Galicia,Lwów,Przemyśl,Przemyśl,,Poland
895,WRS_BLN_LSZN,-1057967,2802,Krzywcze Górne,Brody,Galicia,Galicia,Tarnopol,Galicia,Tarnopol,Borszczów,Borszczów,,Soviet Union
896,POD_LTC_LTCH,-1944944,2803,Krivichi,Vileika,Vilna,Pale,Vilna,Vilna,Wilno,Vileika,Wilejka,,Soviet Union
897,GLC_LWW_LZJS,-511610,2805,Książ Wielki,Miechow,Kielce,Congress Poland,Kielce,Kielce,Kielce,Miekhov,Miechów,Russian Empire,Poland
898,GLC_LWW_LBCH,-1945039,2806,Kublichi,Lepel,Vitebsk,Pale,Vitebsk,Vitebsk,Belarus SSR,Lepel',Vitebsk,Russian Empire,Soviet Union
899,VLN_LDA_LD,-2615843,2807,Vladislavov,Vladislavov,Suwalki,Congress Poland,Seinai,Suwałki,,Vladislavov,Šakiai,Russian Empire,Soviet Union
900,PRU_WST_LTNB,,2813,Kulaczkowce,Kolomyja,Galicia,Galicia,Stanislawow,,,,,,
901,,-1044080,2815,Kulchiny,Starokonstantinov,Volhynia,Pale,Kamenets-Podolski,Volhynia,Ukraine SSR,Starokonstantinov,Kamenets-Podolski,Russian Empire,Soviet Union
902,GLC_CRC_LMNW,-2615872,2818,Kuli,Telshi,Kovno,Pale,Kretinga,Kovno,,Tel'shi,Kretinga,Russian Empire,Soviet Union
903,LVL_VLM_LMZL,-1044096,2819,Kulików,Zolkiew,Galicia,Galicia,Lwow,Galicia,Lwów,Żółkiew,Żółkiew,,Soviet Union
904,KVN_PNV_LNKV,-1044131,2822,Kunev,Ostrog,Volhynia,Pale,Kamenets-Podolski,Volhynia,Ukraine SSR,Ostrog,Kamenets-Podolski,Russian Empire,Soviet Union
905,GRD_PRZ_LNV,-511847,2825,Kunów,Opatow,Radom,Congress Poland,Kielce,Radom,Kielce,Sandomir,Opatów,Russian Empire,Poland
906,MGL_ORS_LZN,-1044144,2828,Kupel,Starokonstantinov,Volhynia,Pale,Kamenets-Podolski,Volhynia,Ukraine SSR,Starokonstantinov,Kamenets-Podolski,Russian Empire,Soviet Union
907,BSS_KHT_LPKN,-1044158,2829,Kupiansk,Kupiansk,Kharkov,Mainland Russia,Kharkov,Kharkov,Ukraine SSR,Kupiansk,Kharkov,Russian Empire,Soviet Union
908,VLN_OSH_LPNS,-1044167,2831,Kupin,Kamenets-Podolsk,Podolia,Pale,Kamenets-Podolski,Podolia,Ukraine SSR,Kamenets-Podol'sk,Kamenets-Podolski,Russian Empire,Soviet Union
909,PLC_LPN_LPN,-2615942,2832,Kupishki,Vilkomir,Kovno,Pale,Panevezys,Kovno,,Vil'komir,Panevėžys,Russian Empire,Soviet Union
910,KIV_LPV_LPVT,-2623022,2834,Arensburg,Arensburg,Livland,Mainland Russia,,Livland,,Arensburg,Saaremaa,Russian Empire,Soviet Union
911,GLC_LWW_LPSK,-2615963,2837,Kurkle,Vilkomir,Kovno,Pale,Ukmerge,Kovno,,Vil'komir,Ukmergė,Russian Empire,Soviet Union
912,RDM_ILZ_LPSK,-511922,2839,Kurów,Pulawy,Lublin,Congress Poland,Lublin,Lublin,Lublin,Puławy,Puławy,,Poland
913,GLC_STN_LSTY,-2615979,2841,Kurshany,Shavli,Kovno,Pale,Siauliai,Kovno,,Shavli,Šiauliai,Russian Empire,Soviet Union
914,POD_LTN_LTN,-511964,2843,Kuryłówka,Lancut,Galicia,Galicia,Lwow,Galicia,Lwów,Łańcut,Łańcut,,Poland
915,MNS_BBR_LBN,-511973,2844,Kurzelów,Wloszczowa,Kielce,Congress Poland,Kielce,Kielce,Kielce,Włoszczowa,Włoszczowa,,Poland
916,NVG_NVG_LBN,-1945123,2845,Kurenets,Vileika,Vilna,Pale,Vilna,Vilna,Wilno,Vileika,Wilejka,,Soviet Union
917,SWL_KLV_LDVN,-512009,2850,Kutno,Kutno,Warszawa,Congress Poland,Lodz,Warszawa,Warszawa,Kutno,Kutno,Russian Empire,Poland
918,VTB_DVN_LVNG,-1044301,2851,Kuty,Stanislawow,Galicia,Galicia,Stanislawow,Galicia,Stanisławów,Kosów,Kosów,,Soviet Union
919,SDL_WGR_LW,-1044346,2852,Kuzmin,Proskurov,Podolia,Pale,Kamenets-Podolski,Podolia,Ukraine SSR,Proskurov,Kamenets-Podolski,Russian Empire,Soviet Union
920,PRU_PSN_LBSN,-1044335,2853,Kuzmin,Starokonstantinov,Volhynia,Pale,Kamenets-Podolski,Volhynia,Ukraine SSR,Starokonstantinov,Kamenets-Podolski,Russian Empire,Soviet Union
921,PTR_LDZ_LDZ,-2616010,2857,Konstantinovo,Rossieny,Kovno,Pale,Taurage,Kovno,,Rossieny,Tauragė,Russian Empire,Soviet Union
922,PRU_OST_LTZN,-2616019,2859,Kibarty,Volkovyshki,Suwalki,Congress Poland,Vilkaviskis,Suwałki,,Volkovyshki,Vilkaviškis,Russian Empire,Soviet Union
923,MNS_RCH_LV,,2864,Labes,Pommern,Preussen,Prussia,Pomerania,,,,,,
2674,MNS_BRS_LGSK,,2864,Labes,Pommern,Prussia,,Pomerania,,,,,,
924,MNS_PNS_LGSH,,2865,Labiau,Labiawa,Preussen,Prussia,East Prussia,,,,,,
925,VLH_VLD_LKCH,-512169,2867,Labischin,Szubin,Preussen,Prussia,Poznan,Preußen,Poznań,Posen,Szubin,Germany,Poland
926,PLT_LKH_LKHV,-514919,2868,Maciejowa,Nowy Sacz,Galicia,Galicia,Cracow,Galicia,Kraków,Nowy Sącz,Nowy Sącz,,Poland
927,SDL_BLA_LMZY,-1059835,2869,Labun,Zaslavl,Volhynia,Pale,Kamenets-Podolski,Volhynia,Ukraine SSR,Zaslavl',Kamenets-Podolski,Russian Empire,Soviet Union
928,WRS_WRS_LMNK,-1945696,2872,Liakhovichi,Slutsk,Minsk,Pale,Nowogrodek,Minsk,Nowogródek,Slutsk,Baranowicze,Russian Empire,Soviet Union
929,GLC_LWW_LMN,-1945204,2873,Lakhva,Mozyr,Minsk,Pale,Polesie,Minsk,Polesie,Mozyr',Łuniniec,Russian Empire,Soviet Union
930,LMZ_LMZ_LMZH,,2875,Lackie Szlacheckie,Tlumacz,Galicia,Galicia,Stanislawow,,,,,,
931,GLC_LWW_LKRS,,2876,Lacko,Nowy Sacz,Galicia,Galicia,Cracow,,,,,,
932,GLC_TRN_LPTY,-1044388,2880,Ladyzhinka,Uman,Kiev,Pale,Kiev,Kiev,Ukraine SSR,Uman',Kiev,Russian Empire,Soviet Union
933,SDL_WGR_LPNK,-1044387,2881,Ladyzhin,Gaisin,Podolia,Pale,Vinnitsa,Podolia,Ukraine SSR,Gaisin,Vinnitsa,Russian Empire,Soviet Union
934,KLC_KLC_LPSZ,-512301,2883,Łagów,Opatow,Radom,Congress Poland,Kielce,Radom,Kielce,Opatov,Opatów,Russian Empire,Poland
935,MNS_IGM_LSH,-2616061,2885,Laizhevo,Shavli,Kovno,Pale,Mazeikiai,Kovno,,Shavli,Mažeikiai,Russian Empire,Soviet Union
936,GLC_TRN_LSCZ,-1035206,2887,Liakhovtsy,Ostrog,Volhynia,Pale,Kamenets-Podolski,Volhynia,Ukraine SSR,Ostrog,Kamenets-Podolski,Russian Empire,Soviet Union
937,SDL_KNS_LSC,-512378,2891,Łańcut,Lancut,Galicia,Galicia,Lwow,Galicia,Lwów,Łańcut,Łańcut,,Poland
938,WRS_LVC_LWCZ,-1044405,2892,Łanczyn,Nadworna,Galicia,Galicia,Stanislawow,Galicia,Stanisławów,Nadwórna,Nadwórna,,Soviet Union
2691,EKT_PVL_LZVN,-512252,2894,Ladek Zdroj,Schlesien,Prussia,,Lower Silesia,Preußen,Preußen,Schlesien,Niederschlesien,Germany,Poland
2742,GLC_LWW_LBCZ,-506662,2896,Kamienna Gora,Schlesien,Prussia,,Lower Silesia,Preußen,Preußen,Schlesien,Niederschlesien,Germany,Poland
939,LVL_VND_LBN,-502540,2897,Landsberg,Ilawa,Preussen,Prussia,East Prussia,Preußen,Preußen,Ostpreußen,Ostpreußen,,Poland
2709,VLH_NVG_LBR,,2903,Langendorf,Schlesien,Prussia,,Upper Silesia,,,,,,
940,MNS_NVG_LBCH,,2911,Lapanow,Bochnia,Galicia,Galicia,Cracow,,,,,,
941,BSS_SRK_LBLN,-1945221,2912,Lapichi,Igumen,Minsk,Pale,Mogilev,Minsk,Belarus SSR,Igumen,Mogilev,Russian Empire,Soviet Union
942,LBL_LBL_LBLN,-512424,2913,Lapy Barviki,Lomzha,Lomza,Congress Poland,Bialystok,Łomża,Białystok,Lomzha,Wysokie Mazowieckie,Russian Empire,Poland
943,PLT_LBN_LBNY,-512463,2918,Łask,Lask,Piotrkow,Congress Poland,Lodz,Piotrków,Łódż,Lask,Łask,Russian Empire,Poland
944,VLH_VLD_LBML,-512468,2919,Łaskarzew,Garwolin,Siedlce,Congress Poland,Lublin,Siedlce,Lublin,Garvolin,Garwolin,Russian Empire,Poland
945,WRS_VLT_LBRN,,2921,Laskowce,Czortkow,Galicia,Galicia,Tarnopol,,,,,,
946,POD_KMN_LCHN,-512566,2922,Lasocin,Opatow,Radom,Congress Poland,Kielce,Radom,Kielce,Opatov,Opatów,Russian Empire,Poland
947,VLH_LTS_LTSK,-512597,2923,Łaszczów,Tomaszow,Lublin,Congress Poland,Lublin,Lublin,Lublin,Grubeshov,Tomaszów,Russian Empire,Poland
948,VLH_RVN_LDVP,,2925,Latowicz,Minsk Mazowiecki,Warszawa,Congress Poland,Warsaw,,,,,,
2686,VTB_LTS_LTSN,,2927,Lauban,Schlesien,Prussia,,Lower Silesia,,,,,,
949,SNP_LGA_LG,-512788,2931,Lauenburg,Pommern,Preussen,Prussia,Pomerania,,,,,,
950,VLH_OVR_LCHN,-2616131,2934,Lavkovo,Telshi,Kovno,Pale,Taurage,Kovno,,Tel'shi,Tauragė,Russian Empire,Soviet Union
951,KIV_LPV_LKSH,-1044471,2938,Ławoczne,Stryj,Galicia,Galicia,Stanislawow,Galicia,Stanisławów,Stryj,Stryj,Austrian Empire,Soviet Union
952,MGL_SNN_LKML,-2616153,2939,Lozdzee,Seiny,Suwalki,Congress Poland,Saini,Suwałki,,Seiny,Seinai,Russian Empire,Soviet Union
953,LBL_BLG_LKW,-512734,2940,Łazy,Bedzin,Piotrkow,Congress Poland,Kielce,Piotrków,Kielce,Bendin,Zawiercie,Russian Empire,Poland
954,MNS_PNS_LNNT,-2328506,2941,Lebedin,Lebedin,Kharkov,Pale,Sumy,Kharkov,Ukraine SSR,Lebedin,Sumy,Russian Empire,Soviet Union
955,GRD_GRD_LNK,-1945268,2942,Lebedev,Vileika,Vilna,Pale,Vilna,Vilna,Wilno,Vileika,Mołodeczno,,Soviet Union
956,KVN_SHV_LKNK,-2616181,2957,Leipuny,Seiny,Suwalki,Congress Poland,Saini,Suwałki,,Seiny,Seinai,Russian Empire,Soviet Union
957,PTR_BRZ_LTMR,-1945279,2963,Lelchitsy,Mozyr,Minsk,Pale,Polesie,Minsk,Belarus SSR,Mozyr',Polesie,Russian Empire,Soviet Union
958,GLC_LWW_LTWS,-512980,2966,Lelów,Wloszczowa,Kielce,Congress Poland,Lublin,Kielce,Kielce,Włoszczowa,Włoszczowa,,Poland
959,VLN_DSN_LZHK,-512807,2970,Łęczna,Lublin,Lublin,Congress Poland,Lublin,Lublin,Lublin,Liubartov,Lubartów,Russian Empire,Poland
960,KHR_KHR_LVV,-512817,2971,Łęczyca,Leczyca,Kalisz,Congress Poland,Lodz,Kalisz,Łódż,Lenchitsa,Łęczyca,Russian Empire,Poland
961,GLC_LWW_LMBR,-1945288,2975,Lenin,Mozyr,Minsk,Pale,Polesie,Minsk,Polesie,Mozyr',Łuniniec,Russian Empire,Soviet Union
962,PRU_PSN_NSTD,-2996338,2977,San Peterburg,Saint Petersburg,Sankt-Peterburg,Mainland Russia,Leningrad,Sankt-Peterburg,Russian SSR,Saint Petersburg,Leningrad,Russian Empire,Soviet Union
963,MGL_GRK_LDY,-1945292,2979,Romanovo,Slutsk,Minsk,Pale,Minsk,Minsk,Belarus SSR,Slutsk,Minsk,Russian Empire,Soviet Union
964,POD_MGL_LNTS,-1945293,2980,Lenino,Gorki,Mogilev,Pale,Mogilev,Mogilev,Belarus SSR,Gorki,Mogilev,Russian Empire,Soviet Union
2697,PRU_OST_LYCK,,2982,Leobschuetz,Schlesien,Prussia,,Upper Silesia,,,,,,
965,KVN_RSS_LDVN,,2983,Leoncin,Sochaczew,Warszawa,Congress Poland,Warsaw,,,,,,
966,KVN_SHV_LGMY,-1945321,2984,Leonpol,Disna,Vilna,Pale,Vilna,Vilna,Wilno,Disna,Brasław,,Soviet Union
967,KIV_ZVN_LYSN,-2276771,2986,Leovo,Izmail,Bessarabia,Pale,Bessarabia,Bessarabia,Basarabia,Izmail,Cahul,Russian Empire,Soviet Union
968,GLC_STN_LYSC,-1945725,2987,Lepel,Lepel,Vitebsk,Pale,Vitebsk,Vitebsk,Belarus SSR,Lepel',Vitebsk,Russian Empire,Soviet Union
969,SDL_LKV_LYSB,-2616275,2988,Leipuny,Troki,Vilna,Pale,Vilna,Vilna,Wilno,Troki,Wilno-Troki,,Soviet Union
970,WRS_LVC_LYSZ,-513076,2992,Lisko,Lisko,Galicia,Galicia,Lwow,Galicia,Lwów,Lisko,Lisko,Austrian Empire,Poland
971,MNS_SLT_LBSH,-1044632,2994,Leszniów,Brody,Galicia,Galicia,Tarnopol,Galicia,Tarnopol,Brody,Brody,Austrian Empire,Soviet Union
972,MGL_ORS_LBVC,-513225,2995,Lissa,Leszno,Preussen,Prussia,Poznan,Preußen,Poznań,Posen,Leszno,Germany,Poland
973,MNS_BBR_LBNC,-513228,2996,Leszno,Blonie,Warszawa,Congress Poland,Warsaw,Warszawa,Warszawa,Błonie,Błonie,,Poland
974,VLH_KVL_MTSV,-1044673,2997,Letichev,Letichev,Podolia,Pale,Kamenets-Podolski,Podolia,Ukraine SSR,Letichev,Kamenets-Podolski,Russian Empire,Soviet Union
975,SDL_GRV_MCJW,-513296,3004,Leżajsk,Lancut,Galicia,Galicia,Lwow,Galicia,Lwów,Łańcut,Łańcut,,Poland
976,LVL_VND_MDN,,3007,Libuchora,Turka,Galicia,Galicia,Lwow,,,,,,
977,PRU_WST_MRKS,-1945387,3012,Lida,Lida,Vilna,Pale,Nowogrodek,Vilna,Nowogródek,Lida,Lida,,Soviet Union
978,GLC_LWW_MGRW,-513376,3013,Lautenburg,Brodnica,Preussen,Prussia,Pomerania,Preußen,Pomorze,Westpreußen,Brodnica,,Poland
979,RDM_KZN_MGNS,,3015,Liebstadt,,,,East Prussia,,,,,,
2755,GLC_LWW_MJDN,-512877,3017,Legnica,Schlesien,Prussia,,Lower Silesia,Preußen,Preußen,Schlesien,Niederschlesien,Germany,Poland
980,KIV_KIV_MKRV,-513421,3021,Limanowa,Limanowa,Galicia,Galicia,Cracow,Galicia,Kraków,Limanowa,Limanowa,Austrian Empire,Poland
981,POD_KMN_MKV,-3210454,3022,Lemzal,Volmar,Livland,Mainland Russia,Vidzeme,Livland,Vidzeme,Vol'mar,Valmiera,Russian Empire,Soviet Union
982,LMZ_MKV_MKW,-2616311,3029,Linkovo,Poneviezh,Kovno,Pale,Siauliai,Kovno,,Poneviezh,Šiauliai,Russian Empire,Soviet Union
983,GLC_CRC_MKW,-1945402,3031,Linovo,Pruzhany,Grodno,Pale,Polesie,Grodno,Polesie,Pruzhany,Prużana,Russian Empire,Soviet Union
984,GRD_PRZ_MLCH,-1945404,3035,Liozno,Orsha,Mogilev,Pale,Vitebsk,Mogilev,Belarus SSR,Orsha,Vitebsk,Russian Empire,Soviet Union
985,KIV_RDM_MLN,-2276778,3037,Lipkony,Khotin,Bessarabia,Pale,Bessarabia,Bessarabia,Basarabia,Khotin,Hotin,Russian Empire,Soviet Union
986,LMZ_OST_MLKN,-1945427,3042,Lipnishki,Oshmiany,Vilna,Pale,Nowogrodek,Vilna,Nowogródek,Oshmiany,Lida,,Soviet Union
987,KLC_JDR_MLGS,-513679,3043,Lipno,Lipno,Plock,Congress Poland,Warsaw,Płock,Warszawa,Lipno,Lipno,Russian Empire,Poland
988,VLH_LTS_MNVC,-1044802,3045,Lipovets,Lipovets,Kiev,Pale,Vinnitsa,Kiev,Ukraine SSR,Lipovets,Vinnitsa,Russian Empire,Soviet Union
989,BSS_SRK_KTMR,-513743,3048,Lipsko,Cieszanow,Galicia,Galicia,Lwow,Galicia,Lwów,Cieszanów,Lubaczów,,Poland
990,GLC_STN_MRYM,-513745,3049,Lipsko,Ilza,Radom,Congress Poland,Kielce,Radom,Kielce,Iłża,Iłża,,Poland
991,PRU_WST_MRNW,-1044881,3053,Lisiatycze,Stryj,Galicia,Galicia,Stanislawow,Galicia,Stanisławów,Stryj,Stryj,Austrian Empire,Soviet Union
992,SWL_MRM_MRMP,-1044884,3058,Litin,Litin,Podolia,Pale,Vinnitsa,Podolia,Ukraine SSR,Litin,Vinnitsa,Russian Empire,Soviet Union
993,EKT_MRP_MRPL,-1945747,3060,Liuban,Bobruisk,Minsk,Pale,Minsk,Minsk,Belarus SSR,Bobruisk,Minsk,Russian Empire,Soviet Union
994,WRS_WRS_MRK,-2949657,3061,Liuban,Novgorod,Novgorod,Mainland Russia,Leningrad,Novgorod,Russian SSR,Novgorod,Leningrad,Russian Empire,Soviet Union
995,POD_LMP_MRKV,-2616332,3063,Liudvinovo,Kalvariia,Suwalki,Congress Poland,Marijampole,Suwałki,,Kal'variia,Marijampolė,Russian Empire,Soviet Union
996,GLC_LWW_MRKW,-3210485,3065,Livengof,Dvinsk,Vitebsk,Pale,Latgale,Vitebsk,Latgale,Dvinsk,Daugavpils,Russian Empire,Soviet Union
997,LBL_PLW_MRKS,-513864,3067,Liw,Wegrow,Siedlce,Congress Poland,Lublin,Siedlce,Lublin,Węgrów,Węgrów,,Poland
998,PRU_PMM_MSSW,-513898,3070,Lobsens,Wyrzysk,Preussen,Prussia,Poznan,Preußen,Poznań,Posen,Wyrzysk,Germany,Poland
999,KHR_ODS_MK,-513922,3072,Łódź,Lodz,Piotrkow,Congress Poland,Lodz,Piotrków,Łódż,Lodz',Łódź,Russian Empire,Poland
1000,KVN_SHV_MZHK,-501574,3074,Lötzen,Gizycko,Preussen,Prussia,East Prussia,Preußen,Preußen,Ostpreußen,Ostpreußen,,Poland
1001,GLC_LWW_MDNC,-1945561,3075,Loev,Riechitsa,Minsk,Pale,Gomel,Minsk,Belarus SSR,Riechitsa,Gomel,Russian Empire,Soviet Union
2740,KIV_CHG_MDVD,-513279,3076,Lewin Brzeski,Schlesien,Prussia,,Lower Silesia,Preußen,Preußen,Schlesien,Niederschlesien,Germany,Poland
2752,GLC_LWW_MDYK,-514813,3077,Lwowek Slaski,Schlesien,Prussia,,Lower Silesia,Preußen,Preußen,Schlesien,Niederschlesien,Germany,Poland
1002,POD_LTC_MDZH,-1945496,3078,Logoisk,Borisov,Minsk,Pale,Minsk,Minsk,Belarus SSR,Borisov,Minsk,Russian Empire,Soviet Union
1003,VLN_VLN_MSHG,-1945201,3079,Logishin,Pinsk,Minsk,Pale,Polesie,Minsk,Polesie,Pinsk,Pińsk,Russian Empire,Soviet Union
1004,TRD_MLT_MLTP,-1044937,3083,Lokachi,Vladimir-Volynskii,Volhynia,Pale,Volhynia,Volhynia,Wołyń,Vladimir-Volynskii,Horochów,Russian Empire,Soviet Union
1005,CRN_SSN_MN,-1044941,3084,Lokhvitsa,Lokhvitsa,Poltava,Pale,Poltava,Poltava,Ukraine SSR,Lokhvitsa,Poltava,Russian Empire,Soviet Union
1006,VLN_TRK_MRCH,-513960,3087,Łomazy,Biala,Siedlce,Congress Poland,Lublin,Siedlce,Lublin,Biela,Biała Podlaska,Russian Empire,Poland
1007,PRU_PSN_MSRT,,3088,Lomianki Gorne,Warszawa,Warszawa,Congress Poland,Warsaw,,,,,,
1008,SWL_SNY_MSTL,-1044762,3089,Łomna,Turka,Galicia,Galicia,Lwow,Galicia,Stanisławów,Turka,Turka,Austrian Empire,Soviet Union
1009,POD_LTN_MZHR,-513991,3090,Lomzha,Lomzha,Lomza,Congress Poland,Bialystok,Łomża,Białystok,Lomzha,Łomża,Russian Empire,Poland
1010,CRN_MGL_MGLN,-1045167,3092,Łąka Rustykalna,Sambor,Galicia,Galicia,Lwow,Galicia,Lwów,Sambor,Sambor,Austrian Empire,Soviet Union
1011,VLN_VLK_NVYM,-1044974,3093,Łopatyń,Brody,Galicia,Galicia,Tarnopol,Galicia,Tarnopol,Brody,Radziechów,Austrian Empire,Soviet Union
1012,POD_OLG_MSTK,-514015,3094,Łopianka,Wegrow,Siedlce,Congress Poland,Lublin,Siedlce,Lublin,Węgrów,Węgrów,,Poland
1013,VLN_VLN_MKHL,-514049,3095,Łopuszno,Kielce,Kielce,Congress Poland,Kielce,Kielce,Kielce,Kiel'tsy,Kielce,Russian Empire,Poland
1014,LBL_LBR_MCHW,-1945527,3098,Losha,Igumen,Minsk,Pale,Minsk,Minsk,Belarus SSR,Igumen,Minsk,Russian Empire,Soviet Union
1015,KLC_MKH_MCHW,-1045013,3099,Łosiacz,Brody,Galicia,Galicia,Tarnopol,Galicia,Tarnopol,Borszczów,Borszczów,,Soviet Union
1016,WRS_WRS_MDZS,-514056,3100,Łosice,Konstantynow,Siedlce,Congress Poland,Lublin,Siedlce,Lublin,Konstantynów,Konstantynów,,Poland
1017,SDL_WGR_MDZN,-514113,3107,Łowicz,Lowicz,Warszawa,Congress Poland,Lodz,Warszawa,Warszawa,Lovich,Łowicz,Russian Empire,Poland
1018,PTR_CHN_MDZN,-1045058,3109,Lozovaia na zemle V. N. Zarudn,Pavlograd,Ekaterinoslav,Mainland Russia,Kharkov,Ekaterinoslav,Ukraine SSR,Pavlograd,Kharkov,Russian Empire,Soviet Union
1019,GLC_CRC_MLC,-514150,3110,Lubaczów,Cieszanow,Galicia,Galicia,Lwow,Galicia,Lwów,Cieszanów,Lubaczów,,Poland
1020,VLN_SVN_MLNG,-3210548,3111,Luban,Venden,Livland,Mainland Russia,Vidzeme,Livland,Vidzeme,Venden,Madona,Russian Empire,Soviet Union
1021,GLC_TRN_MLNC,-1045332,3112,Liubar,Novograd-Volynskii,Volhynia,Pale,Zhitomir,Volhynia,Ukraine SSR,Novograd-Volynskii,Zhitomir,Russian Empire,Soviet Union
1022,VLH_KVL_MLNT,-1945756,3114,Liubcha,Novogrudok,Minsk,Pale,Nowogrodek,Minsk,Nowogródek,Novogrudok,Nowogródek,Russian Empire,Soviet Union
1023,GLC_LWW_MLNC,-2276916,3121,Lublin,Soroki,Bessarabia,Pale,Bessarabia,Bessarabia,Basarabia,Soroki,Soroca,Russian Empire,Soviet Union
1024,GRD_BLS_MLNK,-514340,3122,Lublin,Lublin,Lublin,Congress Poland,Lublin,Lublin,Lublin,Liublin,Lublin,Russian Empire,Poland
2735,VLH_RVN_MZHR,-514342,3123,Lubliniec,Schlesien,Prussia,,Silesia,Preußen,Sląsk,Schlesien,Lubliniec,Germany,Poland
1025,SDL_RDN_MDZY,-1045095,3124,Lubny,Lubny,Poltava,Pale,Poltava,Poltava,Ukraine SSR,Lubny,Poltava,Russian Empire,Soviet Union
1026,MNS_MZY_MKSH,-1045397,3125,Liuboml,Vladimir-Volynskii,Volhynia,Pale,Volhynia,Volhynia,Wołyń,Vladimir-Volynskii,Luboml,Russian Empire,Soviet Union
1027,GLC_STN_MKLJ,-514467,3127,Lubraniec,Wloclawek,Warszawa,Congress Poland,Warsaw,Warszawa,Warszawa,Vlotslavsk,Włocławek,Russian Empire,Poland
1028,GLC_LWW_MKLJ,-1045111,3130,Luchinets,Kamenets-Podolsk,Podolia,Pale,Vinnitsa,Podolia,Ukraine SSR,Kamenets-Podol'sk,Vinnitsa,Russian Empire,Soviet Union
1029,PRU_PSN_MXST,-1045249,3131,Lutsk,Lutsk,Volhynia,Pale,Volhynia,Volhynia,Wołyń,Lutsk,Łuck,Russian Empire,Soviet Union
1030,GLC_STN_MKLC,-1054771,3138,Liudvipol,Rovno,Volhynia,Pale,Volhynia,Volhynia,Wołyń,Rovno,Kostopol,Russian Empire,Soviet Union
1031,GLC_TRN_MKLN,-3210572,3139,Liutsin,Liutsin,Vitebsk,Pale,Latgale,Vitebsk,Latgale,Liutsin,Ludza,Russian Empire,Soviet Union
1032,MGL_ORS_MKLN,-2948350,3149,Luga,Luga,Sankt-Peterburg,Mainland Russia,Leningrad,Sankt-Peterburg,Russian SSR,Luga,Leningrad,Russian Empire,Soviet Union
1033,VLH_KVL_MLNV,-1045139,3150,Luchiny,Ovruch,Volhynia,Pale,Zhitomir,Volhynia,Ukraine SSR,Ovruch,Zhitomir,Russian Empire,Soviet Union
2637,MGL_KLM_MLSL,,3152,Lujeni,Storojinet,Bukovina,,Bukovina,,,,,,
1034,GLC_CRC_MLWK,-1045183,3153,Lukashevka,Lipovets,Kiev,Pale,Vinnitsa,Kiev,Ukraine SSR,Lipovets,Vinnitsa,Russian Empire,Soviet Union
1035,POD_NVU_MNKV,-1945634,3154,Lukoml,Sienno,Mogilev,Pale,Vitebsk,Mogilev,Belarus SSR,Sienno,Vitebsk,Russian Empire,Soviet Union
1036,MNS_MNS_MNSK,-514664,3157,Łukowa,Bilgoraj,Lublin,Congress Poland,Lublin,Lublin,Lublin,Bielgorai,Biłgoraj,Russian Empire,Poland
1037,WRS_NWM_NWMN,-1945650,3162,Luninets,Pinsk,Minsk,Pale,Polesie,Minsk,Polesie,Pinsk,Łuniniec,Russian Empire,Soviet Union
1038,VLN_DSN_MRY,-1945652,3163,Lunka,Grodno,Grodno,Pale,Bialystok,Grodno,Białystok,Grodna,Grodno,Russian Empire,Soviet Union
1039,MNS_NVG_MR,-2616396,3165,Lukniki,Shavli,Kovno,Pale,Telsai,Kovno,,Shavli,Telšiai,Russian Empire,Soviet Union
1040,PLT_MRG_MRGR,-514783,3168,Lutomiersk,Lask,Piotrkow,Congress Poland,Lodz,Piotrków,Łódż,Breziny,Łask,Russian Empire,Poland
1041,VLH_NVG_MRPL,-514791,3169,Lutowiska,Lisko,Galicia,Galicia,Lwow,Galicia,Lwów,Lisko,Lisko,Austrian Empire,Poland
1042,SWL_SNY_MRSL,-1945674,3173,Luzhki,Disna,Vilna,Pale,Vilna,Vilna,Wilno,Disna,Dzisna,,Soviet Union
1043,VLH_DBN_MZCH,-1045273,3174,Lvova,Kherson,Kherson,Pale,Nikolaiev,Kherson,Ukraine SSR,Kherson,Nikolaiev,Russian Empire,Soviet Union
1044,GLC_STN_MZNS,-1045268,3175,Lemberg,Lwow,Galicia,Galicia,Lwow,Galicia,Lwów,Lwów,Lwów,,Soviet Union
1045,PLC_MLV_MLW,-514812,3176,Neustadt bei Pinne,Nowy Tomysl,Preussen,Prussia,Poznan,Preußen,Poznań,Posen,Nowy Tomyśl,Germany,Poland
1046,VLH_DBN_MLYN,-1945691,3177,Liady,Gorki,Mogilev,Pale,Vitebsk,Mogilev,Belarus SSR,Gorki,Vitebsk,Russian Empire,Soviet Union
1047,RDM_KZN_MNSZ,-1060209,3178,Liantskorun,Mogilev,Podolia,Pale,Kamenets-Podolski,Podolia,Ukraine SSR,Mogilev,Kamenets-Podolski,Russian Empire,Soviet Union
1048,LBL_INV_MDLB,-500737,3179,Lyck,Elk,Preussen,Prussia,East Prussia,Preußen,Preußen,Ostpreußen,Ostpreußen,,Poland
1049,WRS_GRT_MGLN,-2616409,3180,Lidoviany,Rossieny,Kovno,Pale,Raseiniai,Kovno,,Rossieny,Raseiniai,Russian Empire,Soviet Union
1050,MGL_MGL_MGLV,-2616415,3181,Ligumy,Shavli,Kovno,Pale,Siauliai,Kovno,,Shavli,Šiauliai,Russian Empire,Soviet Union
1051,POD_MGL_MGLV,-1045327,3185,Lysianka,Zvenigorodka,Kiev,Pale,Kiev,Kiev,Ukraine SSR,Zvenigorodka,Kiev,Russian Empire,Soviet Union
1052,PRU_PSN_MGLN,-1044834,3186,Łysiec,Bohorodczany,Galicia,Galicia,Stanislawow,Galicia,Stanisławów,Bohorodczany,Bohorodczany,Austrian Empire,Soviet Union
1053,MNS_IGM_MGLN,-514867,3189,Łysobyki,Lukow,Siedlce,Congress Poland,Lublin,Siedlce,Lublin,Lukov,Łuków,Russian Empire,Poland
1054,SDL_SDL_MKBD,-514879,3190,Łyszkowice,Lowicz,Warszawa,Congress Poland,Lodz,Warszawa,Warszawa,Lovich,Łowicz,Russian Empire,Poland
1055,KIV_ZVN_MKRK,-1945754,3192,Liubashevo,Slutsk,Minsk,Pale,Odessa,Minsk,Polesie,Slutsk,Łuniniec,Russian Empire,Soviet Union
1056,GRD_SLN_MLCH,-2949670,3193,Liubavichi,Orsha,Mogilev,Pale,Smolensk,Mogilev,Russian SSR,Orsha,Smolensk,Russian Empire,Soviet Union
1057,VLN_VLN_MLTY,-1945766,3194,Liubonichi,Bobruisk,Minsk,Pale,Mogilev,Minsk,Belarus SSR,Bobruisk,Mogilev,Russian Empire,Soviet Union
1058,VLN_VLK_MLDC,-1045207,3197,Matsiov,Kovel,Volhynia,Pale,Volhynia,Volhynia,Wołyń,Kovel',Kowel,Russian Empire,Soviet Union
1059,GLC_TRN_MNST,-514926,3198,Maciejowice,Garwolin,Siedlce,Congress Poland,Lublin,Siedlce,Lublin,Garvolin,Garwolin,Russian Empire,Poland
1060,KIV_LPV_MNST,-3210634,3202,Madon,Venden,Livland,Mainland Russia,Vidzeme,Livland,Vidzeme,Venden,Madona,Russian Empire,Soviet Union
1061,MGL_MST_MNST,-516762,3203,Märkisch Friedland,Walcz,Preussen,Prussia,Posen-West,Preußen,Preußen,Westpreußen,Posen-Westpreußen,,Poland
1062,RDM_KNS_MNCH,-1045468,3205,Magierów,Rawa,Galicia,Galicia,Lwow,Galicia,Lwów,Rawa Ruska,Rawa Ruska,Austrian Empire,Soviet Union
1063,SDL_SDL_MRDY,-514981,3207,Magnuszew,Kozienice,Radom,Congress Poland,Kielce,Radom,Kielce,Kozenitsy,Kozienice,Russian Empire,Poland
1064,GLC_LWW_MSCS,-515047,3215,Majdan,Kolbuszowa,Galicia,Galicia,Lwow,Galicia,Lwów,Kolbuszowa,Kolbuszowa,Austrian Empire,Poland
1065,KVN_TLS_MSDY,-1045481,3217,Makarov,Kiev,Kiev,Pale,Kiev,Kiev,Ukraine SSR,Kiev,Kiev,Russian Empire,Soviet Union
1066,KIV_CHR_MSHN,-1045516,3220,Makov,Kamenets-Podolsk,Podolia,Pale,Kamenets-Podolski,Podolia,Ukraine SSR,Kamenets-Podol'sk,Kamenets-Podolski,Russian Empire,Soviet Union
1067,GLC_STN_MSKL,-515175,3221,Maków,Makow,Lomza,Congress Poland,Warsaw,Łomża,Warszawa,Makov,Maków,Russian Empire,Poland
1068,KHR_ANN_MSTV,-515179,3222,Maków,Myslenice,Galicia,Galicia,Cracow,Galicia,Kraków,Myślenice,Maków,,Poland
1069,GRD_GRD_MSTY,-1945891,3227,Malech,Pruzhany,Grodno,Pale,Polesie,Grodno,Polesie,Pruzhany,Prużana,Russian Empire,Soviet Union
1070,GLC_LWW_MSTY,-1045702,3232,Malin,Radomysl,Kiev,Pale,Zhitomir,Kiev,Ukraine SSR,Radomysl',Zhitomir,Russian Empire,Soviet Union
1071,MNS_MZY_MZYR,-515385,3233,Malkin Gurna,Ostrov,Lomza,Congress Poland,Bialystok,Łomża,Białystok,Ostrov,Ostrów,Russian Empire,Poland
1072,PRU_PSN_MRTS,-515409,3234,Małogoszcz,Jedrzejow,Kielce,Congress Poland,Kielce,Kielce,Kielce,Jędrzejów,Jędrzejów,,Poland
1073,GRD_VLK_MSTB,-1051539,3243,Manevichi,Lutsk,Volhynia,Pale,Volhynia,Volhynia,Wołyń,Lutsk,Kowel,Russian Empire,Soviet Union
1074,MGL_MST_MSTS,-2276841,3252,Kot Markuleshty,Soroki,Bessarabia,Pale,Bessarabia,Bessarabia,Basarabia,Soroki,Soroca,Russian Empire,Soviet Union
2626,MNS_BRS_MSTZ,,3254,Mareniceni,Unknown,Bukovina,,Bukovina,,,,,,
1075,PTR_CHN_MSTW,-1045982,3257,Maryampol,Stanislawow,Galicia,Galicia,Stanislawow,Galicia,Stanisławów,Stanisławów,Stanisławów,,Soviet Union
1076,GLC_CRC_MSZN,-512123,3263,Marienwerder,Kwidzyn,Preussen,Prussia,East Prussia,Preußen,Preußen,Westpreußen,Ostpreußen,,Poland
1077,WRS_BLN_MSZC,-2616522,3264,Mariampol,Mariampol,Suwalki,Congress Poland,Marijampole,Suwałki,,Mariampol',Marijampolė,Russian Empire,Soviet Union
2649,,,3267,Maritei,Suczawa,Bukovina,,Bukovina,,,,,,
1078,POD_LMP_STRM,-1045996,3268,Mariupol,Mariupol,Ekaterinoslav,Mainland Russia,Stalino,Ekaterinoslav,Ukraine SSR,Mariupol',Stalino,Russian Empire,Soviet Union
1079,VLH_DBN_MRVT,-515659,3270,Marki,Warszawa,Warszawa,Congress Poland,Warsaw,Warszawa,Warszawa,Warszawa,Warszawa,,Poland
1080,POD_NVU_MRVN,-1046024,3272,Markovka,Lampol,Podolia,Pale,Vinnitsa,Podolia,Ukraine SSR,Iampol',Vinnitsa,Russian Empire,Soviet Union
1081,VLN_VLN_MSNK,-515668,3273,Markowa,Lancut,Galicia,Galicia,Lwow,Galicia,Lwów,Łańcut,Przeworsk,,Poland
1082,GLC_CRC_MSZY,-515689,3279,Markuszów,Pulawy,Lublin,Congress Poland,Lublin,Lublin,Lublin,Puławy,Puławy,,Poland
1083,GLC_CRC_MYSL,,3287,Massow,Pommern,Preussen,Prussia,Pomerania,,,,,,
2672,PTR_BND_MYSZ,,3287,Massow,Pommern,Prussia,,Pomerania,,,,,,
1084,LMZ_OSTL_MYSH,-1046261,3294,Maiaki,Odessa,Kherson,Pale,Odessa,Kherson,Ukraine SSR,Odessa,Odessa,Russian Empire,Soviet Union
1085,WRS_BLN_NDRZ,-2616566,3296,Mozheiki,Shavli,Kovno,Pale,Mazeikiai,Kovno,,Shavli,Mažeikiai,Russian Empire,Soviet Union
1086,EKT_MRP_NDZH,-1046356,3303,Medenice,Drohobycz,Galicia,Galicia,Lwow,Galicia,Lwów,Drohobycz,Drohobycz,Austrian Empire,Soviet Union
1087,GLC_STN_NDWR,-1046370,3309,Medviedovka,Chigirin,Kiev,Pale,Kirovograd,Kiev,Ukraine SSR,Chigirin,Kirovograd,Russian Empire,Soviet Union
1088,KHR_KHR_MLYI,,3310,Medyka,Przemysl,Galicia,Galicia,Lwow,,,,,,
1089,GLC_TRN_NGRZ,-1046397,3311,Medzhibozh,Letichev,Podolia,Pale,Kamenets-Podolski,Podolia,Ukraine SSR,Letichev,Kamenets-Podolski,Russian Empire,Soviet Union
1090,GLC_LWW_NHCZ,-2616452,3324,Meishagola,Vilnius,Vilna,Pale,Vilna,Vilna,Wilno,Vilnius,Wilno-Troki,,Soviet Union
1091,PRU_PSN_NKL,-1046418,3325,Melitopol,Melitopol,Taurida,Pale,Zaporozhe,Taurida,Ukraine SSR,Melitopol',Zaporozhe,Russian Empire,Soviet Union
1092,LBL_PLW_NLNC,-1046450,3334,Miena,Sosnitsa,Chernigov,Pale,Chernigov,Chernigov,Ukraine SSR,Sosnitsa,Chernigov,Russian Empire,Soviet Union
1093,VLN_OSH_NLBK,-2616684,3350,Merech,Troki,Vilna,Pale,Alytus,Vilna,,Troki,Alytus,,Soviet Union
1094,GLC_TRN_NRJW,-516297,3357,Meseritz,Miedzyrzecz,Preussen,Prussia,Posen-West,Preußen,Preußen,Posen,Posen-Westpreußen,Germany,Poland
1095,GRD_BLS_NRV,-2616706,3362,Mstele,Seiny,Suwalki,Congress Poland,Alytus,Suwałki,,Seiny,Alytus,Russian Empire,Soviet Union
1096,GRD_PRZ_NRVK,-1046534,3368,Mezhirov,Litin,Podolia,Pale,Vinnitsa,Podolia,Ukraine SSR,Litin,Vinnitsa,Russian Empire,Soviet Union
1097,VLH_OVR_NRDC,-2957321,3377,Mglin,Mglin,Chernigov,Pale,Oriol,Chernigov,Russian SSR,Mglin,Oriol,Russian Empire,Soviet Union
1098,GLC_LWW_NRL,-1946607,3378,Novyi Miadziol,Vileika,Vilna,Pale,Vilna,Vilna,Wilno,Vileika,Postawy,,Soviet Union
1099,MNS_RCH_NRVL,-1039462,3379,Miastkovka,Olgopol,Podolia,Pale,Vinnitsa,Podolia,Ukraine SSR,Ol'gopol',Vinnitsa,Russian Empire,Soviet Union
1100,SNP_IMB_NRV,-1946252,3381,Mikhalishki,Vilnius,Vilna,Pale,Vilna,Vilna,Wilno,Vilnius,Wilno-Troki,,Soviet Union
1101,WRS_PLT_NSLS,-516169,3388,Michów,Lubartow,Lublin,Congress Poland,Lublin,Lublin,Lublin,Liubartov,Lubartów,Russian Empire,Poland
1102,PRU_PMM_NGRD,-516183,3392,Miechów,Miechow,Kielce,Congress Poland,Kielce,Kielce,Kielce,Miekhov,Miechów,Russian Empire,Poland
1103,GLC_LWW_NWRY,,3393,Miedzeszynek,Warszawa,Warszawa,Congress Poland,Warsaw,,,,,,
1104,PRU_OST_NDNB,-516253,3394,Miedzna,Wegrow,Siedlce,Congress Poland,Lublin,Siedlce,Lublin,Vengrov,Węgrów,Russian Empire,Poland
1105,KVN_RSS_NMKS,-516257,3395,Miedzno,Czestochowa,Piotrkow,Congress Poland,Kielce,Piotrków,Kielce,Chenstokhov,Częstochowa,Russian Empire,Poland
1106,POD_BRT_NMRV,-516329,3397,Mielec,Mielec,Galicia,Galicia,Cracow,Galicia,Kraków,Mielec,Mielec,Austrian Empire,Poland
1107,VLN_TRK_NMNT,-2616728,3398,Melengiany,Sventsiany,Vilna,Pale,Vilna,Vilna,Wilno,Sventsiany,Święciany,,Soviet Union
1108,KVN_PNV_RDZV,-1046439,3399,Mielnica,Brody,Galicia,Galicia,Tarnopol,Galicia,Tarnopol,Borszczów,Borszczów,,Soviet Union
1109,CRL_FRD_NRT,-1046438,3400,Melnitsa,Kovel,Volhynia,Pale,Volhynia,Volhynia,Wołyń,Kovel',Kowel,Russian Empire,Soviet Union
1110,PRU_PMM_NSTT,,3401,Mielniczne,Turka,Galicia,Galicia,Lwow,,,,,,
1111,KVN_TLS_NVRN,-516355,3402,Melnik,Bielsk,Grodno,Pale,Bialystok,Grodno,Białystok,Bielsk,Bielsk,Russian Empire,Poland
1112,VTB_NVL_NVL,-1046531,3403,Mezhirich,Rovno,Volhynia,Pale,Volhynia,Volhynia,Wołyń,Rovno,Równe,Russian Empire,Soviet Union
1113,GLC_LWW_NBYL,-516296,3404,Międzyrzec,Radzyn,Siedlce,Congress Poland,Lublin,Siedlce,Lublin,Radin,Radzyń,Russian Empire,Poland
2663,MNS_SLT_MDVD,-1046548,3406,Myhove,Wiznitz,Bukovina,,Bukovina,Bukovina,Bucovina,Wiznitz,Storojineţ,Austrian Empire,Soviet Union
1114,MNS_NVG_NGNV,-1946240,3407,Mikashevichi,Mozyr,Minsk,Pale,Polesie,Minsk,Polesie,Mozyr',Łuniniec,Russian Empire,Soviet Union
1115,PTR_BND_NMC,-1047258,3410,Mikołajów,Zydaczow,Galicia,Galicia,Stanislawow,Galicia,Stanisławów,Żydaczów,Żydaczów,,Soviet Union
1116,VLN_VLN_NMNC,-1047644,3411,Mikołajów,Bobrka,Galicia,Galicia,Lwow,Galicia,Lwów,Bóbrka,Bóbrka,,Soviet Union
1117,GLC_LWW_NMRW,-516545,3412,Mixstadt,Ostrzeszow,Preussen,Prussia,Poznan,Preußen,Poznań,Posen,Ostrzeszów,Germany,Poland
1118,GRD_BLS_NMRV,-1046700,3413,Mikuliczyn,Nadworna,Galicia,Galicia,Stanislawow,Galicia,Stanisławów,Nadwórna,Nadwórna,,Soviet Union
1119,GLC_CRC_NPLM,-1046703,3414,Mikulińce,Tarnopol,Galicia,Galicia,Tarnopol,Galicia,Tarnopol,Tarnopol,Tarnopol,Austrian Empire,Soviet Union
1120,VLH_KVL_NSKH,-2958143,3415,Mikulino,Orsha,Mogilev,Pale,Smolensk,Mogilev,Russian SSR,Orsha,Smolensk,Russian Empire,Soviet Union
1121,MNS_SLT_NSVZ,-1046724,3418,Milianovichi,Kovel,Volhynia,Pale,Volhynia,Volhynia,Wołyń,Kovel',Kowel,Russian Empire,Soviet Union
2667,WRS_NSH_NSZW,-1046709,3422,Miliyeve,Wiznitz,Bukovina,,Bukovina,Bukovina,Bucovina,Wiznitz,Storojineţ,Austrian Empire,Soviet Union
2694,CRN_NZH_NZHN,,3423,Militsch,Schlesien,Prussia,,Lower Silesia,,,,,,
1122,KHR_KHR_NKLV,-1946311,3426,Miloslavichi,Klimovichi,Mogilev,Pale,Mogilev,Mogilev,Belarus SSR,Klimovichi,Mogilev,Russian Empire,Soviet Union
1123,PRU_OST_NKLK,,3428,Milowka,Zywiec,Galicia,Galicia,Cracow,,,,,,
1124,POD_PRS_NKLV,-1046739,3433,Minkovtsy,Novaia Ushitsa,Podolia,Pale,Kamenets-Podolski,Podolia,Ukraine SSR,Novaia Ushitsa,Kamenets-Podolski,Russian Empire,Soviet Union
1125,EKT_EKT_NKPL,-1946324,3434,Minsk,Minsk,Minsk,Pale,Minsk,Minsk,Belarus SSR,Minsk,Minsk,Russian Empire,Soviet Union
1126,GLC_LWW_NSK,-516724,3435,Nowo-Mińsk,Minsk Mazowiecki,Warszawa,Congress Poland,Warsaw,Warszawa,Warszawa,Novo-Minsk,Mińsk Mazowiecki,Russian Empire,Poland
1127,PTR_BND_NWK,-1946338,3436,Miory,Disna,Vilna,Pale,Vilna,Vilna,Wilno,Disna,Brasław,,Soviet Union
1128,VLN_VLK_NVK,-1946340,3437,Mir,Novogrudok,Minsk,Pale,Nowogrodek,Minsk,Nowogródek,Novogrudok,Stołpce,Russian Empire,Soviet Union
1129,GLC_LWW_NZNK,-1046747,3438,Mirgorod,Mirgorod,Poltava,Pale,Poltava,Poltava,Ukraine SSR,Mirgorod,Poltava,Russian Empire,Soviet Union
1130,EKT_NVM_AMR,-1046799,3440,Miropol,Novograd-Volynskii,Volhynia,Pale,Zhitomir,Volhynia,Ukraine SSR,Novograd-Volynskii,Zhitomir,Russian Empire,Soviet Union
1131,GLC_STN_NZNW,-2616836,3442,Miroslav,Seiny,Suwalki,Congress Poland,Alytus,Suwałki,,Seiny,Alytus,Russian Empire,Soviet Union
1132,PRU_PMM_NRNB,-1046849,3447,Mizoch,Dubno,Volhynia,Pale,Volhynia,Volhynia,Wołyń,Dubno,Zdołbunów,Russian Empire,Soviet Union
1133,TRD_BRD_NGSK,-1055142,3448,Mizuń Stary,Dolina,Galicia,Galicia,Stanislawow,Galicia,Stanisławów,Dolina,Dolina,Austrian Empire,Soviet Union
1134,PRU_OST_NRDN,-516819,3451,Mława,Mlawa,Plock,Congress Poland,Warsaw,Płock,Warszawa,Mlava,Mława,Russian Empire,Poland
1135,VLH_OVR_NRNS,-1046859,3453,Mlynov,Dubno,Volhynia,Pale,Volhynia,Volhynia,Wołyń,Dubno,Dubno,Russian Empire,Soviet Union
1136,MGL_GML_NSVC,-516962,3454,Mniszew,Kozienice,Radom,Congress Poland,Kielce,Radom,Kielce,Kozenitsy,Kozienice,Russian Empire,Poland
1137,CRN_NZH_NSVK,-517039,3458,Modliborzyce,Janow,Lublin,Congress Poland,Lublin,Lublin,Lublin,Ianov,Janów,Russian Empire,Poland
1138,BSS_KHT_NVSL,-517096,3470,Mogielnica,Grojec,Warszawa,Congress Poland,Warsaw,Warszawa,Warszawa,Groitsy,Grójec,Russian Empire,Poland
1139,KHR_ALK_NVPR,-1945803,3471,Mogilev,Mogilev,Mogilev,Pale,Mogilev,Mogilev,Belarus SSR,Mogilev,Mogilev,Russian Empire,Soviet Union
1140,KIV_BRD_NVPR,-1046905,3472,Mogilev,Mogilev,Podolia,Pale,Vinnitsa,Podolia,Ukraine SSR,Mogilev,Vinnitsa,Russian Empire,Soviet Union
1141,POD_NVU_NVUS,-517108,3473,Mogilno,Mogilno,Preussen,Prussia,Poznan,Preußen,Poznań,Posen,Mogilno,Germany,Poland
1142,NVG_NVG_VLKN,-1946405,3474,Mogilno,Igumen,Minsk,Pale,Minsk,Minsk,Belarus SSR,Igumen,Minsk,Russian Empire,Soviet Union
1143,CRN_NVG_NVGR,-517125,3480,Mokobody,Siedlce,Siedlce,Congress Poland,Lublin,Siedlce,Lublin,Siedlets,Siedlce,Russian Empire,Poland
1144,KHR_ELZ_NVAR,-1046938,3481,Mokraia Kaligorka,Zvenigorodka,Kiev,Pale,Kiev,Kiev,Ukraine SSR,Zvenigorodka,Kiev,Russian Empire,Soviet Union
1145,EKT_ALK_BGDR,-1946437,3484,Molchad,Slonim,Grodno,Pale,Nowogrodek,Grodno,Nowogródek,Slonim,Baranowicze,Russian Empire,Soviet Union
2614,POD_LTN_NVKN,-1164579,3486,Moldovita,Kimpolung,Bukovina,,Bukovina,Bukovina,Bucovina,Kimpolung,Câmpu-Lung,Austrian Empire,Romania
1146,KHR_ELZ_NVMR,-2616888,3487,Maliaty,Vilnius,Vilna,Pale,Utena,Vilna,,Vilnius,Utena,,Soviet Union
1147,EKT_NVM_NVMS,-1945843,3490,Molodechno,Vileika,Vilna,Pale,Vilna,Vilna,Wilno,Vileika,Mołodeczno,,Soviet Union
1148,KHR_ANN_NVPV,-1047031,3494,Monasterzyska,Buczacz,Galicia,Galicia,Tarnopol,Galicia,Tarnopol,Buczacz,Buczacz,Austrian Empire,Soviet Union
1149,KHR_KHR_NVPL,-1047028,3496,Monastyrishche,Lipovets,Kiev,Pale,Vinnitsa,Kiev,Ukraine SSR,Lipovets,Vinnitsa,Russian Empire,Soviet Union
1150,PSK_NVR_NVRZ,-2959841,3497,Monastyrshchina,Mstislavl,Mogilev,Pale,Smolensk,Mogilev,Russian SSR,Mstislavl',Smolensk,Russian Empire,Soviet Union
1151,PSK_VLK_NVSK,,3498,Monchocice,Kielce,Radom,Congress Poland,Kielce,,,,,,
1152,KHR_ELZ_PVLV,-517273,3511,Mordy,Siedlce,Siedlce,Congress Poland,Lublin,Siedlce,Lublin,Siedlets,Siedlce,Russian Empire,Poland
1153,KHR_KHR_NVVT,-1047129,3517,Mościska,Mosciska,Galicia,Galicia,Lwow,Galicia,Lwów,Mościska,Mościska,,Soviet Union
1154,KHR_KHR_NVVR,-2616904,3518,Masiady,Telshi,Kovno,Pale,Kretinga,Kovno,,Tel'shi,Kretinga,Russian Empire,Soviet Union
1155,KHR_KHR_NVZH,-1047094,3519,Moshny,Cherkasy,Kiev,Pale,Kiev,Kiev,Ukraine SSR,Cherkasy,Kiev,Russian Empire,Soviet Union
1156,CRN_NVZ_NVZY,-1047110,3520,Moskalówka,Kosow,Galicia,Galicia,Stanislawow,Galicia,Stanisławów,Kosów,Kosów,,Soviet Union
1157,EKT_ALK_NVZL,-1047138,3524,Mostovoe,Ananev,Kherson,Pale,Odessa,Kherson,Ukraine SSR,Anan'ev,Odessa,Russian Empire,Soviet Union
1158,MGL_STR_NVYB,-1946101,3525,Mosty,Grodno,Grodno,Pale,Bialystok,Grodno,Białystok,Grodna,Grodno,Russian Empire,Soviet Union
1159,KIV_SKV_NVFS,-517402,3526,Mosty Małe,Rawa,Galicia,Galicia,Lwow,Galicia,Lwów,Rawa Ruska,Rawa Ruska,Austrian Empire,Poland
1160,KHR_KHR_NVYB,-1946144,3530,Mozyr,Mozyr,Minsk,Pale,Polesie,Minsk,Belarus SSR,Mozyr',Polesie,Russian Empire,Soviet Union
1161,PTR_RVA_NWMS,-517465,3531,Mrotschen,Wyrzysk,Preussen,Prussia,Warsaw,Preußen,Poznań,Posen,Wyrzysk,Germany,Poland
1162,GLC_LWW_NWMS,-1946576,3532,Mstibovo,Volkovysk,Grodno,Pale,Bialystok,Grodno,Białystok,Volkovysk,Wołkowysk,Russian Empire,Soviet Union
1163,WRS_PLN_NWMS,-1946579,3534,Mstislavl,Mstislavl,Mogilev,Pale,Mogilev,Mogilev,Belarus SSR,Mstislavl',Mogilev,Russian Empire,Soviet Union
1164,GLC_LWW_NWSL,-1946578,3535,Mstizh,Borisov,Minsk,Pale,Minsk,Minsk,Belarus SSR,Borisov,Minsk,Russian Empire,Soviet Union
1165,GLC_TRN_NWSL,-517524,3536,Mstów,Czestochowa,Piotrkow,Congress Poland,Kielce,Piotrków,Kielce,Chenstokhov,Częstochowa,Russian Empire,Poland
1166,LBL_LBL_NWNY,-517537,3537,Mszana Dolna,Limanowa,Galicia,Galicia,Cracow,Galicia,Kraków,Limanowa,Limanowa,Austrian Empire,Poland
1167,LMZ_LMZ_NVGR,-517546,3538,Mszczonów,Blonie,Warszawa,Congress Poland,Warsaw,Warszawa,Warszawa,Blony,Błonie,Russian Empire,Poland
1168,MNS_NVG_NVGR,-550171,3540,Muehlhausen (I),,,,East Prussia,,,,,,
1169,GRD_SLN_NVLN,-1054967,3559,Staraia Murafa,Lampol,Podolia,Pale,Vinnitsa,Podolia,Ukraine SSR,Iampol',Vinnitsa,Russian Empire,Soviet Union
1170,VLN_LDA_NVYD,-1047211,3560,Muravitsa,Dubno,Volhynia,Pale,Volhynia,Volhynia,Wołyń,Dubno,Dubno,Russian Empire,Soviet Union
1171,GRD_VLK_NVYD,-1047220,3561,Murovannye Kurilovtsy,Novaia Ushitsa,Podolia,Pale,Vinnitsa,Podolia,Ukraine SSR,Novaia Ushitsa,Vinnitsa,Russian Empire,Soviet Union
1172,WRS_WRS_NWYD,-2616935,3563,Musniki,Vilnius,Vilna,Pale,Ukmerge,Vilna,,Vilnius,Ukmergė,,Soviet Union
1173,GRD_SKL_NVYD,-517607,3565,Muszyna,Nowy Sacz,Galicia,Galicia,Cracow,Galicia,Kraków,Nowy Sącz,Nowy Sącz,,Poland
1174,KLC_STP_NWYK,-517651,3570,Myślenice,Myslenice,Galicia,Galicia,Cracow,Galicia,Kraków,Myślenice,Myślenice,,Poland
2720,VLN_DSN_NVPG,-517680,3571,Myslowice,Schlesien,Prussia,,Silesia,Preußen,Sląsk,Schlesien,Katowice,Germany,Poland
1175,GLC_CRC_NWYS,-517704,3572,Myszków,Bedzin,Piotrkow,Congress Poland,Kielce,Piotrków,Kielce,Bendin,Zawiercie,Russian Empire,Poland
1176,LMZ_OST_NR,-517712,3573,Myshinets,Ostrolenka,Lomza,Congress Poland,Bialystok,Łomża,Białystok,Ostrolenka,Ostrołęka,Russian Empire,Poland
1177,MGL_SNN_OBCH,-517739,3578,Nadarzyn,Blonie,Warszawa,Congress Poland,Warsaw,Warszawa,Warszawa,Blony,Błonie,Russian Empire,Poland
1178,KVN_NVL_ABL,-1047303,3580,Nadezhnaia,Mariupol,Ekaterinoslav,Mainland Russia,Zaporozhe,Ekaterinoslav,Ukraine SSR,Mariupol',Zaporozhe,Russian Empire,Soviet Union
1179,GLC_STN_OBRT,-1047320,3583,Nadwórna,Nadworna,Galicia,Galicia,Stanislawow,Galicia,Stanisławów,Nadwórna,Nadwórna,,Soviet Union
1180,POD_OLG_OBDV,-1047331,3584,Malyi I Bolshoi Nagartov,Kherson,Kherson,Pale,Nikolaiev,Kherson,Ukraine SSR,Kherson,Nikolaiev,Russian Empire,Soviet Union
1181,MGL_ORS_OBLT,,3585,Nagorzanka,Buczacz,Galicia,Galicia,Tarnopol,,,,,,
1182,PRU_PSN_OBRS,-1047330,3603,Nahaczów,Jaworow,Galicia,Galicia,Lwow,Galicia,Lwów,Jaworów,Jaworów,,Soviet Union
1183,KIV_KIV_OBKH,-517826,3604,Nakel,Wyrzysk,Preussen,Prussia,Poznan,Preußen,Poznań,Posen,Wyrzysk,Germany,Poland
1184,KHR_ODS_OCHK,,3607,Nalenczow,Pulawy,Lublin,Congress Poland,Lublin,,,,,,
1185,GLC_CRC_OCHT,-1946652,3608,Nalibok,Oshmiany,Vilna,Pale,Nowogrodek,Vilna,Nowogródek,Oshmiany,Wołożyn,,Soviet Union
2749,GRD_SKL_ODLS,-517848,3610,Namyslow,Schlesien,Prussia,,Lower Silesia,Preußen,Preußen,Schlesien,Niederschlesien,Germany,Poland
1186,KHR_ODS_ODSS,-1047372,3618,Narajów,Brzezany,Galicia,Galicia,Tarnopol,Galicia,Tarnopol,Brzeżany,Brzeżany,,Soviet Union
1187,RDM_OPC_ODRZ,-517875,3619,Narev,Bielsk,Grodno,Pale,Bialystok,Grodno,Białystok,Bielsk,Bielsk,Russian Empire,Poland
1188,LVL_RIG_OGR,-517877,3620,Narevka,Pruzhany,Grodno,Pale,Bialystok,Grodno,Białystok,Pruzhany,Bielsk,Russian Empire,Poland
1189,LBL_LBR_OKRZ,-1047381,3621,Narodichi,Ovruch,Volhynia,Pale,Zhitomir,Volhynia,Ukraine SSR,Ovruch,Zhitomir,Russian Empire,Soviet Union
1190,WRS_WRS_OKNW,-517886,3623,Narol,Cieszanow,Galicia,Galicia,Lwow,Galicia,Lwów,Cieszanów,Lubaczów,,Poland
1191,GLC_TRN_OLSK,-1946669,3624,Narovlia,Riechitsa,Minsk,Pale,Polesie,Minsk,Belarus SSR,Riechitsa,Polesie,Russian Empire,Soviet Union
1192,PRU_SCH_RSNB,-2623958,3625,Narva,Iamburg,Sankt-Peterburg,Mainland Russia,,Sankt-Peterburg,,Iamburg,,Russian Empire,Soviet Union
1193,GLC_LWW_OLSZ,-517913,3629,Nasielsk,Pultusk,Warszawa,Congress Poland,Warsaw,Warszawa,Warszawa,Pultusk,Pułtusk,Russian Empire,Poland
1194,VLH_OVR_OLVS,,3634,Naugard,Pommern,Preussen,Prussia,Pomerania,,,,,,
2675,POD_OLG_OLGP,,3634,Naugard,Pommern,Prussia,,Pomerania,,,,,,
1195,VLH_LTS_OLZR,-1047417,3639,Nawarya,Lwow,Galicia,Galicia,Lwow,Galicia,Lwów,Lwów,Lwów,,Soviet Union
1196,VLN_TRK_OLKN,-518022,3656,Neidenburg,Nidzica,Preussen,Prussia,East Prussia,Preußen,Preußen,Ostpreußen,Ostpreußen,,Poland
2732,KLC_OLK_OLKS,-519190,3658,Nysa,Schlesien,Prussia,,Upper Silesia,Preußen,Preußen,Schlesien,Oberschlesien,Germany,Poland
1197,GLC_CRC_OLPN,-2617087,3661,Nemokshty,Rossieny,Kovno,Pale,Raseiniai,Kovno,,Rossieny,Raseiniai,Russian Empire,Soviet Union
1198,KIV_ZVN_OLSH,-1047506,3664,Nemirov,Bratslav,Podolia,Pale,Vinnitsa,Podolia,Ukraine SSR,Bratslav,Vinnitsa,Russian Empire,Soviet Union
1199,PRU_OST_ALLN_2,-2617098,3665,Niemonoitse,Troki,Vilna,Pale,Alytus,Vilna,,Troki,Alytus,,Soviet Union
1200,VLH_DBN_OLYK,-2617100,3666,Radzivilishki,Poneviezh,Kovno,Pale,Birzai,Kovno,,Poneviezh,Biržai,Russian Empire,Soviet Union
1201,KVN_NVL_GNSH,-3211216,3671,Nereta,Fridrikhshtadt,Courland,Mainland Russia,Zemgale,Courland,Zemgale,Fridrikhshtadt,Jēkabpils,Russian Empire,Soviet Union
2754,VLN_TRK_GNSH,-529632,3687,Sroda Slaska,Schlesien,Prussia,,Lower Silesia,Preußen,Preußen,Schlesien,Niederschlesien,Germany,Poland
2766,VLH_VLD_OPLN,-518601,3693,Nowa Sol,Schlesien,Prussia,,Lower Silesia,Preußen,Preußen,Schlesien,Niederschlesien,Germany,Poland
2727,RDM_OPT_OPTW,-523821,3696,Prudnik,Schlesien,Prussia,,Upper Silesia,Preußen,Preußen,Schlesien,Oberschlesien,Germany,Poland
1202,KLC_PNC_OPTW,-531884,3702,Neustettin,Pommern,Preussen,Prussia,Pomerania,Preußen,Preußen,Pommern,Pommern,Germany,Poland
1203,PSK_OPC_OPCH,-2617128,3705,Nevorany,Telshi,Kovno,Pale,Telsai,Kovno,,Tel'shi,Telšiai,Russian Empire,Soviet Union
1204,RDM_OPC_OPCZ,-2964395,3707,Nevel,Nevel,Vitebsk,Pale,Kalinin,Vitebsk,Russian SSR,Nevel',Kalinin,Russian Empire,Soviet Union
1205,LBL_PLW_OPL,-518042,3710,Niebylec,Rzeszow,Galicia,Galicia,Lwow,Galicia,Lwów,Rzeszów,Strzyżów,,Poland
1206,KIV_LPV_ORTV,-1946156,3731,Medviedichi,Slutsk,Minsk,Pale,Nowogrodek,Minsk,Nowogródek,Slutsk,Baranowicze,Russian Empire,Soviet Union
1207,TRD_BRD_ORKH,-1946708,3734,Negnevichi,Novogrudok,Minsk,Pale,Nowogrodek,Minsk,Nowogródek,Novogrudok,Nowogródek,Russian Empire,Soviet Union
1208,BSS_ORG_ORGV,-518213,3735,Niemce,Bedzin,Piotrkow,Congress Poland,Lublin,Piotrków,Kielce,Bendin,Będzin,Russian Empire,Poland
1209,POD_KMN_ORYN,-2617092,3736,Niemenchin,Vilnius,Vilna,Pale,Vilna,Vilna,Wilno,Vilnius,Wilno-Troki,,Soviet Union
1210,ORL_ORL_ORL,-1047507,3737,Niemirów,Rawa,Galicia,Galicia,Lwow,Galicia,Lwów,Rawa Ruska,Rawa Ruska,Austrian Empire,Soviet Union
1211,GRD_BLS_ORL,-518245,3738,Nemirovo,Bielsk,Grodno,Pale,Bialystok,Grodno,Białystok,Bielsk,Bielsk,Russian Empire,Poland
1212,VLN_LDA_ORL,-518285,3741,Niepołomice,Bochnia,Galicia,Galicia,Cracow,Galicia,Kraków,Bochnia,Bochnia,Austrian Empire,Poland
1213,GLC_LWW_ORW,-1047558,3742,Nesukhoizhi,Kovel,Volhynia,Pale,Volhynia,Volhynia,Wołyń,Kovel',Kowel,Russian Empire,Soviet Union
1214,MGL_ORS_ORSH,-1946768,3743,Nesvizh,Slutsk,Minsk,Pale,Nowogrodek,Minsk,Nowogródek,Slutsk,Nieśwież,Russian Empire,Soviet Union
1215,PRU_OST_ORTL,-518342,3744,Nieszawa,Nieszawa,Warszawa,Congress Poland,Warsaw,Warszawa,Warszawa,Neshava,Nieszawa,Russian Empire,Poland
1216,KLS_VLN_OSJK,-1047887,3747,Niezhin,Niezhin,Chernigov,Pale,Chernigov,Chernigov,Ukraine SSR,Niezhin,Chernigov,Russian Empire,Soviet Union
1217,SDL_GRV_OSCK,-1047257,3751,Nikolaev,Kherson,Kherson,Pale,Nikolaiev,Kherson,Ukraine SSR,Kherson,Nikolaiev,Russian Empire,Soviet Union
1218,GLC_CRC_OSK,,3752,Nikolaiken,Ketrzyn,Preussen,Prussia,East Prussia,,,,,,
1219,WRS_NSH_OSCN,-1047643,3753,Nikolaev,Proskurov,Podolia,Pale,Kamenets-Podolski,Podolia,Ukraine SSR,Proskurov,Kamenets-Podolski,Russian Empire,Soviet Union
1220,TRD_BRD_BRDN,-1047778,3754,Nikopol,Ekaterinoslav,Ekaterinoslav,Mainland Russia,Dnepropetrovsk,Ekaterinoslav,Ukraine SSR,Ekaterinoslav,Dnepropetrovsk,Russian Empire,Soviet Union
1221,MNS_BBR_OSPV,-518436,3759,Nisko,Nisko,Galicia,Galicia,Lwow,Galicia,Lwów,Nisko,Nisko,Austrian Empire,Poland
1222,GLC_STN_OSLW,-518458,3761,Niwka,Bedzin,Piotrkow,Congress Poland,Kielce,Piotrków,Kielce,Bendin,Będzin,Russian Empire,Poland
1223,VLH_RVN_OSV,-1946823,3762,Nivki,Vileika,Vilna,Pale,Vilna,Vilna,Wilno,Vileika,Wilejka,,Soviet Union
1224,CRN_OST_OSTR,-1047796,3763,Niżankowice,Przemysl,Galicia,Galicia,Lwow,Galicia,Lwów,Przemyśl,Przemyśl,,Soviet Union
1225,PRU_OST_OSTR,-1047807,3764,Amur,Novomoskovsk,Ekaterinoslav,Mainland Russia,Dnepropetrovsk,Ekaterinoslav,Ukraine SSR,Novomoskovsk,Dnepropetrovsk,Russian Empire,Soviet Union
1226,VLH_OST_OSTR,-1047832,3767,Niżniów,Tlumacz,Galicia,Galicia,Stanislawow,Galicia,Stanisławów,Tłumacz,Tłumacz,,Soviet Union
1227,LMZ_OSTL_OSTR,,3773,Noerenberg,Pommern,Preussen,Prussia,Pomerania,,,,,,
2671,VLH_NVG_OSTR,,3773,Noerenberg,Pommern,Prussia,,Pomerania,,,,,,
1228,MNS_MNS_OSTR,-1051547,3774,Nogaisk,Berdiansk,Taurida,Pale,Zaporozhe,Taurida,Ukraine SSR,Berdiansk,Zaporozhe,Russian Empire,Soviet Union
1229,PSK_OST_OSTR,,3779,Nordenburg,Frydlad,Preussen,Prussia,East Prussia,,,,,,
1230,MGL_SNN_OSTR,-1047900,3785,Norinsk,Ovruch,Volhynia,Pale,Zhitomir,Volhynia,Ukraine SSR,Ovruch,Zhitomir,Russian Empire,Soviet Union
1231,SDL_VLD_OSTR,-1946857,3787,Nosovichi,Gomel,Mogilev,Pale,Gomel,Mogilev,Belarus SSR,Gomel',Gomel,Russian Empire,Soviet Union
1232,RDM_OPT_OSTR,-1047912,3788,Nosovka,Niezhin,Chernigov,Pale,Chernigov,Chernigov,Ukraine SSR,Niezhin,Chernigov,Russian Empire,Soviet Union
1233,LMZ_OST_OSTR,-1048544,3789,Novoselitsy,Khotin,Bessarabia,Pale,Bessarabia,Bessarabia,Basarabia,Khotin,Hotin,Russian Empire,Soviet Union
1234,PRU_PSN_OSTR,-1048027,3797,Novaia Praga,Aleksandriia,Kherson,Pale,Kirovograd,Kherson,Ukraine SSR,Aleksandriia,Kirovograd,Russian Empire,Soviet Union
1235,VLH_DBN_OSTR,-1051730,3798,Novaia Priluka,Berdichev,Kiev,Pale,Vinnitsa,Kiev,Ukraine SSR,Berdichev,Vinnitsa,Russian Empire,Soviet Union
1236,VLN_LDA_OSTR,-1047930,3799,Novaia Ushitsa,Novaia Ushitsa,Podolia,Pale,Kamenets-Podolski,Podolia,Ukraine SSR,Novaia Ushitsa,Kamenets-Podolski,Russian Empire,Soviet Union
1237,VTB_DRS_OSV,-2968530,3805,Velikii Novgorod,Novgorod,Novgorod,Mainland Russia,Leningrad,Novgorod,Russian SSR,Novgorod,Leningrad,Russian Empire,Soviet Union
1238,GLC_CRC_OSWC,-1048076,3806,Novgorod-Sieversk,Novgorod-Sieversk,Chernigov,Pale,Chernigov,Chernigov,Ukraine SSR,Novgorod-Sieversk,Chernigov,Russian Empire,Soviet Union
1239,VLN_OSH_OSHM,-1048149,3811,Novo-Arkhangelsk,Elizavetgrad,Kherson,Pale,Kirovograd,Kherson,Ukraine SSR,Elizavetgrad,Kirovograd,Russian Empire,Soviet Union
1240,GLC_STN_OTTY,-1048192,3814,Bogodarovka,Aleksandrovsk,Ekaterinoslav,Mainland Russia,Zaporozhe,Ekaterinoslav,Ukraine SSR,Aleksandrovsk,Zaporozhe,Russian Empire,Soviet Union
1241,WRS_NWM_OTWC,-1048924,3819,Novo-Konstantinov,Litin,Podolia,Pale,Kamenets-Podolski,Podolia,Ukraine SSR,Litin,Kamenets-Podolski,Russian Empire,Soviet Union
1242,KHR_ODS_OVDP,-1048376,3821,Novomirgorod,Elizavetgrad,Kherson,Pale,Kirovograd,Kherson,Ukraine SSR,Elizavetgrad,Kirovograd,Russian Empire,Soviet Union
1243,VLH_OVR_OVRC,-1048384,3822,Novomoskovsk,Novomoskovsk,Ekaterinoslav,Mainland Russia,Dnepropetrovsk,Ekaterinoslav,Ukraine SSR,Novomoskovsk,Dnepropetrovsk,Russian Empire,Soviet Union
1244,MNS_BBR_OZRC,-1048452,3823,Novo-Pavlovka,Ananev,Kherson,Pale,Odessa,Kherson,Ukraine SSR,Anan'ev,Odessa,Russian Empire,Soviet Union
1245,POD_MGL_OZRN,-1048509,3826,Novo-Poltavka,Kherson,Kherson,Pale,Nikolaiev,Kherson,Ukraine SSR,Kherson,Nikolaiev,Russian Empire,Soviet Union
1246,RDM_OPT_OZRW,-2970183,3828,Novorzhev,Novorzhev,Pskov,Mainland Russia,Kalinin,Pskov,Russian SSR,Novorzhev,Kalinin,Russian Empire,Soviet Union
1247,VLH_VLD_OZDT,-2970575,3830,Novosokolniki,Velikie Luki,Pskov,Mainland Russia,Kalinin,Pskov,Russian SSR,Velikie Luki,Kalinin,Russian Empire,Soviet Union
1248,MNS_IGM_UZLN,-1048752,3831,Pavlovsk,Elizavetgrad,Kherson,Pale,Kirovograd,Kherson,Ukraine SSR,Elizavetgrad,Kirovograd,Russian Empire,Soviet Union
1249,KLS_LNC_OZRK,-1048782,3832,Novo-Vitebsk,Kherson,Kherson,Pale,Dnepropetrovsk,Kherson,Ukraine SSR,Kherson,Dnepropetrovsk,Russian Empire,Soviet Union
1250,PTR_LSK_PBNC,-1048796,3833,Novo-Vorontsovka,Kherson,Kherson,Pale,Nikolaiev,Kherson,Ukraine SSR,Kherson,Nikolaiev,Russian Empire,Soviet Union
1251,KLC_STP_PCNW,-1048855,3835,Novo-Zhitomir,Kherson,Kherson,Pale,Dnepropetrovsk,Kherson,Ukraine SSR,Kherson,Dnepropetrovsk,Russian Empire,Soviet Union
1252,KVN_VLK_PGRY,-2971417,3836,Novozybkov,Novozybkov,Chernigov,Pale,Oriol,Chernigov,Russian SSR,Novozybkov,Oriol,Russian Empire,Soviet Union
1253,EST_VSN_VSNS,-1048857,3837,Novo-Zlatopol,Aleksandrovsk,Ekaterinoslav,Mainland Russia,Zaporozhe,Ekaterinoslav,Ukraine SSR,Aleksandrovsk,Zaporozhe,Russian Empire,Soviet Union
1254,PTR_NVR_PJCZ,-1947096,3839,Novyi Bykhov,Staro-Bykhov,Mogilev,Pale,Mogilev,Mogilev,Belarus SSR,Staro-Bykhov,Mogilev,Russian Empire,Soviet Union
1255,KVN_RSS_PRZH,-1048914,3840,Novofastov,Skvira,Kiev,Pale,Vinnitsa,Kiev,Ukraine SSR,Skvira,Vinnitsa,Russian Empire,Soviet Union
1256,KVN_PNV_PKR,-1048877,3841,Novyi-Bug,Kherson,Kherson,Pale,Nikolaiev,Kherson,Ukraine SSR,Kherson,Nikolaiev,Russian Empire,Soviet Union
1257,CRL_GRB_PLNG,-518857,3844,Nowe Miasto,Rawa,Piotrkow,Congress Poland,Lodz,Piotrków,Warszawa,Rava,Rawa,Russian Empire,Poland
1258,KVN_NVL_PNDL,-1048834,3845,Nowe Miasto,Dobromil,Galicia,Galicia,Lwow,Galicia,Lwów,Dobromil,Dobromil,Austrian Empire,Soviet Union
1259,KVN_NVL_PNMN,-518853,3846,Nowe Miasto,Plonsk,Warszawa,Congress Poland,Warsaw,Warszawa,Warszawa,Plonsk,Płońsk,Russian Empire,Poland
1260,KVN_PNV_PNVZ,,3847,Nowe Siolo (I),Zolkiew,Galicia,Galicia,Lwow,,,,,,
1261,VLN_TRK_PNNS,,3848,Nowe Siolo (Ii),Zbaraz,Galicia,Galicia,Tarnopol,,,,,,
1262,KVN_SHV_PPLN,,3849,Nowiny Pokarczmiska,Lublin,Lublin,Congress Poland,Lublin,,,,,,
1263,RDM_OPC_PRDY,-518975,3850,Novogrod,Lomzha,Lomza,Congress Poland,Bialystok,Łomża,Białystok,Lomzha,Łomża,Russian Empire,Poland
1264,VLN_VLK_PRFN,-1946683,3851,Novogrudok,Novogrudok,Minsk,Pale,Nowogrodek,Minsk,Nowogródek,Novogrudok,Nowogródek,Russian Empire,Soviet Union
1265,SDL_VLD_PRCZ,-1947067,3852,Novoelnia,Slonim,Grodno,Pale,Nowogrodek,Grodno,Nowogródek,Slonim,Nowogródek,Russian Empire,Soviet Union
1266,SDL_GRV_PRYS,-1947100,3854,Novyi Dvor,Lida,Vilna,Pale,Nowogrodek,Vilna,Nowogródek,Lida,Lida,,Soviet Union
1267,PRU_PMM_PSWL,-1947099,3855,Novyi Dvor,Volkovysk,Grodno,Pale,Bialystok,Grodno,Białystok,Volkovysk,Wołkowysk,Russian Empire,Soviet Union
1268,GLC_STN_PSCZ,-519071,3856,Nowy Dwór,Warszawa,Warszawa,Congress Poland,Warsaw,Warszawa,Warszawa,Warsaw,Warszawa,Russian Empire,Poland
1269,KVN_PNV_PSVL,-519062,3857,Novyi Dvor,Sokolki,Grodno,Pale,Bialystok,Grodno,Białystok,Sokolki,Sokółka,Russian Empire,Poland
1270,KVN_SHV_PSHV,-519097,3858,Nowy Korczyn,Stopnica,Kielce,Congress Poland,Kielce,Kielce,Kielce,Stopnica,Stopnica,,Poland
1271,EKT_PVL_PVLG,-1947160,3859,Novo-Pogost,Disna,Vilna,Pale,Vilna,Vilna,Wilno,Disna,Brasław,,Soviet Union
1272,KIV_SKV_PVLC,-519123,3860,Nowy Sącz,Nowy Sacz,Galicia,Galicia,Cracow,Galicia,Kraków,Nowy Sącz,Nowy Sącz,,Poland
1273,POD_BRT_PCHR,-519177,3862,Nur,Ostrov,Lomza,Congress Poland,Bialystok,Łomża,Białystok,Ostrov,Ostrów,Russian Empire,Poland
1274,GLC_STN_PCZN,-1947182,3890,Obchuga,Sienno,Mogilev,Pale,Minsk,Mogilev,Belarus SSR,Sienno,Minsk,Russian Empire,Soviet Union
1275,TRD_PRK_PRKP,-2617212,3891,Abeli,Novoaleksandrovsk,Kovno,Pale,Rokiskis,Kovno,,Novoaleksandrovsk,Rokiškis,Russian Empire,Soviet Union
2728,LVL_PRN_PRNV,-501810,3900,Glogowek,Schlesien,Prussia,,Upper Silesia,Preußen,Preußen,Schlesien,Oberschlesien,Germany,Poland
1276,KHR_BLT_BGPL,-1049005,3918,Obertyn,Kolomyja,Galicia,Galicia,Stanislawow,Galicia,Stanisławów,Horodenka,Horodenka,Austrian Empire,Soviet Union
1277,POD_OLG_PSCH,-1049025,3924,Obodovka,Olgopol,Podolia,Pale,Vinnitsa,Podolia,Ukraine SSR,Ol'gopol',Vinnitsa,Russian Empire,Soviet Union
1278,POD_BLT_PSCH,-1947187,3925,Oboltsy,Orsha,Mogilev,Pale,Vitebsk,Mogilev,Belarus SSR,Orsha,Vitebsk,Russian Empire,Soviet Union
1279,MNS_MZY_PTRK,-519313,3928,Obersitzko,Szamotuly,Preussen,Prussia,Poznan,Preußen,Poznań,Posen,Szamotuły,Germany,Poland
1280,MGL_KLM_PTRV,-1049050,3930,Obukhov,Kiev,Kiev,Pale,Kiev,Kiev,Ukraine SSR,Kiev,Kiev,Russian Empire,Soviet Union
1281,WRS_WRS_PSCZ,-1049062,3931,Ochakov,Odessa,Kherson,Pale,Nikolaiev,Kherson,Ukraine SSR,Odessa,Nikolaiev,Russian Empire,Soviet Union
1282,GRD_VLK_PSK,,3932,Ochotnica,Nowy Targ,Galicia,Galicia,Cracow,,,,,,
1283,LBL_LBL_PSK,-1947210,3937,Odelsk,Sokolki,Grodno,Pale,Bialystok,Grodno,Białystok,Sokolki,Sokółka,Russian Empire,Soviet Union
1284,KLS_LNC_PTK,-1049092,3941,Odessa,Odessa,Kherson,Pale,Odessa,Kherson,Ukraine SSR,Odessa,Odessa,Russian Empire,Soviet Union
1285,KIV_TRS_PTGR,-519430,3945,Odrzywół,Opoczno,Radom,Congress Poland,Lodz,Radom,Kielce,Opochno,Opoczno,Russian Empire,Poland
2756,VLH_ZHT_PTK,-519691,3950,Olesnica,Schlesien,Prussia,,Lower Silesia,Preußen,Preußen,Schlesien,Niederschlesien,Germany,Poland
1286,KLS_LNC_PTK_2,-3211301,3957,Ogre,Riga,Livland,Mainland Russia,Vidzeme,Livland,Vidzeme,Riga,Rīga,Russian Empire,Soviet Union
2695,LMZ_LMZ_PNTN,,3959,Ohlau,Schlesien,Prussia,,Lower Silesia,,,,,,
1287,VTB_DRS_PRDR,,3961,Okrzeja,Lukow,Lublin,Congress Poland,Lublin,,,,,,
1288,PLT_PRS_PRSL,-519589,3964,Okuniew,Warszawa,Warszawa,Congress Poland,Warsaw,Warszawa,Warszawa,Warsaw,Warszawa,Russian Empire,Poland
1289,KLC_STP_PRZC,-1049235,3968,Olesko,Zloczow,Galicia,Galicia,Tarnopol,Galicia,Tarnopol,Złoczów,Złoczów,,Soviet Union
1290,KVN_TLS_PKL,-519708,3969,Rosenberg,Olesno,Preussen,Prussia,Kielce,Preußen,Preußen,Schlesien,Oberschlesien,Germany,Poland
1291,POD_VNN_NVYP,-519718,3970,Oleszyce,Cieszanow,Galicia,Galicia,Lwow,Galicia,Lwów,Cieszanów,Lubaczów,,Poland
1292,POD_LTN_PLYV,-1049236,3971,Olevsk,Ovruch,Volhynia,Pale,Zhitomir,Volhynia,Ukraine SSR,Ovruch,Zhitomir,Russian Empire,Soviet Union
1293,KLC_OLK_PLC,-1049259,3972,Olgopol,Olgopol,Podolia,Pale,Vinnitsa,Podolia,Ukraine SSR,Ol'gopol',Vinnitsa,Russian Empire,Soviet Union
1294,SWL_MRM_PLVS,-1042463,3973,Olizarka,Lutsk,Volhynia,Pale,Volhynia,Volhynia,Polesie,Lutsk,Sarny,Russian Empire,Soviet Union
1295,POD_LTN_PLV,-2620337,3974,Olkeniki,Troki,Vilna,Pale,Vilna,Vilna,Wilno,Troki,Wilno-Troki,,Soviet Union
1296,GLC_CRC_PLZN,-519731,3975,Olkusz,Olkusz,Kielce,Congress Poland,Kielce,Kielce,Kielce,Ol'kush,Olkusz,Russian Empire,Poland
1297,KLC_PNC_PNCZ,,3978,Olpiny,Jaslo,Galicia,Galicia,Cracow,,,,,,
1298,MNS_PNS_PNSK,-1049299,3979,Olshana,Zvenigorodka,Kiev,Pale,Kiev,Kiev,Ukraine SSR,Zvenigorodka,Kiev,Russian Empire,Soviet Union
1299,KLC_STP_PTRK,-519859,3980,Allenstein,Olsztyn,Preussen,Prussia,Kielce,Preußen,Preußen,Ostpreußen,Ostpreußen,,Poland
1300,WRS_NSH_PTRK,-1049331,3982,Olyka,Dubno,Volhynia,Pale,Volhynia,Volhynia,Wołyń,Dubno,Łuck,Russian Empire,Soviet Union
1301,PTR_PTR_PTRK,-2617231,3988,Ganushishki,Novoaleksandrovsk,Kovno,Pale,Rokiskis,Kovno,,Novoaleksandrovsk,Rokiškis,Russian Empire,Soviet Union
1302,PLT_PRT_PRTN,-2617230,3989,Ganishushki,Troki,Vilna,Pale,Troki,Vilna,,Troki,Trakai,,Soviet Union
1303,GLC_STN_PSTY,-1049363,3990,Opalin,Vladimir-Volynskii,Volhynia,Pale,Volhynia,Volhynia,Wołyń,Vladimir-Volynskii,Luboml,Russian Empire,Soviet Union
1304,SDL_BLA_PSZC,-519939,3993,Opatów,Opatow,Radom,Congress Poland,Kielce,Radom,Kielce,Opatov,Opatów,Russian Empire,Poland
1305,GLC_CRC_PWNC,-519946,3994,Opatowiec,Dabrowa,Kielce,Congress Poland,Kielce,Kielce,Kielce,Pinchov,Pińczów,Russian Empire,Poland
2696,KVN_TLS_PLTL,,3995,Opava,Schlesien,Prussia,,Silesia,,,,,,
1306,LVL_RIG_PLVN,-2974712,3996,Opochka,Opochka,Pskov,Mainland Russia,Kalinin,Pskov,Russian SSR,Opochka,Kalinin,Russian Empire,Soviet Union
1307,PTR_NVR_PLWN,-519966,3997,Opoczno,Opoczno,Radom,Congress Poland,Lodz,Radom,Kielce,Opochno,Opoczno,Russian Empire,Poland
1308,MNS_BRS_PLSH,-519976,3998,Opole,Pulawy,Lublin,Congress Poland,Lublin,Lublin,Lublin,Puławy,Puławy,,Poland
2736,PRU_PSN_PLSC,-519973,3999,Opole,Schlesien,Prussia,,Upper Silesia,Preußen,Preußen,Schlesien,Oberschlesien,Germany,Poland
2555,KIV_LPV_PLSK,-1947347,4001,Opsa,Novoaleksandrovsk,Kovno,Pale,Vilna,Kovno,Wilno,Novoaleksandrovsk,Brasław,Russian Empire,Soviet Union
1309,VLN_DSN_PLS,-1049383,4006,Oratov,Lipovets,Kiev,Pale,Vinnitsa,Kiev,Ukraine SSR,Lipovets,Vinnitsa,Russian Empire,Soviet Union
1310,PLC_PLT_PLCK,-1049405,4012,Oriekhov,Berdiansk,Taurida,Pale,Zaporozhe,Taurida,Ukraine SSR,Berdiansk,Zaporozhe,Russian Empire,Soviet Union
1311,WRS_PLN_PLNS,-2277051,4013,Orgieev,Orgieev,Bessarabia,Pale,Bessarabia,Bessarabia,Basarabia,Orgieev,Orhei,Russian Empire,Soviet Union
1312,MNS_PNS_PLTN,-1049433,4014,Orynin,Kamenets-Podolsk,Podolia,Pale,Kamenets-Podolski,Podolia,Ukraine SSR,Kamenets-Podol'sk,Kamenets-Podolski,Russian Empire,Soviet Union
1313,KVN_TLS_PLNG,-2974908,4015,Orel,Orel,Orel,Mainland Russia,Oriol,Orel,Russian SSR,Orel,Oriol,Russian Empire,Soviet Union
1314,KVN_NVL_PLSY,-520022,4017,Orlia,Bielsk,Grodno,Pale,Bialystok,Grodno,Białystok,Bielsk,Bielsk,Russian Empire,Poland
1315,PRU_PSN_PNN,-1947387,4018,Orlia,Lida,Vilna,Pale,Nowogrodek,Vilna,Nowogródek,Lida,Lida,,Soviet Union
2704,GLC_STN_PNW,,4020,Orlova,Schlesien,Prussia,,Silesia,,,,,,
1316,GLC_STN_PBRZ,-1049478,4024,Orów,Drohobycz,Galicia,Galicia,Lwow,Galicia,Lwów,Drohobycz,Drohobycz,Austrian Empire,Soviet Union
1317,MNS_BBR_PBLV,-1947390,4025,Orsha,Orsha,Mogilev,Pale,Vitebsk,Mogilev,Belarus SSR,Orsha,Vitebsk,Russian Empire,Soviet Union
1318,SML_ELN_PCHN,-532063,4027,Ortelsburg,Szczytno,Preussen,Prussia,East Prussia,Preußen,Preußen,Ostpreußen,Ostpreußen,,Poland
1319,VLH_KRM_NVYP,-520298,4032,Osjaków,Wielun,Kalisz,Congress Poland,Lodz,Kalisz,Łódż,Veliun',Wieluń,Russian Empire,Poland
1320,GLC_LWW_PDBZ,-520178,4033,Osieck,Garwolin,Siedlce,Congress Poland,Lublin,Siedlce,Lublin,Garvolin,Garwolin,Russian Empire,Poland
1321,PTR_LDZ_PDDM,-520233,4034,Osiek,Jaslo,Galicia,Galicia,Cracow,Galicia,Kraków,Jasło,Jasło,,Poland
1322,MGL_GML_PDDB,-520176,4036,Osięciny,Nieszawa,Warszawa,Congress Poland,Warsaw,Warszawa,Warszawa,Neshava,Nieszawa,Russian Empire,Poland
1323,GLC_TRN_PDHJ,-1035337,4038,Berdiansk,Berdiansk,Taurida,Pale,Zaporozhe,Taurida,Ukraine SSR,Berdiansk,Zaporozhe,Russian Empire,Soviet Union
1324,GLC_LWW_PDHR,-1947435,4039,Osipovich,Bobruisk,Minsk,Pale,Mogilev,Minsk,Belarus SSR,Bobruisk,Mogilev,Russian Empire,Soviet Union
1325,GLC_TRN_PDKM,-1035311,4041,Osław Biały,Nadworna,Galicia,Galicia,Stanislawow,Galicia,Stanisławów,Nadwórna,Nadwórna,,Soviet Union
1326,GLC_STN_PDKM,-1049557,4045,Osova,Rovno,Volhynia,Pale,Volhynia,Volhynia,Wołyń,Rovno,Kostopol,Russian Empire,Soviet Union
1327,GLC_TRN_PDWL,-1049587,4048,Oster,Oster,Chernigov,Pale,Chernigov,Chernigov,Ukraine SSR,Oster,Chernigov,Russian Empire,Soviet Union
1328,CRN_STR_PGR,-520439,4050,Osterode,Ostroda,Preussen,Prussia,East Prussia,Preußen,Preußen,Ostpreußen,Ostpreußen,,Poland
1329,MNS_IGM_PGST,-1049602,4054,Ostrog,Ostrog,Volhynia,Pale,Volhynia,Volhynia,Wołyń,Ostrog,Zdołbunów,Russian Empire,Soviet Union
1330,KIV_BRD_PGRB,-520447,4057,Ostrolenka,Ostrolenka,Lomza,Congress Poland,Bialystok,Łomża,Białystok,Ostrolenka,Ostrołęka,Russian Empire,Poland
1331,MNS_PNS_PGST,-1049607,4058,Ostropol,Novograd-Volynskii,Volhynia,Pale,Kamenets-Podolski,Volhynia,Ukraine SSR,Novograd-Volynskii,Kamenets-Podolski,Russian Empire,Soviet Union
1332,MNS_PNS_PGST_2,-1947513,4059,Ostroshitskii Gorodok,Minsk,Minsk,Pale,Minsk,Minsk,Belarus SSR,Minsk,Minsk,Russian Empire,Soviet Union
1333,KIV_UMN_PKTL,-2976171,4060,Ostrov,Ostrov,Pskov,Mainland Russia,Leningrad,Pskov,Russian SSR,Ostrov,Leningrad,Russian Empire,Soviet Union
1334,RDM_SND_PLNC,-1947541,4061,Ostrovno,Sienno,Mogilev,Pale,Vitebsk,Mogilev,Belarus SSR,Sienno,Vitebsk,Russian Empire,Soviet Union
1335,EKT_ALK_PLG,-520581,4062,Ostrów,Wlodawa,Siedlce,Congress Poland,Lublin,Siedlce,Lublin,Vlodava,Włodawa,Russian Empire,Poland
1336,MNS_NVG_PLNK,-520544,4063,Ostrowiec,Opatow,Radom,Congress Poland,Kielce,Radom,Kielce,Opatov,Opatów,Russian Empire,Poland
1337,VLH_NVG_PLNN,-520582,4065,Ostrov,Ostrov,Lomza,Congress Poland,Bialystok,Łomża,Białystok,Ostrov,Ostrów,Russian Empire,Poland
1338,VTB_PLT_PLTS,-520608,4066,Ostrowo,Ostrow,Preussen,Prussia,Poznan,Preußen,Poznań,Posen,Ostrów,Germany,Poland
1339,PLT_PLT_PLTV,-1049643,4067,Ostrozhets,Dubno,Volhynia,Pale,Volhynia,Volhynia,Wołyń,Dubno,Dubno,Russian Empire,Soviet Union
1340,WRS_PLN_PMCH,-1947565,4068,Ostrino,Lida,Vilna,Pale,Nowogrodek,Vilna,Nowogródek,Lida,Lida,,Soviet Union
1341,GLC_TRN_PMRZ,-1947567,4070,Osveia,Drissa,Vitebsk,Pale,Vitebsk,Vitebsk,Belarus SSR,Drissa,Vitebsk,Russian Empire,Soviet Union
1342,VLH_NVG_PNNK,-520665,4071,Oświęcim,Biala,Galicia,Galicia,Cracow,Galicia,Kraków,Biała,Oświęcim,,Poland
1343,KIV_SKV_PPLN,-1940949,4072,Oshmiany,Oshmiany,Vilna,Pale,Vilna,Vilna,Wilno,Oshmiany,Oszmiana,,Soviet Union
1344,POD_MGL_PPVT,-1049692,4078,Ottynia,Tlumacz,Galicia,Galicia,Stanislawow,Galicia,Stanisławów,Tłumacz,Tłumacz,,Soviet Union
1345,WRS_PLT_PPWK,-520732,4079,Otwock,Minsk Mazowiecki,Warszawa,Congress Poland,Warsaw,Warszawa,Warszawa,Novo-Minsk,Warszawa,Russian Empire,Poland
1346,WRS_RDM_PRMB,-1049696,4082,Ovidiopol,Odessa,Kherson,Pale,Odessa,Kherson,Ukraine SSR,Odessa,Zhitomir,Russian Empire,Soviet Union
1347,GLC_STN_PRHY,-1049703,4083,Ovruch,Ovruch,Volhynia,Pale,Zhitomir,Volhynia,Ukraine SSR,Ovruch,Zhitomir,Russian Empire,Soviet Union
1348,RDM_OPT_PRMB,-1947589,4084,Ozarichi,Bobruisk,Minsk,Pale,Polesie,Minsk,Belarus SSR,Bobruisk,Polesie,Russian Empire,Soviet Union
1349,VLN_DSN_PRZR,-1049716,4085,Ozarintsy,Mogilev,Podolia,Pale,Vinnitsa,Podolia,Ukraine SSR,Mogilev,Vinnitsa,Russian Empire,Soviet Union
1350,GRD_VLK_PRZV,-520768,4086,Ożarów,Opatow,Radom,Congress Poland,Kielce,Radom,Kielce,Opatov,Opatów,Russian Empire,Poland
1351,GRD_GRD_PRCH,-1049771,4088,Ozdiutichi,Vladimir-Volynskii,Volhynia,Pale,Volhynia,Volhynia,Wołyń,Vladimir-Volynskii,Horochów,Russian Empire,Soviet Union
1352,VLN_DSN_PSTV,-1951007,4089,Uzliany,Igumen,Minsk,Pale,Minsk,Minsk,Belarus SSR,Igumen,Minsk,Russian Empire,Soviet Union
1353,GLC_TRN_PTK,-520795,4091,Ozorków,Leczyca,Kalisz,Congress Poland,Lodz,Kalisz,Łódż,Lenchitsa,Łęczyca,Russian Empire,Poland
1354,GLC_LWW_PTYL,-520801,4092,Pabianice,Lask,Piotrkow,Congress Poland,Lodz,Piotrków,Łódż,Lask,Łask,Russian Empire,Poland
1355,PRU_PSN_PSN,-520803,4093,Pacanów,Stopnica,Kielce,Congress Poland,Kielce,Kielce,Kielce,Stopnica,Stopnica,,Poland
1356,KLS_VLN_PRSZ,-2617379,4099,Pogiry,Vilkomir,Kovno,Pale,Ukmerge,Kovno,,Vil'komir,Ukmergė,Russian Empire,Soviet Union
1357,VTB_DVN_PRL,-2624293,4100,Veisenshtein,Veisenshtein,Estland,Mainland Russia,,Estland,,Veisenshtein,Järvamaa,Russian Empire,Soviet Union
1358,PRU_WST_FRDL,-520853,4101,Pajęczno,Noworadomsk,Piotrkow,Congress Poland,Lodz,Piotrków,Łódż,Novoradomsk,Radomsko,Russian Empire,Poland
1359,PRU_OST_PRSS,-2617433,4102,Poiurzhe,Rossieny,Kovno,Pale,Taurage,Kovno,,Rossieny,Tauragė,Russian Empire,Soviet Union
1360,CRL_GRB_PRKL,-2617498,4104,Pokroi,Poneviezh,Kovno,Pale,Siauliai,Kovno,,Poneviezh,Šiauliai,Russian Empire,Soviet Union
1361,SWL_MRM_PRNY,-2617520,4106,Polangen,Grobin,Courland,Mainland Russia,Kretinga,Courland,,Grobin,Kretinga,Russian Empire,Soviet Union
1362,PLT_PRL_PRLK,-2617615,4111,Ponediel,Novoaleksandrovsk,Kovno,Pale,Rokiskis,Kovno,,Novoaleksandrovsk,Rokiškis,Russian Empire,Soviet Union
1363,GLC_TRN_PRBZ,-2617618,4112,Panemunelis,Novoaleksandrovsk,Kovno,Pale,Rokiskis,Kovno,,Novoaleksandrovsk,Rokiškis,Russian Empire,Soviet Union
1364,EKT_MRP_GRFS,-2617631,4114,Poneviezh,Poneviezh,Kovno,Pale,Panevezys,Kovno,,Poneviezh,Panevėžys,Russian Empire,Soviet Union
1365,MGL_STR_PRPS,-2617635,4115,Pananishki,Troki,Vilna,Pale,Troki,Vilna,,Troki,Trakai,,Soviet Union
1366,POD_PRS_PRSK,-2617657,4118,Popeliany,Shavli,Kovno,Pale,Siauliai,Kovno,,Shavli,Šiauliai,Russian Empire,Soviet Union
1367,PRU_OST_PRST,-521003,4121,Paradyż,Opoczno,Radom,Congress Poland,Lodz,Radom,Kielce,Opochno,Opoczno,Russian Empire,Poland
1368,SDL_WGR_PRST,-1947678,4122,Parafianovo,Vileika,Vilna,Pale,Vilna,Vilna,Wilno,Vileika,Dzisna,,Soviet Union
1369,KLC_MKH_PRSZ,-521034,4126,Parczew,Wlodawa,Siedlce,Congress Poland,Lublin,Siedlce,Lublin,Vlodava,Włodawa,Russian Empire,Poland
2595,GLC_LWW_PRCH,-2277157,4134,Pirlita,Bieltsy,Bessarabia,,Bessarabia,Bessarabia,Basarabia,Bieltsy,Bălţi,Russian Empire,Soviet Union
1370,WRS_WRS_PRSZ,-521091,4137,Parysów,Garwolin,Siedlce,Congress Poland,Lublin,Siedlce,Lublin,Garvolin,Garwolin,Russian Empire,Poland
1371,GRD_PRZ_PRZH,,4140,Pasewalk,Pommern,Preussen,Prussia,Pomerania,,,,,,
2673,GLC_CRC_PRZC,,4140,Pasewalk,Pommern,Prussia,,Pomerania,,,,,,
1372,GLC_LWW_PRZM,,4141,Pasieczna,Stanislawow,Galicia,Galicia,Stanislawow,,,,,,
1373,GLC_TRN_PRZM,-2617762,4144,Posvol,Poneviezh,Kovno,Pale,Birzai,Kovno,,Poneviezh,Biržai,Russian Empire,Soviet Union
1374,SWL_SVL_PRZH,-2617768,4145,Poshvityn,Shavli,Kovno,Pale,Siauliai,Kovno,,Shavli,Šiauliai,Russian Empire,Soviet Union
1375,WRS_PLN_PRZY,-1049945,4152,Pavlograd,Pavlograd,Ekaterinoslav,Mainland Russia,Dnepropetrovsk,Ekaterinoslav,Ukraine SSR,Pavlograd,Dnepropetrovsk,Russian Empire,Soviet Union
1376,PTR_PTR_PRZY,-1050019,4154,Pavoloch,Skvira,Kiev,Pale,Zhitomir,Kiev,Ukraine SSR,Skvira,Zhitomir,Russian Empire,Soviet Union
1377,PTR_CHN_PRZY,-1050048,4157,Pechara,Bratslav,Podolia,Pale,Vinnitsa,Podolia,Ukraine SSR,Bratslav,Vinnitsa,Russian Empire,Soviet Union
1378,RDM_OPC_PRZY,-1050032,4162,Peczeniżyn,Kolomyja,Galicia,Galicia,Stanislawow,Galicia,Stanisławów,Kołomyja,Peczeniżyn,,Soviet Union
2707,PSK_PSK_PSKV,,4164,Peiskretscham,Schlesien,Prussia,,Upper Silesia,,,,,,
1379,MNS_IGM_PKHV,-1050105,4171,Perekop,Perekop,Taurida,Pale,Crimea,Taurida,Ukraine SSR,Perekop,Crimea,Russian Empire,Soviet Union
1380,LBL_PLW_NWAL,-2624430,4174,Pernov,Pernov,Livland,Mainland Russia,,Livland,,Pernov,Pärnumaa,Russian Empire,Soviet Union
1381,WRS_PLT_PLTS,-1050242,4178,Bogopol,Balta,Kherson,Pale,Odessa,Kherson,Ukraine SSR,Elizavetgrad,Odessa,Russian Empire,Soviet Union
1382,KVN_PNV_PMPN,-1050298,4179,Peschanka,Olgopol,Podolia,Pale,Vinnitsa,Podolia,Ukraine SSR,Ol'gopol',Vinnitsa,Russian Empire,Soviet Union
1383,SWL_SVL_PNSK,-1050292,4180,Peschana,Balta,Podolia,Pale,Moldavia,Podolia,Moldavian ASSR,Balta,,Russian Empire,Soviet Union
2653,PRU_PMM_PYRT,,4188,Petrauti,Suczawa,Bukovina,,Bukovina,,,,,,
1384,GLC_LWW_PYSZ,-1947888,4189,Petrikov,Mozyr,Minsk,Pale,Polesie,Minsk,Belarus SSR,Mozyr',Polesie,Russian Empire,Soviet Union
1385,KLS_SLP_PYZD,-2981595,4193,Petrovichi,Klimovichi,Mogilev,Pale,Smolensk,Mogilev,Russian SSR,Klimovichi,Smolensk,Russian Empire,Soviet Union
1386,GLC_CRC_RBK,-521463,4206,Piaseczno,Warszawa,Warszawa,Congress Poland,Warsaw,Warszawa,Warszawa,Warsaw,Warszawa,Russian Empire,Poland
1387,VLH_KRM_RKHM,-1947863,4207,Peski,Volkovysk,Grodno,Pale,Bialystok,Grodno,Białystok,Volkovysk,Wołkowysk,Russian Empire,Soviet Union
1388,PLC_SRP_RCZ,-521547,4208,Piaski,Lublin,Lublin,Congress Poland,Lublin,Lublin,Lublin,Liublin,Lublin,Russian Empire,Poland
1389,SWL_AVG_RCHK,-521588,4210,Piątek,Leczyca,Kalisz,Congress Poland,Lodz,Kalisz,Łódż,Lenchitsa,Łęczyca,Russian Empire,Poland
1390,GLC_CRC_RDGS,-1051868,4212,Piatigory,Tarashcha,Kiev,Pale,Kiev,Kiev,Ukraine SSR,Tarashcha,Kiev,Russian Empire,Soviet Union
1391,GLC_CRC_RDLW,-1051878,4213,Piatka,Zhitomir,Volhynia,Pale,Zhitomir,Volhynia,Ukraine SSR,Zhitomir,Zhitomir,Russian Empire,Soviet Union
1392,RDM_RDM_RDM,-521588,4214,Piątek,Leczyca,Kalisz,Congress Poland,Lwow,Kalisz,Łódż,Lenchitsa,Łęczyca,Russian Empire,Poland
1393,PTR_NVR_NWRD,-521603,4215,Piontnitsa,Lomzha,Lomza,Congress Poland,Bialystok,Łomża,Białystok,Lomzha,Łomża,Russian Empire,Poland
1394,KIV_RDM_RDMY,-3211634,4218,Pridruisk,Drissa,Vitebsk,Pale,Latgale,Vitebsk,Latgale,Drissa,Daugavpils,Russian Empire,Soviet Union
1395,GLC_CRC_RDMY,-1050197,4220,Pereiaslavl,Pereiaslav,Poltava,Pale,Kiev,Poltava,Ukraine SSR,Pereiaslav,Kiev,Russian Empire,Soviet Union
1396,VLN_VLK_RDSH,-521781,4221,Pierzchnica,Stopnica,Kielce,Congress Poland,Kielce,Kielce,Kielce,Stopnica,Stopnica,,Poland
1397,RDM_KNS_RDSZ,-2617982,4224,Pikeli,Telshi,Kovno,Pale,Mazeikiai,Kovno,,Tel'shi,Mažeikiai,Russian Empire,Soviet Union
1398,VLN_LDA_RDN,-1048951,4225,Novyi Pikov,Vinnitsa,Podolia,Pale,Vinnitsa,Podolia,Ukraine SSR,Vinnitsa,Vinnitsa,Russian Empire,Soviet Union
1399,KVN_SHV_RDZV,-1050626,4226,Pilyava,Litin,Podolia,Pale,Lublin,Podolia,Ukraine SSR,Litin,Kamenets-Podolski,Russian Empire,Soviet Union
1400,GLC_LWW_RDYM,-521910,4228,Pilica,Olkusz,Kielce,Congress Poland,Kielce,Kielce,Kielce,Ol'kush,Olkusz,Russian Empire,Poland
1401,PLC_MLV_RDZN,-2618013,4233,Pilvishki,Mariampol,Suwalki,Congress Poland,Vilkaviskis,Suwałki,,Mariampol',Vilkaviškis,Russian Empire,Soviet Union
1402,GLC_TRN_RDZC,-1050626,4234,Piliava,Litin,Podolia,Pale,Kamenets-Podolski,Podolia,Ukraine SSR,Litin,Kamenets-Podolski,Russian Empire,Soviet Union
1403,LMZ_SHC_RDZL,-521931,4235,Pilzno,Pilzno,Galicia,Galicia,Cracow,Galicia,Kraków,Pilzno,Pilzno,,Poland
1404,VLH_KRM_RDZV,-521934,4236,Pińczów,Pinczow,Kielce,Congress Poland,Kielce,Kielce,Kielce,Pinchov,Pińczów,Russian Empire,Poland
1405,WRS_RDM_RDZY,-1947920,4238,Pinsk,Pinsk,Minsk,Pale,Polesie,Minsk,Polesie,Pinsk,Pińsk,Russian Empire,Soviet Union
1406,SDL_RDN_RDZY,-521970,4239,Piotrkowice,Stopnica,Kielce,Congress Poland,Kielce,Kielce,Kielce,Stopnica,Stopnica,,Poland
1407,VLH_LTS_RFLV,-521980,4240,Piotrkowo,Nieszawa,Warszawa,Congress Poland,Warsaw,Warszawa,Warszawa,Neshava,Nieszawa,Russian Empire,Poland
1408,KVN_VLK_RGV,-521986,4241,Piotrków,Piotrkow,Piotrkow,Congress Poland,Lodz,Piotrków,Łódż,Petrokov,Piotrków,Russian Empire,Poland
1409,VLH_ZHT_RGRD,-1050654,4243,Piriatin,Piriatin,Poltava,Pale,Poltava,Poltava,Ukraine SSR,Piriatin,Poltava,Russian Empire,Soviet Union
1410,GLC_CRC_RJCZ,-1050697,4251,Pistyń,Kosow,Galicia,Galicia,Stanislawow,Galicia,Stanisławów,Kosów,Kosów,,Soviet Union
1411,LMZ_SHC_RGRD,-522105,4252,Piszczac,Biala,Siedlce,Congress Poland,Lublin,Siedlce,Lublin,Biela,Biała Podlaska,Russian Empire,Poland
2702,MNS_MNS_RKV,,4255,Pitschen,Schlesien,Prussia,,Upper Silesia,,,,,,
1412,RDM_OPT_RKW,,4256,Piwniczna,Nowy Sacz,Galicia,Galicia,Cracow,,,,,,
1413,KVN_PNV_RMGL,-2618033,4257,Ploteli,Telshi,Kovno,Pale,Kretinga,Kovno,,Tel'shi,Kretinga,Russian Empire,Soviet Union
1414,GLC_LWW_RNSC,-3211743,4261,Pliavinas,Riga,Livland,Mainland Russia,Livonia,Livland,Vidzeme,Riga,Rīga,Russian Empire,Soviet Union
1415,KVN_RSS_RSSN,-522189,4262,Pławno,Noworadomsk,Piotrkow,Congress Poland,Lodz,Piotrków,Łódż,Novoradomsk,Radomsko,Russian Empire,Poland
1416,POD_OLG_RSHK,-1947957,4263,Pleshchenitsy,Borisov,Minsk,Pale,Minsk,Minsk,Belarus SSR,Borisov,Minsk,Russian Empire,Soviet Union
1417,PRU_OST_RSTN,-522234,4265,Pleschen,Pleszew,Preussen,Prussia,Poznan,Preußen,Poznań,Posen,Pleszew,Germany,Poland
1418,VLH_KVL_RTN,-1050754,4267,Pliskov,Lipovets,Kiev,Pale,Vinnitsa,Kiev,Ukraine SSR,Lipovets,Vinnitsa,Russian Empire,Soviet Union
1419,PRU_SCH_RTBR,-1947980,4268,Plisa,Disna,Vilna,Pale,Vilna,Vilna,Wilno,Disna,Dzisna,,Soviet Union
1420,PTR_RVA_RW,-522275,4269,Płock,Plock,Plock,Congress Poland,Warsaw,Płock,Warszawa,Plotsk,Płock,Russian Empire,Poland
1421,GLC_LWW_RWRS,-522311,4272,Płońsk,Plonsk,Warszawa,Congress Poland,Warsaw,Warszawa,Warszawa,Plonsk,Płońsk,Russian Empire,Poland
2622,PRU_PSN_RWTS,,4274,Plosca,Unknown,Bukovina,,Bukovina,,,,,,
1422,POD_GSN_RGRD,-1947991,4275,Plotnitsa,Pinsk,Minsk,Pale,Polesie,Minsk,Polesie,Pinsk,Stolin,Russian Empire,Soviet Union
1423,MNS_RCH_RCHT,-2618072,4276,Plungiany,Telshi,Kovno,Pale,Telsiai,Kovno,,Tel'shi,Telšiai,Russian Empire,Soviet Union
1424,PRU_PMM_RGNW,-1948000,4277,Pliusy,Novoaleksandrovsk,Kovno,Pale,Vilna,Kovno,Wilno,Novoaleksandrovsk,Brasław,Russian Empire,Soviet Union
1425,LBL_KHL_RJWC,-522399,4280,Pinne,Szamotuly,Preussen,Prussia,Poznan,Preußen,Poznań,Posen,Szamotuły,Germany,Poland
1426,WRS_WRS_RMBR,,4281,Pniow,Nadworna,Galicia,Galicia,Stanislawow,,,,,,
1427,BSS_IZM_RN,,4282,Pobereze,Stanislawow,Galicia,Galicia,Stanislawow,,,,,,
1428,VTB_RZH_RZHT,-1948005,4284,Pobolovo,Bobruisk,Minsk,Pale,Gomel,Minsk,Belarus SSR,Bobruisk,Gomel,Russian Empire,Soviet Union
1429,MGL_CHS_RSN,-2983573,4286,Pochinok,Elnia,Smolensk,Mainland Russia,Smolensk,Smolensk,Russian SSR,El'nia,Smolensk,Russian Empire,Soviet Union
1430,VTB_RZH_RYBN,-1050831,4288,Novyi Pochaev,Kremenets,Volhynia,Pale,Volhynia,Volhynia,Wołyń,Kremenets,Krzemieniec,Russian Empire,Soviet Union
1431,PRU_WST_RSNB,-1050848,4291,Podbuż,Drohobycz,Galicia,Galicia,Lwow,Galicia,Lwów,Drohobycz,Drohobycz,Austrian Empire,Soviet Union
1432,KVN_RSS_RTV,-522499,4292,Poddembice,Leczyca,Piotrkow,Congress Poland,Lodz,,,,,,
1433,LVL_RIG_RG,-1948026,4293,Poddobrianka,Gomel,Mogilev,Pale,Gomel,Mogilev,Belarus SSR,Gomel',Gomel,Russian Empire,Soviet Union
1434,GLC_STN_RSLN,-1050871,4295,Podhajce,Podhajce,Galicia,Galicia,Tarnopol,Galicia,Tarnopol,Podhajce,Podhajce,Austrian Empire,Soviet Union
1435,MGL_RGC_RGCH,,4297,Podhorodyszcze,Bobrka,Galicia,Galicia,Lwow,,,,,,
1436,PRU_PSN_RGSN,-1050909,4299,Podkamień,Brody,Galicia,Galicia,Tarnopol,Galicia,Tarnopol,Brody,Brody,Austrian Empire,Soviet Union
1437,GLC_STN_RHTY,-1050909,4300,Podkamień,Brody,Galicia,Galicia,Stanislawow,Galicia,Tarnopol,Brody,Brody,Austrian Empire,Soviet Union
1438,KVN_NVL_RKSH,-1051014,4306,Podwołoczyska,Skalat,Galicia,Galicia,Tarnopol,Galicia,Tarnopol,Skałat,Skałat,,Soviet Union
1439,VLH_OVR_RKTN,-2984446,4308,Pogar,Starodub,Chernigov,Pale,Oriol,Chernigov,Russian SSR,Starodub,Oriol,Russian Empire,Soviet Union
1440,KIV_VSL_RKTN,-1948136,4310,Pogost,Igumen,Minsk,Pale,Mogilev,Minsk,Belarus SSR,Igumen,Mogilev,Russian Empire,Soviet Union
1441,VLH_NVG_RMNV,-1051066,4311,Pogrebishche,Berdichev,Kiev,Pale,Vinnitsa,Kiev,Ukraine SSR,Berdichev,Vinnitsa,Russian Empire,Soviet Union
1442,PLT_RMN_RMNY,-1948140,4314,Pogost-Zagorodskii,Pinsk,Minsk,Pale,Polesie,Minsk,Polesie,Pinsk,Pińsk,Russian Empire,Soviet Union
1443,GLC_LWW_RPCZ,-1060217,4315,Pogost-Zariechnoi,Pinsk,Minsk,Pale,Polesie,Minsk,Polesie,Pinsk,Pińsk,Russian Empire,Soviet Union
1444,GRD_VLK_RSS,-1051084,4318,Pokotilova,Uman,Kiev,Pale,Kirovograd,Kiev,Ukraine SSR,Uman',Kirovograd,Russian Empire,Soviet Union
1445,MGL_GRK_RSSS,-522990,4319,Połaniec,Sandomierz,Radom,Congress Poland,Kielce,Radom,Kielce,Sandomir,Sandomierz,Russian Empire,Poland
1446,VTB_DRS_RSTS,-1051161,4324,Pologi,Aleksandrovsk,Ekaterinoslav,Mainland Russia,Zaporozhe,Ekaterinoslav,Ukraine SSR,Aleksandrovsk,Zaporozhe,Russian Empire,Soviet Union
1447,SML_RSL_RSLV,-1948178,4325,Polonka,Novogrudok,Minsk,Pale,Nowogrodek,Minsk,Nowogródek,Novogrudok,Baranowicze,Russian Empire,Soviet Union
1448,SDL_BLA_RSSS,-1051178,4326,Polonnoe,Novograd-Volynskii,Volhynia,Pale,Kamenets-Podolski,Volhynia,Ukraine SSR,Novograd-Volynskii,Kamenets-Podolski,Russian Empire,Soviet Union
1449,DNV_RST_RSTV,-1948152,4327,Polotsk,Polotsk,Vitebsk,Pale,Vitebsk,Vitebsk,Belarus SSR,Polotsk,Vitebsk,Russian Empire,Soviet Union
1450,GLC_STN_RSLN,-1051195,4328,Poltava,Poltava,Poltava,Pale,Poltava,Poltava,Ukraine SSR,Poltava,Poltava,Russian Empire,Soviet Union
1451,KIV_CHR_RTMS,,4330,Pomiechowek,Plonsk,Warszawa,Congress Poland,Warsaw,,,,,,
1452,EKT_MRP_RVNP,-1051256,4331,Pomorzany,Zloczow,Galicia,Galicia,Tarnopol,Galicia,Tarnopol,Złoczów,Zborów,,Soviet Union
1453,VLH_RVN_RVN,-1051262,4333,Paninka,Novograd-Volynskii,Volhynia,Pale,Kamenets-Podolski,Volhynia,Ukraine SSR,Novograd-Volynskii,Kamenets-Podolski,Russian Empire,Soviet Union
1454,KVN_PNV_RZLN,-1051281,4334,Popelnia,Skvira,Kiev,Pale,Zhitomir,Kiev,Ukraine SSR,Skvira,Zhitomir,Russian Empire,Soviet Union
1455,LMZ_MKV_RZN,-1051330,4335,Popovtsy,Mogilev,Podolia,Pale,Vinnitsa,Podolia,Ukraine SSR,Mogilev,Vinnitsa,Russian Empire,Soviet Union
1456,GLC_STN_RZDL,,4336,Popowo Koscielne,Pultusk,Warszawa,Congress Poland,Warsaw,,,,,,
1457,GRD_SLN_RZHN,-523405,4340,Poremba-Kotsemby,Ostrow,Warszawa,Congress Poland,Warsaw,,,,,,
1458,VLN_LDA_RZHN,-868066,4342,Porohy,Bohorodczany,Galicia,Galicia,Stanislawow,,,,,,
1459,GLC_STN_RZNW,,4343,Porombka,Kielce,Radom,Congress Poland,Kielce,,,,,,
1460,PTR_PTR_RZPR,-1948427,4345,Prozoroki,Disna,Vilna,Pale,Vilna,Vilna,Wilno,Disna,Dzisna,,Soviet Union
1461,GLC_LWW_RZWD,-1948277,4346,Porozovo,Volkovysk,Grodno,Pale,Bialystok,Grodno,Białystok,Volkovysk,Wołkowysk,Russian Empire,Soviet Union
1462,VLH_LTS_BLSH,-1948264,4349,Poreche,Grodno,Grodno,Pale,Bialystok,Grodno,Białystok,Grodno,Grodno,,Soviet Union
1463,MNS_MZY_RBL,-1947709,4350,Postavy,Disna,Vilna,Pale,Vilna,Vilna,Wilno,Disna,Postawy,,Soviet Union
1464,MNS_MNS_RBZH,-1061007,4352,Potok,Buczacz,Galicia,Galicia,Tarnopol,Galicia,Tarnopol,Buczacz,Buczacz,Austrian Empire,Soviet Union
1465,VLN_VLN_RDMN,-1051413,4354,Potylicz,Rawa,Galicia,Galicia,Lwow,Galicia,Lwów,Rawa Ruska,Rawa Ruska,Austrian Empire,Soviet Union
1466,PTR_LDZ_RDPB,-523642,4358,Posen,Poznan,Preussen,Prussia,Poznan,Preußen,Poznań,Posen,Poznań,Germany,Poland
1467,MNS_IGM_RDNS,-523695,4361,Praszka,Wielun,Kalisz,Congress Poland,Lodz,Kalisz,Łódż,Veliun',Wieluń,Russian Empire,Poland
1468,LBL_KRS_RDK,-3211851,4363,Preli,Dvinsk,Vitebsk,Pale,Latgale,Vitebsk,Latgale,Dvinsk,Daugavpils,Russian Empire,Soviet Union
1469,GLC_LWW_RDNK,-499313,4369,Friedland,Czluchow,Preussen,Prussia,Posen-West,Preußen,Preußen,Westpreußen,Posen-Westpreußen,,Poland
1470,GLC_LWW_RDNK_2,-521145,4370,Preußisch Holland,Paslek,Preussen,Prussia,East Prussia,Preußen,Preußen,Ostpreußen,Ostpreußen,,Poland
1471,MGL_ORS_RDN,-3211876,4377,Prekuln,Grobin,Courland,Mainland Russia,Kurzeme,Courland,Kurzeme,Grobin,Liepāja,Russian Empire,Soviet Union
1472,PRU_PMM_RGNW_2,-2618166,4378,Preny,Mariampol,Suwalki,Congress Poland,Marijampole,Suwałki,,Mariampol',Marijampolė,Russian Empire,Soviet Union
1473,LVL_VLM_RN,-1051731,4381,Priluki,Priluki,Poltava,Pale,Chernigov,Poltava,Ukraine SSR,Priluki,Chernigov,Russian Empire,Soviet Union
1474,PRU_PMM_RMML,-1051638,4385,Probużna,Husiatyn,Galicia,Galicia,Tarnopol,Galicia,Tarnopol,Husiatyń,Kopyczyńce,,Soviet Union
1475,KVN_KVN_RMSH,-1051667,4387,Grafskaia,Mariupol,Ekaterinoslav,Mainland Russia,Zaporozhe,Ekaterinoslav,Ukraine SSR,Mariupol',Zaporozhe,Russian Empire,Soviet Union
1476,LMZ_LMZ_RTK,-1949631,4388,Propoisk,Staro-Bykhov,Mogilev,Pale,Mogilev,Mogilev,Belarus SSR,Staro-Bykhov,Mogilev,Russian Empire,Soviet Union
1477,KIV_SKV_RZHN,-1041435,4389,Proskurov,Proskurov,Podolia,Pale,Kamenets-Podolski,Podolia,Ukraine SSR,Proskurov,Kamenets-Podolski,Russian Empire,Soviet Union
1478,POD_BLT_RYBN,,4391,Prostken,Elk,Preussen,Prussia,East Prussia,,,,,,
1479,GLC_LWW_RYBT,-523798,4392,Prostyń,Wegrow,Siedlce,Congress Poland,Lublin,Siedlce,Lublin,Vengrov,Węgrów,Russian Empire,Poland
1480,KLS_KNN_RYCH,-523810,4393,Proszowice,Miechow,Kielce,Congress Poland,Kielce,Kielce,Kielce,Miekhov,Miechów,Russian Empire,Poland
1481,PRU_PSN_RTSC,-523818,4394,Pruchnik,Jaroslaw,Galicia,Galicia,Lwow,Galicia,Lwów,Jarosław,Jarosław,,Poland
1482,GLC_CRC_RYGL,-523884,4398,Pruszków,Warszawa,Warszawa,Congress Poland,Warsaw,Warszawa,Warszawa,Warsaw,Warszawa,Russian Empire,Poland
1483,SDL_GRV_RYK,-1948472,4399,Pruzhany,Pruzhany,Grodno,Pale,Polesie,Grodno,Polesie,Pruzhany,Prużana,Russian Empire,Soviet Union
1484,GLC_LWW_RYMN,-523920,4401,Przecław,Pilzno,Galicia,Galicia,Cracow,Galicia,Kraków,Mielec,Mielec,Austrian Empire,Poland
1485,KVN_NVL_RMSH,-524021,4404,Przemyśl,Przemysl,Galicia,Galicia,Lwow,Galicia,Lwów,Przemyśl,Przemyśl,,Soviet Union
1486,PLC_RYP_RYPN,-1050142,4405,Przemyślany,Przemyslany,Galicia,Galicia,Tarnopol,Galicia,Tarnopol,Przemyślany,Przemyślany,,Soviet Union
1487,KIV_ZVN_RYZH,-524048,4406,Przherosl,Suvalki,Suwalki,Congress Poland,Bialystok,Suwałki,Białystok,Suvalki,Suwałki,Russian Empire,Poland
1488,,,4408,Przyborowice Gorne,Plonsk,Warszawa,Congress Poland,Warsaw,,,,,,
1489,GLC_CRC_RZPN,,4410,Przyglow,Piotrkow,Piotrkow,Congress Poland,Lodz,,,,,,
1490,GLC_LWW_RZSZ,-524309,4411,Przyrów,Czestochowa,Piotrkow,Congress Poland,Kielce,Piotrków,Kielce,Chenstokhov,Częstochowa,Russian Empire,Poland
1491,KIV_KIV_RZHS,-524359,4412,Przysucha,Opoczno,Radom,Congress Poland,Lodz,Radom,Kielce,Opochno,Opoczno,Russian Empire,Poland
1492,,-2989168,4414,Pskov,Pskov,Pskov,Mainland Russia,Leningrad,Pskov,Russian SSR,Pskov,Leningrad,Russian Empire,Soviet Union
2717,CRL_TLS_TSBL,-524482,4415,Pszczyna,Schlesien,Prussia,,Silesia,Preußen,Sląsk,Schlesien,Pszczyna,Germany,Poland
1493,VTB_RZH_RZHT_2,-1948498,4421,Pukhovichi Stan III,Igumen,Minsk,Pale,Minsk,Minsk,Belarus SSR,Igumen,Minsk,Russian Empire,Soviet Union
1494,GLC_LWW_SDWW,-524540,4423,Nowa Aleksandria,Pulawy,Lublin,Congress Poland,Lublin,Lublin,Lublin,Puławy,Puławy,,Poland
1495,LBL_LBR_SDWN,-524549,4424,Pułtusk,Pultusk,Warszawa,Congress Poland,Warsaw,Warszawa,Warszawa,Pultusk,Pułtusk,Russian Empire,Poland
1496,SWL_VLD_SHK,-2618206,4425,Pompiany,Poneviezh,Kovno,Pale,Birzai,Kovno,,Poneviezh,Biržai,Russian Empire,Soviet Union
1497,EKT_VRK_SKSG,-524553,4427,Punsk,Suvalki,Suwalki,Congress Poland,Bialystok,Suwałki,Białystok,Suvalki,Suwałki,Russian Empire,Poland
2660,KVN_NVL_SLK,-1051823,4433,Putyla,Wiznitz,Bukovina,,Bukovina,Bukovina,Bucovina,Wiznitz,Rădăuţi,Austrian Empire,Soviet Union
1498,KVN_TLS_SLNT,,4436,Pyritz,Pommern,Preussen,Prussia,Pomerania,,,,,,
2669,CRL_GLD_FRNB,,4436,Pyritz,Pommern,Prussia,,Pomerania,,,,,,
1499,POD_LTN_SLNT,-524651,4438,Pysznica,Nisko,Galicia,Galicia,Lwow,Galicia,Lwów,Nisko,Nisko,Austrian Empire,Poland
1500,KVN_PNV_SLTY,-524656,4439,Pyzdry,Slupca,Kalisz,Congress Poland,Lodz,Kalisz,Łódż,Sluptsy,Słupca,Russian Empire,Poland
1501,GLC_LWW_SMBR,-524684,4444,Rabka,Myslenice,Galicia,Galicia,Cracow,Galicia,Kraków,Myślenice,Maków,,Poland
1502,KIV_BRD_SMGR,-1051972,4447,Rokhmanovo,Kremenets,Volhynia,Pale,Volhynia,Volhynia,Wołyń,Kremenets,Krzemieniec,Russian Empire,Soviet Union
1503,MNS_MNS_SMKH,-524708,4448,Raciąż,Sierpc,Plock,Congress Poland,Warsaw,Płock,Warszawa,Serpets,Sierpc,Russian Empire,Poland
1504,MGL_CHR_SMTV,-524755,4451,Rachki,Avgustov,Suwalki,Congress Poland,Bialystok,Suwałki,Białystok,Avgustov,Augustów,Russian Empire,Poland
2602,RDM_SND_SNDM,-1168197,4452,Radauti,Dorohoi,Bukovina,,Bukovina,Moldavia,Moldavia,Dorohoi,Dorohoiu,,Romania
2629,WRS_GST_SNNK,-1168196,4452,Radauti,Radautz,Bukovina,,Bukovina,Bukovina,Bucovina,Radautz,Rădăuţi,Austrian Empire,Romania
1505,SDL_KNS_SRNK,-524803,4454,Radgoszcz,Dabrowa,Galicia,Galicia,Cracow,Galicia,Kraków,Dąbrowa,Dąbrowa,,Poland
1506,VLH_RVN_SRNY,-524833,4455,Radłów,Brzeg,Galicia,Galicia,Cracow,Galicia,Kraków,Brzesko,Brzesko,Austrian Empire,Poland
1507,GLC_TRN_SSSW,-524856,4456,Radom,Radom,Radom,Congress Poland,Kielce,Radom,Kielce,Radom,Radom,Russian Empire,Poland
1508,VLN_VLN_SHSH,-524875,4457,Nowo-Radomsk,Noworadomsk,Piotrkow,Congress Poland,Lodz,Piotrków,Łódż,Novoradomsk,Radomsko,Russian Empire,Poland
1509,POD_PRS_STNV,-1051928,4458,Radomysl,Radomysl,Kiev,Pale,Zhitomir,Kiev,Ukraine SSR,Radomysl',Zhitomir,Russian Empire,Soviet Union
1510,KVN_SHV_SHVK,-524880,4460,Radomyśl,Mielec,Galicia,Galicia,Cracow,Galicia,Kraków,Mielec,Mielec,Austrian Empire,Poland
1511,POD_BLT_SVRN,-1948592,4463,Radoshkovichi,Vileika,Vilna,Pale,Vilna,Vilna,Wilno,Vileika,Mołodeczno,,Soviet Union
1512,LBL_KHL_SWN,-524927,4464,Radoszyce,Konskie,Radom,Congress Poland,Lodz,Radom,Kielce,Konsk,Końskie,Russian Empire,Poland
1513,PRU_OST_SCHP,-1948600,4466,Radun,Lida,Vilna,Pale,Grodno,Vilna,Nowogródek,Lida,Lida,,Soviet Union
1514,PRU_PMM_SCHV,-2618313,4467,Radzivilishki,Shavli,Kovno,Pale,Siauliai,Kovno,,Shavli,Šiauliai,Russian Empire,Soviet Union
1515,PRU_WST_SCHL,-524975,4469,Radymno,Jaroslaw,Galicia,Galicia,Lwow,Galicia,Lwów,Jarosław,Jarosław,,Poland
1516,GLC_LWW_SCHD,-524980,4470,Radzanów,Mlawa,Plock,Congress Poland,Warsaw,Płock,Warszawa,Mlava,Mława,Russian Empire,Poland
1517,PRU_PSN_SCHW,-1051905,4471,Radziechów,Kamionka,Galicia,Galicia,Tarnopol,Galicia,Tarnopol,Kamionka Strumiłowa,Radziechów,,Soviet Union
1518,BSS_BLT_SKLN,-525026,4473,Radzilovo,Shchuchin,Lomza,Congress Poland,Bialystok,Łomża,Białystok,Shchuchin,Szczuczyn,Russian Empire,Poland
1519,VTB_SBZ_SBZH,-1037228,4474,Radzivilov,Kremenets,Volhynia,Pale,Volhynia,Volhynia,Wołyń,Kremenets,Dubno,Russian Empire,Soviet Union
1520,KLC_WLS_SCMN,-525047,4475,Radzymin,Radzymin,Warszawa,Congress Poland,Warsaw,Warszawa,Warszawa,Radimin,Radzymin,Russian Empire,Poland
1521,BSS_KHT_SKRN,-525055,4476,Radzyń,Radzyn,Siedlce,Congress Poland,Lublin,Siedlce,Lublin,Radin,Radzyń,Russian Empire,Poland
1522,KVN_TLS_SDY,-1051968,4478,Rafalovka,Lutsk,Volhynia,Pale,Volhynia,Volhynia,Polesie,Lutsk,Sarny,Russian Empire,Soviet Union
1523,KVN_SHV_SHDV,-2618327,4480,Rogovo,Vilkomir,Kovno,Pale,Panevezys,Kovno,,Vil'komir,Panevėžys,Russian Empire,Soviet Union
1524,GLC_CRC_SDZS,-1052079,4482,Raigorodok,Zhitomir,Volhynia,Pale,Zhitomir,Volhynia,Ukraine SSR,Zhitomir,Zhitomir,Russian Empire,Soviet Union
1525,SWL_SNY_SR,-525069,4484,Rajcza,Zywiec,Galicia,Galicia,Cracow,Galicia,Kraków,Żywiec,Żywiec,,Poland
1526,SWL_SNY_SNY,-525073,4486,Raigrod,Shchuchin,Lomza,Congress Poland,Bialystok,Łomża,Białystok,Shchuchin,Szczuczyn,Russian Empire,Poland
1527,MGL_MGL_SLTS,-1948620,4496,Rakov,Minsk,Minsk,Pale,Vilna,Minsk,Wilno,Minsk,Mołodeczno,Russian Empire,Soviet Union
1528,MNS_IGM_SLB,-525107,4497,Raków,Opatow,Radom,Congress Poland,Kielce,Radom,Kielce,Opatov,Opatów,Russian Empire,Poland
1529,CRN_NVZ_SMNV,-2618376,4501,Remigola,Poneviezh,Kovno,Pale,Panevezys,Kovno,,Poneviezh,Panevėžys,Russian Empire,Soviet Union
1530,PLT_KHR_SMNV,-525174,4503,Ranischau,Kolbuszowa,Galicia,Galicia,Lwow,Galicia,Lwów,Kolbuszowa,Kolbuszowa,Austrian Empire,Poland
1531,PRU_WST_ZMPL,-2618385,4504,Rossieny,Rossieny,Kovno,Pale,Raseiniai,Kovno,,Rossieny,Raseiniai,Russian Empire,Soviet Union
1532,KLC_JDR_SDZS,-2277170,4505,Rashkov,Olgopol,Podolia,Pale,Moldavia,Podolia,Moldavian ASSR,Ol'gopol',,Russian Empire,Soviet Union
1533,MGL_SNN_SNN,-507512,4508,Rastenburg,Ketrzyn,Preussen,Prussia,East Prussia,Preußen,Preußen,Ostpreußen,Ostpreußen,,Poland
2664,PRU_OST_SNSB,-1052442,4509,Roztoky,Wiznitz,Bukovina,,Bukovina,Bukovina,Bucovina,Wiznitz,Storojineţ,Austrian Empire,Soviet Union
2718,KVN_KVN_SRDN,-524723,4511,Raciborz,Schlesien,Prussia,,Upper Silesia,Preußen,Preußen,Schlesien,Oberschlesien,Germany,Poland
1534,MNS_PNS_SRNK,-1052051,4513,Ratno,Kovel,Volhynia,Pale,Volhynia,Volhynia,Wołyń,Kovel',Kowel,Russian Empire,Soviet Union
1535,WRS_PLT_SRCK,-524723,4514,Ratibor,Raciborz,Preussen,Prussia,Pomerania,Preußen,Preußen,Schlesien,Oberschlesien,Germany,Poland
1536,SDL_LKV_SRKM,-525251,4518,Rawa,Rawa,Piotrkow,Congress Poland,Lodz,Piotrków,Warszawa,Rava,Rawa,Russian Empire,Poland
1537,KVN_VLK_SHTY,-1052059,4519,Rawa Ruska,Rawa,Galicia,Galicia,Lwow,Galicia,Lwów,Rawa Ruska,Rawa Ruska,Austrian Empire,Soviet Union
1538,TRD_SVS_SVST,-525257,4520,Rawitsch,Rawicz,Preussen,Prussia,Poznan,Preußen,Poznań,Posen,Rawicz,Germany,Poland
1539,MGL_MST_SHMV,-1052073,4521,Raigorod,Gaisin,Podolia,Pale,Vinnitsa,Podolia,Ukraine SSR,Gaisin,Vinnitsa,Russian Empire,Soviet Union
1540,POD_MGL_SHRG,-1948675,4524,Riechitsa,Riechitsa,Minsk,Pale,Gomel,Minsk,Belarus SSR,Riechitsa,Gomel,Russian Empire,Soviet Union
1541,POD_PRS_SHRV,,4531,Regenwalde,Pommern,Preussen,Prussia,Pomerania,,,,,,
2676,POD_KMN_SHTV,,4531,Regenwalde,Pommern,Prussia,,Pomerania,,,,,,
2738,MNS_IGM_SHTS,-500600,4536,Dzierzoniow,Schlesien,Prussia,,Lower Silesia,Preußen,Preußen,Schlesien,Niederschlesien,Germany,Poland
1542,MNS_BBR_SHCH,-525383,4545,Rejowiec,Chelm,Lublin,Congress Poland,Lublin,Lublin,Lublin,Kholm,Chełm,Russian Empire,Poland
1543,CRN_GRD_KRZH,-525421,4547,Rembertów,Warszawa,Warszawa,Congress Poland,Warsaw,Warszawa,Warszawa,Warsaw,Warszawa,Russian Empire,Poland
1544,KIV_KNV_SHND,-1052170,4551,Reni,Izmail,Bessarabia,Pale,Bessarabia,Bessarabia,Basarabia,Izmail,Ismail,Russian Empire,Soviet Union
1545,VLH_ZSL_SHCH,-3212185,4559,Riezhitsa,Riezhitsa,Vitebsk,Pale,Latgale,Vitebsk,Latgale,Riezhitsa,Rēzekne,Russian Empire,Soviet Union
1546,KHR_ALK_DLNS,-1948976,4570,Riasna,Chausy,Mogilev,Pale,Mogilev,Mogilev,Belarus SSR,Chausy,Mogilev,Russian Empire,Soviet Union
1547,KHR_ANN_STPN,-3212203,4576,Rybinishki,Riezhitsa,Vitebsk,Pale,Latgale,Vitebsk,Latgale,Riezhitsa,Daugavpils,Russian Empire,Soviet Union
1548,MGL_MGL_SHKL,-523655,4578,Riesenburg,Susz,Preussen,Prussia,East Prussia,Preußen,Preußen,Westpreußen,Ostpreußen,,Poland
1549,CRN_GLK_SHST,-2618479,4579,Retovo,Rossieny,Kovno,Pale,Telsiai,Kovno,,Rossieny,Telšiai,Russian Empire,Soviet Union
1550,POD_BRT_SHPK,-3212216,4580,Riga,Riga,Livland,Mainland Russia,Vidzeme,Livland,Vidzeme,Riga,Rīga,Russian Empire,Soviet Union
1551,KIV_ZVN_SHPL,-1052392,4599,Rosulna,Bohorodczany,Galicia,Galicia,East Prussia,Galicia,Stanisławów,Bohorodczany,Bohorodczany,Austrian Empire,Soviet Union
1552,MGL_KLM_SHMC,-1948730,4600,Rogachev,Rogachev,Mogilev,Pale,Gomel,Mogilev,Belarus SSR,Rogachev,Gomel,Russian Empire,Soviet Union
1553,GLC_LWW_SNK,-525659,4603,Rogasen,Oborniki,Preussen,Prussia,Poznan,Preußen,Poznań,Posen,Oborniki,Germany,Poland
1554,SWL_VLD_SHDY,-1052282,4604,Rohatyn,Rohatyn,Galicia,Galicia,Stanislawow,Galicia,Stanisławów,Rohatyn,Rohatyn,Austrian Empire,Soviet Union
1555,KVN_SHV_SHVL,-2618550,4606,Rakishki,Novoaleksandrovsk,Kovno,Pale,Rokiskis,Kovno,,Novoaleksandrovsk,Rokiškis,Russian Empire,Soviet Union
1556,KVN_SHV_SHVL_2,-1052325,4607,Rokitno,Ovruch,Volhynia,Pale,Volhynia,Volhynia,Polesie,Ovruch,Sarny,Russian Empire,Soviet Union
1557,GRD_SKL_SDR,-1051991,4608,Rokitne,Vasilkov,Kiev,Pale,Kiev,Kiev,Ukraine SSR,Vasil'kov,Kiev,Russian Empire,Soviet Union
1558,RDM_KZN_SCCH,-1038442,4613,Romanov,Novograd-Volynskii,Volhynia,Pale,Zhitomir,Volhynia,Ukraine SSR,Novograd-Volynskii,Zhitomir,Russian Empire,Soviet Union
1559,SDL_SDL_SDLC,-1052377,4620,Romny,Romny,Poltava,Pale,Sumy,Poltava,Ukraine SSR,Romny,Sumy,Russian Empire,Soviet Union
1560,GRD_PRZ_SLTS,-525798,4627,Ropczyce,Ropczyce,Galicia,Galicia,Lwow,Galicia,Kraków,Rzeszów,Ropczyce,,Poland
1561,GLC_LWW_SLC,-1948769,4628,Ross,Volkovysk,Grodno,Pale,Bialystok,Grodno,Białystok,Volkovysk,Wołkowysk,Russian Empire,Soviet Union
1562,LBL_KHL_SLC,-1948773,4629,Rossasna,Gorki,Mogilev,Pale,Vitebsk,Mogilev,Belarus SSR,Gorki,Vitebsk,Russian Empire,Soviet Union
2744,GLC_LWW_SNW,-519708,4631,Olesno,Schlesien,Prussia,,Upper Silesia,Preußen,Preußen,Schlesien,Oberschlesien,Germany,Poland
1563,WRS_NSH_SNNC,-1948764,4637,Rositsa,Drissa,Vitebsk,Pale,Vitebsk,Vitebsk,Belarus SSR,Drissa,Vitebsk,Russian Empire,Soviet Union
1564,RDM_ILZ_SNN,-2993079,4639,Roslavl,Roslavl,Smolensk,Mainland Russia,Smolensk,Smolensk,Russian SSR,Roslavl',Smolensk,Russian Empire,Soviet Union
1565,KLS_SRD_SRDZ,-525869,4643,Rossosz,Biala,Siedlce,Congress Poland,Lublin,Siedlce,Lublin,Biela,Biała Podlaska,Russian Empire,Poland
1566,PLC_SRP_SRPC,-2993218,4645,Rostov-na-Donu,Rostov-On-Don,Don Voyska,Mainland Russia,Rostov,Don Voyska,Russian SSR,Rostov-on-Don,Rostov,Russian Empire,Soviet Union
1567,KVN_VLK_SSK,-1052392,4646,Rosulna,Bohorodczany,Galicia,Galicia,Stanislawow,Galicia,Stanisławów,Bohorodczany,Bohorodczany,Austrian Empire,Soviet Union
1568,PTR_BND_SWRZ,-1052451,4651,Rotmistrova,Cherkasy,Kiev,Pale,Kiev,Kiev,Ukraine SSR,Cherkasy,Kiev,Russian Empire,Soviet Union
1569,KVN_RSS_SHLL,-1052060,4661,Rovnopol,Mariupol,Ekaterinoslav,Mainland Russia,Stalino,Ekaterinoslav,Ukraine SSR,Mariupol',Stalino,Russian Empire,Soviet Union
1570,KVN_RSS_SHDL,-1052247,4663,Rovno,Rovno,Volhynia,Pale,Volhynia,Volhynia,Wołyń,Rovno,Równe,Russian Empire,Soviet Union
1571,TRD_SMF_SMFR,-2618567,4664,Rozalin,Poneviezh,Kovno,Pale,Panevezys,Kovno,,Poneviezh,Panevėžys,Russian Empire,Soviet Union
1572,SWL_KLV_SMN,-525970,4665,Różan,Ostroleka,Lomza,Congress Poland,Warsaw,Łomża,Warszawa,Makov,Maków,Russian Empire,Poland
1573,KVN_VLK_SHMN,-1052499,4667,Rozdół,Zydaczow,Galicia,Galicia,Stanislawow,Galicia,Stanisławów,Żydaczów,Żydaczów,,Soviet Union
1574,EKT_PVL_SNLN,-1948969,4668,Rozhany,Slonim,Grodno,Pale,Polesie,Grodno,Polesie,Slonim,Kossów,Russian Empire,Soviet Union
1575,MNS_SLT_SNVK,-1948802,4669,Rozhanka,Lida,Vilna,Pale,Nowogrodek,Vilna,Nowogródek,Lida,Lida,,Soviet Union
1576,VTB_PLT_SRTN,-1052521,4675,Rożnów,Kosow,Galicia,Galicia,Stanislawow,Galicia,Stanisławów,Śniatyn,Kosów,,Soviet Union
1577,VLN_VLN_SHRV,-526084,4677,Rozprza,Piotrkow,Piotrkow,Congress Poland,Lodz,Piotrków,Łódż,Petrokov,Piotrków,Russian Empire,Poland
1578,GLC_TRN_SKL,-526110,4678,Rozwadów,Nisko,Galicia,Galicia,Lwow,Galicia,Lwów,Tarnobrzeg,Tarnobrzeg,Austrian Empire,Poland
1579,KLC_PNC_SKLB,-1052515,4679,Bolshaia Volnianka,Lutsk,Volhynia,Pale,Volhynia,Volhynia,Wołyń,Lutsk,Łuck,Russian Empire,Soviet Union
1580,KVN_NVL_SKPS,-1948821,4682,Rubel,Mozyr,Minsk,Pale,Polesie,Minsk,Polesie,Mozyr',Stolin,Russian Empire,Soviet Union
1581,RDM_KNS_KMNN,-1948829,4683,Rubiazhevichi,Minsk,Minsk,Pale,Nowogrodek,Minsk,Nowogródek,Minsk,Stołpce,Russian Empire,Soviet Union
1582,KVN_RSS_SKVD,-2618590,4684,Rudomino,Vilnius,Vilna,Pale,Seini,Vilna,Wilno,Vilnius,Wilno-Troki,,Soviet Union
1583,VTB_LTS_PLSH,,4685,Ruda Pabianicka,Lodz,Piotrkow,Congress Poland,Lodz,,,,,,
2711,GLC_CRC_SKWN,,4686,Ruda Slaska,Schlesien,Prussia,,Silesia,,,,,,
1584,PLC_LPN_SKP,-1948855,4687,Rudensk,Igumen,Minsk,Pale,Minsk,Minsk,Belarus SSR,Igumen,Minsk,Russian Empire,Soviet Union
1585,GRD_GRD_SKDL,,4688,Rudka,Chelm,Lublin,Congress Poland,Lublin,,,,,,
1586,KVN_VLK_SKMN,-526330,4690,Rudnik,Nisko,Galicia,Galicia,Lwow,Galicia,Lwów,Nisko,Nisko,Austrian Empire,Poland
1587,LBL_ZMS_SKRB,,4690,Rudnik,Nisko,Galicia,Galicia,Lwow,,,,,,
1588,WRS_SKR_SKRN,-2993839,4691,Rudnia,Orsha,Mogilev,Pale,Smolensk,Mogilev,Russian SSR,Orsha,Smolensk,Russian Empire,Soviet Union
1589,PRU_PSN_SCHK,,4694,Ruegenwalde,Pommern,Preussen,Prussia,Pomerania,,,,,,
2684,GLC_LWW_SKLS,,4694,Ruegenwalde,Pommern,Prussia,,Pomerania,,,,,,
1590,MNS_MZY_SKRD,-3212384,4699,Ruen,Volmar,Livland,Mainland Russia,Vidzeme,Livland,Vidzeme,Vol'mar,Valmiera,Russian Empire,Soviet Union
1591,CRL_ILL_SKRD,,4702,Rummelsburg,Pommern,Preussen,Prussia,Pomerania,,,,,,
2679,MNS_MZY_SKRY,,4702,Rummelsburg,Pommern,Prussia,,Pomerania,,,,,,
1592,RDM_OPC_SKRZ,-2618654,4703,Rumshishki,Kovno,Kovno,Pale,Kaunas,Kovno,,Kovna,Kaunas,Russian Empire,Soviet Union
1593,KLS_SLP_SKLS,-526581,4710,Rutki,Lomzha,Lomza,Congress Poland,Bialystok,Łomża,Białystok,Lomzha,Łomża,Russian Empire,Poland
1594,KVN_TLS_SHKD,-1052760,4712,Ruzhin,Skvira,Kiev,Pale,Zhitomir,Kiev,Ukraine SSR,Skvira,Zhitomir,Russian Empire,Soviet Union
2719,KIV_SKV_SKVR,-526661,4715,Rybnik,Schlesien,Prussia,,Silesia,Preußen,Sląsk,Schlesien,Rybnik,Germany,Poland
1595,EKT_PVL_SLVG,-2277211,4716,Rybnitsy,Balta,Podolia,Pale,Moldavia,Podolia,Moldavian ASSR,Balta,,Russian Empire,Soviet Union
1596,EKT_SLV_SLVN,-526685,4717,Rybotycze,Dobromil,Galicia,Galicia,Lwow,Galicia,Lwów,Dobromil,Dobromil,Austrian Empire,Poland
1597,VLH_ZSL_SLVT,-526716,4719,Rychwał,Konin,Kalisz,Congress Poland,Lodz,Kalisz,Łódż,Konin,Konin,Russian Empire,Poland
1598,KHR_IZM_SLVN,-526736,4720,Ritschenwalde,Oborniki,Preussen,Prussia,Poznan,Preußen,Poznań,Posen,Oborniki,Germany,Poland
1599,SDL_BLA_SLWT,-526761,4721,Ryglice,Tarnow,Galicia,Galicia,Cracow,Galicia,Kraków,Tarnów,Tarnów,,Poland
1600,KLC_OLK_SLWK,-526769,4723,Ryki,Garwolin,Siedlce,Congress Poland,Lublin,Siedlce,Lublin,Garvolin,Garwolin,Russian Empire,Poland
1601,KLS_KNN_SLSN,-526779,4725,Rymanów,Sanok,Galicia,Galicia,Lwow,Galicia,Lwów,Sanok,Sanok,Austrian Empire,Poland
1602,KVN_NVL_SLBD,-2618496,4726,Rimshan,Novoaleksandrovsk,Kovno,Pale,Vilna,Kovno,Wilno,Novoaleksandrovsk,Brasław,Russian Empire,Soviet Union
1603,LVL_RIG_SHLK,-526806,4728,Rypin,Rypin,Plock,Congress Poland,Warsaw,Płock,Warszawa,Rypin,Rypin,Russian Empire,Poland
1604,KLC_MKH_SLMN,-1052833,4729,Ryzhanovka,Zvenigorodka,Kiev,Pale,Kiev,Kiev,Ukraine SSR,Zvenigorodka,Kiev,Russian Empire,Soviet Union
1605,GRD_SLN_SLNM,,4730,Rzeczyca,,,,Lwow,,,,,,
1606,VLH_OVR_SLVC,-526960,4731,Rzepiennik Strzyżewski,Gorlice,Galicia,Galicia,Cracow,Galicia,Kraków,Gorlice,Gorlice,Austrian Empire,Poland
1607,MGL_SNN_SLVN,-527004,4732,Rzeszów,Rzeszow,Galicia,Galicia,Lwow,Galicia,Lwów,Rzeszów,Rzeszów,,Poland
1608,KLS_SLP_SLPC,-1052850,4734,Rzhishchev,Kiev,Kiev,Pale,Kiev,Kiev,Ukraine SSR,Kiev,Kiev,Russian Empire,Soviet Union
1609,KLC_KLC_SLPN,,4735,Saalfeld (I),,,,East Prussia,,,,,,
1610,MNS_SLT_SLTS,-3212456,4741,Tsabeln,Talsen,Courland,Mainland Russia,Kurzeme,Courland,Kurzeme,Tal'sen,Talsi,Russian Empire,Soviet Union
1611,WRS_NSH_SLZW,-3212185,4742,Rezhitsa,Riezhitsa,Vitebsk,Pale,Lublin,Vitebsk,Latgale,Riezhitsa,Rēzekne,Russian Empire,Soviet Union
2633,KIV_CHR_SML,-1052863,4746,Sadhora,Sadagora,Bukovina,,Bukovina,Bukovina,Bucovina,Sadagora,Cernăuţi,Austrian Empire,Soviet Union
1612,MNS_IGM_SMLV,-1055551,4747,Sądowa Wisznia,Mosciska,Galicia,Galicia,Lwow,Galicia,Lwów,Mościska,Mościska,,Soviet Union
1613,LVL_VLK_SMLT,,4748,Sadowne,Wegrow,Lublin,Congress Poland,Lublin,,,,,,
2687,SML_SML_SMLN,,4751,Sagan,Schlesien,Prussia,,Lower Silesia,,,,,,
1614,MGL_ORS_SMLN,-2618721,4761,Shaki,Vladislavov,Suwalki,Congress Poland,Crimea,Suwałki,,Vladislavov,Šakiai,Russian Empire,Soviet Union
1615,GLC_STN_SMRZ,-1052933,4763,Saksagan,Verkhnednieprovsk,Ekaterinoslav,Mainland Russia,Dnepropetrovsk,Ekaterinoslav,Ukraine SSR,Verkhnednieprovsk,Dnepropetrovsk,Russian Empire,Soviet Union
1616,POD_KMN_SMTR,-2618738,4765,Soloki,Novoaleksandrovsk,Kovno,Pale,Zarasai,Kovno,,Novoaleksandrovsk,Zarasai,Russian Empire,Soviet Union
1617,LMZ_LMZ_SNDV,-2618744,4767,Salanty,Telshi,Kovno,Pale,Kretinga,Kovno,,Tel'shi,Kretinga,Russian Empire,Soviet Union
1618,GLC_STN_SNTY,-3212504,4769,Frauenburg,Goldingen,Courland,Mainland Russia,Kurzeme,Courland,Kurzeme,Gol'dingen,Kuldīga,Russian Empire,Soviet Union
1619,POD_LTC_SNTV,-1052957,4773,Salnitsa,Litin,Podolia,Pale,Vinnitsa,Podolia,Ukraine SSR,Litin,Vinnitsa,Russian Empire,Soviet Union
1620,MNS_NVG_SNV,-2618761,4774,Salaty,Poneviezh,Kovno,Pale,Birzai,Kovno,,Poneviezh,Biržai,Russian Empire,Soviet Union
1621,POD_MGL_SNTK,-1052978,4783,Sambor,Sambor,Galicia,Galicia,Lwow,Galicia,Lwów,Sambor,Sambor,Austrian Empire,Soviet Union
1622,KLC_JDR_SBKW,-1052985,4785,Samgorodok,Berdichev,Kiev,Pale,Vinnitsa,Kiev,Ukraine SSR,Berdichev,Vinnitsa,Russian Empire,Soviet Union
1623,POD_GSN_SBLV,-1949049,4786,Samokhvalovichi,Minsk,Minsk,Pale,Minsk,Minsk,Belarus SSR,Minsk,Minsk,Russian Empire,Soviet Union
1624,SDL_GRV_SBLW,-1949050,4788,Samoteevichi,Cherikov,Mogilev,Pale,Mogilev,Mogilev,Belarus SSR,Cherikov,Mogilev,Russian Empire,Soviet Union
1625,WRS_LVC_SBT,-527250,4791,Sandomierz,Sandomierz,Radom,Congress Poland,Kielce,Radom,Kielce,Sandomir,Sandomierz,Russian Empire,Poland
1626,WRS_SKH_SCHC,-527265,4803,Sanniki,Gostyn,Warszawa,Congress Poland,Warsaw,Warszawa,Warszawa,Gostynin,Gostynin,Russian Empire,Poland
2659,EKT_VRK_SFVK,-1053407,4813,Serhiyi,Wiznitz,Bukovina,,Bukovina,Bukovina,Bucovina,Wiznitz,Rădăuţi,Austrian Empire,Soviet Union
1627,POD_NVU_SKLT,-527314,4818,Sarnaki,Konstantynow,Siedlce,Congress Poland,Lublin,Siedlce,Lublin,Konstantynów,Konstantynów,,Poland
1628,GRD_SKL_SKLK,-1053050,4819,Sarny,Rovno,Volhynia,Pale,Volhynia,Volhynia,Polesie,Rovno,Sarny,Russian Empire,Soviet Union
1629,VLH_NVG_SKLV,-1053064,4832,Sassów,Zloczow,Galicia,Galicia,Tarnopol,Galicia,Tarnopol,Złoczów,Złoczów,,Soviet Union
1630,GLC_STN_SKLW,-2618994,4834,Shesholi,Vilnius,Vilna,Pale,Ukmerge,Vilna,,Vilnius,Ukmergė,,Soviet Union
1631,SDL_SKL_SKLW,-1053071,4835,Satanov,Proskurov,Podolia,Pale,Kamenets-Podolski,Podolia,Ukraine SSR,Proskurov,Kamenets-Podolski,Russian Empire,Soviet Union
1632,LMZ_WYS_SKLY,-2618871,4838,Shavkiany,Shavli,Kovno,Pale,Siauliai,Kovno,,Shavli,Šiauliai,Russian Empire,Soviet Union
1633,VLH_LTS_SKL,-1053097,4842,Savran,Balta,Podolia,Pale,Odessa,Podolia,Ukraine SSR,Balta,Odessa,Russian Empire,Soviet Union
1634,RDM_ILZ_SLC,-527389,4843,Sawin,Chelm,Lublin,Congress Poland,Lublin,Lublin,Lublin,Kholm,Chełm,Russian Empire,Poland
1635,VLN_VLN_BLSH,,4854,Schippenbeil,Frydlad,Preussen,Prussia,East Prussia,,,,,,
1636,POD_NVU_SLBK,-531405,4855,Schivelbein,Pommern,Preussen,Prussia,Pomerania,Preußen,Preußen,Pommern,Pommern,Germany,Poland
2683,GLC_STN_SLTW,,4857,Schlawe,Pommern,Prussia,,Pomerania,,,,,,
1637,VLN_OSH_SLY,-498453,4861,Schloppe,Walcz,Preussen,Prussia,Posen-West,Preußen,Preußen,Westpreußen,Posen-Westpreußen,,Poland
1638,KLS_KLO_SMPL,-1054168,4870,Schodnica,Drohobycz,Galicia,Galicia,Lwow,Galicia,Lwów,Drohobycz,Drohobycz,Austrian Empire,Soviet Union
2690,SWL_AVG_SPTS,,4891,Schweidnitz,Schlesien,Prussia,,Lower Silesia,,,,,,
1639,BSS_SRK_SRK,-528506,4897,Schwerin,Skwierzyna,Preussen,Prussia,Posen-West,Preußen,Preußen,Posen,Posen-Westpreußen,Germany,Poland
1640,GLC_LWW_SSNC,-2277305,4901,Skuliany,Bieltsy,Bessarabia,Pale,Moldavia,Bessarabia,Basarabia,Bieltsy,Bălţi,Russian Empire,Soviet Union
1641,CRN_SSN_SSNT,-2997511,4902,Sebezh,Sebezh,Vitebsk,Pale,Kalinin,Vitebsk,Russian SSR,Sebezh,Kalinin,Russian Empire,Soviet Union
1642,SDL_VLD_SSNW,-527438,4904,Secemin,Wloszczowa,Kielce,Congress Poland,Kielce,Kielce,Kielce,Włoszczowa,Włoszczowa,,Poland
1643,PTR_BND_SSNW,-1054565,4906,Sekuriany,Khotin,Bessarabia,Pale,Bessarabia,Bessarabia,Basarabia,Khotin,Hotin,Russian Empire,Soviet Union
2344,GLC_CRC_SWLN,-2277248,4906,Secareni,Kishinev,Bessarabia,Pale,Bessarabia,Bessarabia,Basarabia,Kishinev,Chişinău,Russian Empire,Soviet Union
1644,GLC_STN_SPS,-2618898,4907,Siady,Telshi,Kovno,Pale,Mazeikiai,Kovno,,Tel'shi,Mažeikiai,Russian Empire,Soviet Union
1645,KIV_BRD_SPCH,-2618904,4910,Shadov,Shavli,Kovno,Pale,Panevezys,Kovno,,Shavli,Panevėžys,Russian Empire,Soviet Union
1646,PRU_PSN_SCHR,-527471,4911,Sędziszów,Ropczyce,Galicia,Galicia,Cracow,Galicia,Kraków,Ropczyce,Ropczyce,,Poland
1647,PTR_PTR_SRCK,-2618917,4916,Seree,Seiny,Suwalki,Congress Poland,Alytus,Suwałki,,Seiny,Alytus,Russian Empire,Soviet Union
1648,PRU_PSN_SCHR_2,-527476,4917,Seiny,Seiny,Suwalki,Congress Poland,Bialystok,Suwałki,Białystok,Seiny,Suwałki,Russian Empire,Poland
2630,MNS_PNS_STKH,-1053194,4919,Selyatin,Radautz,Bukovina,,Bukovina,Bukovina,Bucovina,Radautz,Rădăuţi,Austrian Empire,Soviet Union
1649,VLN_TRK_STKL,-1949128,4920,Selets II,Mogilev,Mogilev,Pale,Mogilev,Mogilev,Belarus SSR,Mogilev,Mogilev,Russian Empire,Soviet Union
1650,SRT_TSR_TSRT,-1949141,4922,Seliba,Igumen,Minsk,Pale,Mogilev,Minsk,Belarus SSR,Igumen,Mogilev,Russian Empire,Soviet Union
1651,EKT_BKH_IZVK,-1053252,4930,Semenovka,Novozybkov,Chernigov,Pale,Chernigov,Chernigov,Ukraine SSR,Novozybkov,Chernigov,Russian Empire,Soviet Union
1652,PRU_OST_STLL,-1053239,4931,Semenovka,Khorol,Poltava,Pale,Poltava,Poltava,Ukraine SSR,Khorol,Poltava,Russian Empire,Soviet Union
1653,POD_VNN_STNS,-527514,4932,Zempelburg,Zlotow,Preussen,Prussia,Pomerania,Preußen,Pomorze,Westpreußen,Sępolno,,Poland
1654,GLC_TRN_STNS,-527467,4934,Sędziszów,Jedrzejow,Kielce,Congress Poland,Kielce,Kielce,Kielce,Jędrzejów,Jędrzejów,,Poland
1655,GLC_STN_STNS,-1949211,4938,Sienno,Sienno,Mogilev,Pale,Vitebsk,Mogilev,Belarus SSR,Sienno,Vitebsk,Russian Empire,Soviet Union
1656,WRS_NWM_STNS,,4939,Sensburg,Ketrzyn,Preussen,Prussia,East Prussia,,,,,,
1657,POD_LTN_STRS,-2618970,4947,Sredniki,Kovno,Kovno,Pale,Kaunas,Kovno,,Kovna,Kaunas,Russian Empire,Soviet Union
1658,POD_NVU_STRU,-1053411,4951,Serniki,Pinsk,Minsk,Pale,Volhynia,Minsk,Polesie,Pinsk,Pińsk,Russian Empire,Soviet Union
1659,NVG_STR_STRR,-527533,4952,Serock,Pultusk,Warszawa,Congress Poland,Warsaw,Warszawa,Warszawa,Pultusk,Pułtusk,Russian Empire,Poland
1660,KHR_STR_STRB,-527541,4953,Serokomla,Lukow,Siedlce,Congress Poland,Lublin,Siedlce,Lublin,Lukov,Łuków,Russian Empire,Poland
1661,MNS_SLT_STRB,-2618999,4954,Shaty,Vilkomir,Kovno,Pale,Kedainiai,Kovno,,Vil'komir,Kėdainiai,Russian Empire,Soviet Union
1662,CRN_STR_STRD,-1053419,4955,Sevastopol,Sevastopol,Taurida,Pale,Crimea,Taurida,Ukraine SSR,Sevastopol',Crimea,Russian Empire,Soviet Union
1663,VLH_STR_STRK,-1949272,4965,Shamovo,Mstislavl,Mogilev,Pale,Mogilev,Mogilev,Belarus SSR,Mstislavl',Mogilev,Russian Empire,Soviet Union
1664,MGL_ORS_STRS,-1053493,4966,Shargorod,Mogilev,Podolia,Pale,Vinnitsa,Podolia,Ukraine SSR,Mogilev,Vinnitsa,Russian Empire,Soviet Union
1665,POD_LTC_STRZ,-1053502,4967,Sharavka,Proskurov,Podolia,Pale,Kamenets-Podolski,Podolia,Ukraine SSR,Proskurov,Kamenets-Podolski,Russian Empire,Soviet Union
1666,GLC_STN_STRN,-1053507,4968,Shatova,Kamenets-Podolsk,Podolia,Pale,Kamenets-Podolski,Podolia,Ukraine SSR,Kamenets-Podol'sk,Kamenets-Podolski,Russian Empire,Soviet Union
1667,MNS_BBR_STRY,-1949311,4971,Shatsk,Igumen,Minsk,Pale,Minsk,Minsk,Belarus SSR,Igumen,Minsk,Russian Empire,Soviet Union
1668,TRD_FDS_STRY,-1949317,4972,Shchedrin,Bobruisk,Minsk,Pale,Polesie,Minsk,Belarus SSR,Bobruisk,Polesie,Russian Empire,Soviet Union
1669,GLC_LWW_STRM,-1053572,4973,Korzhovka,Gorodnia,Chernigov,Pale,Chernigov,Chernigov,Ukraine SSR,Gorodnia,Chernigov,Russian Empire,Soviet Union
1670,GLC_CRC_STRY,-1053619,4975,Shenderovka,Kanev,Kiev,Pale,Kiev,Kiev,Ukraine SSR,Kanev,Kiev,Russian Empire,Soviet Union
1671,RDM_SND_STSZ,-1053629,4976,Shchepetovka,Zaslavl,Volhynia,Pale,Kamenets-Podolski,Volhynia,Ukraine SSR,Zaslavl',Kamenets-Podolski,Russian Empire,Soviet Union
1672,KIV_TRS_STVS,-1038013,4977,Dolinskaia,Aleksandriia,Kherson,Pale,Kirovograd,Kherson,Ukraine SSR,Aleksandriia,Kirovograd,Russian Empire,Soviet Union
1673,LMZ_KLN_STVS,-1053829,4978,Stepanovka,Ananev,Kherson,Pale,Odessa,Kherson,Ukraine SSR,Anan'ev,Odessa,Russian Empire,Soviet Union
1674,KLS_KLS_STVS,-1949435,4980,Shklov,Mogilev,Mogilev,Pale,Mogilev,Mogilev,Belarus SSR,Mogilev,Mogilev,Russian Empire,Soviet Union
1675,KIV_KNV_STBL,-1053904,4983,Shostka,Glukhov,Chernigov,Pale,Sumy,Chernigov,Ukraine SSR,Glukhov,Sumy,Russian Empire,Soviet Union
1676,GLC_LWW_STBN,-1053923,4984,Shpikov,Bratslav,Podolia,Pale,Vinnitsa,Podolia,Ukraine SSR,Bratslav,Vinnitsa,Russian Empire,Soviet Union
1677,GLC_STN_STCW,-1053926,4985,Shpola,Zvenigorodka,Kiev,Pale,Kiev,Kiev,Ukraine SSR,Zvenigorodka,Kiev,Russian Empire,Soviet Union
1678,SDL_GRV_STZY,-3003763,4989,Shumiachi,Klimovichi,Mogilev,Pale,Smolensk,Mogilev,Russian SSR,Klimovichi,Smolensk,Russian Empire,Soviet Union
1679,VLH_RVN_STPN,-1055845,4992,Sianki,Turka,Galicia,Galicia,Lwow,Galicia,Stanisławów,Turka,Turka,Austrian Empire,Soviet Union
1680,KIV_KNV_STPN,-2619010,4993,Shodyne,Vladislavov,Suwalki,Congress Poland,Seinai,Suwałki,,Vladislavov,Šakiai,Russian Empire,Soviet Union
1681,SDL_SKL_STRD,-2619022,4994,Shavliany,Shavli,Kovno,Pale,Siauliai,Kovno,,Shavli,Šiauliai,Russian Empire,Soviet Union
1682,PRU_PMM_STTT,-2619027,4995,Shavli,Shavli,Kovno,Pale,Siauliai,Kovno,,Shavli,Šiauliai,Russian Empire,Soviet Union
1683,VLH_KVL_STBY,-527612,5001,Sidra,Sokolki,Grodno,Pale,Bialystok,Grodno,Białystok,Sokolki,Sokółka,Russian Empire,Poland
1684,SDL_WGR_STCZ,-527625,5002,Sieciechów,Kozienice,Radom,Congress Poland,Kielce,Radom,Kielce,Kozenitsy,Kozienice,Russian Empire,Poland
1685,VLN_SVN_STTS,-527648,5003,Siedlce,Siedlce,Siedlce,Congress Poland,Lublin,Siedlce,Lublin,Siedlets,Siedlce,Russian Empire,Poland
1686,GLC_TRN_STJN,-1950455,5007,Selets,Pruzhany,Grodno,Pale,Polesie,Grodno,Polesie,Pruzhany,Prużana,Russian Empire,Soviet Union
1687,SDL_LKV_STK,-1053151,5008,Sielec,Sokal,Galicia,Galicia,Lwow,Galicia,Lwów,Sokal,Sokal,Austrian Empire,Soviet Union
1688,MNS_PNS_STLN,-527779,5009,Sielec,Chelm,Lublin,Congress Poland,Lublin,Lublin,Lublin,Kholm,Chełm,Russian Empire,Poland
2725,MNS_NVG_STVL,-527800,5010,Siemianowice Slaskie,Schlesien,Prussia,,Silesia,Preußen,Sląsk,Schlesien,Katowice,Germany,Poland
1689,PRU_PMM_STLP,-527848,5013,Sieniawa,Jaroslaw,Galicia,Galicia,Lwow,Galicia,Lwów,Jarosław,Jarosław,,Poland
1690,MNS_MNS_STLB,-527881,5015,Siennica,Minsk Mazowiecki,Warszawa,Congress Poland,Warsaw,Warszawa,Warszawa,Neshava,Mińsk Mazowiecki,Russian Empire,Poland
1691,RDM_KNS_STMP,-527888,5016,Sienno,Ilza,Radom,Congress Poland,Kielce,Radom,Kielce,Iłża,Iłża,,Poland
1692,KLC_STP_STPN,-527905,5017,Sieradz,Sieradz,Kalisz,Congress Poland,Lodz,Kalisz,Łódż,Sieradz',Sieradz,Russian Empire,Poland
1693,PRU_PMM_STRL,-527961,5018,Sierpc,Sierpc,Plock,Congress Poland,Warsaw,Płock,Warszawa,Serpets,Sierpc,Russian Empire,Poland
1694,MGL_ORS_STRS_2,-2619057,5019,Sesikai,Vilkomir,Kovno,Pale,Ukmerge,Kovno,,Vil'komir,Ukmergė,Russian Empire,Soviet Union
1695,RDM_RDM_STRM,-527994,5022,Siewierz,Bedzin,Piotrkow,Congress Poland,Kielce,Piotrków,Kielce,Bendin,Zawiercie,Russian Empire,Poland
1696,GLC_TRN_STRS,-2619074,5027,Shileli,Rossieny,Kovno,Pale,Taurage,Kovno,,Rossieny,Tauragė,Russian Empire,Soviet Union
1697,PTR_BRZ_STRY,-2619114,5031,Shidlovo,Rossieny,Kovno,Pale,Raseiniai,Kovno,,Rossieny,Raseiniai,Russian Empire,Soviet Union
1698,POD_VNN_STRZ,-1054041,5033,Simferopol,Simferopol,Taurida,Pale,Crimea,Taurida,Ukraine SSR,Simferopol',Crimea,Russian Empire,Soviet Union
1699,PLC_MLV_STRZ,-2619128,5037,Simno,Kalvariia,Suwalki,Congress Poland,Alytus,Suwałki,,Kal'variia,Alytus,Russian Empire,Soviet Union
1700,PRU_PSN_STRL,-2619135,5039,Shimantsa,Vilkomir,Kovno,Pale,Panevezys,Kovno,,Vil'komir,Panevėžys,Russian Empire,Soviet Union
1701,PTR_BND_STRZ,-1054050,5040,Sinelnikov,Pavlograd,Ekaterinoslav,Mainland Russia,Dnepropetrovsk,Ekaterinoslav,Ukraine SSR,Pavlograd,Dnepropetrovsk,Russian Empire,Soviet Union
1702,MGL_CHR_STDN,-1949539,5043,Siniavka,Slutsk,Minsk,Pale,Nowogrodek,Minsk,Nowogródek,Slutsk,Nieśwież,Russian Empire,Soviet Union
2636,POD_NVU_STDN,-1170659,5047,Siret,Sereth,Bukovina,,Bukovina,Bukovina,Bucovina,Sereth,Rădăuţi,Austrian Empire,Romania
1703,PRU_WST_STHM,-1949545,5049,Sirotino,Polotsk,Vitebsk,Pale,Vitebsk,Vitebsk,Belarus SSR,Polotsk,Vitebsk,Russian Empire,Soviet Union
1704,KVN_VLK_SBCH,-2619161,5050,Shirvinty,Vilnius,Vilna,Pale,Ukmerge,Vilna,,Vilnius,Ukmergė,,Soviet Union
1705,GLC_CRC_SCH,-1054146,5060,Skała,Brody,Galicia,Galicia,Tarnopol,Galicia,Tarnopol,Borszczów,Borszczów,,Soviet Union
1706,KLC_KLC_SCHD,-528115,5063,Skalbmierz,Pinczow,Kielce,Congress Poland,Kielce,Kielce,Kielce,Pinchov,Pińczów,Russian Empire,Poland
1707,GLC_TRN_SCHS,-2619198,5065,Skopishki,Novoaleksandrovsk,Kovno,Pale,Rokiskis,Kovno,,Novoaleksandrovsk,Rokiškis,Russian Empire,Soviet Union
1708,VLH_ZSL_SDLK,-528193,5067,Kamienna,Konskie,Radom,Congress Poland,Kielce,Radom,Kielce,Konsk,Końskie,Russian Empire,Poland
1709,PTR_NVR_SLMR,-2619206,5068,Skavdvili,Rossieny,Kovno,Pale,Taurage,Kovno,,Rossieny,Tauragė,Russian Empire,Soviet Union
1710,KHR_SMY_SMY,-3212826,5069,Polishcheno,Liutsin,Vitebsk,Pale,Latgale,Vitebsk,Latgale,Liutsin,Ludza,Russian Empire,Soviet Union
1711,GRD_BLST_SPRS,-528207,5070,Skawina,Podgorze,Galicia,Galicia,Cracow,Galicia,Kraków,Wieliczka,Wieliczka,Austrian Empire,Poland
1712,GRD_BLST_SRZH,-528215,5071,Skępe,Lipno,Plock,Congress Poland,Warsaw,Płock,Warszawa,Lipno,Lipno,Russian Empire,Poland
1713,VTB_VTB_SRZH,-2329927,5072,Skidel,Grodno,Grodno,Pale,Bialystok,Grodno,Białystok,Grodna,Grodno,Russian Empire,Soviet Union
1714,KVN_NVL_SVNS,-2619219,5073,Skiemonys,Vilkomir,Kovno,Pale,Utena,Kovno,,Vil'komir,Utena,Russian Empire,Soviet Union
1715,SWL_SVL_SVLK,-528230,5074,Skierbieszów,Zamosc,Lublin,Congress Poland,Lublin,Lublin,Lublin,Zamość,Zamość,,Poland
1716,KVN_VLK_SVDS,-528235,5075,Skierniewice,Skierniewice,Warszawa,Congress Poland,Lodz,Warszawa,Warszawa,Skernevitsy,Skierniewice,Russian Empire,Poland
2716,KVN_RSS_SHVK,-528259,5078,Skoczow,Schlesien,Prussia,,Silesia,Silesia,Sląsk,Cieszyn,Cieszyn,,Poland
1717,MGL_RGC_SVRZ,-528268,5079,Schokken,Wagrowiec,Preussen,Prussia,Poznan,Preußen,Poznań,Posen,Wągrowiec,Germany,Poland
1718,CRN_SRZ_SVTS,-528282,5081,Skołoszów,Jaroslaw,Galicia,Galicia,Lwow,Galicia,Lwów,Jarosław,Jarosław,,Poland
1719,MNS_MNS_NVYS,-1949594,5084,Skorodnoe,Mozyr,Minsk,Pale,Polesie,Minsk,Belarus SSR,Mozyr',Polesie,Russian Empire,Soviet Union
1720,PRU_PSN_SCHW_2,-3212877,5085,Skrudelina,Illukst,Courland,Mainland Russia,Courland,Courland,Zemgale,Illukst,Ilūkste,Russian Empire,Soviet Union
1721,PRU_WST_SCHW,-1949607,5087,Skrygalov,Mozyr,Minsk,Pale,Polesie,Minsk,Belarus SSR,Mozyr',Polesie,Russian Empire,Soviet Union
1722,VLN_SVN_SVNT,-528458,5089,Skrzynno,Opoczno,Radom,Congress Poland,Lodz,Radom,Kielce,Opochno,Opoczno,Russian Empire,Poland
1723,LBL_KHL_SWRZ,-528485,5090,Skulsk,Slupca,Kalisz,Congress Poland,Lodz,Kalisz,Łódż,Sluptsy,Słupca,Russian Empire,Poland
1724,PRU_PMM_SWNM,-2619282,5091,Shkudy,Telshi,Kovno,Pale,Kretinga,Kovno,,Tel'shi,Kretinga,Russian Empire,Soviet Union
1725,VLH_VLD_SVNK,-1054232,5092,Skvira,Skvira,Kiev,Pale,Kiev,Kiev,Ukraine SSR,Skvira,Kiev,Russian Empire,Soviet Union
1726,VLN_SVN_SVRI,-1054252,5096,Slavgorod na zemle Ts. S. Mirg,Pavlograd,Ekaterinoslav,Mainland Russia,Dnepropetrovsk,Ekaterinoslav,Ukraine SSR,Pavlograd,Dnepropetrovsk,Russian Empire,Soviet Union
1727,GLC_TRN_SWRZ,-1054378,5097,Slavianoserbsk,Slavianoserbsk,Ekaterinoslav,Mainland Russia,Voroshilovgrad,Ekaterinoslav,Ukraine SSR,Slavianoserbsk,Voroshilovgrad,Russian Empire,Soviet Union
1728,GRD_VLK_SVSL,-1054266,5102,Sluvuta,Zaslavl,Volhynia,Pale,Kamenets-Podolski,Volhynia,Ukraine SSR,Zaslavl',Kamenets-Podolski,Russian Empire,Soviet Union
1729,GLC_STN_SYNW,-1054379,5103,Slaviansk,Izium,Kharkov,Mainland Russia,Stalino,Kharkov,Ukraine SSR,Izium,Stalino,Russian Empire,Soviet Union
1730,VLH_VLD_SHTS,-528544,5104,Sławatycze,Brzeg,Siedlce,Congress Poland,Lublin,Siedlce,Lublin,Biela,Włodawa,Russian Empire,Poland
1731,KLS_SRD_SZDK,-528579,5105,Sławków,Olkusz,Kielce,Congress Poland,Kielce,Kielce,Kielce,Ol'kush,Olkusz,Russian Empire,Poland
1732,PRU_PSN_SMTR,-528636,5106,Ślesin,Kolo,Kalisz,Congress Poland,Lodz,Kalisz,Łódż,Konin,Konin,Russian Empire,Poland
1733,VLN_DSN_SHRK,-1949711,5109,Slobodka,Novoaleksandrovsk,Kovno,Pale,Vilna,Kovno,Wilno,Novoaleksandrovsk,Brasław,Russian Empire,Soviet Union
1734,GLC_CRC_SZCZ,-3212960,5112,Shlok,Riga,Livland,Mainland Russia,Vidzeme,Livland,Vidzeme,Riga,Rīga,Russian Empire,Soviet Union
1735,LBL_ZMC_SZCZ,-528706,5113,Słomniki,Miechow,Kielce,Congress Poland,Kielce,Kielce,Kielce,Miekhov,Miechów,Russian Empire,Poland
1736,KLC_WLS_SZCZ,-1949716,5114,Slonim,Slonim,Grodno,Pale,Nowogrodek,Grodno,Nowogródek,Slonim,Słonim,Russian Empire,Soviet Union
1737,PTR_LSK_SZCZ,-1054375,5115,Slovechno,Ovruch,Volhynia,Pale,Zhitomir,Volhynia,Ukraine SSR,Ovruch,Zhitomir,Russian Empire,Soviet Union
1738,GLC_LWW_SZCZ,-1949726,5116,Sloveni,Sienno,Mogilev,Pale,Vitebsk,Mogilev,Belarus SSR,Sienno,Vitebsk,Russian Empire,Soviet Union
1739,LMZ_SHC_SHCH,-528806,5118,Słupca,Slupca,Kalisz,Congress Poland,Lodz,Kalisz,Łódż,Sluptsy,Słupca,Russian Empire,Poland
1740,VLN_LDA_SHCH,-518599,5119,Słupia Nowa,Opatow,Kielce,Congress Poland,Kielce,Kielce,Kielce,Kiel'tsy,Kielce,Russian Empire,Poland
1741,GLC_TRN_SZCZ,-1949730,5120,Slutsk,Slutsk,Minsk,Pale,Minsk,Minsk,Belarus SSR,Slutsk,Minsk,Russian Empire,Soviet Union
1742,WRS_PLT_SZLK,-528870,5122,Służewo,Nieszawa,Warszawa,Congress Poland,Warsaw,Warszawa,Warszawa,Neshava,Nieszawa,Russian Empire,Poland
1743,GRD_PRZ_SHRS,-1054390,5125,Smiela,Cherkasy,Kiev,Pale,Kiev,Kiev,Ukraine SSR,Cherkasy,Kiev,Russian Empire,Soviet Union
1744,PLC_MLV_SZRN,-1949739,5127,Smilovichi,Igumen,Minsk,Pale,Minsk,Minsk,Belarus SSR,Igumen,Minsk,Russian Empire,Soviet Union
1745,PRU_PSN_SCHB,-3212995,5128,Smilten,Valk,Livland,Mainland Russia,Vidzeme,Livland,Vidzeme,Valk,Valka,Russian Empire,Soviet Union
1746,LMZ_LMZ_SHMV,-3006140,5129,Smolensk,Smolensk,Smolensk,Mainland Russia,Smolensk,Smolensk,Russian SSR,Smolensk,Smolensk,Russian Empire,Soviet Union
1747,VLH_KRM_SHMS,-1949757,5131,Smoliany,Orsha,Mogilev,Pale,Vitebsk,Mogilev,Belarus SSR,Orsha,Vitebsk,Russian Empire,Soviet Union
1748,KLC_STP_SZYD,-1054449,5134,Smorze,Stryj,Galicia,Galicia,Stanislawow,Galicia,Stanisławów,Stryj,Skole,Austrian Empire,Soviet Union
1749,DNV_TGN_TGNR,-1054445,5135,Smotrich,Kamenets-Podolsk,Podolia,Pale,Kamenets-Podolski,Podolia,Ukraine SSR,Kamenets-Podol'sk,Kamenets-Podolski,Russian Empire,Soviet Union
1750,EST_RVL_RVL,-529099,5140,Sniadovo,Lomzha,Lomza,Congress Poland,Bialystok,Łomża,Białystok,Lomzha,Łomża,Russian Empire,Poland
1751,KIV_UMN_TLN,-1054484,5141,Śniatyn,Sniatyn,Galicia,Galicia,Stanislawow,Galicia,Stanisławów,Śniatyn,Śniatyn,,Soviet Union
1752,CRL_TLS_TLSN,-1054475,5143,Snitovka,Letichev,Podolia,Pale,Kamenets-Podolski,Podolia,Ukraine SSR,Letichev,Kamenets-Podolski,Russian Empire,Soviet Union
1753,PRU_OST_TP,-1949772,5144,Snov,Novogrudok,Minsk,Pale,Nowogrodek,Minsk,Nowogródek,Novogrudok,Nieśwież,Russian Empire,Soviet Union
1754,KIV_TRS_TRSH,-1054474,5146,Snitkov,Mogilev,Podolia,Pale,Vinnitsa,Podolia,Ukraine SSR,Mogilev,Vinnitsa,Russian Empire,Soviet Union
1755,WRS_GST_TRCZ,-529184,5151,Sobków,Jedrzejow,Kielce,Congress Poland,Kielce,Kielce,Kielce,Jędrzejów,Jędrzejów,,Poland
1756,VLH_DBN_TRGV,-1054495,5152,Sobolevka,Gaisin,Podolia,Pale,Vinnitsa,Podolia,Ukraine SSR,Gaisin,Vinnitsa,Russian Empire,Soviet Union
1757,RDM_ILZ_TRLW,-529193,5153,Sobolew,Garwolin,Siedlce,Congress Poland,Lublin,Siedlce,Lublin,Garvolin,Garwolin,Russian Empire,Poland
1758,GLC_LWW_TRNW,-529207,5154,Sobota,Lowicz,Warszawa,Congress Poland,Lodz,Warszawa,Warszawa,Lovich,Łowicz,Russian Empire,Poland
1759,LBL_BLG_TRNG,-529226,5157,Sochaczew,Sochaczew,Warszawa,Congress Poland,Warsaw,Warszawa,Warszawa,Sokhachev,Sochaczew,Russian Empire,Poland
1760,GLC_TRN_TRNP,-1054524,5163,Sofievka,Verkhnednieprovsk,Ekaterinoslav,Mainland Russia,Dnepropetrovsk,Ekaterinoslav,Ukraine SSR,Verkhnednieprovsk,Dnepropetrovsk,Russian Empire,Soviet Union
1761,GLC_TRN_TRNR,-1054572,5166,Sokolets,Novaia Ushitsa,Podolia,Pale,Kamenets-Podolski,Podolia,Ukraine SSR,Novaia Ushitsa,Kamenets-Podolski,Russian Empire,Soviet Union
1762,GLC_CRC_TRNW,-529275,5168,Sokolka,Sokolki,Grodno,Pale,Bialystok,Grodno,Białystok,Sokolki,Sokółka,Russian Empire,Poland
1763,GLC_LWW_TRTK,-1054584,5169,Sokolov,Novograd-Volynskii,Volhynia,Pale,Zhitomir,Volhynia,Ukraine SSR,Novograd-Volynskii,Zhitomir,Russian Empire,Soviet Union
1764,LVL_IRV_IRV,-529319,5171,Sokołów,Kolbuszowa,Galicia,Galicia,Stanislawow,Galicia,Lwów,Kolbuszowa,Kolbuszowa,Austrian Empire,Poland
1765,BSS_AKK_TRTN,-529334,5173,Sokołów,Sokolow,Siedlce,Congress Poland,Lublin,Siedlce,Lublin,Sokolov,Sokołów,Russian Empire,Poland
1766,GLC_STN_TTRW,-529340,5175,Sokoly,Wysokie Mazowieckie,Lomza,Congress Poland,Bialystok,Łomża,Białystok,Wysokie Mazowieckie,Wysokie Mazowieckie,,Poland
1767,MGL_MST_TTRS,-1054569,5176,Sokul,Lutsk,Volhynia,Pale,Volhynia,Volhynia,Wołyń,Lutsk,Łuck,Russian Empire,Soviet Union
1768,KVN_RSS_TRGN,-529368,5178,Solec,Ilza,Radom,Congress Poland,Kielce,Radom,Kielce,Iłża,Iłża,,Poland
1769,KVN_NVL_TVRG,-2618748,5179,Bolshie Solochniki,Vilnius,Vilna,Pale,Vilna,Vilna,Wilno,Vilnius,Wilno-Troki,,Soviet Union
1770,PRU_WST_DRSC,-1054637,5185,Solobkovtsy,Novaia Ushitsa,Podolia,Pale,Kamenets-Podolski,Podolia,Ukraine SSR,Novaia Ushitsa,Kamenets-Podolski,Russian Empire,Soviet Union
1771,KVN_TLS_TLSH,-1054671,5186,Sołotwina,Bohorodczany,Galicia,Galicia,Stanislawow,Galicia,Stanisławów,Bohorodczany,Bohorodczany,Austrian Empire,Soviet Union
1772,MNS_PNS_TLKH,-1949831,5190,Soly,Oshmiany,Vilna,Pale,Vilna,Vilna,Wilno,Oshmiany,Oszmiana,,Soviet Union
1773,KIV_CHG_TLPN,-529418,5198,Sompolno,Kolo,Kalisz,Congress Poland,Lodz,Kalisz,Łódż,Kolo,Koło,Russian Empire,Poland
1774,GLC_LWW_TLSN,-1949838,5203,Sopotskin,Avgustov,Suwalki,Congress Poland,Bialystok,Suwałki,Białystok,Avgustov,Augustów,Russian Empire,Soviet Union
1775,PRU_PMM_TMPL,-2277338,5206,Soroki,Soroki,Bessarabia,Pale,Bessarabia,Bessarabia,Basarabia,Soroki,Soroca,Russian Empire,Soviet Union
1776,VLH_STR_TFPL,,5208,Sosnica,Jaroslaw,Galicia,Galicia,Lwow,,,,,,
1777,POD_GSN_TPLK,-1054749,5209,Sosnitsa,Sosnitsa,Chernigov,Pale,Chernigov,Chernigov,Ukraine SSR,Sosnitsa,Chernigov,Russian Empire,Soviet Union
1778,SDL_BLA_TRSP,-529474,5210,Sosnowica,Wlodawa,Siedlce,Congress Poland,Lublin,Siedlce,Lublin,Vlodava,Włodawa,Russian Empire,Poland
1779,KIV_LPV_TRLT,-529478,5211,Sosnowiec,Bedzin,Piotrkow,Congress Poland,Kielce,Piotrków,Kielce,Bendin,Będzin,Russian Empire,Poland
1780,POD_GSN_TRNV,,5217,Sowliny,Limanowa,Galicia,Galicia,Cracow,,,,,,
1781,MGL_MGL_TTRN,,5220,Spas,Dolina,Galicia,Galicia,Stanislawow,,,,,,
1782,KIV_TRS_TTV,-1054824,5231,Spichintsy,Berdichev,Kiev,Pale,Vinnitsa,Kiev,Ukraine SSR,Berdichev,Vinnitsa,Russian Empire,Soviet Union
2688,TRD_FDS_FDS,,5235,Sprottau,Schlesien,Prussia,,Lower Silesia,,,,,,
1783,BSS_BND_BNDR,-529622,5236,Schrimm,Srem,Preussen,Prussia,Poznan,Preußen,Poznań,Posen,Śrem,Germany,Poland
1784,NVG_TKH_TKHV,,5238,Srocko,Piotrkow,Piotrkow,Congress Poland,Lodz,,,,,,
1785,PRU_OST_TLST,-529634,5239,Schroda,Sroda,Preussen,Prussia,Poznan,Preußen,Poznań,Posen,Środa,Germany,Poland
1786,MNS_SLT_TMKV,-1949909,5240,Stakhovo,Pinsk,Minsk,Pale,Polesie,Minsk,Polesie,Pinsk,Stolin,Russian Empire,Soviet Union
1787,KHR_TRS_TRSP,-2619467,5246,Stoklishki,Troki,Vilna,Pale,Alytus,Vilna,,Troki,Alytus,,Soviet Union
1788,KVN_TLS_TYRK,-3034353,5248,Tsaritsin,Tsaritsyn,Saratov,Mainland Russia,Stalingrad,Saratov,Russian SSR,Tsaritsyn,Stalingrad,Russian Empire,Soviet Union
1789,PRU_PSN_TRSC,-1038078,5249,Iuzovka,Bakhmut,Ekaterinoslav,Mainland Russia,Stalino,Ekaterinoslav,Ukraine SSR,Bakhmut,Stalino,Russian Empire,Soviet Union
1790,POD_VNN_TYVR,-2964260,5250,Stallupönen,Stolupiany,Preussen,Prussia,East Prussia,Preußen,Preußen,Ostpreußen,Ostpreußen,,Soviet Union
2623,GLC_STN_TLMC,,5251,Stanestil De Jos,Unknown,Bukovina,,Bukovina,,,,,,
1791,GLC_TRN_TLST,-1054907,5254,Stanislavchik,Vinnitsa,Podolia,Pale,Vinnitsa,Podolia,Ukraine SSR,Vinnitsa,Vinnitsa,Russian Empire,Soviet Union
1792,WRS_RDM_TLSZ,-1054909,5255,Stanisławczyk,Brody,Galicia,Galicia,Tarnopol,Galicia,Tarnopol,Brody,Brody,Austrian Empire,Soviet Union
1793,MGL_ORS_TLCH,-1040327,5256,Stanislau,Stanislawow,Galicia,Galicia,Stanislawow,Galicia,Stanisławów,Stanisławów,Stanisławów,,Soviet Union
1794,PTR_BRZ_TMSZ,-529736,5257,Stanislawow,Minsk Mazowiecki,Warszawa,Congress Poland,Warsaw,Warszawa,Warszawa,Nowo-Mińsk,Mińsk Mazowiecki,,Poland
1795,POD_LMP_TMSH,-1054983,5265,Staraia Siniava,Litin,Podolia,Pale,Kamenets-Podolski,Podolia,Ukraine SSR,Litin,Kamenets-Podolski,Russian Empire,Soviet Union
1796,VLH_RVN_TMSH,-1054989,5266,Staraia Ushitsa,Novaia Ushitsa,Podolia,Pale,Kamenets-Podolski,Podolia,Ukraine SSR,Novaia Ushitsa,Kamenets-Podolski,Russian Empire,Soviet Union
1797,LBL_TMS_TMSZ,-3009831,5267,Staraia Russa,Staraia Russa,Novgorod,Mainland Russia,Leningrad,Novgorod,Russian SSR,Staraia Russa,Leningrad,Russian Empire,Soviet Union
2670,GLC_TRN_TPRW,-529996,5268,Stargard Szczecinski,Pommern,Prussia,,Pomerania,Preußen,Preußen,Pommern,Pommern,Germany,Poland
1798,PSK_TRP_TRPT,-1055017,5269,Starobielsk,Starobielsk,Kharkov,Mainland Russia,Voroshilovgrad,Kharkov,Ukraine SSR,Starobiel'sk,Voroshilovgrad,Russian Empire,Soviet Union
1799,VLH_LTS_TRCH,-1950011,5270,Starabin,Slutsk,Minsk,Pale,Minsk,Minsk,Belarus SSR,Slutsk,Minsk,Russian Empire,Soviet Union
1800,KIV_UMN_TRGV,-3010130,5271,Starodub,Starodub,Chernigov,Pale,Oriol,Chernigov,Russian SSR,Starodub,Oriol,Russian Empire,Soviet Union
2769,PRU_WST_THRN,-530010,5272,Starogard Gdanski,Westpreußen,Prussia,,Pomerania,Preußen,Pomorze,Westpreußen,Starogard,,Poland
1801,GLC_TRN_TST,-1055031,5273,Starokonstantinov,Starokonstantinov,Volhynia,Pale,Kamenets-Podolski,Volhynia,Ukraine SSR,Starokonstantinov,Kamenets-Podolski,Russian Empire,Soviet Union
1802,VLN_OSH_TRBY,-1950033,5275,Starosele,Orsha,Mogilev,Pale,Mogilev,Mogilev,Belarus SSR,Orsha,Mogilev,Russian Empire,Soviet Union
1803,LBL_LBL_TRWN,-1055156,5276,Staro Zakrevskii Maidan,Letichev,Podolia,Pale,Kamenets-Podolski,Podolia,Ukraine SSR,Letichev,Kamenets-Podolski,Russian Empire,Soviet Union
1804,GLC_TRN_TRMB,-1055083,5277,Starunia,Bohorodczany,Galicia,Galicia,Stanislawow,Galicia,Stanisławów,Bohorodczany,Bohorodczany,Austrian Empire,Soviet Union
1805,PRU_PMM_TRPT,-1950077,5278,Staryia Dorogi,Bobruisk,Minsk,Pale,Minsk,Minsk,Belarus SSR,Bobruisk,Minsk,Russian Empire,Soviet Union
1806,PRU_OST_TRBR,-1055135,5279,Staryi Krym,Feodosiia,Taurida,Pale,Crimea,Taurida,Ukraine SSR,Feodosiia,Crimea,Russian Empire,Soviet Union
1807,VLN_TRK_TRK,-1055147,5281,Staremiasto,Stare Miasto,Galicia,Galicia,Lwow,Galicia,Lwów,Stare Miasto,Stary Sambor,Austrian Empire,Soviet Union
1808,KVN_VLK_TRSH,-530111,5282,Stary Sącz,Nowy Sacz,Galicia,Galicia,Cracow,Galicia,Kraków,Nowy Sącz,Nowy Sącz,,Poland
1809,POD_BRT_TRST,-530168,5284,Staszów,Sandomierz,Radom,Congress Poland,Kielce,Radom,Kielce,Sandomir,Sandomierz,Russian Empire,Poland
1810,VLH_ZHT_TRNV,-1055175,5286,Stavishche,Tarashcha,Kiev,Pale,Kiev,Kiev,Ukraine SSR,Tarashcha,Kiev,Russian Empire,Soviet Union
1811,VLH_LTS_TRNV,-530198,5287,Staviski,Kolno,Lomza,Congress Poland,Bialystok,Łomża,Białystok,Kol'no,Kolno,Russian Empire,Poland
1812,GLC_LWW_TRSK,-530204,5288,Stavishin,Kalisz,Kalisz,Congress Poland,Kalisz,Kalisz,Łódż,Kalish,Kalisz,Russian Empire,Poland
1813,KLS_CHN_TRSK,-1055211,5289,Steblev,Kanev,Kiev,Pale,Kiev,Kiev,Ukraine SSR,Kanev,Kiev,Russian Empire,Soviet Union
1814,GLC_TRN_TRYB,-1055217,5290,Stebnik,Drohobycz,Galicia,Galicia,Lwow,Galicia,Lwów,Drohobycz,Drohobycz,Austrian Empire,Soviet Union
1815,KVN_SHV_TRSH,-1055319,5291,Stecowa,Sniatyn,Galicia,Galicia,Stanislawow,Galicia,Stanisławów,Śniatyn,Śniatyn,,Soviet Union
2596,GLC_CRC_TRZB,-2277287,5294,Stefanesti,Soroki,Bessarabia,,Moldavia,Bessarabia,Basarabia,Soroki,Soroca,Russian Empire,Soviet Union
2599,TRD_ALS_ALSH,-1171260,5294,Stefanesti,Botoşani,Bukovina,,Moldavia,Moldavia,Moldavia,Botoşani,Botoşani,,Romania
2761,PRU_WST_TCHL,-527422,5297,Scinawa,Schlesien,Prussia,,Lower Silesia,Preußen,Preußen,Schlesien,Niederschlesien,Germany,Poland
1816,GLC_CRC_TCHW,-530337,5303,Stężyca,Garwolin,Siedlce,Congress Poland,Lublin,Siedlce,Lublin,Garvolin,Garwolin,Russian Empire,Poland
1817,VLH_RVN_TCHN,-1055235,5304,Stepan,Rovno,Volhynia,Pale,Volhynia,Volhynia,Wołyń,Rovno,Kostopol,Russian Empire,Soviet Union
1818,CRL_TKK_TKKM,-1055283,5305,Stepantsy,Kanev,Kiev,Pale,Kiev,Kiev,Ukraine SSR,Kanev,Kiev,Russian Empire,Soviet Union
1819,POD_BRT_TLCH,-530322,5307,Sterdyń,Sokolow,Siedlce,Congress Poland,Lublin,Siedlce,Lublin,Sokolov,Sokołów,Russian Empire,Poland
1820,KLS_KNN_TLSZ,-531881,5310,Stettin,Pommern,Preussen,Prussia,Pomerania,Preußen,Preußen,Pommern,Pommern,Germany,Poland
1821,KLS_TRK_TRK,-1055332,5315,Stobykova,Kovel,Volhynia,Pale,Volhynia,Volhynia,Polesie,Kovel',Kamień Koszyrski,Russian Empire,Soviet Union
1822,GLC_LWW_TRK,-530375,5319,Stoczek,Wegrow,Siedlce,Congress Poland,Lublin,Siedlce,Lublin,Vengrov,Węgrów,Russian Empire,Poland
1823,LBL_KRS_TRBN,-2619463,5323,Stoiatsishki,Sventsiany,Vilna,Pale,Vilna,Vilna,Wilno,Sventsiany,Święciany,,Soviet Union
1824,MNS_MZY_TRV,-1055371,5324,Stojanów,Kamionka,Galicia,Galicia,Tarnopol,Galicia,Tarnopol,Kamionka Strumiłowa,Radziechów,,Poland
1825,,-530417,5325,Stok,Lukow,Siedlce,Congress Poland,Lublin,Siedlce,Lublin,Lukov,Łuków,Russian Empire,Poland
1826,MNS_NVG_TRTS,-1950196,5327,Stolin,Pinsk,Minsk,Pale,Polesie,Minsk,Polesie,Pinsk,Stolin,Russian Empire,Soviet Union
1827,VLH_KVL_TRSK,-1950199,5328,Stvolovichi,Novogrudok,Minsk,Pale,Nowogrodek,Minsk,Nowogródek,Novogrudok,Baranowicze,Russian Empire,Soviet Union
1828,PTR_LDZ_TSZY,-528852,5329,Stolp,Pommern,Preussen,Prussia,Pomerania,Preußen,Preußen,Pommern,Pommern,Germany,Poland
1829,KVN_TLS_TVRY,-1950207,5330,Stolbtsy,Minsk,Minsk,Pale,Nowogrodek,Minsk,Nowogródek,Minsk,Stołpce,Russian Empire,Soviet Union
1830,GLC_LWW_TWRD,,5332,Stomporkow,Konskie,Radom,Congress Poland,Lodz,,,,,,
1831,GLC_LWW_TYCZ,-530463,5333,Stopnica,Stopnica,Kielce,Congress Poland,Kielce,Kielce,Kielce,Stopnica,Stopnica,,Poland
2643,LMZ_WYS_TYKT,-1055363,5335,Storozhynets,Storojinet,Bukovina,,Bukovina,Bukovina,Bucovina,Storojinet,Storojineţ,Austrian Empire,Soviet Union
1832,GLC_CRC_TYLC,,5337,Stralsund,Pommern,Preussen,Prussia,Pomerania,,,,,,
2682,GLC_LWW_TYRW,,5337,Stralsund,Pommern,Prussia,,Pomerania,,,,,,
2693,GLC_STN_TYSZ,,5348,Strehlen,Schlesien,Prussia,,Lower Silesia,,,,,,
1833,LBL_TMS_TYSZ,-1950230,5351,Strieshin,Orsha,Mogilev,Pale,Gomel,Mogilev,Belarus SSR,Orsha,Gomel,Russian Empire,Soviet Union
2689,KVN_RSS_TSTV,,5353,Striegau,Schlesien,Prussia,,Lower Silesia,,,,,,
1834,LBL_GRB_UCHN,-530566,5355,Stromiec,Radom,Radom,Congress Poland,Kielce,Radom,Kielce,Radom,Radom,Russian Empire,Poland
1835,GLC_LWW_UHNW,-1055466,5359,Strusów,Trembowla,Galicia,Galicia,Tarnopol,Galicia,Tarnopol,Trembowla,Trembowla,Austrian Empire,Soviet Union
1836,PTR_BRZ_UJZD,-530680,5362,Stryków,Brzeziny,Piotrkow,Congress Poland,Lodz,Piotrków,Łódż,Breziny,Brzeziny,Russian Empire,Poland
1837,KVN_VLK_VLKM,-1055435,5363,Strizhavka,Vinnitsa,Podolia,Pale,Vinnitsa,Podolia,Ukraine SSR,Vinnitsa,Vinnitsa,Russian Empire,Soviet Union
1838,POD_LTN_ULNV,-530732,5364,Strzegowo,Mlawa,Plock,Congress Poland,Warsaw,Płock,Warszawa,Mlava,Mława,Russian Empire,Poland
1839,GLC_LWW_ULNW,-530777,5366,Strelno,Strzelno,Preussen,Prussia,Poznan,Preußen,Poznań,Posen,Strzelno,Germany,Poland
1840,GLC_TRN_ULSZ,-530791,5368,Strzemieszyce Wielkie,Bedzin,Piotrkow,Congress Poland,Kielce,Piotrków,Kielce,Bendin,Będzin,Russian Empire,Poland
1841,GLC_LWW_ULZW,-1950265,5372,Studenets,Cherikov,Mogilev,Pale,Mogilev,Mogilev,Belarus SSR,Cherikov,Mogilev,Russian Empire,Soviet Union
1842,VTB_LPL_ULL,-1055494,5373,Studenitsa,Novaia Ushitsa,Podolia,Pale,Kamenets-Podolski,Podolia,Ukraine SSR,Novaia Ushitsa,Vinnitsa,Russian Empire,Soviet Union
1843,GLC_LWW_ULCZ,-532311,5374,Stuhm,Sztum,Preussen,Prussia,East Prussia,Preußen,Preußen,Westpreußen,Ostpreußen,,Poland
2607,KIV_UMN_UMN,,5375,Stulpicani,Kimpolung,Bukovina,,Bukovina,,,,,,
1844,CRN_SRZ_UNCH,-2619597,5379,Suboch,Vilkomir,Kovno,Pale,Panevezys,Kovno,,Vil'komir,Panevėžys,Russian Empire,Soviet Union
2651,KLS_TRK_UNJW,-1171644,5383,Suceava,Suczawa,Bukovina,,Bukovina,Bukovina,Bucovina,Suczawa,Suceava,Austrian Empire,Romania
1845,KVN_RSS_UPN,-530956,5384,Sucha,Zywiec,Galicia,Galicia,Cracow,Galicia,Kraków,Żywiec,Maków,,Poland
1846,MNS_BBR_URCH,-530992,5386,Suchedniów,Kielce,Kielce,Congress Poland,Kielce,Kielce,Kielce,Kiel'tsy,Kielce,Russian Empire,Poland
1847,GLC_STN_URYC,-1055614,5387,Suchostaw,Husiatyn,Galicia,Galicia,Tarnopol,Galicia,Tarnopol,Husiatyń,Kopyczyńce,,Soviet Union
1848,LBL_INV_URZN,-1055543,5391,Sudilkov,Zaslavl,Volhynia,Pale,Kamenets-Podolski,Volhynia,Ukraine SSR,Zaslavl',Kamenets-Podolski,Russian Empire,Soviet Union
2600,GLC_TRN_USCZ,,5401,Sulita (I),Botoşani,Bukovina,,Bukovina,,,,,,
1849,VLH_VLD_USTL,-531196,5403,Sulmierzyce,Noworadomsk,Piotrkow,Congress Poland,Lodz,Piotrków,Łódż,Novoradomsk,Radomsko,Russian Empire,Poland
1850,VTB_LPL_USHC,-1055659,5410,Sumy,Sumy,Kharkov,Mainland Russia,Sumy,Kharkov,Ukraine SSR,Sumy,Sumy,Russian Empire,Soviet Union
1851,VLH_ZHT_UTMR,-531239,5411,Suprasl,Bielostok,Grodno,Pale,Bialystok,Grodno,Białystok,Bielostok,Białystok,Russian Empire,Poland
1852,GLC_LWW_USTR,-531248,5414,Surazh,Bielostok,Grodno,Pale,Bialystok,Grodno,Białystok,Bielostok,Białystok,Russian Empire,Poland
1853,VTB_VLZ_USVT,-1950345,5416,Surazh,Vitebsk,Vitebsk,Pale,Vitebsk,Vitebsk,Belarus SSR,Vitebsk,Vitebsk,Russian Empire,Soviet Union
1854,GLC_TRN_USZN,-2619680,5420,Suveinishki,Novoaleksandrovsk,Kovno,Pale,Rokiskis,Kovno,,Novoaleksandrovsk,Rokiškis,Russian Empire,Soviet Union
1855,KVN_VLK_UTSN,-531306,5421,Suvalki,Suvalki,Suwalki,Congress Poland,Bialystok,Suwałki,Białystok,Suvalki,Suwałki,Russian Empire,Poland
1856,MGL_GML_UVRV,-2619694,5427,Sviadostse,Vilkomir,Kovno,Pale,Utena,Kovno,,Vil'komir,Utena,Russian Empire,Soviet Union
1857,MNS_IGM_UZD,-2619698,5428,Shvekshni,Rossieny,Kovno,Pale,Taurage,Kovno,,Rossieny,Tauragė,Russian Empire,Soviet Union
1858,KVN_VLK_USHP,-1950392,5430,Sverzhen,Rogachev,Mogilev,Pale,Gomel,Mogilev,Belarus SSR,Rogachev,Gomel,Russian Empire,Soviet Union
1859,KVN_SHV_UZHV,-3014503,5433,Sviatskaia,Surazh,Chernigov,Pale,Oriol,Chernigov,Russian SSR,Surazh,Oriol,Russian Empire,Soviet Union
1860,KVN_PNV_VBLN,-1947171,5434,Novyi Sverzhen,Minsk,Minsk,Pale,Nowogrodek,Minsk,Nowogródek,Minsk,Stołpce,Russian Empire,Soviet Union
1861,KIV_BRD_VKHN,-531316,5437,Schwersenz,Poznan (wschodni),Preussen,Prussia,Poznan,Preußen,Poznań,Posen,Poznań,Germany,Poland
1862,CRL_GZN_VND,-531429,5438,Schwetz,Swiecie,Preussen,Prussia,Pomerania,Preußen,Pomorze,Westpreußen,Świecie,,Poland
1863,KVN_RSS_VNTY,-2619706,5439,Sventsiany,Sventsiany,Vilna,Pale,Vilna,Vilna,Wilno,Sventsiany,Święciany,,Soviet Union
1864,CRL_TLS_SSMK,-531507,5441,Świerże,Chelm,Lublin,Congress Poland,Lublin,Lublin,Lublin,Kholm,Chełm,Russian Empire,Poland
2723,BSS_BLT_VLLV,-531573,5442,Swietochlowice,Schlesien,Prussia,,Silesia,Preußen,Sląsk,Schlesien,Świętochłowice,Germany,Poland
1865,KHR_ANN_VLGT,-531637,5443,Swinemünde,Pommern,Preussen,Prussia,Pomerania,Preußen,Preußen,Pommern,Pommern,Germany,Poland
1866,LVL_VLK_VLK,-1051602,5444,Sviniukhi,Vladimir-Volynskii,Volhynia,Pale,Volhynia,Volhynia,Wołyń,Vladimir-Volynskii,Horochów,Russian Empire,Soviet Union
1867,LVL_VLM_VLMR,-1950415,5445,"Svir I, II, III",Sventsiany,Vilna,Pale,Vilna,Vilna,Wilno,Sventsiany,Święciany,,Soviet Union
1868,KVN_KVN_VNDZ,-1055801,5446,Świrz,Przemyslany,Galicia,Galicia,Tarnopol,Galicia,Tarnopol,Przemyślany,Przemyślany,,Soviet Union
1869,POD_LMP_VPNR,-1950425,5447,Svisloch,Volkovysk,Grodno,Pale,Bialystok,Grodno,Białystok,Volkovysk,Wołkowysk,Russian Empire,Soviet Union
1870,VTB_RZH_VRKL,-1057969,5450,Synowódzko Wyżne,Stryj,Galicia,Galicia,Stanislawow,Galicia,Stanisławów,Stryj,Skole,Austrian Empire,Soviet Union
1871,VLN_TRK_ORNY,-1053510,5454,Shatsk,Vladimir-Volynskii,Volhynia,Pale,Volhynia,Volhynia,Wołyń,Vladimir-Volynskii,Luboml,Russian Empire,Soviet Union
1872,KVN_TLS_VRN,-531738,5455,Szadek,Sieradz,Kalisz,Congress Poland,Lodz,Kalisz,Łódż,Sieradz',Sieradz,Russian Empire,Poland
1873,KHR_ODS_VRVR,-531780,5459,Samter,Szamotuly,Preussen,Prussia,Poznan,Preußen,Poznań,Posen,Szamotuły,Germany,Poland
1874,MNS_RCH_VSLV,-1949290,5461,Sharkovshchizna,Disna,Vilna,Pale,Vilna,Vilna,Wilno,Disna,Dzisna,,Soviet Union
1875,TRD_MLT_VSLV,-531857,5466,Szczawnica,Nowy Targ,Galicia,Galicia,Cracow,Galicia,Kraków,Nowy Targ,Nowy Targ,Austrian Empire,Poland
1876,KIV_VSL_VSLK,-531872,5467,Szczebrzeszyn,Zamosc,Lublin,Congress Poland,Lublin,Lublin,Lublin,Zamost'e,Zamość,Russian Empire,Poland
1877,KVN_PNV_KNST,-531912,5468,Szczekociny,Wloszczowa,Kielce,Congress Poland,Kielce,Kielce,Kielce,Włoszczowa,Włoszczowa,,Poland
1878,KVN_SHV_VGR,-531967,5469,Szczerców,Lask,Piotrkow,Congress Poland,Lodz,Piotrków,Łódż,Lask,Łask,Russian Empire,Poland
1879,SWL_SNY_VS,-1053567,5470,Szczerzec,Lwow,Galicia,Galicia,Lwow,Galicia,Lwów,Lwów,Lwów,,Soviet Union
1880,KVN_RSS_VVRZ,-532001,5473,Shchuchin,Shchuchin,Lomza,Congress Poland,Bialystok,Łomża,Białystok,Shchuchin,Szczuczyn,Russian Empire,Poland
1881,VLH_OVR_VLDN,-1949356,5474,Shchuchin,Lida,Vilna,Pale,Nowogrodek,Vilna,Nowogródek,Lida,Lida,,Soviet Union
1882,POD_NVU_ZHVN,-1053576,5476,Szczurowice,Brody,Galicia,Galicia,Tarnopol,Galicia,Tarnopol,Brody,Radziechów,Austrian Empire,Soviet Union
1883,PSK_VLK_VLKL,,5485,Szelkow Nowy,Makow,Warszawa,Congress Poland,Warsaw,,,,,,
1884,KVN_KVN_VLNY,-1949379,5493,Shereshevo,Pruzhany,Grodno,Pale,Polesie,Grodno,Polesie,Pruzhany,Prużana,Russian Empire,Soviet Union
1885,VTB_VLZ_VLZH,-532301,5500,Szreńsk,Mlawa,Plock,Congress Poland,Warsaw,Płock,Warszawa,Mlava,Mława,Russian Empire,Poland
1886,CRL_VND_VNDV,-532318,5501,Schubin,Szubin,Preussen,Prussia,Poznan,Preußen,Poznań,Posen,Szubin,Germany,Poland
1887,POD_NVU_VRBV,-532349,5502,Shumovo Gura,Lomzha,Lomza,Congress Poland,Bialystok,Łomża,Białystok,Lomzha,Łomża,Russian Empire,Poland
1888,POD_MGL_VRKH,-1053976,5503,Shumsk,Kremenets,Volhynia,Pale,Volhynia,Volhynia,Wołyń,Kremenets,Krzemieniec,Russian Empire,Soviet Union
1889,POD_BRT_VRKH,-532397,5504,Szydłów,Stopnica,Kielce,Congress Poland,Kielce,Kielce,Kielce,Stopnica,Stopnica,,Poland
1890,EKT_VRK_VRKH,-3015246,5510,Taganrog,Taganrog,Don Voyska,Mainland Russia,Rostov,Don Voyska,Russian SSR,Taganrog,Rostov,Russian Empire,Soviet Union
1891,KIV_SKV_VRKH,-2625660,5515,Revel,Revel,Estland,Mainland Russia,,Estland,,Revel',Harjumaa,Russian Empire,Soviet Union
1892,BSS_SRK_VRTZ,-1055918,5517,Talnoe,Uman,Kiev,Pale,Kiev,Kiev,Ukraine SSR,Uman',Kiev,Russian Empire,Soviet Union
1893,EKT_ALK_VSL,-3213438,5518,Talsen,Talsen,Courland,Mainland Russia,Kurzeme,Courland,Kurzeme,Tal'sen,Talsi,Russian Empire,Soviet Union
1894,MGL_GML_VTK,-2913552,5523,Tapiau,Welawa,Preussen,Prussia,East Prussia,Preußen,Preußen,Ostpreußen,Ostpreußen,,Soviet Union
1895,VLH_OVR_VZVK,-1055950,5529,Tarashcha,Tarashcha,Kiev,Pale,Kiev,Kiev,Ukraine SSR,Tarashcha,Kiev,Russian Empire,Soviet Union
1896,KVN_VLK_VDZS,-532594,5531,Tarczyn,Grojec,Warszawa,Congress Poland,Warsaw,Warszawa,Warszawa,Gostynin,Grójec,Russian Empire,Poland
1897,KVN_RSS_VDKL,-1056486,5534,Torgovitsa,Dubno,Volhynia,Pale,Volhynia,Volhynia,Wołyń,Dubno,Dubno,Russian Empire,Soviet Union
1898,KVN_SHV_VKSH,-532633,5544,Tarłów,Ilza,Radom,Congress Poland,Kielce,Radom,Kielce,Iłża,Iłża,,Poland
1899,KVN_VLK_VSHN,,5548,Tarnawa Nizna,Turka,Galicia,Galicia,Lwow,,,,,,
1900,VLN_TRK_EV,-532663,5551,Tarnogród,Bilgoraj,Lublin,Congress Poland,Lublin,Lublin,Lublin,Bielgorai,Biłgoraj,Russian Empire,Poland
1901,VTB_RZH_VLNY,-1056204,5552,Tarnopol,Tarnopol,Galicia,Galicia,Tarnopol,Galicia,Tarnopol,Tarnopol,Tarnopol,Austrian Empire,Soviet Union
1902,LVL_FLL_FLLN,-1056019,5553,Tarnoruda,Tarnopol,Galicia,Galicia,Tarnopol,Galicia,Tarnopol,Skałat,Skałat,,Soviet Union
1903,SWL_VLK_VLKV,-532666,5554,Tarnów,Tarnow,Galicia,Galicia,Cracow,Galicia,Kraków,Tarnów,Tarnów,,Poland
2731,KVN_KVN_VLK,-532708,5555,Tarnowskie Gory,Schlesien,Prussia,,Silesia,Preußen,Sląsk,Schlesien,Tarnowskie Góry,Germany,Poland
1904,VLN_VLN_VLN,-1056029,5558,Tartaków,Sokal,Galicia,Galicia,Lwow,Galicia,Lwów,Sokal,Sokal,Austrian Empire,Soviet Union
1905,POD_VNN_VNNT,-2625737,5559,Iurev,Iurev,Livland,Mainland Russia,,Livland,,Iur'ev,Tartumaa,Russian Empire,Soviet Union
1906,KIV_ZVN_VNGR,-1056034,5560,Tarutino,Akkerman,Bessarabia,Pale,Bessarabia,Bessarabia,Basarabia,Akkerman,Cetatea Albă,Russian Empire,Soviet Union
1907,SWL_VLK_VRZH,-1043681,5563,Tatarów,Nadworna,Galicia,Galicia,Stanislawow,Galicia,Stanisławów,Nadwórna,Nadwórna,,Soviet Union
1908,SWL_MRM_RDVY,-3016705,5564,Tatarsk,Mstislavl,Mogilev,Pale,Smolensk,Mogilev,Russian SSR,Mstislavl',Smolensk,Russian Empire,Soviet Union
1909,VTB_DVN_VYSH,-2619816,5568,Taurogen,Rossieny,Kovno,Pale,Taurage,Kovno,,Rossieny,Tauragė,Russian Empire,Soviet Union
1910,SWL_VLK_VSHT,-2619819,5569,Tavroginy,Novoaleksandrovsk,Kovno,Pale,Utena,Kovno,,Novoaleksandrovsk,Utena,Russian Empire,Soviet Union
2619,VTB_VTB_VTBS,-1056070,5570,Tovtry,Kotzman,Bukovina,,Bukovina,Bukovina,Bucovina,Kotzman,Cernăuţi,Austrian Empire,Soviet Union
1911,POD_LTC_VLKV,-532743,5571,Dirschau,Tczew,Preussen,Prussia,Pomerania,Preußen,Pomorze,Westpreußen,Tczew,,Poland
1912,VLH_STR_VLCH,-2619849,5577,Telshi,Telshi,Kovno,Pale,Telsiai,Kovno,,Tel'shi,Telšiai,Russian Empire,Soviet Union
1913,KIV_SKV_VLDR,-1950528,5582,Telekhany,Pinsk,Minsk,Pale,Polesie,Minsk,Polesie,Pinsk,Kossów,Russian Empire,Soviet Union
1914,VLH_ZHT_GRSH,-1056108,5583,Telepino,Chigirin,Kiev,Pale,Kirovograd,Kiev,Ukraine SSR,Chigirin,Kirovograd,Russian Empire,Soviet Union
1915,VTB_DRS_VLYN,,5584,Telesnica Oszwarowa,Lisko,Galicia,Galicia,Lwow,,,,,,
1916,POD_NVU_VNKV,-497919,5588,Tempelburg,Pommern,Preussen,Prussia,Pomerania,Preußen,Preußen,Pommern,Pommern,Germany,Poland
1917,VRN_VRN_VRNZ,-1056139,5589,Teofipol,Starokonstantinov,Volhynia,Pale,Kamenets-Podolski,Volhynia,Ukraine SSR,Starokonstantinov,Kamenets-Podolski,Russian Empire,Soviet Union
1918,CRN_GLK_VRNZ,-1056146,5591,Teplik,Gaisin,Podolia,Pale,Vinnitsa,Podolia,Ukraine SSR,Gaisin,Vinnitsa,Russian Empire,Soviet Union
1919,CRN_STR_VRNK,-532844,5596,Terespol,Biala,Siedlce,Congress Poland,Lublin,Siedlce,Lublin,Biela,Biała Podlaska,Russian Empire,Poland
1920,POD_BRT_VRNV,-1056194,5598,Terlitsa,Lipovets,Kiev,Pale,Vinnitsa,Kiev,Ukraine SSR,Lipovets,Vinnitsa,Russian Empire,Soviet Union
1921,EKT_SLV_LGNS,-1056227,5599,Ternovka,Gaisin,Podolia,Pale,Vinnitsa,Podolia,Ukraine SSR,Gaisin,Vinnitsa,Russian Empire,Soviet Union
1922,POD_VNN_VRSH,-1950590,5604,Teterin,Mogilev,Mogilev,Pale,Mogilev,Mogilev,Belarus SSR,Mogilev,Mogilev,Russian Empire,Soviet Union
1923,SMR_STV_STVR,-1056276,5605,Tetiev,Tarashcha,Kiev,Pale,Kiev,Kiev,Ukraine SSR,Tarashcha,Kiev,Russian Empire,Soviet Union
1924,LVL_VRR_VRR,-1038635,5614,Feodosiia,Feodosiia,Taurida,Pale,Crimea,Taurida,Ukraine SSR,Feodosiia,Crimea,Russian Empire,Soviet Union
1925,KHR_ELZ_VZNS,-2276062,5625,Bendery,Bendery,Bessarabia,Pale,Bessarabia,Bessarabia,Basarabia,Bendery,Tighina,Russian Empire,Soviet Union
1926,SML_VZM_VZM,-3018517,5628,Tikhvin,Tikhvin,Novgorod,Mainland Russia,Leningrad,Novgorod,Russian SSR,Tikhvin,Leningrad,Russian Empire,Soviet Union
1927,KHR_KHR_KRN,-3008427,5630,Tilsit,Tylza,Preussen,Prussia,East Prussia,Preußen,Preußen,Ostpreußen,Ostpreußen,,Soviet Union
1928,KVN_VLK_VZHN,-1950604,5633,Timkovichi,Slutsk,Minsk,Pale,Minsk,Minsk,Belarus SSR,Slutsk,Minsk,Russian Empire,Soviet Union
1929,PRU_WST_BRSN,-2277470,5637,Tiraspol,Tiraspol,Kherson,Pale,Moldavia,Kherson,Moldavian ASSR,Tiraspol',,Russian Empire,Soviet Union
1930,GLC_CRC_WDWC,-2619878,5638,Tyrkshle,Telshi,Kovno,Pale,Mazeikiai,Kovno,,Tel'shi,Mažeikiai,Russian Empire,Soviet Union
1931,PRU_PSN_WNGR,-533276,5639,Tirschtiegel,Miedzyrzecz,Preussen,Prussia,Posen-West,Preußen,Preußen,Posen,Posen-Westpreußen,Germany,Poland
1932,GLC_CRC_WMPR,-1057002,5660,Tyvrov,Vinnitsa,Podolia,Pale,Vinnitsa,Podolia,Ukraine SSR,Vinnitsa,Vinnitsa,Russian Empire,Soviet Union
1933,GLC_LWW_WNWC,,5662,Tlumaczyk,Tlumacz,Galicia,Galicia,Stanislawow,,,,,,
1934,GLC_LWW_WRZ,,5664,Tluste Wies,Zaleszczyki,Galicia,Galicia,Tarnopol,,,,,,
1935,WRS_GRT_WRK,-532887,5665,Tłuszcz,Radzymin,Warszawa,Congress Poland,Warsaw,Warszawa,Warszawa,Radimin,Radzymin,Russian Empire,Poland
1936,VLH_DBN_VRKV,-1950640,5670,Tolochin,Orsha,Mogilev,Pale,Vitebsk,Mogilev,Belarus SSR,Orsha,Vitebsk,Russian Empire,Soviet Union
1937,KLS_SRD_WRT,-532973,5671,Tomaszów Mazowiecki,Brzeziny,Piotrkow,Congress Poland,Lodz,Piotrków,Łódż,Breziny,Brzeziny,Russian Empire,Poland
1938,,-1056432,5672,Tomashpol,Lampol,Podolia,Pale,Vinnitsa,Podolia,Ukraine SSR,Iampol',Vinnitsa,Russian Empire,Soviet Union
1939,GRD_SKL_VSLK,-1056426,5673,Tomashgrod,Rovno,Volhynia,Pale,Volhynia,Volhynia,Polesie,Rovno,Sarny,Russian Empire,Soviet Union
1940,RDM_OPT_WSNW,-532972,5674,Tomaszów Lubelski,Tomaszow,Lublin,Congress Poland,Lublin,Lublin,Lublin,Tomashov,Tomaszów,Russian Empire,Poland
1941,GLC_TRN_WSYL,-1056467,5677,Toporów,Brody,Galicia,Galicia,Tarnopol,Galicia,Tarnopol,Brody,Radziechów,Austrian Empire,Soviet Union
1942,PRU_OST_WHL,-3020062,5678,Toropets,Toropets,Pskov,Mainland Russia,Kalinin,Pskov,Russian SSR,Toropets,Kalinin,Russian Empire,Soviet Union
2655,PRU_WST_NSTD,,5679,Toraceni,Wiznitz,Bukovina,,Bukovina,,,,,,
1943,SDL_WGR_WGRW,-1056476,5680,Torchin,Lutsk,Volhynia,Pale,Volhynia,Volhynia,Wołyń,Lutsk,Łuck,Russian Empire,Soviet Union
1944,VLH_DBN_VRB,-1056484,5681,Torgovitsa,Uman,Kiev,Pale,Kirovograd,Kiev,Ukraine SSR,Uman',Kirovograd,Russian Empire,Soviet Union
1945,GLC_LWW_WRCH,-533064,5687,Thorn,Torun,Preussen,Prussia,Pomerania,Preußen,Pomorze,Westpreußen,Toruń,,Poland
1946,VLN_VLK_VZYN,-1056411,5693,Touste,Skalat,Galicia,Galicia,Tarnopol,Galicia,Tarnopol,Skałat,Skałat,,Soviet Union
1947,PTR_LSK_WDW,-1950666,5697,Traby,Oshmiany,Vilna,Pale,Nowogrodek,Vilna,Nowogródek,Oshmiany,Wołożyn,,Soviet Union
2762,KVN_NVL_VDZY,-539927,5698,Zmigrod,Schlesien,Prussia,,Upper Silesia,Preußen,Preußen,Schlesien,Oberschlesien,Germany,Poland
1948,PRU_PMM_WCBR,-533098,5702,Trawniki,Lublin,Lublin,Congress Poland,Lublin,Lublin,Lublin,Liublin,Lublin,Russian Empire,Poland
2692,PRU_PSN_FLHN,,5705,Trebnitz,Schlesien,Prussia,,Lower Silesia,,,,,,
1949,GLC_CRC_WLCZ,-1056161,5711,Trembowla,Trembowla,Galicia,Galicia,Tarnopol,Galicia,Tarnopol,Trembowla,Trembowla,Austrian Empire,Soviet Union
1950,GLC_LWW_WLKO,,5715,Treptow An Der Rega,Pommern,Preussen,Prussia,Pomerania,,,,,,
2680,GLC_CRC_WLPL,,5715,Treptow An Der Rega,Pommern,Prussia,,Pomerania,,,,,,
1951,KLS_VLN_WLN,,5717,Treuburg,Olecko,Preussen,Prussia,East Prussia,,,,,,
2708,KLS_VLN_WRSZ,,5723,Trinec,Schlesien,Prussia,,Silesia,,,,,,
1952,RDM_ILZ_WRZB,-2619904,5729,Troki,Troki,Vilna,Pale,Vilna,Vilna,Wilno,Troki,Wilno-Troki,,Soviet Union
1953,POD_NVU_VRBV_2,-2619954,5731,Trashkuny,Vilkomir,Kovno,Pale,Panevezys,Kovno,,Vil'komir,Panevėžys,Russian Empire,Soviet Union
1954,VLN_VLK_VLK,-1056590,5732,Trostianets,Bratslav,Podolia,Pale,Vinnitsa,Podolia,Ukraine SSR,Bratslav,Vinnitsa,Russian Empire,Soviet Union
1955,GLC_LWW_WNNK,-1056613,5733,Troianov,Zhitomir,Volhynia,Pale,Zhitomir,Volhynia,Ukraine SSR,Zhitomir,Zhitomir,Russian Empire,Soviet Union
1956,WRS_NWM_WNZW,-1056617,5734,Troianovka,Lutsk,Volhynia,Pale,Volhynia,Volhynia,Wołyń,Lutsk,Kowel,Russian Empire,Soviet Union
1957,WRS_BLN_WSKT,-1056675,5741,Truskawiec,Drohobycz,Galicia,Galicia,Lwow,Galicia,Lwów,Drohobycz,Drohobycz,Austrian Empire,Soviet Union
1958,KLC_PNC_WSLC,-533199,5742,Truskolasy,Czestochowa,Kalisz,Congress Poland,Kielce,Kalisz,Kielce,Chenstokhov,Częstochowa,,Poland
1959,GLC_CRC_WSNC,-1056535,5744,Trybuchowce,Husiatyn,Galicia,Galicia,Tarnopol,Galicia,Tarnopol,Husiatyń,Kopyczyńce,,Soviet Union
1960,VLH_KRM_NVYV,-2619972,5746,Trishki,Shavli,Kovno,Pale,Siauliai,Kovno,,Shavli,Šiauliai,Russian Empire,Soviet Union
1961,SDL_VLD_WSZN,-533363,5749,Trzebinia,Chrzanow,Galicia,Galicia,Cracow,Galicia,Kraków,Chrzanów,Chrzanów,,Poland
1962,VLN_OSH_VSHN,-1056817,5751,Aleshki,Aleshki,Taurida,Pale,Nikolaiev,Taurida,Ukraine SSR,Aleshki,Nikolaiev,Russian Empire,Soviet Union
1963,GLC_TRN_WTKW,-533487,5753,Tuchel,Tuchola,Preussen,Prussia,Pomerania,Preußen,Pomorze,Westpreußen,Tuchola,,Poland
1964,SWL_SVL_VZHN,-533498,5754,Tuchów,Tarnow,Galicia,Galicia,Cracow,Galicia,Kraków,Tarnów,Tarnów,,Poland
1965,LMZ_LMZ_VZN,-1056828,5755,Tuchin,Rovno,Volhynia,Pale,Volhynia,Volhynia,Wołyń,Rovno,Równe,Russian Empire,Soviet Union
1966,KLS_KNN_RSSC,-3213646,5757,Tukkum,Tukkum,Courland,Mainland Russia,Zemgale,Courland,Zemgale,Tukkum,Tukums,Russian Empire,Soviet Union
1967,WRS_VLT_WLCL,-1056838,5759,Tulchin,Bratslav,Podolia,Pale,Vinnitsa,Podolia,Ukraine SSR,Bratslav,Vinnitsa,Russian Empire,Soviet Union
1968,SDL_VLD_WLDW,-533529,5761,Tuliszków,Konin,Kalisz,Congress Poland,Lodz,Kalisz,Łódż,Konin,Konin,Russian Empire,Poland
1969,GRD_BRS_VLDV,-533571,5771,Turek,Turek,Kalisz,Congress Poland,Lodz,Kalisz,Łódż,Turek,Turek,Russian Empire,Poland
1970,VLH_LTS_VLDM,-1056894,5773,Turka,Turka,Galicia,Galicia,Lwow,Galicia,Stanisławów,Turka,Turka,Austrian Empire,Soviet Union
1971,VLH_VLD_VLDM,-533595,5779,Turobin,Krasnystaw,Lublin,Congress Poland,Lublin,Lublin,Lublin,Krasnostav,Krasnystaw,Russian Empire,Poland
1972,WRS_NSH_WLKP,-1950797,5780,Turov,Mozyr,Minsk,Pale,Polesie,Minsk,Belarus SSR,Mozyr',Polesie,Russian Empire,Soviet Union
1973,KLC_WLS_WLSZ,,5784,Turza Wielka,,,,Stanislawow,,,,,,
1974,KLC_JDR_WDZS,-1950781,5786,Turets,Novogrudok,Minsk,Pale,Nowogrodek,Minsk,Nowogródek,Novogrudok,Stołpce,Russian Empire,Soviet Union
1975,SDL_RDN_WHYN,-1056891,5788,Turiisk,Kovel,Volhynia,Pale,Volhynia,Volhynia,Wołyń,Kovel',Kowel,Russian Empire,Soviet Union
1976,LBL_KHL_WJSL,-533699,5789,Tuszyn,Lodz,Piotrkow,Congress Poland,Lodz,Piotrków,Łódż,Lodz',Łódź,Russian Empire,Poland
1977,GLC_CRC_WJNC,-2620008,5792,Tvery,Telshi,Kovno,Pale,Telsiai,Kovno,,Tel'shi,Telšiai,Russian Empire,Soviet Union
1978,GLC_STN_WJNL,-1056949,5794,Twierdza,Mosciska,Galicia,Galicia,Lwow,Galicia,Lwów,Mościska,Mościska,,Soviet Union
1979,GLC_LWW_WJTK,-533767,5796,Tyczyn,Rzeszow,Galicia,Galicia,Lwow,Galicia,Lwów,Rzeszów,Rzeszów,,Poland
1980,PTR_PTR_WLKR,-533770,5797,Tykotsin,Wysokie Mazowieckie,Lomza,Congress Poland,Bialystok,Łomża,Białystok,Wysokie Mazowieckie,Wysokie Mazowieckie,,Poland
1981,GLC_LWW_WLMC,-533780,5798,Tylicz,Nowy Sacz,Galicia,Galicia,Cracow,Galicia,Kraków,Nowy Sącz,Nowy Sącz,,Poland
1982,RDM_RDM_WLNW,-533824,5800,Tyrawa Wołoska,Sanok,Galicia,Galicia,Lwow,Galicia,Lwów,Sanok,Sanok,Austrian Empire,Poland
1983,GLC_LWW_WLZR,-1056980,5803,Tyszkowce,Horodenka,Galicia,Galicia,Stanislawow,Galicia,Stanisławów,Horodenka,Horodenka,Austrian Empire,Soviet Union
1984,PTR_PTR_WLBR,-533843,5804,Tyszowce,Tomaszow,Lublin,Congress Poland,Lublin,Lublin,Lublin,Tomashov,Tomaszów,Russian Empire,Poland
1985,KLC_OLK_WLBR,-2620027,5805,Tsitoviany,Rossieny,Kovno,Pale,Raseiniai,Kovno,,Rossieny,Raseiniai,Russian Empire,Soviet Union
1986,GRD_VLK_VLKV,,5808,Uchanie,Hrubieszow,Lublin,Congress Poland,Lublin,,,,,,
1987,PRU_PMM_WLLN,-1057044,5824,Uhnów,Rawa,Galicia,Galicia,Lwow,Galicia,Lwów,Rawa Ruska,Rawa Ruska,Austrian Empire,Soviet Union
1988,WRS_RDM_WLMN,-533918,5828,Ujazd,Brzeziny,Piotrkow,Congress Poland,Lodz,Piotrków,Łódż,Breziny,Brzeziny,Russian Empire,Poland
1989,GLC_STN_WLSK,-2620042,5833,Vilkomir,Vilkomir,Kovno,Pale,Ukmerge,Kovno,,Vil'komir,Ukmergė,Russian Empire,Soviet Union
1990,VLN_OSH_VLZH,-1057102,5834,Ulanov,Litin,Podolia,Pale,Vinnitsa,Podolia,Ukraine SSR,Litin,Vinnitsa,Russian Empire,Soviet Union
1991,GRD_GRD_VLP,-533954,5835,Ulanów,Nisko,Galicia,Galicia,Lwow,Galicia,Lwów,Nisko,Nisko,Austrian Empire,Poland
1992,PRU_PSN_WLLS,-1057106,5836,Ułaszkowce,Czortkow,Galicia,Galicia,Tarnopol,Galicia,Tarnopol,Czortków,Czortków,,Soviet Union
1993,RDM_ILZ_WCHC,-533977,5837,Ułazów,Cieszanow,Galicia,Galicia,Lwow,Galicia,Lwów,Cieszanów,Lubaczów,,Poland
1994,LMZ_OST_VNSV,-1950894,5839,Ulla,Lepel,Vitebsk,Pale,Vitebsk,Vitebsk,Belarus SSR,Lepel',Vitebsk,Russian Empire,Soviet Union
1995,LMZ_SHC_VNSS,-534007,5845,Ułucz,Brzozow,Galicia,Galicia,Lwow,Galicia,Lwów,Brzozów,Brzozów,,Poland
1996,LBL_PLW_WWLN,-1057170,5846,Uman,Uman,Kiev,Pale,Kiev,Kiev,Ukraine SSR,Uman',Kiev,Russian Empire,Soviet Union
1997,PRU_OST_WRMD,-3025207,5847,Unech,Surazh,Chernigov,Pale,Oriol,Chernigov,Russian SSR,Surazh,Oriol,Russian Empire,Soviet Union
1998,VLN_VLN_VRNN,-534027,5850,Uniejów,Turek,Kalisz,Congress Poland,Lodz,Kalisz,Łódż,Turek,Turek,Russian Empire,Poland
1999,GLC_STN_WRCH,-2620071,5859,Upina,Rossieny,Kovno,Pale,Taurage,Kovno,,Rossieny,Tauragė,Russian Empire,Soviet Union
2000,VLN_LDA_VRNV,-1950915,5861,Urieche,Bobruisk,Minsk,Pale,Minsk,Minsk,Belarus SSR,Bobruisk,Minsk,Russian Empire,Soviet Union
2001,PRU_PSN_WRNK,,5866,Urycz,Stryj,Galicia,Galicia,Stanislawow,,,,,,
2002,PRU_PSN_WRSC,,5867,Urzendow,Janow,Lublin,Congress Poland,Lublin,,,,,,
2003,MNS_NVG_VSLB,-1057280,5870,Uście Zielone,Tlumacz,Galicia,Galicia,Tarnopol,Galicia,Tarnopol,Buczacz,Buczacz,Austrian Empire,Soviet Union
2004,GLC_LWW_WLKM,-1057255,5871,Ustilug,Vladimir-Volynskii,Volhynia,Pale,Volhynia,Volhynia,Wołyń,Vladimir-Volynskii,Włodzimierz,Russian Empire,Soviet Union
2005,GLC_LWW_WYBR,-1950933,5872,Ushach,Lepel,Vitebsk,Pale,Vitebsk,Vitebsk,Belarus SSR,Lepel',Vitebsk,Russian Empire,Soviet Union
2006,RDM_RDM_WYSM,-1057221,5873,Utomir,Zhitomir,Volhynia,Pale,Zhitomir,Volhynia,Ukraine SSR,Zhitomir,Zhitomir,Russian Empire,Soviet Union
2710,VLH_RVN_VYST,,5880,Ustron,Schlesien,Prussia,,Silesia,,,,,,
2007,GLC_LWW_WYSC,-534141,5881,Ustrzyki Dolne,Lisko,Galicia,Galicia,Lwow,Galicia,Lwów,Lisko,Lisko,Austrian Empire,Soviet Union
2008,LBL_KRS_WYSK,-3027477,5882,Usviat,Velizh,Vitebsk,Pale,Smolensk,Vitebsk,Russian SSR,Velizh,Smolensk,Russian Empire,Soviet Union
2009,GRD_BRS_VYSK,,5883,Usznia,Zloczow,Galicia,Galicia,Tarnopol,,,,,,
2010,LMZ_WYS_MZVT,-2620103,5884,Utsiany,Vilkomir,Kovno,Pale,Utena,Kovno,,Vil'komir,Utena,Russian Empire,Soviet Union
2011,WRS_PLT_WYSZ,-1950984,5886,Uvarovichi,Gomel,Mogilev,Pale,Gomel,Mogilev,Belarus SSR,Gomel',Gomel,Russian Empire,Soviet Union
2012,PLC_PLT_WYSZ,-1950990,5888,Uzda,Igumen,Minsk,Pale,Minsk,Minsk,Belarus SSR,Igumen,Minsk,Russian Empire,Soviet Union
2013,VLH_KRM_VYSH,-2620151,5891,Ushpol,Vilkomir,Kovno,Pale,Utena,Kovno,,Vil'komir,Utena,Russian Empire,Soviet Union
2014,PLT_PRT_IGTN,-2620203,5892,Uzhventy,Shavli,Kovno,Pale,Siauliai,Kovno,,Shavli,Šiauliai,Russian Empire,Soviet Union
2015,TRD_ILT_ILT,-2620214,5894,Vobolniki,Poneviezh,Kovno,Pale,Birzai,Kovno,,Poneviezh,Biržai,Russian Empire,Soviet Union
2016,POD_MGL_ILTS,-1057333,5897,Vakhnovka,Berdichev,Kiev,Pale,Vinnitsa,Kiev,Ukraine SSR,Berdichev,Vinnitsa,Russian Empire,Soviet Union
2597,POD_LMP_IMPL,-2277548,5900,Vadul Rascov,Soroki,Bessarabia,,Bessarabia,Bessarabia,Basarabia,Soroki,Soroca,Russian Empire,Soviet Union
2017,VLH_KRM_IMPL,-3213817,5902,Vainode,Gazenpot,Courland,Mainland Russia,Kurzeme,Courland,Kurzeme,Gazenpot,Liepāja,Russian Empire,Soviet Union
2018,VTB_VTB_INVC,-2620269,5903,Voinuty,Rossieny,Kovno,Pale,Taurage,Kovno,,Rossieny,Tauragė,Russian Empire,Soviet Union
2019,VLH_ZHT_INSH,-3213835,5908,Sasmaken,Talsen,Courland,Mainland Russia,Kurzeme,Courland,Kurzeme,Tal'sen,Talsi,Russian Empire,Soviet Union
2020,SML_DKH_IRTS,-2277553,5910,Valialui Vlad,Bieltsy,Bessarabia,Pale,Bessarabia,Bessarabia,Basarabia,Bieltsy,Bălţi,Russian Empire,Soviet Union
2021,POD_PRS_IRML,-1038019,5912,Valegotsulovo,Ananev,Kherson,Pale,Odessa,Kherson,Ukraine SSR,Anan'ev,Odessa,Russian Empire,Soviet Union
2022,POD_LMP_IRG,-2626209,5914,Valk,Valk,Livland,Mainland Russia,.,Livland,,Valk,Valgamaa,Russian Empire,Soviet Union
2023,POD_MGL_IRYS,-3214770,5918,Volmar,Volmar,Livland,Mainland Russia,Vidzeme,Livland,Vidzeme,Vol'mar,Valmiera,Russian Empire,Soviet Union
2606,KHR_ANN_ISNV,,5921,Vama (Ii),Kimpolung,Bukovina,,Bukovina,,,,,,
2024,KHR_KHR_EFNG,-2620353,5924,Vendziagoly,Kovno,Kovno,Pale,Kaunas,Kovno,,Kovna,Kaunas,Russian Empire,Soviet Union
2025,TRD_EVP_EVPT,-1057374,5925,Vapniarka,Lampol,Podolia,Pale,Vinnitsa,Podolia,Ukraine SSR,Iampol',Vinnitsa,Russian Empire,Soviet Union
2026,VLH_DBN_OZRN,-3213892,5926,Varkliany,Riezhitsa,Vitebsk,Pale,Latgale,Vitebsk,Latgale,Riezhitsa,Rēzekne,Russian Empire,Soviet Union
2027,KVN_TLS_ILLK,-2620370,5929,Orany,Troki,Vilna,Pale,Alytus,Vilna,Wilno,Troki,Wilno-Troki,,Soviet Union
2028,VTB_DRS_IKHV,-2620398,5931,Vorni,Telshi,Kovno,Pale,Telsiai,Kovno,,Tel'shi,Telšiai,Russian Empire,Soviet Union
2029,MNS_RCH_IRVC,-1057419,5934,Varvarovka,Odessa,Kherson,Pale,Nikolaiev,Kherson,Ukraine SSR,Odessa,Nikolaiev,Russian Empire,Soviet Union
2621,KIV_LPV_ISTN,-1057458,5937,Vasyliv,Kotzman,Bukovina,,Bukovina,Bukovina,Bucovina,Kotzman,Cernăuţi,Austrian Empire,Soviet Union
2030,POD_BLT_IZFP,-1951048,5938,Vasilevichi,Riechitsa,Minsk,Pale,Polesie,Minsk,Belarus SSR,Riechitsa,Polesie,Russian Empire,Soviet Union
2031,GLC_STN_ZB,-1061631,5939,Vasilevo,Melitopol,Taurida,Pale,Zaporozhe,Taurida,Ukraine SSR,Melitopol',Zaporozhe,Russian Empire,Soviet Union
2032,GRD_KBR_ZHBN,-1057447,5940,Vasilkov,Vasilkov,Kiev,Pale,Kiev,Kiev,Ukraine SSR,Vasil'kov,Kiev,Russian Empire,Soviet Union
2033,GLC_STN_ZBLT,-2620415,5941,Konstantinovo,Poneviezh,Kovno,Pale,Birzai,Kovno,,Poneviezh,Biržai,Russian Empire,Soviet Union
2608,GRD_BLST_ZBLD,-1174403,5945,Vatra Dornei,Kimpolung,Bukovina,,Bukovina,Bukovina,Bucovina,Kimpolung,Câmpu-Lung,Austrian Empire,Romania
2605,KIV_CHR_ZHBT,,5946,Vatra-Moldovitei,Kimpolung,Bukovina,,Bukovina,,,,,,
2034,POD_OLG_ZGNT,-2620435,5952,Vegeri,Shavli,Kovno,Pale,Mazeikiai,Kovno,,Shavli,Mažeikiai,Russian Empire,Soviet Union
2035,KLS_SLP_ZGRW,-2620438,5954,Veisee,Seiny,Suwalki,Congress Poland,Seinai,Suwałki,,Seiny,Seinai,Russian Empire,Soviet Union
2036,GLC_LWW_ZGRZ,-2620442,5956,Vevirzhany,Rossieny,Kovno,Pale,Kretinga,Kovno,,Rossieny,Kretinga,Russian Empire,Soviet Union
2037,PTR_BND_ZGRZ,-1048910,5959,Veledniki,Ovruch,Volhynia,Pale,Zhitomir,Volhynia,Ukraine SSR,Ovruch,Zhitomir,Russian Empire,Soviet Union
2038,MGL_MST_ZKHR,-1057766,5965,Zhvanchik,Novaia Ushitsa,Podolia,Pale,Kamenets-Podolski,Podolia,Ukraine SSR,Novaia Ushitsa,Kamenets-Podolski,Russian Empire,Soviet Union
2039,GLC_CRC_ZKLC,-3029851,5966,Velikie Luki,Velikie Luki,Pskov,Mainland Russia,Kalinin,Pskov,Russian SSR,Velikie Luki,Kalinin,Russian Empire,Soviet Union
2040,LBL_INV_ZKLK,-2620454,5970,Veliony,Kovno,Kovno,Pale,Kaunas,Kovno,,Kovna,Kaunas,Russian Empire,Soviet Union
2041,GLC_CRC_ZKPN,-3029984,5971,Velizh,Velizh,Vitebsk,Pale,Smolensk,Vitebsk,Russian SSR,Velizh,Smolensk,Russian Empire,Soviet Union
2042,WRS_PLN_ZKRC,-3214120,5988,Vindava,Vindava,Courland,Mainland Russia,Kurzeme,Courland,Kurzeme,Vindava,Ventspils,Russian Empire,Soviet Union
2043,LBL_INV_ZKRZ,-1057883,5990,Verbovets,Novaia Ushitsa,Podolia,Pale,Vinnitsa,Podolia,Ukraine SSR,Novaia Ushitsa,Vinnitsa,Russian Empire,Soviet Union
2044,GLC_TRN_ZLSZ,-1058049,5993,Verkhovka,Mogilev,Podolia,Pale,Vinnitsa,Podolia,Ukraine SSR,Mogilev,Vinnitsa,Russian Empire,Soviet Union
2045,GLC_TRN_ZLZC,-1058048,5994,Verkhovka,Bratslav,Podolia,Pale,Vinnitsa,Podolia,Ukraine SSR,Bratslav,Vinnitsa,Russian Empire,Soviet Union
2046,GLC_STN_ZLKW,-1057945,5997,Verkhnednieprovsk,Verkhnednieprovsk,Ekaterinoslav,Mainland Russia,Dnepropetrovsk,Ekaterinoslav,Ukraine SSR,Verkhnednieprovsk,Dnepropetrovsk,Russian Empire,Soviet Union
2047,LMZ_LMZ_ZMBR,-1058050,5999,Verkhovnia,Skvira,Kiev,Pale,Zhitomir,Kiev,Ukraine SSR,Skvira,Zhitomir,Russian Empire,Soviet Union
2048,LBL_INV_MDLB_2,-2277585,6006,Vertiuzhany,Soroki,Bessarabia,Pale,Bessarabia,Bessarabia,Basarabia,Soroki,Soroca,Russian Empire,Soviet Union
2049,POD_NVU_ZMHV,-1058105,6008,Veselaia,Aleksandrovsk,Ekaterinoslav,Mainland Russia,Zaporozhe,Ekaterinoslav,Ukraine SSR,Aleksandrovsk,Zaporozhe,Russian Empire,Soviet Union
2050,LBL_ZMC_ZMSC,-1951259,6012,Vietka,Gomel,Mogilev,Pale,Gomel,Mogilev,Belarus SSR,Gomel',Gomel,Russian Empire,Soviet Union
2051,EKT_MRP_ALKS,-1059068,6016,Viazovka,Ovruch,Volhynia,Pale,Zhitomir,Volhynia,Ukraine SSR,Ovruch,Zhitomir,Russian Empire,Soviet Union
2631,KVN_NVL_NVLK,-1174511,6018,Vicovu De Sus,Radautz,Bukovina,,Bukovina,Bukovina,Bucovina,Radautz,Rădăuţi,Austrian Empire,Romania
2052,LMZ_OST_ZRMB,-2620548,6019,Vidzishki,Vilkomir,Kovno,Pale,Ukmerge,Kovno,,Vil'komir,Ukmergė,Russian Empire,Soviet Union
2053,KVN_TLS_ZHRN,-2620552,6020,Vidukli,Rossieny,Kovno,Pale,Raseiniai,Kovno,,Rossieny,Raseiniai,Russian Empire,Soviet Union
2054,PTR_BND_ZRK,-2620560,6021,Viekshnia,Shavli,Kovno,Pale,Mazeikiai,Kovno,,Shavli,Mažeikiai,Russian Empire,Soviet Union
2055,KLC_OLK_ZRNW,-2620573,6025,Vieshinty,Vilkomir,Kovno,Pale,Panevezys,Kovno,,Vil'komir,Panevėžys,Russian Empire,Soviet Union
2056,GLC_LWW_ZRSZ,-2620587,6027,Eve,Troki,Vilna,Pale,Troki,Vilna,,Troki,Trakai,,Soviet Union
2665,KIV_TRS_ZHSH,-1058424,6028,Vyzhenka,Wiznitz,Bukovina,,Bukovina,Bukovina,Bucovina,Wiznitz,Storojineţ,Austrian Empire,Soviet Union
2666,VLN_DSN_ZSKV,-1058427,6029,Vyzhnytsya,Wiznitz,Bukovina,,Bukovina,Bukovina,Bucovina,Wiznitz,Storojineţ,Austrian Empire,Soviet Union
2057,MNS_MNS_ZSLV,-3214256,6031,Veleny,Riezhitsa,Vitebsk,Pale,Latgale,Vitebsk,Latgale,Riezhitsa,Rēzekne,Russian Empire,Soviet Union
2058,VLN_TRK_ZHSL,-2626515,6033,Fellin,Fellin,Livland,Mainland Russia,,Livland,,Fellin,Viljandimaa,Russian Empire,Soviet Union
2059,EKT_MRP_ZTSH,-2620625,6034,Volkovyshki,Volkovyshki,Suwalki,Congress Poland,Vilkaviskis,Suwałki,,Volkovyshki,Vilkaviškis,Russian Empire,Soviet Union
2060,GLC_CRC_ZTR,-2620634,6035,Vilki,Kovno,Kovno,Pale,Kaunas,Kovno,,Kovna,Kaunas,Russian Empire,Soviet Union
2061,MGL_MGL_ZVRZ,-2620663,6039,Vilna,Vilnius,Vilna,Pale,Vilna,Vilna,Wilno,Vilnius,Wilno,,Soviet Union
2062,GLC_TRN_ZWLW,-1058303,6045,Vinnitsa,Vinnitsa,Podolia,Pale,Vinnitsa,Podolia,Ukraine SSR,Vinnitsa,Vinnitsa,Russian Empire,Soviet Union
2063,RDM_SND_ZWCH,-1058306,6046,Vinograd,Zvenigorodka,Kiev,Pale,Kiev,Kiev,Ukraine SSR,Zvenigorodka,Kiev,Russian Empire,Soviet Union
2064,PTR_BND_ZWRC,-2620693,6048,Verzhbolovo,Volkovyshki,Suwalki,Congress Poland,Vilkaviskis,Suwałki,,Volkovyshki,Vilkaviškis,Russian Empire,Soviet Union
2065,GLC_STN_ZWJ,-2620721,6051,Ruda Vysokaia,Mariampol,Suwalki,Congress Poland,Marijampole,Suwałki,,Mariampol',Marijampolė,Russian Empire,Soviet Union
2066,LMZ_KLN_ZBN,-3214358,6054,Vyshki,Dvinsk,Vitebsk,Pale,Latgale,Vitebsk,Latgale,Dvinsk,Daugavpils,Russian Empire,Soviet Union
2067,PRU_PSN_BNTS,-2620738,6057,Vishtynets,Volkovyshki,Suwalki,Congress Poland,Vilkaviskis,Suwałki,,Volkovyshki,Vilkaviškis,Russian Empire,Soviet Union
2068,GLC_TRN_ZBRW,-1951346,6058,Vitebsk,Vitebsk,Vitebsk,Pale,Vitebsk,Vitebsk,Belarus SSR,Vitebsk,Vitebsk,Russian Empire,Soviet Union
2069,SDL_SDL_ZBCZ,-1058636,6077,Volkovintsy,Letichev,Podolia,Pale,Kamenets-Podolski,Podolia,Ukraine SSR,Letichev,Kamenets-Podolski,Russian Empire,Soviet Union
2070,VLH_OST_ZDLB,-1058702,6080,Volochisk,Starokonstantinov,Volhynia,Pale,Kamenets-Podolski,Volhynia,Ukraine SSR,Starokonstantinov,Kamenets-Podolski,Russian Empire,Soviet Union
2071,KLS_SRD_ZDNS,-1058704,6081,Volodarka,Skvira,Kiev,Pale,Kiev,Kiev,Ukraine SSR,Skvira,Kiev,Russian Empire,Soviet Union
2072,GRD_SLN_DTLV,-1058711,6082,Goroshki,Zhitomir,Volhynia,Pale,Zhitomir,Volhynia,Ukraine SSR,Zhitomir,Zhitomir,Russian Empire,Soviet Union
2073,KVN_PNV_ZHML,-1951463,6088,Volynets,Drissa,Vitebsk,Pale,Vitebsk,Vitebsk,Belarus SSR,Drissa,Vitebsk,Russian Empire,Soviet Union
2074,SDL_GRV_ZLCH,-1058294,6090,Vonkovtsy,Novaia Ushitsa,Podolia,Pale,Kamenets-Podolski,Podolia,Ukraine SSR,Novaia Ushitsa,Kamenets-Podolski,Russian Empire,Soviet Union
2075,EKT_MRP_ZLNP,-3035173,6091,Voronezh,Voronezh,Voronezh,Mainland Russia,Voronezh,Voronezh,Russian SSR,Voronezh,Voronezh,Russian Empire,Soviet Union
2076,PTR_LSK_ZLW,-1058836,6093,Voronezh,Glukhov,Chernigov,Pale,Sumy,Chernigov,Ukraine SSR,Glukhov,Sumy,Russian Empire,Soviet Union
2077,KVN_VLK_PZLV,-3035275,6094,Voronok,Starodub,Chernigov,Pale,Oriol,Chernigov,Russian SSR,Starodub,Oriol,Russian Empire,Soviet Union
2078,GRD_VLK_ZLV,-1058858,6095,Voronovitsa,Bratslav,Podolia,Pale,Vinnitsa,Podolia,Ukraine SSR,Bratslav,Vinnitsa,Russian Empire,Soviet Union
2079,KVN_RSS_ALKS,-1045160,6097,Lugansk,Slavianoserbsk,Ekaterinoslav,Mainland Russia,Voroshilovgrad,Ekaterinoslav,Ukraine SSR,Slavianoserbsk,Voroshilovgrad,Russian Empire,Soviet Union
2080,MNS_BRS_ZMBN,-1058879,6098,Voroshilovka,Vinnitsa,Podolia,Pale,Vinnitsa,Podolia,Ukraine SSR,Vinnitsa,Vinnitsa,Russian Empire,Soviet Union
2081,PTR_LDZ_ZGRZ,-3011273,6101,Stavropol,Stavropol,Samara,Mainland Russia,Stavropol territory,Samara,Russian SSR,Stavropol',Stavropol,Russian Empire,Soviet Union
2082,GLC_CRC_ZBN,-2626645,6103,Verro,Verro,Livland,Mainland Russia,,Livland,,Verro,Võrumaa,Russian Empire,Soviet Union
2083,POD_OLG_ZHBK,-1059003,6107,Voznesensk,Elizavetgrad,Kherson,Pale,Odessa,Kherson,Ukraine SSR,Elizavetgrad,Odessa,Russian Empire,Soviet Union
2084,RDM_OPC_ZRNW,-3036949,6122,Viazma,Viazma,Smolensk,Mainland Russia,Smolensk,Smolensk,Russian SSR,Viaz'ma,Smolensk,Russian Empire,Soviet Union
2085,PTR_LDZ_RZGW,-1059175,6135,Kronau,Kherson,Kherson,Pale,Nikolaiev,Kherson,Ukraine SSR,Kherson,Nikolaiev,Russian Empire,Soviet Union
2086,MNS_MZY_ZHTK,-2620819,6136,Vizhuny,Vilkomir,Kovno,Pale,Utena,Kovno,,Vil'komir,Utena,Russian Empire,Soviet Union
2087,VLH_ZHT_ZHTM,-534173,6138,Briesen,Wabrzezno,Preussen,Prussia,Pomerania,Preußen,Pomorze,Westpreußen,Wąbrzeźno,,Poland
2088,MGL_RGC_ZHLB,-534197,6142,Wadowice,Wadowice,Galicia,Galicia,Cracow,Galicia,Kraków,Wadowice,Wadowice,Austrian Empire,Poland
2089,POD_VNN_ZHMR,-534222,6145,Wongrowitz,Wagrowiec,Preussen,Prussia,Poznan,Preußen,Poznań,Posen,Wągrowiec,Germany,Poland
2741,GLC_CRC_ZMGR,-534239,6149,Walbrzych,Schlesien,Prussia,,Lower Silesia,Preußen,Preußen,Schlesien,Niederschlesien,Germany,Poland
2090,PRU_PSN_ZHNN,-534329,6158,Wampierzów,Mielec,Galicia,Galicia,Cracow,Galicia,Kraków,Mielec,Mielec,Austrian Empire,Poland
2091,LBL_KRS_ZLKW,,6162,Waniowice,Sambor,Galicia,Galicia,Lwow,,,,,,
2092,GLC_LWW_ZLYN,-1048754,6166,Waręż,Sokal,Galicia,Galicia,Lwow,Galicia,Lwów,Sokal,Sokal,Austrian Empire,Poland
2093,MGL_STR_STRY_2,-534404,6167,Warka,Grojec,Warszawa,Congress Poland,Warsaw,Warszawa,Warszawa,Groitsy,Grójec,Russian Empire,Poland
2094,POD_KMN_ZHVN,-1057382,6168,Varkovichi,Dubno,Volhynia,Pale,Volhynia,Volhynia,Wołyń,Dubno,Dubno,Russian Empire,Soviet Union
2095,WRS_BLN_ZYRR,-534454,6170,Warta,Turek,Kalisz,Congress Poland,Lodz,Kalisz,Łódż,Sieradz',Sieradz,Russian Empire,Poland
2096,GLC_CRC_ZYWC,,6171,Wartenburg,,,,East Prussia,,,,,,
2097,KVN_TLS_ZHDY,-534485,6173,Vasilkov,Sokolki,Grodno,Pale,Bialystok,Grodno,Białystok,Sokolki,Białystok,Russian Empire,Poland
2098,GLC_STN_ZLN,-534498,6174,Waśniów,Opatow,Radom,Congress Poland,Kielce,Radom,Kielce,Opatov,Opatów,Russian Empire,Poland
2099,PLC_TSK_ZLN,-1057456,6177,Wasylkowce,Husiatyn,Galicia,Galicia,Tarnopol,Galicia,Tarnopol,Husiatyń,Kopyczyńce,,Soviet Union
2100,VLN_TRK_ZHZH,-3048110,6184,Wehlau,Welawa,Preussen,Prussia,East Prussia,Preußen,Preußen,Ostpreußen,Ostpreußen,,Soviet Union
2101,POD_LTC_ZNKV,-534656,6199,Neustadt,Wejherowo,Preussen,Prussia,Pomerania,Preußen,Pomorze,Westpreußen,Morski,,Poland
2102,PLT_ZNK_ZNKV,-534638,6201,Węgrów,Wegrow,Siedlce,Congress Poland,Lublin,Siedlce,Lublin,Vengrov,Węgrów,Russian Empire,Poland
2103,PRU_OST_ZNTN,-1057841,6205,Verba,Dubno,Volhynia,Pale,Volhynia,Volhynia,Wołyń,Dubno,Dubno,Russian Empire,Soviet Union
2104,KIV_CHG_ZLTP,,6206,Werchrata,Rawa,Galicia,Galicia,Lwow,,,,,,
2105,KLS_SRD_ZLCZ,-1951595,6222,Viazyn,Vileika,Vilna,Pale,Vilna,Vilna,Wilno,Vileika,Wilejka,,Soviet Union
2106,GLC_TRN_ZLCZ,-534832,6224,Widawa,Lask,Piotrkow,Congress Poland,Lodz,Piotrków,Łódż,Lask,Łask,Russian Empire,Poland
2107,GLC_TRN_ZLTN,-1951282,6225,Vidzy,Novoaleksandrovsk,Kovno,Pale,Vilna,Kovno,Wilno,Novoaleksandrovsk,Brasław,Russian Empire,Soviet Union
2108,CRN_NVZ_ZLYN,-534874,6226,Wiecbork,Zlotow,Preussen,Prussia,Pomerania,,,,,,
2109,KHR_ALK_ZNMN,-534946,6227,Filehne,Wielen,Preussen,Prussia,Poznan,Preußen,Poznań,Posen,Czarnków,Germany,Poland
2110,VLH_LTS_SFVK,-534981,6228,Wieliczka,Wieliczka,Galicia,Galicia,Cracow,Galicia,Kraków,Wieliczka,Wieliczka,Austrian Empire,Poland
2111,GLC_LWW_ZLKW,-535046,6229,Wielkie Oczy,Jaworow,Galicia,Galicia,Lwow,Galicia,Lwów,Jaworów,Jaworów,,Poland
2112,PLT_ZLT_ZLTN,-535108,6230,Wielopole,Ropczyce,Galicia,Galicia,Cracow,Galicia,Kraków,Ropczyce,Ropczyce,,Poland
2113,GLC_STN_ZLTN,-535123,6231,Wieluń,Wielun,Kalisz,Congress Poland,Lodz,Kalisz,Łódż,Veliun',Wieluń,Russian Empire,Poland
2114,VLN_DSN_ZHLD,-535172,6233,Wieruszów,Wielun,Kalisz,Congress Poland,Lodz,Kalisz,Łódż,Veliun',Wieluń,Russian Empire,Poland
2115,VLH_LTS_BLSH_2,-535230,6234,Wierzbnik,Ilza,Radom,Congress Poland,Kielce,Radom,Kielce,Iłża,Iłża,,Poland
2116,PTR_BND_ZBKW,-1057883,6235,Verbovets,Novaia Ushitsa,Podolia,Pale,Stanislawow,Podolia,Ukraine SSR,Novaia Ushitsa,Vinnitsa,Russian Empire,Soviet Union
2117,PLC_SRP_ZRMN,-1951292,6242,Vileika,Vileika,Vilna,Pale,Vilna,Vilna,Wilno,Vileika,Wilejka,,Soviet Union
2118,GLC_STN_ZRW,-1058297,6250,Winniki,Lwow,Galicia,Galicia,Lwow,Galicia,Lwów,Lwów,Lwów,,Soviet Union
2763,KIV_ZVN_ZVNG,-535671,6256,Winsko,Schlesien,Prussia,,Lower Silesia,Preußen,Preußen,Schlesien,Niederschlesien,Germany,Poland
2119,RDM_KZN_ZWLN,,6257,Wionzowna,Minsk Mazowiecki,Warszawa,Congress Poland,Warsaw,,,,,,
2120,GLC_STN_ZYDC,-535702,6258,Wiskitki,Blonie,Warszawa,Congress Poland,Warsaw,Warszawa,Warszawa,Blony,Błonie,Russian Empire,Poland
2121,WRS_KTN_ZYCH,-535716,6259,Wiślica,Pinczow,Kielce,Congress Poland,Kielce,Kielce,Kielce,Pinchov,Pińczów,Russian Empire,Poland
2122,KIV_TRS_STRY,-519160,6260,Wiśnicz Nowy,Bochnia,Galicia,Galicia,Cracow,Galicia,Kraków,Bochnia,Bochnia,Austrian Empire,Poland
2123,KLS_KLO_KLDV,-1058362,6261,Novyi Vishnevets,Kremenets,Volhynia,Pale,Volhynia,Volhynia,Wołyń,Kremenets,Krzemieniec,Russian Empire,Soviet Union
2124,GRD_BLST_KNYS,-535775,6263,Wisznice,Wlodawa,Siedlce,Congress Poland,Lublin,Siedlce,Lublin,Vlodava,Włodawa,Russian Empire,Poland
2125,VLH_KRM_LPVT,-1951326,6264,Vishnev,Oshmiany,Vilna,Pale,Nowogrodek,Vilna,Nowogródek,Oshmiany,Wołożyn,,Soviet Union
2126,KVN_TLS_KLVR,-1048977,6265,Witków Nowy,Kamionka,Galicia,Galicia,Tarnopol,Galicia,Tarnopol,Kamionka Strumiłowa,Radziechów,,Soviet Union
2127,VLN_OSH_SMRG,-535898,6273,Vizhainy,Suvalki,Suwalki,Congress Poland,Bialystok,Suwałki,Białystok,Suvalki,Suwałki,Russian Empire,Poland
2128,RDM_ILZ_SLTS,-535903,6274,Vizna,Lomzha,Lomza,Congress Poland,Bialystok,Łomża,Białystok,Lomzha,Łomża,Russian Empire,Poland
2129,VLH_NVG_NVGR,-526545,6275,Russocice,Konin,Kalisz,Congress Poland,Lodz,Kalisz,Łódż,Konin,Konin,Russian Empire,Poland
2130,POD_KMN_FRMP_2,-535957,6276,Włocławek,Wloclawek,Warszawa,Congress Poland,Warsaw,Warszawa,Warszawa,Vlotslavsk,Włocławek,Russian Empire,Poland
2131,KVN_NVL_OKMN,-535965,6277,Włodawa,Wlodawa,Siedlce,Congress Poland,Lublin,Siedlce,Lublin,Vlodava,Włodawa,Russian Empire,Poland
2132,PTR_CHN_KLBT,-1951358,6278,Vlodavka,Brest-Litovsk,Grodno,Pale,Polesie,Grodno,Polesie,Brest-Litovsk,Brześć nad Bugiem,Russian Empire,Poland
2133,CRN_SRZ_KLNT,-1058433,6279,Vladimirets,Lutsk,Volhynia,Pale,Volhynia,Volhynia,Polesie,Lutsk,Sarny,Russian Empire,Soviet Union
2134,CRN_SRZ_SRZH,-1058483,6280,Vladimir-Volynskii,Vladimir-Volynskii,Volhynia,Pale,Volhynia,Volhynia,Wołyń,Vladimir-Volynskii,Włodzimierz,Russian Empire,Soviet Union
2135,KLS_KNN_VLDS,,6282,Wloki Piaski,Sierpc,Warszawa,Congress Poland,Warsaw,,,,,,
2136,KHR_ANN_GLT,-536015,6283,Włoszczowa,Wloszczowa,Kielce,Congress Poland,Kielce,Kielce,Kielce,Włoszczowa,Włoszczowa,,Poland
2137,BSS_ORG_TZR,-536056,6284,Wodzisław,Jedrzejow,Kielce,Congress Poland,Kielce,Kielce,Kielce,Jędrzejów,Jędrzejów,,Poland
2138,KLS_VLN_LTTV,-536060,6289,Wohyń,Radzyn,Siedlce,Congress Poland,Lublin,Siedlce,Lublin,Radin,Radzyń,Russian Empire,Poland
2139,KHR_ANN_BRZL,-536186,6290,Wojsławice,Chelm,Lublin,Congress Poland,Lublin,Lublin,Lublin,Kholm,Chełm,Russian Empire,Poland
2140,PTR_CHN_CHNS,-536149,6291,Wojnicz,Brzeg,Galicia,Galicia,Cracow,Galicia,Kraków,Brzesko,Brzesko,Austrian Empire,Poland
2141,POD_OLG_FRNZ,-1058967,6292,Wojniłów,Kalusz,Galicia,Galicia,Stanislawow,Galicia,Stanisławów,Kałusz,Kałusz,,Soviet Union
2142,RDM_OPC_KLVV,-536202,6293,Wojtkowa,Dobromil,Galicia,Galicia,Lwow,Galicia,Lwów,Dobromil,Dobromil,Austrian Empire,Poland
2143,MGL_MGL_KNZH,-536364,6294,Wola Krzysztoporska,Piotrkow,Piotrkow,Congress Poland,Lodz,Piotrków,Łódż,Petrokov,Piotrków,Russian Empire,Poland
2144,ORL_BRN_BZHT,-536407,6295,Wola Michowa,Lisko,Galicia,Galicia,Lwow,Galicia,Lwów,Lisko,Lisko,Austrian Empire,Poland
2145,KLC_STP_OLSN,-536430,6296,Wolanów,Radom,Radom,Congress Poland,Kielce,Radom,Kielce,Radom,Radom,Russian Empire,Poland
2146,KVN_RSS_KKCH,-536584,6297,Wola Żarczycka,Nisko,Galicia,Galicia,Lwow,Galicia,Lwów,Łańcut,Łańcut,,Poland
2147,LBL_KRS_LPNN,-536596,6299,Wolbórz,Piotrkow,Piotrkow,Congress Poland,Lodz,Piotrków,Łódż,Petrokov,Piotrków,Russian Empire,Poland
2148,MGL_ORS_ORKH,-536597,6300,Wolbrom,Olkusz,Kielce,Congress Poland,Kielce,Kielce,Kielce,Ol'kush,Olkusz,Russian Empire,Poland
2149,MGL_STR_SLVN,-1951082,6307,Volkovysk,Volkovysk,Grodno,Pale,Bialystok,Grodno,Białystok,Volkovysk,Wołkowysk,Russian Empire,Soviet Union
2150,VLH_KVL_MLGL,,6309,Wollin,Pommern,Preussen,Prussia,Pomerania,,,,,,
2677,WRS_RDM_TLSH,,6309,Wollin,Pommern,Prussia,,Pomerania,,,,,,
2151,VLN_VLN_OSTR,-536942,6312,Wołomin,Radzymin,Warszawa,Congress Poland,Warsaw,Warszawa,Warszawa,Radimin,Radzymin,Russian Empire,Poland
2152,VLH_VLD_KPCH,,6313,Woloska Wies,Dolina,Galicia,Galicia,Stanislawow,,,,,,
2153,BSS_SRK_ATK,-1951028,6314,Volozhin,Oshmiany,Vilna,Pale,Nowogrodek,Vilna,Nowogródek,Oshmiany,Wołożyn,,Soviet Union
2154,BSS_IZM_BMKL,-1951450,6315,Volpa,Grodno,Grodno,Pale,Bialystok,Grodno,Białystok,Grodna,Grodno,Russian Empire,Soviet Union
2155,BSS_AKK_BRMC,-536969,6316,Wollstein,Babimost,Preussen,Prussia,Poznan,Preußen,Poznań,Posen,Wolsztyn,Germany,Poland
2156,BSS_KSH_GNCH,-534176,6317,Wąchock,Ilza,Radom,Congress Poland,Kielce,Radom,Kielce,Iłża,Iłża,,Poland
2157,BSS_IZM_KGL,-534481,6318,Vonsevo,Ostrov,Lomza,Congress Poland,Bialystok,Łomża,Białystok,Ostrov,Ostrów,Russian Empire,Poland
2158,BSS_KHT_KLSH,-534510,6319,Vonsosh,Shchuchin,Lomza,Congress Poland,Bialystok,Łomża,Białystok,Shchuchin,Szczuczyn,Russian Empire,Poland
2159,BSS_BLT_KRNS,-534539,6320,Wąwolnica,Pulawy,Lublin,Congress Poland,Lublin,Lublin,Lublin,Puławy,Puławy,,Poland
2160,BSS_ORG_KRLN,-520078,6321,Wormditt,Braniewo,Preussen,Prussia,East Prussia,Preußen,Preußen,Ostpreußen,Ostpreußen,,Poland
2161,BSS_IZM_KYL,-1951469,6323,Vorniany,Vilnius,Vilna,Pale,Vilna,Vilna,Wilno,Vilnius,Wilno-Troki,,Soviet Union
2162,BSS_ORG_OLSH,,6324,Worochta,Nadworna,Galicia,Galicia,Stanislawow,,,,,,
2163,BSS_BND_PTRV,-1951494,6325,Voronovo,Lida,Vilna,Pale,Nowogrodek,Vilna,Nowogródek,Lida,Lida,,Soviet Union
2164,BSS_SRK_PGRN,-537105,6327,Wronke,Szamotuly,Preussen,Prussia,Poznan,Preußen,Poznań,Posen,Szamotuły,Germany,Poland
2165,BSS_ORG_RZN,-537153,6328,Wreschen,Wrzesnia,Preussen,Prussia,Poznan,Preußen,Poznań,Posen,Września,Germany,Poland
2166,BSS_BND_RMNV,-1951555,6329,Vseliub,Novogrudok,Minsk,Pale,Nowogrodek,Minsk,Nowogródek,Novogrudok,Nowogródek,Russian Empire,Soviet Union
2167,BSS_SRK_RD,-1059046,6332,Wulka Mazowiecka,Rawa,Galicia,Galicia,Lwow,Galicia,Lwów,Rawa Ruska,Rawa Ruska,Austrian Empire,Soviet Union
2168,BSS_BLT_RYSH,-1059074,6336,Wybranówka,Bobrka,Galicia,Galicia,Lwow,Galicia,Lwów,Bóbrka,Bóbrka,,Soviet Union
2169,BSS_KSH_SCRN,-537503,6337,Wyśmierzyce,Radom,Radom,Congress Poland,Kielce,Radom,Kielce,Radom,Radom,Russian Empire,Poland
2170,BSS_AKK_TTRB,-1059193,6338,Vysotsk,Rovno,Volhynia,Pale,Volhynia,Volhynia,Polesie,Rovno,Stolin,Russian Empire,Soviet Union
2171,BSS_ORG_TLNS,-1047829,6339,Wysocko Niżne,Turka,Galicia,Galicia,Lwow,Galicia,Lwów,Turka,Turka,Austrian Empire,Soviet Union
2172,BSS_BLT_UNGN,-537567,6341,Wysokie,Krasnystaw,Lublin,Congress Poland,Lublin,Lublin,Lublin,Krasnostav,Krasnystaw,Russian Empire,Poland
2173,CRN_KNT_BTRN,-1951655,6342,Vysoko-Litovsk,Brest-Litovsk,Grodno,Pale,Polesie,Grodno,Polesie,Brest-Litovsk,Brześć nad Bugiem,Russian Empire,Soviet Union
2174,CRL_TLS_PPRV,-537585,6343,Mazovetsk,Wysokie Mazowieckie,Lomza,Congress Poland,Bialystok,Łomża,Białystok,Wysokie Mazowieckie,Wysokie Mazowieckie,,Poland
2175,CRL_ILL_SBBT,-537623,6344,Wyszków,Pultusk,Warszawa,Congress Poland,Warsaw,Warszawa,Warszawa,Pultusk,Pułtusk,Russian Empire,Poland
2176,EST_RVL_TL,-537630,6345,Wyszogród,Plock,Plock,Congress Poland,Warsaw,Płock,Warszawa,Plotsk,Płock,Russian Empire,Poland
2177,GRD_PRZ_BLDN,-1059142,6347,Vyshgorodok,Kremenets,Volhynia,Pale,Volhynia,Volhynia,Wołyń,Kremenets,Krzemieniec,Russian Empire,Soviet Union
2178,GRD_SLN_IVTS,-1059277,6349,Iagotino,Piriatin,Poltava,Pale,Poltava,Poltava,Ukraine SSR,Piriatin,Poltava,Russian Empire,Soviet Union
2179,GRD_KBR_MTL,-1059331,6350,Ialta,Ialta,Taurida,Pale,Crimea,Taurida,Ukraine SSR,Ialta,Crimea,Russian Empire,Soviet Union
2180,GRD_BLST_NZBD,-1059339,6351,Ialtushkov,Mogilev,Podolia,Pale,Vinnitsa,Podolia,Ukraine SSR,Mogilev,Vinnitsa,Russian Empire,Soviet Union
2181,KLS_SLP_LNDK,-1059357,6352,Iampol,Lampol,Podolia,Pale,Vinnitsa,Podolia,Ukraine SSR,Iampol',Vinnitsa,Russian Empire,Soviet Union
2182,KLS_VLN_OSKV,-1059361,6353,Iampol,Kremenets,Volhynia,Pale,Kamenets-Podolski,Volhynia,Ukraine SSR,Kremenets,Kamenets-Podolski,Russian Empire,Soviet Union
2183,KLS_SLP_VLCH,-1951751,6354,Ianovichi,Vitebsk,Vitebsk,Pale,Vitebsk,Vitebsk,Belarus SSR,Vitebsk,Vitebsk,Russian Empire,Soviet Union
2184,KLS_KZN_KZN,-1040333,6356,Ianushpol,Zhitomir,Volhynia,Pale,Zhitomir,Volhynia,Ukraine SSR,Zhitomir,Zhitomir,Russian Empire,Soviet Union
2185,KLC_JDR_ANDR,-3039341,6357,Iartsev Perevoz,Dukhovshchina,Smolensk,Mainland Russia,Smolensk,Smolensk,Russian SSR,Dukhovshchina,Smolensk,Russian Empire,Soviet Union
2186,KIV_KIV_IGNT,-1059426,6358,Iarmolintsy,Proskurov,Podolia,Pale,Kamenets-Podolski,Podolia,Ukraine SSR,Proskurov,Kamenets-Podolski,Russian Empire,Soviet Union
2187,KIV_UMN_IVNK,-1059455,6360,Iaruga,Lampol,Podolia,Pale,Vinnitsa,Podolia,Ukraine SSR,Iampol',Vinnitsa,Russian Empire,Soviet Union
2188,KIV_LPV_KNL,-1059464,6361,Iaryshev,Mogilev,Podolia,Pale,Vinnitsa,Podolia,Ukraine SSR,Mogilev,Vinnitsa,Russian Empire,Soviet Union
2189,KIV_TRS_KSHV,-1059485,6363,Iasinovo,Ananev,Kherson,Pale,Odessa,Kherson,Ukraine SSR,Anan'ev,Odessa,Russian Empire,Soviet Union
2190,KIV_KNV_MDVN,-1050797,6365,Efingar,Kherson,Kherson,Pale,Nikolaiev,Kherson,Ukraine SSR,Kherson,Nikolaiev,Russian Empire,Soviet Union
2191,KIV_UMN_PGRL,-1059762,6369,Evpatoriia,Evpatoriia,Taurida,Pale,Crimea,Taurida,Ukraine SSR,Evpatoriia,Crimea,Russian Empire,Soviet Union
2192,KIV_KNV_RSSV,-1049752,6371,Ozerany,Dubno,Volhynia,Pale,Volhynia,Volhynia,Wołyń,Dubno,Dubno,Russian Empire,Soviet Union
2193,KIV_KNV_TGNC,-2620821,6373,Illoki,Telshi,Kovno,Pale,Mazeikiai,Kovno,,Tel'shi,Mažeikiai,Russian Empire,Soviet Union
2194,KVN_PNV_GLZH,-1951925,6375,Iukhovichi,Drissa,Vitebsk,Pale,Vitebsk,Vitebsk,Belarus SSR,Drissa,Vitebsk,Russian Empire,Soviet Union
2195,KVN_NVL_IZHN,-1951936,6376,Iurevichi Stan I,Riechitsa,Minsk,Pale,Polesie,Minsk,Belarus SSR,Riechitsa,Polesie,Russian Empire,Soviet Union
2196,KVN_RSS_KRKL,-1054594,6379,Iustingrad,Lipovets,Kiev,Pale,Kiev,Kiev,Ukraine SSR,Lipovets,Kiev,Russian Empire,Soviet Union
2197,KVN_PNV_KRKL,-1040217,6380,Iuzefpol Liudvinka,Balta,Podolia,Pale,Odessa,Podolia,Ukraine SSR,Balta,Odessa,Russian Empire,Soviet Union
2198,KVN_SHV_KLKL,-1058044,6383,Żabie,Kosow,Galicia,Galicia,Stanislawow,Galicia,Stanisławów,Kosów,Kosów,,Soviet Union
2199,KVN_NVL_KVTK,-1952561,6384,Zhabinka,Kobrin,Grodno,Pale,Polesie,Grodno,Polesie,Kobrin,Kobryń,Russian Empire,Soviet Union
2200,KVN_SHV_LTSK,-1059902,6386,Zabłotów,Sniatyn,Galicia,Galicia,Stanislawow,Galicia,Stanisławów,Śniatyn,Śniatyn,,Soviet Union
2201,KVN_PNV_MKHL,-537805,6387,Zabludovo,Bielostok,Grodno,Pale,Bialystok,Grodno,Białystok,Bielostok,Białystok,Russian Empire,Poland
2202,KVN_PNV_NVMS,-1060609,6389,Zhabotin,Cherkasy,Kiev,Pale,Kiev,Kiev,Ukraine SSR,Cherkasy,Kiev,Russian Empire,Soviet Union
2203,KVN_SHV_PMSH,-1059966,6396,Zagnitkov,Olgopol,Podolia,Pale,Vinnitsa,Podolia,Ukraine SSR,Ol'gopol',Vinnitsa,Russian Empire,Soviet Union
2204,KVN_NVL_PPL,-538048,6397,Zagórów,Slupca,Kalisz,Congress Poland,Lodz,Kalisz,Łódż,Sluptsy,Słupca,Russian Empire,Poland
2205,KVN_SHV_PTSN,-538051,6398,Zagórz,Sanok,Galicia,Galicia,Lwow,Galicia,Lwów,Sanok,Sanok,Austrian Empire,Poland
2206,KVN_SHV_SHKN,-538085,6400,Zagórze,Bedzin,Piotrkow,Congress Poland,Kielce,Piotrków,Kielce,Bendin,Będzin,Russian Empire,Poland
2207,KVN_SHV_SHBC,-3044014,6402,Zakharino,Mstislavl,Mogilev,Pale,Smolensk,Mogilev,Russian SSR,Mstislavl',Smolensk,Russian Empire,Soviet Union
2208,KVN_PNV_SMLG,-538214,6404,Zakliczyn,Brzeg,Galicia,Galicia,Cracow,Galicia,Kraków,Brzesko,Brzesko,Austrian Empire,Poland
2209,KVN_VLK_TVNY,-538216,6405,Zaklików,Janow,Lublin,Congress Poland,Lublin,Lublin,Lublin,Ianov,Janów,Russian Empire,Poland
2210,KVN_VLK_TRPY,-538221,6406,Zakopane,Nowy Targ,Galicia,Galicia,Cracow,Galicia,Kraków,Nowy Targ,Nowy Targ,Austrian Empire,Poland
2211,KVN_KVN_VLMP,-538250,6407,Zakroczym,Plonsk,Warszawa,Congress Poland,Warsaw,Warszawa,Warszawa,Plonsk,Warszawa,Russian Empire,Poland
2212,KVN_NVL_ZMSH,-538328,6408,Zakrzówek,Janow,Lublin,Congress Poland,Lublin,Lublin,Lublin,Ianov,Janów,Russian Empire,Poland
2213,KVN_NVL_ZRCH,-1060041,6413,Zaleszczyki,Zaleszczyki,Galicia,Galicia,Tarnopol,Galicia,Tarnopol,Zaleszczyki,Zaleszczyki,Austrian Empire,Soviet Union
2214,KVN_SHV_ZHM,-1060080,6414,Założce,Brody,Galicia,Galicia,Tarnopol,Galicia,Tarnopol,Brody,Zborów,Austrian Empire,Soviet Union
2215,LVL_VND_LZDN,,6416,Zalukiew,Stanislawow,Galicia,Galicia,Stanislawow,,,,,,
2216,LMZ_OSTL_ZVDY,-538544,6419,Zambrov,Lomzha,Lomza,Congress Poland,Bialystok,Łomża,Białystok,Lomzha,Łomża,Russian Empire,Poland
2217,LBL_PLW_IZFV,-517039,6420,Modliborzyce,Janow,Lublin,Congress Poland,Lublin,Lublin,Lublin,Ianov,Janów,Russian Empire,Poland
2218,LBL_KRS_KHLN,-1060103,6421,Zamiehov,Novaia Ushitsa,Podolia,Pale,Kamenets-Podolski,Podolia,Ukraine SSR,Novaia Ushitsa,Kamenets-Podolski,Russian Empire,Soviet Union
2219,LBL_INV_RKHV,-538587,6422,Zamość,Zamosc,Lublin,Congress Poland,Lublin,Lublin,Lublin,Zamost'e,Zamość,Russian Empire,Poland
2634,LBL_LBL_TTRY,,6423,Zamostea,Sereth,Bukovina,,Bukovina,,,,,,
2220,LBL_PLW_VNVL,-1060168,6428,Aleksandronevsk,Mariupol,Ekaterinoslav,Mainland Russia,Zaporozhe,Ekaterinoslav,Ukraine SSR,Aleksandrovsk,Zaporozhe,Russian Empire,Soviet Union
2221,LBL_INV_ZDLV,-2620892,6430,Novoaleksandrovsk,Novoaleksandrovsk,Kovno,Pale,Zarasai,Kovno,,Novoaleksandrovsk,Zarasai,Russian Empire,Soviet Union
2222,LBL_ZMC_ZVRN,-538700,6431,Zaremby Kostelne,Ostrov,Lomza,Congress Poland,Bialystok,Łomża,Białystok,Ostrov,Ostrów,Russian Empire,Poland
2223,MNS_PNS_BLGS,-2620899,6432,Zhareny,Telshi,Kovno,Pale,Telsiai,Kovno,,Tel'shi,Telšiai,Russian Empire,Soviet Union
2224,MNS_IGM_BGSH,-538709,6433,Żarki,Bedzin,Piotrkow,Congress Poland,Kielce,Piotrków,Kielce,Bendin,Zawiercie,Russian Empire,Poland
2225,MNS_NVG_DLMT,-538719,6435,Żarnowiec,Olkusz,Kielce,Congress Poland,Kielce,Kielce,Kielce,Ol'kush,Olkusz,Russian Empire,Poland
2226,MNS_MZY_DRZD,-538749,6436,Zarszyn,Sanok,Galicia,Galicia,Lwow,Galicia,Lwów,Sanok,Sanok,Austrian Empire,Poland
2227,MNS_NVG_ERMC,-1060624,6439,Zhashkov,Tarashcha,Kiev,Pale,Kiev,Kiev,Ukraine SSR,Tarashcha,Kiev,Russian Empire,Soviet Union
2228,MNS_BRS_GN,-1952405,6440,Zaskevichi,Disna,Vilna,Pale,Vilna,Vilna,Wilno,Disna,Mołodeczno,,Soviet Union
2229,MNS_MNS_KMN,-1952408,6441,Zaslavl,Minsk,Minsk,Pale,Minsk,Minsk,Belarus SSR,Minsk,Minsk,Russian Empire,Soviet Union
2230,MNS_MZY_MLSH,-2620911,6442,Zhosli,Troki,Vilna,Pale,Troki,Vilna,,Troki,Trakai,,Soviet Union
2618,MNS_PNS_NBL,-1060291,6443,Zastavna,Kotzman,Bukovina,,Bukovina,Bukovina,Bucovina,Kotzman,Cernăuţi,Austrian Empire,Soviet Union
2231,MNS_MZY_RML,-1060308,6446,Zatishe,Mariupol,Ekaterinoslav,Mainland Russia,Stalino,Ekaterinoslav,Ukraine SSR,Mariupol',Stalino,Russian Empire,Soviet Union
2232,MNS_MZY_SKVS,-538878,6447,Zator,Wadowice,Galicia,Galicia,Cracow,Galicia,Kraków,Wadowice,Oświęcim,Austrian Empire,Poland
2233,MNS_NVG_TSYR,-1952450,6449,Zaverezhe,Mogilev,Mogilev,Pale,Mogilev,Mogilev,Belarus SSR,Mogilev,Mogilev,Russian Empire,Soviet Union
2234,MGL_MGL_SHPL,-1060342,6453,Zawałow,Podhajce,Galicia,Galicia,Tarnopol,Galicia,Tarnopol,Podhajce,Podhajce,Austrian Empire,Soviet Union
2235,MSK_MSC_MSKV,-539028,6455,Zawichost,Sandomierz,Radom,Congress Poland,Kielce,Radom,Kielce,Sandomir,Sandomierz,Russian Empire,Poland
2236,NZN_NZH_NZHN,-539039,6456,Zawiercie,Olkusz,Piotrkow,Congress Poland,Kielce,Piotrków,Kielce,Bendin,Zawiercie,Russian Empire,Poland
2237,ORN_CHL_CHLB,-539081,6458,Zawoja,Myslenice,Galicia,Galicia,Stanislawow,Galicia,Kraków,Myślenice,Maków,,Poland
2238,ORN_VRK_MGNT,-539148,6460,Zboina,Kolno,Lomza,Congress Poland,Bialystok,Łomża,Białystok,Kol'no,Kolno,Russian Empire,Poland
2239,ORN_ORN_ORNB,-539107,6461,Bentschen,Miedzyrzecz,Preussen,Prussia,Poznan,Preußen,Poznań,Posen,Nowy Tomyśl,Germany,Poland
2240,PNZ_PNZ_PNZ,-1060420,6463,Zborów,Zloczow,Galicia,Galicia,Tarnopol,Galicia,Tarnopol,Złoczów,Zborów,,Soviet Union
2241,PRM_EKT_IKTR,-539187,6465,Zbuczyn,Siedlce,Siedlce,Congress Poland,Lublin,Siedlce,Lublin,Siedlets,Siedlce,Russian Empire,Poland
2242,PRM_PRM_PRM,-1060437,6467,Zdolbunovo,Ostrog,Volhynia,Pale,Volhynia,Volhynia,Wołyń,Ostrog,Zdołbunów,Russian Empire,Soviet Union
2243,PTR_BND_GLNG,-539274,6468,Zduńska Wola,Sieradz,Kalisz,Congress Poland,Lodz,Kalisz,Łódż,Sieradz',Sieradz,Russian Empire,Poland
2244,PTR_BND_MDRZ,-1942808,6469,Diatlovo,Slonim,Grodno,Pale,Nowogrodek,Grodno,Nowogródek,Slonim,Nowogródek,Russian Empire,Soviet Union
2245,PLC_PRS_BRNV,-2620933,6473,Zheimeli,Poneviezh,Kovno,Pale,Siauliai,Kovno,,Poneviezh,Šiauliai,Russian Empire,Soviet Union
2246,PLC_TSK_GLNT,-539447,6475,Żelechów,Garwolin,Siedlce,Congress Poland,Lublin,Siedlce,Lublin,Garvolin,Garwolin,Russian Empire,Poland
2247,PLC_MLV_KCHB,-1060482,6476,Zelenoe-Pole,Mariupol,Ekaterinoslav,Mainland Russia,Zaporozhe,Ekaterinoslav,Ukraine SSR,Mariupol',Zaporozhe,Russian Empire,Soviet Union
2248,POD_LTN_DKVT,-539502,6479,Zelów,Lask,Piotrkow,Congress Poland,Lodz,Piotrków,Łódż,Lask,Łask,Russian Empire,Poland
2249,POD_NVU_DNVT,-2620949,6483,Pozelve,Vilkomir,Kovno,Pale,Ukmerge,Kovno,,Vil'komir,Ukmergė,Russian Empire,Soviet Union
2250,POD_LMP_GRYS,-1952542,6484,Zelva,Volkovysk,Grodno,Pale,Bialystok,Grodno,Białystok,Volkovysk,Wołkowysk,Russian Empire,Soviet Union
2251,POD_GSN_IVNG,-2620955,6485,Aleksandriia,Rossieny,Kovno,Pale,Taurage,Kovno,,Rossieny,Tauragė,Russian Empire,Soviet Union
2252,POD_BLT_KRTY,-1952547,6486,Zembin,Borisov,Minsk,Pale,Minsk,Minsk,Belarus SSR,Borisov,Minsk,Russian Empire,Soviet Union
2253,POD_GSN_KN,-539594,6496,Zgierz,Lodz,Piotrkow,Congress Poland,Lodz,Piotrków,Łódż,Lodz',Łódź,Russian Empire,Poland
2598,POD_VNN_MZKV,-2277670,6497,Zgurita,Soroki,Bessarabia,,Bessarabia,Bessarabia,Basarabia,Soroki,Soroca,Russian Empire,Soviet Union
2254,POD_NVU_OLKH,-537811,6498,Żabno,Tarnow,Galicia,Galicia,Cracow,Galicia,Kraków,Tarnów,Dąbrowa,,Poland
2255,POD_BLT_VYKH,-1060603,6499,Zhabokrich,Olgopol,Podolia,Pale,Vinnitsa,Podolia,Ukraine SSR,Ol'gopol',Vinnitsa,Russian Empire,Soviet Union
2256,PLT_PRS_BRZN,-538715,6500,Żarnów,Opoczno,Radom,Congress Poland,Lodz,Radom,Kielce,Opochno,Opoczno,Russian Empire,Poland
2257,PLT_KHR_BLTS,-527025,6502,Rzgów,Lodz,Piotrkow,Congress Poland,Lodz,Piotrków,Łódż,Lodz',Łódź,Russian Empire,Poland
2258,PLT_GDC_GDCH,-1952659,6503,Zhitkovichi,Mozyr,Minsk,Pale,Polesie,Minsk,Belarus SSR,Mozyr',Polesie,Russian Empire,Soviet Union
2259,PLT_ZLT_GLMZ,-1060903,6504,Zhitomir,Zhitomir,Volhynia,Pale,Zhitomir,Volhynia,Ukraine SSR,Zhitomir,Zhitomir,Russian Empire,Soviet Union
2260,PLT_LBN_IBLN,-1952668,6506,Zhlobin,Rogachev,Mogilev,Pale,Gomel,Mogilev,Belarus SSR,Rogachev,Gomel,Russian Empire,Soviet Union
2261,PLT_KBL_KBLK,-1060754,6507,Zhmerinka,Vinnitsa,Podolia,Pale,Vinnitsa,Podolia,Ukraine SSR,Vinnitsa,Vinnitsa,Russian Empire,Soviet Union
2262,PLT_KNS_PRSH,-519166,6509,Żmigród Nowy,Krosno,Galicia,Galicia,Cracow,Galicia,Kraków,Jasło,Jasło,,Poland
2263,PLT_PRS_VRNK,,6510,Zhnin,Znin,Preussen,Prussia,Poznan,,,,,,
2264,RDM_RDM_ISTR,-540005,6511,Żółkiewka,Krasnystaw,Lublin,Congress Poland,Lublin,Lublin,Lublin,Krasnostav,Krasnystaw,Russian Empire,Poland
2265,RDM_OPC_MLNT,-540028,6512,Żołynia,Lancut,Galicia,Galicia,Lwow,Galicia,Lwów,Łańcut,Łańcut,,Poland
2266,RDM_SND_OSK,-1952720,6515,Starye Zhuravichi,Staro-Bykhov,Mogilev,Pale,Gomel,Mogilev,Belarus SSR,Staro-Bykhov,Gomel,Russian Empire,Soviet Union
2267,RDM_RDM_VRZH,-1060900,6516,Zhvanets,Kamenets-Podolsk,Podolia,Pale,Kamenets-Podolski,Podolia,Ukraine SSR,Kamenets-Podol'sk,Kamenets-Podolski,Russian Empire,Soviet Union
2268,RZN_RZN_RZN,-540339,6517,Żyrardów,Blonie,Warszawa,Congress Poland,Warsaw,Warszawa,Warszawa,Blony,Błonie,Russian Empire,Poland
2269,SMR_SMR_SMR,-540364,6518,Żywiec,Zywiec,Galicia,Galicia,Cracow,Galicia,Kraków,Żywiec,Żywiec,,Poland
2270,SRT_SRT_SRTV,-2620996,6520,Zhidyki,Telshi,Kovno,Pale,Mazeikiai,Kovno,,Tel'shi,Mažeikiai,Russian Empire,Soviet Union
2271,SDL_VLD_OSSV,,6523,Zielona,Nadworna,Galicia,Galicia,Stanislawow,,,,,,
2272,SDL_VLD_SBBR,-539759,6524,Zieluń,Mlawa,Plock,Congress Poland,Warsaw,Płock,Warszawa,Tsiekhanov,Mława,Russian Empire,Poland
2273,SMB_ALT_ALTY,-2621005,6527,Zhizhmore,Troki,Vilna,Pale,Troki,Vilna,,Troki,Trakai,,Soviet Union
2274,SMB_SMB_SMBR,-1060918,6531,Zinkov,Letichev,Podolia,Pale,Kamenets-Podolski,Podolia,Ukraine SSR,Letichev,Kamenets-Podolski,Russian Empire,Soviet Union
2275,SNP_PTR_KRNS,-1060577,6532,Zenkov,Zienkov,Poltava,Pale,Poltava,Poltava,Ukraine SSR,Zien'kov,Poltava,Russian Empire,Soviet Union
2276,SNP_PTR_ORNN,,6533,Zinten,Swieta Siekierka,Preussen,Prussia,East Prussia,,,,,,
2277,SWL_MRM_ALKS,-1060929,6537,Zlatopol,Chigirin,Kiev,Pale,Kirovograd,Kiev,Ukraine SSR,Chigirin,Kirovograd,Russian Empire,Soviet Union
2278,SWL_SNY_BRZH,-539844,6540,Złoczew,Sieradz,Kalisz,Congress Poland,Lodz,Kalisz,Łódż,Sieradz',Sieradz,Russian Empire,Poland
2279,SWL_VLK_BDVT,-1060974,6541,Złoczów,Zloczow,Galicia,Galicia,Tarnopol,Galicia,Tarnopol,Złoczów,Złoczów,,Soviet Union
2280,SWL_MRM_GV,-1060993,6542,Złotniki,Trembowla,Galicia,Galicia,Tarnopol,Galicia,Tarnopol,Podhajce,Podhajce,Austrian Empire,Soviet Union
2281,SWL_AVG_GLYN,-3047995,6543,Zlynka,Novozybkov,Chernigov,Pale,Oriol,Chernigov,Russian SSR,Novozybkov,Oriol,Russian Empire,Soviet Union
2282,SWL_SVL_KLTN,-1060951,6545,Znamenka,Aleksandriia,Kherson,Pale,Kirovograd,Kherson,Ukraine SSR,Aleksandriia,Kirovograd,Russian Empire,Soviet Union
2283,SWL_SNY_KRSN,-1060970,6547,Sofievka,Lutsk,Volhynia,Pale,Volhynia,Volhynia,Wołyń,Lutsk,Łuck,Russian Empire,Soviet Union
2284,SWL_AVG_LPSK,-1060777,6548,Żółkiew,Zolkiew,Galicia,Galicia,Lwow,Galicia,Lwów,Żółkiew,Żółkiew,,Soviet Union
2285,SWL_SNY_LSHK,-1060995,6549,Zolotonosha,Zolotonosha,Poltava,Pale,Poltava,Poltava,Ukraine SSR,Zolotonosha,Poltava,Russian Empire,Soviet Union
2286,SWL_KLV_LBV,-1060779,6550,Żołtańce,Zolkiew,Galicia,Galicia,Stanislawow,Galicia,Lwów,Żółkiew,Żółkiew,,Soviet Union
2287,SWL_MRM_PKN,-1952611,6551,Zheludok,Disna,Vilna,Pale,Nowogrodek,Vilna,Nowogródek,Disna,Lida,,Soviet Union
2288,SWL_AVG_SHTB,-1036071,6552,Bolshoi Zheludsk,Lutsk,Volhynia,Pale,Volhynia,Volhynia,Polesie,Lutsk,Sarny,Russian Empire,Soviet Union
2289,SWL_VLD_SDRG,-537776,6553,Ząbkowice,Bedzin,Piotrkow,Congress Poland,Kielce,Piotrków,Kielce,Bendin,Będzin,Russian Empire,Poland
2729,SWL_MRM_VVRY,-493258,6563,Biala Prudnicka,Schlesien,Prussia,,Upper Silesia,Preußen,Preußen,Schlesien,Oberschlesien,Germany,Poland
2290,TRD_MLT_PRSH,-540192,6570,Żuromin,Sierpc,Plock,Congress Poland,Warsaw,Płock,Warszawa,Serpets,Sierpc,Russian Empire,Poland
2291,TLA_TLA_TL,-1060886,6571,Żurów,Rohatyn,Galicia,Galicia,Stanislawow,Galicia,Stanisławów,Rohatyn,Rohatyn,Austrian Empire,Soviet Union
2292,UFA_UFA_UF,-1061067,6573,Zvenigorodka,Zvenigorodka,Kiev,Pale,Kiev,Kiev,Ukraine SSR,Zvenigorodka,Kiev,Russian Empire,Soviet Union
2293,VLN_VLN_ANTK,-540262,6581,Zwoleń,Kozienice,Radom,Congress Poland,Kielce,Radom,Kielce,Kozenitsy,Kozienice,Russian Empire,Poland
2294,VLN_LDA_BNKN,-1952639,6583,Żydaczów,Zydaczow,Galicia,Galicia,Stanislawow,Galicia,Stanisławów,Żydaczów,Żydaczów,,Soviet Union
2295,VLN_VLN_BZDN,-540274,6584,Żychlin,Kutno,Warszawa,Congress Poland,Lodz,Warszawa,Warszawa,Kutno,Kutno,Russian Empire,Poland
2296,VLN_TRK_BRSH,-1048981,6585,Staryi Zhivotov,Tarashcha,Kiev,Pale,Vinnitsa,Kiev,Ukraine SSR,Tarashcha,Vinnitsa,Russian Empire,Soviet Union
2574,VLN_VLN_CHBS,-529478,,Sosnovitse,Bendin,Piotrkow,Congress Poland,,Piotrków,Kielce,Bendin,Będzin,Russian Empire,Poland
2327,VLN_OSH_GV,-1044147,,Kupichev,Vladimir-Volynskii,Volhynia,Pale,,Volhynia,Wołyń,Vladimir-Volynskii,Kowel,Russian Empire,Soviet Union
2297,VLN_VLN_ISHN,-507997,,Klodava,Kolo,Kalisz,Congress Poland,,Kalisz,Łódż,Kolo,Koło,Russian Empire,Poland
2298,VLN_VLN_KRNV,-508184,,Knyshin,Bielostok,Grodno,Pale,,Grodno,Białystok,Bielostok,Białystok,Russian Empire,Poland
2299,VLN_VLN_LBSH,-1044418,,Lapovtsy,Kremenets,Volhynia,Pale,,Volhynia,Wołyń,Kremenets,Krzemieniec,Russian Empire,Soviet Union
2310,VLN_TRK_LNDV,-1039243,,Golta,Ananev,Kherson,Pale,,Kherson,Ukraine SSR,Anan'ev,Odessa,Russian Empire,Soviet Union
2317,VLN_SVN_LYNT,-1944313,,Kniazhitsy,Mogilev,Mogilev,Pale,,Mogilev,Belarus SSR,Mogilev,Mogilev,Russian Empire,Soviet Union
2318,VLN_TRK_NMNN,-2886141,,Bezhitsa,Briansk,Orel,Mainland Russia,,Orel,Russian SSR,Briansk,Oriol,Russian Empire,Soviet Union
2326,VLN_SVN_NVSV,-1947528,,Ostrovets,Vilnius,Vilna,Pale,,Vilna,Wilno,Vilnius,Wilno-Troki,,Soviet Union
2509,VLN_VLN_NVVL,-496725,,Kholm,Kholm,Lublin,Congress Poland,,Lublin,Lublin,Kholm,Chełm,Russian Empire,Poland
2510,VLN_TRK_PN,-535957,,Vlotslavek,Vlotslavsk,Warszawa,Congress Poland,,Warszawa,Warszawa,Vlotslavsk,Włocławek,Russian Empire,Poland
2300,VLN_VLN_TSKH,-2620954,,Kalvariia,Telshi,Kovno,Pale,,Kovno,,Tel'shi,Telšiai,Russian Empire,Soviet Union
2301,VLN_OSH_YSVC,-1949759,,Smorgon,Oshmiany,Vilna,Pale,,Vilna,Wilno,Oshmiany,Oszmiana,,Soviet Union
2511,VLN_OSH_ZHPR,-2983519,,Pochep,Mglin,Chernigov,Pale,,Chernigov,Russian SSR,Mglin,Oriol,Russian Empire,Soviet Union
2512,VLH_KRM_BRZH,-500435,,Dzialoshin,Veliun,Kalisz,Congress Poland,,Kalisz,Łódż,Veliun',Wieluń,Russian Empire,Poland
2513,VLH_KVL_DTYN,-533699,,Tushin,Lodz,Piotrkow,Congress Poland,,Piotrków,Łódż,Lodz',Łódź,Russian Empire,Poland
2302,VLH_KVL_DLSK,-529368,,Solets,Ilza,Radom,Congress Poland,,Radom,Kielce,Iłża,Iłża,,Poland
2303,VLH_LTS_DRDY,-1048276,,Novograd-Volynsk,Novograd-Volynskii,Volhynia,Pale,,Volhynia,Ukraine SSR,Novograd-Volynskii,Zhitomir,Russian Empire,Soviet Union
2304,VLH_LTS_GRDT,-1043042,,Frampol,Kamenets-Podolsk,Podolia,Pale,,Podolia,Ukraine SSR,Kamenets-Podol'sk,Kamenets-Podolski,Russian Empire,Soviet Union
2514,VLH_OVR_KSVR,-2618589,,Urdomin,Kalvariia,Suwalki,Congress Poland,,Suwałki,,Kal'variia,Seinai,Russian Empire,Soviet Union
2307,VLH_ZHT_LVKV,-2929489,,Klintsy,Surazh,Chernigov,Pale,,Chernigov,Russian SSR,Surazh,Oriol,Russian Empire,Soviet Union
2308,VLH_LTS_LSHN,-3013474,,Surazh,Surazh,Chernigov,Pale,,Chernigov,Russian SSR,Surazh,Oriol,Russian Empire,Soviet Union
2309,VLH_RVN_MZHR_2,-526545,,Vladislavov,Konin,Kalisz,Congress Poland,,Kalisz,Łódż,Konin,Konin,Russian Empire,Poland
2515,VLH_KRM_NVYA,-1051094,,Pokotilovka,Kharkov,Kharkov,Mainland Russia,,Kharkov,Ukraine SSR,Khar'kov,Kharkov,Russian Empire,Soviet Union
2516,VLH_STR_OZHG,-1052273,,Rogachev,Novograd-Volynskii,Volhynia,Pale,,Volhynia,Ukraine SSR,Novograd-Volynskii,Zhitomir,Russian Empire,Soviet Union
2305,VLH_KVL_PVRS,-1947241,,Okmianitsa,Novoaleksandrovsk,Kovno,Pale,,Kovno,Wilno,Novoaleksandrovsk,Brasław,Russian Empire,Soviet Union
2306,VLH_OVR_TTRN,-507980,,Klobutsko,Chenstokhov,Piotrkow,Congress Poland,,Piotrków,Kielce,Chenstokhov,Częstochowa,Russian Empire,Poland
2311,VLH_OVR_VYST,-2276195,,Tuzora,Orgieev,Bessarabia,Pale,,Bessarabia,Basarabia,Orgieev,Orhei,Russian Empire,Soviet Union
2312,WRS_GST_GMBN,-514799,,Liututov,Veliun,Kalisz,Congress Poland,,Kalisz,Łódż,Veliun',Wieluń,Russian Empire,Poland
2313,WRS_WRS_GRKH,-1043129,,Birzula,Ananev,Kherson,Pale,,Kherson,Moldavian ASSR,Anan'ev,,Russian Empire,Soviet Union
2314,WRS_PLN_KCHR,-498439,,Chenstokhov,Chenstokhov,Piotrkow,Congress Poland,,Piotrków,Kielce,Chenstokhov,Częstochowa,Russian Empire,Poland
2315,WRS_WRS_PRG,-406411,,Frunzovka,Olgopol,Podolia,Pale,,,,,,,
2316,EKT_NVM_IGRN,-508156,,Klvov,Opoczno,Radom,Congress Poland,,Radom,Kielce,Opochno,Opoczno,Russian Empire,Poland
2517,LBL_KHL_KHLM,-538048,,Zagurov,Sluptsy,Kalisz,Congress Poland,,Kalisz,Łódż,Sluptsy,Słupca,Russian Empire,Poland
2518,WRS_VLT_VLTS,-2615788,,Kriuki,Vladislavov,Suwalki,Congress Poland,,Suwałki,,Vladislavov,Šakiai,Russian Empire,Soviet Union
2319,CRN_MGL_PCHP,-519690,,Olesnitsa,Stopnica,Kielce,Congress Poland,,Kielce,Kielce,Stopnica,Stopnica,,Poland
2320,KLS_VLN_DZLS_2,-2615855,,Kukechiai,Rossieny,Kovno,Pale,,Kovno,,Rossieny,Raseiniai,Russian Empire,Soviet Union
2321,PTR_LDZ_TSHN,-514033,,Lopennik,Krasnostav,Lublin,Congress Poland,,Lublin,Lublin,Krasnostav,Krasnystaw,Russian Empire,Poland
2322,SWL_KLV_URDM,-1947367,,Orekhi,Orsha,Mogilev,Pale,,Mogilev,Belarus SSR,Orsha,Vitebsk,Russian Empire,Soviet Union
2323,KHR_KHR_PKTL,-1949630,,Slavnia,Staro-Bykhov,Mogilev,Pale,,Mogilev,Belarus SSR,Staro-Bykhov,,Russian Empire,Soviet Union
2324,VLH_NVG_RGCH,-1045593,,Malaia Glusha,Kovel,Volhynia,Pale,,Volhynia,Polesie,Kovel',Kamień Koszyrski,Russian Empire,Soviet Union
2325,KLS_SLP_ZGRV,-532887,,Tlushch,Radimin,Warszawa,Congress Poland,,Warszawa,Warszawa,Radimin,Radzymin,Russian Empire,Poland
2328,SWL_VLD_KRK,-2276004,,Ataki,Soroki,Bessarabia,Pale,,Bessarabia,Basarabia,Soroki,Soroca,Russian Empire,Soviet Union
2329,BSS_SRK_ZGRT,-2276050,,Baimakliia,Izmail,Bessarabia,Pale,,Bessarabia,Basarabia,Izmail,Cahul,Russian Empire,Soviet Union
2330,CRL_GLD_GLDN,-1047737,,Bairamcha,Akkerman,Bessarabia,Pale,,Bessarabia,Basarabia,Akkerman,Cetatea Albă,Russian Empire,Soviet Union
2331,CRL_GRB_LBV,-2276674,,Gancheshty,Kishinev,Bessarabia,Pale,,Bessarabia,Basarabia,Kishinev,Chişinău,Russian Empire,Soviet Union
2332,CRL_MTV_MTV,-2276193,,Kagul,Izmail,Bessarabia,Pale,,Bessarabia,Basarabia,Izmail,Cahul,Russian Empire,Soviet Union
2333,CRL_VND_PLTN,-1042180,,Klishkovtsy,Khotin,Bessarabia,Pale,,Bessarabia,Basarabia,Khotin,Hotin,Russian Empire,Soviet Union
2334,CRL_BSK_SHNB,-2276643,,Korneshty,Bieltsy,Bessarabia,Pale,,Bessarabia,Basarabia,Bieltsy,Bălţi,Russian Empire,Soviet Union
2335,EST_VZN_VZNB,-2276246,,Kriulian,Orgieev,Bessarabia,Pale,,Bessarabia,Basarabia,Orgieev,Orhei,Russian Empire,Soviet Union
2336,GRD_KBR_ANTP,-1041922,,Kyliia,Izmail,Bessarabia,Pale,,Bessarabia,Basarabia,Izmail,Ismail,Russian Empire,Soviet Union
2337,GRD_PRZ_BRZ,-2277041,,Olishkany,Orgieev,Bessarabia,Pale,,Bessarabia,Basarabia,Orgieev,Orhei,Russian Empire,Soviet Union
2338,GRD_BLS_BRNS,-2277098,,Petrovka,Bendery,Bessarabia,Pale,,Bessarabia,Basarabia,Bendery,Tighina,Russian Empire,Soviet Union
2339,GRD_SLN_BYTN,-2277117,,Pogorno-Rezesh,Soroki,Bessarabia,Pale,,Bessarabia,Basarabia,Soroki,Soroca,Russian Empire,Soviet Union
2340,GRD_SLN_DRCH,-2277194,,Rezena,Orgieev,Bessarabia,Pale,,Bessarabia,Basarabia,Orgieev,Orhei,Russian Empire,Soviet Union
2341,GRD_KBR_DYVN,-2276041,,Romanovka,Bendery,Bessarabia,Pale,,Bessarabia,Basarabia,Bendery,Tighina,Russian Empire,Soviet Union
2342,GRD_BLST_ISNV,-2277207,,Ruda,Soroki,Bessarabia,Pale,,Bessarabia,Basarabia,Soroki,Soroca,Russian Empire,Soviet Union
2343,GRD_BRS_KMNT,-2277215,,Ryshkonovka,Bieltsy,Bessarabia,Pale,,Bessarabia,Basarabia,Bieltsy,Bălţi,Russian Empire,Soviet Union
2345,GRD_KBR_KHMS,-1056051,,Tatarbunary,Akkerman,Bessarabia,Pale,,Bessarabia,Basarabia,Akkerman,Cetatea Albă,Russian Empire,Soviet Union
2346,GRD_BLS_KLSH,-2277454,,Teleneshty,Orgieev,Bessarabia,Pale,,Bessarabia,Basarabia,Orgieev,Orhei,Russian Empire,Soviet Union
2347,GRD_SKL_KRTS,-2277531,,Ungeny,Bieltsy,Bessarabia,Pale,,Bessarabia,Basarabia,Bieltsy,Bălţi,Russian Empire,Soviet Union
2348,GRD_GRD_KRNK,-1035043,,Baturin,Konotop,Chernigov,Pale,,Chernigov,Ukraine SSR,Konotop,Chernigov,Russian Empire,Soviet Union
2349,GRD_SKL_KZNT,-3211832,,Popervale,Talsen,Courland,Mainland Russia,,Courland,Kurzeme,Tal'sen,Talsi,Russian Empire,Soviet Union
2350,GRD_BLS_LKPR,-3213304,,Subbat,Illukst,Courland,Mainland Russia,,Courland,Zemgale,Illukst,Ilūkste,Russian Empire,Soviet Union
2351,GRD_VLK_LYSK,-2625948,,Tula,Revel,Estland,Mainland Russia,,Estland,,Revel',,Russian Empire,Soviet Union
2352,GRD_BRS_MLRY,-1948550,,Bluden,Pruzhany,Grodno,Pale,,Grodno,Polesie,Pruzhany,Prużana,Russian Empire,Soviet Union
2353,GRD_BRS_MLCH,-1943667,,Ivatsevichi,Slonim,Grodno,Pale,,Grodno,Polesie,Slonim,Kossów,Russian Empire,Soviet Union
2354,GRD_SKL_SKHV,-1946560,,Motol,Kobrin,Grodno,Pale,,Grodno,Polesie,Kobrin,Drohiczyn,Russian Empire,Soviet Union
2355,GRD_BLST_TRST,-516154,,Nezbudka,Bielostok,Grodno,Pale,,Grodno,Białystok,Bielostok,Białystok,Russian Empire,Poland
2356,GRD_BRS_VLCH,-512250,,Lendek,Sluptsy,Kalisz,Congress Poland,,Kalisz,Łódż,Sluptsy,Słupca,Russian Empire,Poland
2357,GRD_BRS_ZMC,-520298,,Osiakov,Veliun,Kalisz,Congress Poland,,Kalisz,Łódż,Veliun',Wieluń,Russian Empire,Poland
2358,KLS_SRD_BRZH,-535503,,Vilchin,Sluptsy,Kalisz,Congress Poland,,Kalisz,Łódż,Sluptsy,Słupca,Russian Empire,Poland
2359,KHR_IZM_KRMT,-2923066,,Kazan,Kazan,Kazan,Mainland Russia,,Kazan,Russian SSR,Kazan',Kazan,Russian Empire,Soviet Union
2360,KHR_ODS_BLYK,-505669,,Andreev,Jedrzejow,Kielce,Congress Poland,,Kielce,Kielce,Jędrzejów,Jędrzejów,,Poland
2361,KHR_ANN_SVTT,-14163029,,Ignatovka,Kiev,Kiev,Pale,,,,,,,
2362,KLC_PNC_KZMR_2,-1040299,,Ivanka,Uman,Kiev,Pale,,Kiev,Ukraine SSR,Uman',Kiev,Russian Empire,Soviet Union
2363,KVN_NVL_ANTL,-1042649,,Konela,Lipovets,Kiev,Pale,,Kiev,Ukraine SSR,Lipovets,Kiev,Russian Empire,Soviet Union
2364,KVN_SHV_NVZH,-1043201,,Koshevata,Tarashcha,Kiev,Pale,,Kiev,Ukraine SSR,Tarashcha,Kiev,Russian Empire,Soviet Union
2365,KVN_SHV_OKMN,-1046393,,Medvin,Kanev,Kiev,Pale,,Kiev,Ukraine SSR,Kanev,Kiev,Russian Empire,Soviet Union
2366,KVN_NVL_OPS,-1051061,,Pogoriela,Uman,Kiev,Pale,,Kiev,Ukraine SSR,Uman',Kiev,Russian Empire,Soviet Union
2367,KVN_PNV_PSHL,-1052418,,Rassava,Kanev,Kiev,Pale,,Kiev,Ukraine SSR,Kanev,Kiev,Russian Empire,Soviet Union
2368,KVN_SHV_SHVK_2,-1055902,,Tagancho,Kanev,Kiev,Pale,,Kiev,Ukraine SSR,Kanev,Kiev,Russian Empire,Soviet Union
2369,KVN_KVN_ZHMY,-2614318,,Gelazhai,Poneviezh,Kovno,Pale,,Kovno,,Poneviezh,Panevėžys,Russian Empire,Soviet Union
2370,LMZ_KLN_EDVB,-2615131,,Iuzhinty,Novoaleksandrovsk,Kovno,Pale,,Kovno,,Novoaleksandrovsk,Rokiškis,Russian Empire,Soviet Union
2371,LBL_INV_KHRZ,-2615336,,Karklenai,Rossieny,Kovno,Pale,,Kovno,,Rossieny,Raseiniai,Russian Empire,Soviet Union
2372,LBL_BLG_KRTV,-2615611,,Kirkliai,Poneviezh,Kovno,Pale,,Kovno,,Poneviezh,Biržai,Russian Empire,Soviet Union
2373,LBL_LBL_TRVN,-2615703,,Klikoli,Shavli,Kovno,Pale,,Kovno,,Shavli,Mažeikiai,Russian Empire,Soviet Union
2374,MNS_NVG_GRD,-2616013,,Kvetki,Novoaleksandrovsk,Kovno,Pale,,Kovno,,Novoaleksandrovsk,Biržai,Russian Empire,Soviet Union
2375,MNS_PNS_LBSH,-2616166,,Liatskovo,Shavli,Kovno,Pale,,Kovno,,Shavli,Mažeikiai,Russian Empire,Soviet Union
2376,MNS_NVG_NVMY,-2616768,,Mikhalishki,Poneviezh,Kovno,Pale,,Kovno,,Poneviezh,Panevėžys,Russian Empire,Soviet Union
2377,MNS_SLT_PGST,-2616998,,Novoe-Miesto,Poneviezh,Kovno,Pale,,Kovno,,Poneviezh,Panevėžys,Russian Empire,Soviet Union
2378,MNS_BRS_SLLV,-2617611,,Pomushy,Shavli,Kovno,Pale,,Kovno,,Shavli,Šiauliai,Russian Empire,Soviet Union
2379,MNS_BBR_UGRC,-2617660,,Popel,Novoaleksandrovsk,Kovno,Pale,,Kovno,,Novoaleksandrovsk,Biržai,Russian Empire,Soviet Union
2380,PTR_BRZ_EZHV,-2618095,,Potsuneli,Shavli,Kovno,Pale,,Kovno,,Shavli,Kėdainiai,Russian Empire,Soviet Union
2381,PTR_LDZ_KNST_2,-2618735,,Shakina,Shavli,Kovno,Pale,,Kovno,,Shavli,Šiauliai,Russian Empire,Soviet Union
2382,PTR_CHN_KRZH,-2619169,,Shubaichai,Shavli,Kovno,Pale,,Kovno,,Shavli,Šiauliai,Russian Empire,Soviet Union
2383,PTR_CHN_OLSH,-2619362,,Smilgiai,Poneviezh,Kovno,Pale,,Kovno,,Poneviezh,Panevėžys,Russian Empire,Soviet Union
2384,PTR_PTR_RSPR,-2619811,,Toviany,Vilkomir,Kovno,Pale,,Kovno,,Vil'komir,Ukmergė,Russian Empire,Soviet Union
2385,PTR_BND_SSNV,-2619930,,Troupy,Vilkomir,Kovno,Pale,,Kovno,,Vil'komir,Ukmergė,Russian Empire,Soviet Union
2386,PLC_PRS_KHRZ,-2620612,,Viliampolskoe,Kovno,Kovno,Pale,,Kovno,,Kovna,Kaunas,Russian Empire,Soviet Union
2387,PLC_MLV_STRZ_2,-1952253,,Zamoshie,Novoaleksandrovsk,Kovno,Pale,,Kovno,Wilno,Novoaleksandrovsk,Brasław,Russian Empire,Soviet Union
2388,PLT_LKH_CHRP,-1952342,,Zarachie,Novoaleksandrovsk,Kovno,Pale,,Kovno,Wilno,Novoaleksandrovsk,Brasław,Russian Empire,Soviet Union
2389,RDM_RDM_EDLN,-2620941,,Zheim,Shavli,Kovno,Pale,,Kovno,,Shavli,Šiauliai,Russian Empire,Soviet Union
2390,RDM_RDM_GLNT,-3210145,,Lazdon,Venden,Livland,Mainland Russia,,Livland,Vidzeme,Venden,Madona,Russian Empire,Soviet Union
2391,RDM_OPT_TSML,-538998,,Zavady,Ostrolenka,Lomza,Congress Poland,,Łomża,Białystok,Ostrolenka,Łomża,Russian Empire,Poland
2392,RDM_ILZ_VVKH,-506025,,Iuzefov,Pulawy,Lublin,Congress Poland,,Lublin,Lublin,Puławy,Puławy,,Poland
2393,SWL_MRM_SPZH,-496776,,Khlaniuv,Krasnostav,Lublin,Congress Poland,,Lublin,Lublin,Krasnostav,Krasnystaw,Russian Empire,Poland
2394,VLN_VLN_BGSL,-524699,,Rakhov,Ianov,Lublin,Congress Poland,,Lublin,Lublin,Ianov,Janów,Russian Empire,Poland
2395,VLN_VLK_BDSL,-515029,,Tatary,Lublin,Lublin,Congress Poland,,Lublin,Lublin,Liublin,Lublin,Russian Empire,Poland
2396,VLN_OSH_DZVN,-534539,,Vonvolnitsa,Pulawy,Lublin,Congress Poland,,Lublin,Lublin,Puławy,Puławy,,Poland
2397,VLN_DSN_IDY,-539336,,Zdilovitse,Ianov,Lublin,Congress Poland,,Lublin,Lublin,Ianov,Janów,Russian Empire,Poland
2398,VLN_SVN_LYNG,-540233,,Zvierinets,Zamosc,Lublin,Congress Poland,,Lublin,Lublin,Zamost'e,Zamość,Russian Empire,Poland
2399,VLN_TRK_OLT,-1941181,,Bielogusha,Pinsk,Minsk,Pale,,Minsk,Polesie,Pinsk,Stolin,Russian Empire,Soviet Union
2400,VLN_SVN_PDBR,-1941442,,Bogushevichi,Igumen,Minsk,Pale,,Minsk,Belarus SSR,Igumen,Minsk,Russian Empire,Soviet Union
2401,VLH_NVG_NVCH,-1942493,,Dolmatovshchina,Novogrudok,Minsk,Pale,,Minsk,Nowogródek,Novogrudok,Stołpce,Russian Empire,Soviet Union
2402,WRS_GST_KRNZ_2,-1038195,,Drozdin,Mozyr,Minsk,Pale,,Minsk,Polesie,Mozyr',Stolin,Russian Empire,Soviet Union
2403,WRS_SKR_SKRN_2,-1951881,,Eremichi,Novogrudok,Minsk,Pale,,Minsk,Nowogródek,Novogrudok,Stołpce,Russian Empire,Soviet Union
2404,,-1942975,,Gaino,Borisov,Minsk,Pale,,Minsk,Belarus SSR,Borisov,Minsk,Russian Empire,Soviet Union
2405,SDL_WGR_KMTS,-1943750,,Kamen,Minsk,Minsk,Pale,,Minsk,Nowogródek,Minsk,Wołożyn,Russian Empire,Soviet Union
2406,BSS_BLT_PRLT,-1946177,,Meleshkovichi,Mozyr,Minsk,Pale,,Minsk,Belarus SSR,Mozyr',Polesie,Russian Empire,Soviet Union
2407,BSS_SRK_STFN,-1047431,,Nobel,Pinsk,Minsk,Pale,,Minsk,Polesie,Pinsk,Pińsk,Russian Empire,Soviet Union
2408,BSS_SRK_VDLR,-1948689,,Romel,Mozyr,Minsk,Pale,,Minsk,Polesie,Mozyr',Stolin,Russian Empire,Soviet Union
2409,BSS_SRK_ZGRT,-1949576,,Skovshin,Mozyr,Minsk,Pale,,Minsk,Belarus SSR,Mozyr',Polesie,Russian Empire,Soviet Union
2410,BKV_BTS_STFN,-1950743,,Tsyrin,Novogrudok,Minsk,Pale,,Minsk,Nowogródek,Novogrudok,Nowogródek,Russian Empire,Soviet Union
2411,BKV_BTS_SLT(,-1949374,,Shepelevichi,Mogilev,Mogilev,Pale,,Mogilev,Belarus SSR,Mogilev,Mogilev,Russian Empire,Soviet Union
2412,BKV_CZR_CHRN,-2960561,,Moskva,Moscow,Moskva,Mainland Russia,,Moskva,Russian SSR,Moscow,Moskva,Russian Empire,Soviet Union
2413,BKV_DRH_RDT,-2966853,,Nizhnii Novgorod,Nizhnii-Novgorod,Nizhniy Novgorod,Mainland Russia,,Nizhniy Novgorod,Russian SSR,Nizhnii-Novgorod,Nizhniy Novgorod,Russian Empire,Soviet Union
2414,BKV_GRH_GRHM,-2896749,,Cheliabinsk,Cheliabinsk,Orenburg,Mainland Russia,,Orenburg,Russian SSR,Cheliabinsk,,Russian Empire,Soviet Union
2415,BKV_GRH_ILSS,-2950121,,Magnitka,Verkhneuralsk,Orenburg,Mainland Russia,,Orenburg,Russian SSR,Verkhneural'sk,,Russian Empire,Soviet Union
2416,BKV_KMP_VTR-,-2974927,,Orenburg,Orenburg,Orenburg,Mainland Russia,,Orenburg,Russian SSR,Orenburg,Orenburg,Russian Empire,Soviet Union
2417,BKV_KMP_VM(I,-2979687,,Penza,Penza,Penza,Mainland Russia,,Penza,Russian SSR,Penza,Penza,Russian Empire,Soviet Union
2418,BKV_KMP_STLP,-3040171,,Iekaterinburg,Ekaterinburg,Perm,Mainland Russia,,Perm,Russian SSR,Ekaterinburg,Sverdlovsk,Russian Empire,Soviet Union
2419,BKV_KMP_VTRD,-2980155,,Perm,Perm,Perm,Mainland Russia,,Perm,Russian SSR,Perm',Perm,Russian Empire,Soviet Union
2420,BKV_KMP_CMPL,-502259,,Golonog,Bendin,Piotrkow,Congress Poland,,Piotrków,Kielce,Bendin,Będzin,Russian Empire,Poland
2421,BKV_KMP_FRSN,-517062,,Modrzheev,Bendin,Piotrkow,Congress Poland,,Piotrków,Kielce,Bendin,Będzin,Russian Empire,Poland
2422,BKV_KMP_BCS,-492814,,Baranovo Podukhovne,Prasnysh,Plock,Congress Poland,,Płock,Warszawa,Prasnysh,Przasnysz,Russian Empire,Poland
2423,BKV_KMP_CRLB,-501761,,Glinoetsk,Tsiekhanov,Plock,Congress Poland,,Płock,Warszawa,Tsiekhanov,Ciechanów,Russian Empire,Poland
2424,BKV_KMP_BRZ,-511687,,Kuchbork,Mlava,Plock,Congress Poland,,Płock,Warszawa,Mlava,Mława,Russian Empire,Poland
2425,BKV_KMP_MLDV,-1038413,,Diakovtsy,Litin,Podolia,Pale,,Podolia,Ukraine SSR,Litin,Vinnitsa,Russian Empire,Soviet Union
2426,BKV_KTZ_CNC,-1038366,,Dunaevtsy,Novaia Ushitsa,Podolia,Pale,,Podolia,Ukraine SSR,Novaia Ushitsa,Kamenets-Podolski,Russian Empire,Soviet Union
2427,BKV_KTZ_KTSM,-1039537,,Goryshkovka,Lampol,Podolia,Pale,,Podolia,Ukraine SSR,Iampol',Vinnitsa,Russian Empire,Soviet Union
2428,BKV_KTZ_DVYD,-1040289,,Ivangorod,Gaisin,Podolia,Pale,,Podolia,Ukraine SSR,Gaisin,Vinnitsa,Russian Empire,Soviet Union
2429,BKV_KTZ_ZSTV,-1043897,,Krutye,Balta,Podolia,Pale,,Podolia,Ukraine SSR,Balta,Odessa,Russian Empire,Soviet Union
2430,BKV_KTZ_TVTR,-1044127,,Kuna,Gaisin,Podolia,Pale,,Podolia,Ukraine SSR,Gaisin,Vinnitsa,Russian Empire,Soviet Union
2431,BKV_KTZ_DRSH,-1046852,,Miziakov,Vinnitsa,Podolia,Pale,,Podolia,Ukraine SSR,Vinnitsa,Vinnitsa,Russian Empire,Soviet Union
2432,BKV_KTZ_VSYL,-1049276,,Olkhovets,Novaia Ushitsa,Podolia,Pale,,Podolia,Ukraine SSR,Novaia Ushitsa,Kamenets-Podolski,Russian Empire,Soviet Union
2433,BKV_UNK_PLSC,-2277621,,Vykhvatentsy,Balta,Podolia,Pale,,Podolia,Moldavian ASSR,Balta,,Russian Empire,Soviet Union
2434,BKV_UNK_STNS,-1035399,,Berezan,Pereiaslav,Poltava,Pale,,Poltava,Ukraine SSR,Pereiaslav,Kiev,Russian Empire,Soviet Union
2435,BKV_UNK_CMNS,-1035246,,Bielotserkovka,Khorol,Poltava,Pale,,Poltava,Ukraine SSR,Khorol,Poltava,Russian Empire,Soviet Union
2436,BKV_UNK_BNT,-1038742,,Gadiach,Gadiach,Poltava,Pale,,Poltava,Ukraine SSR,Gadiach,Poltava,Russian Empire,Soviet Union
2437,BKV_UNK_MRNC,-1038915,,Gelmiazov,Zolotonosha,Poltava,Pale,,Poltava,Ukraine SSR,Zolotonosha,Poltava,Russian Empire,Soviet Union
2438,BKV_UNK_BRZ,-1059225,,Iablonev,Lubny,Poltava,Pale,,Poltava,Ukraine SSR,Lubny,Poltava,Russian Empire,Soviet Union
2439,BKV_RDT_BRDN,-1042262,,Kobeliaki,Kobeliaki,Poltava,Pale,,Poltava,Ukraine SSR,Kobeliaki,Poltava,Russian Empire,Soviet Union
2440,BKV_RDT_RDT,-1050163,,Pereshchepino,Konstantinograd,Poltava,Pale,,Poltava,Ukraine SSR,Konstantinograd,Dnepropetrovsk,Russian Empire,Soviet Union
2441,BKV_RDT_SLYT,-1058844,,Voronkov,Pereiaslav,Poltava,Pale,,Poltava,Ukraine SSR,Pereiaslav,Kiev,Russian Empire,Soviet Union
2442,BKV_RDT_VCVD,-505410,,Iastrzhomb,Radom,Radom,Congress Poland,,Radom,Kielce,Radom,Radom,Russian Empire,Poland
2443,BKV_SDG_BYNY,-515305,,Malenets,Opoczno,Radom,Congress Poland,,Radom,Kielce,Opochno,Opoczno,Russian Empire,Poland
2444,BKV_SDG_SDHR,-520199,,Osiek,Sandomir,Radom,Congress Poland,,Radom,Kielce,Sandomir,Sandomierz,Russian Empire,Poland
2445,BKV_SRT_ZMST,-535191,,Verzhbitsa,Radom,Radom,Congress Poland,,Radom,Kielce,Radom,Radom,Russian Empire,Poland
2446,BKV_SRT_DRNS,-2994531,,Riazan,Riazan,Ryazan,Mainland Russia,,Ryazan,Russian SSR,Riazan',Ryazan,Russian Empire,Soviet Union
2447,BKV_SRT_SRT,-2995930,,Samara,Samara,Samara,Mainland Russia,,Samara,Russian SSR,Samara,Samara,Russian Empire,Soviet Union
2448,BKV_STR_LJN,-2996563,,Saratov,Saratov,Saratov,Mainland Russia,,Saratov,Russian SSR,Saratov,Saratov,Russian Empire,Soviet Union
2449,BKV_STR_IRDN,-520343,,Ossovo,Vlodava,Siedlce,Congress Poland,,Siedlce,Lublin,Vlodava,Włodawa,Russian Empire,Poland
2450,BKV_STR_KRSN,-529142,,Sobibor,Vlodava,Siedlce,Congress Poland,,Siedlce,Lublin,Vlodava,Włodawa,Russian Empire,Poland
2451,BKV_STR_CHDY,-2875499,,Alatyr,Alatyr,Simbirsk,Mainland Russia,,Simbirsk,Russian SSR,Alatyr',,Russian Empire,Soviet Union
2452,BKV_STR_BNYL,-3025025,,Simbirsk,Simbirsk,Simbirsk,Mainland Russia,,Simbirsk,Russian SSR,Simbirsk,,Russian Empire,Soviet Union
2453,BKV_STR_CHRS,-2938485,,Kronshtadt,Petergof,Sankt-Peterburg,Mainland Russia,,Sankt-Peterburg,Russian SSR,Petergof,Leningrad,Russian Empire,Soviet Union
2454,BKV_STR_STRZ,-2947561,,Oranienbaum,Petergof,Sankt-Peterburg,Mainland Russia,,Sankt-Peterburg,Russian SSR,Petergof,Leningrad,Russian Empire,Soviet Union
2455,BKV_STR_ZHDV,-2612591,,Aleksota,Mariampol,Suwalki,Congress Poland,,Suwałki,,Mariampol',Kaunas,Russian Empire,Soviet Union
2456,BKV_STR_KBSH,-493203,,Berzhiki,Seiny,Suwalki,Congress Poland,,Suwałki,Białystok,Seiny,Suwałki,Russian Empire,Poland
2457,BKV_STR_KSTN,-2613420,,Budvietse,Volkovyshki,Suwalki,Congress Poland,,Suwałki,,Volkovyshki,Vilkaviškis,Russian Empire,Soviet Union
2458,BKV_STR_DRCH,-2614730,,Give,Mariampol,Suwalki,Congress Poland,,Suwałki,,Mariampol',Marijampolė,Russian Empire,Soviet Union
2459,BKV_STR_HLYN,-1943176,,Golynka,Avgustov,Suwalki,Congress Poland,,Suwałki,Białystok,Avgustov,Augustów,Russian Empire,Soviet Union
2460,BKV_SCZ_MRT,-506410,,Kaletnik,Suvalki,Suwalki,Congress Poland,,Suwałki,Białystok,Suvalki,Suwałki,Russian Empire,Poland
2461,BKV_SCZ_BLCN,-510751,,Krasnopol,Seiny,Suwalki,Congress Poland,,Suwałki,Białystok,Seiny,Suwałki,Russian Empire,Poland
2462,BKV_SCZ_SCV,-513739,,Lipsk,Avgustov,Suwalki,Congress Poland,,Suwałki,Białystok,Avgustov,Augustów,Russian Empire,Poland
2463,BKV_SCZ_DRMN,-2616323,,Lishkov,Seiny,Suwalki,Congress Poland,,Suwałki,,Seiny,Alytus,Russian Empire,Soviet Union
2464,BKV_SCZ_PTRT,-2616328,,Liubovo,Kalvariia,Suwalki,Congress Poland,,Suwałki,,Kal'variia,Marijampolė,Russian Empire,Soviet Union
2465,BKV_WZN_DKHT,-2617507,,Pokoine,Mariampol,Suwalki,Congress Poland,,Suwałki,,Mariampol',Kaunas,Russian Empire,Soviet Union
2466,BKV_WZN_TRCN,-532304,,Shtabin,Avgustov,Suwalki,Congress Poland,,Suwałki,Białystok,Avgustov,Augustów,Russian Empire,Poland
2467,BKV_WZN_CRNH,-2619601,,Sudargi,Vladislavov,Suwalki,Congress Poland,,Suwałki,,Vladislavov,Šakiai,Russian Empire,Soviet Union
2468,BKV_WZN_ISPS,-2620440,,Veivery,Mariampol,Suwalki,Congress Poland,,Suwałki,,Mariampol',Marijampolė,Russian Empire,Soviet Union
2469,BKV_WZN_BRHM,-1051577,,Prishib,Melitopol,Taurida,Pale,,Taurida,Ukraine SSR,Melitopol',Zaporozhe,Russian Empire,Soviet Union
2470,BKV_WZN_SRHY,-3022099,,Tula,Tula,Tula,Mainland Russia,,Tula,Russian SSR,Tula,Tula,Russian Empire,Soviet Union
2471,BKV_WZN_PTYL,-3024007,,Ufa,Ufa,Ufa,Mainland Russia,,Ufa,Russian SSR,Ufa,Ufa,Russian Empire,Soviet Union
2472,BKV_WZN_YBLN,-2612688,,Antokol,Vilnius,Vilna,Pale,,Vilna,Wilno,Vilnius,Wilno-Troki,,Soviet Union
2473,BKV_WZN_UST',-1942016,,Beniakoni,Lida,Vilna,Pale,,Vilna,Nowogródek,Lida,Lida,,Soviet Union
2474,BKV_WZN_MYHV,-2613256,,Bezdany,Vilnius,Vilna,Pale,,Vilna,Wilno,Vilnius,Wilno-Troki,,Soviet Union
2475,BKV_WZN_RZTK,-2613293,,Birshtany,Troki,Vilna,Pale,,Vilna,,Troki,Alytus,,Soviet Union
2476,BKV_WZN_VYZH,-2613573,,Chabishki,Vilnius,Vilna,Pale,,Vilna,,Vilnius,Trakai,,Soviet Union
2477,BKV_WZN_VYZH_2,-1942967,,Gaviia,Oshmiany,Vilna,Pale,,Vilna,Nowogródek,Oshmiany,Lida,,Soviet Union
2478,BKV_WZN_MLYV,-2614854,,Iashuny,Vilnius,Vilna,Pale,,Vilna,Wilno,Vilnius,Wilno-Troki,,Soviet Union
2479,BKV_WZN_BNYL,-2615517,,Kernovo,Vilnius,Vilna,Pale,,Vilna,,Vilnius,Ukmergė,,Soviet Union
2480,PRU_PMM_PYRT,-2616047,,Laibishki,Vilnius,Vilna,Pale,,Vilna,Nowogródek,Vilnius,Wołożyn,,Soviet Union
2481,PRU_PMM_STRG,-2616217,,Liandvarovo,Troki,Vilna,Pale,,Vilna,Wilno,Troki,Wilno-Troki,,Soviet Union
2482,PRU_PMM_NRNB,-1945731,,Lyntupy,Sventsiany,Vilna,Pale,,Vilna,Wilno,Sventsiany,Święciany,,Soviet Union
2483,PRU_PMM_MSSW,-2617086,,Niemaniuny,Troki,Vilna,Pale,,Vilna,,Troki,Alytus,,Soviet Union
2484,PRU_PMM_PSWL,-2619703,,Novo-Sventsiany,Sventsiany,Vilna,Pale,,Vilna,Wilno,Sventsiany,Święciany,,Soviet Union
2485,PRU_PMM_LBS,-2617043,,Novo-Vileisk,Vilnius,Vilna,Pale,,Vilna,Wilno,Vilnius,Wilno-Troki,,Soviet Union
2486,PRU_PMM_NGRD,-2618209,,Puni,Troki,Vilna,Pale,,Vilna,,Troki,Alytus,,Soviet Union
2487,PRU_PMM_RGNW,-2613548,,Tsekhanovishki,Vilnius,Vilna,Pale,,Vilna,Wilno,Vilnius,Wilno-Troki,,Soviet Union
2488,PRU_PMM_WLLN,-1951794,,Yasevichi,Oshmiany,Vilna,Pale,,Vilna,Wilno,Oshmiany,Dzisna,,Soviet Union
2489,PRU_PMM_GRYF,-1952716,,Zhuprany,Oshmiany,Vilna,Pale,,Vilna,Wilno,Oshmiany,Oszmiana,,Soviet Union
2490,PRU_PMM_RMML,-1057674,,Berezhetsy,Kremenets,Volhynia,Pale,,Volhynia,Wołyń,Kremenets,Krzemieniec,Russian Empire,Soviet Union
2491,PRU_PMM_TRPT,-1037541,,Datyn,Kovel,Volhynia,Pale,,Volhynia,Wołyń,Kovel',Kowel,Russian Empire,Soviet Union
2492,PRU_PMM_GRFS,-1038036,,Dolsk,Kovel,Volhynia,Pale,,Volhynia,Wołyń,Kovel',Kowel,Russian Empire,Soviet Union
2493,PRU_PMM_STRL,-1039591,,Dradysk,Lutsk,Volhynia,Pale,,Volhynia,Wołyń,Lutsk,Kowel,Russian Empire,Soviet Union
2494,PRU_PMM_SCHL,-1039421,,Gorodets,Lutsk,Volhynia,Pale,,Volhynia,Polesie,Lutsk,Sarny,Russian Empire,Soviet Union
2495,PRU_PMM_RGNW_2,-1043978,,Ksaverov,Ovruch,Volhynia,Pale,,Volhynia,Ukraine SSR,Ovruch,Zhitomir,Russian Empire,Soviet Union
2496,PRU_PMM_KCBR,-1044697,,Levkov,Zhitomir,Volhynia,Pale,,Volhynia,Ukraine SSR,Zhitomir,Zhitomir,Russian Empire,Soviet Union
2497,PRU_SCH_LBN,-1044836,,Lishnevka,Lutsk,Volhynia,Pale,,Volhynia,Wołyń,Lutsk,Kowel,Russian Empire,Soviet Union
2498,PRU_SCH_SGN,-1046516,,Mezherich,Rovno,Volhynia,Pale,,Volhynia,Wołyń,Rovno,Zdołbunów,Russian Empire,Soviet Union
2499,PRU_SCH_SPRT,-1048946,,Novyi Aleksinets,Kremenets,Volhynia,Pale,,Volhynia,Wołyń,Kremenets,Krzemieniec,Russian Empire,Soviet Union
2500,PRU_SCH_STRG,-1049767,,Ozhigovtsy,Starokonstantinov,Volhynia,Pale,,Volhynia,Ukraine SSR,Starokonstantinov,Kamenets-Podolski,Russian Empire,Soviet Union
2501,PRU_SCH_SCHW,-1051447,,Povursk,Kovel,Volhynia,Pale,,Volhynia,Wołyń,Kovel',Kowel,Russian Empire,Soviet Union
2502,PRU_SCH_LDKZ,-1035380,,Tatarnovichi,Ovruch,Volhynia,Pale,,Volhynia,Wołyń,Ovruch,Kostopol,Russian Empire,Soviet Union
2503,PRU_SCH_TRBN,-1059206,,Vystupovichi,Ovruch,Volhynia,Pale,,Volhynia,Ukraine SSR,Ovruch,Zhitomir,Russian Empire,Soviet Union
2504,PRU_SCH_STRH,-501031,,Gombin,Gostynin,Warszawa,Congress Poland,,Warszawa,Warszawa,Gostynin,Gostynin,Russian Empire,Poland
2505,PRU_SCH_MLTS,-534433,,Grokhov II,Warszawa,Warszawa,Congress Poland,,Warszawa,Warszawa,Warsaw,Warszawa,Russian Empire,Poland
2506,PRU_SCH_OHL,-511673,,Kuchary,Plonsk,Warszawa,Congress Poland,,Warszawa,Warszawa,Plonsk,Płońsk,Russian Empire,Poland
2507,PRU_SCH_OPV,-523685,,Praga,Warszawa,Warszawa,Congress Poland,,Warszawa,Warszawa,Warsaw,Warszawa,Russian Empire,Poland
2508,PRU_SCH_LBSC,-1040070,,Igren,Novomoskovsk,Ekaterinoslav,Mainland Russia,,Ekaterinoslav,Ukraine SSR,Novomoskovsk,Dnepropetrovsk,Russian Empire,Soviet Union
2519,PRU_SCH_BLVC,-2277670,,Zguritse,Soroki,Bessarabia,Pale,,Bessarabia,Basarabia,Soroki,Soroca,Russian Empire,Soviet Union
2520,PRU_SCH_KTSC,-3209873,,Goldingen,Goldingen,Courland,Mainland Russia,,Courland,Kurzeme,Gol'dingen,Kuldīga,Russian Empire,Soviet Union
2521,PRU_SCH_KNST,-3210389,,Libava,Grobin,Courland,Mainland Russia,,Courland,Kurzeme,Grobin,Liepāja,Russian Empire,Soviet Union
2522,PRU_SCH_CSL,-3209031,,Mitava,Mitava,Courland,Mainland Russia,,Courland,Zemgale,Mitava,Jelgava,Russian Empire,Soviet Union
2523,PRU_SCH_PTSC,-3211682,,Pilten,Vindava,Courland,Mainland Russia,,Courland,Kurzeme,Vindava,Ventspils,Russian Empire,Soviet Union
2524,PRU_SCH_BHMN,-3212809,,Shenberg,Bausk,Courland,Mainland Russia,,Courland,Zemgale,Bausk,Bauska,Russian Empire,Soviet Union
2525,PRU_SCH_ORLV,-2624869,,Vezenberg,Vezenberg,Estland,Mainland Russia,,Estland,,Vezenberg,Virumaa,Russian Empire,Soviet Union
2526,PRU_SCH_KRVN,-1940921,,Antopol,Kobrin,Grodno,Pale,,Grodno,Polesie,Kobrin,Kobryń,Russian Empire,Soviet Union
2527,PRU_SCH_CSKY,-1942010,,Bereza,Pruzhany,Grodno,Pale,,Grodno,Polesie,Pruzhany,Prużana,Russian Empire,Soviet Union
2529,PRU_SCH_PSKR,-1942035,,Byten,Slonim,Grodno,Pale,,Grodno,Nowogródek,Slonim,Słonim,Russian Empire,Soviet Union
2530,PRU_SCH_TRNC,-1942370,,Derechin,Slonim,Grodno,Pale,,Grodno,Nowogródek,Slonim,Słonim,Russian Empire,Soviet Union
2531,PRU_SCH_LNGN,-1942411,,Dyvin,Kobrin,Grodno,Pale,,Grodno,Polesie,Kobrin,Kobryń,Russian Empire,Soviet Union
2532,PRU_SCH_USTR,-505356,,Iasenovka,Bielostok,Grodno,Pale,,Grodno,Białystok,Bielostok,Białystok,Russian Empire,Poland
2533,PRU_SCH_RDSL,-1943756,,Kamenets-Litovsk,Brest-Litovsk,Grodno,Pale,,Grodno,Polesie,Brest-Litovsk,Brześć nad Bugiem,Russian Empire,Poland
2534,PRU_SCH_BBRK,-1944058,,Khomsk,Kobrin,Grodno,Pale,,Grodno,Polesie,Kobrin,Drohiczyn,Russian Empire,Soviet Union
2535,PRU_SCH_CZCH,-507892,,Kleshcheli,Bielsk,Grodno,Pale,,Grodno,Białystok,Bielsk,Bielsk,Russian Empire,Poland
2536,PRU_SCH_CZCH_2,-509820,,Koritsyn,Sokolki,Grodno,Pale,,Grodno,Białystok,Sokolki,Sokółka,Russian Empire,Poland
2537,PRU_SCH_CSZY,-511203,,Krinki,Grodno,Grodno,Pale,,Grodno,Białystok,Grodna,Grodno,Russian Empire,Poland
2538,PRU_SCH_SKCZ,-512039,,Kuznitsa,Sokolki,Grodno,Pale,,Grodno,Białystok,Sokolki,Sokółka,Russian Empire,Poland
2539,PRU_SCH_PSZC,-527809,,Loiki predmeste mestechka Sem,Bielsk,Grodno,Pale,,Grodno,Białystok,Bielsk,Bielsk,Russian Empire,Poland
2540,PRU_SCH_RCBR,-1945742,,Lyskovo,Volkovysk,Grodno,Pale,,Grodno,Białystok,Volkovysk,Wołkowysk,Russian Empire,Soviet Union
2541,PRU_SCH_RYBN,-1945929,,Maloryto,Brest-Litovsk,Grodno,Pale,,Grodno,Polesie,Brest-Litovsk,Brześć nad Bugiem,Russian Empire,Soviet Union
2542,PRU_SCH_MYSL,-516588,,Mileichitsy,Brest-Litovsk,Grodno,Pale,,Grodno,Białystok,Brest-Litovsk,Bielsk,Russian Empire,Poland
2543,PRU_SCH_KTWC,-531046,,Sukhovolia,Sokolki,Grodno,Pale,,Grodno,Białystok,Sokolki,Sokółka,Russian Empire,Poland
2544,PRU_SCH_GLWC,-533270,,Trostiany,Bielostok,Grodno,Pale,,Grodno,Białystok,Bielostok,Białystok,Russian Empire,Poland
2545,PRU_SCH_SWTC,-1951368,,Volchin,Brest-Litovsk,Grodno,Pale,,Grodno,Polesie,Brest-Litovsk,Brześć nad Bugiem,Russian Empire,Soviet Union
2546,PRU_SCH_CHRZ,-1952262,,Zamosc predmeste Kamenets-L,Brest-Litovsk,Grodno,Pale,,Grodno,Polesie,Brest-Litovsk,Brześć nad Bugiem,Russian Empire,Soviet Union
2547,PRU_SCH_SMNW,-496302,,Burzhenin,Sieradz,Kalisz,Congress Poland,,Kalisz,Łódż,Sieradz',Sieradz,Russian Empire,Poland
2548,PRU_SCH_ZBRZ,-1043300,,Kramatorovka,Izium,Kharkov,Mainland Russia,,Kharkov,Ukraine SSR,Izium,Stalino,Russian Empire,Soviet Union
2549,PRU_SCH_PRDN,-1035719,,Buialyk Bolshoi,Odessa,Kherson,Pale,,Kherson,Ukraine SSR,Odessa,Odessa,Russian Empire,Soviet Union
2550,PRU_SCH_GLGW,-1056624,,Sviato-Troitskoe,Ananev,Kherson,Pale,,Kherson,Ukraine SSR,Anan'ev,Odessa,Russian Empire,Soviet Union
2551,PRU_SCH_BLPR,-507369,,Kazimerzha Velka,Pinchov,Kielce,Congress Poland,,Kielce,Kielce,Pinchov,Pińczów,Russian Empire,Poland
2552,PRU_SCH_KLDZ,-2612694,,Antolenty,Novoaleksandrovsk,Kovno,Pale,,Kovno,,Novoaleksandrovsk,Zarasai,Russian Empire,Soviet Union
2553,PRU_SCH_TRNW,-2620841,,Novo-Zhagory,Shavli,Kovno,Pale,,Kovno,,Shavli,Šiauliai,Russian Empire,Soviet Union
2554,PRU_SCH_NYS,-2612547,,Okmiany,Shavli,Kovno,Pale,,Kovno,,Shavli,Mažeikiai,Russian Empire,Soviet Union
2556,PRU_SCH_STRZ,-2618249,,Pusholaty,Poneviezh,Kovno,Pale,,Kovno,,Poneviezh,Panevėžys,Russian Empire,Soviet Union
2557,PRU_SCH_ZBKW,-2618874,,Shavkuty,Shavli,Kovno,Pale,,Kovno,,Shavli,Kėdainiai,Russian Empire,Soviet Union
2558,PRU_SCH_LBLN,-2620938,,Zheimy,Kovno,Kovno,Pale,,Kovno,,Kovna,Kėdainiai,Russian Empire,Soviet Union
2559,PRU_SCH_OPL,-505687,,Edvbno,Kolno,Lomza,Congress Poland,,Łomża,Białystok,Kol'no,Kolno,Russian Empire,Poland
2560,PRU_SCH_GRDK,-497249,,Khrzhanov,Ianov,Lublin,Congress Poland,,Lublin,Lublin,Ianov,Janów,Russian Empire,Poland
2561,PRU_SCH_DZRZ,-511344,,Kretov,Bielgorai,Lublin,Congress Poland,,Lublin,Lublin,Bielgorai,Biłgoraj,Russian Empire,Poland
2562,PRU_SCH_DBRD,-533098,,Travniki,Lublin,Lublin,Congress Poland,,Lublin,Lublin,Liublin,Lublin,Russian Empire,Poland
2563,PRU_SCH_LWNB,-1943284,,Gorodeia,Novogrudok,Minsk,Pale,,Minsk,Nowogródek,Novogrudok,Nieśwież,Russian Empire,Soviet Union
2564,PRU_SCH_WLBR,-1045349,,Liubishov,Pinsk,Minsk,Pale,,Minsk,Polesie,Pinsk,Kamień Koszyrski,Russian Empire,Soviet Union
2565,PRU_SCH_KMNN,-1946897,,Novaia Mysh,Novogrudok,Minsk,Pale,,Minsk,Nowogródek,Novogrudok,Baranowicze,Russian Empire,Soviet Union
2566,PRU_SCH_BRZG,-1948134,,Pogost,Slutsk,Minsk,Pale,,Minsk,Belarus SSR,Slutsk,Minsk,Russian Empire,Soviet Union
2567,PRU_SCH_OLSN,-1949743,,Selolevichi,Borisov,Minsk,Pale,,Minsk,Belarus SSR,Borisov,Minsk,Russian Empire,Soviet Union
2568,PRU_SCH_JLNG,-1947681,,Ugarichi,Bobruisk,Minsk,Pale,,Minsk,Belarus SSR,Bobruisk,Polesie,Russian Empire,Soviet Union
2569,PRU_SCH_PKJ,-505930,,Ezhov,Breziny,Piotrkow,Congress Poland,,Piotrków,Łódż,Breziny,Brzeziny,Russian Empire,Poland
2570,PRU_SCH_KLCZ,-509635,,Konstantinov,Lodz,Piotrkow,Congress Poland,,Piotrków,Łódż,Lodz',Łódź,Russian Empire,Poland
2571,PRU_SCH_JWR,-511317,,Krzhepitse,Chenstokhov,Piotrkow,Congress Poland,,Piotrków,Kielce,Chenstokhov,Częstochowa,Russian Empire,Poland
2572,PRU_SCH_NMYS,-519858,,Olshtyn,Chenstokhov,Piotrkow,Congress Poland,,Piotrków,Kielce,Chenstokhov,Częstochowa,Russian Empire,Poland
2573,PRU_SCH_WRCL,-526084,,Rosprzha,Petrokov,Piotrkow,Congress Poland,,Piotrków,Łódż,Petrokov,Piotrków,Russian Empire,Poland
2575,PRU_SCH_BRTW,-497082,,Khorzheva,Prasnysh,Plock,Congress Poland,,Płock,Warszawa,Prasnysh,Przasnysz,Russian Empire,Poland
2576,PRU_SCH_LWWK,-530732,,Strzhegovo,Mlava,Plock,Congress Poland,,Płock,Warszawa,Mlava,Mława,Russian Empire,Poland
2577,PRU_SCH_GRLT,-1037123,,Cherpukhi,Lokhvitsa,Poltava,Pale,,Poltava,Ukraine SSR,Lokhvitsa,Poltava,Russian Empire,Soviet Union
2578,PRU_SCH_SRDS,-505648,,Edlinsk,Radom,Radom,Congress Poland,,Radom,Kielce,Radom,Radom,Russian Empire,Poland
2579,PRU_SCH_LGNC,-524856,,Glinitse,Radom,Radom,Congress Poland,,Radom,Kielce,Radom,Radom,Russian Empire,Poland
2580,PRU_SCH_OLSN_2,-497769,,Tsmelev,Opatov,Radom,Congress Poland,,Radom,Kielce,Opatov,Opatów,Russian Empire,Poland
2581,PRU_SCH_BLSL,-534176,,Vovkhotsk,Ilza,Radom,Congress Poland,,Radom,Kielce,Iłża,Iłża,,Poland
2582,PRU_SCH_CHJN,-2620890,,Sapezhishki,Mariampol,Suwalki,Congress Poland,,Suwałki,,Mariampol',Kaunas,Russian Empire,Soviet Union
2583,PRU_SCH_SYCW,-2612942,,Boguslavishki,Vilnius,Vilna,Pale,,Vilna,,Vilnius,Ukmergė,,Soviet Union
2584,PRU_SCH_TWRD,-1941930,,Budslav,Vileika,Vilna,Pale,,Vilna,Wilno,Vileika,Wilejka,,Soviet Union
2585,PRU_SCH_SCNW,-2613869,,Dzevenishki,Oshmiany,Vilna,Pale,,Vilna,Wilno,Oshmiany,Oszmiana,,Soviet Union
2586,PRU_SCH_ZMGR,-1943611,,Iody,Disna,Vilna,Pale,,Vilna,Wilno,Disna,Dzisna,,Soviet Union
2587,PRU_SCH_WNSK,-2616308,,Lyngmiany s derevnei Lyngmiany,Sventsiany,Vilna,Pale,,Vilna,Wilno,Sventsiany,Święciany,,Soviet Union
2588,PRU_SCH_GLGW_2,-2612645,,Olita,Troki,Vilna,Pale,,Vilna,,Troki,Alytus,,Soviet Union
2589,PRU_SCH_GR,-2617284,,Podbrodze,Sventsiany,Vilna,Pale,,Vilna,Wilno,Sventsiany,Święciany,,Soviet Union
2590,PRU_SCH_NWSL,-1047955,,Novaia Chartoriia,Novograd-Volynskii,Volhynia,Pale,,Volhynia,Ukraine SSR,Novograd-Volynskii,Zhitomir,Russian Empire,Soviet Union
2591,PRU_SCH_ZLNG,-507637,,Kernozia,Gostynin,Warszawa,Congress Poland,,Warszawa,Warszawa,Gostynin,Łowicz,Russian Empire,Poland
2592,PRU_WST_CHLM,-528235,,Skernevka Novaia i Novaia ulit,Skernevitsy,Warszawa,Congress Poland,,Warszawa,Warszawa,Skernevitsy,Skierniewice,Russian Empire,Poland
2593,PRU_WST_STRG,,,Kalvariskie snipishki,,,,,,,,,,
2594,PRU_SCH_CHMN,-506582,,Kametsshyk,Wegrow,Siedlce,Congress Poland,,Siedlce,Warszawa,Vengrov,Radzymin,Russian Empire,Poland
