line_id,code,prov,dist,name,ziv_yearcode,year_code,upper_bound,lower,mid_range,source,note,cen,approx_code
1,PSK_OST_PYTL,Pskov,Ostrov,Pytalovo,18LX,1935,1935,1935,1935,"The J. pop. in 1935 was 61 (total 1,242). All but a few fled to Soviet territory with the approach of the Germans in June 1941.",,1900,
2,SDL_LKV_ADMW,Siedlce,Lukow,Adamów,,18XX,1900,1800,1850,"J. settlement commenced in the 19th cent. The J. pop. reached 494 in 1897 and 664 in 1921 (total 1,934). Between the World Wars the Zionists and their youth movements were active. The Germans arrived on 20 Sept. 1939, set",,1800,XX
3,CRL_GZN_GZNP,Courland,Gazenpot,Gazenpot,15EX,15XX,1600,1500,1550,"Jews arrived in the 16th cent., mostly from the commercial towns of E. Prussia (Hamburg, Danzig, etc.). In 1751, the Polish parliament or Sejm authorized the constructionof a synagogue andthe establish",,1500,XX
4,KZN_AKH_AKHT,Kharkov,Akhtyrka,Akhtyrka,18LX,1897,1897,1897,1897,"The J. pop. was 168 (total 23,399) in 1897 and 277 in 1939. A. was captured by the Germans on 18 Oct. 1941. By the end of the year, about 60 Jews were murdered in two Aktions.",,1800,
5,KVN_NVL_OKNS,Kovno,Novoaleksandrovsk,Oknista,18MX,18MX,1875,1850,1850,The J. settlement was founded in the mid-19th cent. and numbered 199 (total pop. 473) in 1935. Nearly all were murderedby the Germans in July 1941.,,1800,MX
6,VLH_RVN_ALKS,Volhynia,Rovno,Aleksandriia,16EX,1648,1648,1648,1648,"A few Jews remained after the destruction of A. in the Chmielnicki disturbances of 1648-49. The community grew to 2,154 (total 3,189) in 1897 with the development of light industry and the building o",נחרבה עי חמילנצקי ושוקמה מאוחר יותר,1600,
7,PTR_LDZ_ALSK,Piotrkow,Lodz,Aleskandrów,,1818,1818,1818,1818,"Jews were among the first settlers in 1818, and after a few years a community was organized. Most were artisans and tradesmen who had incurred heavy debts, and it was only in 1909 that the synagogue was bu",,1800,
8,WRS_NSH_ALKS,Warszawa,Nieszawa,Aleksandrów,,18LX,1900,1875,1875,"Jews settled in the late 19th cent., numbering 286in 1897. By 1939 there were about 1,200 Jews (10% of the total). After the Germans occupied the town (Sept. 1939), the Jews were expelled in two waves (Sept.",,1800,LX
9,BSS_BLT_ALKS,Bessarabia,Bieltsy,Aleksandreny,18MX,18MX,1875,1850,1850,"Jews first settled in mid-19th cent. By 1897, 1,190 Jews constituted 95% of the total pop. of this J. agricultural settlement. Jews grew corn and later tobacco. A J. school opened early in t",מושבה חקלאית יהודית,1800,MX
10,KHR_ALK_ALKS,Kherson,Aleksandriia,Aleksandriia,1648,17LX,1800,1775,1775,"Jews apparently settledin the late 18th cent. andnumbered 3,735 (total14,007)in 1897. Jewsmainly traded in farm produce (including grain) and worked as tailors. They were victimized by pogroms in 1882; in","נהרסה עי חמילנצקי, נבנתה מחדש במאה ה 19",1700,LX
11,KIV_CHG_ALKS,Kiev,Chigirin,Aleksandrovka,17LX,17LX,1800,1775,1775,"Jews apparently arrived in the late 18th cent. and increased in number from 356 in 1847 to 3,213 (total 4,366) in 1897. In a Dec. 1919 pogrom, Anton Denikin's White Army murdered 48 Jews. In the Soviet period,",,1700,LX
12,PRU_OST_ALLN,Preussen,Olsztyn,Allenstein,,1819,1819,1819,1819,"Germany, today Poland. First evidence of a J. presence dates from 1819. With 56 members in 1820, the community grew steadilyand there were212 Jews in 1871; 471 in 1905; and 612 in 1925. In the beginning of the",,1800,
13,VLN_TRK_OLV,Vilna,Troki,Olava,18LX,1923,1923,1923,1923,"In 1923, A. had 78 Jews. In WWII all of A's. Jews were killed.",,1900,
14,KVN_TLS_OLSD,Kovno,Telshi,Olsiady,1662,1662,1662,1662,1662,"Jews were living here in 1662. The 1897 J. pop. was 295 (27%). In 1940 there were about 30 families. With the outbreak of WWiI, Lithuanians harassed the Jews but were stopped from killing them by the",,1600,
15,PRU_PMM_ALTD,Preussen,Pommern,Altdamm,,1481,1481,1481,1481,"Letters of protection (Schutzbriefe) for nine Jews in 1481 constitute the first evidence of J. settlement here. Between 1491-93, the local Jews, together with the Jews of",,1400,
16,CRN_KRL_ALTY,Chernigov,Krolevets,Altynovka,1897,1897,1897,1897,1897,"The J. pop. in 1897 was 450 (1% of the total). After their arrival on 15 Sept. 1941, the Germans murdered the few remaining Jews who had neither fled norbeen evacuated.",,1800,
17,LVL_VLK_ALKS,Livland,Valk,Aluksna,1890,1890,1890,1890,1890,"Jews began settling in the 1890s and reached a pop. of 233 (total 1,976) in 1920. Though economic conditions were favorable between the wars, with Jews owning eight of the town's 31 small factories and 21 of i",,1800,
18,KVN_VLK_OVNT,Kovno,Vilkomir,Ovanta,18EX,18XX,1900,1800,1850,"A.'s J. community began in the 19th cent. The J. pop. in 1923 was 222 (48% of the total). In 1939, a blood libel provoked attacks on Jews and their homes. With the Soviet occupation in fall 1940, Zionist a",,1800,XX
19,KHR_ANN_ANNV,Kherson,Ananev,Ananev,18EX,18EX,1850,1800,1825,"An organizedJ. community existed by the early 19th cent. and numbered 3,527 (total 16,684) in 1897. Jews were victimized by pogroms in 1881, 1905, and 1919, the latter claiming 14 lives. In 1921, under Soviet rule, the",,1800,EX
20,VLH_ZHT_ANDR,Volhynia,Zhitomir,Andrushovka,17MX,17MX,1775,1750,1750,"Jews are first mentionedin the mid-18th cent. as numbering 12. By 1897, their number stood at 430 (total 2,682) and in 1927 at 300. In the Soviet period, 80% of the Jews were artisans or laborers. A J. elementary",,1700,MX
21,GLC_CRC_ANDR,Galicia,Wadowice,Andrychów,,18EX,1850,1800,1825,"Jews settled in the first half of the 19th cent., dealingmainly in cloth, and werebehind the establishment of the first mechanizedknitting plants in the second half of the cent.The community grew to 6",,1800,EX
22,LMZ_OST_ANDR,Lomza,Ostrov,Andruseevo,18MX,18LX,1900,1875,1875,"Founded in the second half of the 19th cent., the community numbered 277 out of a total pop. of 800 in 1921. In WWII, the Germans deported its Jews to larger centers but some escaped to Soviet Russia.",,1800,LX
23,PTR_LDZ_ANDR,Piotrkow,Brzeziny,Andrzejów,,1805,1805,1805,1805,"The J. community was foundedin 1805 at this vacationresort,eventually a suburb of Lodz. In 1921, 99 Jews lived there.",,1800,
24,PRU_OST_ANGR,Preussen,Wegorzewo,Angerburg,,1843,1843,1843,1843,"Germany, today Poland. The J. pop. grew from 27 in 1843 to 72 in 1871. By 1880, the J. pop. numbered 54. During WWI, the rented prayer room was closed and the religious instruction teacher dismissed for lack o",,1800,
25,PRU_PMM_ANKL,Preussen,Pommern,Anklam,,1348,1348,1348,1348,"J. moneylenders in A. were burned to death in the Black Death persecutions of 1348-49. Jews only settled permanently in A. after the regulations regarding Jews in Prussia were revised in 1812. In 1816, the J. pop. of A. came",,1300,
26,VLH_OST_ANNP,Volhynia,Ostrog,Annopol,17EX,1765,1765,1765,1765,"Jews numbered 395 in 1765 and 1,812 (82.5% of the total) in 1897. Dov Baer of Mezhirech (1704-72), one of the greatest hasidic figures, is buried in the town. The J. pop. dropped to 1,259 in 1926 and presumab",,1700,
27,LBL_INV_ANNP,Lublin,Janow,Annopol,,16EX,1650,1600,1625,"Jews arrived in the early 17th cent. as innkeepers, distillers, and grain and cattle merchants as wellas artisans and petty traders.In the 19th cent.,A. was a centerof Torah learning. Three generations of the Rubi",,1600,EX
28,SWL_MRM_ANTN,Suwalki,Mariampol,Antanava,18LX,1923,1923,1923,1923,The J. pop. in 1923 was 192. All Jews were killed after the German conquest of 1941.,,1900,
29,VLH_ZSL_ANTN,Volhynia,Zaslavl,Antoniny,18LX,1939,1939,1939,1939,The J. pop. in 1939 was 110 (3.5% of the total). The Germans occupied A. on 7 July 1941 and in July 1942 executed the Jews at the village of Manivtsy.,,1900,
30,MGL_CHR_ANTN,Mogilev,Cherikov,Antonovka,1837,1837,1837,1837,1837,"A. was founded in 1837 as a J. farm settlement. In 1924-25, under the Soviets, 39 J. families were engaged in agriculture.In 1930 the settlement became a kolkhoz with only ten of the J. families continuing to farm",מושבה חקלאית יהודית,1800,
31,VLH_RVN_ANTN,Volhynia,Rovno,Antonovka,1833,1833,1833,1833,1833,"A. was founded as a J. farm settlement in 1833 on 900 acres of land and numbered 620 Jews in 1897 and 482 (total535) in 1921. After A. was capturedby theGermans in July 1941, all Jews werebrought to th",מושבה חקלאית יהודית,1800,
32,KVN_VLK_ONKS,Kovno,Vilkomir,Onikshty,16EX,16XX,1700,1600,1650,"A.'s J. community began in the 17th cent. It was hit hard by repeated fires in the late 19th and early 20th cents. The J. pop. in 1897 was 2,754 (70% of the total). On 14 July 1915 a Russianregiment stageda pogrom ag",,1600,XX
33,LVL_VLK_APPN,Livland,Valk,Appengof,18LX,19EX,1935,1900,1925,The J. pop. early in the cent. was 200 but by 1935 dropped to 82 (total 922). Most stores were J.-owned. The Jews were murderedby the Germans in summer 1941.,,1900,EX
34,KHR_KHR_PKRV,Kherson,Kherson,Pokrovskoe,18LX,1939,1939,1939,1939,"The J. pop. in 1939 was 81 (total 9,997). The Germans captured A. on 17 Aug. 1941 and probably in fall 1941 murdered 129 Jews there.",,1900,
35,BSS_AKK_STRA,Bessarabia,Akkerman,Staro-Artsiz,18MX,18MX,1875,1850,1850,"Jews first settled in the mid-19th cent. In 1900, 44 families were on the verge of starvation causedby drought and werehelpedby other communities. The J. pop. in 1930 was 842 (29% of the total). A",,1800,MX
36,KVN_KVN_ERGL,Kovno,Kovno,Eirogola,17EX,17XX,1800,1700,1750,"A.'s J. community began in the 18th cent. By 1897 the J. pop. was 1,541 (65 %) of the total. The tribulations of WWI, fire, and emigration to the Russian interior, the U.S., South Africa, a",,1700,XX
37,TRD_PRK_ARMN,Taurida,Perekop,Armianskii bazar,18LX,18LX,1900,1875,1875,"Jews probably settled in the late 19th cent. A Zionist group was already active in the early 20th cent. and the community had its own rabbi before WWI. In 1926, the J. pop. was 156, dropping to 107 (total 3,96",תנועה ציונית פעילה,1800,LX
38,EKT_BKH_BKHM,Ekaterinoslav,Bakhmut,Bakhmut,18EX,18EX,1850,1800,1825,"Jews probably settled in the early 19th cent. with the development of chemical industries, particularly the salt industry. In 1897, the J. pop. was 3,259 (total 19,316). Many Jews were killed a",,1800,EX
39,CRL_TKK_ATS,Courland,Tukkum,Autse,17EX,17XX,1800,1700,1750,"Jews arrived with the founding of the town in the 18th cent. The community was under the jurisdiction of Tukums until 1905. During WWI, J. homes and property were destroyed. In 1935 the J. pop. was 1",,1700,XX
40,SWL_AVG_AVGS,Suwalki,Avgustov,Avgustov,1564,1564,1564,1564,1564,"The firstJews settled in 1564. In 1578 they were granted a charter from King StephenBathory permitting them to engage in trade and crafts,including the sale of alcoholic beverages.In the 17th cent. Jews were particul","תנועה ציונית התחילה ב 1885, לצידה היו אגודת ישראל והבונד",1500,
41,VLN_TRK_VYSK,Vilna,Troki,Vysokii dvor,16EX,16XX,1700,1600,1650,"Jews began settling by the 17th cent. The J. pop. in 1888 was 194 (28% of the total). In the late 19th cent. Vilna, 40 miles away, was the source of A.'s J. cultural, educational, and economic l",תנועה ציונית פעילה,1600,XX
42,SWL_MRM_PNMV,Suwalki,Mariampol,Poniemov,18EX,1897,1897,1897,1897,"The J. pop. in 1897 stood at 775 (49% of the total), dropping to a few hundred in 1935. The Jews earned their living as artisans, as tradesmen, and from small industry. Prior to WWII, A.-P. wa",,1800,
43,PTR_NVR_ARLW,Piotrkow,Noworadomsk,Aurelów,,1918,1918,1918,1918,A small community existed here between the World Wars. During WWII Jews were assembled from the region and transported to extermination camps.,,1900,
44,SWL_MRM_DBVB,Suwalki,Mariampol,Debova Buda,18MX,1899,1899,1899,1899,In 1899 a Zionist organization was founded here. Prior to WWI there were about 15 J. families. In July 1941 A.'s Jews were transported to Prienai or Marijampole and shared the fate of the,תנועה ציונית פעילה,1800,
45,KIV_UMN_BBNK,Kiev,Uman,Babanka,1790,1790,1790,1790,1790,"Jews numbered 42 in 1790 and under the Soviets in 1939, 103 (total 4,043). The Germans captured B. on 5 Aug. 1941, murdering the Jews in Sept.",,1700,
46,KLS_KLO_BBK,Kalisz,Kolo,Babiak,,1857,1857,1857,1857,"In 1857, 240 Jews, some of them farmers, were living here. In 1940, the 240 Jews were transported to Bugaj, and then to Chelmno.",,1800,
47,MGL_ORS_BBNV,Mogilev,Orsha,Babinovichi,18MX,1897,1897,1897,1897,"The J. pop. was 552 (total 1,157) in 1897 and 332 in 1926 under the Soviets. The Germans occupied the town in July 1941. In late April 1942, the 100 remaining Jews who had not fled or been evacuated were brought",,1800,
48,KVN_KVN_BBTY,Kovno,Kovno,Bobty,18EX,18XX,1900,1800,1850,"In the 19th cent., J. merchants developed lumber and agricultural exports to Prussia. The J. pop. in 1913 was 900 (75% of the total) and dropped to 153 in 1923. On 28 Aug. 1941Lithuanian nationalists carrie",,1800,XX
49,SDL_WGR_BCZK,Siedlce,Wegrow,Baczki,,18LX,1900,1875,1875,"Jews first settled in the 1860s, most finding employment in factories owned by the Perlis family, which also helped Jews settle in B. by providing them with land allotments and supplies. By the end of the 19th cent., the",,1800,LX
50,PRU_PMM_PLZN,Preussen,Pommern,Polzin,,1711,1711,1711,1711,"Mention of a Jew in B. is first made in 1711. In 1764, there were already four J. families living in the town. In 1880, the J. pop. was 217. The community maintained asynagogue, a comm",,1700,
51,MGL_GRK_BV,Mogilev,Gorki,Baevo,18MX,1897,1897,1897,1897,"The J. pop. was 505 (total 906) in 1897 and 243 in 1923 under the Soviets. In 1930, 15 J. families were employed at a nearby kolkhoz and also engaged in crafts. The Germans occupied B. in July 1941. In early Oct., the",,1800,
52,KVN_SHV_BSGL,Kovno,Shavli,Beisagola,17LX,17LX,1800,1775,1775,The J. community began at the end of the 18th cent. The J. pop. in 1897 was 634 (53% of the total). The 100 Jews who lived in B. at the beginning of WWI were exiled by the Russian authorities. Aft,,1700,LX
53,SWL_SVL_BKLR,Suwalki,Suvalki,Bakalarzhevo,18LX,18LX,1900,1875,1875,"In the late 19th cent. B. became a resort and this provided many of its Jews with new livelihoods. Large numbers fled during WWI, leaving 141 out of a total pop. of 705 in 1921.Expelledby theGermans in Oct. 1939,",,1800,LX
54,TRD_SMF_BKHC,Taurida,Simferopol,Bakhchisarai,12EX,12EX,1250,1200,1225,"Krimchaks lived in Chufat-Kale (part of new B.) in the early 13th cent. A Karaite printing press was founded in 1734 and in 1793-94 the J. pop. was 1,162. The figure dropped to 210 (total 12,959) in 1897 an",קהילה קראית,1200,EX
55,CRN_KNT_BKHM,Chernigov,Konotop,Bakhmach,1870,1897,1897,1897,1897,"B. developed as a railroad junction in the 1860s and 1870s andhad a J.pop. of 491 in 1897.Pogroms were staged in 1905 andin Sept. 1919.In 1939, the Jewsnumbered 295 (total 10,226). The Germans arrived on 10 Sept. 19",,1800,
56,VLN_OSH_BKSH,Vilna,Oshmiany,Bakshty,18MX,1897,1897,1897,1897,"The J. pop. was 172 in 1897 (total 1,461), declining to 55 in the 1920s. The Germans transferredmost to the Iwie ghetto where they were murdered on 12 May 1942.",,1800,
57,KIV_LPV_BLBN,Kiev,Lipovets,Balabanovka,17LX,17LX,1800,1775,1775,"About ten Jews were present in the latter half of the 18th cent. In 1897, they numbered 493 (total 3,089) and 124 in 1926. The Nazis murdered 38 by Dec. 1942.",,1700,LX
58,TRD_SVS_BLKL,Taurida,Sevastopol,Balaklava,18LX,1919,1919,1919,1919,"A council of Russian Zionists convened here on 18-22 Sept. 1919 with the participation of Meir Dizengoff, future mayor of Tel Aviv. In 1939, the J. pop. was 104 (total 5,148). The Germans occupied B. on 30 Nov",תנועה ציונית פעילה,1900,
59,SWL_MRM_BLVR,Suwalki,Mariampol,Balverzhishki,16MX,16MX,1675,1650,1650,"The J. community began in the mid-17th cent. The J. pop. in 1897 was 925 (45% of the total). By 1923 the J. pop. had fallen to 507, economic conditions caused further emigration, and by 19",תנועה ציונית פעילה,1600,MX
60,GLC_LWW_BLGR,Galicia,Lisko,Baligród,,17LX,1800,1775,1775,"The first Jews arrived from Lesko and Sanok in the late 18th cent. The community led a typical village life under hasidic dominance. Tradesmen set up their stalls and carts on market and fair days, some ran inns, and a fe",,1700,LX
61,POD_KMN_BLN,Podolia,Kamenets-Podolsk,Balin,17EX,17XX,1800,1700,1750,"Jews settled in the 18th cent., dwindling in number after Haidamak attacks. In 1897, the J. pop. was 357 (22% of the total). A J. kolkhoz was active between the World Wars. The Germans captured B. on 10 July 1",,1700,XX
62,KVN_VLK_BLNK,Kovno,Vilkomir,Bolniki,17EX,17LX,1800,1775,1775,The J. community was established at the end of the 18th cent. The J. pop. in 1897 was 255 (44% of the total) and dropped to 142 in 1933. Lithuanian nationalists took control of B. after the German inv,,1700,LX
63,POD_BLT_BLT,Podolia,Balta,Balta,15EX,15EX,1550,1500,1525,"J. settlement commenced in the early 16th cent., when the city was located on the border between Poland and the Ottoman Empire. In 1768, the Jews were victimized in Haidamak pogroms. In 1791, the city was annexed to the",,1500,EX
64,BSS_BLT_BLTS,Bessarabia,Bieltsy,Beltsy,17LX,17LX,1800,1775,1775,"Jews were amongthe foundersofB. in the late 18th cent. The J. pop. in 1897 was 10,348 (56% of the total). In 1918 a J. elementary school and high schools for boys and girls were opened wi",היהודים היו בין מקימי העיירה,1700,LX
65,POD_MGL_BR,Podolia,Mogilev,Bar,15EX,15XX,1600,1500,1550,"Jews settled in the 16th cent. In 1648 Chmielnicki's troops killed 2,000 Jews who, together with the Poles, were defending the local fortress. The J. pop. was 547 in 1787 and 5,773 in 1897. The community maintained a syna",,1500,XX
66,MGL_ORS_BRN,Mogilev,Orsha,Baran,18LX,1929,1929,1929,1929,"In 1929, 17 J. families worked on a kolkhoz and in 1939 the J. pop. was 81 (total 1,589). The Germans arrived on 16 July 1941.In Sept. all the Jews werebrought to two houses and held there for months. On 8 April 1942",,1900,
67,GLC_LWW_BRNW,Galicia,Tarnobrzeg,Baranów,,17XX,1800,1700,1750,"Jews are mentioned from the 14th cent. but the community apparently ceased to exist with the upheavals of the mid-17th cent. After renewal in the 18th cent., the J. pop. grew to 1,491 (total 2,371) in 1890, at which ti",,1700,XX
68,LBL_PLW_BRNW,Lublin,Pulawy,Baranów,,16XX,1700,1600,1650,"Jews settled in the 17th cent.,becomingdominant in manufacturing and marketing alcoholic beverages. They supplemented their income supplying a Russian garrison stationednearby following the constructionof barracks i",,1600,XX
69,MNS_NVG_BRNV,Minsk,Novogrudok,Baranovichi,1870,1870,1870,1870,1870,"Jews began settling in leased forest areas in the 1870s and by 1897 numbered 2,171 (total 4,692). The J. settlement continued to grow at an accelerated pace, reaching a pop. of 8,000 on the eve of W",,1800,
70,VLH_ZHT_BRSH,Volhynia,Zhitomir,Barashi,1752,1752,1752,1752,1752,A J. community is first mentioned in 1752 in connection with an argumentbetweenthePinsk community andthe Council of the Four Lands. It numbered 100 families in the late 19th cent. A large porcelain factory was located,,1700,
71,KVN_TLS_BRST,Kovno,Telshi,Barstichai,18LX,1923,1923,1923,1923,In 1923 the J. pop. was 87. All B.'s Jews were killed in the Holocaust.,,1900,
72,PRU_OST_BRTN,Preussen,Frydlad,Bartenstein,,1737,1737,1737,1737,"Germany,today Poland.The first evidenceof a J.presenceinB. dates from 1737.TheJ.pop. numbered86 in 1880, declining to 60-65 in the Weimar years. The community established acemetery (about 1820) and asynago",,1700,
73,SWL_VLK_BRTN,Suwalki,Volkovyshki,Bartniki,18LX,1923,1923,1923,1923,The J. pop. in 1923 was 93 (24% of the total). All Jews were killed in the Holocaust.,,1900,
74,GLC_TRN_BRYS,Galicia,Buczacz,Barysz,,18LX,1900,1875,1875,"Poland. today Belarus.,,,,,,,

The J. community of a few hundred constituted 5-10% of the total J. pop. from the late 19th cent. on. The Jews were expelledto Buczaczby theGermans in Oct.1942 and shared the fate of the local Jews.""""""""",,1800,LX
75,PLT_PRS_BRYS,Poltava,Pereiaslav,Baryshevka,18EX,1897,1897,1897,1897,"Jews numbered 462 in 1897 and 134 (total 2,401) under the Soviets in 1939. The Germans captured B. on 17 Aug. 1941 and murdered the Jews shortly afterwards.",,1800,
76,KVN_RSS_BTK,Kovno,Rossieny,Botoki,18LX,19EX,1950,1900,1925,"Before WWIB.'s J.pop. wasapproximately 50 families, most of whom were expelled during the war. In 1940 there were approximately ten families. After the Germans entered B. on 22-23 June 1941, J. women an",,1900,EX
77,GLC_TRN_BTTY,Galicia,Kamionka,Batiatycze,,1921,1921,1921,1921,The J. pop. in 1921 was 195. Its Jews werepossibly expelledto Kamionka Strumilowa for liquidation in summer-early fall 1942.,,1900,
78,CRL_BSK_BSK,Courland,Bausk,Bausk,17LX,17LX,1800,1775,1775,"Lithuanian Jews first settled in the Sloboda suburb of B. across the Lielupe River in the late 18th cent. and were only permitted to settle in the town proper under Russian rule, establishing an organized comm",,1700,LX
79,VLH_STR_BZL,Volhynia,Starokonstantinov,Bazaliia,16LX,16LX,1700,1675,1675,Jews settledin thelate 17thcent.andin 1765 theynumbered 240 (including the surroundingarea).One of the first J. printing presses in Volhynia was founded in B. The hasidic tzaddik R. Yosef David was active th,,1600,LX
80,VLH_OVR_BZR,Volhynia,Ovruch,Bazar,17LX,17LX,1800,1775,1775,"The J. community probably developed from the late 18th cent., reaching a pop. of 833 (total 1,976) in 1897. A Zionist society and Hebrew school were founded in 1917. During the civil war (1918-21), J. self-defense group",תנועה ציונית פעילה,1700,LX
81,KVN_SHV_PDBS,Kovno,Shavli,Podubis,18EX,18XX,1900,1800,1850,"The J. community developed in the 19th cent. Prior to WWI, 40 J. families lived here, a third of whom emigrated. After the Germans conquered Lithuania, Lithuanian nationalists forced all Jews into a g",,1800,XX
82,MNS_BRS_BGML,Minsk,Borisov,Begoml,18EX,18EX,1850,1800,1825,"Jews probably settled in the first half of the 19th cent. In the Soviet Children's orchestra, Beelitz, Germany period, many Jews (50 in 1930) worked in a kolkhoz founded in 1925. A J. school (of apparently four grades)",,1800,EX
83,KIV_VSL_BLTS,Kiev,Vasilkov,Bielaia Tserkov,16EX,16EX,1650,1600,1625,"Jews settled in the early 17th cent.Six hundredJ. families were massacredin the Chmielnicki disturbances of 1648-49. The J. pop. was 1,457 in 1765 and 18,720 in 1897. In 1904, Jews owned250 workshops and25 factorie",,1600,EX
84,TLA_BLV_BLV,Tula,Bielev,Bielev,18LX,18LX,1900,1875,1875,Jews probably settled in the late 19th cent. Their pop. was 238 in 1926. The few who hadnot fled or beenevacuatedweremurdered during the short German occupation of the town (23 Oct. to 31 Dec. 1941).,,1800,LX
85,PRU_PMM_BLGR,Preussen,Pommern,Belgard,,16LX,1700,1675,1675,"A small J. settlement existed at the end of the 17th cent. In 1764, it comprised only four families. In 1880, the community numbered 281 members and 135 in 1909. The community maintained a sy",,1600,LX
86,KIV_BRD_BLLV,Kiev,Berdichev,Bielilovka,17EX,17EX,1750,1700,1725,"Jews were presentin the early 18th cent. Three were killed in Cossack attacks in 1735. The J. pop. was 124 in 1765 and 2,223 (total4,851)in 1897. The Jews were attackedby the Petlyura gangs in 1918 and by Anton Deni",,1700,EX
87,PTR_PTR_BLCH,Piotrkow,Piotrkow,Bełchatów,,1808,1808,1808,1808,"In 1808, 17 Jews lived here and by 1857 the 1,100 Jews (73% of the total) engaged mainly in the textile industry. At the end of the 19th cent. over 900 of the 2,987 Jews were weavers; others engaged mainly in transport.",,1800,
88,VLH_ZSL_BLGR,Volhynia,Zaslavl,Bielogorodka,16EX,16EX,1650,1600,1625,"Jews in small numbers are known from the early 17th cent. The J. pop. was 100 in 1765 and 1,846 (34% of the total) in 1897. Eighteen Jews were murderedandmany injured in a pogrom during Easter 1918.In 192",,1600,EX
89,KIV_BRD_BLPL,Kiev,Berdichev,Bielopole,1721,1721,1721,1721,1721,"Jews settled in 1721 and numbered 1,141 (total 2,619) in 1897 and 1,255 in 1926 under the Soviets. A J. council was active in the town for awhile. Most children attended a Yiddish school. The Germans arrived in earl",,1700,
90,SML_BLY_BLY,Smolensk,Bielyi,Bielyi,18MX,18MX,1875,1850,1850,"Jews probably settled in the mid-19th cent. and numbered 287 (total 6,952) in 1897. In the Soviet period, the J. pop. fell to 218 in 1926 and 92 in 1939. The Germans first murdered 75 Jews on 4 Oct. 1941 and then another 2",,1800,MX
91,MGL_MGL_BLYN,Mogilev,Mogilev,Bielynichi,1847,1847,1847,1847,1847,"The J. pop. was 1,087 in 1847 and 1,063 in 1897. In 1924, under the Soviets, Jews were employedin three artisancooperatives. In 1925, 47 J. families earned their livelihoods from agriculture, founding an agricultu",,1800,
92,GLC_LWW_BLZ,Galicia,Sokal,Belz,,1413,1413,1413,1413,"There 1s a complaint against J. tailors in 1413, but the Jews may havebeenpresentmuch earlier. J.residencerights were assured by the king. About 200 died of hunger and plague during the Chmielnicki disturbances",,1400,
93,LBL_LBL_BLZY,Lublin,Lublin,Bełżyce,,1560,1560,1560,1560,"A J. settlement existing in the 1560s was sufficiently important to host meetings of the Council of the Four Lands in TheBelz Rebbe attending afuneral, 1851 1625 and 1643. The community suffered grievously in the Chmiel",,1500,
94,PTR_BRZ_BDKW,Piotrkow,Brzeziny,Będków,,1857,1857,1857,1857,"In 1857, 248 Jews lived here. With the German conquest the remaining 228 Jews left.",,1800,
95,RDM_KNS_BNDZ,Radom,Bedzin,Bendzin,,12LX,1300,1275,1275,"The first Jews settled in the surrounding villages in 1226 and in the late 13th cent. were present in the town itself, thenceforth consolidating their position as they obtained down through the years a number of royal pr",,1200,LX
96,KIV_BRD_BRDC,Kiev,Berdichev,Berdichev,1593,1593,1593,1593,1593,"Jews are first mentioned in 1593 and numbered 1,220 in 1765. The J. pop. grew significantly in the 19th cent., reaching 41,617 (total 53,351) in 1897 and 55,876 on the eve of WWI. Among the prominent rabbis serving",,1500,
97,VLH_DBN_BRST,Volhynia,Dubno,Berestechko,15MX,15MX,1575,1550,1550,"The community dates from the mid-16th cent. Only 12 of thetown's 1,000 Jews survivedtheChmielnicki massacres of 1648-1649. The community grew when B. became a transit point for Russian-Austrian trade",השומר הצעיר,1500,MX
98,VLH_NVG_BRZD,Volhynia,Novograd-Volynskii,Berezdov,17EX,1765,1765,1765,1765,"Jews numbered 205 in 1765 and 1,319 (49% of the total) in 1897. Sixty of the 100 workers in a J. owned leather goods factory were Jews. In 1919, during the Russian civil war (1918-21), Jews were attacked in a",,1700,
99,MNS_IGM_BRZN,Minsk,Igumen,Berezino,1766,1766,1766,1766,1766,"The J. pop. was 208 in 1766 and3,377 (total 4,871)in 1897.Peasants from the neighboring villages attacked Jews in 1906 and a pogrom was staged during the Russian civil war (1918-21). In 1930, under the Soviets, 20",,1700,
100,CRN_CHR_BRZN,Chernigov,Chernigov,Berezna,18EX,18EX,1850,1800,1825,"Jews settledin the early 19th cent. and numbered 1,357 (total 9,922) in 1897. J. property was pillaged and destroyed in a 1905 pogrom. The J. pop. fell to 211 in 1939 after much internal migration. Most Jews fled befo",,1800,EX
101,VLH_RVN_BRZN,Volhynia,Rovno,Berezno,15MX,15MX,1575,1550,1550,"Jews settled in the mid-16th cent. Fifty J. families lost their lives in the Chmielnicki massacres of 1648- 49 and the community did not grow significantly until the 19th cent., the J. pop. reaching a pe",,1500,MX
102,KHR_KHR_BRZN,Kherson,Kherson,Bereznegovatyi,18MX,18MX,1875,1850,1850,"J. settlement probably commenced in the mid-19th cent. A pogrom was staged on 30-31 March 1882. The J. pop. in 1939 was 271 (total 6,386). The Germans captured B. on 18 Aug. 1941 and on 15 Sept. murdered the J",,1800,MX
103,VLH_LTS_BRZH,Volhynia,Lutsk,Berezhnitsa,15LX,1648,1648,1648,1648,"After 100 Jews lost their lives in theChmielnicki massacres of 1648-49, the community only began to grow in the 19th cent., reaching a peak pop. of 2,160 (total 2,964) in 1897 but declining to 1,372 in",נחרבה עי חמילנצקי ושוקמה מאוחר יותר,1600,
104,KHR_ANN_BRZV,Kherson,Ananev,Berezovka,1881,1881,1881,1881,1881,"A pogrom took place on 26-27 April 1881. In 1897, the J. pop. was 3,458 (total 6,154). A government school for J. children was operating in the early 20th cent. In the 1920s, under the Soviets, a J. elementary school",,1800,
105,KHR_KHR_BRSL,Kherson,Kherson,Berislav,18EX,18EX,1850,1800,1825,"J. settlement began in the early 19th cent. In 1882 Jews were attacked and J. property was destroyed in a pogrom. The J. pop. was 2,642 (total 12,149) in 1897 and 230 in 1939 under the Soviets. During the 1930s, a f",,1800,EX
106,POD_OLG_BRSH,Podolia,Olgopol,Bershad,15EX,15XX,1600,1500,1550,"J. settlement probably began in the 16th cent. In the 17th and 18th cent., Chmielnicki's Cossacks and the Haidamaks attacked the Jews. In the 17th cent., many Jews came under the influence of Shabbateanism and in the",,1500,XX
107,VTB_LPL_BSHN,Vitebsk,Lepel,Beshenkovichi,17EX,17EX,1750,1700,1725,"Jews settled in the first half of the 18th cent. and reached a pop. of 3,182 (total 4,423) in 1897, dropping to 1,487 in 1926 in the wake of internal migration under the Soviets. A J. council, established in 1",,1700,EX
108,PRU_PSN_BTSC,Preussen,Miedzyrzecz,Betsche,,17MX,1775,1750,1750,"Germany, today Poland. By the mid-18th century, there was a J. community and several renowned rabbis were active here. The J. pop. reached a peak in 1840, numbering 173 (12% of the local pop.). It dropped to",,1700,MX
109,KVN_KVN_BTYG,Kovno,Kovno,Betygola,18LX,1923,1923,1923,1923,"The J. pop. in 1923 was 85 (25% of the total). When Germany invaded in June 1941, there were 11 J. families. Lithuanian nationalists took control of B., banished the Jews to two nearby J. estates, gathered them al",,1900,
110,RDM_OPC_BLCZ,Radom,Opoczno,Białaczów,,1860,1860,1860,1860,Jews first settled here in 1860 and were affiliated with the community at Zarnow. The majority were Gur and Aleksander Hasidim. The 100-member J. community in 1939 grew to 350 with the influx of refugees by 1941. In Oct.,,1800,
111,SDL_BLA_BLPD,Siedlce,Biala,Biała Podlaska,,16EX,1650,1600,1625,"An organized community with a synagogue and cemetery existed in the first half of the 17th cent., under the jurisdiction of Brest-Litovsk. The community prospered and grew rapidly in the 18th cent. The well-to-do",,1600,EX
112,PTR_RVA_BLRW,Piotrkow,Rawa,Biała Rawska,,17LX,1800,1775,1775,"Jews lived in B. from the late 18th cent. By the 1920s, 1,429 Jews lived there (61% of the total) and Jews owned the majority of its 66 stores.In Oct. 1941 the 4,000 J. inhabitants and refugees were ghettoized and on",,1700,LX
113,RDM_RDM_BLBR,Radom,Radom,Białobrzegi,,18EX,1850,1800,1825,"Jews settled in the early 19th cent., numbering 436 in 1857 and 1,418 (total 2,419) in 1921. In 1910 a great fire destroyed 100 J. homes and the synagogue. The community recovered with assistance from the Jews of Rad",,1800,EX
114,RDM_KNS_BLGN,Radom,Kielce,Bialogon,,1921,1921,1921,1921,"The J. pop. in 1921 was 252 (total 1,200). The 400 Jews present in 1942, including refugees, were probably deported by the Germans to the Treblinka death camp in Sept. 1942.",,1900,
115,GLC_TRN_BLYK,Galicia,Zloczow,Bialykamień,,1629,1629,1629,1629,"Jews are recorded from 1629 andby the endof the 17th cent.had organizedan independent community, with a pop. of 1,901 out ofa total 3,511 in 1880. Most were tradesman hawking their w",,1600,
116,GRD_BLST_BLST,Grodno,Bielostok,Bielostok,17EX,17EX,1750,1700,1725,"Jews were encouraged to settle in the early 18th cent. by the town's proprietor, Count StephanBranicki. In 1745 the community separated itself from the Tykocin (Titkin) community and became independent. Communal affa",נהייתה קהילה עצמאית מטיקוצין ב 1745,1700,EX
117,GLC_CRC_BCZ,Galicia,Gorlice,Biecz,,17XX,1800,1700,1750,"Only under Austrian rule in the 18th cent. were residence and trade restrictions lifted and a permanent community formed. Jews dealt in cattle, hides, iron, farm produce, and crude oil and were active in light industry. An",,1700,XX
118,WRS_LVC_BLWY,Warszawa,Lowicz,Bielawy,,17XX,1800,1700,1750,A J. community existed from the 18th cent. and numbered 176 in 1857. In early 1941 the Jews were expelled to Warsaw by theGermans and suffered the fate of the Jews there.,,1700,XX
119,VLN_LDA_BLTS,Vilna,Lida,Bielitsy,15EX,15XX,1600,1500,1550,"Jews apparently arrived in the 16th cent., engaging in the lumber trade and opening hostels near the town. Their pop. reached a peak of 679 (total 1,686) in 1897 but fell to 483 in 1921. Between the Wor",המזרחי,1500,XX
120,KHR_SMY_BLPL,Kharkov,Sumy,Bielopole,1721,1897,1897,1897,1897,"The J. pop. was 105 (1% of the total) in 1897 and 125 in 1939. The Germans arrived on 7 Oct. 1941, registering 30 Jews. In early 1942, the Jews were sent to labor in the peat bogs. Afterwards they were sent to Konotop",,1800,
121,PLC_PLT_BLSK,Plock,Plock,Bielsk,,18XX,1900,1800,1850,"The J. community began to develop initially under the auspices of Plock in the 19th cent. Most of the J. craftsmen were tailors and some farmed. Many fled during WWI. The J. pop. reached 249 in 1921 (total 1,573) and drop",,1800,XX
122,GLC_CRC_BL,Galicia,Bielsk,Biała,,16MX,1675,1650,1650,"The two cities, on opposite banks of theBiala River, had a closely intertwinedhistory. Jews settled in Bielsko in the second half of the 17th cent. but the community only began to",,1600,MX
123,PLC_SRP_BZN,Plock,Sierpc,Bieżuń,,18EX,1850,1800,1825,"By the beginning of the 19th cent. the Jews constituted an independent community. In WWI they suffered greatly from both Cossack and German invaders. After the war, when the J. pop. reached 779 (total 2,344), there was inc",,1800,EX
124,VLH_ZHT_BYKV,Volhynia,Zhitomir,Bykovka,18MX,1897,1897,1897,1897,"Jews numbered 92 in 1897 and 151 (total 1,872) in 1939. The Germans captured B. on 9 July 1941, murdering the few Jews who had neither escapednor been evacuated.",,1800,
125,GLC_TRN_BLCZ,Galicia,Brody,Bilcze Złote,,1941,1941,1941,1941,"Between 20 and 30 J. families lived heremostly as farmers over the years. With the Russian retreat in 1941, their Ukrainian neighbors terrorized them and theGermans expelledthemin 1942 to nearbyBorszc",,1900,
126,LBL_BLG_BLGR,Lublin,Bilgoraj,Biłgoraj,,15LX,1600,1575,1575,"The J. settlement was one of the oldest in the Lublin area, dating from the late 16th cent.It was destroyedin the Chmielnicki massacres of 1648-49 and renewed in the 18th cent. Early in the 18th cent, the Kronenberg fam",,1500,LX
127,GLC_LWW_BRCZ,Galicia,Dobromil,Bircza,,1577,1577,1577,1577,"A single J. family is mentioned as early as 1577, but the community only developed in the 19th cent., growing to 1,050 or half the total by 1900. The Jews sufferedrape andpillage at the hands of",,1500,
128,KVN_PNV_BRZH,Kovno,Poneviezh,Birzhi,16EX,16EX,1650,1600,1625,"Jews first settled in B. at the turn of the 17th cent.They wereinvited to develop the economy by nobles of the Radziwill family, who owned theland. The first Jews to arrive wereKaraites, with Rabbanite Jews following in",,1600,EX
129,PRU_OST_BSCH,Preussen,Reszel,Bischofsburg,,18XX,1900,1800,1850,"Germany, today Poland. J. settlement startedprobably only in the 19th cent. In 1871, the J. pop. numbered 134, declining to 79 in 1905. The community maintained a synagogue and a cemetery. On the eve of the",,1800,XX
130,PRU_WST_BSCH,Preussen,Susz,Bischofswerder,,17MX,1775,1750,1750,"Germany, today Poland. Jews settledin B. in the mid-18th cent. They numbered 18 families in 1812 and 190 individuals in 1880. By 1925, the J. pop. came to 35. The community maintained a synagogue (from abo",,1700,MX
131,LBL_LBL_BSKP,Lublin,Lublin,Biskupice,,17MX,1775,1750,1750,"A small J. community was present in the mid-18th cent., growing to 543 (total 1,476) in 1897 but dropping to 129 in 1921 after many left in WWI. Under the German occupation from Sept. 1939,refugees swelled the J. pop.",,1700,MX
132,KLS_KLS_BLSZ,Kalisz,Kalisz,Błaszki,,1764,1764,1764,1764,"By 1764, 56 Jews earned their living here from trading in grain, seeds, and export of eggs. The J. pop. in 1921 was 2,186 (56% of the total). Antisemitic manifestations were frequent in the 1930s. In Dec. 1939 the Jews wer",,1700,
133,WRS_GRT_BLND,Warszawa,Grojec,Blenduv,,1820,1820,1820,1820,"Jews appeared with the founding of the town as an industrial settlement in the 1820s. With the decline of the weavingindustry they turned to small businesses and crafts and from the 1920s, when the J. pop. reached 815 (o",,1800,
134,KIV_RDM_BBR,Kiev,Radomysl,Bober,18EX,1878,1878,1878,1878,"B. was a J. agricultural colony in the 19th cent. with a pop.of eight J. families in 1878. In 1897 Jews numbered 208 (total 633 residents) and engaged mostly in fishing. In 1926, under the Soviets, the J. pop. was 99. The N",,1800,
135,GLC_CRC_BBW,Galicia,Grybow,Bobowa,,1765,1765,1765,1765,"A community of 44 families lived there in 1765. In 1893 the hasidic Bobow dynasty established its court in B., creatingadditional sourcesof income.A yeshiva accommodating 300 students was also establishedand",,1700,
136,MGL_SNN_BBR,Mogilev,Sienno,Bobr,17EX,17EX,1750,1700,1725,"Jewsprobably settled in the first half of the 18th cent., numbering 168 in 1766 and 1,479 (total 2,483) in 1897. In 1926, under the Soviets, their number fell to 1,018. Some Jews worked in agriculture. A J. kolkhoz founde",,1700,EX
137,KHR_ELZ_BBRN,Kherson,Elizavetgrad,Bobrinets,18EX,18EX,1850,1800,1825,"Jewsprobably settledin the early 19th cent. andnumbered3,481 (total 14,281) in 1897. Two talmudei torah existed by the 1880s. In the Soviet period, the J. pop. dropped to 2,265 in 1926 and 654 in 1939. The Germans",,1800,EX
138,GLC_LWW_BBRK,Galicia,Bobrka,Bóbrka,,16LX,1700,1675,1675,"The community, probably founded in the late 17th cent., was based mainly on trade and crafts and included a number of wealthy merchants at the turn of the 19th cent.The J.pop. in 1900 was 2,500",,1600,LX
139,CRN_KZL_BBRV,Chernigov,Kozelets,Bobrovitsa,18MX,18LX,1900,1875,1875,"Jews settled in the latter half of the 19th cent. and numbered 671 (total 5,120) in 1897. Anton Denikin's White Army staged a continuing pogrom from Dec. 1919 to Feb. 1920. In 1939, 122 Jews remained. After their a",,1800,LX
140,KHR_KHR_BBRV,Kherson,Kherson,Bobrovyi Kut,1807,1807,1807,1807,1807,"B. was founded in 1807 by Jews from Mogilev. The J. pop. was 408 in 1810 and 1,248 (total 1,469) in 1897. Aside from farming, the few dozen families here engaged in crafts (as cobblers, etc.). A kolkhoz was esta",,1800,
141,LBL_PLW_BBRW,Lublin,Pulawy,Bobrowniki,,17XX,1800,1700,1750,"In the absence ofresidencerestrictions, Jewswereprobably presentin theMiddle Agesbut apparently only formed an organized community in the 18th cent. Their pop. dropped from 519 in 1857 to 282 (total 1,273) in 1897 aft",,1700,XX
142,MNS_BBR_BBRS,Minsk,Bobruisk,Bobruisk,1776,1776,1776,1776,1776,"The J. pop. grew from 359 in 1776 to 8,866 in 1861 and 20,759 (total 34,336) in 1897. In the late 19th cent. J. breadwinners included 87 wholesale merchants, 1,706 petty traders, 70 farmers, 2,438 artisans, 1,034 d",,1700,
143,VTB_LPL_BCHK,Vitebsk,Lepel,Bocheikovo,18MX,1897,1897,1897,1897,"The J. pop. was 323 (total 722) in 1897 and 183 in 1923 under the Soviets. In 1925, seven J. families earned their livelihoods in agriculture. The Germans occupied the town in July 1941andmurderedin Feb. 1942 tho",,1800,
144,GLC_CRC_BCHN,Galicia,Bochnia,Bochnia,,12XX,1300,1200,1250,"Jews settled in the 13th cent. following the discovery of salt mines and were active in the trade. The organized community was accorded a number of privileges in 1555, but in 1605, following a Host desecration libel, the",,1200,XX
145,GRD_BLS_BTSK,Grodno,Bielsk,Botski,15EX,15XX,1600,1500,1550,"Founded in the 16th cent., the J. settlement was one of the oldest in Poland. Many Jews ran inns and the more substantial merchants dealt in grain, cattle, and hides andhelpeddevelopPoland's economy,expor",,1500,XX
146,PLC_PLT_BDZN,Plock,Plock,Bodzanów,,18LX,1900,1875,1875,"community existed from the late 19th cent. In 1919, Jews were plundered and maltreated by Polish soldiers and later suffered economic hardship. The J. pop. in 1921 was 807 (total 2,093) In March 1941 they were exp",,1800,LX
147,KLC_KLC_BDZN,Kielce,Kielce,Bodzentyn,,18EX,1850,1800,1825,"Jews first settled in the early 19th cent. They numbered 934 (total 3,039) in 1921 and 700 on the eve of the German occupation in Sept. 1939. Their numbers increased to 1,400 with the arrival ofrefugeesin 1940. All wer",,1800,EX
148,POD_BLT_BGCH,Podolia,Balta,Bogachevka,1850,1850,1850,1850,1850,"B. was founded as a J. farm settlement in 1850 and had a pop. of 84 families (418 people, including 146 children). In 1897, the pop. was 506 (all Jews) and in 1926, 2,578 (including 326 Jews). A three-grade J. school",מושבה חקלאית יהודית,1800,
149,RDM_SND_BGR,Radom,Opatow,Bogoria,,1789,1789,1789,1789,"A J. community of 125 was present in 1789. At the turn of the 18th cent., it built a wooden synagoguerenowned for its mirrored ceiling and decorative walls. The J. pop. rose to 450 (total 1,189) in 1921. Many fled eastwa",,1700,
150,MGL_ORS_BGSH,Mogilev,Orsha,Bogushevsk,1811,1811,1811,1811,1811,"The J. pop. was 144 in 1811 and 569 (total 3,280) in 1939. In the Soviet period, a J. elementary school (four grades) was active in the town. Prior to the arrival of the Germans in July 1941, some Jews fled. On 5",,1800,
151,KIV_KNV_BGSL,Kiev,Kanev,Boguslav,16EX,16EX,1650,1600,1625,"J. settlement commencedin the early 17th cent., with the J. pop. reaching 574 in 1765 and 7,445 in 1897. R. Hirsch Menahem and R. Moshe Eikel were among the wellknown rabbis who officiated and were buried in the city. Bo",,1600,EX
152,GLC_STN_BHRD,Galicia,Bohorodczany,Bohorodczany,,16LX,1700,1675,1675,"Jews appear with the founding of the town at the end of the 17th cent. The community grew to a peak of 2,505 (total 4,781) in 1890, after which a decline set in. In the 19th and e",,1600,LX
153,KIV_ZVN_BRK,Kiev,Zvenigorodka,Boiarka,1765,1765,1765,1765,1765,"Jews numbered 13 in 1765 and 721 in 1897.B. attractedJ. summer vacationers, among them the historian Simon Dubnow (1860-1940). Shalom Aleichem (1859-1916) lived and wrote in the town for many years. In July and Sept. 1919",,1700,
154,GLC_STN_BLCH,Galicia,Dolina,Bolechów,,1612,1612,1612,1612,Jews appeared with the founding of the town in 1612 and enjoyed equal rights under its proprietors. The town was burned by the Tartars in 1669 and capturedby the Swedes at the beginning of the 18th c,,1600,
155,BSS_IZM_BLGR,Bessarabia,Izmail,Bolgrad,1869,1869,1869,1869,1869,"It is not known precisely when the Jews began to settle in B. In 1869, the Turks, who controlled B. from 1856 to 1878, tried to expel them from the town. A synagogue and a prayer house for craftsme",,1800,
156,WRS_LVC_BLMW,Warszawa,Lowicz,Bolimów,,17MX,1775,1750,1750,"In themid-18th cent. a number of J. innkeepers settled here. The community numbered 339 in 1897. Many of the J. artisans were carpenters.In WWI, after heavy fighting and the use ofpoison gas, B. was in ruins and the Jews fle",,1700,MX
157,KHR_ANN_VRDV,Kherson,Ananev,Vradievka,18LX,1939,1939,1939,1939,"The J. pop. in 1939 was 481 (total 7,022). The town was captured by the Germans in Aug. 1941 and by early Sept. 6,500 Jews from the region were murdered near the village of Berezki. The Rumanians expelled tho",,1900,
158,KHR_KHR_BLSH,Kherson,Kherson,Bolshaia Aleksandrovka,18LX,18MX,1875,1850,1850,"Jews settled in the mid-19th cent and numbered111(total 6,266)in 1939.TheGermansoccupied B. on 28 Aug. 1941 and probably murdered 124 local residents in Sept., most of them Jews.",,1800,MX
159,KIV_BRD_BLSH,Kiev,Berdichev,Bolshie Nizgurtsy,1897,1897,1897,1897,1897,"The J. pop. was 339 in 1897 and 114 (total 1,472) in 1926 under the Soviets. The Germans capturedB. in Aug. 1941.Most of theJewsperishedin theHolocaust.",,1800,
160,TRD_BRD_BLSH,Taurida,Berdiansk,Bolshoi Tokmak,18EX,1897,1897,1897,1897,"Jews numbered 2,421 (total 19,326) in 1897 and 1,356 in 1939 under the Soviets. The Germans arrived on 7 Oct. 1941, murdering 837 people (most of them Jews) on the outskirts of the city and 1",,1800,
161,GLC_STN_BLSZ,Galicia,Rohatyn,Bołszowce,,1635,1635,1635,1635,"Jews are recorded from 1635 with an independent community in the late 18th cent. The sufferings of WWI led to a radical decline in the J. pop., from 2,256 (60% of the total) in 1900 to 825 (40%)",,1600,
162,VLH_DBN_MKHL,Volhynia,Dubno,Mikhailovka,1782,1782,1782,1782,1782,"Jews settled shortly before 1782 and numbered 1,047 in 1897 and 857 (95% of the total) in 1921. Olyka and Turzysk Hasidim had their own synagogues and the Zionists were active from the early",תנועה ציונית פעילה,1700,
163,MNS_BRS_BRSV,Minsk,Borisov,Borisov,15EX,15XX,1600,1500,1550,"J. settlement began in the 16th cent. The community was one of the most important in Lithuania at the time, with a pop. of 266 in 1766. In 1811, the J. pop. was 865,rising to 7,722 (total 15,063) in 1897. Israel's fift",,1500,XX
164,KIV_KIV_BRDN,Kiev,Kiev,Borodianka,1765,17XX,1800,1700,1750,"Jews settled in the 18th cent., numbering 353 in 1765 and 621 in 1897. Most were Hasidim. In fall 1917, Jews were attacked by gangs and on 23 Feb. 1923, by Petlyura's bands. Two were murdered. In 1939, under the Soviet",,1700,XX
165,POD_LMP_BRVK,Podolia,Lampol,Borovka,1784,1784,1784,1784,1784,"Jews numbered 48 in 1784 and 126 in 1847. A J. kolkhoz founded in 1929hadapop. of 419 in 1931.A J. elementary school was opened in the mid-1920s and a J. rural council was establishedin 1931.In 1939, the J. pop. was 2",,1700,
166,GLC_CRC_BRW,Galicia,Mielec,Borowa,,1921,1921,1921,1921,"The Jews numbered 186 (total 1,256) in 1921. Restriction of movement and confiscation of property under the Germans in WWII left them without a means of livelihood. The community wasexpelledto Radomyslandwerecaught up in",,1900,
167,KIV_SKV_BRSH,Kiev,Skvira,Borshchagovka,1763,1763,1763,1763,1763,"Four J. families were present in 1763. The J. pop. was 1,853 (total 3,196) in 1897, dropping to 230 in 1926 after most Jews left in the wake of a pogrom staged on 3 July 1919. Twelve families (50 Jews) remained",,1700,
168,GLC_TRN_BRSZ,Galicia,Brody,Borszczów,,16XX,1700,1600,1650,"Though thereis evidence of J.settlement in the 17th cent., significant development can only be traced to the 18th cent., with the pop. reaching a peak of 1,808 in 1890 (out of a total 4,331). Emigration, mostly to the",,1600,XX
169,GLC_LWW_BRYN,Galicia,Turka,Borynia,,1880,1880,1880,1880,"In 1880 there were 86 Jews in a pop. of 1,323. With the arrival of the Gestapo a few months after the Germans took the town on 1 July 1941,theJews were systematically murdered through the end of 1942. Only a",,1800,
170,PLT_PRS_BRSP,Poltava,Pereiaslav,Borispol,16EX,16XX,1700,1600,1650,"Jews settled in the 17th cent.but the community endedin the Chmielnicki massacres of 1648-49. Jews were injured and J. property was looted in peasant rioting in July 1881. In 1897, the J. pop. was 1,094. The Zionists be",נחרבה עי חמילנצקי ואז שוקמה,1600,XX
171,CRN_BRZ_BRZN,Chernigov,Borzna,Borzna,17LX,17LX,1800,1775,1775,"Jews in small numbers were present in the late 18th cent. The J. pop. began to grow in the mid-19th cent., reaching 1,516 (total 12,526) in 1897. Jews were attacked and J. property was pillaged in a pogrom on 8-9 Aug.",,1700,LX
172,MNS_RCH_BRGN,Minsk,Riechitsa,Bragin,16MX,16MX,1675,1650,1650,"Jews are first mentionedin the mid-17th cent. Jews were victimized in theChmielnicki massacresof 1648-49 andinHaidamak attacks in 1750. Their pop. was 260 in 1765 and 2,254 (total 4,311) in 1897. In the Soviet period",,1600,MX
173,POD_VNN_BRLV,Podolia,Vinnitsa,Brailov,17EX,1765,1765,1765,1765,"Jews numbered 638 in 1765 and 3,721 in 1897. On 10 July 1919, the Petlyura gangs attacked Jews and looted J. property. The J. pop. fell to 2,393 in 1926. A J. council was activein the Sovietperiod. The Germans capture",,1700,
174,LMZ_OST_BRNS,Lomza,Ostrov,Branshchik,18LX,1921,1921,1921,1921,"The J.pop. in 1921 was 140 (total 731). The Jews were expelled by theGermansin fall 1939 to Wyszkow andotherplaces, sharing the fate of the local Jews.",,1900,
175,KVN_NVL_BRSL,Kovno,Novoaleksandrovsk,Braslav,15MX,15MX,1575,1550,1550,"A few J. families were present in the mid-16th cent. The community grew in the 19th cent., with J. merchants dealing mainly in flax and grain and others operating inns. The J. pop. reached 1,234 (total 1,501) in 1897. By",,1500,MX
176,KHR_ALK_BRTL,Kherson,Aleksandriia,Bratoliubovka,18EX,18EX,1850,1800,1825,"The J. pop. was 1,193 (total2,330) in 1897, with one of the community's two synagogues built in the early 19th cent. A talmud torah enrolled 20 children at the turn of the cent. The J. pop. dropped rapidly afte",,1800,EX
177,KHR_ELZ_BRTS,Kherson,Elizavetgrad,Bratskoe,18EX,1897,1897,1897,1897,"Jews numbered 241 (total 1,403) in 1897 and 203 in 1939. The Germans capturedB. on 7 Aug. 1941 andin Oct., they murdered26 local families and 24 from Bukovina and the WesternUkraine on the road leading to the village o",,1800,
178,POD_BRT_BRTS,Podolia,Bratslav,Bratslav,14EX,16EX,1650,1600,1625,"Jews settled in the 15th cent. In 1479, 400 were killed in a Tartar attack and the town was abandoned by the Jews until the early 17th cent. In 1648, the Jews were murdered in the Chmielnicki massacres of 1648-49, inc",,1600,EX
179,PRU_OST_BRNS,Preussen,Braniewo,Braunsberg,,1744,1744,1744,1744,"Germany, today Poland. The first evidence of Jews dates from 1744. By 1884, the community had grown to 169 members, dropping to 99 in 1905 and to about 50 by 1925. The community maintained a synagogue (1855) a",,1700,
180,GRD_BRS_BRST,Grodno,Brest-Litovsk,Brest-Litovsk,13MX,13MX,1375,1350,1350,"Jews probably began to settle in the mid-14th cent., receiving a liberal charter from the Lithuanian Prince Vitold in 1388 that served lat",,1300,MX
181,EKT_SLV_BRNK,Ekaterinoslav,Slavianoserbsk,Brianka,18LX,1939,1939,1939,1939,"The J. pop. in 1939 was 545 (total37,021). After their arrival on 12 July 1942, the Germansmurderedtheremaining Jews.",,1900,
182,ORL_BRN_BRNS,Orel,Briansk,Briansk,14EX,14XX,1500,1400,1450,"Jews lived in B. in the 15th cent.but their residencewasbannedin the following centuries and only renewedin the late 19th cent.A burial society (hevra kaddisha) was founded in 1877 and a talmud torah was active. In 1897,",,1400,XX
183,BSS_KHT_BRCH,Bessarabia,Khotin,Brichany,1760,1760,1760,1760,1760,"Jews first settled in 1760. A J. social body, the Society for Assisting the Poor, was organized only in the 19th cent. and served as asubstitute for a community. J. artisans set up an organizatio",,1700,
184,BSS_SRK_BRCH,Bessarabia,Soroki,Bricheva,1836,1836,1836,1836,1836,Jews from Yekaterinoslav (Dnepropetrovsk) were the first to settle in this J. colony in 1836 (or 1838) and engage in agriculture. At the end of the 19th cent. there were 83 families with seven (,"מושבה חקלאית, היהודים הגיעו מיקטרינוסלב",1800,
185,PRU_WST_STRS,Preussen,Brodnica,Strasburg,,1772,1772,1772,1772,"Jews arrived after the First Partition of Poland in 1772, when B. became part of Prussia. They were active in the hideprocessing trade as part of Frederick the Great's effort to develop the town's economy. After the",,1700,
186,GLC_TRN_BRDY,Galicia,Brody,Brody,,15LX,1600,1575,1575,"Jews settled when B. was founded in the late 16th cent. and enjoyed extensive privileges. Many fell victim to the plague following the Cossack siege of 1648 and the Tartarinvasion of 1651,but the community co",,1500,LX
187,LMZ_OST_BRK,Lomza,Ostrov,Brok,16EX,16XX,1700,1600,1650,"Jews from Plock first settled in the 17th cent. With the town's development asaresortat the endof the 19thcent. they enjoyednew economic horizons, including the baking of matzot, which were marketed in the large towns. M",,1600,XX
188,GLC_STN_BRZN,Galicia,Dolina,Brożniów,,1921,1921,1921,1921,"The town developedin the 20th cent. aroundits lumber industry, with 226 Jews (total pop. 1,631) in 1921. Zionist activity was extensive between the World Wars. The community was probably expelled to Do",,1900,
189,CRN_OST_BRVR,Chernigov,Oster,Brovary,1897,1897,1897,1897,1897,"J. residence was bannedfor a long time becauseof the town's proximity to Kiev. In 1897, the J. pop. was 888 (total 3,817). Pogroms were staged against the Jews in March 1918 andFeb. 1919. In 1939, under the Soviets, the",היה אסור ליהודים להתיישב במשך תקופה ארוכה בגלל הקרבה לקייב,1800,
190,KVN_PNV_BRNV,Kovno,Poneviezh,Brunovishki,1860,1860,1860,1860,1860,A small community was founded in the 1860s. The J. pre-WWII pop. was 14 (total 85) The Jews were murdered by the Germans at the outset of their occupation in 1941.,,1800,
191,KIV_RDM_BRSL,Kiev,Radomysl,Brusilov,1622,1622,1622,1622,1622,"Jews are first mentioned in 1622. The community ended in the Chmielnicki massacres of 1648-49 and was subsequently reestablished. The J. pop. was 523 in 1787 and 3,575 (total 6,703) in 1897. The pop. dwindled in the",,1600,
192,WRS_VLT_BRZS,Warszawa,Wloclawek,Brześć Kujawski,,15EX,1550,1500,1525,"Dating from the early 16th cent., the community suffered greatly during the Swedish invasionin themid-17th cent. andwas confined to a special quarter from 1822 to 1862. Between the World Wa",,1500,EX
193,KLC_MKH_BRZS,Kielce,Miechow,Brzesko Nowe,,18LX,1900,1875,1875,"Jews were allowed to settle in B. in the late 19th cent. and numbered 457 (total 1,845) in 1921. Difficult economic conditions between the World Wars reduced the J. pop. to about 300 when the Germans c",,1800,LX
194,GLC_TRN_BRZZ,Galicia,Brzezany,Brzeżany,,1530,1530,1530,1530,Jews may have been among the first settlers in the town when it was founded in 1530 and soon were monopolizing trade. The community became independent in 1638 and in 1718 built a luxurious,,1500,
195,GLC_CRC_BRZS,Galicia,Pilzno,Brzostek,,17LX,1800,1775,1775,"Jews first settled in the late 18th cent. under Austrian rule, but the isolation of the town and the hostility of the local pop. slowed the development of the community, which reached a peak pop. of 514 in 1910 (35% of t",,1700,LX
196,GRD_GRD_VLKB,Grodno,Grodno,Velikaia Berestovitsa,18MX,18LX,1900,1875,1875,"About 1,100 Jews were present during the second half of the 19th cent. By 1921 their pop. fell to 720 (total 1,371) as their economic position deteriorated under discriminatory government pol",,1800,LX
197,GLC_LWW_BRZZ,Galicia,Bobrka,Brzozdowce,,16LX,1700,1675,1675,The community apparently dates from the late 17th cent. and numbered around 500 (a fifth of the total) at the end of the 19th cent. The Germans transferred the Jews to the Bobrka ghetto,,1600,LX
198,PRU_PMM_BBLT,Preussen,Pommern,Bublitz,,1728,1728,1728,1728,The first J. family is mentioned in 1728. The community reached a peak pop. of 189 in 1861 and maintained a cemetery and a synagogue. The latter as well as J. houses sufferedin the antisemitic,,1700,
199,GLC_TRN_BCZC,Galicia,Buczacz,Buczacz,,1500,1500,1500,1500,"A J. presence 1s noted from 1500 and Jews were among the town's defendersduring theChmielnicki massacres of 1648-49 andtheTurkish warsof 1672-75.The Jews enjoyed various privileges and the community grew,",,1500,
200,MGL_RGC_BDKS,Mogilev,Rogachev,Buda Koshelevo,18LX,18LX,1900,1875,1875,"The J. settlement developed after the Gomel-Minsk railway line was completed in the late 19th cent. In 1924, under the Soviets, an agricultural cooperative including 11 J. families was setup. Three kolkhozes we",,1800,LX
201,GLC_TRN_BDZN,Galicia,Czortkow,Budzanów,,1628,1628,1628,1628,"The first Jews are mentioned in 1628 and an organized community existed by the early 18th cent., with the pop. growing to around 1,700 (nearly a third of the total) by the end of the 19th.",,1600,
202,LBL_LBR_BDZS,Lublin,Lukow,Budziska,,1921,1921,1921,1921,"The J. pop. was 119 in 1921 (total 425). Most were employed in the Perlis factories in Baczki and Ostrowsk. In Sept. 1942, the Germans deported the Jews to the Sobibor death camp via Baczki.",,1900,
203,PRU_PMM_BTW,Preussen,Pommern,Bütow,,1720,1720,1720,1720,"Jews began to settle in B. after 1720. In 1812, there were already 34 J. families, and by 1889 the J. pop. reached its peak of about 550 (about 10% of the total). The community established a synag",,1700,
204,PRU_PSN_BK,Preussen,Grodzisk,Buk,,1793,1793,1793,1793,"A J. settlement existed at thebeginning ofPrussianrule in 1793. A year-oldsynagogue was destroyed in 1848 by rioting Poles, when 60 J. families lost their property.A new synagogue and a J. elementary school were opened in the",,1700,
205,GLC_STN_BKCZ,Galicia,Rohatyn,Bukaczowce,,17XX,1800,1700,1750,"A permanent J. community developed during the 18th cent., growing to a peak pop. of 1,216(50% of thetotal) in 1900.The sufferings of WWI and its aftermath led to adrop in the J. p",,1700,XX
206,MNS_MZY_BKCH,Minsk,Mozyr,Bukcha,18MX,1897,1897,1897,1897,"The J. pop. was 123 (total 635) in 1897. In the early 1920s, Jews earned their livelihoods as farmers and artisans. The Germans captured B. in July 1941 and murdered the Jews still there.",,1800,
207,KIV_UMN_BK,Kiev,Uman,Buki,1847,1847,1847,1847,1847,"Jews numbered 1,182 in 1847 and 2,298 (total 3,923) in 1897. A talmud torah and a private school for girls were founded in 1909. On 12-14 May 1919, Ukrainian gangs attacked Jews. In 1939, under the Soviets, the J. pop. was 5",,1800,
208,GLC_LWW_BKWS,Galicia,Sanok,Bukowsko,,17XX,1800,1700,1750,"Jews settled in the 18th cent., much of their livelihood revolving around the town's annual trade fairand later bolstered by the establishment of a dominant hasidic court connected with the Dynow dynasty. T",,1700,XX
209,GLC_TRN_BRKN,Galicia,Trembowla,Burkanów,,1921,1921,1921,1921,The J. pop. in 1921 was 110. The Jews were murdered locally or expelled to Podhajce for liquidation in fall 1942.,,1900,
210,GLC_STN_BRSZ,Galicia,Rohatyn,Bursztyn,,16EX,1650,1600,1625,Jews probably arrived in the early 17th cent. and enjoyed relatively secure conditions under the Polish kingdom. A committee for the redemption of prisoners was particularly active in the face of Tar,,1600,EX
211,GLC_TRN_BSK,Galicia,Kamionka,Busk,,1454,1454,1454,1454,"Jews are already mentioned in 1454 and lived in relative security until the Chmielnicki massacres of 1648-49, which claimed around 100 J. lives. In the 18th cent., Jakob Frank (1726-91) visited the town and",,1400,
212,KLC_STP_BSK,Kielce,Stopnica,Busk,,18LX,1900,1875,1875,"Jews settled in the late 19th cent., numbering 895 in 1897 and 1,464 (total 3,949) in 1921. Some became involved in the tourist trade with B.'s development as a health resort. A synagogue was established in 1930. In 1933,",,1800,LX
213,GLC_LWW_BTL,Galicia,Turka,Butla,,1921,1921,1921,1921,The J. pop. in 1921 was 182. The Jews were deported via Turka or directly to the Belzec death camp in the second halfof 1942.,,1900,
214,VLN_TRK_BTRM,Vilna,Troki,Butrimantsy,,1897,1897,1897,1897,"B., one of Lithuania's first J. communities, had a J. pop. of 1,919 (80% of the total) in 1897. Zionism was strong already in the Hovevei Zion period. With Lithuania's independence in 1918, a commu","מהקהילות העתיקות בליטא, פעילות של חובבי ציון, אגודת ישראל, קומוניסטים",1800,
215,KLS_SRD_BRZN,Kalisz,Sieradz,Burzenin,,1793,1793,1793,1793,Jews first settled here in 1793; by 1884 the community had grown to 329. In 1941 the 180 Jews were deported to the ghetto in nearby Zdunska Wola.,,1700,
216,KHR_TRS_BZNV,Kherson,Tiraspol,Buzinovo,18EX,1897,1897,1897,1897,"The J. pop. was 235 (total 760) in 1897 and 63 in 1926. After occupying the town on 10 Aug. 1941, theNazis murdered the few Jews who had neither fled nor been evacuated.",,1800,
217,LBL_LBL_BYCH,Lublin,Lublin,Bychawa,,16MX,1675,1650,1650,"Jews were present in themid-17th cent.,their pop. growing to 1,447 (total 1,837) in 1884. R. Nehemia Yehiel Rabinowitz, son of R. Yaakov Yitzhak of Przysucha (the holy Jew), founded a hasidic dynasty in B. in the mid-1",,1600,MX
218,PRU_PSN_BRMB,Preussen,Bydgoszcz,Bromberg,,1346,1346,1346,1346,Jews were invited to settle by King Casimir the Great in 1346 and engaged in the grain trade with Danzig (Gdansk). In 1555 they were expelled by King Sigismund III under local pressure and settled in nearby Fordon. Dur,,1300,
219,MGL_STR_STRY,Mogilev,Staro-Bykhov,Staryi Bykhov,16EX,16EX,1650,1600,1625,"An organized J. community was already in existence in the early 17th cent., suffering in the Chmielnicki massacres of 1648-49. In 1662 the community helped the Polish GeneralGrokhowski against the Russians.In appreci",,1600,EX
220,KIV_KIV_BYSH,Kiev,Kiev,Byshev,1765,1765,1765,1765,1765,"The J. pop. was 142 in 1765 and 597 (total 3,523) in 1897. In 1926, under the Soviets, only 32 Jews remained. Those who had neither fled nor been evacuated perished under the occupation when the Germans arrived on 9 July 1",,1700,
221,VLN_VLN_BYST,Vilna,Vilnius,Bystritsa,18LX,18LX,1900,1875,1875,few J. farmers settledin the late 19th cent. The J. pop. rose to 154 in 1919 as Jews opened stores and workshops between the World Wars. A ghetto was established by the Germans after their arrival i,,1800,LX
222,PTR_BRZ_BRZZ,Piotrkow,Brzeziny,Brzeziny,,16EX,1650,1600,1625,"Jews lived here in the early 17th cent. At the end of the 19th cent., a group of Jews from Moscow who specialized in readymade wear settled there and exported to Russia, China, and Persia. Prior to WWI, B. became a leadin",,1600,EX
223,PRU_PMM_CMMN,Preussen,Pommern,Cammin,,1663,1663,1663,1663,Jewsweretradingin C. asearly as 1663. At thebeginning of the 18th cent. two J. families were given permission to live in the town. The community peakedat 113 membersin 1880 andmaintained a,,1600,
224,BSS_SRK_KPRS,Bessarabia,Soroki,Kapreshty,1853,1853,1853,1853,1853,Jews founded C. in 1853 and engaged in agriculture. Between the World Wars Communists andmembers of Alexandru Cuza's fascist organization incited the local pop. against the J. parasites. The,יהודים הקימו את העיירה,1800,
225,BSS_BND_NVYK,Bessarabia,Bendery,Novye Kaushany,1760,1760,1760,1760,1760,"A J. community existed here in 1760 and up to WWI suffered from poverty. It dwindled from 800 to 500 families,but after the war the economic situationimproved. Six synagogues servedtheZion",,1700,
226,WRS_WRS_CCHW,Warszawa,Warszawa,Cechowka,,1921,1921,1921,1921,"The J. pop. in 1921 was 143 (total 792). All 600 Jews including refugees were expelled by the Germans to the Warsaw ghetto on 27 March 1942, sharing the fate of the Jews there.",,1900,
227,VLN_SVN_TSKN,Vilna,Sventsiany,Tseikiny,18LX,19EX,1941,1900,1925,"A few J. families settled in the early 20th cent., mostly trading in grain and cattle. In Sept. 1941 the Jews were brought by the Germans to Poligany and executed there within a month.",,1900,EX
228,KVN_KVN_CHKS,Kovno,Kovno,Chekishki,17LX,17LX,1800,1775,1775,"Jews first settledat theendof the 18thcent.A conflagration in 1887 left most Jewshomeless.The J.pop. in 1897 came to 432 (65% of the total). In 1915, the retreating Russian army, together with local",,1700,LX
229,BSS_KHT_CHPL,Bessarabia,Khotin,Chepeliutsy,1930,1930,1930,1930,1930,"The J. pop. in 1930 was 200. In Sept. 1941, a group of local rioters enteredall the J. houses, ransacked them, and murdered the entire J. pop. just outside the village.",,1900,
230,WRS_PLN_CZRW,Warszawa,Plonsk,Czerwińsk,,17LX,1800,1775,1775,"J. settlement was banned by the Church proprietors of the village untilPrussianrule in thelate 18thcent.An independent community with asynagogue was formed in the second half of the 19th cent., growing to 358 (total 1,6",,1700,LX
231,LVL_VND_VNDN,Livland,Venden,Venden,1860,1860,1860,1860,1860,"The first J. settlersin the 1860s and 1870s weremostly Cantonists and Lithuanian Jews. In 1897 the J. pop. reached a peak of 368 (total 6,350), dropping to 260 in 1925. Most of the Jews were craftsmen. Many of t",,1800,
232,BSS_AKK_AKKR,Bessarabia,Akkerman,Akkerman,14EX,14XX,1500,1400,1450,"A J. community existed from the 15th cent. The Jews traded in agricultural products. The J. pop. in 1897 was 5,624 (20% of the total). Jews were attacked during a pogrom",,1400,XX
233,GLC_LWW_CWKW,Galicia,Cieszanow,Cewków,,1921,1921,1921,1921,"The J. pop. in 1921 was 150. Those Jews who did not flee to Soviet territory in Sept. 1939 were deported by the Germans to the Belzec death camp in summer-fall 1942, directly or via Oleszyce or Lubaczow.",,1900,
234,KLC_MKH_CHRS,Kielce,Miechow,Charsznica,,1880,1880,1880,1880,"Jews settled during the construction of the local railroad station in the 1880s and numbered 446 (total 1,568) in 1921. In WWI, they were attacked by the railroad workers as well as by Cossack and Polish soldiers. Aft",,1800,
235,VTB_LPL_CHSH,Vitebsk,Lepel,Chashniki,16EX,16XX,1700,1600,1650,"Jews settled in the 17th cent.Their pop. was 215 in 1766 and3,480 (total 4,590) in 1897. In 1910 state-run and private J. schools were in operation. In 1924, under the Soviets, a J. council(soviet) was established",,1600,XX
236,MGL_CHS_CHSY,Mogilev,Chausy,Chausy,1654,1654,1654,1654,1654,"Jews were already present at the time of the Russo-Polish war of 1654. The Russians took many Jews as prisoners and they died far from home, with the municipality confiscating their property. In 1623, King Michael Wi",,1600,
237,POD_OLG_CHCH,Podolia,Olgopol,Chechelnik,17EX,1765,1765,1765,1765,"In 1765 the J. pop. was 485. Jews suffered grievously from Cossack and Haidamak attacks on the town. In 1897, their pop. was 3,388 (total 8,000). In the 1920s, a J. council (soviet) and J. elementary school were es",,1700,
238,MGL_RGC_CHCH,Mogilev,Rogachev,Chechersk,1766,1766,1766,1766,1766,"The J. pop. was 301 in 1766 and 1,700 (total 2,316) in 1897. A synagogue and two prayer houses servedthe community and in 1903 a modernized heder was opened. In 1905, a J. self-defense group was formed. In the first",,1700,
239,LBL_KHL_CHLM,Lublin,Chelm,Chełm,,15XX,1600,1500,1550,"Jews may have been present in the 12th cent. and constituted one of the largest and most important communities in Polandby the 16th cent., standing at the head of an autonomous district. Its first rabbi, Yehuda Aharon, rec",,1500,XX
240,PRU_WST_KLM,Preussen,Chelmno,Kulm,,1772,1772,1772,1772,"J. settlement began after the annexation to Prussia in 1772. By 1815, 11 J. families were living there under protected status, earning a livelihood in the grain trade. Despite the city's antisemitic atmo",,1700,
241,POD_KMN_CHMR,Podolia,Kamenets-Podolsk,Chemerovtsy,1578,1578,1578,1578,1578,"Jews are first mentioned in 1578. In 1897, they numbered 1,231 (41% of the total). In the Soviet period, a J. council and kolkhoz were functioning. In 1939, the J. pop. was 1,139. The G",,1500,
242,KLC_KLC_CHCN,Kielce,Jedrzejow,Chęciny,,15MX,1575,1550,1550,"Jews settled in the mid-16th cent. and in 1602 received a royal privilege lifting all residence restrictions and permitting them to produce and sell alcoholic beverages. In the wake of the mid-17th cent. Swedish war,jus",,1500,MX
243,MGL_SNN_CHR,Mogilev,Sienno,Chereia,16LX,16LX,1700,1675,1675,"Jews settled in the late 17th cent. Their pop. was 399 in 1766 and 1,829 (total 3,039) in 1897, dropping to 1,098 in 1926under theSoviets.A J. elementary schoolwas active. The Germans capturedC. on 4 July 1941. Only",,1600,LX
244,MGL_CHR_CHRK,Mogilev,Cherikov,Cherikov,16EX,16EX,1650,1600,1625,"Jews settled in the early 17th cent., receiving a charter of rights from King Wladyslaw IV in 1648. In the Chmielnicki massacres of 1648-49 Cossack troops attacked the Jewsbut the settlement was renewedanda communi",,1600,EX
245,KIV_CHR_CHRK,Kiev,Cherkasy,Cherkasy,15EX,15XX,1600,1500,1550,"J. settlement commencedin the 16th cent.In 1765, the J. pop. was 171 but Haidamak attacks put an end to the community. The J. pop. again grew in the 19th cent., reaching 10,950 in 1897. Jews contributed significantly to","הוקמה במאה ה16, נחרבה והוקמה מחדש במאה ה 19",1500,XX
246,POD_LMP_CHRN,Podolia,Lampol,Chernevtsy,1784,1784,1784,1784,1784,"Jews numbered 53 in 1784 and 2,274 (total 8,994) in 1897. In the Soviet period, about 200 children attended a J. school in themid-1920s.In thelate 1930s,many of thetown's 400 factory workerswereJewsandsomeworked at",,1700,
247,VLH_ZHT_CHRN,Volhynia,Zhitomir,Cherniakhov,1629,1629,1629,1629,1629,"Jews are first mentionedin 1629.Thecommunity was destroyed in the Chmielnicki massacres of 1648-49 and only in 1721 are Jews mentioned again. In 1897 their pop. was 1,774 (total 3,878). During the Russian civil wa",נחרבה עי חמילנצקי ושוקמה מאוחר יותר,1600,
248,CRN_CHR_CHRN,Chernigov,Chernigov,Chernigov,12EX,12XX,1300,1200,1250,"Jews were present in the 13th cent. A R. Yitzhak (Itze) is known from the period. Jews were again present in the 17th cent. but were periodically expelled, a result of local complaints to thePolish king. All the Je","נחרבה והוקמה מספר פעמים, הוקמה לבסוף בסוף המאה ה 18",1200,XX
249,KIV_RDM_CHRN,Kiev,Radomysl,Chernobyl,16LX,16LX,1700,1675,1675,"An organized J. community under the jurisdiction of the Lithuanian Council existedin the late 17th cent.In 1710 the community was attachedto the Council of theFour Lands. The J. pop. of C. was 696 in 1765 and 5,526 (tot",,1600,LX
250,POD_PRS_CHRN,Podolia,Proskurov,Chernoostrov,17EX,17EX,1750,1700,1725,"Jews settledin the early 18thcent. andnumbered 226 in 1765 and 2,216 (79% of the total) in 1897. In the Soviet period, the J. pop. declined, reaching 1,200 in 1939. The Germans entered the town on 7 Ju",,1700,EX
251,MNS_IGM_IGMN,Minsk,Igumen,Igumen,17LX,17LX,1800,1775,1775,"J. settlement probably commenced in the late 18th cent. In 1794-95 the J. pop. was 91 and in 1897, 2,817 (total 4,573). In the early 1880s, most of the town's 136 registered artisans were Jews.",,1700,LX
252,VLH_ZHT_CHRV,Volhynia,Zhitomir,Chervonnoe,17EX,17XX,1800,1700,1750,"Jews were probably present by the 18th cent. and numbered 711 (total 2,638) in 1897. In the late 1920s, the community had a J. school,rabbi, community head, and a beit midrash converted into a clubroom in 1929 und",,1700,XX
253,KIV_CHG_CHGR,Kiev,Chigirin,Chigirin,16EX,16EX,1650,1600,1625,"J. settlement apparently commenced in the first half of the 17th cent. Shortly after the return of C. to Polish rule in 1758, Jews numbered 66. In 1897, the J. pop. was 2,922 (total 9,872). Throughout the 19th cent",,1600,EX
254,BSS_KSH_KSHN,Bessarabia,Kishinev,Kishinev,1773,1773,1773,1773,1773,"A J. community of 144 families existedhere in 1773. They controlled the trade in proDesecrated religious books being buried, Chisinau (Kishinev), Rumania, 1903 (Central Zionist Archi",,1700,
255,DNV_UST_CHST,Don Voyska,Ust-Medveditskaia,Chistiakova,,1939,1939,1939,1939,"The J. pop. in 1939 was 341 (total49,451). The Germans captured C. on 30 Oct. 1941 and during the occupation, those Jews who had neither fled nor been evacuated perished.",,1900,
256,GLC_STN_CHLW,Galicia,Rawa,Chlewczany,,1921,1921,1921,1921,"The J. pop. in 1921 was 125. The Jews were deported to the Belzec death camp in summerfall 1942, directly or via Rawa Ruska.",,1900,
257,KLC_STP_CHML,Kielce,Stopnica,Chmielnik,,12XX,1300,1200,1250,Jews were present in the 13th cent. The community was virtually wiped out during theSwedishwar of 1656 whenStefan Czarniecki's irregular Polish troops massacred about 150 Jews.The community wasreestablishedin the second,,1200,XX
258,GLC_STN_CHCM,Galicia,Tlumacz,Chocimierz,,1921,1921,1921,1921,The J. pop. in 1921 was 160. The Jews were probably expelled to Tlumacz for liquidation in April-May 1942.,,1900,
259,WRS_VLT_CHDC,Warszawa,Wloclawek,Chodecz,,18EX,1850,1800,1825,Jews probably settled in the first half of 19th cent. and maintained a pop. of around 450 (25% of the total) until after WWI. The Germans arrived in early Sept. 1939.Nearly all J. men were sent to forced labor camps in t,,1800,EX
260,LBL_LBL_CHDL,Lublin,Lublin,Chodel,,18MX,1875,1850,1850,"Jews first settled in the mid-19th cent. and numbered 699 (total 1,439) in 1897. Most of their homes along with the synagogue were destroyed in WWI. In WWII, refugees increased the J. pop. from 770 in 1939 to 1,644 in mid",,1800,MX
261,GLC_LWW_CHDR,Galicia,Bobrka,Chodorów,,1642,1642,1642,1642,"The J. community dates from the 17th cent., with a richly decorated wooden synagogue built in 1642 that was destined to survive almost miraculously the town's many devastating fires and earn a legendary rep",,1600,
262,PTR_BND_CZLD,Piotrkow,Bedzin,Czeladź,,15XX,1600,1500,1550,"A J. community was present in the 16th cent. In the early 18th cent,J. refugees in the cloth trade arrived from Leszno after a fire there. The well-to-do class was encouraged by Frederick the Great after the annexation",,1500,XX
263,PRU_WST_KNTZ,Preussen,Chojnice,Konitz,,1809,1809,1809,1809,Jews were invited to settle under protected status by Frederick the Great and numbered 80 families in 1813. A small wooden synagogue was built in 1809 and a J. elementary school was founded in 1828. A new synagogue w,,1800,
264,GLC_TRN_CHLJ,Galicia,Kamionka,Chołojów,,17EX,1750,1700,1725,"J. families were present in the early 18th cent. The J. pop. grew to 1,139 by 1900 (total 3,965) but fell to 793 after WWI in the wake of Cossack depredations, epidemics, and flight. The community was la",,1700,EX
265,KIV_RDM_CHPV,Kiev,Radomysl,Chopovichi,1897,1897,1897,1897,1897,"The J. pop. was 919 in 1897 and 1,533 (total9,369) in 1926. The Germans captured the city on 10 Aug. 1941. In late Aug., 165 local Jews were murdered on the road to Korosten.",,1800,
266,GLC_TRN_CHRS,Galicia,Husiatyn,Chorostków,,17LX,1800,1775,1775,"Jews wereinvited to settleas tradesmenwith residence rights in the mid-18th cent. and maintained an organized community from the end of the cent. Under Austrian rule, fear of legislation that would se",,1700,LX
267,GRD_BLST_KHRS,Grodno,Bielostok,Khorosh,15MX,15MX,1575,1550,1550,"The first Jews were merchants, settling in the mid-16th cent. and numbering 120 in 1578. The Jews sufferedin the Swedish war of 1655-56 and growth was curtailed when most of them abandoned the town in the wake of de",,1500,MX
268,PLC_PRS_CHRZ,Plock,Przasnysz,Chorzele,,17XX,1800,1700,1750,"A small J. settlement existed in the 18th cent., reaching a pop. of 950 (total 1,868) in 1857. Jews traded with Prussia and leased lakes for the fish trade while J. craftsmen engaged in tailoring, shoemaking, and tannin",,1700,XX
269,PRU_WST_CHRS,Preussen,Sztum,Christburg,,1722,1722,1722,1722,"Germany, today Poland. C. was one of the oldest J. communities in West Prussia, to which it belonged until WWI. Numbering 124 in 1722, the J. pop. grew to 318 in 1858, dropping to 224 individuals in 1885 and 7",,1700,
270,KIV_UMN_KHRS,Kiev,Uman,Khristinovka,17EX,17XX,1800,1700,1750,"A small number of Jews were present in the 18th cent. In 1939, under the Soviets, their pop. was 405. The Germans arrived on 27 July 1941 and murdered the Jews of C. and its environs in the fall.",,1700,XX
271,LBL_INV_CHRZ,Lublin,Janow,Chrzanów,,18LX,1900,1875,1875,"The Jews settled in thelate 19th cent. andnumbered123 (total 2,371)in 1921. They wereprobably deportedby the Germans to theBelzec deathcamp in fall 1942 after expulsion to a nearby ghetto.",,1800,LX
272,VLH_ZHT_CHDN,Volhynia,Zhitomir,Chudnov,15LX,15LX,1600,1575,1575,"Jews settled in the late 16th cent. Although they fled to the fortresses of Polonnoye, Zaslav, and Ostrog in the Chmielnicki massacres of 1648-49, the Cossacks nonetheless massacred them there. The Jews gradually retu",נחרבה עי חמילנצקי ושוקמה מאוחר יותר,1500,LX
273,CRN_NVZ_CHRV,Chernigov,Novozybkov,Churovichi,18MX,18MX,1875,1850,1850,"Jews probably settled in the mid-19th cent., numbering 402 (total 3,611) in 1897 and 227 in 1926 under the Soviets. The Germans arrived on 24 Aug. 1941, murdering about 370 Jews from C. and its environs, many near Klim",,1800,MX
274,GLC_LWW_CHYR,Galicia,Stare Miasto,Chyrów,,15EX,1550,1500,1525,"Jews were apparently among the founders of the town in the first half of the 16th cent. Up to WWI the community was dominatedby its well-to-do families under the spiritual aegis of Hasidism, with the Zionists",,1500,EX
275,GRD_BLS_TSKH,Grodno,Bielsk,Tsiekhanovets,09EX,09EX,950,900,925,"The J. community was one of the oldest in Poland, possibly founded by Khazar Jews in the tenth cent. A synagogue and three battei midrash were built in the 17th cent. The local J. weaving industry developed rapid","מהקהילות העתיקות בפולין, הוקמה כנראה על ידי הכוזרים",900,EX
276,WRS_NSH_CCHC,Warszawa,Nieszawa,Ciechocinek,,18LX,1900,1875,1875,"The first Jews apparently arrived in the late 19th cent., their pop. growing to 769 (total 2,451) in 1921. Some Jews earned a living from the town's health resort facilities, operating restaurants and boarding houses",,1800,LX
277,RDM_ILZ_CPLW,Radom,Ilza,Ciepielów,,1827,1827,1827,1827,"A J. community of 285 existed in 1827 (total 861), growing to 600 in WWII with the arrival of refugees from the surrounding villages. All were confined to a ghettoby theGermans in Dec. 1941 anddeportedto the Treblinka",,1800,
278,GLC_LWW_CPLC,Galicia,Jaroslaw,Cieplice,,1921,1921,1921,1921,"The J. pop. in 1921 was 107 (total3,174). The Jews were presumably murderedby the Germans in 1942.",,1900,
279,GLC_LWW_CSZN,Galicia,Cieszanow,Cieszanów,,16EX,1650,1600,1625,Jews settled in the early 17th cent. and after the Cossack destruction helped fortify and defend the town and were accorded various privileges. Fires in 1672 and 1865 took a heavy toll as did the events of,,1600,EX
280,GLC_CRC_CZKW,Galicia,Grybow,Ciężkowice,,18LX,1900,1875,1875,"The community, previously linked to Tarnow, became independent in the late 19th cent. with a pop. of 175 (less than 10% of the total) in 1890 and 241 in 1910. The Jews were persecuted by the Germans from Sept. 1939 an",,1800,LX
281,BSS_BND_CHMS,Bessarabia,Bendery,Chimishliia,18LX,18LX,1900,1875,1875,A J. community developed in the late 19th and early 20th cents. It was generally poor and was hard hit by the 1900 drought. Zionist activity began in 1920. The J. pop. in 1930 was 925 (14% of t,,1800,LX
282,GLC_LWW_CSN,Galicia,Lisko,Cisna,,1939,1939,1939,1939,Jews numbered150in 1939.They wereexpelledby theGermans to Lesko on 20 June 1942 and from there to the Zaslawie concentration camp in Sept. for extermination.,,1900,
283,RDM_OPT_CMLW,Radom,Opatow,Ćmielów,,16MX,1675,1650,1650,"Jews settled in the mid-17th cent. They numbered 232 in 1857 and 664 (total 2,468) in 1921. The Zionists were active between the World Wars, while antisemitism intensified in the 1930s. Nearly 500 Jews were present when",,1600,MX
284,GLC_CRC_KRKW,Galicia,Krakow,Kraków,,13EX,1350,1300,1325,A permanent J. settlement is known from the early 14th cent. but Jews were probably present much earlier. The first J. settlersapparently came from Czechoslovakia andlivedin their own quarterarounda small sq,,1300,EX
285,KIV_LPV_TSYB,Kiev,Lipovets,Tsybulev,1776,1776,1776,1776,1776,"Ten Jews were there in 1776. In 1897, they numbered 463 (total 3,827) and 434 in 1939. The Germans occupied the town on 22 July 1941. The local Jews were murdered in late May 1942 when the Germans executed in the Borl",,1700,
286,LBL_KHL_CYCW,Lublin,Chelm,Cyców,,1921,1921,1921,1921,"The J. pop. was 181in 1921(total 852).RefugeesraisedtheJ. pop. to 465 on the outbreak of WWII. In June 1942, the Jews were deported to the Sobibor death camp.",,1900,
287,GLC_TRN_CYGN,Galicia,Brody,Cygany,,1921,1921,1921,1921,"The J. pop. in 1921 was 111. The Jews were deported to the Belzec death camp in Sept.Oct. 1942, directly or via Bors",,1900,
288,GRD_BRS_CHRN,Grodno,Brest-Litovsk,Chernavchitsy,16EX,1921,1921,1921,1921,"The J. pop. in 1921 was 428 (total 749). In the Holocaust, the Jews were presumably sent to the Brzesc ghetto for liquidation.",,1900,
289,PRU_PSN_CZRN,Preussen,Czarnkow,Czarnikau,,16XX,1700,1600,1650,"Jews are first mentioned in the 17th cent., many engaging in crafts for thelocal peasantmarket.With the creationof arailroad link in the late 19th cent. J. trade expanded, with most Jews becoming merchants and shopkeepe",,1600,XX
290,GLC_CRC_CZRN,Galicia,Nowy Targ,Czarny Dunajec,,17LX,1800,1775,1775,"Jews began to settle in the late 18th cent. under Austrian rule to operate licensed monopolies; others came after the residence ban was lifted in 1860. The community remained under the aegis of Nowy Targ, attainin",,1700,LX
291,VLH_LTS_CHRT,Volhynia,Lutsk,Chartoriisk,1577,1577,1577,1577,1577,"Jews were living there by 1577 and numbered 822 (total 2,776) in 1897 and 220 (1921) after evacuation and the burning of the town in WWI. The Germans occupiedthe town on 28 June 1941 and the Jews were",,1500,
292,GLC_CRC_CZCH,Galicia,Brzeg,Czchów,,18LX,1900,1875,1875,"The community became organized in the late 19th cent. when the J. pop. approached a peak of 250 (15% of the total) and Zanz Hasidism predominated. Peasant rioting shook the community in Nov. 1918. In summer 1942, the Germ",,1800,LX
293,PTR_BND_CZLD_2,Piotrkow,Bedzin,Czeladź,,18LX,1900,1875,1875,"Jews settled in the late 19thcent.,attractedby thecity's favorablelocation for tradeon theborderofPrussiaandUpper Silesiaand by its burgeoningmining industry.By 1931,the J.pop. had risen to 1,077 (total 21,003). Between",,1800,LX
294,LBL_LBR_CZMR,Lublin,Lubartow,Czemierniki,,18XX,1900,1800,1850,"Though a residence ban was officially in force until 1862, Jews previously formed an organized community that grew to 969 (total 2,253) in 1897. Between the World Wars, they lived in straitenedeconomic circumstances",,1800,XX
295,VLH_KVL_CHRM,Volhynia,Kovel,Cheremoshno,18LX,1921,1921,1921,1921,The J. pop. in 1921 was 102 (total 681). The Jews wereprobably brought to Powursk for liquidation in the Holocaust.,,1900,
296,GRD_BRS_CHRN_2,Grodno,Brest-Litovsk,Cherniany,1921,1921,1921,1921,1921,"The J. pop. in 1921 was 105 (total 704). The Jews were probably murdered by the Ukrainians in June 1941, prior to the arrival of the Germans.",,1900,
297,LMZ_OSTL_CHRV,Lomza,Ostrolenka,Chervin,18LX,18LX,1900,1875,1875,"An independent community existed in the late 19th cent., numbering 218 (total 362) in 1921. The Jews were expelled by the Germans shortly after their arrival in Sept. 1939.",,1800,LX
298,GLC_STN_CZLH,Galicia,Dolina,Czołhany,,1921,1921,1921,1921,The J. pop. in 1921 was 124. The Jews were probably expelled to Bolechow for liquidation in Aug. 1942.,,1900,
299,GLC_TRN_CZRT,Galicia,Czortkow,Czortków,,1772,1772,1772,1772,The 17th cent. community of around 50 families was wiped out in the Chmielnicki massacres of 1648- 49. In 1772 the Jews were accorded extensive residence and trade privileges but the heavy taxes of the,,1700,
300,GLC_STN_CZRT,Galicia,Horodenka,Czortowiec,,1921,1921,1921,1921,"In 1921 the J. pop. reached 317 (total 4,723), around afifth engaged in farming. Most were expelled to Horodenka in the summer of 1942 for deportation to the Belzec death camp.",,1900,
301,GLC_LWW_CZDC,Galicia,Rzeszow,Czudec,,17LX,1800,1775,1775,"An organized community existed from the late 18th cent., reaching a peak pop. of 410 in 1900 (33% of the total). The Zionists were active from the late 1920s. Occasional violent antisemitism marked the period be",,1700,LX
302,LMZ_OST_CHZH,Lomza,Ostrov,Chizhev,17EX,17XX,1800,1700,1750,"Jews, among C.'s founders (18th cent.), constituted the majority of the inhabitants. Income came initially from leasing rights to inns, milk and grain marketing, etc. After a railway was built near C. (1854), the J. c",הוקמה עי יהודים,1700,XX
303,KVN_VLK_DBK,Kovno,Vilkomir,Dobeiki,16EX,16XX,1700,1600,1650,"The J. community began in the 17th cent. During WWiI the Russians forced the Jews into Russia and destroyedthe beit midrash. After the war,economic conditions forced many to emigrate. The J. pop. in 192",,1600,XX
304,PRU_PMM_DBR,Preussen,Pommern,Daber,,1700,1700,1700,1700,"Jews lived in D. since 1700. The community remained small, numbering 82 individuals in 1849. In the 1920s, it became affiliated to the Naugard community. When theNazis came to power in 1933, the J.",,1700,
305,VTB_DVN_DGD,Vitebsk,Dvinsk,Dagda,1820,1820,1820,1820,1820,"The community was founded in the 1820s by Jews from the nearby village of Dishovka. J. tradesmen enjoyed a measure of prosperity and the J. pop. rose to 1,026 in 1897 (total 1,516). Thereafter a steady stream of emigratio",תנועה ציונית פעילה,1800,
306,KLC_KLC_DLSZ,Kielce,Kielce,Daleszyce,,1857,1857,1857,1857,"The J. community numbered 131 (total 1,458) in 1857, 306 in 1921, and about 200 on the eve of WWII. After three years of German rule, the Jews were transferred to the Bodzentynghettoin Sept. 1942 and from there deporte",,1800,
307,PTR_BND_DNDW,Piotrkow,Bedzin,Dańdówka,,1890,1890,1890,1890,"Jews settled in the 1890s and numbered 145 (total 1,751) in 1921. Most were expelled by the Germans to the Sosnowiec ghetto in March 1942 and deported to Auschwitz in May.",,1800,
308,GLC_TRN_DRCH,Galicia,Trembowla,Darachów,,1921,1921,1921,1921,The J. pop. in 1921 was 109. The Jews were probably expelled to Trembowla for liquidation in Oct. 1942.,,1900,
309,MNS_BBR_NVYD,Minsk,Bobruisk,Novyia Dorogi,18EX,1903,1903,1903,1903,"Banned by the 1882 May Laws, Jews were only permitted to settle in 1903. In 1909, their pop. was 127 (total 256). The community maintained a prayer house and heder. During the Soviet period, eight Jews founded a ko",,1900,
310,KVN_TLS_DRBN,Kovno,Telshi,Dorbiany,18EX,18XX,1900,1800,1850,"The J. community was founded in the 19th cent. by exiles from Laukzemis. The J. pop. in 1897 was 1,129 (55% of the total). David Wolffsohn, secondpresident of the World Zionist Organizatio",,1800,XX
311,VLN_TRK_DRSN,Vilna,Troki,Dorsunishki,18LX,1923,1923,1923,1923,"The J. pop. in 1923 was 120 (15% of the total). After Germany's invasion in June 1941 the Jews, together with those of neighboring communities, were keptin a ghetto and taken to forcedlabor.All",,1900,
312,KIV_LPV_NVYI,Kiev,Lipovets,Novyi I Staryi Dashev,1765,1765,1765,1765,1765,"The J. pop. was 406 in 1765 and 2,911 (total 5,623) in 1880. In late Nov. 1917, many Jews were beaten and robbed in a pogrom. In the Soviet period, the J. pop. fell to 2,168 in 1926 and 967 in 1939. A J. council and J.",,1700,
313,MGL_STR_DSHK,Mogilev,Staro-Bykhov,Dashkovka,18MX,1897,1897,1897,1897,"The J. pop. was 392 (total 1,228) in 1897. In the Soviet period, a J. kolkhoz was founded in 1925, with 19 J. families working there in 1930. Another kolkhoz, founded in 1928, accommodated 49 J. families. The Germa",,1800,
314,VLN_TRK_DG,Vilna,Troki,Daugi,15EX,15XX,1600,1500,1550,"D.'s first Jews arrived in the 16th cent, while the J. community was founded at the end of the 18th cent. The J. pop. in 1897 was 511 (40% of the total). A fire in 1905 destroyed most of the city. The econo",תנועה ציונית פעילה,1500,XX
315,VTB_DVN_DVNS,Vitebsk,Dvinsk,Dvinsk,1750,1750,1750,1750,1750,"The J. community was foundedbetween 1750-60, toward the end of the period ofPolish rule. Under theRussians,the J. pop. grew to 1,559in 1815 (57% of the total). With theexpansion","אגודת ישראל, השומר הצעיר, החלוץ",1700,
316,VLN_SVN_DGLS,Vilna,Sventsiany,Daugelishki,17LX,17LX,1800,1775,1775,Jews first settled in the late 18th cent. and engaged mainly in crafts. The laying of a railroad line in 1862 provided Jews with jobs but on its completion a process of emigration set in. The J. pop. d,,1700,LX
317,MNS_MZY_DVYD,Minsk,Mozyr,Davyd-Gorodok,1650,1650,1650,1650,1650,"The J. settlement was founded in the 1650s and grew to 3,087 (total 7,815) in 1897. Most of the wholesale trade was in J. hands, benefiting from the town's lively river traffic. Zionist activity commen",,1600,
318,VLN_TRK_DKSH,Vilna,Troki,Dekshnia,1847,1847,1847,1847,1847,D. was established as a J. farm settlement in 1847. The J. pop. numbered 165 in 1898 and 232 in 1919. The Germans expelled the Jews to Olkieniki in summer 1941. They were executed at Eisziszki in Sept. 194,מושבה חקלאית יהודית,1800,
319,MNS_NVG_DLTC,Minsk,Novogrudok,Deliatichi,1721,1721,1721,1721,1721,"A J. community is mentioned in 1721, growing to 461 in 1897 (total 1,439). Most of the town was destroyed in WWI and barely 100 Jews returned. With the arrival of theGermans in June 1941, the local po",,1700,
320,GLC_STN_DLTY,Galicia,Nadworna,Delatyn,,19EX,1915,1900,1925,"The J. community grew to nearly 3,000 before wwi",,1900,EX
321,GLC_CRC_DBC,Galicia,Pilzno,Dębica,,16XX,1700,1600,1650,"The J. settlement took root in the 17th cent., with separate communities in the old and new towns. Restrictive measures were instituted against the Jews in 1701 and further disabilities were added from 1772 under Aus",,1600,XX
322,LBL_PLW_DBLN,Lublin,Pulawy,Dęblin,,18EX,1850,1800,1825,"The community grew with the economic development of the town in the first half of the 19th cent. and numbered 2,271 (total 4,063) in 1897. Many Jews earned their livelihoods by supplying the garriso",,1800,EX
323,SML_PRC_PRCH,Smolensk,Porieche,Porieche,18MX,18MX,1875,1850,1850,"Jews settled in the mid-19th cent. and numbered 337 (total 5,688) in 1897. In the Soviet period, their pop. rose to 416 in 1926 and then dropped to 206 in 1939. The Germans occupied D. on 13 July",,1800,MX
324,VLH_DBN_DMDV,Volhynia,Dubno,Demidovka,17LX,17LX,1800,1775,1775,"Jews were probably present from the late 18th cent. and constituted the entire pop. of 679 in 1897 and 595 of a total 1,283 in 1921. The Germans entered the town on 22 June 1941 and with Ukrainian coll",,1700,LX
325,GLC_STN_DMYC,Galicia,Sniatyn,Demycze,,1921,1921,1921,1921,The J. pop. in 1921 was 443. The Jews were probably murdered locally in Dec. 1941 or sent to the Belzec death camp.,,1900,
326,RDM_OPT_DNKW,Radom,Opatow,Denków,,15XX,1600,1500,1550,"Jewsmay havebeen present in the 16th cent. In 1921, they numbered 260 (total 2,267), most living in penury and subjected to physical attack as antisemitism intensified in the 1930s. In the 1930s, young people expressed the",,1500,XX
327,VLH_RVN_DRZH,Volhynia,Rovno,Derazhno,16EX,16XX,1700,1600,1650,"A small community existed from the 17th century, increasing to 770 (half the total) in 1897. Growing antisemitismsaw theburning of 30 J. homes in 1936.Russian rule in 1939-41 put and end to J public life",,1600,XX
328,POD_LTC_DRZH,Podolia,Letichev,Derezhnia,1734,17XX,1800,1700,1750,"The J. community dates from the 18th cent. In 1734 it suffered a Haidamak attack. The J. pop. was 316 in 1784 and 3,333 (68% of the total) in 1897. A J. girls' school with an enrollment of 140 and a J. libr",,1700,XX
329,VLN_OSH_DRVN,Vilna,Oshmiany,Derevno,17LX,17LX,1800,1775,1775,Jews probably settled in the late 18th cent. Most were peddlers trading in the surrounding villages or on weekly market days. In 1897 they numbered 350 (total 851). J. trade declined in the economic cr,,1700,LX
330,PRU_WST_DTSC,Preussen,Susz,Deutsch Eylau,,1722,1722,1722,1722,"Germany, today Poland. The J. community numbered 15 families in 1722. In 1831, the J. pop. came to 111; about 165 in 1846; and 60 in 1895. In 1925, the pop. grew again (to 110) due to immigration from areas wh",,1700,
331,PRU_WST_DTSC_2,Preussen,Walcz,Deutsch Krone,,1623,1623,1623,1623,"Germany, today Poland. The first authenticated report about Jews, who were only allowed to live in parts of the town along the lake shore, is dated 1623. By 1698, the J. settlement already comprised 37 h",,1600,
332,ORL_BRN_DTKV,Orel,Briansk,Diatkovo,18LX,18LX,1900,1875,1875,"Jews arrived in the late 19th cent., numbering 72 in 1926 and 145 (total 17,346) in 1939. The Germans entered D. on 9 Oct. 1941.During their occupation, theymurdered500people, many from among the Jews who had neither fle",,1800,LX
333,VLH_OVR_DDKV,Volhynia,Ovruch,Didkovichi,18MX,1897,1897,1897,1897,"The J. pop. was 276 (total 2,811) in 1897, dropping to 103 in 1926 under the Soviets. The few remaining Jews perished in the German occupation instituted in mid-Aug. 1941.",,1800,
334,KIV_KIV_DYMR,Kiev,Kiev,Dymer,1765,1765,1765,1765,1765,"Jews numbered 52 in 1765 and984 in 1897.A. J. agricultural colony was locatednearby. In Sept. 1919 Cossacks looted J. homes and stores after failing to receive all of a tribute they demanded. In 1939, under the Soviets, the",,1700,
335,LMZ_OST_DLGS,Lomza,Ostrov,Dlugosedlo,18EX,18EX,1850,1800,1825,"Jews first settled there at the beginning of the 19th cent. By the end of the cent. there were 800 Jews (total 1,249). Antisemitismin the 1930s restrictedtrade and led to smallscale violence.In 1931, the community",,1800,EX
336,CRN_KNT_DMTR,Chernigov,Konotop,Dmitrovka,1897,1897,1897,1897,1897,"TheJ.pop. was 438 (total 644) in 1897 and 195 (total 4,138) in 1939. The Germans enteredD. on 14 Sept. 1941. On 23 Sept. they murdered 15 Jews. Subsequently, they randomly seizedand murderedJ. children.",,1800,
337,EKT_EKT_KMNS,Ekaterinoslav,Ekaterinoslav,Kamenskoe,18MX,18LX,1900,1875,1875,"J. settlement commencedin thelate 19th cent. with the development of the local steel industry and reached a pop. of 852 (total 16,878) in 1897. In 1931, under the Soviets, 360 J",,1800,LX
338,EKT_EKT_EKTR,Ekaterinoslav,Ekaterinoslav,Ekaterinoslav,17LX,17LX,1800,1775,1775,"J. settlement commenced in the late 18th cent. In 1805, the J. pop. was 376 andby 1853 the community had a synagogue built of stone. A pogrom was staged on 20-21 July 1881. J.",תנועה ציונית פעילה,1700,LX
339,GLC_CRC_DBCZ,Galicia,Wieliczka,Dobczyce,,1564,1564,1564,1564,"Jews are first mentioned in 1564, with an organized community only coming into being in the late 19th cent. The J. pop. in 1910 was 404 (11% of the total). The Zionists becameactivein the 1920s,operatinga training farm,",,1500,
340,CRL_MTV_DBLN,Courland,Mitava,Doblen,18MX,18MX,1875,1850,1850,"small community existed from the mid-19th cent.,reaching a peak pop. of 240 (total 1,705) in 1897. synagogue was completed in 1904 and Jews were active in the 1905 revolution against theRussianczar",,1800,MX
341,KLS_TRK_DBR,Kalisz,Turek,Dobra,,16EX,1650,1600,1625,"Jews settled here in the early 17th cent. By 1897 the 1,185 J. inhabitants (41.5% of the total) were involved in the textile industry. Between the World Wars the community was governedby Agudat Israel.In 1940, 1,000 Jews",,1600,EX
342,GLC_CRC_DBR,Galicia,Limanowa,Dobra,,1921,1921,1921,1921,"The J. pop. numbered 184 (total1,831)in 1921, suffering considerably from their anti-J. neighbors. The Zionists began to operate in 1921. The J. pop. in 1938 was 340. The Germans instituted aregimeof forcedlabor on th",,1900,
343,WRS_RDM_DBR,Warszawa,Radzymin,Dobre,,18LX,1900,1875,1875,"Jews probably arrived in the second half of the 19th cent. In 1921 the J. pop. was 373 (total 1,097). The Germans took the town early in Sept. 1939 and the Jews remaining were deported to the Treblinka death camp on 15 Sep",,1800,LX
344,CRN_GRD_DBRN,Chernigov,Gorodnia,Dobrianka,18LX,18LX,1900,1875,1875,"A few hundredJews werepresentin thelate 19th cent. and700 in 1917. Cossacks beat about 20 Jews in a 1917 pogrom. In 1939, the J. pop. was 267 (total 5,460). After their arrival on 25 Aug. 1941, the Germans murdered",,1800,LX
345,KHR_KHR_DBR,Kherson,Kherson,Dobraia,1807,1807,1807,1807,1807,"D. was founded in 1807 as a J. colony. It had a J. pop. of 740 in 1859; 2,227 (total 2,593) in 1897; and 2,425 in 1926. In the 1930s, a J. council (soviet) and a J. school were active in the settlement anda number of",מושבה חקלאית יהודית,1800,
346,GLC_LWW_DBRM,Galicia,Dobromil,Dobromil,,15LX,1600,1575,1575,"Jews are recorded from the second half of the 16th cent., already enjoying wide-ranging rights. Particularly notable for its Gothic architecture was the Great Synagoguebuilt there early in the 17th cent. A",,1500,LX
347,MGL_ORS_DBRM,Mogilev,Orsha,Dobromysl,1880,1923,1923,1923,1923,The J.pop. was 272 (total 332) in 1880 and 371 in 1923 under the Soviets. A kolkhoz founded in 1930 supported 12 J. families. The Germans arrived in July 1941 and soon afterwards concentrated all the Jews in a singl,,1900,
348,GLC_TRN_DBRT,Galicia,Kamionka,Dobrotwór,,15LX,1600,1575,1575,"A small J. community existed from the second half of the 16th cent.but never developedsignificantly, reaching a pop. of 383 (total 3,314) in 1900 and dropping to 216 between the World Wars. The communit",,1500,LX
349,KHR_ELZ_DBRV,Kherson,Elizavetgrad,Dobrovelichkovka,18EX,18EX,1850,1800,1825,"J. settlement commenced in the first half of the 19th cent. In 1897, the J. pop. was 1,718 (total 2,849). In the early 1920s, under the Soviets, a J. elementary school was started. In 19",,1800,EX
350,MGL_GML_DBRS,Mogilev,Gomel,Dobrush,18LX,1926,1926,1926,1926,"The J.pop. was 372 in 1926 and 441 (total 13,815) in 1939. The Germans arrived on 21 Aug. 1941. In Oct., the Jews were incarcerated in two shacks at a tractor garage under conditions of overcrowding and starvation. On 2",,1900,
351,TRD_EVP_CHT,Taurida,Evpatoriia,Chotai,1920,1920,1920,1920,1920,"D. was founded as a J. agricultural settlement in the 1920s andnumbered230 Jews in 1932. A largeJ. kolkhoz wasunder the jurisdiction of the local rural council (soviet). The Germans arrived in late Oct. 1941,",מושבה חקלאית יהודית,1900,
352,PLC_LPN_DBRZ,Plock,Lipno,Dobrzyń,,16LX,1700,1675,1675,"An organized community existed from the second half of the 17th cent. Most lived in straitened economic circumstances, reducing the J. pop. through emigration from 1,816 in 1808 to 927 (total 2,485) in 1897. Af",,1600,LX
353,MNS_BRS_DKSH,Minsk,Borisov,Dokshitsy,1776,1766,1766,1766,1766,"A community of 210 taxpayers was present in 1766. Many leasedfields and forest land and dealt in lumber, flax, grain, fur, andpig bristles for brushmaking. Trade in the early 19th cent. extended to the cit",,1700,
354,GLC_LWW_DLHP,Galicia,Drohobycz,Dołhe Podbuskie,,1921,1921,1921,1921,The J. pop. in 1921 was 144. Those Jews not murdered earlier were deported to the Belzec death camp in summer-fall 1942.,,1900,
355,VLN_VLK_DLGN,Vilna,Vileika,Dolginov,15EX,15EX,1550,1500,1525,"Jews probably arrived in the first half of the 16th cent. and formed an organized community in the 17th, numbering 485 in 1667. In the 19th cent. Jews continued to earn their livelihoods from leaseholdings",תנועה ציונית פעילה,1500,EX
356,GLC_STN_DLN,Galicia,Dolina,Dolina,,16XX,1700,1600,1650,"The permanent J. settlement dates from the 17th cent. The Austrian occupation (1772-1868) brought disabilities and heavy taxation, though there was some improvment of economic conditions with the grant",,1600,XX
357,GLC_STN_DLCZ,Galicia,Kalusz,Dołczka,,1921,1921,1921,1921,The J. pop. in 1921 was 141. The Jews were possibly expelled to Bolechow for liquidation in Aug. 1942.,,1900,
358,GRD_BRS_DMCH,Grodno,Brest-Litovsk,Domachev,17LX,17LX,1800,1775,1775,"The J. settlement dates from the late 18th cent., growing to 1,057 in 1897 and 1,337 (total 1,504) in 1921 after much suffering in WWI. Hasidim worshiped at five of the town's eight synagogues. Summer t",,1700,LX
359,KHR_ANN_DMNV,Kherson,Ananev,Domanevka,18LX,1897,1897,1897,1897,"The J. pop. was 903 (total 1,145) in 1897 and 369 in 1939. The Germans captured the town on 5 Aug. 1941. Twentyfour Jews weremurderedon 29 Aug. After D. was annexedto Transnistriain Sept.,tensof thousandsof Jews from",,1800,
360,MNS_BBR_DMNV,Minsk,Bobruisk,Domanovo,1848,1848,1848,1848,1848,"D. was founded as a J. colony in 1848 with a pop. of 15 families. In 1898, the Jews numbered 119 and owned 260 acres of land. Most worked on theBerezinaRiver and in the neighboring forests as the settlement became",מושבה חקלאית יהודית,1800,
361,GLC_LWW_DMRD,Galicia,Brzozow,Domaradz,,1808,1808,1808,1808,"Jews are first mentioned in 1808 and numbered 123 in 1921 (total 3,386). From Sept. 1939 the Germans enforced a regime of persecutionandexpelledthemto JasienicaRosielna in July 1942.",,1800,
362,KLS_KLO_DB,Kalisz,Turek,Dąbie,,17XX,1800,1700,1750,"Jews lived here from the 18th cent. and the community grew with the development of the textile industry. From the early 20th cent., Agudat Israel and the Bund were active. In summer 1940, the Germans established a ghetto. O",,1700,XX
363,GRD_SKL_DMBR,Grodno,Sokolki,Dombrovo,17EX,17EX,1750,1700,1725,"Jews appeared in the first half of the 18th cent. The J. pop. grew to1,499 (total 1,988) in 1897. Most were Mitnaggedim and sent their children to theSokolkayeshiva20 miles away. Many had auxiliary farms. While Jews",,1700,EX
364,PTR_BND_DBRW,Piotrkow,Bedzin,Dąbrowa,,1828,1828,1828,1828,"Jews began settling in 1828 when they were hired as miners in the area.Othersmade their livings supplying the mineworkers with their needs. The J. pop. grew to 2,554 in 1896. In 1910, a cemetery was opened andi",,1800,
365,VLH_RVN_DMBR,Volhynia,Rovno,Dombrovitsy,15EX,15EX,1550,1500,1525,J. settlement already existedin the early 16th cent. and in the 17th the small community was attached to Pinsk. In the mid-18th cent. it was accorded wide-ranging privileges by the town's propri,"החלוץ, הבונד, סוציאליסטים, חרדים",1500,EX
366,WRS_KTN_DBRW,Warszawa,Kutno,Dąbrowice,,17MX,1775,1750,1750,"This community began in the mid-18th cent. In June 1940, the 150 Jews were transferred to the ghetto in Kutno.",,1700,MX
367,DNV_TGN_AMVR,Don Voyska,Taganrog,Amvrosievka,,1939,1939,1939,1939,"The J. pop. in 1939 was 128 (total 15,001). The Germans capturedD. on 22 March 1942. TheGermans are known to have murdered three Jews from D. and eight from nearby villages.",,1900,
368,SML_DRG_DRGB,Smolensk,Dorogobuzh,Dorogobuzh,1648,1648,1648,1648,1648,"Jews are first mentioned in 1648. Their pop. was 231 (total 4,850) in 1926 and 122 in 1939. The Germans occupied D. from 5 Oct. 1941 to mid-Feb. 1942 and again, for a longer period, from 7 July 1942, this time murde",,1600,
369,KVN_KVN_DTNV,Kovno,Kovno,Datnovo,17EX,17XX,1800,1700,1750,"The J. community began in the 18th cent. The J. pop. in 1897 was 233 (38% of the total) and 120 in 1939. During wwi, D.'s 120 J. families were exiled to the Russian interior; only some returned. After the German in",,1700,XX
370,VLH_NVG_DVBY,Volhynia,Novograd-Volynskii,Dovbysh,18MX,18LX,1900,1875,1875,"Fewer than 500 Jews werepresent in the late 19th cent. In 1925, D. became the capital of a Polish autonomous region (abrogated in 1935) whose J. pop. of 1,319 constituted 3% of the total. In 1",,1800,LX
371,PRU_PMM_DRMB,Preussen,Pommern,Dramburg,,1735,1735,1735,1735,"The first Jews arrived in D. between 1735 and 1740. The community numbered 186 in 1861 and maintained a synagogue, built in 1839, and a cemetery. When the Nazis came to power in 1933",,1700,
372,MGL_CHS_DRBN,Mogilev,Chausy,Dribin,1766,1766,1766,1766,1766,"The J. pop. was 255 in 1766 and 971 in 1897, dropping to 664 in 1926 and 513 in 1939 under the Soviets. A J. school was open in 1931. The Germans captured D. in Aug. 1941. In late Sept. they murdered 450 Jews and in",,1700,
373,VTB_DRS_DRSS,Vitebsk,Drissa,Drissa,15LX,15LX,1600,1575,1575,"Jews are mentioned in the late 16th cent. In 1766, their pop. was 399, rising to 2,856 (total 4,238) in 1897. In 1924, under the Soviets, all 50 artisans in the town were Jews, most of them organized in cooperatives.",,1500,LX
374,PLC_PLT_DRBN,Plock,Plock,Drobin,,16LX,1700,1675,1675,"Jews first settled in D. in the late 17th cent. In 1921, 1,096 Jews lived there (of a total 2,439). In the 1930s, the community suffered from antisemitism and economic boycott. On 5 Sept. 1939 the Germans occupied D. Hund",,1600,LX
375,GRD_KBR_DRGC,Grodno,Kobrin,Drogichin,14EX,1623,1623,1623,1623,Jewsprobably settledc. 1623.Economic development was slow. They engaged in petty trade and crafts and grew vegetables for home consumption. In 1882 many were beaten up in a pogrom. The J. pop. stood,,1600,
376,GRD_BLS_DRGC,Grodno,Bielsk,Drogichin,1623,14XX,1500,1400,1450,Jews appearedin the 15th cent. and formed an organizedcommunity in the 16th. The Jews were blamed for fires in 1631 and 1637 with resulting pogroms. Only 37 Jews were present in 1799 but the community grew to 7,,1400,XX
377,GLC_LWW_DRHB,Galicia,Drohobycz,Drohobycz,,1404,1404,1404,1404,"Jews are first mentionedin 1404 and earned their livelihoods from the salt mine concession as well as from tax farming and distilling. Under local pressure, they were expelled in 1578, returning only in 163",,1400,
378,VLN_DSN_DR,Vilna,Disna,Druia,15LX,15LX,1600,1575,1575,"Jews settled in the late 16th cent. and numbered 1,306 in 1766. In the late 18th cent. the community built one of the mostbeautiful synagogues in Lithuania. The community also had two battei midrash, a talmud","בונד, החלוץ",1500,LX
379,KVN_NVL_DRSK,Kovno,Novoaleksandrovsk,Druisk,1870,1870,1870,1870,1870,"Jews arrived as the village's first settlers in the 1870s,receiving land for cultivation. In 1897 their number reached 515. In the 1930s, Jews were operating 44 farms on 850 acres of land and the cheese produ",יהודים הקימו את הכפר,1800,
380,GRD_GRD_DRSK,Grodno,Grodno,Druskeniki,18MX,18MX,1875,1850,1850,"J. settlement probably commenced in the mid-19th cent. With D.'s development as a health resort, a J. hospital was built serving numerous J. communities in the area.In 1887 the second congress of",,1800,MX
381,VLH_VLD_DRZH,Volhynia,Vladimir-Volynskii,Druzhkopol,16MX,16LX,1700,1675,1675,"J. settlement began in the second half of the 17th cent. The town's border location after the Second Partition of Poland (1793), with its customs house and Russian army barracks, stimulated the econom",,1600,LX
382,EKT_BKH_DRZH,Ekaterinoslav,Bakhmut,Druzhkovka,18LX,1939,1939,1939,1939,"The J.pop. in 1939 was 433 (total 31,781). The Germans captured the city on 22 Oct. 1941. Probably in April 1942, 135 J. families were murderedthe children poisoned and the adults electro",,1900,
383,RDM_OPC_DRZW,Radom,Opoczno,Drzewica,,18LX,1900,1875,1875,"At the end of the 19th cent., German Jews were involved in the sale of the products of the Gerlach metal factory founded here. The majority of the community were Gur Hasidim, who dominated the community council. In 1939,",,1800,LX
384,VLH_VLD_DBCH,Volhynia,Vladimir-Volynskii,Dubechno,18LX,19XX,1940,1900,1920,The J. pop. of 20 families was probably liquidated after transfer to the Ratno ghetto.,,1900,XX
385,GLC_LWW_DBCK,Galicia,Brzozow,Dubiecko,,1622,1622,1622,1622,"Jews are recorded from 1622 and from the early 18th cent. constituted a growing community, reaching a peak pop. of nearly 977 (over half the total) in 1900, with most trade in J. hands. Emigration, WWI, and",,1600,
386,LBL_GRB_DBNK,Lublin,Hrubieszow,Dubienka,,15LX,1600,1575,1575,"A J. settlement existed by the late 16th cent. In the 18th cent., Jews were prominent in the grain trade along the Bug River as wellas in running numerous inns and distilleries.Their pop. rose to 1,427 in 1861 and2,343",,1500,LX
387,VLN_VLN_DBNK,Vilna,Vilnius,Dubinki,18EX,18XX,1900,1800,1850,"A J. community was established here in the 19th cent., but many emigrated due to the economic situation. The J. pop. in 1897 was 280; in 1940, 80. After Germany's invasion in June 1941,Lithuanian nat",,1800,XX
388,KVN_NVL_DBNV,Kovno,Novoaleksandrovsk,Dubinovo,1848,1848,1848,1848,1848,"D. was a J. agricultural colony founded in 1848 on 1,350 acres of land distributed by Czar Nicholas I. Jews grew cereal crops, peas, and potatoes, owned some livestock, and supplemented their incomes with",מושבה חקלאית יהודית,1800,
389,VLH_DBN_DBN,Volhynia,Dubno,Dubno,15EX,15EX,1550,1500,1525,"Jews began to settle in the early 16th cent. and numbered around 2,000 at the time of the Chmielnicki massacres of 1648-49. Between 1,100 and 1,500 were murdered by the Cossacks in 1648 after being denied ref",חובבי ציון,1500,EX
390,KHR_TRS_DBSS,Kherson,Tiraspol,Dubossary,17LX,17LX,1800,1775,1775,"DUBOSSARY Moldavia, today Republic of Moldova. J. settlement commenced in the late 18th cent. In 1882, two Jews werekilled and six injured in antisemitic disturbances. A blood libel in 1903 nearly led to another pogrom and Jews were also persecuted i",,1700,LX
391,KIV_UMN_DBV,Kiev,Uman,Dubovo,1897,1897,1897,1897,1897,"Jews numbered 1,104 in 1897. On 17 June 1919, the Sokolowski gangs attacked and murdered Jews and looted homes and stores. In 1926, under the Soviets, only 57 Jews remained. Those there when the Germans occupied the town in",,1800,
392,MGL_GRK_DBRV,Mogilev,Gorki,Dubrovny,17EX,17EX,1750,1700,1725,"Jews settled in the early 18th cent. In 1766, the J. pop. of D. and its environs was 801 and in 1897 the J. pop. came to 4,364 (total 7,974). A J. printing press was started in 1802. Most Jews engaged in trade and",,1700,EX
393,VLN_LDA_DBRV,Vilna,Lida,Dubrovo,1848,1848,1848,1848,1848,D. was foundedas a J. agricultural colony in 1848 and numbered 25 families between the World Wars. All were expelled by the Germans to Rozhanka in June 1941 and from there to the Szczuczyn ghetto in Oc,מושבה חקלאית יהודית,1800,
394,SML_DKH_DKHV,Smolensk,Dukhovshchina,Dukhovshchina,18MX,18MX,1875,1850,1850,"Jews probably settled in the mid-19th cent. Their pop. was 195 (total 2,906) in 1926 and 102 in 1939. The Germans arrived on 15 July 1941 and in summer 1942 murdered the few remaining Jews who had not fled or bee",,1800,MX
395,GLC_LWW_DKL,Galicia,Krosno,Dukla,,15XX,1600,1500,1550,"The permanent J. settlement dates from the 16th cent. and came to be one of the largest and most important of the region and a respected member of the Council of Lesser Poland, boasting a long line of illustrious rabbis. Wit",,1500,XX
396,MNS_IGM_DKR,Minsk,Igumen,Dukora,17EX,17EX,1750,1700,1725,"Jews probably settled in the first half of the 18th cent. Their pop. was 462 in 1766, falling to 67 in 1811 and rising again to 604 (total 1,358) in 1897. In 1923, under the Soviets, the J. pop. was 501. A number of fa",,1700,EX
397,KVN_NVL_DKSH,Kovno,Novoaleksandrovsk,Dukshty,1863,1863,1863,1863,1863,Jews began arriving after the laying of the Petersburg-Warsaw railroad line in 1863 and numbered about 600 in 1897. J. lumber merchants set up sawmills and woodworking factories to produce railroad ties and,,1800,
398,BSS_SRK_DMBR,Bessarabia,Soroki,Dombroveny,1836,1836,1836,1836,1836,This settlement was founded in 1836by Jews who engagedin agriculture. A community school was opened in 1900 by the ICA. The economic situation of the Jews declined after WWI. Zionist activ,מושבה חקלאית יהודית,1800,
399,GLC_TRN_DNJW,Galicia,Przemyslany,Dunajów,,16XX,1700,1600,1650,"Though Jews were present from the 17th cent. the community never developed greatly, reaching 338 members in 1900 (total 2,350) and dropping to 95 after the destruction of the town in WWI. In Jan. 1942, t",,1600,XX
400,CRL_VND_DNDG,Courland,Vindava,Dundaga,1935,1935,1935,1935,1935,J.pop. (1935) 15 (total 361). The Jews weremurderedin the secondhalf of 1941 under the German occupation.,,1900,
401,VLN_VLK_DNLV,Vilna,Vileika,Dunilovichi,18EX,18EX,1850,1800,1825,"A J. community is known from the early 19th cent., growing to 1,553 in 1897 (total 1,810) and living in straitened economic circumstances. With the renewal of commerce after WWI, when the J. pop. dropped t","החלוץ הצעיר, השומר הצעיר",1800,EX
402,CRL_GRB_DRB,Courland,Grobin,Durbe,1935,1920,1920,1920,1920,"DURBE Courland dist., Latvia The J. pop. in 1935 was 8 (total 525), down from 30 in 1920. The Jews were murdered by the end of 1941 under the German occupation.",,1900,
403,KVN_NVL_DSTY,Kovno,Novoaleksandrovsk,Dusiaty,15EX,15XX,1600,1500,1550,"The J. community began in the 16th cent. and constituted the majority of the total until the Holocaust. The J. pop. in 1897 was 1,158 (91% of the total). A fire broke out onEasterDay 1905",,1500,XX
404,GRD_SLN_DVRT,Grodno,Slonim,Dvorets,1566,1566,1566,1566,1566,"Jews are first mentioned in 1566. The community's main growth occurred in the late 19th cent., reaching a pop. of 868 (total 1,366) in 1897 and then declining to 388 in 1921 under conditions of economi",,1500,
405,GLC_LWW_DYNW,Galicia,Brzozow,Dynów,,1552,1552,1552,1552,"Jews are first noted in 1552. The court of the D. hasidic dynasty founded by R. Tzevi Elimelekh Shapira (after 1825) propped up the traditional J. economy, while a few wealthy merchants dealt in grain and lumber. A great cir",,1500,
406,MNS_MNS_KDNV,Minsk,Minsk,Koidanovo,1765,1765,1765,1765,1765,"A J. community of 560 poll tax payers was already present in 1765. Its pop. grew to 3,156 (total 4,744) in 1897. RetreatingPolish soldiers stagedapogrom on 10-12 July 1920, extensively d",,1700,
407,EKT_BKH_SHCH,Ekaterinoslav,Bakhmut,Shcherbinovka,18LX,19EX,1939,1900,1925,"J. settlement began in the early 20th cent. In 1939, the J. pop. was 278 (total 31,750). The Jews who had neither fled nor been evacuated,perished under the German occupation initiat",,1900,EX
408,TRD_PRK_DZHN,Taurida,Perekop,Dzhankoi,18EX,18XX,1900,1800,1850,"Jews settled in the 19th cent., numbering 109 (total957) in 1897. In 1924, under the Soviets, the region was designated for J. agricultural settlement with D. as its center. In 1939, the J. pop. of the town rea",מושבה חקלאית יהודית,1800,XX
409,KLS_VLN_DZLS,Kalisz,Wielun,Działoszyn,,16EX,1650,1600,1625,"Jews first settled early in the 17th cent. and by the 18th cent. D. was the largest J. community in the Wielun district (846 Jews in 1793). In the 19th cent., Jews were involved in textile trading betwee",,1600,EX
410,KLC_PNC_DZLS,Kielce,Pinczow,Działoszyce,,13XX,1400,1300,1350,"Jews were probably presentin the 14thcent.andconstitutedamajority by the mid-18th cent., making D. a center of trade and crafts for the large peasant pop. in the area. J. prosperity was reflectedin the constructionof",,1300,XX
411,GLC_LWW_DZKW,Galicia,Cieszanow,Dzików Stary,,18XX,1900,1800,1850,"The J. community grew to about 500 in the 19th cent. around the hasidic court connected with the Ropczyce (Ropshits) dynasty. With its decline,between the World Wars, the J. pop. fell to 360 (total 2,31",,1800,XX
412,VLN_DSN_DSN,Vilna,Disna,Disna,15EX,17LX,1800,1775,1775,"Jews are assumed to have arrived from Western Europe in the 16th cent. A J. settlement is known from the later 18th cent., reaching a pop. of 412 in 1797, many of whom engaged in the wholesale trade (flax, lum","ציונים, בונד",1700,LX
413,KIV_BRD_DZNK,Kiev,Berdichev,Dziunkov,1765,1765,1765,1765,1765,"The J. pop. was 137 in 1765 and 1,137 (total 4,314) in 1897, dropping againto 365 in 1926.TheGermans capturedD. in late July 1941andmurderedtheJewsinAktions occurring in late Oct. 1941 and during 1942.",,1700,
414,POD_LMP_DZHR,Podolia,Lampol,Dzhurin,17EX,1765,1765,1765,1765,"Jews numbered 84 in 1765 and 1,585 (total 4,656) in 1897. Anton Denikin's White Army troops attacked the Jews of D. inDec. 1919. A J.council (soviet) andJ. elementary school were set up in the Soviet period. In 1924, a",,1700,
415,GLC_STN_DZRK,Galicia,Kolomyja,Dżurków,,1921,1921,1921,1921,The J. pop. in 1921 was 100. The Jews were probably murdered locally or expelled to Kolomyja for liquidation in April 1942.,,1900,
416,GLC_LWW_DZWN,Galicia,Bobrka,Dźwinogród,,1921,1921,1921,1921,The J. pop. in 1921 was 116. The Jews were probably expelledto Bobrka for liquidation in the second half of 1942.,,1900,
417,POD_LMP_DZYG,Podolia,Lampol,Dzygovka,17EX,1765,1765,1765,1765,"Jews numbered 17 in 1765 and 2,187 (total 7,194) in 1897. The majority of stores were in J.hands and most artisans in D. were Jews. In early Dec. 1917, the Jews were attacked in a pogrom. During the Soviet period, man",,1700,
418,BSS_KHT_EDNT,Bessarabia,Khotin,Edintsy,1820,1820,1820,1820,1820,"The first settlers in E. were Jews (in 1820). By 1878 there were eight prayer houses. An attempted pogrom in 1887 was thwarted. The J. pop. in 1897 was 7,379 (72% of the total).",יהודים הקימו את העיירה,1800,
419,CRL_ILL_ILVK,Courland,Illukst,Ialovka,1935,1935,1935,1935,1935,The J. pop. in 1935 was 25 (total 511). The Jews were murdered by the Germans shortly after their occupation of late June-early July 1941.,,1900,
420,VLN_LDA_ESHS,Vilna,Lida,Eishishki,11LX,11XX,1200,1100,1150,"Karaite Jewsprobably settledin the 12thcent.with Rabbanite Jews following in the 13th cent. The J. pop. grew from 661 in 1847 to 2,376 (total 3,196) in 1897, with J. livelihoods centered around market da",תנועה ציונית פעילה,1100,XX
421,PRU_WST_ELBN,Preussen,Elblag,Elbing,,1783,1783,1783,1783,"Germany, today Poland. The E. community was one of the oldest J. communities of East Prussia, the first Jew being allowed to settle there in 1783. The J. pop. grew to 33 families in 1812 and549 individuals in 1880,d",,1700,
422,SML_ELN_ILN,Smolensk,Elnia,Ielnia,18MX,18LX,1900,1875,1875,"Jews probably settled in the late 19th cent. and numbered 107 in 1897, their pop. rising sharply at the outset of the Soviet period to 567 (total4,458) in 1926 and then dropping to 289 in 1939. The Germans, after their a",,1800,LX
423,VLH_NVG_EMLC,Volhynia,Novograd-Volynskii,Emilchik,18EX,18EX,1850,1800,1825,"Jews settled in the early 19th cent. and numbered 1,049 (total 2,477) in 1897. On the eve of Passover 1919 the Petlyura gangs went on a rampage of murder, rape, and robbery that left ten Jews dead. In 1939, the J. p",,1800,EX
424,KVN_RSS_ERZH,Kovno,Rossieny,Erzhvilki,18EX,18EX,1850,1800,1825,"J. settlement started here early in the 19th cent. Zionist activity began with Hovevei Zion. Prof. Hermann Schapira (1840-98), father of the concepts of the J. National Fund and the Hebrew Universi",,1800,EX
425,PRU_OST_EYDT,Preussen,Stolupiany,Eydtkuhnen,,1870,1870,1870,1870,"Germany, today Russia. The J. community numbered 347 in 1880. It maintained a synagogue built in 1870 and a cemetery. Since E. was one of the main border crossing points through which the masses of East",,1800,
426,WRS_WRS_FLNC,Warszawa,Minsk Mazowiecki,Falenica,,1900,1900,1900,1900,"Jews arrived there in the 1880s, founded a community around 1900,andas theresorttown expandedtheir number grew to 1,108 (63% of the total) in 1921. Avraham Moshe Kalish of Warka established a hasidic cou",,1900,
427,BSS_BLT_FLSH,Bessarabia,Bieltsy,Foleshty,17LX,16LX,1700,1675,1675,"Jews first settled in the late 18th cent. In 1918 they were granted land for agriculture. The J. pop. in 1930 was 3,258 (51% of the total). The community had seven synagogues and the Great Synag",,1600,LX
428,PRU_PMM_FLKN,Preussen,Pommern,Falkenburg,,1720,1720,1720,1720,"A Jew was present in 1720 but a community only developed in the 19th cent., consecrating a synagogue in 1841. There were 121members in 1880. In 1881, riots in Pomerania, sparked by an ars",,1700,
429,KIV_VSL_FSTV,Kiev,Vasilkov,Fastov,1765,1765,1765,1765,1765,"The J. pop. was 381 in 1765 and 5,595 in 1897. In the late 18th cent., J. property was pillaged and destroyed in Haidamak attacks. In the 19th cent., many Jews engaged in crafts and in farming. Three J. agricultural coloni",,1700,
430,POD_PRS_FLSH,Podolia,Proskurov,Felshtin,16EX,16XX,1700,1600,1650,"Jews settled in the 17th cent., numbering 134 in 1765 and 1,885 (total 2,002) in 1897. In a pogrom on 16 Feb. 1919, during the civil war, 485 Jews were killed. A J. council (soviet)",,1600,XX
431,GLC_LWW_FLSZ,Galicia,Stare Miasto,Felsztyn,,16EX,1650,1600,1625,"Jews werepresent from the early 17th cent.Their number grew to 690 (around50% of the total) in 1900,with economic conditions deteriorating between the World Wars in the face of Polish competition. After a U",,1600,EX
432,SWL_SVL_FLPV,Suwalki,Suvalki,Filipovo,17EX,17XX,1800,1700,1750,"Jews settled in the 18th cent.,reaching a pop. of 856 (total 2,457) in 1857. A synagogue and cemetery were consecrated in the mid-19th cent. The J. pop. dropped to 280 in 1921. All Jews were expelledby the Germans aro",,1700,XX
433,LBL_LBR_FRLJ,Lublin,Lubartow,Firlej,,15XX,1600,1500,1550,"Jews were among the town's first residentsin the 16thcent.andweregranted a privilege of unlimited residence in 1664. However, until the 19th cent. the community did not grow. In 1921, the J. pop. was 180 (total 1,150). Wh",,1500,XX
434,PRU_WST_FLTW,Preussen,Zlotow,Flatow,,1564,1564,1564,1564,"Germany, today Poland. Jews are first mentioned in 1564. During the Swedish invasion (1655-57), the Poles executed a number of Jews on trumped-up charges of collaboration with the enemy. Many of the 107 Jews l",,1500,
435,PRU_PSN_FRDN,Preussen,Bydgoszcz,Fordon,,15EX,1550,1500,1525,"The first Jews settled in the early 16th cent., joined in 1555 by Jews expelled from Bydgoszcz. By 1772, when F. was annexed to Prussia, 590 Jews were there, with the community reaching a peak pop. of 1,475 (total 2,005)",,1500,EX
436,POD_KMN_FRMP,Podolia,Kamenets-Podolsk,Frampol,,16EX,1650,1600,1625,Cossack incursions in the 1650s destroyed a small early 17th cent J. settlement. Jews were againpresent in the 18th cent. and in the 19th cent. operated textile and hide-processing plants while others supplied the local,,1600,EX
437,PRU_PSN_FRST,Preussen,Wschowa,Fraustadt,,15LX,1600,1575,1575,"Germany, today Poland. At the end of the 16th cent., there was a J. community whose members lived in a designated section of the Old Town. They were only allowed to engage in pawnbroking and financial tran",,1500,LX
438,TRD_EVP_FRDR,Taurida,Evpatoriia,Fraidorf,1926,1926,1926,1926,1926,"F. was founded in 1926 as a J. agricultural settlement on an abandoned German estate. The J. pop. was 250 families in 1932, dropping to 450 Jews (total 1,085) in 1939. Most Jews",מושבה חקלאית יהודית,1900,
439,PRU_PMM_FRNW,Preussen,Pommern,Freienwalde,,1705,1705,1705,1705,"There was a Jew living in F. in 1705, and in 1728 there were three J. families. The community numbered 60 members in 1880 and maintained a synagogue and a cemetery. When the Nazis cameto po",,1700,
440,PRU_WST_FRYS,Preussen,Susz,Freystadt,,16XX,1700,1600,1650,"Germany, today Poland. The consecrationof a J. cemetery in the 17th cent. indicates the presence of a community. The J.pop. was 77 in 1831and268 in 1880.In thelate 19th cent. a synagogue anda secondcemeterywere",,1600,XX
441,PRU_OST_FRDL,Preussen,Frydlad,Friedland,,1880,1880,1880,1880,"Germany, today Russia. The J. pop. was 51 in 1880 and 37 in 1905. The community maintained a synagogue and a cemetery. No information is available about the fateof the 33 Jews who still lived in the town when",,1800,
442,KHR_TRS_ZKHR,Kherson,Tiraspol,Zakharevka,18LX,1897,1897,1897,1897,"The J. pop. in 1897 was 1,732 (total 3,574), many engaged in agriculture. A J. colony was foundednearby in 1923 under the Soviets andin 1927 included 25 families from Rashkov and a few from F.",,1800,
443,GLC_LWW_FRYS,Galicia,Jaslo,Frysztak,,16MX,1675,1650,1650,"The organized J community dates from the mid-17th cent. and constituted a majority of the pop. from the outset. All trade and crafts werein J. hands as wellas the town's single industrial facility, a steam-operated sawmil",,1600,MX
444,LMZ_LMZ_GTSS,Lomza,Lomzha,Gats-Sokolia צ Lonka,18EX,18EX,1850,1800,1825,"Dating from the early 19thcent.,thecommunity numbered226 in 1921(50% of the total). Expelled in 1939, the Jews suffered the common fate of the Jews in the region.",,1800,EX
445,POD_GSN_GVRN,Podolia,Gaisin,Gaivoron,18LX,1939,1939,1939,1939,"The J. pop. in 1939 was 841 (total 9,256). The Germans captured G. on 29 July 1941andon 16-18 Feb 1942,they killed 211 people. Most were probably Jews.",,1900,
446,RDM_KZN_GRBT,Radom,Kozienice,Garbatka,,1921,1921,1921,1921,"The J. pop. was 111(total 1,739)in 1921.After theGermanoccupation of Sept. 1939, a few hundred refugees arrived. The young were sent to the Pionki labor camp and 100 Jews were murdered outside the village in July 1942.",,1900,
447,KVN_TLS_GRZH,Kovno,Telshi,Gorzhdy,17LX,14XX,1500,1400,1450,"Jews first settledin the 15th cent. In 1639,King Wladyslaw IV granted Jews a letter of privileges, later reconfirmedby King AugustusIII in 1742.The J.pop. in 1897 was 1,455 (59% of the total). Most Jew",,1400,XX
448,SWL_MRM_GDLV,Suwalki,Mariampol,Godlevo,18EX,18EX,1850,1800,1825,"Jews wereamongthe town's first settlersat thebeginning of the 19th cent. The J. pop. in 1897 was 469 (49% of the total). By wwil the J. pop. was about 70 families. After the German invasion of 1941, t",יהודים היו בין מקימי העיירה,1800,EX
449,PRU_PMM_GRTZ,Preussen,Pommern,Gartz,,1481,1481,1481,1481,"GARTZ AN DER ODER Pomerania, Germany Jews are first mentioned in G. in 1481, but modern J. settlement startedonly after 1812,growing to 114individuals in 1861. The community maintained a synagogue (consecrated in 1862) and a cemetery. When the Nazis",,1400,
450,SDL_GRV_GRWL,Siedlce,Garwolin,Garwolin,,16XX,1700,1600,1650,"A J. community existed by the 17th cent., expanding significantly in the 19th cent and reaching a pop. of 2,182 (total 4,591) in 1897, with J. tradesmenprospering from the lively trade on the weekly market day and at th",,1600,XX
451,POD_GSN_GSN,Podolia,Gaisin,Gaisin,17EX,1765,1765,1765,1765,"Jews numbered62 in 1765 and 4,321 (total9,374) in 1897. In the Russian civil war (1918-21), the Jews were attackedfour times andon 12 May 1919, 390 weremurdered. In the Soviet period, a J. law court, elem",,1700,
452,PRU_WST_DNZG,Preussen,Gdansk,Danzig,,14MX,1475,1450,1450,"J. merchants were active in the city from the mid-15th cent. despite the ban imposed by the Teutonic Order. They continued to trade without permanent residence rights under Polish rule, exporting grain an",,1400,MX
453,SNP_GDV_GDV,Sankt-Peterburg,Gdov,Gdov,18MX,18MX,1875,1850,1850,"Jews probably settled in the mid-19th cent. Their pop. was 69 (total 2,106) in 1897. In the Soviet period, their pop. stood at 86 in 1926 and 36 in 1939. Those Jews who had not fled or been evacuated were murdered after",,1800,MX
454,GLC_CRC_GDW,Galicia,Wieliczka,Gdów,,1880,1880,1880,1880,"The J. pop. numbered 376in 1880 and245 (total1,753)in 1921.In 1918 and 1919, local peasants and demobilized soldiers went on a rampage, beating Jews and pillaging their property. The Germans established a Judenrat at the en",,1800,
455,PRU_WST_GDNG,Preussen,Wejherowo,Gdingen,,1921,1921,1921,1921,"A few dozen Jews wereliving in G. in 1921.Many arrived from former CongressPoland andGalicia in the late 1920s, attractedby the thriving port andgeneraldevelopment of the city. In themid-1930s the community was the la",,1900,
456,VLN_VLN_GLVN,Vilna,Vilnius,Gelvani,16EX,16XX,1700,1600,1650,Jews began settling here in the 17th cent. The J. pop. in 1914 was about 90 families (90% of the total). Before WWI the community prospered and the Jews had close trade connections with Vilna. After wW,תנועה ציונית פעילה,1600,XX
457,TRD_MLT_GNCH,Taurida,Melitopol,Genichesk,18EX,1897,1897,1897,1897,"In 1897, the J.pop. was2,816(total 8,061).In fall 1905,a three-day pogrom was stagedagainstthe Jews.Under theSoviets in the 1920s, an active community was clandestinely maintained, with ritual slaughter, a cantor, a",,1800,
458,KIV_KIV_GRMN,Kiev,Kiev,Germanovka,1775,1775,1775,1775,1775,"Jews numbered ten in 1775 and 1,049 (total 3,628) in 1897. A talmud torah was opened in 1909. On 29 Aug. and 28 Sept. 1919, the Jews were attacked in riots. In 1926, under the Soviets, they numbered 62. Most were murde",,1700,
459,PTR_NVR_GDL,Piotrkow,Noworadomsk,Gidle,,1921,1921,1921,1921,"Jews were involved in agriculture and services to Christian pilgrims. R. Herschel of Gidle lived here, and Hasidim visited the sage's tomb in Plawno. The J. pop. in 1921 was 192. On 6 Oct. 1942, the 600 Jews of Gidl",,1900,
460,VLN_VLN_GDRT,Vilna,Vilnius,Gedroitsy,18EX,18EX,1850,1800,1825,"The J. community dates to the beginning of the 19th cent. Between the World Wars, its adults and youth were involved in Zionist activities. The J. pop. in 1939 was 200 (36% of the total). Under",תנועה ציונית פעילה,1800,EX
461,RDM_OPC_GLNW,Radom,Opoczno,Gielniów,,1857,1857,1857,1857,"The J.pop. in 1857 was 124. During WWII the community increased to 250, all of whom were deported to the Treblinka death camp on 24 Oct. 1942.",,1800,
462,PRU_OST_GLGN,Preussen,Ostroda,Gilgenburg,,1880,1880,1880,1880,"Germany, today Poland. The J. community numbered 119 Jews in 1880, but gradually declined in the first decades of the 20th cent. to about 52 in 1925.It maintained a synagogue and a cemetery. When the Nazis ass",,1800,
463,KVN_RSS_GRTK,Kovno,Rossieny,Girtakol,18MX,1897,1897,1897,1897,"The J. pop. was 530 in 1897 (82% of the total) and 27 families in 1939. After Germany's invasion in June 1941, Lithuanian nationalists trampled anddancedon the community's Torah scrolls and serio",,1800,
464,GLC_TRN_GLNN,Galicia,Przemyslany,Gliniany,,1474,1474,1474,1474,Jews are first noted from 1474 as leaseholders. A number of Jews were killed in the Chmielnicki massacres of 1648-49. At the beginning of the 18th cent. afortresslike synagogue was built to,,1400,
465,VLH_RVN_GLNK,Volhynia,Rovno,Glinki,1474,1921,1921,1921,1921,"The J. pop. in 1921 was 317 (total 1,134). It was probably liquidated by the Germans after transfer to the Rowne ghetto.",תנועה ציונית פעילה,1900,
466,GLC_LWW_GLNS,Galicia,Zolkiew,Glińsko,,1921,1921,1921,1921,"The J. pop. in 1921 was 124. The Jews were possibly deported to theBelzec deathcampin Nov. 1942, via Zolkiew or directly.",,1900,
467,GLC_LWW_GLGW,Galicia,Rzeszow,Głogów,,16LX,1700,1675,1675,"Jewsapparently settled in the late 17th cent., reaching a pop. of 1,201 (total 2,831) in 1880 but declining to 648 in 1921 in the wake of emigration and the rigors of WWI, including attacks against Jews in 1918 and 1919. Des",,1600,LX
468,RDM_KZN_GLWC,Radom,Kozienice,Głowaczów,,15MX,1575,1550,1550,"Jews settled in themid-16th cent.,becominga majority with a pop. of 1,109 in 1897 and 1,411 in 1921. After three years of German occupation in WWII, they were expelled to the Kozienice ghettoin Sept. 1942 andfrom there",,1500,MX
469,PTR_BRZ_GLWN,Piotrkow,Brzeziny,Głowno,,17LX,1800,1775,1775,"From the second half of the 18th cent., Jews constituted a majority of the inhabitants(61% in 1793-94,59% in 1921).In 1848 they suffered from a cholera epidemic, and a fire destroyed communitybuildings. Six representativesof",,1700,LX
470,CRN_GLK_GLKH,Chernigov,Glukhov,Glukhov,1720,1720,1720,1720,1720,"Jews are mentioned in the 1720s. In 1897, the J. pop. was 3,853 (26% of the total). On 7 March 1918, Red Army soldiers killed over 100 Jews in a pogrom. Between the World Wars, the J. pop. dropped to 1,501. The Germans ca",,1700,
471,LBL_LBR_GLSK,Lublin,Lublin,Głusk,,18EX,1850,1800,1825,"The J. community numbered around 400 (about half the total) from the early 19th cent. until the the outbreak of WWII, when refugees increased the J. pop. to 710. Most were deported by the Germans to the Sobibor death camp",,1800,EX
472,MNS_BBR_GLSK,Minsk,Bobruisk,Glusk,18EX,16XX,1700,1600,1650,"Jews are first mentioned in the 17th cent. and reached a pop. of 1,405 in 1819 and 3,801 (total5,328) in 1897. A Russian-language J. public school was in operation in the early 20th cent.In early July 1920, Jews were",,1600,XX
473,RDM_KZN_GNWS,Radom,Kozienice,Gniewoszów,,17LX,1800,1775,1775,"Jews settled in the late 18th cent., growing to a pop. of 1,083 (total 1,529) in 1861 but dropping to 585 after the expulsions and flight of WWI. The Zionists were active, sponsoring cultural activities and a training",,1700,LX
474,PRU_PSN_GNSN,Preussen,Gniezno,Gnesen,,11XX,1200,1100,1150,"Jews are first mentioned in the 12th cent. Settlement commenced in the 14th cent. anda relatively large community came into being in the 18th. Jews engaged mostly in trade,brokerage, and crafts, and organized their own g",,1100,XX
475,POD_VNN_GNVN,Podolia,Vinnitsa,Gnivan,18EX,18XX,1900,1800,1850,"Few Jews were present in the 19th cent. In 1926, they numbered 142 and in 1939, 361 (total 3,199). Towards the end of 1941 and the beginning of 1942, the Nazis murdered the Jews there. By Soviet count, 276 were murdere",,1800,XX
476,PRU_PSN_GLLN,Preussen,Wagrowiec,Gollantsch,,1766,1766,1766,1766,"Jews first settled in 1766 under a charter of privileges and by the time ofPrussianrule in 1772 formedan organizedcommunity, with most engaged in petty trade andpeddling. In the 19th cent. they opened stores and workshop",,1700,
477,TRD_ALS_GLPR,Taurida,Aleshki,Golaia pristan,18EX,18EX,1850,1800,1825,"Jews probably settled in the early 19th cent. and numbered 667 (total 6,143) in 1897 and 276 in 1939 under the Soviets. The Germans arrived on 13 Sept. 1941 and on 12 Oct. murdered about 150 Jews. In all, the G",,1800,EX
478,PRU_OST_GLDP,Preussen,Goldap,Goldap,,1843,1843,1843,1843,"Germany,today Poland.The J. pop. was 60 in 1843, 84 in 1880, and 58 in 1905. The first cemetery dates back to the beginning of the 19th cent. and a synagogue was established in midcent.In the 1920s, the community could no longer emp",,1800,
479,KLS_KNN_GLN,Kalisz,Konin,Golina,,17EX,1750,1700,1725,Jews lived here in the early 18th cent. after the ban on J. settlement was lifted. The J. pop. in 1897 was 679 (38% of the total). In July 1940 the Jews were expelled to Zagorow andother ghettoesandsharedthe fateof thelocal,,1700,EX
480,PRU_PMM_GLLN,Preussen,Pommern,Gollnow,,1782,1782,1782,1782,"In 1782, there were 62 Jews living in G. and 165 in 1840. A synagogue and a cemetery were established. When the Nazis came to power in 1933, the community numbered 73. The last four J. busines",,1700,
481,GLC_TRN_GLGR,Galicia,Zloczow,Gołogóry,,1470,1470,1470,1470,"Jews are first mentioned in 1470, with a synagogue built at the beginning of the 17th cent. The number of Jews reached a peak of 1,216 (total 2,766) in 1880 but declined by 60% after WWI and the attacks",,1400,
482,POD_BLT_GLSK,Podolia,Balta,Goloskov,18EX,1897,1897,1897,1897,"The J.pop. was 1,272 in 1897 and 1,572 (total 4,887) in 1926. On 1 Feb. 1907, Ukrainian rioters overturned and burned J. stalls in the market. In the 1920s, under the Soviets, about 90 J. families worked in agriculture i",,1800,
483,POD_BLT_GLVN,Podolia,Balta,Golovanevsk,17MX,17MX,1775,1750,1750,"Jews settled in the mid-18th cent. and numbered 456 in 1790 and 4,320 (total 8,148) in 1897. In 1910, a private J. boys' school was opened. On 4 Aug. 1919, the Petlyura gangs murdered 200 Jews. J. self-defense force",,1700,MX
484,MGL_MST_GLVC,Mogilev,Mstislavl,Golovchin,1765,1765,1765,1765,1765,"The J. pop. was 280 in 1765 and 433 in 1897. Jews earned their livelihoods in petty trade and crafts. In 1923, under the Soviets, the J. pop. was 378 (total 1,395), with 49 families employed in agriculture in 1924",,1700,
485,PLC_RYP_GLBD,Plock,Wabrzezno,Golub / Dobrzyń,,16MX,1675,1650,1650,Jews established a flourishing community on the east bank of the Drawanicze River dividing the town. They sufferedgreatly in the Swedish wars of themid-17th cent. but recovered quickly and numbered 795 in 1765. After,,1600,MX
486,PRU_OST_GMBN,Preussen,Gabin,Gumbinnen,,17EX,1750,1700,1725,"J. residents are mentioned from the 16th cent. but only in the early 18th, with the recovery of the town from the Swedish invasion (1655), did J. community life takeroot. The J. pop. grew to 2,539, or half the total, by t",,1700,EX
487,MGL_GML_GML,Mogilev,Gomel,Gomel,15EX,1920,1920,1920,1920,"The J. pop. was 129 (total 140) in 1920. In 1925, 22 of the 49 J. families in the village engagedin agriculture. The Germans occupied G. in Aug. 1941. In Oct. they murdered 18 Jews and in Jan. 1942, the remaining",,1900,
488,GRD_BLST_GNND,Grodno,Bielostok,Goniondz,16LX,16XX,1700,1600,1650,"Jews were present in the 17th-18th cent. despite the residence ban in force until Prussian rule in 1795. In 1800 the J. pop. was 498, growing to 2,056 (total 3,436) in 1897. J. merchants were the first",,1600,XX
489,LBL_ZMC_GRJ,Lublin,Bilgoraj,Goraj,,1626,1626,1626,1626,"Jews are first mentioned in 1626 but may have been present earlier. Recovering from the Chmielnicki massacres of 1648-49, the community resumedits position as one of themost important in the area.In the 19th cent., Jews tr",,1600,
490,WRS_GRT_GRKL,Warszawa,Grojec,Góra Kalwaria,,1795,1795,1795,1795,"The J. community was formed under Prussian rule from 1795, growing to 500 in 1827 and 2,019 in 1897 and comprising a majority of the general pop. Most Jews engaged in petty trade and crafts while the Chr",,1700,
491,PTR_BRZ_GRWS,Piotrkow,Lodz,Gora Wisniowa,,1921,1921,1921,1921,"In 1921, 56 Jews lived in this summerresort and made their living from services to vacationers.In the 1930s they suffered harassment andin Oct. 1939 the small community was expelled to Rokycany.",,1900,
492,EKT_ALK_GRK,Ekaterinoslav,Aleksandrovsk,Gorkaia,1850,1850,1850,1850,1850,"Jews from the Vitebsk andMogilev regions foundedG. as a J.colony in 1850. The J. pop. was 488 in 1858.During theMay 1881 pogroms, peasants from the neighboring village of Torkanivski protected the Jews of G. During the",מושבה חקלאית יהודית,1800,
493,MGL_GRK_GRK,Mogilev,Gorki,Gorki,1643,1643,1643,1643,1643,An organized J. community that existed in 1643 came to an end after the Chmielnicki massacres of 1648-49 and Czar Alexius's campaign in Belorussia in 1654. The J. settlement was renewed in 1699 and in 1766 numbered 51,,1600,
494,GLC_CRC_GRLC,Galicia,Gorlice,Gorlice,,18EX,1850,1800,1825,"An independent community existed from the early 19th cent. Some engaged in trade with Hungary, exporting linen and furs and importing wines and agricultural produce. A few ran oil refineries,but most eked out a living as",,1800,EX
495,EKT_BKH_GRLV,Ekaterinoslav,Bakhmut,Gorlovka,18LX,19XX,1939,1900,1920,"Jews apparently began arriving only in the 20th cent., primarily in the Soviet period, when the city became a regional center for the chemical, machine, and metal industries. In 1939, the J. pop. was 2,339 (total 109,3",,1900,XX
496,KIV_RDM_GRNS,Kiev,Radomysl,Gornostaipol,1765,1765,1765,1765,1765,"Jews numbered 57 in 1765 and 1,888 (total 3,286) in 1897. In 1919, the Petlyura gangs murdered Jews and pillaged their property. In 1939, under the Soviets, the J. pop. was 573. The Germans arrived on 22 Aug. 1941, ex",,1700,
497,MGL_RGC_GRDT,Mogilev,Rogachev,Gorodets,1847,1847,1847,1847,1847,"The J. pop. was 434 in 1847 and 512 in 1897. In 1926, under the Soviets, the J. pop. rose to 607 (69% of the total). Thirty-five J. artisans were organizedin cooperatives and another 29 owned their own workshops. Fou",,1800,
498,VTB_GRD_GRDK,Vitebsk,Gorodok,Gorodok,17MX,17MX,1775,1750,1750,"The J. community is first mentioned in the mid-18th cent. In 1805, two Jews were running a hide-processing plant. In 1897, the J. pop. was 3,413 (two-thirds of the total). In the early 20th cent., the community",,1700,MX
499,POD_KMN_GRDK,Podolia,Kamenets-Podolsk,Gorodok,1630,1630,1630,1630,1630,"Jews settledin 1630 and were attackedin the Chmielnicki massacres of 1648-49. In 1765, their pop. was 645. In the 19th cent., Jews played an active role in the industrial and commercial development of th",,1600,
500,KIV_CHR_GRDS,Kiev,Cherkasy,Gorodishche,1897,1897,1897,1897,1897,"Jews numbered 3,124 (total 14,641) in 1897 and 570 under the Soviets in 1939. The Germans capturedG. on 1 Aug. 1941, instituting a regime of forced labor and executions. On 2 April 1942, the remaining Jews in G. and i",,1800,
501,MNS_RCH_GRVL,Minsk,Riechitsa,Gorval,1789,1789,1789,1789,1789,"The J. pop. was 104 in 1789 and 832 (total 2,146) in 1897. Most Jews engaged in petty trade; a few were wholesalers. In 1925, 19 J. families moved to the Crimea. In 1930, 95 J. families worked at nearby kolkhozes. Shor",,1700,
502,MGL_CHS_GRY,Mogilev,Chausy,Gory,18MX,1897,1897,1897,1897,"The J. pop. was 577 (34% of the total) in 1897 and 355 in 1926, when a J. school was opened with an enrollment of 30 in 1927. In 1929 a J. kolkhoz for 32 families was started. The Germans occupied the town in early Jul",,1800,
503,LBL_KRS_GRZK,Lublin,Krasnystaw,Gorzków,,18EX,1850,1800,1825,"Jews are first mentioned in the early 19th cent., maintaining acommunity that never exceeded 100 families and was affiliated with Krasnystaw. Under the German occupation, commencing Sept. 1939, normal life continued unti",,1800,EX
504,VTB_DVN_GLZM,Vitebsk,Dvinsk,Glazmanka,18EX,18EX,1850,1800,1825,"Jews settled in the first half of the 19th cent. and reached a peak pop. of 1,064 (total 2,328) in 1897. In 1905 the Bund was at the center of local revolutionary activity. In Wwil t","הבונד, תרבות",1800,EX
505,KIV_KIV_GSTM,Kiev,Kiev,Gostomel,17EX,17EX,1750,1700,1725,"Jews settled in the early 18th cent. and numbered 916 in 1897. J. homes and stores were looted and burned in a pogrom on 20 Oct. 1905 and again pillaged in Sept. 1919, when J. lives were also lost. In 1939, under the Sov",,1700,EX
506,WRS_GST_GSTY,Warszawa,Gostyn,Gostynin,,14LX,1500,1475,1475,Jews lived in G. from the latter part of the 15th cent. J. residence was restrictedto a specialquarterin 1823-62.Subsequently many worked in the building trades and some as suppliers to the army. Until the early 20th ce,,1400,LX
507,WRS_GRT_GSZC,Warszawa,Grojec,Goszczyn,,17LX,1800,1775,1775,"Jews first settled in the late 18th cent., engaging mainly in leasing estates and supplying consumer goods to the proprietors. The J. pop. rose to 185 in 1921 (total 1,237), with livelihoods affectedby thecall to desist",,1700,LX
508,RDM_KNS_GWRC,Radom,Konskie,Gowarczów,,1827,1827,1827,1827,"By 1827, 457 Jews were living here and the community was affluent. At the end of WWI, a pogrom broke out when the Jews were blamed for the desecration of Polish dead bodies. Antisemitism againincreasedin the late 1920s a",,1800,
509,LMZ_OSTL_GVRV,Lomza,Ostrolenka,Govorovo,1827,17XX,1800,1700,1750,"Jews were living here in the 18th cent. and maintained an independent community growing to 1,844 members at the end of the 19th cent. (of a total 2,139). During WWI they suffered under the Russian and German occupati",,1700,XX
510,PTR_PTR_GRZK,Piotrkow,Piotrkow,Gorzkowice,,18MX,1875,1850,1850,"Jews lived here from the mid-19th cent. and numbered 273 in 1897. Between the World Wars, some were involved in the lumber trade, among them, Gershon Winter, who was called King of Poland's Forests. When the Germans",,1800,MX
511,KLS_LNC_GRBW,Kalisz,Leczyca,Grabów,,1764,1764,1764,1764,"The first Jews settled here in 1764, and in the 19th cent. their numbers increased (640 in 1897; 61% of the total). They suffered severely from a boycott in the 1930s. By early 1941, refugees had increased the J. pop. to 1,",,1700,
512,GLC_STN_GRBW,Galicia,Bohorodczany,Grabowiec,,15XX,1600,1500,1550,"The small J. farming community originated perhaps in the 16th cent. and numbered 105 (total pop. 1,536) in 1921. The Jews were either liquidated by the Ukrainians after the Soviet departure in J",,1500,XX
513,LBL_GRB_GRBW,Lublin,Hrubieszow,Grabowiec,,16EX,1650,1600,1625,"Jews are mentioned in the first half of the 17th cent. and increased steadily from the mid-18th cent., numbering 1,717 (total 3,362) in 1897. The community was hasidic, with courts and shtiblekh identified with th",,1600,EX
514,PRU_PSN_GRBW,Preussen,Ostrzeszow,Grabow,,15XX,1600,1500,1550,"Jews werepresent from the 16th cent.but a community was only established in the 18th. The J. pop. rose to 170 (total 1,485) in 1840 and thereafter declined steadily through emigration to 59 in 1921. Thoseremain",,1500,XX
515,PLT_KRM_GRDZ,Poltava,Kremenchug,Gradizhsk,18EX,18EX,1850,1800,1825,"Jews settled in the early 19th cent. and numbered 1,112 (total 9,486) in 1897. In the Soviet period, there was a school for J. children, but only one grade was taught. By 1939, the J.pop. had droppedto 145.TheGermansmu",,1800,EX
516,LMZ_SHC_GRV,Lomza,Shchuchin,Graevo,16MX,16LX,1700,1675,1675,"Jews were present in the second half of the 17th cent. but only formed an organized community in the late 18th cent., growing to 1,459 (total 1,917) in 1857. Jews operateda number of factories(rubber andbuilding produ",,1600,LX
517,RDM_KZN_GRNC,Radom,Kozienice,Granica,,1850,1850,1850,1850,"Jews arrived from Bendzin in 1850. Most were Hasidim. With increasing movement to larger cities, 30 J. families remained in the 1930s. They were probably transferred to the Bendzin and Sosnowiec ghetto",,1800,
518,POD_GSN_GRNV,Podolia,Gaisin,Granov,17EX,1765,1765,1765,1765,"The J. pop. was 662 in 1765 and 753 (total 6,850) in 1897. It dropped to 161 in 1926 under the Soviets. The Germans occupied the town on 27 July 1941, murdering those Jews who had neither escaped nor been evacuated in",,1700,
519,KIV_VSL_GRBN,Kiev,Vasilkov,Grebenki,1897,1897,1897,1897,1897,"The Jews of G., together with those from the neighboring village of Salinovki, numbered 551 in 1897. J. lives were lost in a pogrom staged by Anton Denikin's White Army soldiers in March 1918. In 1939, the J. pop. was 84",,1800,
520,PRU_PMM_GRFN,Preussen,Pommern,Greifenhagen,,1481,1481,1481,1481,"The first evidenceof a J.presence dates from 1481, but a permanent settlement began only in 1705 with four families. The J. pop. numbered 205 in 1861 and gradually declined in the following",,1400,
521,GLC_LWW_GRMB,Galicia,Tarnobrzeg,Grembow,,1921,1921,1921,1921,"The J. pop. in 1921 was 172 (total5,080). A pogrom shook the community in 1918 andin 1919 commercial licenses were revokedby the Polish authorities. The Germanregime of persecutionculminatedin the expulsion of the communit",,1900,
522,MNS_SLT_GRSK,Minsk,Slutsk,Gresk,18EX,18EX,1850,1800,1825,"J. settlement probably commenced in the first half of the 19th cent. In 1897, the J. pop. was 207 (total 1,674). In 1930, under the Soviets, 12 families earned their livelihoods in a kolkhoz and a J. school (apparently",,1800,EX
523,KHR_TRS_GRGR,Kherson,Tiraspol,Grigoriopol,17LX,17LX,1800,1775,1775,"Jews probably settled with the founding of the town in the late 18th cent. The J. pop. was 832 in 1897 and in the Soviet period 796 (total 8,876)in 1926 and562 in 1939.G. was captured by",,1700,LX
524,KVN_KVN_GRNK,Kovno,Kovno,Grinkishki,16EX,16XX,1700,1600,1650,A J. community existed in the 17th cent. Economic conditions from the end of the 19th cent. until WWII resulted in J. emigration. The J. pop. was 235 in 1923 (24% of the total). On 2 Sept. 1941,,1600,XX
525,SWL_VLD_GRSH,Suwalki,Vladislavov,Grishkobuda,17EX,17XX,1800,1700,1750,There were Jews here in the 18th cent. The J. pop. in 1923 was 92 (12% of the total). Most Jews emigrated to the U.S. because of economic conditions. All of G.'s eight remaining J. families were,רובם היגרו לארהב,1700,XX
526,VLH_ZSL_GRTS,Volhynia,Zaslavl,Gritsev,17LX,1847,1847,1847,1847,"The J. pop. was 1,194 in 1847, dropping to 979 (97% of the total) in 1897. Jews were attacked in a pogrom on 21 Sept. 1917. In 1939, their pop. was 1,095. The Germans captured the town on 5 July",,1800,
527,CRL_ILL_GRV,Courland,Illukst,Griva,18EX,18XX,1900,1800,1850,"Jews from the neighboring villages settled in the 19th cent. Despite a severe epidemic in the 1890s and flooding of the Dvina River in 1903 which claimed 200 mostly J. lives, the J. pop. continued to climb to a",,1800,XX
528,CRL_GRB_GRBN,Courland,Grobin,Grobin,18EX,18EX,1850,1800,1825,"An organizedcommunity existedin the early 19th cent. The J. pop. numbered 677 in 1861 and 258 in 1910 (total 1,359). The pop. dropped because of resettlement in Kherson in S. Russia, a cholera epidemic in 184",,1800,EX
529,GLC_LWW_GRDK,Galicia,Grodek,Gródek,,1445,1445,1445,1445,Jews werepresent from at least 1445 and continued in the 16th cent. despite residence restictions. A J. quarter was authorized in themid-17th cent. on castleland and the community,,1400,
530,GRD_BLST_GRDK,Grodno,Bielostok,Gorodok,16LX,16LX,1700,1675,1675,"J. settlement commenced in the late 17th cent., amounting to 24 families in 1789. From the mid-19th cent., J.-owned textile factories became the major source of J. employment. Industrialization",,1600,LX
531,VLN_VLK_GRDK,Vilna,Vileika,Gorodok,18EX,18EX,1850,1800,1825,"Jews are presumed to have settled in the early 19th cent. and numbered 1,230 (total 1,603) in 1897. They owned most of the town's stores and had auxiliary farms next to their houses. Heavy taxes aft","אגודת ישראל, תרבות",1800,EX
532,GRD_GRD_GRDN,Grodno,Grodno,Grodno,11LX,11LX,1200,1175,1175,The J. community was one of the oldest in the the Grand Duchy of Lithuania. Jews arrived in the late 12th cent. from the Grand Duchy of Kiev and from WesternEurope in flight from the depred,"מהקהילות העתיקות ביותר בליטא, היהודים הגיעו מקייב ומערב אירופה בעקבות מסעות הצלב",1100,LX
533,PTR_BND_GRDZ,Piotrkow,Bedzin,Grodziec,,18MX,1875,1850,1850,"Jews first arrived in the mid-19th cent., numbering 200 (total 700) between the World Wars. Their number rose to 283 with the arrival of Silesian refugees in WWII. In June 1942, all were expelledto the Bendzin and Sosno",,1800,MX
534,WRS_BLN_GRDZ,Warszawa,Blonie,Grodzisk,,16LX,1700,1675,1675,"Jews probably settledin the late 17th cent.,permitted to build houses and pursue their livelihoods freely by estate owners eager to develop the town. Jews constituteda majority of the totalpop. until WWI, increasing to",,1600,LX
535,PRU_PSN_GRTZ,Preussen,Grodzisk,Grätz,,15LX,1600,1575,1575,"Jews first settled in the late 16th cent. and by 1663 numbered374. J. merchantsmaintainedcommercial relations mainly with thenobility, dealingin wool, cloth, and alcoholic beverages. In 1749 the Jews receiv",,1500,LX
536,WRS_GRT_GRJC,Warszawa,Grojec,Grójec,,17XX,1800,1700,1750,An organizedcommunity dates from the 18th cent. A wooden synagogue whose interior was beautifully designed by the well-known artisanDavidFriedland was erected in the mid-19th cent. G. became a center of Kozi,,1700,XX
537,PTR_PTR_GRCH,Piotrkow,Piotrkow,Grocholice,,17EX,1750,1700,1725,Jews settled here early in the 18th cent. The J. pop. in 1857 was 151. At the endof 1941 its 51 members were deported to Belkhatow and in Aug. 1942 to Chelmno.,,1700,EX
538,GLC_CRC_GRMN,Galicia,Tarnow,Gromnik,,18MX,1875,1850,1850,"Jews were living there in the mid-19th cent. and in 1921 numbered 140 (total 1,249). The Germans took G. in Sept. 1939, imposing a regime of forced labor and impounding J. farms.Most Jews werepresumablyexpelledin summer",,1800,MX
539,KHR_ELZ_GRMK,Kherson,Elizavetgrad,Gromokleia,18MX,18MX,1875,1850,1850,G. was founded as a J. colony in the mid-19th cent. Its pop. declined from 330 in 1879 to 270-280 (70 families) in the 1920sunder Sovietrule. A J. kolkhoz was apparently founded in the late 1920s and a J. elementary sc,מושבה חקלאית יהודית,1800,MX
540,PRU_OST_GRSS,Preussen,Ragneta,Gross-Kackschen,,1895,1895,1895,1895,"Germany, today Russia. The J. pop. numbered 205 in 1895 and about 125 on the eve of WWI Although there was no synagogue building, a community official was employed and religious services were held regularly",,1800,
541,KHR_TRS_GRSS,Kherson,Tiraspol,Grossulovo,18LX,1897,1897,1897,1897,"The J. pop. was 1,201 (total 2,088) in 1897. In the Soviet period, 224 of a total 669 J. breadwinners were stripped of their rights in the late 1920s. The local beit midrash still se",,1800,
542,MNS_SLT_GRZV,Minsk,Slutsk,Grozov,1808,1808,1808,1808,1808,"Twenty-four Jews were present in 1808. The J. pop. grew to 765 (total 928) in 1897 and then fell to 704 in 1926 under Soviet rule. A J. school was opened in 1923, with anenrollmentof 90-100 in 1927-28.A J.kolkhoz supp",,1800,
543,PRU_WST_GRDN,Preussen,Grudziadz,Graudenz,,16XX,1700,1600,1650,"The J. community was founded in the 17th cent., becoming one of the biggest in Greater Poland with apop. of 820 in 1712.Most Jews werepetty traders andpeddlers living in straitenedeconomic circumsta",,1600,XX
544,KVN_SHV_GRDZ,Kovno,Shavli,Grudzi,14EX,17LX,1800,1775,1775,The J. community was founded at the end of the 18th cent. The J. pop. in 1897 was 482 (41% of the total). Many Jews emigratedbecause of economic conditions. The J. pop. in 1939 was 75 (6% of the total,,1700,LX
545,GLC_CRC_GRYB,Galicia,Grybow,Grybów,,17MX,1775,1750,1750,"A permanent settlement is known from the mid-18th cent. The J. pop. was 596 in 1880 (25% of the total) and 908 in 1910. Zanz Hasidism was dominant, controlling the comStreet in Gruzdziai, Lithuania, 1927 munity council un",,1700,MX
546,GLC_TRN_GRZY,Galicia,Skalat,Grzymałów,,17EX,1750,1700,1725,"The Jews were among the first settlers in the town in the early 18th cent. and maintained a level of 50-60% of the total pop., with a peak of 2,977 in 1890. Jews were active in trade but",,1700,EX
547,SWL_MRM_GDL,Suwalki,Mariampol,Gudele,18LX,1923,1923,1923,1923,"The J. pop. in 1923 was 193, but fell to less than half of that by WwiIl. Lithuanians killed all the Jews in the Azuolo Buda forest on 23 July 1941.",,1900,
548,PRU_PMM_GLZW,Preussen,Pommern,Gülzow,,1705,1705,1705,1705,"A Jew is first mentioned in 1705. The J. community remainedsmall,numbering four families in 1752 and 48 individuals in 1905. It maintained a prayer room and a cemetery. When the Nazis came to",,1700,
549,EKT_ALK_GLPL,Ekaterinoslav,Aleksandrovsk,Guliai-Pole,18MX,1881,1881,1881,1881,"Much J. property was destroyed in a May 1881 pogrom. In 1897, the J. pop. was 1,173 (total 9,497).In the Soviet period, G. became an organizational center for J. land settlement in the dist. The Germans captured t",,1800,
550,LVL_VLK_GLBN,Livland,Valk,Gulbene,1918,1918,1918,1918,1918,"The community was established after WWI and numbered 84 (total 3,819) in 1935. Soon after the German occupation of July 1941, all were executed by the Latvian police near the village of Litene.",הוקמה לאחר מלחמת העולם הראשונה,1900,
551,PRU_OST_GMBN_2,Preussen,Gabin,Gumbinnen,,1765,1765,1765,1765,"Germany, today Russia. With J. settlementbeginning in 1765,G. was one of the oldest J. communities of the region. A cemetery was establishedin 1768 and two synagogues were consecrated subsequently in 1846 and in 1864.",,1700,
552,MGL_ORS_GSN,Mogilev,Orsha,Gusino,18LX,18LX,1900,1875,1875,"Jewsprobably settled in the late 19th cent. and numbered 427 (total 706) in 1926.A J.kolkhoz was in existenceuntil June 1941. The Germans arrived in July 1941, confining the Jews to a ghetto camp and murdering 278, incl",,1800,LX
553,PRU_OST_GTTS,Preussen,Lidzbark,Guttstadt,,1814,1814,1814,1814,"Germany, today Poland. Jews were allowed to trade at the local fairs in 1802. In 1814 three J. families were permitted to settle permanently. In 1847, the J. pop. was 120 individuals and 243 in 1871. The co",,1800,
554,GLC_STN_GWZD,Galicia,Kolomyja,Gwoździec,,1635,1635,1635,1635,"Jews are first recorded in 1635, with the community's splendid synagogue (which bummed down in WWI) dating to 1640. The J. pop. in 1900 was 1,663.(66% of the total). Traditional life with a hasidic",,1600,
555,SML_GZH_GZHT,Smolensk,Gzhatsk,Gzhatsk,18MX,18MX,1875,1850,1850,"Jews probably settled in the mid-19th cent. and numbered 152 (total 6,324) in 1897. In 1901, they received permission to operate a prayer house. In the Soviet period, the J. pop. reached 276 in 1926 and then dropped to",,1800,MX
556,GRD_PRZ_GNVK,Grodno,Pruzhany,Gainovka,18LX,18LX,1900,1875,1875,"Jews first settled in the late 19th cent. as merchants and shopkeepers. The community numbered41 in 1921, growing to 600 in 1939. A synagogue was built in 1929. Most children studied at a Hebrew school founded in the",,1800,LX
557,GLC_STN_HLCZ,Galicia,Stanislawow,Halicz,,14XX,1500,1400,1450,"Jews are mentioned from the 15th cent. with a small Karaite community also surviving into the 20th cent. (There were 40 Karaite families in 1923, mostly farmers.) The J. community grew significantly in",,1400,XX
558,PRU_WST_HMMR,Preussen,Czluchow,Hammerstein,,1831,1831,1831,1831,"Germany, today Poland. The J. pop. of H. numbered 142 in 1831 and 195 in 1880. The community maintained a synagogue and a cemetery. In 1881, antisemitic riots in Pomerania and West Prussia led to attack",,1800,
559,PRU_OST_HLSB,Preussen,Lidzbark,Heilsberg,,1728,1728,1728,1728,"Germany, today Poland. The first evidence of a J. presence dates from 1728. By 1871, the J. pop. was 164. The community maintained a synagogue and a cemetery, which was desecrated in 1932. In June 1933",,1700,
560,VLN_DSN_GRMN,Vilna,Disna,Germanoviche,18LX,18LX,1900,1875,1875,"Jews were presentby the late 19th cent., mostly as vegetable farmers. In 1921 their number reached 209 (total 593), farming now on a smaller scale following theloss of marketsandthedrop in prices.To ea",,1800,LX
561,VLH_KVL_VLKG,Volhynia,Kovel,Velikaia Glusha,18LX,1921,1921,1921,1921,The J. pop. in 1921 was 224. The Jews were transferred to the Kamien Koszyrski ghetto where they were liquidated in the Aktions of 10 Aug. and 2 Nov. 1942.,,1900,
562,GLC_STN_HNZD,Galicia,Zydaczow,Hnizdyczów,,1921,1921,1921,1921,The J. pop. in 1921 was 100. The Jews were expelled to Stryj for liquidation in Sept. 1942.,,1900,
563,VLN_SVN_GDTS,Vilna,Sventsiany,Godutishki s kazenoi usadboi,1882,1882,1882,1882,1882,"Jews from the surrounding villages joined the community in the wake of Czar Alexander III's May Laws of 1882. Many were employed in the region's burgeoning flax industry. The J. pop. reached 1,373 (total",תנועה ציונית פעילה,1800,
564,PRU_OST_HHNS,Preussen,Ostroda,Hohenstein,,1831,1831,1831,1831,"Germany, today Poland. There was a small J. settlement of eight in 1831.In 1880,theJ.pop. was 111,dropping to 55 in 1925. The community maintaineda synagogue and a cemetery establishedin the first half of the",,1800,
565,GRD_VLK_GLBD,Grodno,Volkovysk,Golobudy,1860,186L,1870,,,H. was founded as a J. farm settlement in the late 1860s and had a J. pop. of 109 in 1921. In Nov. 1942 all the Jews were executed by the Germans in the Wiszniki forest.,מושבה חקלאית יהודית,1800,L
566,VLH_KVL_GLBY,Volhynia,Kovel,Goloby,18LX,1921,1921,1921,1921,"The J. pop. in 1921 was 200 (total 1,456). All Jews were brought to the Mielnica ghetto in late 1941 and murdered there on 3 Sept. 1942.",,1900,
567,VLN_OSH_OLSH,Vilna,Oshmiany,Olshany,17EX,17XX,1800,1700,1750,"Jews probably first settled in the 18th cent., trading in lumber, flax, and pig bristles. Jews also owned a small beer brewery, a flour mill, and hide-processing shops.Most had smallauxiliary farms.The Z",השומר הצעיר,1700,XX
568,VLN_DSN_GLBC,Vilna,Disna,Golubiche,1882,1882,1882,1882,1882,Jews settled in the wake of the May Laws of 1882 and numbered 90 families (of atotal 100) in 1931. Many of them were tailors and shoemakers but were reduced to peddling between the World Wars and often,,1800,
569,GLC_STN_HLYN,Galicia,Kalusz,Hołyń,,1921,1921,1921,1921,The J. pop. in 1921 was 122. The Jews wereprobably expelled to Kalusz for liquidation in Aug. 1942.,,1900,
570,GRD_SLN_GLYN,Grodno,Slonim,Golynka,15MX,15MX,1575,1550,1550,"A number of Jews were present in the mid-16th cent. as leaseholders, tax farmers, and distillers. In 1766, 215 were living there. In 1897 they numbered 339 (total 719), with most working the land. Emig",,1500,MX
571,VLH_VLD_GRKH,Volhynia,Vladimir-Volynskii,Gorokhov,1536,1536,1536,1536,1536,"Jews are recorded from 1536 and were living on a separate streetunder the local count's jurisdiction from 1601.TradeimprovedunderRussianrule afterthe Synagogue and marketplace in Horochow, Poland Second",תנועה ציונית פעילה,1500,
572,GRD_KBR_GRDT,Grodno,Kobrin,Gorodets,15MX,15MX,1575,1550,1550,Jews are first mentionedin themid-16th cent. Through the 19th cent. they operated small factories. They were also active in the food and clothing trade. The Zionists became active in the early 20th cent.,,1500,MX
573,GLC_STN_HRDN,Galicia,Horodenka,Horodenka,,15LX,1600,1575,1575,Jews are first recorded in the second half of the 16th cent. but the organized community dates from the early 18th when it had 14 smaller settlements attached to it. H. was a stronghold of the Shabb,,1500,LX
574,LBL_GRB_HRDL,Lublin,Hrubieszow,Horodło,,17EX,1750,1700,1725,The community that formed in the late 16th cent. was destroyed in the 1648-49 Chmielnicki massacres. A new community was established in the first half of the 18th cent. Jews engaged in tax farming and manufactured and so,,1700,EX
575,CRN_GRD_GRDN,Chernigov,Gorodnia,Gorodnia,18EX,18XX,1900,1800,1850,"Jews settled in the 19th cent., numbering 446 in 1834 and 1,249 (total 4,310) in 1897. Jews were attacked in a pogrom in 1905 andsimilarly abusedby thetown's rulerson 23 May 1918. The J. pop. dropped to 731 in 1939.",,1800,XX
576,VLH_NVG_GRDN,Volhynia,Novograd-Volynskii,Gorodnitsa,18MX,18MX,1875,1850,1850,"The J.pop. was 427 in the mid-19th cent. and 1,310 (total 2,314) in 1897. Many Jews were employed in a large porcelain factory as clerks and production workers. In 1939, under the Soviets, the J. pop. was 1,212. Th",,1800,MX
577,MNS_PNS_GRDN,Minsk,Pinsk,Gorodno,18MX,1921,1921,1921,1921,The J. pop. in 1921 was 583. Almost all the Jews were killed in the Holocaust.,,1900,
578,MNS_NVG_GRDS,Minsk,Novogrudok,Gorodishche,17EX,17EX,1750,1700,1725,"A J. community existedin theearly 18thcent., reachingapop. of 2,108 (total 2,631)in 1897but dropping to 760 in 1921 after the evacuation of WWI. A fire in 1886 destroyedhalf the town, including thr",,1700,EX
579,VLH_RVN_GRNG,Volhynia,Rovno,Goringrod,18MX,1897,1897,1897,1897,"The Jews numbered 540 (total 1,936) in 1897 and307 in 1921. With theGermanoccupation, the Ukrainians murdered 25 Jews on 6 July 1941 and 60 the next day. The rest were taken to the Tuczyn ghetto,",,1800,
580,GLC_LWW_HRYN,Galicia,Cieszanow,Horyniec,,1921,1921,1921,1921,The J. pop. in 1921 was 120. The 150 Jews present in WWII were expelled to Lubaczow in May 1942.,,1900,
581,VLH_OST_GSHC,Volhynia,Ostrog,Goshcha,15MX,15LX,1600,1575,1575,"Jews probably settled in the second half of the 16th cent., growing slowly to a pop. of 884 in 1897 (total 2,091). Zionist activity began early in the 20th cent. In WWI, many Jews left the town and at th",,1500,LX
582,BSS_KHT_KHTN,Bessarabia,Khotin,Khotin,17EX,13LX,1400,1375,1375,A Karaite community existedin the late 14th cent. andrecords refer to J. inhabitants in the 18thcent. When the district gov,"קהילה קראית מסוף המאה ה 14, קהילה יהודית מהמאה ה 18",1300,LX
583,LBL_GRB_HRBS,Lublin,Hrubieszow,Hrubieszów,,14MX,1475,1450,1450,"Jews are mentioned in the first half of the 15th cent. as tax farmers and as merchants doing business in Walachia, Turkey, the Crimea, and Kiev. In 1578, they were granted extensive rights by King StephenBathory. Almo",,1400,MX
584,GLC_LWW_HRSZ,Galicia,Jaworow,Hruszow,,1921,1921,1921,1921,The J. pop. in 1921 was 164. The Jews were expelled to Lubaczow for liquidation in May 1942.,,1900,
585,GLC_LWW_HCZK,Galicia,Dobromil,Huczko,,1921,1921,1921,1921,The J. pop. in 1921 was 202. The Jews were possibly expelled to a neighboring town or murdered locally in July-Aug. 1942.,,1900,
586,VLH_LTS_GLVC,Volhynia,Lutsk,Gulevichev,16MX,16MX,1675,1650,1650,Up to 20 J. families resided there from the mid-17th cent. but none after WWI.,,1600,MX
587,GLC_TRN_HSTY,Galicia,Tarnopol,Husiatyń,,15XX,1600,1500,1550,"Jew were among the first settlers in the town in the 16th cent. With the partition of 1772, most of the Jews remained on the Galician-Austrian side of the river dividing H. The town became a trade cente",,1500,XX
588,GLC_LWW_HSKW,Galicia,Mosciska,Husaków,,16XX,1700,1600,1650,"JewsarementionedinH. from the 17th cent.The community grew to 629 in 1900 (40% of the total) but dropped by two-thirds with the sufferings of WWI, all thoseremaining supportedby charitable funds. A pogThe m",,1600,XX
589,CRN_BRZ_ICHN,Chernigov,Borzna,Ichnia,18MX,18MX,1875,1850,1850,"Jews settled in the mid-19th cent. and numbered 100 families in the 1880s.On 16 Aug. 1881, J.homes and stores werepillaged and destroyedin a pogrom. The J. pop. was 575 (ofa total 18,638) in 1917 and 148 in 1939. The",,1800,MX
590,VLN_SVN_IGNL,Vilna,Sventsiany,Ignalino,18LX,19EX,1925,1900,1915,"Jews from the surrounding villages settled in I. and formed an organized community by the early 20th cent. The J. pop. grew to 593 (of a total 773) in 1925. Between the World Wars, J. butchers supplied the","בונד, תרבות",1900,EX
591,VLH_LTS_IGNT,Volhynia,Lutsk,Ignatovka,1838,1838,1838,1838,1838,"Founded as a J. farm settlement on 700 acres of royal land in 1838, its pop. reached 1,204 in the early 20th cent.Emigration in the WWI period, much of it to ICA settlements in Argentina, re",מושבה חקלאית יהודית,1800,
592,VTB_VLZ_ILN,Vitebsk,Velizh,Ilino,1840,1840,1840,1840,1840,"Jews settled in the early 1840s and numbered 21 in 1847, their number rising to 1,105 (of a total 1,415) in 1897. In the Soviet period, their pop. declined to 378 in 1926 and 221 in 1939. In WWII, nine Jews were killed i",,1800,
593,KIV_LPV_ILNT,Kiev,Lipovets,Ilintsy,16MX,16MX,1675,1650,1650,"J. settlement began in the mid-17th cent. The J. pop. was 386 in 1765 and 4,993 (of a total 10,039) in 1897. In 1909, a private boys' school was in operation. In the Sovietperiod, many Jewsbelongedto cooperati",,1600,MX
594,VLN_VLK_IL,Vilna,Vileika,Iliia,16EX,16XX,1700,1600,1650,"Jews probably arrived in the 17th cent. and formed an organized community with two synagogues (for Hasidim and Mitnaggedim) in the 18th cent. In 1809, eight families from amongthe followers of the Vilna Gaonem","החלוץ, ביתר",1600,XX
595,GLC_LWW_ILNK,Galicia,Turka,Ilnik,,19XX,1941,1917,1930,"Between the World Wars the J. community of a few hundred, mostly farmers, constituted 5-10% of the total pop. The Germans arrived in July 1941 and persecution began. Most were deported via Turka to the Belzec",,1900,XX
596,CRL_ILL_ILLK,Courland,Illukst,Illukst,17LX,17LX,1800,1775,1775,"Jews began to settle at the end of the 18th cent. The community grew under Russian rule in the 19th cent., reaching a pop. of 1,016 (total 4,100) in 1910. All left in WWI and 71 were present in 1935 (total 1,",,1700,LX
597,WRS_GST_ILW,Warszawa,Sochaczew,Iluw,,17MX,1775,1750,1750,"Jews settled there in the mid-18th cent. andby 1921numbered 374 (about 50% of the total). Under the German occupation from Sept. 1939,the Jewswereexpelledto nearby ghettoes and senton to the Warsaw ghetto in Fe",,1700,MX
598,RDM_ILZ_ILZ,Radom,Ilza,Iłża,,18EX,1850,1800,1825,"Jews settled in the early 19th cent., their pop. growing from 542 in 1861 to 2,069 (total 4,230) in 1897 as Jews helped pioneer the glass and porcelain industry. Jews also owned local flour mills and quarries. After the re",,1800,EX
599,GRD_GRD_INDR,Grodno,Grodno,Indura,1539,1539,1539,1539,1539,"Jews are first mentioned in 1539. In 1720, I. was the seat of the Lithuanian Council after it broke away from the Council of the Four Lands. Though dominated by Mitnaggedim, the community was an importan",,1500,
600,KHR_KHR_INGL,Kherson,Kherson,Ingulets,1809,1809,1809,1809,1809,"I. was founded as a J. colony in 1809 and numbered 90 J. families in 1812. In 1897, the J. pop. was 2,696 (total 2,781). A public school for J. children was operating in 1910. In 1926, a J. agricultural school",מושבה חקלאית יהודית,1800,
601,PTR_RVA_INWL,Piotrkow,Rawa,Inowłódz,,1537,1537,1537,1537,"Jews first settled here in 1537. At the end of the 19th cent., most of the 324 Jews were employedin services to vacationers. In Aug. 1942 the Germans expelled 500 Jews to the Tomashow-Mazowiecki ghetto.",,1500,
602,PRU_PSN_INWR,Preussen,Inowroclaw,Inowrazlaw,,1447,1447,1447,1447,Jews are first mentioned in 1447 and an organized community existed in the 16th cent. The Swedish invasion of 1656 and the subsequentpogrom by the troops of Stefan Czarniecki devastated the community. In 1681 King Joh,,1400,
603,PRU_OST_INST,Preussen,Wystruc,Insterburg,,1834,1834,1834,1834,"Germany, today Russia. The first Jew settled in I.in 1834. In 1843, the J. pop. was 41; in 1880, 363; and in 1925, 338. The community establisheda synagogue in 1865 and subsequently two cemeteries (the fi",,1800,
604,VLN_VLN_INTR,Vilna,Vilnius,Inturki,17LX,17XX,1800,1700,1750,"The J. community began in the 18th cent. The J. pop. in 1939 was 80.In Aug. 1941, Lithuanian nationalists took control of the town andsentall of theJews to Utena,wherethey were murdered.",,1700,XX
605,BSS_IZM_IZML,Bessarabia,Izmail,Izmail,17LX,17LX,1800,1775,1775,"Jews first settled in the late 18th cent. On 24 Jan. 1872, Jews were accused of stealing goods and attacked by the local pop. with the support of the authorities; 60 J. houses were burned and property was pi",,1700,LX
606,KIV_RDM_IVNK,Kiev,Radomysl,Ivankov,1789,1789,1789,1789,1789,"Jews numbered 73 in 1789 and 1,577 (of a total 3,037) in 1897. J. livelihoods were centeredaroundlocal market days.In Nov. 1917, Jews were attacked in riots and in May 1919 the Petlyuragangs stagedapogrom.Under theSoviets",,1700,
607,VLH_ZHT_IVNT,Volhynia,Zhitomir,Ivnitsa,17EX,1765,1765,1765,1765,Jews numbered 88 in 1765 and 607 in 1897. The J. pop. probably dropped between the World Wars. The Germans captured I. on 9 July 1941 and murdered the Jews.,,1700,
608,MNS_PNS_IVNK,Minsk,Pinsk,Ivaniki,1851,1851,1851,1851,1851,"I. was a J. farm settlement established in 1851, with a pop. of 240 in 1898 and 235 in 1921. Its Jews were presumably brought to thePinsk ghetto for extermination during WWII.",מושבה חקלאית יהודית,1800,
609,RDM_OPT_IWNS,Radom,Opatow,Iwaniska,,18MX,1875,1850,1850,"Jewsprobably settled in the 18th cent. and formed an organized community with its own synagogue in the mid-19th cent, when their pop. stood at 596 (total 1,312). In 1918, most J.homes as well as the synagogue were destro",,1800,MX
610,MNS_MNS_IVNT,Minsk,Minsk,Ivenets,17LX,17LX,1800,1775,1775,"Thecommunity dates from thelate 18thcent.Most Jews based their livelihoods on the weekly market day and by the late 19th cent. Jews ran most of the stores built in the town square. Many fled in WWI, t",,1700,LX
611,VLN_OSH_IV,Vilna,Oshmiany,Ive,16EX,16EX,1650,1600,1625,"Jews settledin theearly 17thcent.J. economic life centered around the marketplace, where most J. stores were located. Many traded in farm produce and a few were farmers. The community was plagued by numer",תנועה ציונית פעילה,1600,EX
612,GRD_VLK_IZBL,Grodno,Volkovysk,Izabelin,17MX,17MX,1775,1750,1750,"Jews settled in the mid-18th cent. and numbered 454 (of a total 963) in 1897, declining through emigration to 272 in 1921. They were active in allphases of the tobacco industry. Their most eminent rabb",,1700,MX
613,LBL_KRS_IZBC,Lublin,Zamosc,Izbica,,17LX,1800,1775,1775,"The first J. families settled in the late 18th cent. and soon comprised over 90% of the pop., numbering 3,019 in 1897 after many lost their homes and property in an 1863 fire. I. became famous as a hasidic center when R.",,1700,LX
614,KLS_KLO_IZBC,Kalisz,Kolo,Izbica,,16XX,1700,1600,1650,"Jews first settled here in the 17th cent. and numbered 1,250 in 1897; 70% were artisans. The Germans entered in Sept. 1939 and the Jews were ghettoized. In 1940 Jews were brought in from the environs. On 15 Jan. 19",,1600,XX
615,KHR_IZM_IZM,Kharkov,Izium,Izium,18LX,1897,1897,1897,1897,"Jews numbered 88 in 1897 and 403 in 1939 (of a total 34,859). The Jews who had neither fled nor been evacuated prior to the German occupation of 24 June 1942 perished in the Holocaust.",,1800,
616,KHR_ELZ_IZRL,Kherson,Elizavetgrad,Izrailevka,1807,1807,1807,1807,1807,"A J. agricultural settlement was founded in 1807 and numbered 118 Jews in 1812 and 1,387 (total 1,490) in 1897. Jews were farmers and winegrowers. In the Soviet period, there were 1,2",מושבה חקלאית יהודית,1800,
617,POD_MGL_IZRL,Podolia,Mogilev,Izrailovka,1787,1787,1787,1787,1787,"Named after a J. lessee, the village had six Jews in 1787. In the Soviet period (1935), 54 J. children attended a mixed grade school with Ukrainian children. The Germans occupiedI. on 19 July 1941. In Sept. it",,1700,
618,VLH_ZSL_ZSLV,Volhynia,Zaslavl,Zaslavl,16EX,16XX,1700,1600,1650,"Jews were present in large numbers in the 17th cent. In 1648 they suffered at the hands of Chmielnicki's Cossack troops and in 1705-08 they were attacked in Haidamak pogroms. In 1747, a gro",,1600,XX
619,LMZ_WYS_IBLN,Lomza,Wysokie Mazowieckie,Iablonka,17EX,17XX,1800,1700,1750,"Jews were present from the 18th cent., mostly trading in farm produce on a small scale or working as tailors. In 1921 the J. pop. was 157 (total248). The Germans occupiedthe village on 24 June 1941.In Nov.",,1700,XX
620,WRS_WRS_JBLN,Warszawa,Warszawa,Jabłonna,,18EX,1850,1800,1825,"Jews probably arrived in the early 19th cent., opening their stores in a large building provided by the local count and later serving vacationers as the tourist trade developed. The community grew to 572(total 2,081)in",,1800,EX
621,GLC_STN_JBLN,Galicia,Kolomyja,Jabłonów,,17XX,1800,1700,1750,"The J. community dates from the 18th cent. Throughout most of the 19th cent. J. trade flourished and a single family provided all the community's rabbis. The J. pop. in 1900 was 1,105 (total 1,86",,1700,XX
622,GLC_LWW_JBLN,Galicia,Turka,Jabłonów,,1921,1921,1921,1921,"The J. pop. in 1921 was 103. The Jews were deported to the Belzec death camp in the second half of 1942, directly or via Turka.",,1900,
623,WRS_RDM_JDW,Warszawa,Radzymin,Jadów,,1760,1760,1760,1760,"J. settlers are mentioned in the 1760s and engaged in leaseholding and innkeeping as wellaspetty trade.In 1831 they bought looms from a defunct spinning mill and began manufacturing prayer shawls. The J. pop. grew to 1,272",,1700,
624,GLC_TRN_JGLN,Galicia,Czortkow,Jagielnica,,17XX,1800,1700,1750,"A J. community existed from the 18th cent. with a rabbinical dynasty foundedby R. Tzevi Shapira lasting from 1780 to 1903. The pop. reached 1,892 (total 3,143) in 1880 but fell off to 998 by 1921 owin",,1700,XX
625,GRD_VLK_ILVK,Grodno,Volkovysk,Ialovka,17LX,17LX,1800,1775,1775,"Jewsprobably settledin the late 18thcent.Among J. artisans, carpenters and boilermakers were prominent. Most hadauxiliary farms.Although thecommunity stagnated when bypassed by the railroad, its pop. st",,1700,LX
626,GLC_LWW_JNW,Galicia,Grodek,Janów,,16EX,1650,1600,1625,"Jews are mentioned in the early 17th cent., but the community was apparently wiped out in the Chmielnicki massacres of 1648-49, reestablishing itself toward the end of the cent. Through the 19th cent. the",,1600,EX
627,GLC_TRN_JNW,Galicia,Trembowla,Janów,,1628,1628,1628,1628,"Jews are first mentioned in 1628, reaching a peak pop. of 998 (total 2,483) in 1880 and thereafter declining through emigration to 525 in 1921. Under Soviet rule (Sept. 1939-June 1941), J. economic and",,1600,
628,LBL_INV_JNWL,Lublin,Janow,Janów Lubelski,,16XX,1700,1600,1650,"A. J. community with a synagogue and cemetery existed by the 17th cent. The first rabbi of the community was R. Yaakov Ashkenazi, who wrote 7ze'ena u-Re'ena, a collection of legends and sermons in Yiddish for women.",,1600,XX
629,GRD_KBR_IVNV,Grodno,Kobrin,Ivanovo,16MX,16MX,1675,1650,1650,"The J. community was formed around the mid-17th cent. under the auspices of the Pinsk community. J. commercial life revolved around the market, where all stores were in J. hands, while the larger me",,1600,MX
630,GRD_SKL_INV,Grodno,Sokolki,Ianov,17EX,17EX,1750,1700,1725,"The first Jews arrived in the early 18th cent. Most shops and stalls in the market built in 1739 belonged to Jews. In 1740 a beautiful synagogue was completed. J. merchants became active in the lumber, grain, a",,1700,EX
631,PRU_PSN_JNWT,Preussen,Znin,Janowitz,,1871,1871,1871,1871,"The 19th cent. community reached a peak pop. of 199 (total 645) in 1871. A synagogue was consecrated in 1894. Of the few Jews remaining in Sept. 1939, three were murderedby theGermans andtherest expelledto General G",,1800,
632,RDM_KZN_JNWC,Radom,Kozienice,Janowiec,,15MX,1575,1550,1550,Jews settled in the mid-16th cent. but fled with the rest of the pop. following the Swedishinvasion of 1656. They returned 50 years later. A synagogue established in the 17th cent. was regarded as one of the most e,,1500,MX
633,LBL_TMS_JRCZ,Lublin,Tomaszow,Jarczów,,1863,1863,1863,1863,"Jews numbered 203 (total 231) in 1863 and 250 between the World Wars. On 22 May 1942, they were deported by the Germans to the Belzec death camp.",,1800,
634,PRU_PSN_JRTS,Preussen,Jarocin,Jarotschin,,17LX,1800,1775,1775,"The town's proprietor, Jan Radolinski, invited the Jews to settle in the secondhalf of the 18thcent. andan organizedcommunity with a wide-ranging charter of privileges was formed. The community grew rapidly under Prussia",,1700,LX
635,GLC_LWW_JRSL,Galicia,Jaroslaw,Jarosław,,1464,1464,1464,1464,"Jews are first Door of synagogue in Jaroslaw, Poland mentioned in 1464 but were apparently present centuries before. Residence restrictions kept the J. pop. down to a few families until the 17th cent. Most engaged in mone",,1400,
636,GLC_LWW_JRYC,Galicia,Lwow,Jaryczów Nowy,,17EX,1750,1700,1725,The first J. settlement was destroyed in the Tartarinvasion of 1578 and a community was reestablished in the early 18th cent. whenmany Jews specialized in the manufacture of gold- and silver-threaded b,,1700,EX
637,GLC_LWW_JSNC,Galicia,Brzozow,Jasienica,,1900,1900,1900,1900,"The J. pop. reached a peak of 546 (total 2,302) in 1900. The ghetto setup by theGermansin 1942 alsoreceived refugees from nearby places. Two hundred young men were sentto forced labor in Jasliska and the Plaszow",,1900,
638,GLC_STN_JSNW,Galicia,Horodenka,Jasienów Polny,,1921,1921,1921,1921,The J. pop. in 1921 was 109. The Jews wereprobably expelledto Horodenka for liquidation in April 1942.,,1900,
639,GLC_LWW_JSLS,Galicia,Sanok,Jaśliska,,18EX,1850,1800,1825,"The first Jews settled in the early 19th cent. and the community grew to 293 (total 936) in 1900, with Zanz and Sadagora Hasidism represented. The Poles expelled the town's 100 J. families to Rymanow on 1 Sept. 1939 but t",,1800,EX
640,GLC_CRC_JSL,Galicia,Jaslo,Jasło,,13XX,1400,1300,1350,"Jews are mentioned in the 14th cent. and a community existed in 1565 but subsequent residence restrictions curtailed the settlement until 1860. In 1880 the J. pop. stood at 934, rising to 2,445 in 1921 (25% of the total). A",,1300,XX
641,KIV_KIV_ISNG,Kiev,Kiev,Iasnogorodka,1784,1784,1784,1784,1784,"Jews numbered 60 in 1784 and 624 (total 1,614) in 1897. Most were Hasidim. On 15 July 1919, Ukrainian gangs attacked the Jews. In 1926, under the Soviets, ten Jews remained.",,1700,
642,PRU_WST_JSTR,Preussen,Walcz,Jastrow,,1771,1771,1771,1771,"Germany, today Poland. By 1771 there was a J. community with 121members.The J.pop. grew to 254 individuals in 1788, peaking at 509 in 1849. By 1895, numbers had shrunk to 254. In 1925, there were only 150J",,1700,
643,CRL_FRD_FRDR,Courland,Fridrikhshtadt,Fridrikhshtadt,1795,1795,1795,1795,1795,"J. artisans from the surrounding villages began to settle under Russian rule after 1795. In 1881 the J. pop. reached a peak of 4,128 (total 5,820). Fires in 1863 and 1871 left many homeless.",,1700,
644,GLC_LWW_JWRN,Galicia,Dobromil,Jawornik Ruski,,1921,1921,1921,1921,The J. pop. in 1921 was 105. Its Jews were executed locally or possibly expelled to Przemysl for liquidation in summer-fall 1942.,,1900,
645,GLC_CRC_JWRZ,Galicia,Chrzanow,Jaworzno,,18MX,1875,1850,1850,"The J. settlement began to grow only in the mid-19th cent. with the development of modern industry in J. The J. pop. was 684 in 1890 and 1,346 in 1921. The Jews were excluded from industrial employment and found only a",,1800,MX
646,GLC_TRN_JZLW,Galicia,Buczacz,Jazłowiec,,15XX,1600,1500,1550,". The J. community dating from the 16th cent. was served by a long line of illustrious rabbis. The Zionist movement became active in the early 20th cent. The pop. declined severely from a peak of 1,642 (",,1500,XX
647,GLC_LWW_JDLC,Galicia,Krosno,Jedlicze,,19EX,1900,1900,1900,"The J. community became organized in the early 20th cent, numbering 125 (total 565) in 1900. Rampaging peasants and army desertersburned 14 J. homes andlooted J. stores in Nov. 1918. The Germans arrived in Sept. 1939 and",,1900,EX
648,RDM_RDM_JDLN,Radom,Radom,Jedlińsk,,17LX,1800,1775,1775,"A small J. community attached to Radom was formed in the late 18th cent. By 1921 the Jews numbered 762 (total 1,490). Zionist activity was extensive. After the German occupation of Sept. 1939, Jews were placed under a r",,1700,LX
649,CRL_FRD_IKBS,Courland,Fridrikhshtadt,Iakobshtadt,1795,1795,1795,1795,1795,The few Jews who were present despite aresidence ban were expelled in 1739 and only with the annexation to Russia in 1795 did J. merchants begin to settle. An organized community existed from 1810 and in 18,,1700,
650,SWL_SVL_ELNV,Suwalki,Suvalki,Elenovo,18EX,1880,1880,1880,1880,In 1880 about half the town's 659 inhabitants were Jews. The J. pop. in 1921 was 175 (total 471). All the Jews ultimately perished in the Holocaust after being expelled by the Germans in 1939 to Soviet-held territor,,1800,
651,KLC_JDR_JDRZ,Kielce,Jedrzejow,Jędrzejów,,1862,1862,1862,1862,"Jews first settled afterCzar Alexanderliftedresidencerestrictions in 1862. They were active in local industry, operating flour mills, breweries, sawmills, a brickyard and quarry, and a workshop for copper fittings. Ot",,1800,
652,GRD_SLN_OZRN,Grodno,Slonim,Ozernitsa,17EX,17XX,1800,1700,1750,Jews lived there in the 18th cent. The J. pop. in 1921 was 162 (total 528). The Jews were expelled by the Germans to the Slonim ghetto in March 1942 and apparently murdered in the secondAktion there o,,1700,XX
653,GLC_TRN_JZRZ,Galicia,Zloczow,Jezierzanka,,1921,1921,1921,1921,The J.pop. in 1921 was 160.TheJews werepossibly expelled to Zborow for liquidation in Oct. 1942.,,1900,
654,VLH_VLD_OZRN,Volhynia,Vladimir-Volynskii,Ozeriany,1700,1700,1700,1700,1700,"Jews were present by 1700 and the only meeting of the Council of theFour Lands in Volhynia washeld in J.in 1761.The Jewsnumbered1,013 in 1897 and 340 (total917) in 1921. Presumably they met",,1700,
655,WRS_WRS_JZRN,Warszawa,Warszawa,Jeziorna Królewska,,18XX,1900,1800,1850,"A J. community is known from the 19th cent.,numbering 437 (total824)in 1921.Under theGermanoccupation in WWII the Jews were confined to a ghetto and in Jan. 1941, 612 were sent to the Warsaw ghetto, afterwards",,1800,XX
656,GRD_GRD_OZRY,Grodno,Grodno,Ozery,18EX,16LX,1700,1675,1675,"J. settlement commenced in the late 17th cent. and was augmented toward the mid-19th cent. by the arrival of many J. artisans. The J. pop. rose to 1,392 (total 3,283) in 1897. J. lumber merchants from V",,1600,LX
657,PTR_BRZ_JZW,Piotrkow,Brzeziny,Jeżów,,18XX,1900,1800,1850,"The J. community developed in the 19th cent. and in 1897 numbered 733 (38% of the total). Antisemitic manifestations were frequent between the World Wars, especially in 1935. On 1 Feb. 1941, the 1,570 Jews of J. (including o",,1800,XX
658,GLC_LWW_JZW,Galicia,Nisko,Jeżowe,,1921,1921,1921,1921,"The Jews numbered 161 (total 4,818) in 1921. The community was apparently expelled to the east to the Soviet zone by the Germans in fall 1939 and met the fate of the local Jews.",,1900,
659,GLC_STN_JZPL,Galicia,Stanislawow,Jezupol,,17MX,1775,1750,1750,"An organized J. community dates from the mid- 18th cent., reaching 494 members (total 3,730) in 1900.It was known for its hasidic court (Stretyndynasty). The rigors of WWI and particula",,1700,MX
660,VLN_TRK_EZN,Vilna,Troki,Ezno,18EX,18EX,1850,1800,1825,"Jews first settledherein thebeginning of the 19th cent.During WWI the Jews were expelled; most returned after the war.BetweentheWorld Wars thecommunity maintained a Hebrew school, library, and social welf",תנועה ציונית פעילה,1800,EX
661,GLC_CRC_JDLW,Galicia,Pilzno,Jodłowa,,17LX,1800,1775,1775,"Jews settled in the late 18th cent., with the J. pop. reaching a peak of 301 (total 3,878) in 1921. A spree of looting in 1919 exemplified theunremittinghostility of thenon-J.pop. while thePolish cooperatives eroded J. l",,1700,LX
662,PRU_OST_JHNN,Preussen,Pisz,Johannisburg,,18EX,1850,1800,1825,"Germany, today Poland. Jews settled in J. in the first half of the 19th cent. The J. pop. was 150 in 1843 and186in 1880,declining to about 140in the first decades of the 20th cent. The community established a sy",,1800,EX
663,KVN_KVN_INV,Kovno,Kovno,Ianovo,17EX,17XX,1800,1700,1750,"Jews first settled in the 18th cent. In 1893 a conflagration destroyed the J. community's two synagogues. Many emigrated to America and South Africa. A modern talmud torah was opened. The J. pop. in 1897 was 3,975 (8",,1700,XX
664,KVN_PNV_IGNS,Kovno,Poneviezh,Ioganishkeli,17EX,17XX,1800,1700,1750,"Jews first settled in the 18th cent. The J. pop. in 1897 was 136 (22% of the total). At the end of the 19th cent., many Jews emigrated to America and South Africa. During WWI the Jews were expelled",,1700,XX
665,KVN_SHV_INSH,Kovno,Shavli,Ianishki,16EX,17XX,1800,1700,1750,"Jews first settled in the 18th cent. At the end of the 19th cent. many emigrated to South Africa. Zionist organizations, including Hovevei Zion, were established in J. and many contributed to Z",,1700,XX
666,GLC_CRC_JRDN,Galicia,Myslenice,Jordanów,,18EX,1850,1800,1825,"An organizedJ. community existed in the early 19th cent., growing to 238 (total 1,486) in 1921. The cattle market was an important source of J. trade and J. summer camps for schoolchildren from Cracow and elsewhere provid",,1800,EX
667,LBL_PLW_JZFW,Lublin,Pulawy,Józefów,,1765,1765,1765,1765,"Jews settledwhen J.receivedmunicipal status in 1765. Their pop. rose to 1,580 (total 1,918) in 1867 but dropped to 736 in 1921 after emigration and wartime flight. Many more fled to nearby towns after the Germa",,1700,
668,KVN_KVN_ISVN,Kovno,Kovno,Iasvoini,16EX,16XX,1700,1600,1650,"Jews first settledhere in the 17th cent. The J. pop. in 1897 was 534 (40% of the total). During wwii the Jews were expelled, most returning after the war. The J. school, which first taught in Yiddi",,1600,XX
669,LBL_BLG_JZFW,Lublin,Bilgoraj,Józefów,,16LX,1700,1675,1675,"small J. community existed in the late 17th cent., with Jews engaging in the lumber trade. In the 19th cent., they dominated the trade in alcoholic beverages and opened a number of Hebrew printing presses. A synago",,1600,LX
670,KVN_RSS_IRBR,Kovno,Rossieny,Iurburg,16EX,16XX,1700,1600,1650,"Jews first settled in the 17th cent. In 1790 a magnificent wooden synagogue was built. Haskala influence caused the falmud torah (partially supported by Jews from J. living in the U.S.) to teach Hebrew,",,1600,XX
671,MGL_MST_KDN,Mogilev,Mstislavl,Kadino,16EX,16XX,1700,1600,1650,"J. settlement probably commenced in the 17th cent. In 1766, the J. pop. included 60 poll tax payers. The J. pop. increased to 466 in 1847 and 603 (total 1,148) in 1897. In the 1920s, there was a J. rural council (soviet",,1600,XX
672,LMZ_OSTL_KDZD,Lomza,Ostrolenka,Kadzidlo-Koloniia,18EX,18EX,1850,1800,1825,The J. settlement began in the early 19th cent. when seven J. artisans and their families were brought to the village by its proprietor. In 1921 the J. pop. was 133 (of a total 915). The fate of the Jews under the Ge,,1800,EX
673,KIV_RDM_KHBN,Kiev,Radomysl,Khabno,1765,1765,1765,1765,1765,"Jews numbered 80 in 1765 and 1,721 in 1897. In March 1918, they were attacked by Anton Denikin's White Army troops and on 30 July 1919 by the Petlyura gangs. In the Soviet period, two Yiddish-language schools",,1700,
674,KIV_KIV_KGRL,Kiev,Kiev,Kagarlyk,1765,1765,1765,1765,1765,"Jews numbered 21 in 1765 and 1,414 in 1897. In fall 1917, local villagers destroyed the J. cemetery and in Aug. 1919, Anton Denikin's White Army troops beat and robbed Jews. J. farmers in the settlement subsequently fle",,1700,
675,TRD_ALS_KKHV,Taurida,Aleshki,Kakhovka,18EX,18EX,1850,1800,1825,"Jews probably settled in the first half of the 19th cent. and numbered 3,003 (total 7,499) in 1897. In the early 20th cent., a talmud torah, a government J. school, and a private J. school were operating. The J. pop.",,1800,EX
676,VLN_TRK_KSHD,Vilna,Troki,Koshedary,18MX,18LX,1900,1875,1875,"Jews settled in K. shortly after it was founded in the second half of the 19th cent. The J. pop. in 1897 stood at 317 (38% of the total). By WwI the J. community had a synagogue, a modern hede",תרבות,1800,LX
677,KHR_KHR_BLSH_2,Kherson,Kherson,Bolshaia Seidemenukha,1790,1790,1790,1790,1790,"K. was founded in 1790 as the first J. colony in the Ukraine. (Its original Hebrew name was Sede Menuha, i.e., field of rest.) In 1897, the J. pop. was 1,786 (total 2,090). Most Jews were farmers with a fe","המושבה החקלאית היהודית הראשונה בפלך, שדה מנוחה",1700,
678,MNS_RCH_KLNK,Minsk,Riechitsa,Kalenkovichi,1811,1811,1811,1811,1811,"The J. pop. was 108 in 1811 and 1,341 in 1897 in the all-J. town. A large number of Jews dealt in flour or worked as artisans. In March 1920, when the Polish army captured the town, the Jews were beaten and rob",,1800,
679,POD_VNN_KLNV,Podolia,Vinnitsa,Kalinovka,1765,1765,1765,1765,1765,"Four Jews were present in 1765. In 1897, they numbered 1,052 (total 2,558). Jews were attacked in a pogrom in March 1919. In the Soviet period, a J. school operated until the early 1930s and a J. kolkhoz employing d",,1700,
680,KLS_KLS_KLSZ,Kalisz,Kalisz,Kalisz,,1139,1139,1139,1139,"Jews persecuted by the Crusaders in Germany settled in K. in 1139 and in 1264, Boleslav the Pious granted them rights to settle and engage in moneylending and commerce. This Statute of K., endorsed and expanded by King Ca",,1100,
681,KLS_KLS_KLSZ_2,Kalisz,Kalisz,Kalisz,,1770,1770,1770,1770,Three J. families were living in K. in 1770. The J. pop. was 164 individuals in 1843 and 43 in 1898 after migration to larger towns. The community maintained a synagogue and a cemetery,,1700,
682,KHR_ELZ_KLNB,Kherson,Elizavetgrad,Kalnibolot,18EX,18EX,1850,1800,1825,"Jews probably settled in the first half of the 19th cent., numbering 588 (total 4,992) in 1897 and 191 in 1926, with many possibly leaving because of economic conditions. After their arrival around the end of Ju",,1800,EX
683,KVN_RSS_KLTY,Kovno,Rossieny,Koltyniany,18MX,18MX,1875,1850,1850,"Jews first settled in the middle of the 19th cent. There were 15-20 J. families in 1940. After the German invasion in June 1941, the J. men were taken to the Heydekrug labor camp. On 2 July 1943, t",,1800,MX
684,POD_NVU_KLS,Podolia,Novaia Ushitsa,Kalius,1765,1765,1765,1765,1765,"Jews numbered 30 in 1765 and 1,897 (62% of the total) in 1897. A J. printing press was founded in the early 19th cent. In April 1920 Cossacks attacked the Jews. In the Soviet period a J. council (soviet) was ac",,1700,
685,WRS_NWM_KLSK,Warszawa,Minsk Mazowiecki,Kaluska Wola,,1921,1921,1921,1921,The J. pop. in 1921 was 299 (total 604). All the Jews were deported by the Germans to the Treblinka death camp in fall 1942.,,1900,
686,GLC_STN_KLSZ,Galicia,Kalusz,Kałusz,,15MX,1575,1550,1550,"J. settlement dates from the mid-16th cent. with leased salt mines a primary source of livelihood up through the 19th cent. The Jews also controlled the trade in grain, hides, fur, clothing, and lumber",,1500,MX
687,SWL_KLV_KLVR,Suwalki,Kalvariia,Kalvariia,16EX,16XX,1700,1600,1650,"Jews first settled by the 17th cent., when K. was still the village of Trabi. Poverty led many to emigrate in the 1880s to the U.S. and South Africa. In addition to the hadarim, the community's",תנועה ציונית פעילה,1600,XX
689,KVN_NVL_KM,Kovno,Novoaleksandrovsk,Komai,16EX,16XX,1700,1600,1650,"Jews first settled in the 17th cent. During the 19th cent., although the Jews controlled commerce in the town and were its artisans, they remained poor. The J. pop. in 1897 was 944 (85% of the total). T",,1600,XX
690,VTB_LPL_KMN,Vitebsk,Lepel,Kamen,17LX,1811,1811,1811,1811,"Jews numbered 38 in 1811 and 826 (77.5% of the total) in 1897. In 1926, under the Soviets, the J. pop. dropped to 426. Sixteen J. families were employed at a nearby kolkhoz in 1930. The Germans occupied K. in July",,1800,
691,POD_KMN_KMNT,Podolia,Kamenets-Podolsk,Kamenets-Podolsk,1447,1447,1447,1447,1447,"Jews are first mentioned in 1447. About 10,000 Jews sought refuge in the local fortress during the Chmielnicki massacres of 1648-49. In 1725, the Council of the Four Lands met in K. and in 1750 the",,1400,
692,POD_OLG_KMNK,Podolia,Olgopol,Kamenka,17EX,1897,1897,1897,1897,"KAMENKA (I) Moldavia, today Republic of Moldova. The J. pop. was 2,902 (total 6,746) in 1897, declining in the Soviet period to 1,864 in 1926 and 1,283 in 1939. A J. kolkhoz for 100 families existed in the 1930s. German and Rumanian forces captured K",,1800,
693,KIV_CHR_KMNK,Kiev,Cherkasy,Kamenka,17EX,17EX,1750,1700,1725,"Jews settled in the first half of the 18th cent. or slightly thereafter and numbered 16 in 1764. In 1897, the J. pop. was 2,193 (total 6,267). In a pogrom on 6 Nov. 1917, two Jews were killed and seven injured.",,1700,EX
694,VLH_NVG_KMNN,Volhynia,Novograd-Volynskii,Kamennyi Brod,17EX,17XX,1800,1700,1750,"Small numbers of Jews resided in K. in the 18th cent., their pop. growing to 1,147 (of a total 1,773) in 1897. About 250 were murdered in a pogrom on 10 July 1919. In 1939, 857 remained. They were murdered by the",,1700,XX
695,GLC_LWW_KMN,Galicia,Nisko,Kamień,,1921,1921,1921,1921,"The J. pop. in 1921 was 201 (total 4,703). The Jews were expelled by the Germans in Sept. 1939 to Soviet-held territory and were subsequently killed by the Germans in 1941-42.",,1900,
696,SDL_WGR_KMNC,Siedlce,Radzymin,Kamieńczyk,,15XX,1600,1500,1550,"Small numbers of Jews lived in K. from the 16th cent. In 1921 there were 124 Jews (total 1,205). The Zionists and Agudat Israel were active after WWI. The Germans entered the town in Sept. 1939. The J. community was l",,1500,XX
697,VLH_KVL_KMNK,Volhynia,Kovel,Kamen-Kashirsk,1569,1569,1569,1569,1569,"Jews are first mentioned in 1569 and numbered 1,189 in 1897 (total 1,220). Most of their homes were destroyed by fire in 1904. Despite organized self-defense, 120 Jews were murdered by a roving",תנועה ציונית פעילה,1500,
698,PTR_PTR_KMNS,Piotrkow,Piotrkow,Kamieńsk,,17LX,1800,1775,1775,"Jews settled here in late 18th cent. The J. pop. was 781 in 1897 and 856 in 1921 (42% of the total). There were antisemitic outbursts, especially in July 1937. The town was destroyed almost completely in Sept. 1939, and h",,1700,LX
699,GRD_GRD_KMNK,Grodno,Grodno,Kamenka,18LX,18LX,1900,1875,1875,"Jews formed a majority in the late 19th cent. and numbered 326 (total 569) in 1921. Until the Polish government canceled their concession in 1929, Jews dominated the local tobacco industry. ORT he",,1800,LX
700,LBL_LBR_KMNK,Lublin,Lubartow,Kamionka,,14LX,1500,1475,1475,"A few Jews were present in the late 15th cent. The growth of the community was curtailed by the Swedish invasion of the mid-17th cent., with most J. homes being burned and many Jews dying in an epidemic. Heavy tax",,1400,LX
701,GLC_TRN_KMNK,Galicia,Kamionka,Kamionka Strumiłowa,,1456,1456,1456,1456,"Jews are first mentioned in 1456 and in the late 16th cent. received unrestricted residence and commercial rights. Jews dealt in cattle, salt, grain, lumber, and fish. They also worked",,1400,
702,PTR_CHN_KMYK,Piotrkow,Czestochowa,Kamyk,,18EX,1850,1800,1825,"There were 27 J. families here in the early 19th cent. A synagogue was erected in 1882. In 1939 the J. pop. was 230. Some fled to Czenstochowa under the German occupation; others were seized for forced labor. The rest, pri",,1800,EX
703,GLC_LWW_KNCZ,Galicia,Lancut,Kańczuga,,1597,1597,1597,1597,"Jews were present from 1597 and maintained a community averaging 900-1,000 (40% of the total) from the second half of the 19th cent. Economic conditions deteriorated after WWI, but social and cultural life went on unabate",,1500,
704,CRL_TLS_KNDV,Courland,Talsen,Kandava,1795,1795,1795,1795,1795,"Jews settled shortly after the Russian annexation in 1795 and numbered around 1,000 (45% of the total) on the eve of WWI. Only a few dozen returned after expulsion by the Russians in 1915, and had to be s",,1700,
705,KIV_KNV_KNV,Kiev,Kanev,Kanev,1765,1765,1765,1765,1765,"Jews numbered 98 in 1765. In 1768, following attacks by the Haidamaks, not a single Jew remained in the town. In 1897, the J. pop. was 2,683. A few days after the outbreak of the Oct. 1917 Revolution, J. homes and stores w","נחרבה עי היידמאקים ואז נראה ששוקמה במהרה, ב 1897 מנתה 2683 יהודים",1700,
706,KHR_ANN_KNTK,Kherson,Ananev,Kantakuzovka,18LX,1897,1897,1897,1897,"Jews numbered 912 (total 2,132) in 1897 and 167 in 1926. A pogrom was staged on 14-16 April 1897. The Germans arrived in early Aug. 1941 and, probably in the fall, murdered the remaining Jew",,1800,
707,SWL_SNY_KPTS,Suwalki,Seiny,Koptsiovo,18EX,18EX,1850,1800,1825,"Jews probably first settled at the beginning of the 19th. The J. pop. in 1897 was 528 (40% of the total), dropping to about 45 families on the eve of WWII. Between the World Wars, the Gordonia mo",פעילות של תנועת גורדוניה,1800,EX
708,TRD_SMF_KRSB,Taurida,Simferopol,Karasubazar,17LX,13XX,1400,1300,1350,"A J. community existed in the 14th cent. The modern community was founded in the late 18th cent. and grew to 3,144 Ashkenazi and Krimchak Jews (total 13,000) in 1897. In 1939, under th",קהילה עתיקה יותר הייתה קיימת במאה ה 14,1300,XX
709,WRS_NWM_KRCZ,Warszawa,Minsk Mazowiecki,Karczew,,15EX,1550,1500,1525,"Jews settled in the early 16th cent. and engaged in the lumber trade, innkeeping, and crafts, including the manufacture of prayer shawls. The community grew rapidly in the 19th cent., reaching a peak pop. of 1,025 (total",,1500,EX
710,VTB_LTS_KRSV,Vitebsk,Liutsin,Korsovka,1830,1820,1820,1820,1820,"The J. community was founded in the late 1820s but when the Jews reached a pop. of around 700, they were expelled in 1843 by the proprietor of the town's lands. The Jews began to return 20 years later, building a new sy","איסור מגורים 1843-1863, תנועה ציונית פעילה",1800,
711,VLH_KVL_KSHV,Volhynia,Kovel,Kashovka,15LX,1648,1648,1648,1648,Jews were present before the Chmielnicki massacres of 1648-49 and numbered fewer than 500 in the late 19th cent. and 15 after most fled in WWI. The Ukrainian police murdered the last 20 in Jan. 1943.,,1600,
712,VLH_KRM_KTRB,Volhynia,Kremenets,Katerburg,18MX,1897,1897,1897,1897,Jews numbered 693 in 1897 and 408 in 1921 (total 892). They were brought to the Lanowce ghetto in Feb. 1942 and murdered by the Germans on 13-14 Aug. together with the local Jews.,,1800,
713,KIV_ZVN_EKTR,Kiev,Zvenigorodka,Ekaterinopol,1897,1897,1897,1897,1897,"Jews numbered 1,980 (total 7,197) in 1897, declining to 395 in 1939. In 1928, in the Soviet period, J. artisans founded two cooperatives, one for shoemakers and the other for tailors and furriers. A Yi",,1800,
714,PRU_OST_KKHM,Preussen,Nizina,Kaukehmen,,1925,1925,1925,1925,"Germany, today Russia. K. was a part of the Tilsit community. It had 73 members in 1925 and maintained a prayer room. No information is available about the fate of the community under Nazi rule.",,1900,
715,KVN_KVN_KVN,Kovno,Kovno,Kovno,13LX,13LX,1400,1375,1375,"Jews first settled in the late 14th cent., though official permission was granted only in the early 18th cent. Among the first Jews were war captives from the Crimea. Non-J. residents opposed efforts by no",,1300,LX
716,KVN_VLK_KVRS,Kovno,Vilkomir,Kovarsk,17LX,17LX,1800,1775,1775,"Jews first settled at the end of the 18th cent., forming an organized community by the second half of the 19th cent. During WWI, the Russian army ransacked, murdered and raped, before expelling the J",,1700,LX
717,GLC_CRC_KWCZ,Galicia,Ropczyce,Kaweczyn Sedziszowski,,1921,1921,1921,1921,"The J. pop. in 1921 was 190 (total 1,520). The Jews were probably murdered or deported to the Belzec death camp in July 1942 after expulsion to Sedziszow Malopolski.",,1900,
718,RDM_ILZ_KZNW,Radom,Ilza,Kazanów,,1857,1857,1857,1857,"Jews numbered 469 in 1857 and 336 (total 814) in 1921. Reliable information is unavailable, but according to one source, 180 were murdered by the Germans when they took the town in Sept. 1939. The rest perished in Oct.",,1800,
719,KIV_BRD_KZTN,Kiev,Berdichev,Kazatin,1765,1765,1765,1765,1765,"Four Jews were present in 1765, their pop. growing to 1,731 (total 8,614) in 1897. In the Soviet period, most J. children attended a J. elementary school. In the late 1920s, many Jews were employed at a sugar refinery",,1700,
720,KLC_PNC_KZMR,Kielce,Pinczow,Kazimierza Wielka,,1921,1921,1921,1921,"A community of 293 Jews (total 2,264) existed in 1921, maintaining a J. school and Zionist youth movements. The Germans captured K. in Sept. 1939. Under General Gouvernement administration, the Jews were subjec",,1900,
721,LBL_PLW_KZMR,Lublin,Pulawy,Kazimierz Dolny,,1333,1333,1333,1333,"Jews may have been present by the early 11th cent. and maintained an organized community during the reign of King Casimir the Great (1333- 70), who expanded J. rights. Jews were active as moneylende",,1300,
722,SWL_MRM_KZLV,Suwalki,Mariampol,Kozlova Ruda,18MX,18LX,1900,1875,1875,A J. community existed by the second half of the 19th cent. and maintained a synagogue. Many were engaged in the lumber industry. The Zionist movement won widespread support. The J. pop. in,תנועה ציונית פעילה,1800,LX
723,PRU_PSN_KCYN,Preussen,Szubin,Kcynia,,15XX,1600,1500,1550,"Jews settled in the 16th cent. The community was destroyed by the troops of Stefan Czarniecki, the Polish irregular leader fighting against the Swedish invaders in the mid-17th cent.. It revived only after Prussian annexa",,1500,XX
724,KVN_KVN_KDNY,Kovno,Kovno,Keidany,14LX,14LX,1500,1475,1475,"Jews first settled at the late 15th cent. They were expelled for a short time and then allowed to return. In the 17th cent. Prince Radziwill granted all citizens, including Jews, the right to vote w",,1400,LX
725,KVN_RSS_KLMY,Kovno,Rossieny,Kelmy,15EX,15XX,1600,1500,1550,"Jews first settled in the 16th cent. Until the end of the 19th cent., the Jews were a majority and dominated K.'s commerce in grain, lumber, leather, textiles, pig bristles, and, to a great extent, the le",,1500,XX
726,GLC_PZN_KLWR,Galicia,Wadowice,Kalwarya Zebrzydowska,,1674,1674,1674,1674,"Jews settled in 1674 with liberal building rights and tax exemptions on communal property. The synagogue erected in 1689 became famous throughout Poland for its original design and especially its interior woodwork. In 1691, man",,1600,
727,TRD_KRC_KRCH,Taurida,Kerch,Kerch,1830,1830,1830,1830,1830,"Jews settled in the 1830s and numbered 91 in 1847. Their number then grew to 4,774 (total 33,347) in 1897. A talmud torah was founded in the mid-19th cent. and later on, two private J. schools, one for girls and a",,1800,
728,GLC_CRC_KTY,Galicia,Biala,Kęty,,1860,1860,1860,1860,"Permanent settlement commenced after the lifting of the residence ban in 1860, with the J. pop averaging 350-400 from the late 19th cent. (about 6% of the total). Though a traditional-hasidic milieu prevailed, the Zionists",,1800,
729,KHR_KHR_KHRK,Kharkov,Kharkov,Kharkov,18MX,18MX,1850,1850,1950,"J. residence was still officially banned in the early 19th cent. but somewhat later, J. Cantonists released from the Czar's army were allowed to settle. In the 1850s, Jews arriving for the annual fairs were permitted t",,1900,MX
730,POD_GSN_KHSH,Podolia,Gaisin,Khashchevata,17LX,17LX,1800,1775,1775,"Jews settled in the late 18th cent. Their pop. reached 125 in the 1790s and 3,266 (total 4,850) in 1897. In a pogrom on 22 April 1918, nine Jews were injured. In the Soviet period, many (260 Jews in a total J. po",,1700,LX
731,KHR_KHR_KHRS,Kherson,Kherson,Kherson,17LX,17LX,1800,1775,1775,"About 220 Jews settled here in the late 18th cent. Their numbers subsequently grew from 3,822 in 1847 to 17,755 (total 59,000) in 1897. A synagogue was probably built in the 1780s. In the late 19th cent., a talmud to",,1700,LX
732,MGL_MST_KHSL,Mogilev,Mstislavl,Khislavichi,17MX,17MX,1775,1750,1750,"An organized community was already in existence in the mid-18th cent., with a pop. of 237 in 1766. The J. pop. rose to 2,205 in 1847. A fire in 1880 left 100 J. families homeless. In 1897, the J. pop. reached 3,901",,1700,MX
733,POD_LTN_KHML,Podolia,Litin,Khmielnik,1565,1565,1565,1565,1565,"J. settlement commenced in 1565. The J. pop. was 1,417 in 1765 and 5,977 (total 11,657) in 1897. A number of J. lives were lost in a pogrom in July 1919. Under the Soviets, the J. pop. grew in the 1920s but dropped t",,1500,
734,VLH_OVR_KHDK,Volhynia,Ovruch,Khodaki,17EX,17EX,1750,1700,1725,"A few Jews were present in the first half of the 18th cent. The J. pop. was 270 (total 1,280) in 1897. During the civil war (1918-21) Jews were robbed. Their number probably declined between the World Wars. Those who",,1700,EX
735,KIV_SKV_KHDR,Kiev,Skvira,Khodorkov,1765,1720,1720,1720,1720,"Jews appeared after the settlement destroyed by Chmielnecki in the mid-17th cent. was rebuilt in 1720. Their pop. was 372 in 1765 and 3,672 (total 6,910) in 1897. On 15 July 1919, during the civil war, Jews we",,1700,
736,MNS_RCH_KHNK,Minsk,Riechitsa,Khoiniki,17EX,17EX,1750,1700,1725,"Jews probably settled in the early 18th cent. Their pop. was 89 in 1811 and 1,668 (total 2,685) in 1897. In 1920, the Balakhovich brigade staged a pogrom in which 42 Jews were murdered and most J. homes looted. A J",,1700,EX
737,MNS_RCH_KHLM,Minsk,Riechitsa,Kholmech,16LX,16LX,1700,1675,1675,"Jews probably settled in the late 17th cent. In 1897, their pop. was 1,380 (total 2,315). Two J. schools, for boys and for girls, were opened in 1910. The Germans occupied K. in Aug. 1941. Four days later they murder",,1600,LX
738,MNS_BRS_KHLP,Minsk,Borisov,Kholopenichi,1783,1783,1783,1783,1783,"Jews began arriving after the town received economic privileges in 1783 and numbered 1,343 (total 2,254) in 1897. In 1929, under Soviet rule, nearly half the 188 J. families in K. worked in artisan cooperatives w",,1700,
739,PLT_KHR_KHRL,Poltava,Khorol,Khorol,18EX,18EX,1850,1800,1825,"Jews settled in the early 19th cent. and numbered 2,056 (total 8,997) in 1897. The community operated elementary schools for boys and girls as well as a heder system. Benzion Dinur (Dinaburg), historian of the Jews and",,1800,EX
740,MGL_KLM_KHTM,Mogilev,Klimovichi,Khotimsk,1847,17LX,1800,1775,1775,"The J. pop. was 549 in 1847 and 2,178 (of a total 3,154) in 1897. A synagogue was erected in the late 18th cent. and three battei midrash and various charitable institutions were in operation in the 19th cent. In t",,1700,LX
741,MGL_KLM_KHTV,Mogilev,Klimovichi,Khotovizh,1880,1880,1880,1880,1880,"The J. pop. was 122 (total 584) in 1880 and 490 (100% of the total) in 1897. Until the Oct. 1917 Revolution, most Jews engaged in petty trade and crafts. In 1929, under the Soviets, all 37 J. families in K. worked",,1800,
742,POD_GSN_KBLC,Podolia,Gaisin,Kiblich,18EX,1897,1897,1897,1897,"The J. pop. in 1897 was 1,067 (of a total 3,096). A pogrom was staged in May 1919 and only 24 Jews remained in 1926. Those still there after the German occupation of July 1941 were murdered with the rest of the Jews",,1800,
743,KLC_KLC_KLC,Kielce,Kielce,Kielce,,1819,1819,1819,1819,"Despite a residence ban dating from the 16th cent., Jews began settling in 1819. When the ban was lifted by the Russians in 1831, after the failure of the Polish rebellion, Polish merchants backed by the Church engaged in",,1800,
744,PTR_LSK_KLCZ,Piotrkow,Wielun,Kielczyglow,,18MX,1875,1850,1850,Jews were living here in the 1840s. The J. pop. in 1921 was 241 (42% of the total). In July 1942 the 500 Jews were expelled to Osiakow and then deported to Chelmno.,,1800,MX
745,VLN_SVN_KMLS,Vilna,Sventsiany,Kemelishki,18MX,18LX,1900,1875,1875,"Jews settled in the late 19th cent., growing to a pop. of 101 (total 507) in 1897 and dominating trade. The economic situation during WWI impoverished the community, which subsequently recovered with t",תנועה ציונית פעילה,1800,LX
746,WRS_GST_KRNZ,Warszawa,Gostyn,Kiernozia,,18EX,1850,1800,1825,"Jews are mentioned in the early 19th cent. and numbered 284 (total 726) in 1921. The Germans arrived on 16 Sept. 1939, confining the Jews to a ghetto in March 1940. In March 1941 all 650 Jews including refugees were ex",,1800,EX
747,KIV_KIV_KV,Kiev,Kiev,Kiev,08MX,08EX,850,800,825,"A Khazar community with a garrison, carrying on trade with the Khazar kingdom, existed in the first half of the ninth cent. In 986 the famous disputation described in Yehuda Halevi's Kuzari took place between J., Christian, a","יישוב יהודי כוזרי ב 986, נחרב והוקם מחדש מספר פעמים",800,EX
748,PLC_LPN_KKL,Plock,Lipno,Kikół,,18EX,1850,1800,1825,An organized community existed from the first half of the 19th cent. The J. pop. in 1921 was 350. Details of the fate of the community between the World Wars and in the Holocaust are unknown.,,1800,EX
749,VLH_OST_KLKV,Volhynia,Ostrog,Kilikiev,18EX,1847,1847,1847,1847,"The J. pop. was 267 in 1847 and 576 (total 1,928) in 1897, growing to 653 in 1923 under the Soviets. The Germans captured the town on 9 or 10 July 1941. On 28 July 1941, 200 Jews from K. were killed at Annop",,1800,
750,KHR_ELZ_ELSV,Kherson,Elizavetgrad,Elisavetgrad,17EX,17EX,1750,1700,1725,"Jews settled in the early 18th cent., numbering 574 in 1803 and growing to 23,967 (total 61,488) in 1897. In an April 1881 pogrom, one Jew w",,1700,EX
751,VLH_VLD_KSLK,Volhynia,Vladimir-Volynskii,Kiselik,18MX,1897,1897,1897,1897,Jews numbered 873 in 1897 (total 889) and 94 (total 458) after the rigors of WWI. The Germans expelled them to Torezyn in Jan. 1942 and executed them together with the local Jews on 23 Aug. 1942.,,1800,
752,KIV_LPV_KTGR,Kiev,Lipovets,Kitaigorod,1765,1765,1765,1765,1765,"The J. pop. was 469 in 1765 and 735 (total 2,794) in 1897. In 1926, the J. pop. grew to 1,571. After the German occupation of 25 July 1941, 180 Jews were expelled to Dashev, probably towards the end of the year",,1700,
753,POD_NVU_KTGR,Podolia,Novaia Ushitsa,Kitaigorod,16EX,16XX,1700,1600,1650,"Jews settled in the 17th cent., forming an organized community. In 1765, the J. pop. included 489 tax payers. In 1897, the J. pop. stood at 642. The community maintained a synagogue and beit midrash.",,1600,XX
754,VLH_LTS_KVRT,Volhynia,Lutsk,Kivertsy,18LX,19EX,1910,1900,1905,"Jews settled with the coming of the railroad in the early 20th cent., reaching a pop. of around 500 in 1910 and dropping to 175 (total 552) after much suffering in WWI. The Germans murdered 270 Jews in M",,1900,EX
755,MNS_SLT_KLTS,Minsk,Slutsk,Kletsk,1529,1529,1529,1529,1529,"Jews are first mentioned in 1529. In 1796, the Radziwills erected a synagogue for the community. R. Meir Berlin (Bar-Ilan), the Mizrachi leader, was born in K. in 1880. In 1897, the J. pop. reached 3,415",,1500,
756,VLH_RVN_KLSV,Volhynia,Rovno,Klesov,18LX,18LX,1900,1875,1875,"Jews settled near the new railroad station in the late 19th cent. and numbered 142 in 1921. J.-owned quarries served as a nationwide Hehalutz training facility in 1924-37, with 8,000 pioneers passing thro",החלוץ,1800,LX
757,VLH_RVN_KLVN,Volhynia,Rovno,Klevan,15EX,15XX,1600,1500,1550,"Jews settled in the 16th cent. Under Russian rule from the late 18th cent., they engaged in the lumber and summer tourist trade, the marketing of farm produce, and crafts. The Zionists became active in th",תנועה ציונית פעילה,1500,XX
758,RDM_SND_KLMN,Radom,Sandomierz,Klimontów,,1655,1655,1655,1655,"Jews may have been present by the 16th cent. They suffered grievously in the Swedish invasion of 1655, particularly from the depredations of Stefan Czarniecki's irregular Polish troops. In the mid-19th cent., the commu",,1600,
759,MGL_KLM_KLMV,Mogilev,Klimovichi,Klimovichi,17EX,17XX,1800,1700,1750,"J. settlement probably began in the 18th cent. The J. pop. was 528 in 1847 and 2,263 in 1897, increasing to 2,587 in 1926 under the Soviets. Many Jews worked in an alcohol factory and a brickyard. Five prayer hou",,1700,XX
760,CRN_NVZ_KLMV,Chernigov,Novozybkov,Klimov,17LX,17LX,1800,1775,1775,"Jews were present in the late 18th cent. Their pop. was 541 (total 5,023) in 1897 and then dropped under the Soviets to 431 in 1926 and 224 in 1939. The Germans occupied K. in Aug. 1941, murdering 21 J. men in a nearby fo",,1700,LX
761,SDL_RDZ_KMRW,Siedlce,Radzyn,Komarówka,,1921,1921,1921,1921,The J. pop. in 1921 was 126. The Jews were possibly expelled to Kolomyja for liquidation in April or Sept. 1942.,,1900,
762,GLC_STN_KNHY,Galicia,Rohatyn,Knihynicze,,17XX,1800,1700,1750,"The J. settlement dating from the 18th cent. developed in the 19th, reaching a pop. of 648 (40% of the total) in 1880, but emigration during WWI subsequently reduced it by a third. The community wa",,1700,XX
763,GRD_KBR_KBRN,Grodno,Kobrin,Kobrin,1503,1503,1503,1503,1503,"Jews were present before the expulsion from Lithuania in 1503. Many were killed by the Cossacks in the Chmielnicki massacres of 1648-49 and the community suffered further in subsequent wars, epidemics, and",הקהילה התפתחה בעיקר לאחר הכיבוש הרוסי,1500,
764,PRU_PSN_KBYL,Preussen,Krotoszyn,Kobylin,,1827,1827,1827,1827,"An organized community is mentioned in 1827. A J. elementary school was in operation and a new synagogue was completed in 1854. The J. pop. reached a peak of 452 (total 2,000) in 1857. Afterwards Jews began to emigrate f",,1800,
765,VLN_SVN_KBYL,Vilna,Sventsiany,Kobylnik,1807,1807,1807,1807,1807,Jews from the neighboring villages arrived in 1807- 20 after Czar Alexander I prohibited them from leasing estate lands or dealing in alcoholic beverages. The coming of the railroad promoted J. trade at th,,1800,
766,SDL_LKV_KCK,Siedlce,Lukow,Kock,,16LX,1700,1675,1675,"Jews settled in the late 17th cent. K. became the most important hasidic center in Poland after R. Menahem Mendel Morgenstern (1787-1859), known as the Rabbi of Kock and one of the movement's most original thinker",,1600,LX
767,SDL_BLA_KDN,Siedlce,Biala,Kodeń,,17LX,1800,1775,1775,"Jews settled in the late 18th cent. The J. pop. was 748 in 1857 (total 2,190) and 541 in 1921. Between the World Wars, economic conditions deteriorated. The Zionists, the Bund, and Agudat Israel were all active. Only 100 J",,1700,LX
768,VLH_ZHT_KDN,Volhynia,Zhitomir,Kodnia,1593,1593,1593,1593,1593,"Jews are first mentioned in 1593. They were attacked in the Chmielnicki massacres of 1648-49. The community apparently revived in the 18th cent. In 1897, the J. pop. was 688 (total 1,820). Between the World Wars, with",,1500,
769,POD_BLT_KDYM,Podolia,Balta,Kodyma,18EX,18EX,1850,1800,1825,"A J. community existed by the early 19th cent. It numbered 2,241 (90% of the total) in 1897 and 1,641 (total 6,418) in 1939. R. Nisan Titivsky was rabbi before the Oct. 1917 Revolution and continued to serve the commun",,1800,EX
770,PRU_OST_KNGS,Preussen,Krolewiec,Königsberg,,16MX,1675,1650,1650,"Germany, today Russia. Despite opposition from local merchants, J. settlement, backed by the government of the principality, began in the middle of the 17th cent. Settlement was limited to a small number o",,1600,MX
771,PRU_PMM_KSLN,Preussen,Pommern,Köslin,,1699,1699,1699,1699,"The first J. family was living in K. in 1699 and played an important role in the local textile industry. There was a prayer room in 1755. In 1880, the J. pop. was 361. By the end of the 19th c",,1600,
772,MGL_ORS_KKHN,Mogilev,Orsha,Kokhanovo,18MX,1897,1897,1897,1897,"The J. pop. was 637 (total 984) in 1897, dropping to 480 in 1926 under the Soviets. In the mid-1920s, 29 of the 100 J. families in the town worked in agriculture and 25 in crafts. A four-year J. elementary school w",,1800,
773,LVL_RIG_KKNG,Livland,Riga,Kokengauzen,18LX,1935,1935,1935,1935,The J. pop. in 1935 was 16 (total 647). Those not escaping to the Soviet Union were murdered by the Germans with Latvian assistance after the occupation of July 1941.,,1900,
774,GLC_CRC_KLCZ,Galicia,Jaslo,Kołaczyce,,18LX,1900,1875,1875,"Jews were present from the second half of the 19th cent., numbering 247 (total 1,792) in 1900. Anti-J. riots shook the community in 1892 and 1898 and antisemitism intensified in the 1930s. All 260 Jews",,1800,LX
775,PRU_PMM_KLBR,Preussen,Pommern,Kolberg,,1261,1261,1261,1261,"Jews are first mentioned in 1261, probably making K. the oldest J. settlement in Pomerania. The 15th cent. community came to an end when Jews were expelled from Pomerania in 1491-93. A settle",,1200,
776,WRS_NWM_KLBL,Warszawa,Minsk Mazowiecki,Kołbiel,,17LX,1800,1775,1775,"Jews probably settled in the late 18th cent. Their pop. grew from 125 in 1820 to 2,077 (total 2,322) in 1909 but subsequently dropped sharply through emigration in the face of WwI depredations and economic hardship. Agud",,1700,LX
777,GLC_LWW_KLBS,Galicia,Kolbuszowa,Kolbuszowa,,15EX,1550,1500,1525,"Jews were present from the beginning of the settlement in the early 16th cent., becoming an important factor in its economic development as exporters of the locally made furniture. They were also prominen",,1500,EX
778,VLH_LTS_KLK,Volhynia,Lutsk,Kolki,15MX,15MX,1575,1550,1550,"Jews settled in the mid-16th cent. The community was destroyed in the Chmielnicki massacres of 1648-1649 but grew to 2,537 in 1897 (total 4,394). The Jews exported timber and agricultural products. The has",,1500,MX
779,LMZ_KLN_KLN,Lomza,Kolno,Kolno,17MX,17MX,1775,1750,1750,"A few J. families were present in the mid-18th cent. An organized community existed in the 1820s. J. tradesmen ran shops and stalls. In 1892, 36 of the town's 41 artisans were Jews. A yeshiva was in opera",,1700,MX
780,KLS_KLO_KL,Kalisz,Kolo,Koło,,15XX,1600,1500,1550,"Jews first settled in the 16th cent. They traded in agricultural produce and worked in the textile and food industries. The J. pop. in 1897 was 9,359 (43% of the total). A self-defense unit protected the J. pop. d",,1500,XX
781,GLC_STN_KLMY,Galicia,Kolomyja,Kołomyja,,15XX,1600,1500,1550,The J. community began to develop in the 16th cent. as J. merchants gathered in the city under various privileges in recognition of their commercial importance. In the Chmielnicki massacres of 1648-4,,1500,XX
782,VLN_SVN_KLTY,Vilna,Sventsiany,Koltyniany,18MX,18LX,1900,1875,1875,"Jews were leased land to build homes by the town's proprietor and numbered 23 families by the late 19th cent. With the coming of the railroad, their economic situation remained satisfactory until WWI, wh","תרבות, החלוץ",1800,LX
783,PTR_LSK_KLMN,Piotrkow,Lask,Kolumna,,1930,1930,1930,1930,"In the 1930s, the Radoshits hasidic rabbi had his court at this vacation resort. In WWII, the Jews either fled or were deported. A J. labor camp that existed in K. from Oct. 1942 was liquidated on 30 Aug. 1943.",,1900,
784,VTB_VTB_KLYS,Vitebsk,Vitebsk,Kolyshki,17MX,17MX,1775,1750,1750,"J. settlement dates back to the mid-18th cent. The J. pop. was 1,127 (total 1,568) in 1897 and 1,006 in 1926 under the Soviets. A J. council (soviet) was established in 1926 and a J. elementary school was open unti",,1700,MX
785,POD_LMP_KMRG,Podolia,Lampol,Komargorod,1765,1765,1765,1765,1765,"Jews numbered 86 in 1765 and 481 (total 1,909) in 1897. After the Oct. 1917 Revolution, the J. pop. dropped, reaching 294 in 1926. The Germans captured the town on 22 July 1941. On 25 July, they murdered eight Jews",,1700,
786,MNS_RCH_KMRN,Minsk,Riechitsa,Komarin,18MX,1897,1897,1897,1897,"The J. pop. was 547 (total 550) in 1897. A J. elementary school (four grades) was opened in 1925. In the late 1920s, 50% of the Jews were artisans and 15% merchants, with 20 families working at a kolkhoz set up near",,1800,
787,GLC_LWW_KMRN,Galicia,Rudki,Komarno,,1530,1530,1530,1530,"Jews apparently settled in the 1530s and were among the town's defenders during the unsuccessful siege of 1648 by Chmielnicki's Cossack forces. A decline set in under Austrian rule, with cutbacks in the",,1500,
788,LBL_LBR_KMRW,Lublin,Wlodawa,Komarowka,,1883,1883,1883,1883,"Fifteen Jews were present in 1883 and 412 in 1921 (of a total 1,038). In summer 1941, three years after the Germans captured K., the Jews were expelled to Miendzyrzec Podlaski and from there deported to the Treblinka d",,1800,
789,KIV_BRD_MKHN,Kiev,Berdichev,Makhnovka,1648,1648,1648,1648,1648,"Jews are first mentioned in 1648 when Chmielnicki's Cossacks attacked the local fortress and murdered a number of Poles and Jews. Six Jews were present in 1765 and 2,435 (total 5,343) in",,1600,
790,POD_BLT_KNTS,Podolia,Balta,Konetspol,1784,1784,1784,1784,1784,"Nine Jews were present in 1784. A stone synagogue was built in 1853. The J. pop. increased to 456 (total 1,514) in 1897 and 590 in 1926. The Germans captured K. on 4 Aug. 1941 and in the fall murdered the few Jews who",,1700,
791,PTR_NVR_KNCP,Piotrkow,Wloszczowa,Koniecpol,,1764,1764,1764,1764,"In 1764, 110 J. families inhabited 70 houses. The J. pop. in 1897 was 656 (43% of the total). Between the World Wars, a sizable group of J. factory owners assisted Jews requiring relief (20% of the community). The commun",,1700,
792,KLS_KNN_KNN,Kalisz,Konin,Konin,,14XX,1500,1400,1450,"About 180 Jews settled in the 15th cent. and were involved later in the export of grain, establishment of factories, transport of goods and people, and building. A yeshiva was established in the early 18th cent. The J. pop.",,1400,XX
793,RDM_KNS_KNSK,Radom,Konskie,Końskie,,15XX,1600,1500,1550,Jews first settled in the 16th cent. and by the 19th cent. K. became one of the largest J. communities in the district. In the late 18th cent. a synagogue was built that served as a model for such wooden constructions. R.,,1500,XX
794,WRS_WRS_KNST,Warszawa,Warszawa,Konstancinek,,1921,1921,1921,1921,"The J. pop. in 1921 was 399 (total 1,455). All were presumably expelled to the Warsaw ghetto after the German occupation in WWII.",,1900,
795,PTR_LDZ_KNST,Piotrkow,Lodz,Konstantynów,,1830,1830,1830,1830,"Jews were granted permission to settle from 1830. They entered the textile industry in the second half of the 19th cent. The J. pop. in 1897 was 1,091 (19.5% of the total). Up to the end of WWI, the J. community was d",,1800,
796,SDL_KNS_KNST,Siedlce,Konstantynow,Konstantynów,,17LX,1800,1775,1775,"An established community appears to have existed in the second half of the 18th cent., growing to 517 in 1827 and 783 (total 957) in 1921. The Zionists and Agudat Israel were active between the World Wars. In",,1700,LX
797,VLH_LTS_KPCH,Volhynia,Lutsk,Kopachevka,18LX,1921,1921,1921,1921,"The J. pop. in 1921 was 274. In the Holocaust, the Jews were brought to the Rozyszcze ghetto for liquidation.",,1900,
798,MNS_MZY_KPTK,Minsk,Mozyr,Kopatkevichi,1811,1811,1811,1811,1811,"The J. pop. was 54 in 1811 and 1,310 (total 1,768) in 1897. There was a J. school in the late 19th cent. In 1920- 21, 144 Jews were murdered and many J. homes looted in two pogroms staged by the Balakhovich bri",,1800,
799,POD_MGL_KPGR,Podolia,Mogilev,Kopaigorod,1765,1765,1765,1765,1765,"The J. pop. was 337 in 1765 and 1,720 (total 2,950) in 1897. In the Soviet period, a J. council (soviet) from 1929 and J. elementary school were in operation. In the early 1930s, most Jews were unemployed; others w",,1700,
800,RDM_OPT_KPRZ,Radom,Sandomierz,Koprzywnica,,17LX,1800,1775,1775,Jews settled under Austrian rule in the late 18th cent. after a longstanding residence ban. Many died in an 1893 cholera epidemic and others lost their homes soon after in a devastating fire. Homes were rebuilt in br,,1700,LX
801,GLC_TRN_KPYC,Galicia,Husiatyn,Kopyczyńce,,16LX,1700,1675,1675,"Jews apparently settled in the late 17th cent., the J. pop. growing to 2,467 (total 6,967) by 1890, then declining through emigration before rising again to its previous level as WWI refugees joined t",,1600,LX
802,MNS_SLT_KPYL,Minsk,Slutsk,Kopyl,1720,1720,1720,1720,1720,"Jews are first mentioned in 1720. In 1897, their pop. was 2,671 (total 4,463). Of the many fires in K. the one in April 1886 destroyed hundreds of homes, the Great Synagogue (probably dating back to the 1",,1700,
803,MGL_GRK_KPYS,Mogilev,Gorki,Kopys,16MX,16MX,1675,1650,1650,"Jews settled in the mid-17th cent. In 1766, the J. pop. included 304 poll tax payers. A very active J. printing press was founded in 1818. Most Jews were Hasidim. In 1897 the J. pop. was 1,399 (total 3,384). A pogrom",,1600,MX
804,GLC_LWW_KRCZ,Galicia,Krosno,Korczyna,,16EX,1650,1600,1625,"Jews settled in the first half of the 17th cent. The development of neighboring Krosno overshadowed the community, causing a drop in the pop. from a 1900 peak of 1,026 (total 5,422) to 746 in 1921. Market and fair days in",,1600,EX
805,MNS_NVG_KRLC,Minsk,Novogrudok,Korelichi,16EX,16XX,1700,1600,1650,"J. settlement probably commenced in the 17th cent., under the aegis of the Radziwill family, which leased flour mills and inns to the Jews. Their pop. grew to 1,840 (total 2,259) in 1897. A 1911 fire",,1600,XX
806,CRN_SSN_KRKV,Chernigov,Sosnitsa,Kariukovka,18EX,18XX,1900,1800,1850,"Jews settled in the 19th cent., numbering 381 in 1897 and 745 (total 9,744) in 1939. The Germans captured K. on 5 Sept. 1941 and murdered 246 Jews from the area, including those from K.",,1800,XX
807,MGL_RGC_KRM,Mogilev,Rogachev,Korma,1847,1847,1847,1847,1847,"The J. pop. was 1,175 in 1847 and 1,328 (total 1,534) in 1897. Jews earned their livelihoods from petty trade, crafts, and export of grain and lumber to Germany. Most Jews were Hasidim. K. was the birthplace of the writ",,1800,
808,KIV_SKV_KRNN,Kiev,Skvira,Kornin,1618,1618,1618,1618,1618,"Jews are mentioned in 1618. All were murdered in the Chmielnicki massacres of 1648-49. In 1897, the J. pop. was 807 (total 3,103). In an Aug. 1919 pogrom, Petlyura's soldiers and local gangs murdered-dozens of Je","יישוב יהודי ב 1618, נחרב עי חמיילנצקי ואז שוקם",1600,
809,VLH_ZSL_KRNT,Volhynia,Zaslavl,Kornitsa,15LX,16XX,1700,1600,1650,"Jews settled in the 17th cent. In 1649, Tartars massacred the Jews of K. in a raid. In 1765, the J. pop. included 49 poll tax payers and in 1897 it reached 515 (total 1,251). In 1923, under the Soviets, the",נחרבה עי טטארים ב 1649 ושוקמה לאחר מכן,1600,XX
810,GLC_TRN_KRLW,Galicia,Brody,Korolówka,,16LX,1700,1675,1675,"The J. settlement dates from the late 17th cent. The town was the birthplace of Jakob Frank (1726- 91), founder of the Frankist movement. The Russians destroyed the town in WWI, with the J. pop. droppi",,1600,LX
811,PRU_PSN_KRNA,Preussen,Bydgoszcz,Krone an der Brahe,,1772,1772,1772,1772,"Jews apparently settled only after the Prussian annexation in 1772, forming an organized community by the 1830s. In 1871 it reached a peak pop. of 620 (total 3,592) and late in the cent. was operating an elementary scho",,1700,
812,CRN_KRL_KRP,Chernigov,Krolevets,Korop,1897,1897,1897,1897,1897,"The J. pop. was 673 (total 6,262) in 1897 and 350 in 1939. A pogrom was staged in 1917. The Germans arrived on 28 Aug. 1941, with most of the Jews fleeing. On 9 Feb. 1942, 111 were murdered.",,1800,
813,GLC_TRN_KRPC,Galicia,Buczacz,Koropiec,,1635,1635,1635,1635,"Jews are first mentioned in 1635, with an organized community in the late 19th cent. and a pop. of 176 (total 4,775) in 1921. Most were expelled by the Germans on 24 March 1942 to nearby Monasterzyska a",,1600,
814,VLH_OVR_ISKR,Volhynia,Ovruch,Iskorost,18EX,1618,1618,1618,1618,"In 1618, a Jew is mentioned as the leaseholder of the village but no J. community is known until the 19th cent. In 1897, the J. pop. was 1,299, increasing rapidly with the coming of the railroad. During th",,1600,
815,KIV_RDM_KRST,Kiev,Radomysl,Korostyshev,15LX,15LX,1600,1575,1575,"Jews settled in the late 16th cent. In the 18th cent. the community was the third largest in the Zhitomir dist. after Berdichev and Chudnov, reaching a pop. of 4,160 (total 7,863) in 1897. The poet David Hofstein",,1500,LX
816,KIV_KNV_KRSN,Kiev,Kanev,Korsun,16EX,16XX,1700,1600,1650,"Jews settled in the 17th cent. About a quarter of the community escaped a Cossack massacre in 1702. In 1734, Haidamaks murdered 27 and pillaged J. property. The J. pop. was 187 in 1785 and 3,797 in 1897. A yeshiva was open",,1600,XX
817,VLH_KVL_KRTL,Volhynia,Kovel,Kortelisy,18LX,18LX,1900,1875,1875,"In the Holocaust, K.'s 60 J. families were brought to the Ratno ghetto for liquidation.",,1800,LX
818,VLH_NVG_KRTS,Volhynia,Novograd-Volynskii,Korets,15MX,15XX,1600,1500,1550,"Jews settled in the 16th cent. and suffered severely in the Chmielnicki massacres of 1648- 1649. The town developed in the late 18th cent. as J. factories began to operate (cloth, porcelain,",תנועה ציונית פעילה,1500,XX
819,POD_LMP_VLKK,Podolia,Lampol,Velikaia Kosnitsa,1765,1765,1765,1765,1765,"Four Jews were present in 1765 and 781 (total 5,861) in 1897. In 1939, under the Soviets, the J. pop. dropped to 164. Those who remained after the German occupation in July 1941 were murdered with the oth",,1700,
820,GLC_STN_KSW,Galicia,Kosow,Kosów,,1635,1635,1635,1635,"Jews are first mentioned in 1635. An independent community existed from the early 18th cent. Under the Austrians, rumors in 1850 of a minimum marital age for men led to a spate of early marriages do",,1600,
821,SDL_SKL_KSSW,Siedlce,Sokolow,Kossów,,17LX,1800,1775,1775,"A. J. settlement existed in the late 18th cent., numbering 315 in 1827 and 1,316 in 1921. There were only a few dozen Christians living in K. throughout this period. At the turn of the 19th cent., Jews manufactured cl",,1700,LX
822,GRD_SLN_KSSV,Grodno,Slonim,Kossovo,15LX,15LX,1600,1575,1575,"J. settlement began in the late 16th cent. and numbered 2,028 in 1897 and 1,473 in 1921 (total 2,433). A Hebrew school existed. The Germans arrived on | July 1941 and instituted a regime of forced l",,1500,LX
823,VLH_RVN_KSTP,Volhynia,Rovno,Kostopol,18LX,18LX,1900,1875,1875,"The J. settlement began to grow with the opening of a railroad station and the growth of industry in the town in the late 19th cent. The J. pop. was 1,101 in 1897 (total 1,706). After a great fire in 19",תנועה ציונית פעילה,1800,LX
824,MGL_KLM_KSTK,Mogilev,Klimovichi,Kostiukovichi,17EX,17XX,1800,1700,1750,"Jews settled in the 18th cent. with an organized community in existence by 1759. The J. pop. was 1,057 in 1847 and 2,186 in 1897. Three prayer houses were active in the community and in 1910, J. schools were o",,1700,XX
825,KLC_PNC_KSZY,Kielce,Pinczow,Koszyce,,1827,1827,1827,1827,"Despite a residence ban officially in force until 1862, 24 J. merchants settled in 1827. By 1897, the J. pop. of 366 had established a community. The J. pop. rose to 678 (total 1,478) in 1921. In 1927, the synagogue burn",,1800,
826,LBL_LBR_KTN,Lublin,Siedlce,Kotun,,1921,1921,1921,1921,"The J. pop. was 138 in 1921 (total 712). During WWH, some Jews made their way to Soviet-held territory, while others fled to Siedlce, where they shared the fate of local Jews.",,1900,
827,MNS_BBR_KVCH,Minsk,Bobruisk,Kovchitsy II,1847,1847,1847,1847,1847,"K. was founded in 1847 as a J. farming colony and had a pop. of 528 (97% of the total) in 1897. Most had second jobs (as carters, lumberjacks, building workers), with farming becoming a sideline. On 15 July 1921,",מושבה חקלאית יהודית,1800,
828,WRS_VLT_KWL,Warszawa,Wloclawek,Kowal,,15EX,1550,1500,1525,"Jews probably settled in the first half of the 16th cent. The J. pop. rose to 1,402 (total 3,993) in 1897. After WWI, J. tradesmen did their business on market days and by peddling their wares in the surrounding villages.",,1500,EX
829,KLS_TRK_KWLP,Kalisz,Turek,Kowale Pańskie,,19EX,1915,1900,1905,"Few Jews lived in this agricultural area before WWI. On 20 Oct. 1941, 4,000 Jews from the Turk dist. were ghettoized",,1900,EX
830,VLH_KVL_KVL,Volhynia,Kovel,Kovel,1518,1518,1518,1518,1518,J. settlement commenced after K. was accorded urban status in 1518. The Jews received various privileges but lived in constant friction with the local pop. over taxation and other obligations. The communit,"השומר הצעיר, ביתר, הבונד",1500,
831,MNS_PNS_KZHN,Minsk,Pinsk,Kozhan-Gorodok,16EX,16XX,1700,1600,1650,"The J. settlement dates from the 17th cent., numbering 1,597 in 1897 and 783 in 1921 (total 2,706). The Germans executed all the Jews outside the town on 18 Aug. 1942.",,1600,XX
832,CRN_KZL_KZLT,Chernigov,Kozelets,Kozelets,17LX,17LX,1800,1775,1775,"J. settlement probably commenced in the late 18th cent. In 1897, the J. pop. was 1,634 (total 5,141). In a pogrom on 22 Oct. 1905, J. stores were looted. The J. pop. was 394 in 1939. The Germans captured the town on",,1700,LX
833,VLN_DSN_KZNY,Vilna,Disna,Koziany-I,18EX,18XX,1900,1800,1850,"In the 19th cent. the community supported itself mainly in trade and between the World Wars numbered 50 families. With the help of relief organizations, 17 J. stores were opened, but Jews were pushed out of",החלוץ,1800,XX
834,RDM_KNS_KZGL,Radom,Bedzin,Kozieglowy,,1862,1862,1862,1862,"Jews settled after 1862 and numbered 343 (total 2,476) in 1921. The community ran two battei midrash, a talmud torah, and a yeshiva. In 1940, under the German occupation, the Jews numbered 229. In May 1942 they were e",,1800,
835,VLH_DBN_KZN,Volhynia,Dubno,Kozin,15MX,15MX,1575,1550,1550,The J. settlement dates from the mid-16th cent. It was destroyed in the Chmielnicki massacres of 1648-49 but grew to a pop. of 972 in 1897 (half the total) before dropping to 525 in 1921. The Germans took,נחרבה עי חמילנצקי ושוקמה מאוחר יותר,1500,MX
836,GLC_TRN_KZLW,Galicia,Brzezany,Kozłów,,17LX,1800,1775,1775,"The J. community began to develop in the late 18th cent. and prospered as K. served as a center for 20 surrounding settlements and hosted seven annual trade fairs. In 1880, the J. pop. reached 1,247 (tota",,1700,LX
837,GRD_SLN_KZLV,Grodno,Slonim,Kozlovshchina,18LX,18LX,1900,1875,1875,"Jews settled around the turn of the 19th cent., many as farmers, and numbered 328 (total 467) in 1921. The Germans arrived in late June 1941. On 24 Nov. 1941 about 300 Jews were brought to fresh",,1800,LX
838,PRU_PSN_KSCH,Preussen,Kozmin,Koschmin,,14XX,1500,1400,1450,"The J. settlement dates from the 15th cent. when most of the Jews were engaged in the grain trade. They suffered greatly during the Swedish invasion of 1655 and in the epidemics that followed it, with many survivors leavi",,1400,XX
839,KLS_KLS_KZMN,Kalisz,Kalisz,Koźminek,,17LX,1800,1775,1775,"Jews were living here in the late 18th cent. The J. pop. in 1897 was 473 (27.5% of the total). Of the 1,800 inhabitants of the ghetto set up by the Germans in 1940, 600 were deported to Chelmno on 29 Nov. 1941 and 900 in",,1700,LX
840,GLC_TRN_KZW,Galicia,Brzezany,Kozowa,,16LX,1700,1675,1675,"Jews arrived in the late 17th cent. and by 1880 numbered 1,510 in a total pop. of 4,070. A great fire in 1906 left 300 J. families homeless. Between the World Wars there was intense communal and Zionist a",,1600,LX
841,VLN_VLK_KRSK,Vilna,Vileika,Kraisk,17EX,17EX,1750,1700,1725,"Jews probably settled at the turn of the 18th cent., numbering 152 in 1847 and 549 (total 629) in 1897. In 1923, under the Soviets, a J. school (probably four grades) was opened. In the mid-1920s, 20 J. families were e",,1700,EX
842,KLC_KLC_KRJN,Kielce,Kielce,Krajno,,1921,1921,1921,1921,"The J. pop. was 108 in 1921 (total 1,893). The five remaining J. families were deported by the Germans to the Treblinka death camp via Bodzentyn in fall 1942.",,1900,
843,KVN_KVN_KRK,Kovno,Kovno,Kroki,16MX,16MX,1675,1650,1650,"Jews first settled in the mid-17th cent. The community maintained three synagogues. The J. pop. in 1897 was 1,090 (59% of the total). The pre-wwI period, saw an increase of Haskala adherents and clashes wi",,1600,MX
844,GLC_LWW_KRKW,Galicia,Jaworow,Krakowiec,,16XX,1700,1600,1650,"The 17th cent. community grew to 1,003 in 1880 (total pop. 1,891) but large-scale emigration reduced it by two-thirds over the next 50 years. The community was liquidated by the Germans in Nov. 1942.",,1600,XX
845,VLH_ZHT_PLNY,Volhynia,Zhitomir,Puliny,18EX,1897,1897,1897,1897,"The J. pop. was 1,168 (total 2,736) in 1897, dropping by 50% between the World Wars. In 1929, 124 Jews were engaged in trade (changing their occupations in the 1930s) and 92 in crafts while 54 were defin",,1800,
846,VLH_STR_KRSL,Volhynia,Starokonstantinov,Krasilov,17EX,17XX,1800,1700,1750,"An organized community existed from the 18th cent., reaching a pop. of 273 in 1765 and 2,563 (total 6,994) in 1897. Fifteen Jews were murdered in pogroms during the civil war (1918-21). In 1939, under the So",,1700,XX
847,VTB_DVN_KRSL,Vitebsk,Dvinsk,Kreslavka,1764,1764,1764,1764,1764,"The community was founded in 1764 when a few dozen families arrived from Vilna and numbered 733 (half the total) when the Russians annexed the town in 1772. The J. pop. grew rapidly in the late 19th cent., reaching 4,0","הבונד, פועלי ציון",1700,
848,CRN_SRZ_PPVG,Chernigov,Surazh,Popova Gora,18MX,18MX,1875,1850,1850,"Jews settled in the mid-19th cent. and numbered 276 (total 2,729) in 1897. In the Soviet period, their number dropped to 270 in 1926 and 64 in 1939. After their arrival on 17 Aug. 1941",,1800,MX
849,MNS_SLT_VYZN,Minsk,Slutsk,Vyzna,18EX,18EX,1850,1800,1825,"J. settlement probably began in the first half of the 19th cent. In 1897 the J. pop. was 532 (total 1,593). In 1921, under the Soviets, a fouryear J. school was opened. Many Jews",,1800,EX
850,VLN_VLK_KRSN,Vilna,Vileika,Krasnoe,18EX,18EX,1850,1800,1825,"Jews probably settled in the first half of the 19th cent. J. wholesalers dealt in lumber, grain, and brush bristles. In 1897, the J. pop. was 573. Nearly all fled in WWI and 319 Jews were living there",תנועה ציונית פעילה,1800,EX
851,LBL_KRS_KRSN,Lublin,Krasnystaw,Kraśniczyn,,1618,1618,1618,1618,"Jews are first mentioned in 1618. They numbered around 480 between the World Wars. Jews operated all of K's 30 stores and a small furniture factory. Under the German occupation (from Sept. 1939) the J. pop. rose to 2,",,1600,
852,POD_BLT_OKNY,Podolia,Balta,Okny,18EX,18EX,1850,1800,1825,"J. settlement began in the early 19th cent. In 1882, the Jews were attacked in a pogrom. The J. pop. was 1,530 (total 2,430) in 1897, growing in the Soviet period to 1,972 in 1926 but then d",,1800,EX
853,EKT_BKH_GRSH,Ekaterinoslav,Bakhmut,Grishino,18MX,18LX,1900,1875,1875,"Jews settled in the latter half of the 19th cent. following the development of the town's metal industry. In 1897, they numbered 227. R",תנועה ציונית פעילה,1800,LX
854,PLT_KNS_KNST,Poltava,Konstantinograd,Konstantinograd,18EX,18EX,1850,1800,1825,"Jews settled in the early 19th cent. and numbered 1,099 (total 6,455) in 1897. In the early 20th cent., the community had a talmud torah, modernized heder, and private schools for boys and girls. Th",,1800,EX
855,SNP_TSR_GTCH,Sankt-Peterburg,Tsarskoe Selo,Gatchina,18LX,18LX,1900,1875,1875,"Jews probably settled in the late 19th cent. Their pop. was 184 in 1926 and 780 (total 38,235) in 1939. The Germans captured the city on 13 Sept. 1941, m",,1800,LX
856,MNS_BRS_KRSN,Minsk,Borisov,Krasnoluki,17LX,17LX,1800,1775,1775,"Jews probably settled in the late 18th cent., numbering 94 in 1811 and 519 (total 787) in 1897. In 1905, Jews were attacked in a pogrom. In the Soviet period, a J. school was in operation, with 25 children attendin",,1700,LX
857,MGL_CHR_KRSN,Mogilev,Cherikov,Krasnopole,17EX,17EX,1750,1700,1725,"Jews arrived in the early 18th cent. as lessees. Their pop. was 1,458 in 1847 and 2,692 (83% of the total) in 1897. Many Jews engaged in petty trade and some operated as lumber and cloth wholesalers. Twenty-seven",,1700,EX
858,EKT_ALK_KRSN,Ekaterinoslav,Aleksandrovsk,Krasnoselka,1845,1845,1845,1845,1845,"Jews from the Vitebsk and Mogilev regions founded K. as a J. colony in 1845. Its pop. was 623 in 1858, mostly Jews. During the May 1881 pogroms, peasants from the neighboring village of Fedorovka protected the Je",,1800,
859,LMZ_MKV_KRSN,Lomza,Makow,Krasnosielc,,18XX,1900,1800,1850,"Fifty J. families were present by the 19th cent., selling cloth in the neighborhood and buying up farm produce for sale in the cities. Zionist groups began to form in the early 20th cent. In 1921 the J. pop. was 926",,1800,XX
860,VLH_NVG_KRSN,Volhynia,Novograd-Volynskii,Krasnostav,17LX,1847,1847,1847,1847,"The J. pop. was 246 in 1847 and 1,222 (total 2,194) in 1897. Thirty-one Jews were injured in the civil war (1918-21). In the Soviet period, a J. rural council (soviet) was active, with the J. pop. standing",,1800,
861,POD_LMP_KRSN,Podolia,Lampol,Krasnoe,1648,1648,1648,1648,1648,"Jews are first mentioned in 1648 when they fled to Bar during the Chmielnicki massacres. In 1765, the J. pop. was 466 and in 1897 it was 2,590 (total 2,844). Nearly all the town's stores were in J. hands and most",הקהילה נהרסה עי חמילנצקי ואז הוקמה מחדש,1600,
862,KVN_RSS_KRZH,Kovno,Rossieny,Krozhi,16EX,16XX,1700,1600,1650,"Jews first settled in the 17th cent. A large fire in 1848 and the construction of a railway that bypassed K. caused the economic situation in 1880 to deteriorate and many emigrated to South Africa, the",,1600,XX
863,GLC_STN_KRCH,Galicia,Dolina,Krechowice,,1921,1921,1921,1921,"The Jews numbered 175 in 1921 (total 2,189), many employed in the local sawmill. The community was liquidated by the Germans in the summer of 1942.",,1900,
864,KVN_PNV_KRKN,Kovno,Poneviezh,Krakinovo,16LX,16LX,1700,1675,1675,"Jews first settled at the end of the 17th cent. The community supported three synagogues, a yeshiva, and a talmud torah. The J. pop. in 1897 was 1,505 (69% of the total). In WwI, the Russia",,1600,LX
865,PLT_KRM_KRMN,Poltava,Kremenchug,Kremenchug,1782,1782,1782,1782,1782,"Jews are first mentioned in 1782. Their pop. was 3,475 in 1847 and 29,869 (total 63,997) in 1897. A J. hospital was founded in the first half of the 19th cent. R. Yosef Tomarkin opened a Habad yeshiva in 1844. In th",,1700,
866,KVN_TLS_KRTN,Kovno,Telshi,Kretingen,16EX,16EX,1650,1600,1625,"Jews first settled in the early 17th cent. After receiving privileges from the Polish king, large-scale settlement occurred in the mid-18th cent. The community maintained three synagogues. Between 1",,1600,EX
867,VLN_OSH_KRV,Vilna,Oshmiany,Krevo,1847,1847,1847,1847,1847,"In 1847, 438 Jews were registered in the town, leasing estate facilities and trading in grain and flax as well as peddling. In 1897 they numbered 809 (total 2,201). The town was completely destroyed in WWI. W",תנועה ציונית פעילה,1800,
868,MGL_CHR_KRCH,Mogilev,Cherikov,Krichev,1494,1494,1494,1494,1494,"Jews are first mentioned in 1494. A J. lessee named Eliash Isakovich was active c. 1667 and contributed much to the town's economic development. In 1744, rioting peasants pillaged and damaged J. homes and property.",,1400,
869,KHR_ALK_NVGR,Kherson,Aleksandriia,Novogeorgievsk,18MX,16XX,1700,1600,1650,"A few Jews were probably present in the 17th cent. Residence was Officially permitted in 1792. The J. pop. was 240 (total 1,943) in 1897 and 19 in 1926. After their arrival in Aug. 1941, the Germans murdered the few",,1600,XX
870,KVN_SHV_KRK,Kovno,Shavli,Kruki,18EX,18EX,1850,1800,1825,"Jews were here at the beginning of the 19th cent. and by the end of the cent. had organized a community. As WWII approached and the economic situation worsened, many Jews emigrated. The Jews in 1940 number",,1800,EX
871,KHR_KHR_KRVR,Kherson,Kherson,Krivoi Rog,1883,18LX,1900,1875,1875,"Jews settled in the late 19th cent. A pogrom was staged in 1883. In 1897, the J. pop. was 2,672 (total 14,397). Another two pogroms occurred in 1905. In the early 20th cent., a number of private J. school for",,1800,LX
872,PRU_WST_KRJN,Preussen,Zlotow,Krojanke,,1557,1557,1557,1557,"Germany, today Poland. Jews are first mentioned in 1557. In the second half of the 17th cent., there is evidence of a synagogue and a cemetery, with the presence of a rabbi from 1682 on. When K. came",,1500,
873,CRN_KRL_KRLV,Chernigov,Krolevets,Krolevets,17EX,17XX,1800,1700,1750,"Jews were present in small numbers during the 18th cent. In 1897, the J. pop. was 1,815 (17.5% of the total). In 1939, 619 remained. The Germans captured K. on 3 Nov. 1941, subjecting the Jews to a regime of forced lab",,1700,XX
874,KLC_OLK_KRML,Kielce,Olkusz,Kromołów,,15XX,1600,1500,1550,"Jews settled in the 16th cent. The community suffered periodically from natural disasters. R. Natan Nahum Rabinowicz of Radomsk established a hasidic court in K. in the early 20th cent. In WwI, the J. pop. dropped radic",,1500,XX
875,GLC_LWW_KRSC,Galicia,Lisko,Krościenko,,1921,1921,1921,1921,"The Jews numbered 241 in 1921 (total 1,486), engaging in farming, the lumber trade, and tourism centering on the hasidic Belazow rabbi's summer court. The community was liquidated by the Germans in Ju",,1900,
876,GLC_CRC_KRSC,Galicia,Nowy Targ,Krościenko,,17LX,1800,1775,1775,"Jews were present in the second half of the 18th cent. and numbered 239 (total 1,955) in 1900 in a traditionalhasidic milieu. Jews were beaten and pillaged in the peasant riots of Nov. 1918. The Germans took the",,1700,LX
877,WRS_KTN_KRSN,Warszawa,Kutno,Krośniewice,,1568,1568,1568,1568,"Jews were living here in 1568. The J. pop. in 1897 was 5,054 (43% of the total). After WWI the economic situation of the J. community declined. Jews were persecuted by Polish soldiers in 1920 and many died during the t",,1500,
878,PRU_PSN_KRTS,Preussen,Krotoszyn,Krotoschin,,13XX,1400,1300,1350,Jews were present in the 14th cent. The community was decimated in the Swedish wars. Massacres by the troops of the Polish irregular leader Stefan Czarniecki and other depredations reduced its pop. from 400 to 50 famil,,1300,XX
879,MGL_MGL_KRCH,Mogilev,Mogilev,Krucha,1880,1880,1880,1880,1880,"Jews numbered 186 in 1880 and 713 in 1897. In 1910, a modern heder teaching secular subjects was set up. In 1923, under the Soviets, the J. pop. was 379, dropping to 297 in 1926. In 1924-25, 30 J. families earned the",,1800,
880,MGL_MGL_KRGL,Mogilev,Mogilev,Krugloe,1847,1847,1847,1847,1847,"The J. pop. was 381 in 1847 and 553 (total 1,442) in 1897, dropping to 428 in 1926 under the Soviets. In 1925, 125 Jews signed up to receive allocations of farmland. Jews also worked in cooperatives as carters and",,1800,
881,GLC_LWW_KRKN,Galicia,Mosciska,Krukienice,,1921,1921,1921,1921,"The Jews numbered 231 in 1921 (total 1,619). They were expelled by the Germans to Mosciska in the summer or fall of 1942 and shared the fate of the local Jews.",,1900,
882,MGL_SNN_KRPK,Mogilev,Sienno,Krupka,1678,1678,1678,1678,1678,"Individual Jews are mentioned in 1678. An organized community was in existence in the mid-18th cent., its pop. reaching 1,080 (total 1,523) in 1897. In 1930, about 15 J. families worked in kolkhozes and in 1931 a J. el",,1600,
883,VTB_DVN_KRTS,Vitebsk,Dvinsk,Kreitsburg,16LX,16LX,1700,1675,1675,"The J. community was one of the first in Latgale, apparently formed by Jews from nearby Courland in the late 17th cent. At the end of the 19th cent., when the J. pop. reached 3,164 (total 4,142), it w",תנועה ציונית פעילה,1600,LX
884,VLH_RVN_KRCH,Volhynia,Rovno,Krichilsk,18LX,1921,1921,1921,1921,The J. pop. in 1921 was 100. The Jews were brought to the Stepan ghetto for liquidation during the Holocaust.,,1900,
885,KHR_ALK_NVGR_2,Kherson,Aleksandriia,Novogeorgievsk,,1550,1550,1550,1550,"Jews are first mentioned in 1550 but the community only began to grow in the late 19th cent., reaching a pop. of 1,512 (total 3,314) in 1897. Many left in WWI, leaving 750 Jews in 1921. In Sept. 1939, some managed to flee",,1500,
886,GLC_CRC_KRYN,Galicia,Nowy Sacz,Krynica,,18EX,1850,1800,1825,"Jews first settled in the early 19th cent. The development of the town as a health resort in the 1860s, attracting a well-to-do J. clientele, provided comfortable livings for around a quarter of the",,1800,EX
887,GLC_LWW_KRYS,Galicia,Sokal,Krystynopol,,1692,1692,1692,1692,"Jews settled soon after the town was founded in 1692, establishing themselves as a preponderant majority of the pop. (78% in 1880 when they numbered 2,747) as well as controlling trade,",,1600,
888,POD_BLT_KRVO,Podolia,Balta,Krivoe Ozero,1765,1765,1765,1765,1765,"Nine Jews were present in 1765. A stone synagogue was built in 1853. In the 1880s, most of the town's 90 stores belonged to Jews and two J. colonies were located nearby. In 1897, the J. pop. was 5,478 (total 7,836",,1700,
889,POD_OLG_KRYZ,Podolia,Olgopol,Kryzhopol,1765,1765,1765,1765,1765,"Three Jews were present in 1765, their number growing to 668 (total 1,126) in 1897. In the Soviet period, Jews worked mainly in the cooperatives as tailors and shoemakers and at a J. kolkhoz established in 1928. A J",,1700,
890,VLH_KRM_KRMN,Volhynia,Kremenets,Kremenets,1503,1503,1503,1503,1503,The J. settlement began to develop after 1503. Jews were prominent in the salt trade and the importation of bulls from Walachia. Many Jews fled under the Cossack siege of 1648 but others,"חובבי ציון, החלוץ, הבונד",1500,
891,PTR_CHN_KRZP,Piotrkow,Czestochowa,Krzepice,,16MX,1675,1650,1650,"The date when the first Jews appeared in K. is unknown, but an organized community existed by the mid-17th cent. In the late 19th cent., Jews set up a number of small hide-processing plants while others supplied the tow",,1600,MX
892,LBL_BLG_KRZS,Lublin,Bilgoraj,Krzeszów,,17XX,1800,1700,1750,"A small J. settlement in the late 16th cent was wiped out in the Chmielnicki massacres of 1648-49 and only renewed in the 18th cent. The J. pop. grew to 650 (total 1,093) in 1867, then dropped to 281 in 1921. Zionist in",,1700,XX
893,GLC_CRC_KRZS,Galicia,Chrzanow,Krzeszowice,,18LX,1900,1875,1875,"The J. settlement started growing in the late 19th cent. with the town's economic development based on sawmills, ceramics factories, and mineral springs. The J. pop. increased from 118 in 1880 to 506 in 1921 (total 2",,1800,LX
894,GLC_LWW_KRZY,Galicia,Przemysl,Krzywcza,,17LX,1800,1775,1775,"An organized community developed in the late 18th cent., never exceeding 250 Jews (around 25% of the total). They were dispersed among other settlements by the Germans toward the end of July",,1700,LX
895,GLC_TRN_KRZY,Galicia,Brody,Krzywcze Górne,,17MX,1775,1750,1750,"A J. settlement apparently existed from the mid-18th cent., growing to a peak pop. of 719 (a third of the total) in 1880 but subsequently declining to 362 in the wake of emigration",,1700,MX
896,VLN_VLK_KRVC,Vilna,Vileika,Krivichi,16LX,16XX,1700,1600,1650,Jews may have been present in the 17th cent. and numbered 457 (total 520) in 1897. Many of those arriving from neighboring villages after the expulsion of 1881 raised vegetables and fruit trees and Jews s,תנועה ציונית פעילה,1600,XX
897,KLC_MKH_KSZW,Kielce,Miechow,Książ Wielki,,15EX,1550,1500,1525,"Jews probably settled at the turn of the 16th cent. By the 1840s, the community maintained a synagogue, hospital, and school. The J. pop. reached 723 in 1897 and 852 (total 1,715) in 1921. The Zionists became activ",,1500,EX
898,VTB_LPL_KBLC,Vitebsk,Lepel,Kublichi,1847,1847,1847,1847,1847,"The J. pop. was 181 in 1847 and 935 (total 1,291) in 1897, dropping to 546 in 1926 under the Soviets. A J. elementary school (four grades) was opened in 1926 and a J. council operated from 1930. The Germans occupie",,1800,
899,SWL_VLD_VLDS,Suwalki,Vladislavov,Vladislavov,17EX,17EX,1750,1700,1725,"Jews first settled in the beginning of the 18th cent. In the 19th cent. there was a talmud torah. The J. pop. in 1835 was 3,348 (76% of the total). Zionist activity began in 1884 with",חובבי ציון,1700,EX
900,GLC_STN_KLCZ,Galicia,Kolomyja,Kulaczkowce,,1637,1637,1637,1637,"Jews. are mentioned from 1637. The J. pop. declined from 266 in 1880 (total 2,303) to 124 in 1921. The Jews were probably expelled by the Germans to the neighboring Gwozdziec ghetto in early 1942.",,1600,
901,VLH_STR_KLCH,Volhynia,Starokonstantinov,Kulchiny,17EX,1765,1765,1765,1765,"Jews numbered 177 in 1765 and 2,031 (47% of the total) in 1897. In the Soviet period, a J. rural council (soviet), elementary school, and literary and drama circles were active. In 1926, the J. pop. was 1,266",,1700,
902,KVN_TLS_KL,Kovno,Telshi,Kuli,17EX,17XX,1800,1700,1750,"Jews first settled in the 18th cent., establishing a community in the early 20th cent. R. Yosef Shelomo Kahaneman (1888-1969), who founded the Ponevezh yeshiva in Benai Berak, came from K. The J. pop. in 1897 was 181",,1700,XX
903,GLC_LWW_KLKW,Galicia,Zolkiew,Kulików,,1544,1544,1544,1544,"Jews are first mentioned in 1544. In the 18th and 19th cents. they controlled the manufacture and sale of mead. In 1910 the J. pop. numbered 1,211 (a third of the total). In the 20th cent. the baking of a sp",,1500,
904,VLH_OST_KNV,Volhynia,Ostrog,Kunev,17EX,1765,1765,1765,1765,"The J. pop. was 173 in 1765 and 1,661 (57% of the total) in 1897, dropping to 1,314 in 1926 under the Soviets. The Germans occupied the town on 3 July 1941. In Aug. 1941, SS units murdered 159 Jews. In June and",,1700,
905,RDM_SND_KNW,Radom,Opatow,Kunów,,1827,1827,1827,1827,"A community of 115 in 1827 grew to 510 in 1921 (total 2,145). The Joint Distribution Committee helped the Jews rehabilitate their ruined economy after WWI. On the eve of WWI, the J. pop. was 495 (100 families). Many of the",,1800,
906,VLH_STR_KPL,Volhynia,Starokonstantinov,Kupel,17EX,17XX,1800,1700,1750,"J. settlement commenced in the 18th cent. A J. printing press was in operation in 1796. In 1897, the J. pop. was 2,727 (63% of the total). After the Oct. 1917 Revolution, pogroms were staged against the Jews, e",,1700,XX
907,KHR_KPN_KPNS,Kharkov,Kupiansk,Kupiansk,18EX,18EX,1850,1800,1825,"Jews settled in small numbers in the early 19th cent. and numbered 71 in 1897 and 124 (total 20,961) in 1939. The few remaining Jews perished after the German occupation of 23 June 1942.",,1800,EX
908,POD_KMN_KPN,Podolia,Kamenets-Podolsk,Kupin,1765,1765,1765,1765,1765,"The J. pop. was 405 in 1765 and 1,351 in 1897. Most Jews earned their livelihoods as lessees, petty traders, and artisans. A few exploited the proximity to the Austrian border to trade in farm produce. Most Jew",,1700,
909,KVN_VLK_KPSH,Kovno,Vilkomir,Kupishki,17EX,17EX,1750,1700,1725,"The origins of the J. community are not known; the earliest graves date from the beginning of the 18th cent. The community was divided between Hasidim and Mitnaggedim, each group with its own rabbi",,1700,EX
910,LVL_ARN_ARNS,Livland,Arensburg,Arensburg,18MX,18MX,1875,1850,1850,"Jews settled in the mid-19th cent. in this island port city, numbering 110 in 1881 and, after continued emigration, 22 in 1934 (total 4,478). Some escaped by sea to the Soviet Union on the approach of the Germans i",,1800,MX
911,KVN_VLK_KRKL,Kovno,Vilkomir,Kurkle,17LX,17LX,1800,1775,1775,"Jews first settled at the end of the 18th cent. The J. pop. in 1897 was 257 (32% of the total). Between the World Wars, many emigrated because of the difficult economic situation to South Africa, the U",,1700,LX
912,LBL_PLW_KRW,Lublin,Pulawy,Kurów,,15LX,1600,1575,1575,"A few J. families were present in the late 16th cent. In the early 17th cent., the community consecrated a synagogue and cemetery but later on the Chmielnicki massacres of 1648-49 decimated the community, which did not ree",,1500,LX
913,KVN_SHV_KRSH,Kovno,Shavli,Kurshany,18EX,18XX,1900,1800,1850,"Jews first settled in the 19th cent. The J. pop. in 1897 was 1,542 (48% of the total). Prior to WWI, many Jews emigrated to South Africa and the U.S. Some of the Jews expelled by the Russian army dur",,1800,XX
914,GLC_LWW_KRYL,Galicia,Lancut,Kuryłówka,,1921,1921,1921,1921,"The J. pop. in 1921 was 101 (total 1,561). The Jews were expelled to Soviet-held territory and murdered there by the Germans in 1941-42; or deported to the Belzec death camp via Lezajsk in Sept. 1942.",,1900,
915,KLC_WLS_KRZL,Kielce,Wloszczowa,Kurzelów,,18EX,1850,1800,1825,"Jews are first mentioned in the early 19th cent. and numbered 191 (total 1,516) in 1921. Under the German occupation, 275 refugees from Wloszczowa were added to the town's 119 Jews in Feb. 1940. In Sept. 1942, 13 Jews w",,1800,EX
916,VLN_VLK_KRNT,Vilna,Vileika,Kurenets,18EX,18MX,1875,1850,1850,"By the 1860s, K. was a center of Lubavich Hasidism. In 1897 the J. pop. was 1,613 (total 1,774). J. shops were located in a big wooden building on the market square and J. artisans circulated through the",תנועה ציונית פעילה,1800,MX
917,WRS_KTN_KTN,Warszawa,Kutno,Kutno,,14MX,1475,1450,1450,"A J. community existed in the mid-15th cent. A synagogue was built in 1766 and survived until 1939. The J. pop. in 1897 was 10,356 (50% of the total). K. was a center of rabbinical learning, and prominent personalities such",,1400,MX
918,GLC_STN_KTY,Galicia,Stanislawow,Kuty,,1715,1715,1715,1715,"Jews settled with full rights on the founding of K. in 1715. Under Austrian rule with its heavy taxation their situation declined, but improved when equality was granted throughout Galicia i",,1700,
919,POD_PRS_KZMN,Podolia,Proskurov,Kuzmin,1765,1765,1765,1765,1765,"Jews numbered 208 in 1765 and 890 (total 2,940) in 1897. The Germans occupied K. in late July 1941 and murdered Jews in small groups. The last group was sent to the Krasilov ghetto and was",,1700,
920,VLH_STR_KZMN,Volhynia,Starokonstantinov,Kuzmin,17LX,1847,1847,1847,1847,"Jews numbered 641 in 1847 and 830 (total 3,368) in 1897. A pogrom was staged on 7 July 1918, during the civil war. In 1923, under the Soviets, the J. pop. dropped to 453. The Germans capt",,1800,
921,KVN_RSS_KNST,Kovno,Rossieny,Konstantinovo,16EX,16XX,1700,1600,1650,"Jews first settled here in the 17th cent. In the 19th cent. R. Avraham Karelitz (1878-1963), known as Hazon Ish, studied there for many years. The J. pop. in 1897 was 671 (56% of the total). In 1938",,1600,XX
922,SWL_VLK_KBRT,Suwalki,Volkovyshki,Kibarty,1860,1860,1860,1860,1860,The town was located on the border with Germany. Jews first settled in the 1860s and profited from the trade between the two countries. There were several modernized hadarim. Because of the proximi,"תנועה ציונית סוציאליסטית, קהילה חילונית",1800,
923,PRU_PMM_LBS,Preussen,Pommern,Labes,,1705,1705,1705,1705,"The first Jews are mentioned in 1705. A J. community developed slowly and numbered 167 individuals in 1861, shrinking to 87 in 1909. It maintained a synagogue and a cemetery. When the Nazis came to",,1700,
924,PRU_OST_LB,Preussen,Labiawa,Labiau,,1870,1870,1870,1870,"Germany, today Russia. The J. pop. was 131 in 1880; 150 in 1895; and 42 in 1905. The community established a synagogue in the beginning of the 1870s and two cemeteries, the second c. 1863. On the eve of the Nazi as",,1800,
925,PRU_PSN_LBSC,Preussen,Szubin,Labischin,,1564,1564,1564,1564,"The first Jews settled in 1564. Many died in the Swedish war of the mid-17th cent. and the plague of 1707-11, with most of the others leaving. The J. settlement was renewed in 1816, reaching a pop. of 900 (total 2,200)",,1500,
926,GLC_CRC_MCJW,Galicia,Nowy Sacz,Maciejowa,,1921,1921,1921,1921,"The Jews numbered 221 (total 876) in 1921. Under the German occupation from Sept. 1939, they were subjected to persecution and forced labor before being expelled in the first half of 1942 to the Nowy Soncz ghetto for subs",,1900,
927,VLH_ZSL_LBN,Volhynia,Zaslavl,Labun,1705,1705,1705,1705,1705,"Jews are first mentioned in 1705. In the early 17th cent. they were attacked by Cossacks and Polish soldiers. The J. pop. was 432 in 1765, rising to 1,192 in 1847 and dropping to 952 in 1923. A J. rural council",,1700,
928,MNS_SLT_LKHV,Minsk,Slutsk,Liakhovichi,1623,1623,1623,1623,1623,"A J. community is first mentioned in 1623, growing to a peak pop. of 3,846 (total 5,016) in 1897. In the mid-19th cent. most of L.'s Jews were Stolin Hasidim but the local dynasty founded by R. Mord",,1600,
929,MNS_MZY_LKHV,Minsk,Mozyr,Lakhva,1655,1655,1655,1655,1655,"An organized community existed from 1655 and developed with the coming of the railroad, reaching a pop. of 1,057 in 1897 (total 2,426). About a quarter of the J. pop. were Karlin-Stolin Hasidim. The Zionis",,1600,
930,GLC_STN_LCKS,Galicia,Tlumacz,Lackie Szlacheckie,,1921,1921,1921,1921,The J. pop. in 1921 was 133. The Jews were probably expelled to Tlumacz or Stanislawow for liquidation in April-May 1942.,,1900,
931,GLC_CRC_LCK,Galicia,Nowy Sacz,Lacko,,1921,1921,1921,1921,"The J. community numbered 232 (total 2,001) in 1921. After enduring a regime of forced labor and persecution under the Germans, the Jews were expelled to the Nowy Soncz ghetto in early 1942 and subsequently deported to the",,1900,
932,KIV_UMN_LDYZ,Kiev,Uman,Ladyzhinka,1790,1790,1790,1790,1790,"Jews numbered 35 in 1790 and 1,173 in 1897. On 14 May 1919, gangs murdered 100 Jews, raped J. women, and looted J. property. In 1939, under the Soviets, 101 Jews remained. The Germans arrived on 29 July 1941 and murder",,1700,
933,POD_GSN_LDYZ,Podolia,Gaisin,Ladyzhin,16MX,16MX,1675,1650,1650,"Jews settled in the mid-17th cent. and numbered 303 in 1765 and 3,212 (total 6,589) in 1897. In the Soviet period, the J. pop. declined, to 720 in 1939. In the mid-1920s, about half the Jews were without rights and u",,1600,MX
934,RDM_OPT_LGW,Radom,Opatow,Łagów,,1827,1827,1827,1827,"Sixty Jews were present in 1827, increasing to 1,269 (total 2,527) in 1921. Difficult economic circumstances both before and after WWI led many to leave in the 1920s. Between the World Wars, the Zionists with their youth m",,1800,
935,KVN_SHV_LZHV,Kovno,Shavli,Laizhevo,17EX,17EX,1750,1700,1725,"Jews first settled here in the early 18th cent. A synagogue was built in the 19th cent. after the old one collapsed. After a fire in 1884, Jews and non-Jews responded to an appeal for aid. Many emigrated to South A",,1700,EX
936,VLH_OST_LKHV,Volhynia,Ostrog,Liakhovtsy,1629,1629,1629,1629,1629,"In 1629 the town numbered 37 J.-owned houses (of a total 318). In 1705-07 (the Swedish wars), the town was completely destroyed in anti-J. pogroms. In 1765, the J. pop. was 589, incre",,1600,
937,GLC_LWW_LNCT,Galicia,Lancut,Łańcut,,15LX,1600,1575,1575,"A J. community with a wooden synagogue and cemetery existed in the late 16th cent. With Austrian rule from 1772, 11 smaller settlements came under its aegis. Its magnificent synagogue, built in 1761, was damaged in Wwil but",,1500,LX
938,GLC_STN_LNCZ,Galicia,Nadworna,Łanczyn,,1921,1921,1921,1921,"The small community numbered 383 (total 4,152) in 1921 and was presumably expelled to Nadworna in the summer of 1942 if not liquidated earlier.",,1900,
939,PRU_OST_LNDS,Preussen,Ilawa,Landsberg,,1858,1858,1858,1858,"Germany, today Poland. The J. pop. stood at 211 in 1858, dropping to 77 in 1884. The community consecrated a synagogue in 1865 and maintained a cemetery. Windows of J. businesses were broken in 1932. Of",,1800,
940,GLC_CRC_LPNW,Galicia,Bochnia,Lapanow,,1880,1880,1880,1880,The Jews numbered 230 in 1880 and 114 in 1921 (total 468). They were expelled by the Germans to Bochnia on 23 Aug. 1942 and suffered the fate of the local Jews.,,1800,
941,MNS_IGM_LPCH,Minsk,Igumen,Lapichi,1811,1811,1811,1811,1811,"Jews numbered 24 in 1811 and 736 (98% of the total) in 1897. In 1925, under the Soviets, the J. pop. of 143 families consisted of 72 artisans, 24 blue-collar workers, 22 white-collar workers, and 22 engaged in petty",,1800,
942,LMZ_LMZ_LPYB,Lomza,Lomzha,Lapy Barviki,18EX,18XX,1900,1800,1850,"A small community was formed in the 19th cent., trading in farm produce and engaging in crafts. In 1921, the J. pop. was 623 (total 3,495). Almost all the Zionist groups were active between the World Wars. The Germans to",,1800,XX
943,PTR_LSK_LSK,Piotrkow,Lask,Łask,,15XX,1600,1500,1550,"In the 16th cent., Jews were granted permission by the lord of the town to practice their religion, engage in trade and crafts, and build houses. During the 17th and 18th cents., the J. community was the largest in the region",,1500,XX
944,SDL_GRV_LSKR,Siedlce,Garwolin,Łaskarzew,,17LX,1800,1775,1775,"Jews settled in the late 18th cent. and grew in number from 157 in 1857 to 1,258 (total 2,821) in 1897 as J. tailors made L. a center for readymade wear. Nine small villages were attached to the community and a synagog",,1700,LX
945,GLC_TRN_LSKW,Galicia,Czortkow,Laskowce,,1921,1921,1921,1921,The J. pop. in 1921 was 126. The Jews were expelled to Trembowla for liquidation in Oct. 1942.,,1900,
946,RDM_OPT_LSCN,Radom,Opatow,Lasocin,,18MX,1875,1850,1850,Jews were present by the first half of the 19th cent. and numbered about 100 on the eve of WWII. They were expelled by the Germans to the Ozarow ghetto in summer 1942 and deported from there to the Treblinka death camp i,,1800,MX
947,LBL_GRB_LSZC,Lublin,Tomaszow,Łaszczów,,16MX,1675,1650,1650,"Jews were present by the first half of the 17th cent., reaching a peak pop. of 1,626 (total 1,806) in 1897. In Sept. 1920, rampaging Cossacks staged a violent pogrom, raping 100 J. women. Many left the city and by 1921",,1600,MX
948,WRS_NWM_LTWC,Warszawa,Minsk Mazowiecki,Latowicz,,18MX,1875,1850,1850,"A J. settlement existed from the late 16th cent., with few remaining after an expulsion order in 1599. The community was reestablished in the first half of the 19th cent., numbering 172 after WWI and spread over 18 neig",,1800,MX
949,PRU_PMM_LNBR,Preussen,Pommern,Lauenburg,,1752,1752,1752,1752,"In 1752, there were 15 Jews living in L. In 1812, the J. community numbered 15 families and by 1871 it had grown to 381 members. A synagogue was established in 1845, followed by two cemeteries",,1700,
950,KVN_TLS_LVKV,Kovno,Telshi,Lavkovo,17EX,17XX,1800,1700,1750,"Jews first settled in the 18th cent. The J. pop. in 1897 was 418 (55% of the total). Between the World Wars many emigrated to the west, South Africa, and Palestine. A falmud torah, Hebrew school, and social welfare a",,1700,XX
951,GLC_STN_LWCZ,Galicia,Stryj,Ławoczne,,1921,1921,1921,1921,"The J. pop. in 1921 was 140. The Germans arrived on 15 Aug. 1941 and instituted a reign of terror. The men were put to forced labor and after a series of killings, 160 Jews remained in Aug. 1942",,1900,
952,SWL_SNY_LZDZ,Suwalki,Seiny,Lozdzee,1689,1689,1689,1689,1689,"Jews first settled in 1689. Despite several devastating fires in the 19th cent. the J. community was well organized. The J. pop. in 1897 was 1,439 (57% of the total). During WWI the Jews were expelled, m",תנועה ציונית פעילה,1600,
953,PTR_BND_LZY,Piotrkow,Bedzin,Łazy,,1921,1921,1921,1921,"The J. pop. in 1921 was 234 (total 1,579). Most of the 363 wartime Jews, including refugees who had arrived from Silesia in 1940-41, were deported by the Germans to Auschwitz on 16 June 1942. Some were sent to labor camps a",,1900,
954,KHR_LBD_LBDN,Kharkov,Lebedin,Lebedin,18LX,19EX,1919,1900,1910,"Jews numbered about 250 in the early 20th cent. and 179 (less than 1%) in 1939. In 1919, they were attacked in a pogrom. The Germans captured L. on 10 Oct. 1941 and ordered the Jews to wear the yellow badge. The remaining",,1900,EX
955,VLN_VLK_LBDV,Vilna,Vileika,Lebedev,17LX,1847,1847,1847,1847,"A community of 470 Jews existed by 1847, growing to 1,232 (total 2,275) in 1897. Most left during WWI, when many were killed. Those who returned found their homes destroyed. The J. pop. in 1921 was 740. B",תנועה ציונית פעילה,1800,
956,SWL_SNY_LPNY,Suwalki,Seiny,Leipuny,18EX,18XX,1900,1800,1850,Jews first settled in the 19th cent. A J. colony was built on land granted to the J. community by the Russian authorities in 1847. A beautiful synagogue was erected. The J. pop. in 1897 was 134 (10% o,מושבה חקלאית יהודית,1800,XX
957,MNS_MZY_LLCH,Minsk,Mozyr,Lelchitsy,17LX,17LX,1800,1775,1775,"Jews probably settled in the late 18th cent. and numbered 180 (total 890) in 1897. Ina 1919 pogrom, the Balakhovich brigade murdered one Jew and looted many J. homes. A J. elementary school (four grades) was opene",,1700,LX
958,KLC_WLS_LLW,Kielce,Wloszczowa,Lelów,,17LX,1800,1775,1775,"Jews are first mentioned in the late 18th cent., forming an organized community in the mid-19th cent. After R. David Biderman (d. 1814) established a dynasty there, L. became an important hasidic center, creating new sourc",,1700,LX
959,LBL_LBR_LCZN,Lublin,Lublin,Łęczna,,15LX,1600,1575,1575,"Present in the late 16th cent., Jews numbered 500 by 1765. The Council of the Four Lands regularly held its meetings there during the fairs. A beautiful synagogue erected in the early 18th cent. remained standing until W",,1500,LX
960,KLS_LNC_LCZY,Kalisz,Leczyca,Łęczyca,,1453,1453,1453,1453,"L. was one of the oldest communities in the Lodz region. Jews are first mentioned in 1453. In 1564, their pop. was 460 (30% of the total). In 1639, two Jews were accused of murdering a Christian boy, and in 1652 the major",,1400,
961,MNS_MZY_LNN,Minsk,Mozyr,Lenin,17EX,17EX,1750,1700,1725,"Jews from Slutsk and Lachwa settled in the early 18th cent. and engaged in the burgeoning lumber industry in the 19th cent. as the J. pop. grew to 753 in 1897 and 928 (total 1,520) in 1921. Ninety percent o",,1700,EX
962,SNP_SNT_SNPT,Sankt-Peterburg,Saint Petersburg,San Peterburg,17LX,18EX,1850,1800,1825,"The first Jews (possibly converts of Portuguese-J. origin, including doctors and financiers) arrived not long after Peter the Great founded the city",,1800,EX
963,MNS_SLT_RMNV,Minsk,Slutsk,Romanovo,18EX,18EX,1850,1800,1825,"Jews probably settled in the early 19th cent., numbering 31 in 1811 and 494 (total 1,535) in 1897. In 1923, their pop. was 222. Many worked as farmers. A J. school was apparently opened",,1800,EX
964,MGL_GRK_LNN,Mogilev,Gorki,Lenino,18MX,1897,1897,1897,1897,"The J. pop. was 634 (64% of the total) in 1897. Most Jews engaged in petty trade and crafts. In 1923, under the Soviets, the J. pop. was 498 and in 1925, 80 J. families engaged in agricult",,1800,
965,WRS_BLN_LNCN,Warszawa,Sochaczew,Leoncin,,1921,1921,1921,1921,The J. pop. in 1921 was 149 (total 288). Those remaining after accelerated emigration between the World Wars were expelled by the Germans to nearby ghettoes toward the end of 1940 and shared the fate of the Jews there.,,1900,
966,VLN_DSN_LNPL,Vilna,Disna,Leonpol,18EX,18EX,1850,1800,1825,"Jews settled in the first half of the 19th cent., numbering 65 (total 109) in 1866. They traded in lumber, flax, grain, and mushrooms. A few had stores in the market and some rented rooms to vacationers du",,1800,EX
967,BSS_IZM_LV,Bessarabia,Izmail,Leovo,1930,1930,1930,1930,1930,"The J. pop. in 1930 was 2,326. In June 1941 the majority of the Jews attempted to flee with the help of retreating Russians, but were murdered by Rumanian soldiers and gendarmes in other villages",,1900,
968,VTB_LPL_LPL,Vitebsk,Lepel,Lepel,17LX,1847,1847,1847,1847,"The J. pop. was 1,509 in 1847 and 3,379 (total 6,284) in 1897. In the early 20th cent., state J. schools for boys (emphasizing vocational training) and for girls were in operation. A J. elementary school was in operat",,1800,
969,VLN_TRK_LPNY,Vilna,Troki,Leipuny,1847,1847,1847,1847,1847,L. was founded as a J. farming settlement in 1847 and numbered 99 Jews in 1919. The Germans expelled the Jews to Ejszyszki via Olkeniki on 25 Sept. 1941 and murdered them there.,מושבה חקלאית יהודית,1800,
970,GLC_LWW_LSK,Galicia,Lisko,Lisko,,15XX,1600,1500,1550,Jews are first reported in the 16th cent. and engaged in the wine trade as well as dealing in cattle and horses and imported goods and leasing inns and salt deposits. The community prospered and g,,1500,XX
971,GLC_TRN_LSZN,Galicia,Brody,Leszniów,,16EX,1650,1600,1625,"Jews were present from the early 17th cent., linked economically to nearby Brody and prospering until the latter's decline in the late 19th cent. Emigration subsequently reduced the J. pop. from 696 (a",,1600,EX
972,PRU_PSN_LSS,Preussen,Leszno,Lissa,,1534,1534,1534,1534,"Jews may have settled as early as 1534. Many more, apparently refugees from Silesia, arrived in 1595. In the Chmielnicki massacres of 1648-49 and the Swedish invasion of 1655 the community suffered greatl",,1500,
973,WRS_BLN_LSZN,Warszawa,Blonie,Leszno,,1930,1930,1930,1930,"The J. pop. was 146 in 1930 (total 728) and 258 in 1921 (total 1,858). The town's 300 Jews were expelled by the Germans to the Warsaw ghetto in Feb. 1940 and suffered the fate of the other J. refugees there.",,1900,
974,POD_LTC_LTCH,Podolia,Letichev,Letichev,1581,1581,1581,1581,1581,"J. settlement commenced in 1581. In 1765, the J. pop. reached 652 and in 1897 it was 4,108 (57% of the total). In 1881-82, Jews were attacked in pogroms. in 1939, under the Soviets, the J. pop. was 1,946. Th",,1500,
975,GLC_LWW_LZJS,Galicia,Lancut,Leżajsk,,1521,1521,1521,1521,"Jews lived permanently in L. from at least 1521, enjoying wide-ranging residence and trade privileges under the Polish kings. There was an organized community in the early 17th cent., which g",,1500,
976,GLC_LWW_LBCH,Galicia,Turka,Libuchora,,1921,1921,1921,1921,"The J. pop. in 1921 was 210. The Jews were probably deported to the Belzec death camp in the second half of 1942, directly or via Turka.",,1900,
977,VLN_LDA_LD,Vilna,Lida,Lida,15MX,1579,1579,1579,1579,"Jews may have settled in the mid-16th cent. In 1579, King Stephen Bathory authorized the erection of a synagogue. In the early 18th cent. most Jews ran inns or traded in farm produce. In the late 19th cen","המזרחי, החלוץ, השומר הצעיר",1500,
978,PRU_WST_LTNB,Preussen,Brodnica,Lautenburg,,1772,1772,1772,1772,"Jews probably settled after the annexation to Prussia in 1772, reaching a peak pop. of 489 in 1885, with wide-ranging cultural and social activity in the second half of the 19th cent. Emigration depleted the communit",,1700,
979,,,,Liebstadt,,1880,1880,1880,1880,"Germany, today Poland. The J. pop. numbered 110 in 1880; 86 in 1905; and 32 in 1925. The community maintained a synagogue and a cemetery, but in the Weimar period, religious services were held only on holidays.",,1800,
980,GLC_CRC_LMNW,Galicia,Limanowa,Limanowa,,18XX,1900,1800,1850,"The community became organized in the 19th cent., growing to a pop. of 571 in 1880 and 905 (total 2,143) in 1921. Anti-J. riots erupted in 1898 and 1918 and between the World Wars economic conditions declined in the fac",,1800,XX
981,LVL_VLM_LMZL,Livland,Volmar,Lemzal,1860,1860,1860,1860,1860,"Jews began settling in the 1860s, reaching a peak pop. of 254 in 1881 and thereafter declining steadily to a level of around 100 (3% of the total) between the World Wars. Their children were enrolled in the La",,1800,
982,KVN_PNV_LNKV,Kovno,Poneviezh,Linkovo,17EX,17EX,1750,1700,1725,"Jews first settled in the beginning of the 18th cent. The J. pop. in 1897 was 1,213 (61% of the total). At the end of the 19th cent., the Zionist movement was active. The J. pop. in 1923 was 625 (34%). Among L.'s na",,1700,EX
983,GRD_PRZ_LNV,Grodno,Pruzhany,Linovo,1921,19EX,1921,1900,1910,Jews were present from the early 20th cent. and numbered 125 in 1921 (total 377). Around 150 were executed by the Germans in July 1942.,,1900,EX
984,MGL_ORS_LZN,Mogilev,Orsha,Liozno,1766,1766,1766,1766,1766,"Jews numbered 82 in 1766 and 1,665 (total 2,474) in 1897. A private J. school for boys and girls was in operation in 1910. In the Soviet period, the J. pop. dropped to 1,204 in 1926 and 711 in 1939. A J. elementary s",,1700,
985,BSS_KHT_LPKN,Bessarabia,Khotin,Lipkony,16MX,16MX,1675,1650,1650,"Jews settled in the mid-17th cent. and became the main exporters of produce from northern Bessarabia to Austria, Germany, and other countries. Twenty synagogues functioned with every arti",,1600,MX
986,VLN_OSH_LPNS,Vilna,Oshmiany,Lipnishki,16EX,16LX,1700,1675,1675,"J. settlement apparently commenced at the turn of the 17th cent. The community reached a peak pop. of 612 (total 1,377) in 1897, thereafter declining through emigration. Of the 100 J. families presen",תנועה ציונית פעילה,1600,LX
987,PLC_LPN_LPN,Plock,Lipno,Lipno,,17XX,1800,1700,1750,"A J. settlement apparently existed in the 18th cent., confined to a special quarter by an 1824 edict. A new synagogue seating hundreds was built in the second half of the 19th cent. while a number of shtiblekh served the H",,1700,XX
988,KIV_LPV_LPVT,Kiev,Lipovets,Lipovets,1747,1747,1747,1747,1747,"Jews in L. are first mentioned in 1747. There were over 1,000 in the area in the early 18th cent. In 1897, the J. pop of L. was 4,135 (of a total 8,658). Two state J. schools were operating in the early 20th cent. In",,1700,
989,GLC_LWW_LPSK,Galicia,Cieszanow,Lipsko,,16XX,1700,1600,1650,"Jews settled in the 17th cent. and constituted a majority of the pop. by the late 18th, trading in grain, hides, and lumber. By 1921 the J. pop. had declined to 248. Most escaped to the Soviet Union in Se",,1600,XX
990,RDM_ILZ_LPSK,Radom,Ilza,Lipsko,,17EX,1750,1700,1725,"Jews were present by the first half of the 18th cent., numbering 766 in 1827 and 1,376 (total 2,472) in 1921. The Germans arrived on 9 Sept. 1939 and immediately killed 12 Jews trying to flee their burning houses. A",,1700,EX
991,GLC_STN_LSTY,Galicia,Stryj,Lisiatycze,,1921,1921,1921,1921,The J. pop. in 1921 was 119. The Jews were probably expelled to Stryj for liquidation in Sept. 1942.,,1900,
992,POD_LTN_LTN,Podolia,Litin,Litin,1578,1578,1578,1578,1578,"Jews are first mentioned in 1578 and numbered 481 in 1765. In 1897, their pop. was 3,874 (total 9,420). A school for boys and a school for girls were operating in 1910. On 14 May 1919, 110 Jews were murdered in a pogrom",,1500,
993,MNS_BBR_LBN,Minsk,Bobruisk,Liuban,18EX,18EX,1850,1800,1825,"Jews probably settled in the early 19th cent. after the settlement was accorded municipal status in 1808. By the late 1820s, they already numbered 561. In 1897, their pop. was 732 (total 766). A few dozen Jews were",,1800,EX
994,NVG_NVG_LBN,Novgorod,Novgorod,Liuban,18LX,18LX,1900,1875,1875,Jews probably settled around the turn of the 19th cent. and numbered 121 in 1926 and 63 in 1939. The few who had not escaped or been evacuated when the Germans arrived on 25 Aug. 1941 were murdered.,,1800,LX
995,SWL_KLV_LDVN,Suwalki,Kalvariia,Liudvinovo,1742,1742,1742,1742,1742,Jews began settling here in 1742. The J. pop. in 1897 was 369 (34% of the total). Fires and WWI caused many Jews to leave. The J. pop. in 1940 was about 20 families. After the German occupati,,1700,
996,VTB_DVN_LVNG,Vitebsk,Dvinsk,Livengof,18EX,18EX,1850,1800,1825,"A small community existed in the first half of the 19th cent., growing to 1,406 (total 2,658) in 1897. The Bund was active in the early 20th cent., joining local Latvian revolutionaries in their struggle against the Russ",אגודת ישראל,1800,EX
997,SDL_WGR_LW,Siedlce,Wegrow,Liw,,16EX,1650,1600,1625,Jews were present by the early 17th cent. and numbered 125 in 1921. They were presumably deported to the Treblinka death camp.,,1600,EX
998,PRU_PSN_LBSN,Preussen,Wyrzysk,Lobsens,,14LX,1500,1475,1475,Jews apparently settled in the late 15th cent. They suffered greatly in the Swedish war of the mid-17th cent. and particularly from the depredations of Stefan Czarniecki's Polish irregular troops in the aftermath. Thei,,1400,LX
999,PTR_LDZ_LDZ,Piotrkow,Lodz,Łódź,,17LX,1800,1775,1775,"Jews first settled at the end of the 18th cent. Within a relatively short time they constituted a third of the pop. and dominated economic life, mainly in trade and crafts. The first synagogue was built in 1809. Community cou",,1700,LX
1000,PRU_OST_LTZN,Preussen,Gizycko,Lötzen,,1813,1813,1813,1813,"Germany, today Poland. Jews probably stayed occasionally in L. from the Middle Ages. A small group of Jews from Flatow established a permanent settlement in 1813. The J. pop. was 46 in 1843; 172 in 1873; and 96 in",,1800,
1001,MNS_RCH_LV,Minsk,Riechitsa,Loev,15EX,15XX,1600,1500,1550,"Jews probably settled in the 16th cent. In 1766, 194 were registered as paying a poll tax. A synagogue and four prayer houses were erected in the late 19th cent. and in 1897 the J. pop. rose to 2,150 (total 4,667). J. pr",,1500,XX
1002,MNS_BRS_LGSK,Minsk,Borisov,Logoisk,17EX,17EX,1750,1700,1725,"Jews probably settled in the first half of the 18th cent. In 1766, the J. pop. was 223, rising to 1,442 (of a total 2,296) in 1897. In the Soviet period, the J. pop. dropped to 864. Some Jews worked in agriculture",,1700,EX
1003,MNS_PNS_LGSH,Minsk,Pinsk,Logishin,18MX,1897,1897,1897,1897,"The J. pop. numbered 1,587 in 1897 (total 3,336) and declined to a few hundred in the 1920s. The Jews were executed by an SS cavalry unit on 10 Aug. 1941.",,1800,
1004,VLH_VLD_LKCH,Volhynia,Vladimir-Volynskii,Lokachi,1569,1569,1569,1569,1569,"Jews are first recorded in 1569, fleeing during the Chmielnicki massacres of 1648-49 and subsequently enjoying favorable economic conditions. Dov Baer, the Maggid of Mezhirech, was born there c. 1704 and",תנועה ציונית פעילה,1500,
1005,PLT_LKH_LKHV,Poltava,Lokhvitsa,Lokhvitsa,16EX,16EX,1650,1600,1625,Jews settled in the first half of the 17th cent. when the town was under the proprietorship of Prince Vishnieviecki. Many were killed in a Cossack raid in 1636. The Jews fled in 1648 from the Chmielnicki threat but r,נחרבה עי חמילנצקי ואז שוקמה במאה ה 18,1600,EX
1006,SDL_BLA_LMZY,Siedlce,Biala,Łomazy,,15LX,1600,1575,1575,"Jews probably settled in the late 16th cent., establishing an organized community in the early 17th cent. The community grew to a pop. of 725 in 1827 and 1,793 (total 3,183) in 1897. In the late 19th cent., Jews opened a",,1500,LX
1007,WRS_WRS_LMNK,Warszawa,Warszawa,Lomianki Gorne,,1921,1921,1921,1921,The J. pop. in 1921 was 130 (total 215). Most of the town's 300 Jews (including refugees) were expelled by the Germans to the Warsaw ghetto in early 1941.,,1900,
1008,GLC_LWW_LMN,Galicia,Turka,Łomna,,18XX,1900,1800,1850,"The small 19th cent. community was reduced to a pop. of 235 (total 2,010) after the turn of the cent. owing to emigration and WwI flight. The Germans entered in July 1941 and expelled the Jews to the Turka ghe",,1800,XX
1009,LMZ_LMZ_LMZH,Lomza,Lomzha,Lomzha,1494,1494,1494,1494,1494,"An organized community with a synagogue and cemetery already existed by 1494, with Jews dominating the lumber trade. Local efforts to undermine J. tradesmen led to the granting of a de non tolerandis Judaeis decree by",,1400,
1010,GLC_LWW_LKRS,Galicia,Sambor,Łąka Rustykalna,,1921,1921,1921,1921,The J. pop. in 1921 was 150. The Jews were expelled to Sambor for extermination in Aug. 1942.,,1900,
1011,GLC_TRN_LPTY,Galicia,Brody,Łopatyń,,18EX,1850,1800,1825,"Jews arrived around the beginning of the 19th cent., their numbers leveling off at 500 or so (15% of the total) toward the end of the cent. The rival Belz and Husyatin-Ruzhin hasidic courts dominated the",,1800,EX
1012,SDL_WGR_LPNK,Siedlce,Wegrow,Łopianka,,1921,1921,1921,1921,"The J. pop. was 224 (total 421) in 1921. Most worked in the Perlis factories in Baczki and Ostrow. In Sept. 1942, the Jews were deported by the Germans to the Treblinka death camp via Baczki.",,1900,
1013,KLC_KLC_LPSZ,Kielce,Kielce,Łopuszno,,18XX,1900,1800,1850,"Jews formed a majority of the pop. in the 19th cent.587 of a total 828. Many left for larger cities and in 1921 they numbered 397. On the eve of the German occupation in Sept. 1939, there were 100-150 Jews in L.",,1800,XX
1014,MNS_IGM_LSH,Minsk,Igumen,Losha,1808,1808,1808,1808,1808,"The J. pop. was 16 in 1808 and 302 in 1924. In the Soviet period, about 25 J. families received material assistance from the U.S. until the late 1920s. From the early 1930s, about ten J. families worked in a kolkhoz. Af",,1800,
1015,GLC_TRN_LSCZ,Galicia,Brody,Łosiacz,,1921,1921,1921,1921,"The J. pop. in 1921 was 104. The Jews were possibly deported to the Belzec death camp in SeptOct. 1942, directly or via Bors",,1900,
1016,SDL_KNS_LSC,Siedlce,Konstantynow,Łosice,,15EX,1550,1500,1525,"Jews were present by the early 16th cent., receiving privileges to deal in alcoholic beverages. There was continuing tension between J. and local Polish merchants. In the early 20th cent., hundreds of Jews were employed i",,1500,EX
1017,WRS_LVC_LWCZ,Warszawa,Lowicz,Łowicz,,17LX,1800,1775,1775,"Permission for Jews to live in L. was granted only at the end of the 18th cent. Their numbers increased in the mid-19th cent. (2,061 in 1862), many of them engaged in the sale of liquor and the supply of provisions to the a",,1700,LX
1018,EKT_PVL_LZVN,Ekaterinoslav,Pavlograd,Lozovaia na zemle V. N. Zarudn,18MX,1897,1897,1897,1897,"Jews numbered 813 (total 3,717) in 1897 and 528 in 1939. Presumably, the Jews fled or were evacuated before the German occupation of 11 Oct. 1941.",,1800,
1019,GLC_LWW_LBCZ,Galicia,Cieszanow,Lubaczów,,1498,1498,1498,1498,"Jews are mentioned from 1498. The community suffered grievously in the Chmielnicki massacres of 1648-49. It recovered and grew to around 2,000 (a third of the pop.) by the beginning of the 20th cent. despit",,1400,
1020,LVL_VND_LBN,Livland,Venden,Luban,18LX,1935,1935,1935,1935,The J. pop. in 1935 was 53. The Germans arrived at the beginning of July 1941 and in the following months murdered the Jews who had not fled.,,1900,
1021,VLH_NVG_LBR,Volhynia,Novograd-Volynskii,Liubar,16EX,16EX,1650,1600,1625,"J. settlhement commenced in the early 17th cent. The community suffered in the Chmielnicki massacres of 1648-49. The Jews returned afterwards in small numbers. In the 18th cent., Jews numbered 408 and in 1897 their po",,1600,EX
1022,MNS_NVG_LBCH,Minsk,Novogrudok,Liubcha,16EX,16XX,1700,1600,1650,"A J. community apparently existed by the 17th cent. under a charter of privileges allowing the Jews freedom of trade and the right to practice crafts. J. merchants dealt primarily in grain, flax, and li",,1600,XX
1023,BSS_SRK_LBLN,Bessarabia,Soroki,Lublin,1842,1842,1842,1842,1842,"This J. settlement was first established in 1842 and the settlers engaged in agriculture. Toward the end of the 19th cent., J. artisans sold their products in the neighboring villages. L. was",מושבה חקלאית יהודית,1800,
1024,LBL_LBL_LBLN,Lublin,Lublin,Lublin,,14XX,1500,1400,1450,"First mentioned in the 15th cent., Jews were confined to a J. quarter until residence restrictions were removed in 1862 in Congress Poland. In 1566 the Maharshal synagogue was built and in the following years additio",,1400,XX
1025,PLT_LBN_LBNY,Poltava,Lubny,Lubny,16EX,16EX,1650,1600,1625,Jews settled in the first half of the 17th cent. under the protection of Prince Vishnieviecki. Jews were among the town's defenders and victims in the Pavliuk revolt in 1637-38 and about 200 were killed in the Chmielnick,נחרבה עי חמילנצקי ואז שוקמה במאה ה 18,1600,EX
1026,VLH_VLD_LBML,Volhynia,Vladimir-Volynskii,Liuboml,1370,1370,1370,1370,1370,"Jews are recorded in 1370-82. In 1557 they received legal privileges but were restricted in purchasing land and houses until 1600. In the 1670s, a fortresslike synagogue was constructed to provide protect",,1300,
1027,WRS_VLT_LBRN,Warszawa,Wloclawek,Lubraniec,,16LX,1700,1675,1675,"Jews are known from the late 17th cent. and were permitted to open a synagogue and cemetery in 1750. The J. pop. was 1,148 in 1827 and 834 (total 2,196) in 1921. After WWI, the Zionists were especially influential amon",,1600,LX
1028,POD_KMN_LCHN,Podolia,Kamenets-Podolsk,Luchinets,17EX,1765,1765,1765,1765,"The J. pop. was 432 in 1765 and 1,050 (total 3,869) in 1897. Extreme poverty caused many to emigrate at the turn of the 19th cent. In 1919, General Denikin's White Army troops attacked the Jews here. In 1926 the J.",,1700,
1029,VLH_LTS_LTSK,Volhynia,Lutsk,Lutsk,14EX,14EX,1450,1400,1425,Jews were living in L. in the early 15th cent. and probably before as L. was part of the area in which Jews had received a charter of privileges from the principality of Lithuania. In the late 16th cent. they numbered abo,"חובבי ציון, ביתר",1400,EX
1030,VLH_RVN_LDVP,Volhynia,Rovno,Liudvipol,18EX,1897,1897,1897,1897,"The Jews numbered 1,210 (of a total 1,498) in 1897 and 916 in 1921. Socialism and the Zionist movement made their appearance in the early 20th cent. Fire, disease, and rampaging gangs plagued the commun",,1800,
1031,VTB_LTS_LTSN,Vitebsk,Liutsin,Liutsin,1582,1582,1582,1582,1582,"According to tradition, a small community existed in the 16th cent., the Jews fleeing on the approach of Ivan the Terrible's soldiers in 1577. The Jews returned in 1582 but the community only began to grow i",ביתר,1500,
1032,SNP_LGA_LG,Sankt-Peterburg,Luga,Luga,18MX,18MX,1875,1850,1850,"J. settlement probably commenced in the mid-19th cent. The J. pop. was 382 (total 5,617) in 1897 and 554 in 1939. The few Jews who had not escaped or been evacuated were murdered after the German occupation of 24 Aug. 19",,1800,MX
1033,VLH_OVR_LCHN,Volhynia,Ovruch,Luchiny,16EX,1648,1648,1648,1648,"Jews were present before the Chmielnicki massacres of 1648-49, 20 fleeing on the approach of the Cossacks. J. settlement was renewed in the early 18th cent. In 1897, the J. pop. reached 1,599 (total 2,535). On 2 Jan. 1","נהרסה ע חמילנצקי, חודשה בתחילת המאה ה 18",1600,
1034,KIV_LPV_LKSH,Kiev,Lipovets,Lukashevka,1765,1765,1765,1765,1765,"Jews numbered 35 in 1765 and 1,724 (total 4,326) in 1897. The J. pop. dropped to 522 in 1926 under the Soviets. Up to half the Jews worked in a J. kolkhoz while many of the young left the town. During the German oc",,1700,
1035,MGL_SNN_LKML,Mogilev,Sienno,Lukoml,1766,1766,1766,1766,1766,"The J. pop. was 131 in 1766 and 813 (total 1,596) in 1897. In the Soviet period, most Jews were employed in artisan cooperatives and in trade. In 1923, their pop. was 640. A J. elementary school (four grades) was sti",,1700,
1036,LBL_BLG_LKW,Lublin,Bilgoraj,Łukowa,,18XX,1900,1800,1850,Jews were present in the 19th cent. and numbered 224 in wwil. Some were sent to Tarnogrod in summer 1942 where they were murdered in July. Others were transferred to Jozefow and deported to the Belzec death camp in Nov.,,1800,XX
1037,MNS_PNS_LNNT,Minsk,Pinsk,Luninets,18MX,1895,1895,1895,1895,J. settlement began with the coming of the railroad. The first synagogue was built in 1895 and the Zionists and the Bund were active from the early 20th cent. with a resurgence after the Feb. 1917 Revolu,,1800,
1038,GRD_GRD_LNK,Grodno,Grodno,Lunka,15EX,18MX,1875,1850,1850,"Jews may have been present by the 16th cent. A small organized community existed in the mid-19th cent., growing to 1,364 (of a total 1,835) by 1897. Many traded in lumber and some lived off the summer res",,1800,MX
1039,KVN_SHV_LKNK,Kovno,Shavli,Lukniki,16EX,16XX,1700,1600,1650,"Jews first settled here in the 17th cent. A devastating fire in 1887, a blood libel and the resulting pogrom in 1888, and the general economic situation caused many Jews to emigrate to America, South Afric",,1600,XX
1040,PTR_BRZ_LTMR,Piotrkow,Lask,Lutomiersk,,1780,1780,1780,1780,"In 1787, Pinhas Yisraelowicz opened a weaving mill in L., the first by a Jew in Poland. In the 1780s a wooden synagogue was built, one of the most attractive of its type in Poland. The J. pop. in 1857 was 999 (46% of th",,1700,
1041,GLC_LWW_LTWS,Galicia,Lisko,Lutowiska,,18EX,1850,1800,1825,"Jews settled in the early 19th cent. and constituted a majority of the pop., reaching 1,570 in 1900 (total 2,442). Most fled before the Russians in WWI and while economic conditions worsened between the Wo",,1800,EX
1042,VLN_DSN_LZHK,Vilna,Disna,Luzhki,17MX,17MX,1775,1750,1750,"A small community existed in the mid-18th cent., growing to 761 in 1897 (total 1,672) but dropping to 442 in 1921, most living in straitened economic circumstances between the World Wars. The Germans entered the town in la",,1700,MX
1043,KHR_KHR_LVV,Kherson,Kherson,Lvova,1841,1841,1841,1841,1841,"L. was founded as a J. colony in 1841 by Jews from the Vitebsk and Mogilev regions and numbered 500-550 people on 119 farm units. The J. pop. grew to 1,060 in 1859 and 1,338 (total 1,402) in 1897. Most Jews earned thei",מושבה חקלאית יהודית,1800,
1044,GLC_LWW_LMBR,Galicia,Lwow,Lemberg,,09XX,1000,900,950,The first Jews to settle in L. arrived from Byzantium and Khazaria in the tenth cent. Much later they were joined by Jews from Germany and Poland and in the 13th cent. by Karaites as well.,,900,XX
1045,PRU_PSN_NSTD,Preussen,Nowy Tomysl,Neustadt bei Pinne,,15LX,1600,1575,1575,"Jews settled in the late 16th cent., forming an organized community in the 17th. After a devastating fire in 1696, most left, subsequently returning under a charter granting them trade rights and internal autonomy. The gr",,1500,LX
1046,MGL_GRK_LDY,Mogilev,Gorki,Liady,1766,1766,1766,1766,1766,"Jews are first mentioned in the mid-18th cent., their pop. including 207 paying a poll tax in 1766. A J. printing press was founded in the town in 1805. Shneur Zalman of L., the founder of Habad Hasidism, spent the la",,1700,
1047,POD_MGL_LNTS,Podolia,Mogilev,Liantskorun,17EX,1765,1765,1765,1765,"The J. pop. was 609 in 1765 and 1,893 (50% of the total) in 1897. In 1926, Wooden 18th cent. synagogue in Lyantskorun, Ukraine in the Soviet period, the J. pop. was 1,638. A. J. co",,1700,
1048,PRU_OST_LYCK,Preussen,Elk,Lyck,,1698,1698,1698,1698,"Germany, today Poland. As early as 1698 there is evidence of the presence of J. traders from Poland and Lithuania at the L. fairs. By 1715 a settlement existed with 29 Jews. A cemetery was established in 1837 at the late",,1600,
1049,KVN_RSS_LDVN,Kovno,Rossieny,Lidoviany,1662,1662,1662,1662,1662,"There were several Jews here in 1662. Numbers grew in the 19th cent. and in 1923 about 90 Jews lived in L. In the 1922 elections for the Lithuania Sejm, most Jews supported the Zionist l",,1600,
1050,KVN_SHV_LGMY,Kovno,Shavli,Ligumy,17EX,17XX,1800,1700,1750,"Jews first settled in the 18th cent., with community institutions established by the 19th cent. The J. pop. in 1897 was 482 (60% of the total). Prior to WWI, many Jews emigrated to the U.S., England, and South Afr",,1700,XX
1051,KIV_ZVN_LYSN,Kiev,Zvenigorodka,Lysianka,16LX,16LX,1700,1675,1675,"Jews settled in the late 17th cent. The Haidamaks looted J. property in 1702 and again in 1768 with a number of fatalities. In 1897, the J. pop. was 2,845 (total 7,207). On 5 June 1919, General Denikin's White Army troop",,1600,LX
1052,GLC_STN_LYSC,Galicia,Bohorodczany,Łysiec,,17XX,1800,1700,1750,"The community began to grow in the 18th cent., reaching a pop. of 1,095 (40% of the total) in 1900. The town was virtually destroyed in WWI by the Russians, the J. pop. dropping to 275. Despite economi",,1700,XX
1053,SDL_LKV_LYSB,Siedlce,Lukow,Łysobyki,,17EX,1750,1700,1725,"Jews, present from the mid-18th cent., numbered 356 in 1862 and 438 (total 1,402) in 1921. Most were expelled to Lukow, with some to Michow, and shared the fate of the local Jews.",,1700,EX
1054,WRS_LVC_LYSZ,Warszawa,Lowicz,Łyszkowice,,1897,1897,1897,1897,"In 1852 a Jew established what was to become one of the largest sugar refineries in Congress Poland. The J. pop. in 1897 was 373. In the 1930s, 90% of the Jews received aid from J. welfare organizations",,1800,
1055,MNS_SLT_LBSH,Minsk,Slutsk,Liubashevo,1600,1648,1648,1648,1648,"In the Soviet period, in the late 1930s, a J. elementary school was active. In 1939, the J. pop. was 671 (total 3,360). The Germans captured L. on 4 Aug. 1941. In late Nov., after L. was annexed to Transnistria, the",נחרבה עי חמילנצקי ואז שוקמה,1600,
1056,MGL_ORS_LBVC,Mogilev,Orsha,Liubavichi,1819,1813,1813,1813,1813,"L. became famous as the center of Habad Hasidism after R. Dov Baer, son of R. Shneur Zalman (the Habad founder), transferred his seat there from Lyady in 1813. The J. pop. of L. was 1,164 in 1847 and",,1800,
1057,MNS_BBR_LBNC,Minsk,Bobruisk,Liubonichi,1819,1819,1819,1819,1819,"The J. pop. was 247 in 1819 and 506 in 1897. Jews earned their livelihoods as lumber merchants and artisans. Rioting Polish soldiers beat and robbed Jews in March 1920. In the Soviet period, most Jews worked in a",,1800,
1058,VLH_KVL_MTSV,Volhynia,Kovel,Matsiov,18EX,1563,1563,1563,1563,"Jews are first recorded in 1563. The community reached a peak pop. of 2,337 in 1897 (total 3,897), living in straitened economic circumstances. Most were Turzysk (Trisk) Hasidim. The Bund and the Zionis",,1500,
1059,SDL_GRV_MCJW,Siedlce,Garwolin,Maciejowice,,18EX,1850,1800,1825,"The J. community developed in the first half of the 19th cent. The J. pop. was 739 (total 1,992) in 1921. Between the World Wars, Jews benefited from the tourist trade but economic conditions remained difficult. The",,1800,EX
1060,LVL_VND_MDN,Livland,Venden,Madon,18LX,1935,1935,1935,1935,"The J. pop. in 1935 was 115 (total 2,357). There were no community institutions. On 7-8 Aug. 1941 the Jews were murdered in the Smerkere forest by the Germans and the Latvian police.",,1900,
1061,PRU_WST_MRKS,Preussen,Walcz,Märkisch Friedland,,17MX,1775,1750,1750,"Germany, today Poland. An organized J. community with a beit midrash and a synagogue existed in the mid-18th century. Since the Jews enjoyed citizen status under Polish rule, the city p",,1700,MX
1062,GLC_LWW_MGRW,Galicia,Rawa,Magierów,,15XX,1600,1500,1550,"Jews were present from the 16th cent., reaching a peak pop. of 1,322 in 1900 (total 3,158), despite the start of emigration to the U.S. All but three J. houses were burned to the ground by the Russians in W",,1500,XX
1063,RDM_KZN_MGNS,Radom,Kozienice,Magnuszew,,18EX,1850,1800,1825,"Jews settled in the early 19th cent., consecrating a synagogue in 1860. They numbered 731 (total 1,567) in 1921. The Germans captured M. in Sept. 1939. In Feb. 1941, they established a ghetto for 1,200 Jews including r",,1800,EX
1064,GLC_LWW_MJDN,Galicia,Kolbuszowa,Majdan,,18MX,1875,1850,1850,"An organized J. community existed in the mid-19th cent., the pop. standing at 550-600 (almost 30% of the total). A branch of the Dzikow dynasty maintained a hasidic court there. Anti-J. riots struck the' community in 1",,1800,MX
1065,KIV_KIV_MKRV,Kiev,Kiev,Makarov,1765,1765,1765,1765,1765,"The J. pop. included 217 taxpayers in 1765 and reached 3,953 in 1897. Thirty-two J. families farmed 175 acres of land. In 1918, General Denikin's White Army troops attacked the Jews and in 1919, the Petlyura gangs murdere",,1700,
1066,POD_KMN_MKV,Podolia,Kamenets-Podolsk,Makov,1787,1787,1787,1787,1787,"The J. pop. in 1787 was 117 with 55 houses under J. ownership. In 1897, the J. pop. was 144, dropping to 81 in 1926 under the Soviets. The Germans occupied the town on 10 July 1941. The few Jews still there wer",,1700,
1067,LMZ_MKV_MKW,Lomza,Makow,Maków,,15LX,1600,1575,1575,"A J. settlement is known from the second half of the 16th cent. The community was struck by a devastating fire in 1620 and suffered grievously in the mid-cent. Swedish war, most Jews being murdered by the irregu",,1500,LX
1068,GLC_CRC_MKW,Galicia,Myslenice,Maków,,18LX,1900,1875,1875,"A community of 100-200 Jews (5% of the total) existed from the late 19th cent. Antisemitism was frequent between the World Wars, when there was also intense Zionist activity. The Germans arrived in Sept. 1939 a",,1800,LX
1069,GRD_PRZ_MLCH,Grodno,Pruzhany,Malech,15LX,15LX,1600,1575,1575,"Jews settled in the late 16th cent. and numbered 1,201 (total 2,159) in 1897. The Zionists and the Bund became active in the early 20th cent. Most J. homes were destroyed in the fighting at the start of WW",,1500,LX
1070,KIV_RDM_MLN,Kiev,Radomysl,Malin,1847,1847,1847,1847,1847,"The J. pop. was 1,064 in 1847 and 4,256 in 1897. Rahel Yanait (Ben-Zvi), Zionist activist and wife of Israel's second president, was born here, as was the sculptress Batya Lishansky (her sister) and the scholar Shemuel",,1800,
1071,LMZ_OST_MLKN,Lomza,Ostrov,Malkin Gurna,18LX,18LX,1900,1875,1875,"An independent community existed from the late 19th cent., numbering 60 families in 1921. A summer camp for 500 children was run in a nearby village from 1929. Early in WWII many of M.'s Jews presumably fled ea",,1800,LX
1072,KLC_JDR_MLGS,Kielce,Jedrzejow,Małogoszcz,,1897,1897,1897,1897,"J. settlement was Officially banned until 1862. In 1897, 465 Jews were present (total 1,883). Between the World Wars, their economic position deteriorated. The Germans captured M. in early Sept. 1939, finding 760 Jews",,1800,
1073,VLH_LTS_MNVC,Volhynia,Lutsk,Manevichi,18LX,1921,1921,1921,1921,"The Jews numbered 462 (total 813) in 1921, engaging in the lumber and tourist industries. Berezne, Stolin-Karlin, and Stepan Hasidim worshiped at the community's three synagogues and Betar and Hashome","השומר הצעיר, ביתר",1900,
1074,BSS_SRK_KTMR,Bessarabia,Soroki,Kot Markuleshty,1837,1837,1837,1837,1837,"M. was established by migrants from the Ukraine in 1837 as one of the J. agricultural villages in Bessarabia. In 1898 land was purchased by the ICA for 158 of the 292 J. families (1,5",מושבה חקלאית יהודית,1800,
1075,GLC_STN_MRYM,Galicia,Stanislawow,Maryampol,,16LX,1700,1675,1675,"Jews settled in the second half of the 17th cent., the J. pop. reaching 663 (50% of the total) in 1890. A great fire in 1912 along with the attacks of the Russians and the Petlyura gangs brough",,1600,LX
1076,PRU_WST_MRNW,Preussen,Kwidzyn,Marienwerder,,1798,1798,1798,1798,"Germany, today Poland. The first J. family settled in 1798. The J. pop. was 220 in 1846 and 295 in 1880. The community established a cemetery in 1815 and subsequently two synagogues in 1830 and in 1930. The J",,1700,
1077,SWL_MRM_MRMP,Suwalki,Mariampol,Mariampol,17EX,17XX,1800,1700,1750,"MARIJAMPOLE (Yid. Mariampol) Marijampole dist., Lithuania Jews first settled in the 18th cent. The J. pop. in 1861 was 3,015 (81% of the total). In the 1890s M. provided fertile ground for the creation of the Hovevei Zion movement, because Bible and",חובבי ציון והבונד,1700,XX
1078,EKT_MRP_MRPL,Ekaterinoslav,Mariupol,Mariupol,18EX,18XX,1900,1800,1850,"Jews arrived following the development of the local metal industry in the 19th cent. An organized community existed by the mid-19th cent., reaching a pop. of 1,378 in 1864 an",,1800,XX
1079,WRS_WRS_MRK,Warszawa,Warszawa,Marki,,18XX,1900,1800,1850,"The Jews in the two adjoining settlements formed a single community in the 19th cent., numbering 524 (total 4,485) in 1921. On the eve of their expulsion to the Warsaw ghetto on 6 April 1942, 170 J.",,1800,XX
1080,POD_LMP_MRKV,Podolia,Lampol,Markovka,1765,1765,1765,1765,1765,"Four Jews were present in 1765. In 1897, the J. pop. was 257 (total 1,610), dropping to 124 in 1926, when many left because of economic hardship. The Germans arrived on 22 July 1941. Before the town was annexed to Tr",,1700,
1081,GLC_LWW_MRKW,Galicia,Lancut,Markowa,,1921,1921,1921,1921,"The J. pop. in 1921 was 126 (total 4,364). The Jews of M. were killed in the Holocaust either in the vicinity or in the Belzec death camp.",,1900,
1082,LBL_PLW_MRKS,Lublin,Pulawy,Markuszów,,1766,1766,1766,1766,"An independent J. community existed by 1766, building a synagogue in 1799 and then another in 1855. R. Avraham Moshe Weintraub established a local hasidic dynasty and in 1916 the first Zionist group formed. The J. pop.",,1700,
1083,PRU_PMM_MSSW,Preussen,Pommern,Massow,,1705,1705,1705,1705,"Jews are mentioned in M. from 1705. The small community numbered 82 in 1849 and maintained a synagogue from 1830 and a cemetery. By 1907, the community, now reduced to 20 members, became affilia",,1700,
1084,KHR_ODS_MK,Kherson,Odessa,Maiaki,18LX,1897,1897,1897,1897,"Jews numbered 648 (total 4,575) in 1897 and 178 under the Soviets in 1926. In WwU, the Nazis presumably murdered the few Jews who had neither escaped nor been evacuated.",,1800,
1085,KVN_SHV_MZHK,Kovno,Shavli,Mozheiki,1870,1870,1870,1870,1870,"Jews first settled in the 1870s. The Zionist Organization was active, with many contributing to settlement funds for Eretz Israel. The J. pop. in 1897 was 435 (21% of the total). Between the World",,1800,
1086,GLC_LWW_MDNC,Galicia,Drohobycz,Medenice,,19XX,1941,1900,1920,"The community never exceeded 200 (about 10% of the total), some engaged in farming. A great flood in 1927 left 90% homeless. The Germans took the city in July 1941 and the Ukrainians carried out a pogrom. T",,1900,XX
1087,KIV_CHG_MDVD,Kiev,Chigirin,Medviedovka,18EX,18EX,1850,1800,1825,"Jews probably settled in the early 19th cent. and numbered 1,453 (total 3,683) in 1897. Only 35 remained in 1926. The others were presumably murdered or fled during the pogroms of the civil war years (1918- 21).",,1800,EX
1088,GLC_LWW_MDYK,Galicia,Przemysl,Medyka,,1921,1921,1921,1921,The J. pop. in 1921 was 132. The Jews were probably executed locally or expelled to Przemsyl for liquidation in July-Aug. 1942.,,1900,
1089,POD_LTC_MDZH,Podolia,Letichev,Medzhibozh,1509,1509,1509,1509,1509,"Jews are first mentioned in 1509. M. was the site of large fairs, attracting merchants from Podolia, Volhynia, Kiev, and the cities of Poland, Germany, and Italy. In the 16th and 17th cents. it was a cente",,1500,
1090,VLN_VLN_MSHG,Vilna,Vilnius,Meishagola,18EX,1865,1865,1865,1865,"A J. community of 354 was present by 1865, most farming and living in straitened economic circumstances. After WWI the Jews numbered 55 families, the tradesmen among them undermined by Polish competiti",,1800,
1091,TRD_MLT_MLTP,Taurida,Melitopol,Melitopol,17LX,1897,1897,1897,1897,"In 1897, the J. pop. was 6,563 with another 454 Karaites (total 15,489). On 18-19 April 1905, J. self-defense units stopped a pogrom but not before 40 stores were burned and 15 Jews injured. In April 1917 another a",,1800,
1092,CRN_SSN_MN,Chernigov,Sosnitsa,Miena,18EX,18XX,1900,1800,1850,"Jews settled in the 19th cent., their pop. growing to 1,659 (total 6,277) in 1897 after a train station was built there. In 1939, 586 Jews remained. The Germans captured M. on 8 Sept. 1941 and on 15 Oct., together with",,1800,XX
1093,VLN_TRK_MRCH,Vilna,Troki,Merech,14EX,14XX,1500,1400,1450,"Jews first settled in the 15th cent. In the 19th cent. the community maintained hadarim, a talmud torah, and a J. elementary school. Prior to WWI a small yeshiva was established. The Zionist movements,",המזרחי,1400,XX
1094,PRU_PSN_MSRT,Preussen,Miedzyrzecz,Meseritz,,1507,1507,1507,1507,"Germany, today Poland. The first documented reference to Jews dates from 1507, and there are reports in the 16th and 17th cents. of recurring expulsions. In 1656 (during the Swedish wars), Poles e",,1500,
1095,SWL_SNY_MSTL,Suwalki,Seiny,Mstele,18LX,1923,1923,1923,1923,The J. pop. in 1923 was 62 (11% of the total). All the Jews were murdered after the German occupation of 1941.,,1900,
1096,POD_LTN_MZHR,Podolia,Litin,Mezhirov,17MX,17MX,1775,1750,1750,"Jews settled in the mid-18th cent. and included 64 poll tax payers in 1784. In 1897, the J. pop. was 1,345 (total 2,268) and in 1926, under the Soviets, it was 1,015. Most Jews were members of artisan cooperatives or",,1700,MX
1097,CRN_MGL_MGLN,Chernigov,Mglin,Mglin,18EX,18EX,1850,1800,1825,"Jews probably settled in the early 19th cent. Their pop. rose from 1,920 in 1847 to 2,674 (total 7,640) in 1897. Pogroms were staged in 1882 and late 1918. In the latter, Red Army soldiers killed 15 Jews, injured others, an",,1800,EX
1098,VLN_VLK_NVYM,Vilna,Vileika,Novyi Miadziol,18EX,18EX,1850,1800,1825,"Jews apparently settled in the first half of the 19th cent., their pop. reaching 436 (total 1,164) in 1895. After WWI, 60 J. families remained, 30 of them owning stores and barely earning a living in",,1800,EX
1099,POD_OLG_MSTK,Podolia,Olgopol,Miastkovka,17EX,1765,1765,1765,1765,"Jews numbered 604 in 1765 and 2,105 (total 7,996) in 1897. In the 1880s, most of the town's 30 store were in J. hands. After the Oct. 1917 Revolution, a number of pogroms were staged against the Jews (on 30 Oct. 19",,1700,
1100,VLN_VLN_MKHL,Vilna,Vilnius,Mikhalishki,17EX,1765,1765,1765,1765,"A community of 396 taxpaying Jews was present in 1765. They were permitted by the local nobility to purchase one-acre plots of land where they could set up auxiliary farms. The Jews were shopkeepers, ar",תנועה ציונית פעילה,1700,
1101,LBL_LBR_MCHW,Lublin,Lubartow,Michów,,16LX,1700,1675,1675,"Jews are first mentioned in the second half of the 17th cent. In the mid-19th cent. they became prominent in the pottery industry. Their pop. grew to 1,643 (total 2,791) in 1897. After WWI, economic conditions deteriorate",,1600,LX
1102,KLC_MKH_MCHW,Kielce,Miechow,Miechów,,1862,1862,1862,1862,"Although Jews are not mentioned before 1862, M. being one of the 42 settlements in Poland with a de non tolerandis Judaeis privilege, there apparently were some present before then. The increase of the J. pop. to 1,436 (",,1800,
1103,WRS_WRS_MDZS,Warszawa,Warszawa,Miedzeszynek,,19EX,1920,1915,1925,"The J. community only began to develop after WWI and numbered about 100. In the 1920s, the Bund founded a convalescent home for children of the region. About 100 of its children were brought to th",,1920,EX
1104,SDL_WGR_MDZN,Siedlce,Wegrow,Miedzna,,16LX,1700,1675,1675,"Jews probably settled in the late 17th cent. In 1897, their pop. was 150 (total 1,013). In 1920 they were attacked by Polish soldiers and peasants. In WWI, they were most likely deported by the Germans to the Treblinka d",,1600,LX
1105,PTR_CHN_MDZN,Piotrkow,Czestochowa,Miedzno,,1880,1880,1880,1880,"About 90 Jews were present in the village in 1880 and 30 families before WWI. Most were poor. After their arrival in Sept. 1939, the Germans murdered 12 young men, probably in the Buchenwald concentration camp. All but n",,1800,
1106,GLC_CRC_MLC,Galicia,Mielec,Mielec,,17XX,1800,1700,1750,"The community began to develop in the 18th cent., soon forming a majority of the pop. despite repressive measures under Austrian rule. Economic conditions improved in the second half of the 19th cent., with all trade and",,1700,XX
1107,VLN_SVN_MLNG,Vilna,Sventsiany,Melengiany,18EX,1903,1903,1903,1903,"The first Jews apparently arrived in 1903, earning their livelihoods as shopkeepers, peddlers, and artisans while operating auxiliary farms. In 1931 they numbered 25 families. With the arrival of the Ger",,1900,
1108,GLC_TRN_MLNC,Galicia,Brody,Mielnica,,17LX,1800,1775,1775,"Jews were present from the second half of the 18th cent. with the pop. growing to 1,429 (40% of the total) in 1880, subsequently declining through emigration, and then rising again between the World",,1700,LX
1109,VLH_KVL_MLNT,Volhynia,Kovel,Melnitsa,1569,1569,1569,1569,1569,"Jews probably settled after the granting of the municipal charter in 1569, numbering 1,599 (total 2,588) in 1897 and 875 (total 1,372) in 1921. The Germans took M. on 26 June 1941, first killing 60",,1500,
1110,GLC_LWW_MLNC,Galicia,Turka,Mielniczne,,1921,1921,1921,1921,The J. pop. in 1921 was 110. The Jews were expelled to Turka for liquidation in July 1942.,,1900,
1111,GRD_BLS_MLNK,Grodno,Bielsk,Melnik,15EX,15XX,1600,1500,1550,"Jews arrived in the 16th cent. as tax collectors. An organized community was only formed in the 18th cent. A synagogue was built in the first half of the 19th cent. and the J. pop. grew to 460 (total 1,",,1500,XX
1112,VLH_RVN_MZHR,Volhynia,Rovno,Mezhirich,1569,1569,1569,1569,1569,Jews are recorded from 1569. The town suffered in the Chmielnicki massacres of 1648-49 and was destroyed in the early 18th cent. during the Swedish war but recovery was rapid,תנועה ציונית פעילה,1500,
1113,SDL_RDN_MDZY,Siedlce,Radzyn,Międzyrzec,,15XX,1600,1500,1550,"Jews first settled in the 16th cent. M. was one of the first places in Poland where Hebrew books were printed, with a J. press operating in 1595. In the Chmielnicki massacres of 164",,1500,XX
1114,MNS_MZY_MKSH,Minsk,Mozyr,Mikashevichi,18LX,18LX,1900,1875,1875,The community dates from the late 19th cent. and numbered around 400 in the 1930s. All were executed by the Germans on 6 Aug. 1942.,,1800,LX
1115,GLC_STN_MKLJ,Galicia,Zydaczow,Mikołajów,,16EX,1650,1600,1625,"Jews were present from the early 17th cent. but suffered from residence restrictions until the 19th. The J. pop. grew steadily to 632 in 1910 (total 3,448) but dropped by 20% in the wake of WwI",,1600,EX
1116,GLC_LWW_MKLJ,Galicia,Bobrka,Mikołajów,,18LX,1900,1875,1875,"Present from the late 19th cent., the community numbered 315 (total 938) in 1921 and was expelled by the Germans to the Bobrka ghetto in the second half of 1942.",,1800,LX
1117,PRU_PSN_MXST,Preussen,Ostrzeszow,Mixstadt,,1815,1815,1815,1815,"The community was established after the reannexation to Prussia in 1815, growing to a peak of 152 (total 1,437) in 1871. In 1921, there were 61 Jews. The few dozen present when the Germans arrived in Sept. 1939 were expe",,1800,
1118,GLC_STN_MKLC,Galicia,Nadworna,Mikuliczyn,,18LX,1900,1875,1875,"J. settlement began in the late 19th cent. and received a big economic boost when the town developed into a health and tourist resort. The permanent J. pop. reached 552 in 1921 (total 5,310) but mo",,1800,LX
1119,GLC_TRN_MKLN,Galicia,Tarnopol,Mikulińce,,17EX,1750,1700,1725,"Jews are first mentioned in the early 18th cent. and comprised two-thirds of the pop. in 1880 with 2,411 residents, providing the town with mayors and other leading figures. A fire in 1903 extensively",,1700,EX
1120,MGL_ORS_MKLN,Mogilev,Orsha,Mikulino,1847,1847,1847,1847,1847,"M. was located in the J. Pale of Settlement. The J. pop. was 530 in 1847 and 1,171 (total 1,527) in 1897, dropping to 403 under the Soviets. After the German occupation in mid-July 1941, the Jews were expelled to Rudn",,1800,
1121,VLH_KVL_MLNV,Volhynia,Kovel,Milianovichi,18LX,1921,1921,1921,1921,The J. pop. in 1921 was 91 (total 436). The Jews were probably brought to Maciejow for liquidation during the Holocaust.,,1900,
1122,MGL_KLM_MLSL,Mogilev,Klimovichi,Miloslavichi,1847,1847,1847,1847,1847,"The J. pop. was 410 in 1847 and 628 in 1897. Jews engaged in petty trade and crafts. In 1905 peasants from the neighboring villages tried to attack Jews but Christian townsmen chased them off. In 1919, during t",,1800,
1123,GLC_CRC_MLWK,Galicia,Zywiec,Milowka,,1921,1921,1921,1921,"The Jews numbered 116 (total 2,059) in 1890 and 163 in 1921. Periodic antisemitic disturbances occasionally reached violent dimensions. Between the World Wars the Jews lived off the Carpathian Mt. tourist trade and the Z",,1900,
1124,POD_NVU_MNKV,Podolia,Novaia Ushitsa,Minkovtsy,17EX,1897,1897,1897,1897,"The J. pop. was 378 in 1765 and 2,196 in 1897. Jews earned their livelihoods from petty trade, the wood industry, oil pressing, and tanning. A Hovevei Zion group was founded in the late 19th cent., followed",,1800,
1125,MNS_MNS_MNSK,Minsk,Minsk,Minsk,1495,1495,1495,1495,1495,"J. settlement in M. commenced in the 15th cent. with the arrival of Jews expelled from Lithuania in 1495. In 1579, the Polish king, Stephen Bathory, granted the Jews a charter of privileges which was afterwards confirme",הוקמה עי יהודים שגורשו מליטא,1400,
1126,WRS_NWM_NWMN,Warszawa,Minsk Mazowiecki,Nowo-Mińsk,,18EX,1850,1800,1825,"The J. settlement probably dates from the early 19th cent. and in the absence of residence or trade restrictions grew to 3,655 (total 9,286) in 1897. Many J. laborers found work paving the new Warsaw-Brest-Litov",,1800,EX
1127,VLN_DSN_MRY,Vilna,Disna,Miory,1903,1903,1903,1903,1903,Jews were officially accorded residence rights in 1903 under Czar Nicholas II but were probably present before that. Many earned their livelihoods in the flourishing flax industry. The Jews of M. identified w,"איסור ישיבה עד 1903, לא נאכף פעילות של ביתר והחלוץ",1900,
1128,MNS_NVG_MR,Minsk,Novogrudok,Mir,16EX,16EX,1650,1600,1625,"Jews probably settled in the early 17th cent. The Lithuanian Council met four times in M. (1687, 1697, 1702, 1751). Among the community's illustrious rabbis in the 18th cent. were Meir ben Yitzhak Eisensta",,1600,EX
1129,PLT_MRG_MRGR,Poltava,Mirgorod,Mirgorod,16EX,17LX,1800,1775,1775,"Jews were leasing land in M. before the Chmielnicki massacres of 1648-49 but an organized community was only formed in the late 18th cent. In 1897 the J. pop. was 1,248 (total 10,037). Yaakov Gordin (1853-1909), autho",,1700,LX
1130,VLH_NVG_MRPL,Volhynia,Novograd-Volynskii,Miropol,1721,1721,1721,1721,1721,"Jews are first mentioned in 1721 but were probably present earlier. In 1897, they numbered 1,912 (total 4,194). Jews owned flour mills and a factory for felt blankets. The tzaddik R. Dovidl resided in the town.",,1700,
1131,SWL_SNY_MRSL,Suwalki,Seiny,Miroslav,18EX,18EX,1850,1800,1825,Jews lived here from the early 19th cent. and numbered some 60 families in 1897. Between the World Wars most of the youth emigrated to Palestine; the adults emigrated to America. The J. pop. in 1940,"הצעירים היגרו לאי, המבוגרים לארהב",1800,EX
1132,VLH_DBN_MZCH,Volhynia,Dubno,Mizoch,17EX,17XX,1800,1700,1750,"Jews settled in the 18th cent., numbering 1,175 (total 2,665) in 1897 and 845 (total 1,247) in 1921 after the disturbances of the WWI period. Most of the community identified with Turzysk Hasidism, effect",חסידים,1700,XX
1133,GLC_STN_MZNS,Galicia,Dolina,Mizuń Stary,,1921,1921,1921,1921,The J. pop. in 1921 was 182. The Jews were probably expelled by the Germans to Dolina or Bolechow for liquidation in spring-summer 1942.,,1900,
1134,PLC_MLV_MLW,Plock,Mlawa,Mława,,15XX,1600,1500,1550,"Small numbers of Jews were present in the 16th and 17th cents. The community began to develop in the 19th, numbering 1,650 in 1857 and 4,854 (total 11,709) in 1897. Jews were active in the clothing and textile trade and ma",,1500,XX
1135,VLH_DBN_MLYN,Volhynia,Dubno,Mlynov,17LX,17LX,1800,1775,1775,"Jews settled from the late 18th cent., numbering 672 (total 1,105) in 1897. M. was the birthplace of Shelomo Mandelkern (1846-1902), author of the Bible concordance Heikhal ha-Kodesh, and the Hebrew poet Yitzhak Lamdan",תנועה ציונית פעילה,1700,LX
1136,RDM_KZN_MNSZ,Radom,Kozienice,Mniszew,,1921,1921,1921,1921,"The J. pop. was 164 (total 722) in 1921. In Feb. 1942, the Jews were expelled by the Germans to the Magnuszew ghetto and in Sept. 1942 to Kozienice before deportation to the Treblinka death camp on 29 Sept.",,1900,
1137,LBL_INV_MDLB,Lublin,Janow,Modliborzyce,,16MX,1675,1650,1650,"Jews are first mentioned in the mid-17th cent. and numbered 312 in 1827 and 957 (total 1,913) in 1921. Between the World Wars, most lived in straitened economic circumstances. The Orthodox controlled the community c",,1600,MX
1138,WRS_GRT_MGLN,Warszawa,Grojec,Mogielnica,,17LX,1800,1775,1775,"The first Jews probably arrived in the late 18th cent. and by the mid-19th cent. constituted a majority of the pop. In 1828 R. Hayyim Meir Yehiel Shapira, grandson of the Maggid of Koznitz, established his dynastic co",,1700,LX
1139,MGL_MGL_MGLV,Mogilev,Mogilev,Mogilev,1522,1522,1522,1522,1522,"In 1522, a Lithuanian Jew, Mikhail Ezofovich, leased taxes and inns in M. Local townsmen petitioned the Polish king in 1583 to ban J. residence but their expulsion was not implemented. An organized community existed",,1500,
1140,POD_MGL_MGLV,Podolia,Mogilev,Mogilev,1713,1713,1713,1713,1713,"Jews are first mentioned in 1713 and numbered 957 in 1765. In 1897, their pop. was 12,344 (total 22,315). Jews traded in grain, farm produce, and lumber, which they marketed via the Dniester River and the por",,1700,
1141,PRU_PSN_MGLN,Preussen,Mogilno,Mogilno,,1772,1772,1772,1772,"Jews first settled after the annexation to Prussia in 1772 and established a small community with a synagogue and elementary school. The J. pop. reached a peak of 200 (total 2,464) in 1881 and then declined through",,1700,
1142,MNS_IGM_MGLN,Minsk,Igumen,Mogilno,17MX,17EX,1750,1700,1725,"J. settlement probably began at the turn of the 18th cent. Jews numbered 24 in 1808 and 305 (total 1,076) in 1897, their pop. dropping to 176 in 1923 under the Soviets. After the German occupation in late June 19",,1700,EX
1143,SDL_SDL_MKBD,Siedlce,Siedlce,Mokobody,,18EX,1850,1800,1825,"Jews were present by the early 19th cent., earning sufficiently well as peddlers and merchants to maintain an orphanage and old age home. Their pop. dropped from 486 (total 1,482) in 1884 to 290 in 1921 as a result of a",,1800,EX
1144,KIV_ZVN_MKRK,Kiev,Zvenigorodka,Mokraia Kaligorka,1897,1897,1897,1897,1897,"The J. pop. was 1,677 (total 3,190) in 1897 and 537 under the Soviets in 1926. The Germans arrived on 30 July 1941 and murdered the Jews shortly afterwards.",,1800,
1145,GRD_SLN_MLCH,Grodno,Slonim,Molchad,1648,15EX,1550,1500,1525,"Jews settled in the first half of the 16th cent., building a synagogue in 1648 and becoming an independent community in 1691 after breaking away from Dworzec. In the 18th cent. Jews received permissio",,1500,EX
1146,VLN_VLN_MLTY,Vilna,Vilnius,Maliaty,17EX,17XX,1800,1700,1750,"Jews first settled in the 18th cent. In the 1880s many Jews emigrated to South Africa. The J. pop. in 1897 was 1,948 (81% of the total). During wwi the Jews were expelled by the Russian army and many were",,1700,XX
1147,VLN_VLK_MLDC,Vilna,Vileika,Molodechno,18LX,17EX,1750,1700,1725,"Jews first settled in the early 18th cent. The coming of the railraoad in the late 19th cent. stimulated J. commerce, particularly in the lumber and flax trade. In 1897 the J. pop. was 1,105 (total 2,393",,1700,EX
1148,GLC_TRN_MNST,Galicia,Buczacz,Monasterzyska,,1625,1625,1625,1625,Jews are recorded from 1625. Most of M.'s craftsmen were Jews; later some belonged to the professional class and others were employed in the home-based toy industry set up by the Viennese Relief Or,,1600,
1149,KIV_LPV_MNST,Kiev,Lipovets,Monastyrishche,1765,1765,1765,1765,1765,"Jews numbered 107 in 1765 and 2,620 (total 9,404) in 1897. Three were murdered in a pogrom on 19 Nov. 1917. In the Soviet period, a J. council (soviet), school, and kolkhoz were active. The J. pop. was 1,398 in",,1700,
1150,MGL_MST_MNST,Mogilev,Mstislavl,Monastyrshchina,1847,1847,1847,1847,1847,"M. was located in the J. Pale of Settlement. The J. pop. was 864 in 1847 and 2,179 (total 2,696) in 1897. Two private J. schools were open in 1910. In the Soviet period, the J. pop. dropped to 1,370 in 1926 and",,1800,
1151,RDM_KNS_MNCH,Radom,Kielce,Monchocice,,1921,1921,1921,1921,"The J. pop was 113 (total 1,492) in 1921. The Jews were presumably deported by the Germans to the Treblinka death camp via Bodzentyn in fall 1942.",,1900,
1152,SDL_SDL_MRDY,Siedlce,Siedlce,Mordy,,16LX,1700,1675,1675,"Jews were probably present in the late 17th cent., organizing communal life around the beit midrash and synagogue and the hasidic shtiblekh (Gur, Ruzhin, Mezhirech). Their relations with their Polish neighbors were good. T",,1600,LX
1153,GLC_LWW_MSCS,Galicia,Mosciska,Mościska,,15MX,1575,1550,1550,"The J. presence dates from the mid-16th cent., but the town was destroyed in the Chmielnicki massacres of 1648-49 and the community was only rehabilitated in the course of the 18th cent. By the end of the 1",,1500,MX
1154,KVN_TLS_MSDY,Kovno,Telshi,Masiady,16EX,16XX,1700,1600,1650,"Jews first settled in the 17th cent. and their numbers increased after they received privileges in 1742. The J. pop. in 1897 was 363 (40% of the total). The Bible scholar M. H. Segal (1876-1978), prof",,1600,XX
1155,KIV_CHR_MSHN,Kiev,Cherkasy,Moshny,1784,1784,1784,1784,1784,"Jews numbered 130 in 1784 and 1,022 (total 8,049) in 1897. Most were Hasidim. In 1881, a fire destroyed 60 J. homes and in Aug. 1919 General Denikin's White Army soldiers attacked the Jews of M. In 1926, under the Soviets,",,1700,
1156,GLC_STN_MSKL,Galicia,Kosow,Moskalówka,,1921,1921,1921,1921,"The J. pop. in 1921 was 158. The Jews were executed locally in April 1942, or expelled to Kosow in Oct. 1",,1900,
1157,KHR_ANN_MSTV,Kherson,Ananev,Mostovoe,18LX,1897,1897,1897,1897,"The J. pop. was 862 (total 1,607) in 1897 and 226 in 1939 under the Soviets. The Germans captured M. on | Sept. 1941 and murdered the Jews there in the fall. The Rumanians expelled about 4,000 Jews from Odessa and Bess",,1800,
1158,GRD_GRD_MSTY,Grodno,Grodno,Mosty,1738,1738,1738,1738,1738,"Jews settled after the nobility received proprietorship of the town, building a new prayer house in 1738. In the 19th cent., Jews were prominent in the lumber trade, floating logs down the Nieman River in summer and sup",,1700,
1159,GLC_LWW_MSTY,Galicia,Rawa,Mosty Małe,,1921,1921,1921,1921,"The J. pop. in 1921 was 147. The Jews were deported to the Belzec death camp in summer-fall 1942, directly or via Rawa Ruska.",,1900,
1160,MNS_MZY_MZYR,Minsk,Mozyr,Mozyr,15EX,15XX,1600,1500,1550,"Jews are first mentioned in the 16th cent. Many were robbed and murdered in the Chmielnicki massacres of 1648-49. In 1766, the number of tax payers within the J. pop. came to 896. In 1897 the J. pop. stood at 5,631 (t",,1500,XX
1161,PRU_PSN_MRTS,Preussen,Wyrzysk,Mrotschen,,18LX,1900,1875,1875,J. settlement apparently commenced in the late 19th cent. The J. pop. was 306 (total 508) in 1921. The Germans arrived on 12 Sept. 1939 and subjected the Jews to a regime of severe persecution with Polish participation. Al,,1800,LX
1162,GRD_VLK_MSTB,Grodno,Volkovysk,Mstibovo,15EX,15XX,1600,1500,1550,"Jews appeared in the 16th cent. In 1897 the community numbered 389 (total 1,228). During WWI the Jews were able to ward off hunger by working abandoned farm land. After the war 13 families engaged in agriculture. The",,1500,XX
1163,MGL_MST_MSTS,Mogilev,Mstislavl,Mstislavl,15EX,15XX,1600,1500,1550,"Jews first settled in the 16th cent. and formed an organized community by the beginning of the 17th. Peter the Great's soldiers staged a pogrom against the Jews in 1708. In 1765, the community included 552 poll ta",,1500,XX
1164,MNS_BRS_MSTZ,Minsk,Borisov,Mstizh,18EX,18XX,1900,1800,1850,"Jews settled in the 19th cent. and numbered 28 families in 1926. In the mid-1920s, 20-25 J. children were still studying in hadarim. The few remaining Jews were murdered by the Germans after their arrival in late June",,1800,XX
1165,PTR_CHN_MSTW,Piotrkow,Czestochowa,Mstów,,17LX,1800,1775,1775,"The few Jews probably present before the Third Partition of Poland in 1795 grew to 200 families by the end of wwl. Many earned their livings weaving coarse wool. In the 1930s, economic conditions deteriorated",,1700,LX
1166,GLC_CRC_MSZN,Galicia,Limanowa,Mszana Dolna,,18LX,1900,1875,1875,"Jews are first mentioned in the late 19th cent., their pop. reaching 410 (total 3,016) in 1921. Anti-J. agitation and disturbances marked the period between the World Wars. The J. pop. in 1939 was 800. In the second",,1800,LX
1167,WRS_BLN_MSZC,Warszawa,Blonie,Mszczonów,,16LX,1700,1675,1675,"Jews probably settled in the late 17th cent. The J. pop. grew to 2,523 in 1897 (total 5,124), having recovered slowly from a fire that destroyed 100 homes and the synagogue in 1862. R. Yaakov David Kali",,1600,LX
1168,,,,Muehlhausen (I),,18EX,1850,1800,1825,"The first definite evidence of a J. presence in M. dates from 1278. The community, which had a synagogue in 1380 and a cemetery in 1407, suffered from intermittent persecution, including the Black Death disturbances o",,1800,EX
1169,POD_LMP_STRM,Podolia,Lampol,Staraia Murafa,16LX,17EX,1750,1700,1725,"Jews settled in the early 18th cent. In 1735, the Haidamaks murdered several and ten J. homes were burned. The J. pop. was 509 in 1765 and 1,350 (total 1,361) in 1897. In 1926, under the Soviets, the J. pop. was 1,421,",,1700,EX
1170,VLH_DBN_MRVT,Volhynia,Dubno,Muravitsa,1569,1569,1569,1569,1569,"Jews were present from at least 1569, numbering 757 in 1897 (total 958). Half the J. artisans worked in the building trades. The town was destroyed in WWI and many Jews settled in neighboring Mlynow, le",,1500,
1171,POD_NVU_MRVN,Podolia,Novaia Ushitsa,Murovannye Kurilovtsy,18EX,1897,1897,1897,1897,"The J. pop. was 1,410 (total 4,340) in 1897. In the 1920s, a J. council (soviet) and J. elementary school (four grades) were active. A savings and loan society had 168 members in the early 1920s. In 1939,",,1800,
1172,VLN_VLN_MSNK,Vilna,Vilnius,Musniki,17EX,17XX,1800,1700,1750,"Jews first settled in the 18th cent. Prior to WWI, social and religious associations, a Hebrew library, and Zionist groups were active. Between the wars economic conditions forced many to leave. The J. pop. in 1938",תנועה ציונית פעילה,1700,XX
1173,GLC_CRC_MSZY,Galicia,Nowy Sacz,Muszyna,,18LX,1900,1875,1875,"Jews first settled in the second half of the 19th cent., mostly from Nowy Soncz and its environs, making Zanz Hasidism the dominant force in the community. The J. pop. reached 265 in 1890 (total 2,358) and 423 in 1921. M",,1800,LX
1174,GLC_CRC_MYSL,Galicia,Myslenice,Myślenice,,1860,1860,1860,1860,"Jews began to settle with the end of residence restrictions in 1860, numbering 386 in 1880 (total 2,455) and 675 in 1921 (of 1,921). The pop. was distinctly hasidic with life centering around the beit midrash and vario",,1800,
1175,PTR_BND_MYSZ,Piotrkow,Bedzin,Myszków,,18LX,1900,1875,1875,"Jews were present in the late 19th cent. as operators of sawmills and flour mills and as shopkeepers. In 1921, their pop. was 563 (total 1,774), with 30 J. business establishments employing 128 Jews. The Zionists w",,1800,LX
1176,LMZ_OSTL_MYSH,Lomza,Ostrolenka,Myshinets,18EX,18EX,1850,1800,1825,"A J. community is known from the early 19th cent., growing to 727 in 1857 and 912 (total 1,872) in 1921, with most living in poverty. The Zionists and Agudat Israel were active after WWI, the latter controlling the",,1800,EX
1177,WRS_BLN_NDRZ,Warszawa,Blonie,Nadarzyn,,15EX,1550,1500,1525,"Jews apparently settled in the first half of the 16th cent. Many left after a devastating fire in 1902. About 100 J. families lived there after WWI. Most fled to Warsaw on the approach of the Germans in Sept. 1939, retu",,1500,EX
1178,EKT_MRP_NDZH,Ekaterinoslav,Mariupol,Nadezhnaia,1855,1855,1855,1855,1855,"Since Jews from the Vilna region founded N. as a J. colony in 1855, it was initially called Vilner. In 1858, the total pop. of N. was 532, mostly Jews. In the pogroms of May 1881, a J. self-defense",מושבה חקלאית יהודית,1800,
1179,GLC_STN_NDWR,Galicia,Nadworna,Nadwórna,,17LX,1800,1775,1775,"The J. community developed from the late 18th cent. Jews traded in farm produce as well as operating oil wells and refineries, sawmills and flour mills. From the 20th cent., they became active i",,1700,LX
1180,KHR_KHR_MLYI,Kherson,Kherson,Malyi I Bolshoi Nagartov,1807,1807,1807,1807,1807,"N. (for the Heb. nahar tov good river) was founded as a J. colony in 1807-09 by Jews from the Mogilev region and numbered 80 families in 1815. In the 1930s, N. became a J. settlement center for the Kherson region.",מושבה חקלאית יהודית,1800,
1181,GLC_TRN_NGRZ,Galicia,Buczacz,Nagorzanka,,1921,1921,1921,1921,"The J. pop. in 1921 was 232. The Jews were probably deported to the Belzec death camp in the second half of 1942, directly or via Buczacz.",,1900,
1182,GLC_LWW_NHCZ,Galicia,Jaworow,Nahaczów,,1921,1921,1921,1921,The J. pop. in 1921 was 123. The Jews were probably expelled to Jaworow or Krakowiec for liquidation in Nov.Dec.,,1900,
1183,PRU_PSN_NKL,Preussen,Wyrzysk,Nakel,,15XX,1600,1500,1550,"A small J. community with a synagogue existed in the 16th cent. It grew to a peak pop. of 982 (total 5,554) in 1871, with a community building erected in 1845, a spacious new synagogue completed in 1853, and Jews entering",,1500,XX
1184,LBL_PLW_NLNC,Lublin,Pulawy,Nalenczow,,18XX,1900,1800,1850,"Jews settled in the 19th cent., becoming active in the tourist trade centered around the town's mineral springs. They numbered 268 (total 918) in 1921. In WWII, the town was a transit center en route to the death camps",,1800,XX
1185,VLN_OSH_NLBK,Vilna,Oshmiany,Nalibok,18EX,18XX,1900,1800,1850,"Individual Jews were present by the 19th cent., their number growing to 95 (total 2,465) in 1885 and 185 in 1921. In the 1930s, half (22 families) were engaged in agriculture, working about 500 acres","השומר הצעיר, ביתר",1800,XX
1186,GLC_TRN_NRJW,Galicia,Brzezany,Narajów,,17LX,1800,1775,1775,"Jews were present in the late 18th cent., earning a livelihood mainly by farming, though diversifying their occupations between the World Wars. The J. pop. fell from its 1880 level of 1,088 (total 2,473)",,1700,LX
1187,GRD_BLS_NRV,Grodno,Bielsk,Narev,1564,1564,1564,1564,1564,A few Jews were present in the 16th cent. as tax farmers and liquor licensees. Local opposition to the Jews led to a blood libel in 1564 and the execution of an innocent Jew. The J. community began to gro,,1500,
1188,GRD_PRZ_NRVK,Grodno,Pruzhany,Narevka,17LX,17LX,1800,1775,1775,"Jews settled in the late 18th cent., numbering 1,004 (total 1,263) in 1897 and 758 in 1921. Between the World Wars, many had to close their stores under the heavy tax burden; others tried to earn a living as fact",,1700,LX
1189,VLH_OVR_NRDC,Volhynia,Ovruch,Narodichi,1629,1629,1629,1629,1629,"Four tax-paying J. householders were present in 1629. The community was reestablished after the Chmielnicki massacres of 1648-49. By 1765, it included 241 taxpayers. In 1897, the J. pop. was 2,054 (total 4,576). Jew",,1600,
1190,GLC_LWW_NRL,Galicia,Cieszanow,Narol,,16XX,1700,1600,1650,"A flourishing community developed in the 17th cent., but was wiped out in a Cossack massacre during the Chmielnicki disturbances of 1648-49, when the refugee-swollen J. pop. was said to have reached over 10,000. The communit",,1600,XX
1191,MNS_RCH_NRVL,Minsk,Riechitsa,Narovlia,1765,1765,1765,1765,1765,"The number of J. poll-tax payers in N. and its environs was 316 in 1765. In 1897, the J. pop. of N. was 1,060 (92% of the total). Many Jews traded in forest products and grain. In the Soviet period, the number of J",,1700,
1192,SNP_IMB_NRV,Sankt-Peterburg,Iamburg,Narva,18MX,18MX,1875,1850,1850,"The J. community was founded by Cantonists in the mid-19th cent. A synagogue was built in 1884 (closed by the authorities in 1890 and reopened in 1895). The J. pop. grew to 474 in 1897, with trade in forest products an important source",,1800,MX
1193,WRS_PLT_NSLS,Warszawa,Pultusk,Nasielsk,,16XX,1700,1600,1650,"Jews are first mentioned in the 17th cent., with a synagogue and cemetery consecrated in 1650. Most were craftsmen, founding a guild in the mid-18th cent. that was independent of the community council and maintained its",,1600,XX
1194,PRU_PMM_NGRD,Preussen,Pommern,Naugard,,1692,1692,1692,1692,"A Jew under a letter of protection (Schutzbrief) for N. is mentioned in 1692. In 1752, 54 Jews were living in N. and by 1871, the J. pop. numbered 147. The community maintained a synagogue, co",,1600,
1195,GLC_LWW_NWRY,Galicia,Lwow,Nawarya,,16XX,1700,1600,1650,"A community, never exceeding 40-50 families (around a third of the total), existed from the 17th cent. Belz rabbis had their hasidic court in N. from the end of the 19th cent. The Germans liquidated the comm",,1600,XX
1196,PRU_OST_NDNB,Preussen,Nidzica,Neidenburg,,17LX,1800,1775,1775,"Germany, today Poland. The first protected Jew (Schutzjude) was allowed to live in N. in the second half of the 18th cent. In 1812, the J. pop. numbered ten families. In 1871, there were 241 Jews, declining to",,1700,LX
1197,KVN_RSS_NMKS,Kovno,Rossieny,Nemokshty,16EX,16XX,1700,1600,1650,Jews first settled in the 17th cent. The community supported social welfare organizations. Zionist activities began in the 1890s. The J. pop. in 1897 was 954 (81% of the total). Many emigrated to,,1600,XX
1198,POD_BRT_NMRV,Podolia,Bratslav,Nemirov,15MX,15LX,1600,1575,1575,"The J. community originated around the turn of the 16th cent. Chmielnicki's Cossacks massacred about 6,000 Jews in the area on 20 June 1648. In the 18th and 19th cents. Jews operated a large distillery, dyeing facilit",,1500,LX
1199,VLN_TRK_NMNT,Vilna,Troki,Niemonoitse,18EX,1897,1897,1897,1897,The J. pop. in 1897 was 361 (49% of the total). By wwii this Orthodox J. community numbered 15 families. All were killed after the German occupation of 1941.,,1800,
1200,KVN_PNV_RDZV,Kovno,Poneviezh,Radzivilishki,18EX,19EX,1950,1900,1925,,,1900,EX
1201,CRL_FRD_NRT,Courland,Fridrikhshtadt,Nereta,1935,1935,1935,1935,1935,The J. pop. in 1935 was 54 (total 612). The Jews were murdered in July 1941 shortly after the arrival of the Germans.,,1900,
1202,PRU_PMM_NSTT,Preussen,Pommern,Neustettin,,1718,1718,1718,1718,In 1718 there were three J. families in N. and a cemetery had probably been established. The J. community numbered ten families in 1812 and 455 individuals in 1880. A synagogue was consec,,1700,
1203,KVN_TLS_NVRN,Kovno,Telshi,Nevorany,18LX,18LX,1900,1875,1875,The J. community became consolidated here in the late 19th cent. Many emigrated to the west. The J. pop. in 1923 was 95 (21% of the total). All the Jews were murdered shortly after the German occupati,,1800,LX
1204,VTB_NVL_NVL,Vitebsk,Nevel,Nevel,17MX,17MX,1775,1750,1750,"J. settlement probably began in the mid-18th cent. In 1765, the number of J. poll-tax payers in N. and the attached communities was 388. In 1780, the J. pop. of the town was 123 (total 950). The J. pop. subsequently rose",הבונד,1700,MX
1205,GLC_LWW_NBYL,Galicia,Rzeszow,Niebylec,,16LX,1700,1675,1675,"Jews first settled around the end of the 17th cent., mostly engaged in farming. They attained a maximum pop. of 343 (50% of the total) in 1900. Pogroms in 1919, the ravages of WwiI, and straitened economic circumstances c",,1600,LX
1206,MNS_SLT_MDVD,Minsk,Slutsk,Medviedichi,18LX,18LX,1900,1875,1875,"An organized community existed in the late 19th cent. with a pop. of 274 in 1897 and 116 (total 949) in 1921, with some engaged in agriculture. All were executed by the Germans near Siniawka in A",,1800,LX
1207,MNS_NVG_NGNV,Minsk,Novogrudok,Negnevichi,17LX,17LX,1800,1775,1775,"A J. settlement existed from around the late 18th cent., growing to a pop. of 276 in 1897 and dropping to 112 in 1921. All were expelled by the Germans to Nowogrodek in summer 1941, sharing the fa",,1700,LX
1208,PTR_BND_NMC,Piotrkow,Bedzin,Niemce,,1921,1921,1921,1921,"The J. pop. was 105 (total 1,579) in 1921. The Jews were presumably deported to Auschwitz by the Germans after being expelled to Bendzin or Sosnowiec in 1942.",,1900,
1209,VLN_VLN_NMNC,Vilna,Vilnius,Niemenchin,18LX,18LX,1900,1875,1875,Jews probably settled in the late 19th cent. Their pop. in 1885 was 340 (total 471). After the hardships of WWI the community was assisted significantly by J. relief organizations. Between the World Wa,,1800,LX
1210,GLC_LWW_NMRW,Galicia,Rawa,Niemirów,,15LX,1600,1575,1575,"Jews were among the town's first settlers in the late 16th cent., receiving various privileges. The development of N. as a health resort in the 19th cent. served to diversify J. occupations. Among the a",,1500,LX
1211,GRD_BLS_NMRV,Grodno,Bielsk,Nemirovo,1807,1807,1807,1807,1807,"Jews numbered 107 in 1807 and 149 (total 777) in 1921, barely earning a living between the World Wars. They were apparently expelled by the Germans to Siemiatycze on 2 Nov. 1942 and from there dep",,1800,
1212,GLC_CRC_NPLM,Galicia,Bochnia,Niepołomice,,17MX,1775,1750,1750,"Jews are known from the mid-18th cent., reaching a pop. of 507 (total 4,692) in 1900, when Yosef Teitelbaum, son of R. Shemuel of Gorlice, was rabbi of the community. Armed bands terrorized the J. pop. in Nov. 1919.",,1700,MX
1213,VLH_KVL_NSKH,Volhynia,Kovel,Nesukhoizhi,1569,1569,1569,1569,1569,Jews are first mentioned in 1569. From the mid-18th cent. to the early 20th religious life was dominated by the Shapira branch of the Neskhizh hasidic dynasty. The J. pop. stood at 8,,1500,
1214,MNS_SLT_NSVZ,Minsk,Slutsk,Nesvizh,15EX,15EX,1550,1500,1525,"The J. settlement commenced in the early 16th cent., developing under the auspices of the Radziwill family and maintaining jurisdiction over a number of smaller communities. In the 17th-18th cents. N.",,1500,EX
1215,WRS_NSH_NSZW,Warszawa,Nieszawa,Nieszawa,,17MX,1775,1750,1750,"J. communal life began in the mid-18th cent. Between 1826 and 1862 the Jews were forced to live in a special quarter. Between the World Wars, when there were 262 Jews (11% of the total), many emigrated to the U.S. and M",,1700,MX
1216,CRN_NZH_NZHN,Chernigov,Niezhin,Niezhin,16EX,16EX,1650,1600,1625,"Jews settled in the early 17th cent. The community was destroyed in the Chmielnicki massacres of 1648-49. Jews probably returned in the early 18th cent. In 1897, they numbered 7,631 ( total 32,000). In 1828, N. becam","הקהילה נחרבה עי חמילנצקי, הוקמה מחדש בתחילת המאה ה 18",1600,EX
1217,KHR_KHR_NKLV,Kherson,Kherson,Nikolaev,17LX,17LX,1800,1775,1775,"Jews settled with the founding of the city in the late 18th cent. A Great Synagogue was erected in the 1820s. Jews were attacked in pogroms in May 1881 and April 1899. Their pop. was 20,109 (total 92,012) in 1897.",,1700,LX
1218,PRU_OST_NKLK,Preussen,Ketrzyn,Nikolaiken,,18XX,1900,1800,1850,"Germany, today Poland. The J. community was apparently established in the 19th cent. The J. pop. was 66 in 1880, 75 in 1905, and 40 in 1925. The community maintained a synagogue and a cemetery. No information",,1800,XX
1219,POD_PRS_NKLV,Podolia,Proskurov,Nikolaev,15LX,15LX,1600,1575,1575,"Jews were present from the late 16th cent. They were murdered in the Chmielnicki massacres of 1648-49. In commemoration of the event, the community observed, until the early 20th cent., a day of mourning an",,1500,LX
1220,EKT_EKT_NKPL,Ekaterinoslav,Ekaterinoslav,Nikopol,1780,1780,1780,1780,1780,"Jews are first mentioned in the 1780s. They numbered 322 in 1847 and 3,284 (total 17,097) in 1897. In 1905, they were attacked in a pogrom. Under the Soviets, in the late 1920s, N. was one of the organizational",,1700,
1221,GLC_LWW_NSK,Galicia,Nisko,Nisko,,17LX,1800,1775,1775,"Jews first settled in the late 18th cent., constituting less than 10% of the total (273 in 1880; 409 in 1921). The Russians burned down most of the town at the outset of WWI. Deadly epidemics and rampant looting by the local",,1700,LX
1222,PTR_BND_NWK,Piotrkow,Bedzin,Niwka,,18LX,1900,1875,1875,"Sixty J. families settled in the late 19th cent. After WWI, newcomers leased mines and started an iron foundry. The J. pop. was 329 (total 5,308) in 1921. In late 1941, the Jews were expelled by the Germans to Dandowka and",,1800,LX
1223,VLN_VLK_NVK,Vilna,Vileika,Nivki,1848,1848,1848,1848,1848,N. was founded as a J. farm settlement for 15 families in 1848. One Jew also built a brick and whitewash factory. In 1921 the J. pop. was 76. In March 1942 the Jews of N. were among 350 burned alive by the Ge,מושבה חקלאית יהודית,1800,
1224,GLC_LWW_NZNK,Galicia,Przemysl,Niżankowice,,1602,1602,1602,1602,"Jews are mentioned from 1602 but the community only developed in the 19th cent., reaching a pop. of 546 (total 2,009) in 1890. The Zionists were active between the World Wars. The community was probably",,1600,
1225,EKT_NVM_AMR,Ekaterinoslav,Novomoskovsk,Amur,18MX,18LX,1900,1875,1875,"Jews settled in the latter half of the 19th cent. and numbered 1,235 (total 6,060) in 1897. The first synagogue was erected in the early 1880s. A. J. elementary school was still operat",,1800,LX
1226,GLC_STN_NZNW,Galicia,Tlumacz,Niżniów,,16XX,1700,1600,1650,Jews settled with the founding of the town in the 17th cent. but the community developed slowly with 40% of the total lost to emigration in the late 19th cent. (down from 711 of a tota,,1600,XX
1227,PRU_PMM_NRNB,Preussen,Pommern,Noerenberg,,1717,1717,1717,1717,"In 1717, there were three J. families in N. In 1871 the community numbered 68 Jews. It maintained a synagogue and a cemetery. When the Nazis came to power in 1933, there were 33 Jews in the to",,1700,
1228,TRD_BRD_NGSK,Taurida,Berdiansk,Nogaisk,18EX,1897,1897,1897,1897,"Jews numbered 508 (total 3,963) in 1897 and 103 in 1939. The Germans captured N. on 6 Oct. 1941 and murdered about 200 Jews from B. and its environs in the first half of Nov. Forty-seven J. children at a children's h",,1800,
1229,PRU_OST_NRDN,Preussen,Frydlad,Nordenburg,,19EX,1810,1831,1820,"Germany, today Russia. Jews probably came to N. only after 1810. There were eight Jews there in 1831 and 70 in 1885. The community maintained a synagogue and a cemetery. By 1925, there were only 36 Jews in N. a",,1900,EX
1230,VLH_OVR_NRNS,Volhynia,Ovruch,Norinsk,16EX,16EX,1650,1600,1625,"Jews settled in the early 17th cent. The community was destroyed during the Chmielnicki massacres of 1648-49 and their aftermath. Jews returned in the early 18th cent. and numbered 121 in 1765 and 584 (total 1,683) in","נהרסה עי חמילנצקי, נבנתה מחדש בתחילת המאה ה 18",1600,EX
1231,MGL_GML_NSVC,Mogilev,Gomel,Nosovichi,1847,1847,1847,1847,1847,"Jews numbered 382 in 1847 and 686 (total 2,721) in 1897. Their main sources of livelihood were petty trade and crafts. On 17 Oct. 1905, J. property was damaged in riots but without loss of life. In 1930, under the S",,1800,
1232,CRN_NZH_NSVK,Chernigov,Niezhin,Nosovka,18EX,18MX,1875,1850,1850,"A few Jews were probably present in the first half of the 19th cent., increasing to a few hundred by the end of the cent. In 1917, the J. pop. was 542 (total 19,638). Only 116 Jews remained in 1939. The Germans arriv",,1800,MX
1233,BSS_KHT_NVSL,Bessarabia,Khotin,Novoselitsy,17LX,17LX,1800,1775,1775,Jews first settled at the end of the 18th cent. Two communities existed on either side of the Prut River. During the Russian occupation (1912- 1918) Jews handled goods exported from northern,,1700,LX
1234,KHR_ALK_NVPR,Kherson,Aleksandriia,Novaia Praga,18EX,18EX,1850,1800,1825,"J. settlement probably commenced in the first half of the 19th cent. Jews traded in farm produce and fish products. On 4 April 1882, they were attacked in a pogrom. In the early 20th cent. the community maintai",,1800,EX
1235,KIV_BRD_NVPR,Kiev,Berdichev,Novaia Priluka,17EX,17EX,1750,1700,1725,"Jews settled in the early 18th cent. and numbered 203 in 1765 and 2,011 (total 3,579) in 1897. A number of Jews were killed in a pogrom on 10 Jan. 1917. In 1926, under the Soviets, the J. pop. was 2,151. A J. s",,1700,EX
1236,POD_NVU_NVUS,Podolia,Novaia Ushitsa,Novaia Ushitsa,1765,1765,1765,1765,1765,"The J. pop. was 229 in 1765 and 2,213 (total 6,371) in 1897. In the Soviet period, a J. rural council (soviet) was active. In 1939 the J. pop. was 1,547. The Germans captured N.",,1700,
1237,NVG_NVG_VLKN,Novgorod,Novgorod,Velikii Novgorod,18EX,18EX,1850,1800,1825,"Jews probably settled in the first half of the 19th cent. In 1870, they were permitted to erect a prayer house. In 1897, their pop. was 854 (total 25,000). In the Soviet period, it reached 926 in 1926 and then droppe",,1800,EX
1238,CRN_NVG_NVGR,Chernigov,Novgorod-Sieversk,Novgorod-Sieversk,15MX,17LX,1800,1775,1775,"Jews settled in the mid-16th cent. The community was destroyed in the Chmielnicki massacres of 1648-49, the Jews returning only in the late 18th cent. In 1897, the J. pop. was 2,956 (total 9,182). The Russi","הקהילה נחרבה עי חמילנצקי, הוקמה מחדש בסוף המאה ה 18",1700,LX
1239,KHR_ELZ_NVAR,Kherson,Elizavetgrad,Novo-Arkhangelsk,18LX,18LX,1900,1875,1875,"Jews probably settled in the late 19th cent. and numbered 943 (total 6,262) in 1897. In 1919, General Denikin's White Army staged a pogrom against the Jews. In the Soviet period, the J. pop. dropped to 636 i",,1800,LX
1240,EKT_ALK_BGDR,Ekaterinoslav,Aleksandrovsk,Bogodarovka,1855,1855,1855,1855,1855,Jews from the Vilna region founded N. as a J. colony in 1855. The pop. was 608 in 1858 (most probably all Jews) and 503 in 1926. A. J. school probably including eight grades was sti,מושבה חקלאית יהודית,1800,
1241,POD_LTN_NVKN,Podolia,Litin,Novo-Konstantinov,16EX,1765,1765,1765,1765,"The 17th cent. community was destroyed in the Chmielnicki massacres of 1648-49. The J. pop. was 694 in 1765 and 2,320 (59% of the total) in 1897. A pogrom was staged against the Jews on 18 July 1919",נחרבה עי חמילנצקי ואז שוקמה,1700,
1242,KHR_ELZ_NVMR,Kherson,Elizavetgrad,Novomirgorod,1821,1821,1821,1821,1821,"Jews along with other residents were expelled in 1821 for military reasons. After they returned, they engaged in trade with the local garrison. A synagogue was in use by the 1880s. In 1897, the J. pop. was 1,62",,1800,
1243,EKT_NVM_NVMS,Ekaterinoslav,Novomoskovsk,Novomoskovsk,17LX,17LX,1800,1775,1775,"Jews began settling in the late 18th cent. and numbered about 100 in 1803 and 1,436 (total 12,883) in 1897. A government school for J. children was operating in the 1860s. On 4 Sept. 1883, 200 Jews were kil",,1700,LX
1244,KHR_ANN_NVPV,Kherson,Ananev,Novo-Pavlovka,18LX,1897,1897,1897,1897,"The J. pop. was 953 (total 1,581) in 1897 and 971 in 1926. The Germans captured N. around early Aug. 1941 and murdered the Jews in Sept. The few who remained were sent to the Bolshaia Vradievka labor camp, where th",,1800,
1245,KHR_KHR_NVPL,Kherson,Kherson,Novo-Poltavka,1840,1840,1840,1840,1840,"Jews from the Latvian Courland dist. founded N. in 1840 as a J. farm settlement. The J. pop. was 1,959 (total 2,179) in 1897 and 1,877 in 1926. During the civil war (1918-21), marauding gangs murdered a few doz","הוקמה עי יהודים מקורלנד, מושבה חקלאית יהודית",1800,
1246,PSK_NVR_NVRZ,Pskov,Novorzhev,Novorzhev,18MX,18MX,1875,1850,1850,"Jews probably settled in the mid-19th cent., numbering 295 (total 2,838) in 1897 and, under the Soviets, 204 in 1926 and 59 in 1939. The Jews who had neither fled nor been evacuated were murdered after the German occu",,1800,MX
1247,PSK_VLK_NVSK,Pskov,Velikie Luki,Novosokolniki,18MX,18LX,1900,1875,1875,"Jews probably settled at the turn of the 19th cent., numbering 339 (total 4,676) in 1926 and 253 in 1939. The Germans captured the town on 25 July 1941. The few Jews who had neither fled nor been evacuated were mu",,1800,LX
1248,KHR_ELZ_PVLV,Kherson,Elizavetgrad,Pavlovsk,18MX,18MX,1875,1850,1850,"Jews settled in the mid-19th cent. The J. pop. grew after the completion of the Odessa-Yelysavetgrad railway line in the late 1860s, reaching 2,909 (total 16,028) in 1897. A pogrom was staged in spring 1881. In",,1800,MX
1249,KHR_KHR_NVVT,Kherson,Kherson,Novo-Vitebsk,1820,1820,1820,1820,1820,"N. was founded as a J. colony in the 1820s and numbered 849 Jews (of a total 980 inhabitants) in 1897. In the 1930s, N. was attached to the Stalindorf J. Autonomous Region. In 1932, the N. rural council (sov",מושבה חקלאית יהודית,1800,
1250,KHR_KHR_NVVR,Kherson,Kherson,Novo-Vorontsovka,18LX,1897,1897,1897,1897,"Jews numbered 1,685 (total 5,188) in 1897 and 703 in 1926. The Germans arrived on 18 Aug. 1941 and on 24 Sept. murdered 23 J",,1800,
1251,KHR_KHR_NVZH,Kherson,Kherson,Novo-Zhitomir,18MX,18MX,1875,1850,1850,"N. was a J. colony founded in the mid-19th cent. It numbered 423 Jews (total 551) in 1897 and 712 in 1926. In the 1930s, it was attached to the Stalindorf J. Autonomous Region. The N. rural council (soviet)",מושבה חקלאית יהודית,1800,MX
1252,CRN_NVZ_NVZY,Chernigov,Novozybkov,Novozybkov,17EX,17EX,1750,1700,1725,"J. settlement probably dates from the early 18th cent. Despite a residence ban, the J. pop. reached 446 in 1847. Some Jews were employed manufacturing matches in J. owned workshops. The J. pop. grew to 3,836 (total 15",,1700,EX
1253,EKT_ALK_NVZL,Ekaterinoslav,Aleksandrovsk,Novo-Zlatopol,1840,1840,1840,1840,1840,"Jews from the Vitebsk region founded N. as a J. colony in the late 1840s. It had a J. pop. of 669 (total 817) in 1897. In the Soviet period, in July 1929, a J. autonomous region was established in the area, inc",מושבה חקלאית יהודית,1800,
1254,MGL_STR_NVYB,Mogilev,Staro-Bykhov,Novyi Bykhov,1847,1847,1847,1847,1847,"The J. pop. was 560 in 1847 and 490 in 1897. R. Hirsh Betlin officiated as community rabbi in 1903. In 1923, under the Soviets, the J. pop. was 343 (total 2,083). A Yiddish and Hebrew library was active in the t",,1800,
1255,KIV_SKV_NVFS,Kiev,Skvira,Novofastov,1775,1775,1775,1775,1775,"Eight Jews were present in 1775. The J. pop. was 451 (total 2,355) in 1897 and 289 in 1926. A pogrom was staged on 11 July 1919. In the fall of 1941, the Nazis murdered the few dozen families who failed to escape",,1700,
1256,KHR_KHR_NVYB,Kherson,Kherson,Novyi-Bug,18LX,18LX,1900,1875,1875,"Jews settled in the late 19th cent. and numbered 1,962 (total 13,391) in 1897. A pogrom was staged on 19 May 1919. The J. pop. fell to 269 during the Soviet period. The Germans captured N. in mid-Aug. 1",,1800,LX
1257,PTR_RVA_NWMS,Piotrkow,Rawa,Nowe Miasto,,17LX,1800,1775,1775,"Jews first settled in the late 18th cent. The J. pop. in 1897 was 1,711 (52% of the total). Jews owned the water mill, a sawmill, and the town's only oil-processing factory. They ran textile home wo",,1700,LX
1258,GLC_LWW_NWMS,Galicia,Dobromil,Nowe Miasto,,18XX,1900,1800,1850,"The 17th cent. community was apparently wiped out in the Chmielnicki massacres of 1648-49, only reviving in the 19th cent. but never exceeding a few dozen families (about a third of t",,1800,XX
1259,WRS_PLN_NWMS,Warszawa,Plonsk,Nowe Miasto,,15XX,1600,1500,1550,"Jews first arrived in the 16th cent. The community grew from 513 in 1808 to 1,667 (total 3,761) in 1897. Most supported themselves through petty trade and crafts. Some dealt in grain and lumber",,1500,XX
1260,GLC_LWW_NWSL,Galicia,Zolkiew,Nowe Siolo (I),,1921,1921,1921,1921,"The J. pop. in 1921 was 125. In 1939 some may have fled to Soviet-occupied territory, with the remaining Jews meeting their deaths in the Belzec death camp in 1942.",,1900,
1261,GLC_TRN_NWSL,Galicia,Zbaraz,Nowe Siolo (Ii),,1921,1921,1921,1921,The J. pop. was 109 in 1921. The Jews were probably expelled to Zbaraz for liquidation in SeptOct.,,1900,
1262,LBL_LBL_NWNY,Lublin,Lublin,Nowiny Pokarczmiska,,1921,1921,1921,1921,The J. pop. stood at 113 (total 210) in 1921. The Jews were presumably deported by the Germans to the Treblinka death camp via Lukow in fall 1942.,,1900,
1263,LMZ_LMZ_NVGR,Lomza,Lomzha,Novogrod,14EX,14XX,1500,1400,1450,"The J. settlement dates from the 15th cent., maintaining small numbers in the 16th and 17th cents. in the face of residence and trade restrictions. In the 19th cent., the community grew rapidly, constituting half the",,1400,XX
1264,MNS_NVG_NVGR,Minsk,Novogrudok,Novogrudok,14MX,14LX,1500,1475,1475,"Jews probably settled in the second half of the 15th cent. and in 1623 were placed under the jurisdiction of the Brest-Litovsk community by the Lithuanian Council. In 1847, the J. p",,1400,LX
1265,GRD_SLN_NVLN,Grodno,Slonim,Novoelnia,1903,1903,1903,1903,1903,Jews first settled in about 1903. The J. pop. in 1921 was 135 (total 373). The Jews were presumably murdered by the Germans after being expelled to Nowogrodek in WWII.,,1900,
1266,VLN_LDA_NVYD,Vilna,Lida,Novyi Dvor,18EX,18EX,1850,1800,1825,"Jews probably settled in the early 19th cent., their pop. reaching 370 (total 655) in 1921. Most worked in crafts and petty trade. Haskala made inroads in the early 20th cent. when the influence",החלוץ,1800,EX
1267,GRD_VLK_NVYD,Grodno,Volkovysk,Novyi Dvor,15EX,18XX,1900,1800,1850,"Jews lived there in the 19th cent. and numbered 100 in 1886 (total 1,183). The J. pop. in 1921 was 146. The Jews were probably expelled to Wolkowysk by the Germans in Nov. 1942",,1800,XX
1268,WRS_WRS_NWYD,Warszawa,Warszawa,Nowy Dwór,,17XX,1800,1700,1750,"Jews settled in the 18th cent. because of residence restrictions in neighboring Warsaw. N. became famous for its Hebrew printing press, founded in 1780 by a Christian from Warsaw, Johann Anton Kreig",,1700,XX
1269,GRD_SKL_NVYD,Grodno,Sokolki,Novyi Dvor,18EX,15EX,1550,1500,1525,"Jews settled in the first half of the 16th cent. Their pop. reached 897 (total 1,452) in 1878, but declined to 490 in 1897. In late 1941, 250 were expelled by the Germans to Sucho",,1500,EX
1270,KLC_STP_NWYK,Kielce,Stopnica,Nowy Korczyn,,14XX,1500,1400,1450,"Jews are first mentioned in the 15th cent., when they were restricted to residence outside the town walls. In 1866, they completed one of the most magnificent synagogues in Poland. The J. pop. grew from 1,232 in 182",,1400,XX
1271,VLN_DSN_NVPG,Vilna,Disna,Novo-Pogost,1859,1859,1859,1859,1859,"A community of 50 Jews existed by 1859, growing to 157 (total 625) in 1921. Between the World Wars, J. tradesmen barely earned a living and an attempt to farm by some in the 1930s was unsuccessful becau",,1800,
1272,GLC_CRC_NWYS,Galicia,Nowy Sacz,Nowy Sącz,,14LX,1500,1475,1475,"Jews are recorded from the end of the 15th cent., living there in small numbers under various residence and trade restrictions until the second half of the 17th cent. Jews were then welcomed in the effort",,1400,LX
1273,LMZ_OST_NR,Lomza,Ostrov,Nur,18EX,18EX,1850,1800,1825,"The J. community, dating from the early 19th cent., numbered 239 in 1857 and 400 in 1921 (33% of the total). In Sept. 1939, N. was annexed by the USSR. It was a transit point for Jews escaping from German-occupied territo",,1800,EX
1274,MGL_SNN_OBCH,Mogilev,Sienno,Obchuga,18EX,18EX,1850,1800,1825,J. settlement probably commenced in the first half of the 19th cent. The J. pop. was 412 (total 896) in 1897 and 272 in 1923 under the Soviets. The Germans occupied O. in early July 1941. The Jews still there were pro,,1800,EX
1275,KVN_NVL_ABL,Kovno,Novoaleksandrovsk,Abeli,15LX,15XX,1600,1500,1550,"Tombstones indicate that the J. community was over 400 years old. It was split between Hasidim and Mitnaggedim, whose relations were acrimonious. There was no community organization to care for the needy",,1500,XX
1276,GLC_STN_OBRT,Galicia,Kolomyja,Obertyn,,16LX,1700,1675,1675,"The J. settlement probably dates from the late 17th cent. The J. pop. in 1900 was 2,070 (40% of the total). Between the World Wars, with the J. pop. declining to 1,131, the Zionist movement became very active. Red A",,1600,LX
1277,POD_OLG_OBDV,Podolia,Olgopol,Obodovka,1865,1865,1865,1865,1865,"Jews numbered 33 in 1865 and 1,676 (total 7,754) in 1897. Jews were attacked in a pogrom by the Zeleny gang in May 1919. In the mid-1920s, a J. elementary school (four grades) was opened and in 1924 a few dozen Jews",,1800,
1278,MGL_ORS_OBLT,Mogilev,Orsha,Oboltsy,18MX,1897,1897,1897,1897,The J. pop. was 421 in 1897 and 353 (total 382) in 1923 under the Soviets. Most Jews earned their livelihoods in agriculture. Thirty J. families worked at the Svoboda kolkhoz founded in 1928. The Germans occupied th,,1800,
1279,PRU_PSN_OBRS,Preussen,Szamotuly,Obersitzko,,1793,1793,1793,1793,"A J. community of 476 existed at the time of the annexation to Prussia in 1793 and an organized community existed with a synagogue and elementary school from 1825. The merchant class prospered in the 19th cent., opening",,1700,
1280,KIV_KIV_OBKH,Kiev,Kiev,Obukhov,18EX,18EX,1850,1800,1825,"Jews settled in the early 19th cent. In an 1881 pogrom, 186 J. families had their homes looted and destroyed. The J. pop. was 1,140 (total 8,596) in 1897. On 25 July 1919, the Zeleny gang pillaged and destroyed J. propert",,1800,EX
1281,KHR_ODS_OCHK,Kherson,Odessa,Ochakov,17LX,17XX,1800,1700,1750,"Jews settled in the 18th cent. and numbered 1,480 (total 10,786) in 1897. A stone synagogue was erected in 1853. In the Soviet period, the J. pop. dropped to 377 in 1939. The Germans arrived on 21 Aug. 1941 and in Se",,1700,XX
1282,GLC_CRC_OCHT,Galicia,Nowy Targ,Ochotnica,,1921,1921,1921,1921,"The J. pop. in 1921 was 103 (total 3,018). The Germans deported the Jews to the Belzec death camp on 30 Aug. 1942 via Nowy Targ.",,1900,
1283,GRD_SKL_ODLS,Grodno,Sokolki,Odelsk,16LX,16LX,1700,1675,1675,"Jews first settled in the late 17th cent. In the late 18th cent. Jews from western Poland began to arrive, expelled by the Prussian administration as unproductive. In 1849, 26 of the poorest families s",,1600,LX
1284,KHR_ODS_ODSS,Kherson,Odessa,Odessa,1789,1789,1789,1789,1789,"Five Jews were present when the Russians captured the Turkish fortress of Khadzhibei in 1789. Jews from Volhynia, Podolia, Lithuania, and later Galicia streamed to the port built on the site in 1794 by Catherine II. In 1",,1700,
1285,RDM_OPC_ODRZ,Radom,Opoczno,Odrzywół,,1897,1897,1897,1897,"The J. pop. was 342 in 1897 and 321 in 1939. In 1935 farmers incited by the Endecja attacked Jews and ransacked their market stands. In 1941 the Jews were ghettoized, on 20 Aug. 1942 transported to Nowe Miasto, and later",,1800,
1286,LVL_RIG_OGR,Livland,Riga,Ogre,18LX,1935,1935,1935,1935,"The J. pop. in 1935 was 50 (total 1,727). The Jews were murdered by the Germans after their occupation of Latvia in 1941.",,1900,
1287,LBL_LBR_OKRZ,Lublin,Lukow,Okrzeja,,1921,1921,1921,1921,"The J. pop was 133 in 1921 with most Jews tradesmen peddling their wares in the neighboring villages. In WWII, the Jews were probably expelled by the Germans to Lukow and from there deported to the Treblinka death camp.",,1900,
1288,WRS_WRS_OKNW,Warszawa,Warszawa,Okuniew,,17LX,1800,1775,1775,"Jews settled in the late 18th cent. and numbered 287 by 1897. By 1921, the J. pop. was 489 (total 1,891). In the 1930s many Jews emigrated, mainly to France and South America. Under German occupation (28 Sept. 1939), Jew",,1700,LX
1289,GLC_TRN_OLSK,Galicia,Zloczow,Olesko,,15EX,1550,1500,1525,"The beginnings of J. life can be traced to the early 16th cent. Despite being the seat of a hasidic court connected to the Belz dynasty, the J. pop. remained stagnant, reaching a maximum of 832 (approx. 2",,1500,EX
1290,PRU_SCH_RSNB,Preussen,Olesno,Rosenberg,,18LX,1900,1875,1875,"Jews first settled at the end of the 19th cent. In 1921, the J. pop. was 114. The Jews were expelled by the Germans to Wloszczowa on 19 Sept. 1942 and from there to the Treblinka death camp.",,1800,LX
1291,GLC_LWW_OLSZ,Galicia,Cieszanow,Oleszyce,,1576,1576,1576,1576,"Jews are recorded from the founding of the town in 1576, coming under the protection of its proprietor. Until the mid-18th cent. the Jews earned their livelihood as leaseholders under the ar",,1500,
1292,VLH_OVR_OLVS,Volhynia,Ovruch,Olevsk,1750,1750,1750,1750,1750,"Jews are first mentioned in 1750 in a jurisdictional dispute between Pinsk and Volhynia. By 1872 the Jews constituted a significant part of the local pop. and in 1897 numbered 1,187 (total 2,070). Jews became prominent",,1700,
1293,POD_OLG_OLGP,Podolia,Olgopol,Olgopol,1799,1799,1799,1799,1799,"Jews are first mentioned in 1799 and numbered 2,473 (total 8,134) in 1897. A mixed J.-Ukrainian school with 600 students was active in the 1930s. A kolkhoz with 100 members (mostly Jews) was operating in the first hal",,1700,
1294,VLH_LTS_OLZR,Volhynia,Lutsk,Olizarka,1849,1849,1849,1849,1849,"Founded as a J. farm settlement in 1849, O. numbered 321 Jews in 1921 working 375 acres of land but mainly employed in the building trade. A Ukrainian-staged pogrom preceded the German occupation of Jul",מושבה חקלאית יהודית,1800,
1295,VLN_TRK_OLKN,Vilna,Troki,Olkeniki,15MX,15LX,1600,1575,1575,Jews are thought to have settled in the second half of the 16th cent. The community's importance is indicated by the convening of the Lithuanian Council there in 1695. By the late 18th cent. O. was known,תנועה ציונית פעילה,1500,LX
1296,KLC_OLK_OLKS,Kielce,Olkusz,Olkusz,,13XX,1400,1300,1350,"Despite a residence ban officially in force until 1862, Jews were leasing mines in the area in the 14th cent. and were active economically as distillers and innkeepers as well as in the mineral-refining indu",,1300,XX
1297,GLC_CRC_OLPN,Galicia,Jaslo,Olpiny,,1921,1921,1921,1921,"The J. pop. in 1921 was 185 (total 2,674). On their arrival in Sept. 1939 the Germans instituted a reign of terror with a Judenrat supplying forced labor. In July 1942 around 40 J. men were sent to the Plaszow concentrati",,1900,
1298,KIV_ZVN_OLSH,Kiev,Zvenigorodka,Olshana,1765,1765,1765,1765,1765,"Jews numbered 26 in 1765 and 1,233 in 1897. They engaged in petty trade, lumber wholesaling, leasing, and crafts. During the civil war (1918-21), J. homes and property were looted and destroyed in riots. In 1924, under th",,1700,
1299,PRU_OST_ALLN_2,Preussen,Olsztyn,Allenstein,,1764,1764,1764,1764,"Jews are first mentioned in 1764 and numbered 141 (total 631) in 1859. A Zionist group was active after WWI. Anti-J. riots broke out in 1935 and 1937. On the eve of WWII, the J. pop. was 135. The Germans expelled all the",,1700,
1300,VLH_DBN_OLYK,Volhynia,Dubno,Olyka,15MX,15MX,1575,1550,1550,Jews were present from the mid-16th cent. During the sack of the town by Chmielnicki in 1648 they found refuge in the local fortress. The community became independent in the late 17th cent. and was one of,תנועה ציונית פעילה,1500,MX
1301,KVN_NVL_GNSH,Kovno,Novoaleksandrovsk,Ganushishki,17MX,17MX,1775,1750,1750,"The J. pop. in 1897 was 217 (38% of the total). In the 1922 elections to the Lithuanian Sejm almost all J. votes in O. went to the Zionists. On 23 June 1941, after the German invasion of Lithuani",,1700,MX
1302,VLN_TRK_GNSH,Vilna,Troki,Ganishushki,18EX,1897,1897,1897,1897,"J. settlement began in the mid-18th cent. By the beginning of the 19th cent. Jews comprised the majority of O.'s pop. Prior to WwI, 80-90 J. families lived in O. WWI caused many Jews to flee t",תנועה ציונית פעילה,1800,
1303,VLH_VLD_OPLN,Volhynia,Vladimir-Volynskii,Opalin,16EX,16XX,1700,1600,1650,"Jews were present from the 17th cent. with extensive privileges and numbered 769 (total 1,612) in 1897. The Germans captured the town in late June 1941. On 2 Oct. 1942, 582 Jews were led to the J. cemeter",,1600,XX
1304,RDM_OPT_OPTW,Radom,Opatow,Opatów,,15XX,1600,1500,1550,"Jews settled in the 16th cent., living in their own quarter and engaging in extensive trade, mainly with Danzig (Gdansk) but also as far afield as Breslau in the west. The J. settlement grew with an influx of",,1500,XX
1305,KLC_PNC_OPTW,Kielce,Dabrowa,Opatowiec,,1827,1827,1827,1827,"A J. community of a few dozen existed by 1827, mostly engaged in farming. Its pop. was 166 (total 762) in 1921 and 120 on the eve of the German occupation in Sept. 1939. With the arrival of refugees, the pop. doubled o",,1800,
1306,PSK_OPC_OPCH,Pskov,Opochka,Opochka,18MX,18MX,1875,1850,1850,"Jews probably settled in the mid-19th cent. Fifty-three J. families were present in 1879. In the late 19th cent., the Jews received permission to build a prayer house, which was apparently erected in the early 20th cent",,1800,MX
1307,RDM_OPC_OPCZ,Radom,Opoczno,Opoczno,,1588,1588,1588,1588,"A legend claims that the J. Esterke, mistress of King Casimir the Great, lived here (14th cent.) In 1588 Sigismund II authorized the municipality to expel all Jews from the city but in 1646 Jews were permitted to purchas",,1500,
1308,LBL_PLW_OPL,Lublin,Pulawy,Opole,,15LX,1600,1575,1575,"J. settlement commenced in the late 16th cent. In the Chmielnicki massacres of 1648-49, most J. homes were burned and many Jews murdered. The community recovered with the help of new trade and property rights g",,1500,LX
1309,KIV_LPV_ORTV,Kiev,Lipovets,Oratov,1765,1765,1765,1765,1765,"Jews numbered nine in 1765 and 529 (total 2,439) in 1897. Most engaged in petty trade and crafts. Under the Soviets, the J. pop. fell to 114 in 1939. The Germans arrived on 27 July 1941 and on 15 Oct. 1941, they murder",,1700,
1310,TRD_BRD_ORKH,Taurida,Berdiansk,Oriekhov,18EX,1881,1881,1881,1881,"J. property was seriously damaged in a May 1881 pogrom. In 1897, the J. pop. was 971 (total 5,996), dropping in the Soviet period to 358 in 1939. The Germans captured O. on 4 Oct. 1941 and in mid-Oct. murdered 122 pe",,1800,
1311,BSS_ORG_ORGV,Bessarabia,Orgieev,Orgieev,15EX,15XX,1600,1500,1550,Records of Jews living here in the 16th cent. exist in rabbinical literature. Jews came in the wake of the Russian army in 1812 and enjoyed special privileges granted to settlers. The Great Synago,,1500,XX
1312,POD_KMN_ORYN,Podolia,Kamenets-Podolsk,Orynin,1582,1582,1582,1582,1582,"Jews were first present in 1582 and in 1765 they numbered 386. In 1897, their pop. was 2,142 (total 5,727). In the Soviet period, the town had a J. council (soviet), kolkhoz, tailors union, and a school with a",,1500,
1313,ORL_ORL_ORL,Orel,Orel,Orel,1876,18MX,1875,1850,1850,"Jews probably settled in the mid-19th cent. and were allowed to open a prayer house in 1876. They were also provided with a government-appointed rabbi. In 1897, the J. pop. was 1,765 (total 20,800). Some of the Jews traded",,1800,MX
1314,GRD_BLS_ORL,Grodno,Bielsk,Orlia,1657,16EX,1650,1600,1625,"Jews are first mentioned in the early 17th cent., working the land and engaging in the grain trade. In the mid-cent. Swedish war, many lost their homes and property but recovery was rapid. By 1766, all",,1600,EX
1315,VLN_LDA_ORL,Vilna,Lida,Orlia,1657,1657,1657,1657,1657,"Jews are first mentioned in 1657. Their pop. grew to 354 (total 804) in 1897, dropping through emigration to 195 in 1921. The community operated a synagogue, beit midrash, and mikve and",,1600,
1316,GLC_LWW_ORW,Galicia,Drohobycz,Orów,,1921,1921,1921,1921,The J. pop. in 1921 was 101. The Jews were murdered locally by the Ukrainians or deported to the Belzec death camp via Boryslaw in Aug. 1942.,,1900,
1317,MGL_ORS_ORSH,Mogilev,Orsha,Orsha,15EX,15XX,1600,1500,1550,"Jews are first mentioned in the 16th cent. Their pop. was 368 in 1765 and 7,383 (total 13,061) in 1897. Most of the town's artisans were Jews (383 of a total 464). In a pogrom staged against the Jews in Oct. 1905, 30",,1500,XX
1318,PRU_OST_ORTL,Preussen,Szczytno,Ortelsburg,,1768,1768,1768,1768,"Germany, today Poland. The first Jews were allowed to settle in O. in 1768. The J. pop. grew to 110 in 1848 and to 199 in 1871. A cemetery was established in 1815 and a synagogue was consecrated in 1864. It wa",,1700,
1319,KLS_VLN_OSJK,Kalisz,Wielun,Osjaków,,17LX,1800,1775,1775,"A community was established here in the second half of the 18th cent. and by 1897 numbered 759. In Oct. 1939, 600 Jews were concentrated in a ghetto, and in Aug. 1942 were sent to Wielun and then deported to the",,1700,LX
1320,SDL_GRV_OSCK,Siedlce,Garwolin,Osieck,,18EX,1850,1800,1825,"A small community existed in the early 19th cent., reaching a pop. of 324 (total 1,568) in 1921. Anti-J. riots and agitation occasionally erupted. The Zionists were active in the 1920s and 1930s. In wwil the Jews were pro",,1800,EX
1321,GLC_CRC_OSK,Galicia,Jaslo,Osiek,,18LX,1900,1875,1875,"An organized J. community of around 50 families (a quarter of the total) existed through the second half of the 19th cent., with 10-20 families subsequently emigrating to larger towns or fleeing in WWI. The Germans ex",,1800,LX
1322,WRS_NSH_OSCN,Warszawa,Nieszawa,Osięciny,,1700,1700,1700,1700,"J. settlement began in the late 1700s. The J. pop. in 1921 was 436 (total 820). Agudat Israel maintained leadership of the community. Under the German occupation (10 Sept. 1939), a Judenrat was appointed, mainly to sup",,1700,
1323,TRD_BRD_BRDN,Taurida,Berdiansk,Berdiansk,18EX,18EX,1860,1800,1860,"J. settlement commenced shortly after the founding of this important Azov Sea port city. In 1864, the J. pop. was 703. The region's first talmud torah was opened in 1860 and the",יהודים היו בין מקימי העיירה,1800,EX
1324,MNS_BBR_OSPV,Minsk,Bobruisk,Osipovich,1880,1880,1880,1880,1880,Jews settled in the 1880s after the local railway station on the Romny line was completed. At first Jews were employed carting building materials for the new railroad; later they entered the lumber trade. An orga,,1800,
1325,GLC_STN_OSLW,Galicia,Nadworna,Osław Biały,,1921,1921,1921,1921,The J. pop. in 1921 was 187. The Jews were apparently expelled to Nadworna for liquidation in summer 1942.,,1900,
1326,VLH_RVN_OSV,Volhynia,Rovno,Osova,1836,1836,1836,1836,1836,"O. was founded as a J. farm settlement in 1836 when 137 Jews purchased around 7,000 acres of land from a local estate. The community grew to 577 in 1898 but in the course of the years fewer and fewe",מושבה חקלאית יהודית,1800,
1327,CRN_OST_OSTR,Chernigov,Oster,Oster,18EX,16XX,1700,1600,1650,"J. lessees appeared in the 17th cent. and a J. community is known from the 19th cent. In 1897, the J. pop. was 1,596 (total 5,370). General Denikin's White Army staged a pogrom against the Jews in Aug. 1919. By 1939, t",,1600,XX
1328,PRU_OST_OSTR,Preussen,Ostroda,Osterode,,17EX,1750,1700,1725,"Germany, today Poland. Jews settled in O. at the beginning of the 18th cent. and by 1735 had a cemetery and a synagogue. The J. pop. in 1880 was 222 and in 1893 a larger synagogue was inaugurated. In the early 20",,1700,EX
1329,VLH_OST_OSTR,Volhynia,Ostrog,Ostrog,13LX,13LX,1400,1375,1375,"Jews began to settle in the late 14th cent., becoming prominent in the cloth and cattle trade with Walachia and by 1563, when the J. pop. reached 1,000, paying the highest head tax of any J","הבונד, ציונים",1300,LX
1330,LMZ_OSTL_OSTR,Lomza,Ostrolenka,Ostrolenka,17LX,17LX,1800,1775,1775,"Towards the end of the 18th cent. Jews established a community and from 1826 to 1862 were restricted to a special quarter. By 1897 the J. pop. numbered 3,600. Apart from their traditional occupations, the Jews deve",,1700,LX
1331,VLH_NVG_OSTR,Volhynia,Novograd-Volynskii,Ostropol,17EX,1765,1765,1765,1765,"The community was destroyed in the Chmielnicki massacres of 1648-49. In 1765, the J. pop. was 58; in 1897 it stood at 2,714 (36% of the total). The late 18th cent. Yiddish jester Hershele Ostropoler was born",,1700,
1332,MNS_MNS_OSTR,Minsk,Minsk,Ostroshitskii Gorodok,18EX,18EX,1850,1800,1825,"Jews probably settled in the first half of the 19th cent. In 1897, their pop. was 760 (total 1,115), remaining stable through the beginning of the Soviet period. Many Jews worked in agriculture (323, or 4",,1800,EX
1333,PSK_OST_OSTR,Pskov,Ostrov,Ostrov,18MX,18MX,1875,1850,1850,"Jews probably settled in the mid-19th cent. They were permitted to erect a prayer house in 1869 and in 1897 reached a pop. of 749 (total 1,869). In the Soviet period, the J. pop. declined, to 442 in 1926 and 174 (total",,1800,MX
1334,MGL_SNN_OSTR,Mogilev,Sienno,Ostrovno,16LX,16LX,1700,1675,1675,"Jews settled in the late 17th cent., numbering 167 in 1765 and 514 (total 848) in 1897. In 1923, under the Soviets, their pop. dropped to 410. In 1930, 35 J. families were employed at a nearby kolkhoz. A J. element",,1600,LX
1335,SDL_VLD_OSTR,Siedlce,Wlodawa,Ostrów,,16LX,1700,1675,1675,"Jews settled in the late 17th cent. and were instrumental in the town's industrialization towards the end of the 19th cent., establishing a flour mill and hide-processing plant. Most, however, eked out a living as tradesm",,1600,LX
1336,RDM_OPT_OSTR,Radom,Opatow,Ostrowiec,,15LX,1600,1575,1575,"Jews were present in small numbers in the late 16th cent. In the 1640s, they built one of the most beautiful synagogues in Poland as well as consecrating a cemetery. Most fled during the Chmielnicki ma",,1500,LX
1337,LMZ_OST_OSTR,Lomza,Ostrov,Ostrov,17EX,17XX,1800,1700,1750,"Jews in small numbers settled in the 18th cent. despite a residence ban. The community grew to 2,412 in 1857 and 6,595 (total 7,914) in 1897. Most Jews were tradesmen but a few were active in light industry",,1700,XX
1338,PRU_PSN_OSTR,Preussen,Ostrow,Ostrowo,,1724,1724,1724,1724,Twelve Jews were granted residence and trade rights in 1724 and the community was permitted to consecrate a synagogue and cemetery. In the 19th cent. many ran large workshops in the clothing and fur industry,,1700,
1339,VLH_DBN_OSTR,Volhynia,Dubno,Ostrozhets,15EX,15XX,1600,1500,1550,"Jews were present with various privileges from the 16th cent. and numbered 636 (total 1,464) in 1897. The town was captured by the Germans on 26 July 1941. In Aug., 40 J. men were murdered and in Sept.",,1500,XX
1340,VLN_LDA_OSTR,Vilna,Lida,Ostrino,15LX,15LX,1600,1575,1575,"Jews were probably present in the late 16th cent. The community dwindled with the wars of the 17th-18th cents. but by 1897 reached a pop. of 1,440 (total 2,410). J. tradesmen based their livelihoods on",,1500,LX
1341,VTB_DRS_OSV,Vitebsk,Drissa,Osveia,17EX,1765,1765,1765,1765,"The J. pop. was 316 in 1765 and 1,660 (60% of the total) in 1897. In 1926, under the Soviets, it was 700. A J. council was established in 1924 and a J. elementary school was active. In the 1920s, 45% of the Jews were",,1700,
1342,GLC_CRC_OSWC,Galicia,Biala,Oświęcim,,1564,1564,1564,1564,Jews arrived before the town's annexation to the Polish kingdom in 1564 and were soon saddled with residence restrictions. The community suffered grievously in the Swedish invasion of 16,,1500,
1343,VLN_OSH_OSHM,Vilna,Oshmiany,Oshmiany,1765,1765,1765,1765,1765,"Jews are first mentioned in 1765, mostly engaging in the lumber trade and leasing concessions. In the early 19th cent. they were joined by artisans and village peddlers as their pop. grew to 1,460 in 1847","המזרחי, אגודת ישראל",1700,
1344,GLC_STN_OTTY,Galicia,Tlumacz,Ottynia,,1635,1635,1635,1635,"Jews are first mentioned in 1635, but the community only began to grow significantly toward the end of the 19th cent., reaching a pop. of 2,081 in 1900 (total 4,940). The hasidic Vishnitz dynasty had",,1600,
1345,WRS_NWM_OTWC,Warszawa,Minsk Mazowiecki,Otwock,,19EX,1909,1900,1905,"The J. community grew with the development of the city as a health resort in the early 20th cent., numbering 3,356 in 1909 and 5,408 (total 8,560) in 1921. Jews ran hotels and kosher restaurants for the large J. clientele",,1900,EX
1346,KHR_ODS_OVDP,Kherson,Odessa,Ovidiopol,17LX,1897,1897,1897,1897,"The J. pop. was 394 (total 5,187) in 1897 and 78 in 1926. Jews were attacked in a pogrom in 1905. The Germans captured O. in WWII and on 16 Oct. 1941, it was annexed to Transnistria. A total of 150 Jews from the area",,1800,
1347,VLH_OVR_OVRC,Volhynia,Ovruch,Ovruch,1629,1629,1629,1629,1629,"Three J. families were present in 1629. In 1750, O. Jews are mentioned in a dispute over taxes between Pinsk (Council of Lithuania) and Volhynia (Council of the Four Lands). In 1897, the J. pop. was 3,445 (total 7,393)",,1600,
1348,MNS_BBR_OZRC,Minsk,Bobruisk,Ozarichi,1811,1811,1811,1811,1811,"Jews numbered 93 in 1811 and 1,308 (total 1,356) in 1897. In the Soviet period, a J. school was active, attended by 85 children in 1928. A J. council (soviet) was established in 1925. In the late 1920s, many Jews w",,1800,
1349,POD_MGL_OZRN,Podolia,Mogilev,Ozarintsy,1784,1784,1784,1784,1784,"The J. pop. was 148 in 1784 and 994 (total 3,954) in 1897. After the Oct. 1917 Revolution, the J. pop. fell to 600. A J. elementary school (four grades) was founded in the mid-1920s and attended by about 40 children",,1700,
1350,RDM_OPT_OZRW,Radom,Opatow,Ożarów,,17XX,1800,1700,1750,"The first Jews arrived in the 18th cent. and soon dominated trade and crafts. In the late 19th cent., they also ran a glass factory, sawmill, and flour mill. A synagogue and cemetery were consecrated around 1860. R. Yehud",,1700,XX
1351,VLH_VLD_OZDT,Volhynia,Vladimir-Volynskii,Ozdiutichi,16MX,1648,1648,1648,1648,"A small community existed after the Chmielnicki massacres of 1648-49. By the late 19th cent all of the town's 701 residents were Jews. In 1921, their pop. was 739 (total 1,015). In Jan. 1942, the Ger",,1600,
1352,MNS_IGM_UZLN,Minsk,Igumen,Uzliany,17LX,17LX,1800,1775,1775,"Jews probably settled in the late 18th cent., numbering 51 in 1794 and 658 (total 690) in 1897. The community possessed one of the most beautiful wooden synagogues in the dist. In 1923, under the Soviets, the J. pop.",,1700,LX
1353,KLS_LNC_OZRK,Kalisz,Leczyca,Ozorków,,18EX,1850,1800,1825,"A leading textile manufacturer, Avraham Livrach, opened his factory here in the 1830s and Jews became prominent in the cotton industry as owners and workers. The J. pop. in 1897 was 5,837 (50% of the total). Export of text",,1800,EX
1354,PTR_LSK_PBNC,Piotrkow,Lask,Pabianice,,18EX,1850,1800,1825,"Jews settled in the early 19th cent. and played a leading role in the production and sale of cotton goods. In the early 20th cent., they owned nine of the largest factories in the city. The community was stricken by a ch",,1800,EX
1355,KLC_STP_PCNW,Kielce,Stopnica,Pacanów,,15MX,1575,1550,1550,"Jews settled in the mid-16th cent. The community was decimated in the Swedish war of the mid-17th cent. and did not recover until the early 19th cent. It grew to a pop. of 1,689 (total 2,598) in 1921. Since the German oc",,1500,MX
1356,KVN_VLK_PGRY,Kovno,Vilkomir,Pogiry,18EX,18EX,1850,1800,1825,The J. community was formed in the beginning of the 19th cent. and maintained a synagogue. Towards the end of the 19th cent. many emigrated to larger Lithuanian towns and overseas. The J. pop. in 1940 w,,1800,EX
1357,EST_VSN_VSNS,Estland,Veisenshtein,Veisenshtein,,1934,1934,1934,1934,"The J. pop. in 1934 was 18 (total 3,000). Those who failed to escape to the Soviet Union were murdered in the Holocaust by the Germans and their Estonian collaborators.",,1900,
1358,PTR_NVR_PJCZ,Piotrkow,Noworadomsk,Pajęczno,,17XX,1800,1700,1750,Jews lived there from the 18th cent. and numbered 594 in 1897 (28% of the total). The community's economic situation declined during the 1930s as a result of antisemitic agitations and a quarter of the J. pop. left the t,,1700,XX
1359,KVN_RSS_PRZH,Kovno,Rossieny,Poiurzhe,18LX,19EX,1915,1900,1910,"Prior to WWI, about 50 J. families lived in P. under Russian rule. The children studied at a Hebrew school. On the eve of WWII, many emigrated to South Africa. In 1940 there were about 30 families in P.",,1900,EX
1360,KVN_PNV_PKR,Kovno,Poneviezh,Pokroi,15EX,15EX,1550,1500,1525,"Jews first settled in the beginning of the 16th cent. The oldest of the town's four synagogues was known for its beauty. Relations between Jews and non-Jews were correct, while those with the town's",,1500,EX
1361,CRL_GRB_PLNG,Courland,Grobin,Polangen,14EX,14XX,1500,1400,1450,"Jews first settled in the 15th cent. Until WwI, the community was well off economically. The main occupations were the harvesting and processing of amber and tourist services. J. children studied in",,1400,XX
1362,KVN_NVL_PNDL,Kovno,Novoaleksandrovsk,Ponediel,1860,16LX,1700,1675,1675,"Jews first settled at the end of the 17th cent. The J. pop. numbered 1,131 (95% of the total) in 1897. Most earned their living as tradesmen and artisans. After WWI, Jews returning from exile in Russ",,1600,LX
1363,KVN_NVL_PNMN,Kovno,Novoaleksandrovsk,Panemunelis,18EX,18XX,1900,1800,1850,"Jews first settled in the 19th cent. following the construction of a railroad station there. They used the railway to sell grain and fruit throughout Lithuania. In 1914, the J. pop. numbered abo",,1800,XX
1364,KVN_PNV_PNVZ,Kovno,Poneviezh,Poneviezh,17EX,13LX,1400,1375,1375,"From the end of the 14th cent. until the period between the World Wars, a Karaite community originating in the Crimean peninsula was present. From a peak of 153 families, the community de",קהילה קראית הייתה קיימת החל מסוף המאה ה 14,1300,LX
1365,VLN_TRK_PNNS,Vilna,Troki,Pananishki,1849,1849,1849,1849,1849,"Jews first settled and formed an organized agricultural settlement in 1849. Local residents called P. the Jew village. The J. pop. in 1898 was 158, dropping to 50 by 1",מושבה חקלאית יהודית,1800,
1366,KVN_SHV_PPLN,Kovno,Shavli,Popeliany,17MX,17MX,1775,1750,1750,Jews first settled in the mid-18th cent. In the 19th cent. the community prospered and in 1897 the J. pop. stood at 965 (51% of the total). The Zionist movement enjoyed widespread support. Some Jews e,,1700,MX
1367,RDM_OPC_PRDY,Radom,Opoczno,Paradyż,,1921,1921,1921,1921,"The J. pop. was 177 in 1921 (37% of the total), 151 in 1939, and 400 by 21 Oct. 1942 including refugees. The Jews were expelled to Opoczno and then to the Treblinka death camp.",,1900,
1368,VLN_VLK_PRFN,Vilna,Vileika,Parafianovo,1866,1866,1866,1866,1866,"In 1866, 24 J. farming families lived in P. and seven neighboring villages. All were expelled under the 1882 May Laws and allowed to return only in 1903. In 1931 their pop. was 230. The Jews were mainly","איסור ישיבה 1882-1903, הוקמה מחדש לאחר שהוסר",1800,
1369,SDL_VLD_PRCZ,Siedlce,Wlodawa,Parczew,,1494,1494,1494,1494,"Jews are first mentioned in 1494. They suffered in the Swedish invasion of the mid-17th cent. and were massacred in 1656 by the irregular Polish troops of Stefan Czarniecki. The reestablished community grew from 1,079 in",,1400,
1370,SDL_GRV_PRYS,Siedlce,Garwolin,Parysów,,16LX,1700,1675,1675,"A few Jews were present around the turn of the 18th cent. In the mid-19th cent., R. Yehoshua Asher Rabinowicz of Zelechow founded an opulent hasidic court in P. which attracted many followers and stimulated the local eco",,1600,LX
1371,PRU_PMM_PSWL,Preussen,Pommern,Pasewalk,,13EX,1350,1300,1325,"Evidence of a J. presence in P. dates from the first half of the 14th cent. and from 1466. In modern times, Jews are first mentioned in 1782. The J. pop. numbered 286 in 1855, dropping to 160 by the end of the cent. The c",,1300,EX
1372,GLC_STN_PSCZ,Galicia,Stanislawow,Pasieczna,,1921,1921,1921,1921,The J. pop. in 1921 was 135. The Jews were possibly executed locally in Oct. 1941 with 15 remaining families expelled to Nadworna on 4 May 1942.,,1900,
1373,KVN_PNV_PSVL,Kovno,Poneviezh,Posvol,17MX,17MX,1775,1750,1750,"A Karaite community existing in 1643 gradually disappeared over the years. Rabbanite Jews first settled in the mid-18th cent. At the end of the 19th cent., many emigrated to South Africa and the U",קהילה קראית הייתה קיימת ב 1643,1700,MX
1374,KVN_SHV_PSHV,Kovno,Shavli,Poshvityn,17LX,17LX,1800,1775,1775,"Jews first settled at the end of the 18th cent., establishing a synagogue in the 1860s. The J. pop. in 1897 was 435 (57% of the total). In 1900, a blood libel led to riots and attacks on Jews. Th",,1700,LX
1375,EKT_PVL_PVLG,Ekaterinoslav,Pavlograd,Pavlograd,17LX,17LX,1800,1775,1775,"Jews probably settled in the late 18th cent. and numbered 160 in 1803 and 4,382 (total 15,775) in 1897. In the early 20th cent., a few private J. schools and a talmud torah were operating. A. J. school was sti",,1700,LX
1376,KIV_SKV_PVLC,Kiev,Skvira,Pavoloch,1629,1629,1629,1629,1629,"J. taxpayers are mentioned in 1629. In the 18th cent. Haidamak revolt, about 35 Jews were murdered and property losses were enormous. In 1897, the J. pop. was 3,391 (total 8,053). The J. pop. declined in the Sovie",,1600,
1377,POD_BRT_PCHR,Podolia,Bratslav,Pechara,1765,1765,1765,1765,1765,"Jews numbered 135 in 1765 and 896 (total 2,455) in 1897. On 20 July 1919, the Petlyura gangs attacked the Jews. Only 62 remained in 1926 and even fewer when the Germans occupied the town in July 1941. On 1 Dec., after",,1700,
1378,GLC_STN_PCZN,Galicia,Kolomyja,Peczeniżyn,,17XX,1800,1700,1750,"Jews were present in the 18th cent. After the discovery of oil in 1878, the J. pop. doubled to 2,024 between 1860 and 1890 (over a third of the total) with about 500 Jews employed in the oil indust",,1700,XX
1379,TRD_PRK_PRKP,Taurida,Perekop,Perekop,1803,1803,1803,1803,1803,"Three Jews were present in 1803, their pop. growing to 154 in 1847 and 680 (total 5,279) in 1897. A synagogue was operating in the early 20th cent, with local Jews attached to the Kakhovka community. Only a few",,1800,
1380,LVL_PRN_PRNV,Livland,Pernov,Pernov,1859,1859,1859,1859,1859,"The permanent J. settlement was founded in 1859 by four Cantonists, joined in subsequent years by numerous J. artisans to bring the J. pop. up to 505 (total 13,000) in 1881. A Russian high school known for its positive attitude to Jews",,1800,
1381,KHR_BLT_BGPL,Kherson,Balta,Bogopol,1799,1799,1799,1799,1799,"P. was created in 1920 from the towns of Bogopol, Golta, and Olviopol. In 1799, 253 Jews were present in two of the towns. A pogrom was staged in Golta and Olviopol on 17-18 April 1881. In another pogrom, initi",,1700,
1382,POD_OLG_PSCH,Podolia,Olgopol,Peschanka,18EX,18EX,1850,1800,1825,"J. settlement commenced in thearly 19th cent. and reached a pop. of 3,682 (total 7,506) in 1897. A talmud torah was operating in the 1880s and later on a private J. school for boys. In the la",,1800,EX
1383,POD_BLT_PSCH,Podolia,Balta,Peschana,18EX,18EX,1850,1800,1825,"PESCHANNAYA Moldavia, today Republic of Moldova. Jews settled in the early 19th cent. The J. pop. was 870 (total 4,439) in 1897. During the Soviet period, the J. pop. stood at 915 in 1926 and 466 in 1939. German and Rumanian forces captured P. on 23",,1800,EX
1384,MNS_MZY_PTRK,Minsk,Mozyr,Petrikov,1765,1765,1765,1765,1765,"The J. pop., which included 282 tax payers in 1765, numbered 2,515 (total 5,538) in 1897. In a pogrom staged by the Balakhovich brigade in 1920, 45 Jews were murdered, many women raped, and J. homes looted. A Hehal",,1700,
1385,MGL_KLM_PTRV,Mogilev,Klimovichi,Petrovichi,16LX,16EX,1650,1600,1625,"Jews probably settled at the turn of the 17th cent. In 1765, the J. pop. included 88 poll tax payers. The J. pop. increased to 570 in 1847 and 1,065 (total 1,435) in 1897. In 1926, under the Soviets, the J. pop. was",,1600,EX
1386,WRS_WRS_PSCZ,Warszawa,Warszawa,Piaseczno,,1689,1689,1689,1689,"Jews were permitted to settle in P. in 1689. Expulsion orders (1837, 1839, and 1847) were not implemented and in 1897 the community numbered 1,106 (total 2,760). Unusual among the J. occupations was stone quarryin",,1600,
1387,GRD_VLK_PSK,Grodno,Volkovysk,Peski,15EX,15XX,1600,1500,1550,"Jews may have been present in the 16th cent. By 1847 they numbered 622, mainly engaged in the lumber, grain, and cattle trade. The community had two architecturally distinctive synagogues, one of wood da",,1500,XX
1388,LBL_LBL_PSK,Lublin,Lublin,Piaski,,1699,1699,1699,1699,"Jews are first mentioned in 1699. Their pop. grew from 571 in 1827 to 1,836 in 1857 and 2,674 (total 3,974) in 1921. Between the World Wars, the Jews suffered economically from Polish competition and increasing",,1600,
1389,KLS_LNC_PTK,Kalisz,Leczyca,Piątek,,17MX,1775,1750,1750,"Jews settled here from the mid-18th cent. The J. pop. was 1,090 in 1897 (47% of the total) and 1,275 in 1939. The Germans arrived on 9 Sept. and established a ghetto. It was destroyed in April 1942 and the inhabitants were",,1700,MX
1390,KIV_TRS_PTGR,Kiev,Tarashcha,Piatigory,1765,1765,1765,1765,1765,"Jews numbered 138 in 1765. In 1768, the Haidamaks beat and robbed Jews and murdered several. The J. pop. was 1,385 (total 4,383) in 1897 and 532 under the Soviets in 1926. Most Jews were Hasidim. In 1919, General Deniki",,1700,
1391,VLH_ZHT_PTK,Volhynia,Zhitomir,Piatka,17MX,17MX,1775,1750,1750,"The J. pop. was 78 in the mid-18th cent. and 833 (total 2,703) in 1897. It dropped to several hundred on the eve of Wwil. Many Jews were furniture makers, exporting to the larger cities of Russia. A. J. elementar",,1700,MX
1392,KLS_LNC_PTK_2,Kalisz,Leczyca,Piątek,,1921,1921,1921,1921,The J. pop. was 108 in 1921. The Jews were probably executed locally or expelled to their deaths in summerfall 1942.,,1900,
1393,LMZ_LMZ_PNTN,Lomza,Lomzha,Piontnitsa,15EX,15XX,1600,1500,1550,"J. settlement began in the 16th cent., increasing in the second half of the 16th cent. when Lomza's Jews moved there following expulsion. From 1863, many Jews provided services and goods, particularly meat, to the Ru",,1500,XX
1394,VTB_DRS_PRDR,Vitebsk,Drissa,Pridruisk,17MX,17MX,1775,1750,1750,"Jews were probably present in the mid-18th cent. and numbered 706 (total 1,017) in 1906, living mainly from trade and owning all the stores in P. Anti-J. peasant attacks struck the community in 1881 an",,1700,MX
1395,PLT_PRS_PRSL,Poltava,Pereiaslav,Pereiaslavl,16EX,16EX,1650,1600,1625,"J. settlement commenced in the early 17th cent. Most Jews were murdered in the Chmielnicki massacres of 1648-49. They numbered 66 in 1801 and 5,754 in 1897. The last rabbi of the community was Yehoshua Zalman Diskin.",נחרבה עי חמילנצקי ואז שוקמה,1600,EX
1396,KLC_STP_PRZC,Kielce,Stopnica,Pierzchnica,,1921,1921,1921,1921,"The J. pop. was 180 in 1921 (total 1,070). The Jews were presumably expelled by the Germans to a nearby ghetto in fall 1942 and subsequently deported to the Treblinka death camp.",,1900,
1397,KVN_TLS_PKL,Kovno,Telshi,Pikeli,17LX,17LX,1800,1775,1775,"Jews first settled at the end of the 18th cent. and maintained two synagogues and a yeshiva. The J. pop. in 1897 was 1,206 (68% of the total). Many emigrated prior to WWI. The Zionists were active. I",,1700,LX
1398,POD_VNN_NVYP,Podolia,Vinnitsa,Novyi Pikov,1713,1713,1713,1713,1713,"Jews are first mentioned in 1713 in connection with a Cossack raid. In 1765 they numbered 585 and in 1897, 1,479. In 1926, under the Soviets, the J. pop. was 1,644 (total 3,449). Jews belonged to artisan cooperatives an",,1700,
1399,POD_LTN_PLYV,Podolia,Litin,Pilyava,,1900,1900,1900,1900,"Few J. families were present before WWI. The J. pop. was 179 in 1921 (total 1,208). Most earned their living by supplying vegetables to Russian army units garrisoned in the area. Between the World Wars, the area's resorts",,1900,
1400,KLC_OLK_PLC,Kielce,Olkusz,Pilica,,16EX,1650,1600,1625,"A small J. settlement existed in the early 17th cent., but in 1662 Christians took over the J. synagogue and turned it into a church. In 1781, the Jews were granted a privilege allowing them free trade and in",,1600,EX
1401,SWL_MRM_PLVS,Suwalki,Mariampol,Pilvishki,17MX,17LX,1800,1775,1775,"Jews first settled in the second half of the 18th cent. The community maintained a heder, yeshiva, and two synagogues. Zionist youth groups were active. The J. pop. in 1897 was 1,242 (53% of t",תנועה ציונית פעילה,1700,LX
1402,POD_LTN_PLV,Podolia,Litin,Piliava,1780,1780,1780,1780,1780,"Fifty Jews resided in P. in the 1780s and 752 (total 3,701) in 1897. In 1923, under the Soviets, the J. pop. was 619. The Germans occupied P. in mid-July 1941 and on 19 Aug., they murdered 211 Jews. Another 1",,1700,
1403,GLC_CRC_PLZN,Galicia,Pilzno,Pilzno,,1860,1860,1860,1860,"Few Jews settled in P. until the residence ban was lifted in 1860 under the Austrians. The J. pop. grew to 551 in 1880 (total 2,128). The local hasidic rebbe was a member of the Ropshits dynasty. In 1905-06 the community",,1800,
1404,KLC_PNC_PNCZ,Kielce,Pinczow,Pińczów,,15EX,1550,1500,1525,"Jews are first mentioned in the early 16th cent. and formed one of the most important communities in Lesser Poland, with representation on the Council of the Four Lands. The first of its three synagogues was built in the",,1500,EX
1405,MNS_PNS_PNSK,Minsk,Pinsk,Pinsk,1506,1506,1506,1506,1506,"In 1506, as part of Prince Feodor Yaroslavski's efforts to develop the city, about a dozen J. families from among those expelled from Lithuania were granted a charter based on Prince Vitold's 1388 Brest-Lit",,1500,
1406,KLC_STP_PTRK,Kielce,Stopnica,Piotrkowice,,1921,1921,1921,1921,The J. pop. in 1921 was 248 (total 782). The Jews were apparently expelled to a nearby ghetto by the Germans in fall 1942 and subsequently deported to the Treblinka death camp.,,1900,
1407,WRS_NSH_PTRK,Warszawa,Nieszawa,Piotrkowo,,1760,1760,1760,1760,"Founded in the 1760s, the community numbered 742 (82% of the total) in 1921. The Germans established a ghetto early in WWII. In 1942 the Jews were expelled to Chelmno.",,1700,
1408,PTR_PTR_PTRK,Piotrkow,Piotrkow,Piotrków,,15EX,1550,1500,1525,Jews first settled in the early 16th cent. but in 1657 the 50 families living there were massacred by soldiers and the synagogue was destroyed. Permission to organize as a J. community was granted by King John,,1500,EX
1409,PLT_PRT_PRTN,Poltava,Piriatin,Piriatin,16EX,16EX,1650,1600,1625,"Jews were present in the first half of the 17th cent. and were murdered in the Chmielnicki massacres of 1648-49. They returned only in the late 18th cent. In 1897, their pop. was 3,166 (total 8,022). A J. elementary s",נחרבה עי חמילנצקי ואז שוקמה במאה ה 18,1600,EX
1410,GLC_STN_PSTY,Galicia,Kosow,Pistyń,,17XX,1800,1700,1750,"Jews arrived with the founding of the town in the 18th cent. and constituted its urban element, reaching a pop. of nearly 900 (a quarter of the total) toward the end of the 19th cent. Declining economi",,1700,XX
1411,SDL_BLA_PSZC,Siedlce,Biala,Piszczac,,17LX,1800,1775,1775,"Jews are first mentioned in the late 18th cent., numbering 495 in 1857 and 394 (total 1,088) in 1921 after many were expelled by the Russians in WWI because of the area's proximity to the front. The Zionists and Agudat",,1700,LX
1412,GLC_CRC_PWNC,Galicia,Nowy Sacz,Piwniczna,,17MX,1775,1750,1750,Jews lived there from the mid-18th cent. The community averaged around 250 residents (approximately 7% of the total) from the second half of the 19th cent. An additional source of income for the Jews between the World,,1700,MX
1413,KVN_TLS_PLTL,Kovno,Telshi,Ploteli,17LX,17LX,1800,1775,1775,"Jews first settled at the end of the 18th cent. In the late 19th cent., many emigrated to the U.S. and South Africa. The J. pop. in 1897 was 171 (28% of the total), dropping to 120 (14%) in 1940. Bet",,1700,LX
1414,LVL_RIG_PLVN,Livland,Riga,Pliavinas,18LX,1935,1935,1935,1935,"The J. pop. in 1935 was 35 (total 1,496). In the Holocaust the community shared the fate of the Jews in neighboring Gostini.",,1900,
1415,PTR_NVR_PLWN,Piotrkow,Noworadomsk,Pławno,,17XX,1800,1700,1750,A small J. community existed here in the 18th cent. The J. pop. in 1897 was 752 (53% of the total). The community was reduced to about 400 in 1939. R. Yitzhak Mordekhai Hacohen Rabinowitz set up a yeshiva prior to WWI and w,,1700,XX
1416,MNS_BRS_PLSH,Minsk,Borisov,Pleshchenitsy,17LX,17LX,1800,1775,1775,"Jews probably settled in the late 18th cent., numbering 124 in 1765 and 884 (total 1,086) in 1897. In the 1930s, a few dozen J. families worked in a number of kolkhozes. A. J. school (founded in 1925) was still",,1700,LX
1417,PRU_PSN_PLSC,Preussen,Pleszew,Pleschen,,1793,1793,1793,1793,"Though Jews settled in the environs of P. from the 16th cent. they were kept out of the city itself until the beginning of Prussian rule in 1793. During the interval of the Grand Duchy of Warsaw (1807-15), about 100 Jews",,1700,
1418,KIV_LPV_PLSK,Kiev,Lipovets,Pliskov,17LX,1765,1765,1765,1765,"Jews settled in the late 18th cent. Six were present in 1765 and their pop. was 1,828 (total 3,890) in 1897. In May and Aug. 1918, Jews were attacked in pogroms. In the 1920s, a J. council (soviet) was active and from",,1700,
1419,VLN_DSN_PLS,Vilna,Disna,Plisa,18EX,18XX,1900,1800,1850,Jews were presumably present by the 19th cent. Most Jews left during WWI when fighting raged in and around the town. On their return they were assisted by the YEKO-PO relief organization. The J. pop. in 1925,תרבות,1800,XX
1420,PLC_PLT_PLCK,Plock,Plock,Płock,,1237,1237,1237,1237,"Jews are first mentioned in 1237 and formed one of the earliest J. communities in Poland, drawn by the town's position as an international trade center linking Kiev, Novogrod, and the Baltic ports via the Vistula",,1200,
1421,WRS_PLN_PLNS,Warszawa,Plonsk,Płońsk,,1446,1446,1446,1446,"Jews are first mentioned in 1446. They engaged in moneylending, traded at the fairs in Poznan, Gniezno, and Sochaczew, and maintained commercial ties with Plock (Plotsk). The community was virtually destroyed by the Polis",,1400,
1422,MNS_PNS_PLTN,Minsk,Pinsk,Plotnitsa,18LX,19EX,1930,1900,1915,"Jews settled in the early 20th cent. and before WWII numbered 130-150 families (of a total 700 families), mostly Stolin Hasidim. In the Holocaust, presumably all were expelled to the Stolin ghetto for li",,1900,EX
1423,KVN_TLS_PLNG,Kovno,Telshi,Plungiany,15EX,15XX,1600,1500,1550,"Jews first settled in the 16th cent. establishing the first synagogue in 1719. In the 1880s many emigrated, mainly to South Africa, some to the U.S.. A conflagration in 1894 destroyed community propert",,1500,XX
1424,KVN_NVL_PLSY,Kovno,Novoaleksandrovsk,Pliusy,18EX,18XX,1900,1800,1850,"Jew were present in the 19th cent. as fishermen, brokers, shopkeepers, artisans, and lumber merchants, many leaving for nearby Ignalin after a railway station was built there in 1862. After the",,1800,XX
1425,PRU_PSN_PNN,Preussen,Szamotuly,Pinne,,13XX,1400,1300,1350,A J. settlement with a cemetery existed from the 14th cent. but only began to develop in the 16th cent. under a charter of privileges granted by the town's proprietors. A fire in 1767 left many Jews destitute. Most were p,,1300,XX
1426,GLC_STN_PNW,Galicia,Nadworna,Pniow,,1921,1921,1921,1921,The J. pop. was 286 in 1921. The Jews were possibly executed locally in Oct. 1941 with the remnant expelled to Nadworna in summer 1942.,,1900,
1427,GLC_STN_PBRZ,Galicia,Stanislawow,Pobereze,,1921,1921,1921,1921,The J. pop. was 144 in 1921. The Jews were possibly expelled to the Rodolf Mill camp in Stanislawow for liquidation in Sept-Oct. 1942.,,1900,
1428,MNS_BBR_PBLV,Minsk,Bobruisk,Pobolovo,1826,1826,1826,1826,1826,"In 1826 there were 82 J. poll tax payers in P. In 1929, under the Soviets, the J. pop. comprised 78 families. Fifty-seven J. families worked in a kolkhoz founded the same year. The Germans occupied P. in July 1941. I",,1800,
1429,SML_ELN_PCHN,Smolensk,Elnia,Pochinok,17LX,16LX,1700,1675,1675,"Jews probably settled at the turn of the 18th cent. Their pop. was 528 (total 1,356) in 1926 and 283 in 1939. The Germans occupied the town on 17 July 1941 and after confining the Jews to a few houses murdered them on",,1600,LX
1430,VLH_KRM_NVYP,Volhynia,Kremenets,Novyi Pochaev,1763,1763,1763,1763,1763,"Jews only settled after 1763 as P. was considered a holy site sanctified by the Russian Orthodox Church. In 1897, the J. pop. numbered 1,377 (total 1,921), living mainly from the pilgrim trade (renting","איסור מגורים עד לאותה שנה, מרכז הכנסייה הרוסית בווהולין וגליציה",1700,
1431,GLC_LWW_PDBZ,Galicia,Drohobycz,Podbuż,,18XX,1900,1800,1850,The 19th cent. community did not exceed 200 (10-15% of the total) from the 1880s on. Almost all were affiliated with the Zionist movement between the World Wars. All were expelled by the Germans to the Boryslaw ghetto in Au,,1800,XX
1432,PTR_LDZ_PDDM,Piotrkow,Leczyca,Poddembice,,1770,1770,1770,1770,"Jews first settled here in the 1770s and in 1821 -were permitted to buy land and engage in weaving. The J. pop. in 1897 was 1,266 (46.5% of the total). Between the World Wars, Jews developed the transportation system be",,1700,
1433,MGL_GML_PDDB,Mogilev,Gomel,Poddobrianka,1847,1847,1847,1847,1847,"The J. pop. was 481 in 1847 and 1,486 (total 1,535) in 1897. Jews owned all 19 stores in the town as well as a small hide-processing plant and two sawmills. In 1926, under the Soviets, the town's 1,127 Jews compr",,1800,
1434,GLC_TRN_PDHJ,Galicia,Podhajce,Podhajce,,14EX,1450,1400,1425,Jews were present in the early 15th cent. and constituted an important community with many illustrious rabbis until the First Partition of Poland in 1772. Shabbateanism exerted a significant influence a,,1400,EX
1435,GLC_LWW_PDHR,Galicia,Bobrka,Podhorodyszcze,,1921,1921,1921,1921,The J. pop. in 1921 was 186. The Jews were expelled to Bobrka for liquidation in the second half of 1942.,,1900,
1436,GLC_TRN_PDKM,Galicia,Brody,Podkamień,,16XX,1700,1600,1650,Jews settled in P. in the 17th cent. and remained under the aegis of the Lwow community until becoming independent in the second half of the 18th cent. Economic life was boosted by yearly trade fai,,1600,XX
1437,GLC_STN_PDKM,Galicia,Brody,Podkamień,,1921,1921,1921,1921,The J. pop. in 1921 was 104. The Jews were expelled to Rohatyn for liquidation in July,,1900,
1438,GLC_TRN_PDWL,Galicia,Skalat,Podwołoczyska,,18MX,1875,1850,1850,"Jews were among the founders of the town in the 1860s and constituted as much as 70% of the pop., numbering 3,779 in 1900 and 2,275 in 1921. Most were exiled to Skalat by the Russians during WWI,",,1800,MX
1439,CRN_STR_PGR,Chernigov,Starodub,Pogar,17LX,17LX,1800,1775,1775,"Jews probably settled in the late 18th cent., numbering 261 in 1847 and 1,159 (total 4,965) in 1897. In the Soviet period, their pop. dropped to 628 in 1926 and 276 in 1939. The Germans arrived in mid-Aug. 1941, murdering a",,1700,LX
1440,MNS_IGM_PGST,Minsk,Igumen,Pogost,17MX,1794,1794,1794,1794,"Jews numbered 215 in 1794 and 704 in 1897. In the Soviet period, a J. kolkhoz was started nearby, employing 20 families in 1930. The Germans captured P. in July 1941 and murdered 200 Jews outside the town in ear",,1700,
1441,KIV_BRD_PGRB,Kiev,Berdichev,Pogrebishche,16EX,16EX,1650,1600,1625,"Jews are first mentioned in the early 17th cent. All were killed in the Chmielnicki massacres of 1648-49. The J. pop. was 664 in 1765 and 2,494 in 1897 (total 6,284). On 18-21 Aug. 1919, the Zeleny gang murdered",,1600,EX
1442,MNS_PNS_PGST,Minsk,Pinsk,Pogost-Zagorodskii,18EX,18EX,1850,1800,1825,"The J. settlement dates from the early 19th cent. and numbered 593 (total 846) in 1897, mostly farming and attached to Stolin Hasidism. A devastating fire struck the community in 1929. The Germa",,1800,EX
1443,MNS_PNS_PGST_2,Minsk,Pinsk,Pogost-Zariechnoi,18LX,1921,1921,1921,1921,The J. pop. in 1921 was 264 (total 721). The Jews were probably murdered by the Germans in early Sept. 1942.,,1900,
1444,KIV_UMN_PKTL,Kiev,Uman,Pokotilova,17LX,17LX,1800,1775,1775,"Jews probably settled at the turn of the 18th cent., numbering 1,670 (total 3,030) in 1897 and 1,426 in 1926. A fire left hundreds homeless in 1901. In the Soviet period, 260 children in 1927 and 160 in 1934 atte",,1700,LX
1445,RDM_SND_PLNC,Radom,Sandomierz,Połaniec,,16XX,1700,1600,1650,"According to tradition, a J. settlement existed in the 14th cent. In the 17th cent. the Jews were living under a royal privilege allowing trade and residence. In the 18th and 19th cents. they enjoyed relative prosperity",,1600,XX
1446,EKT_ALK_PLG,Ekaterinoslav,Aleksandrovsk,Pologi,18LX,19EX,1950,1900,1925,"Jews probably settled in the early 20th cent. In the Soviet period, their pop. dropped from 706 in 1926 to 416 (total 12,944) in 1939. The Germans captured the town on 5 Oct. 1941. Most of th",,1900,EX
1447,MNS_NVG_PLNK,Minsk,Novogrudok,Polonka,15MX,15LX,1600,1575,1575,"Jews probably arrived in the second half of the 16th cent. They numbered 549 in 1897 (total 645) and 206 in 1921. Between the World Wars, J. carpenters won a reputation for their fine furniture. Jews a",,1500,LX
1448,VLH_NVG_PLNN,Volhynia,Novograd-Volynskii,Polonnoe,1601,1601,1601,1601,1601,"Jews are first mentioned in 1601. By the mid-17th cent., a large community was in existence. In 1648, during Chmielnicki's siege of the city, 12,000 Jews found refuge within its walls. Jews were also among",,1600,
1449,VTB_PLT_PLTS,Vitebsk,Polotsk,Polotsk,1551,1551,1551,1551,1551,"Jews are first mentioned in 1551, when the town was part of the Kingdom of Poland. In 1563, during the Livonian war, the Russian czar, Ivan the Terrible, ordered 300 Jews who refused to convert to be drowned in the",,1500,
1450,PLT_PLT_PLTV,Poltava,Poltava,Poltava,16EX,16EX,1650,1600,1625,Jews were probably present in the first half of the 17th cent. when the town was under the proprietorship of Prince Vishnieviecki. The community ended in the Chmielnicki massacres of 1648-49 and was only reestablished,נחרבה עי חמילנצקי ואז שוקמה במאה ה 18,1600,EX
1451,WRS_PLN_PMCH,Warszawa,Plonsk,Pomiechowek,,18XX,1900,1800,1850,"Jews settled there in the 19th cent. and numbered 202 (30% of the total) in 1921. After J. residents fled or were deported by the Nazis (Oct. 1939), the town's Third Fort served as a concentration",,1800,XX
1452,GLC_TRN_PMRZ,Galicia,Zloczow,Pomorzany,,1605,1605,1605,1605,"Jews are first mentioned in 1605, receiving extensive privileges and from the Austrian period constituting the town's sole urban element. The J. pop. stood at 1,910 (total 4,476) in 1880",,1600,
1453,VLH_NVG_PNNK,Volhynia,Novograd-Volynskii,Paninka,1870,1870,1870,1870,1870,"The J. community grew with the opening of a paper factory in 1870. In 1897, the J. pop. was 206 (total 1,025). In the Soviet period, a J. elementary school (four grades) operated. In 1939, the J. pop. was 675",,1800,
1454,KIV_SKV_PPLN,Kiev,Skvira,Popelnia,18LX,19EX,1939,1900,1920,"J. residence was banned until the early 20th cent. In 1939, the J. pop. was 129 with another few dozen Jews in the kolkhozes in the area. The Germans arrived on 14 July 1941, murdering 297 people during the occupatio",,1900,EX
1455,POD_MGL_PPVT,Podolia,Mogilev,Popovtsy,1784,1784,1784,1784,1784,"The J. pop. included 57 poll tax payers in 1784 and numbered 511 (total 3,454) in 1897. In 1926, under the Soviets, the J. pop. fell to 348. The Germans captured P. on 20 July 1941. After it was annexed to Transnistr",,1700,
1456,WRS_PLT_PPWK,Warszawa,Pultusk,Popowo Koscielne,,15XX,1600,1500,1550,The first synagogue of this very old community was probably built before the 17th cent. Between the World Wars the J. pop numbered 109 (total 324). All the Jews were expelled by the Germans to the Makow Mazowiec,,1500,XX
1457,WRS_RDM_PRMB,Warszawa,Ostrow,Poremba-Kotsemby,,1921,1921,1921,1921,These twin communities (numbering 251 in 1921) suffered from antisemitic violence during the 1930s. Under Nazi rule they presumably shared the fate of the other communities in the region.,,1900,
1458,GLC_STN_PRHY,Galicia,Bohorodczany,Porohy,,1921,1921,1921,1921,The J. pop. in 1921 was 150. The Jews were expelled to Stanislowow for liquidation in Sept. 1942.,,1900,
1459,RDM_OPT_PRMB,Radom,Kielce,Porombka,,18MX,1875,1850,1850,"Jews settled in the mid-19th cent. and maintained a pop. of 30 families (about 120 people) from the late 19th cent. until WWI. In 1940, J. males were sent by the Germans to labor camps in Upper Silesia. The remaining Je",,1800,MX
1460,VLN_DSN_PRZR,Vilna,Disna,Prozoroki,1882,1882,1882,1882,1882,"Jews probably settled in 1882 after being expelled from nearby villages by the May Laws. In 1921 they numbered 134 (total 255), opening stores and returning to work as artisans and farmers with the restor",,1800,
1461,GRD_VLK_PRZV,Grodno,Volkovysk,Porozovo,15LX,15LX,1600,1575,1575,"Jews are believed to have arrived in the late 16th cent. In the 19th cent. most were engaged in agriculture, entering petty trade and opening shops at the turn of the cent. when their pop. reached 931 (",,1500,LX
1462,GRD_GRD_PRCH,Grodno,Grodno,Poreche,,18XX,1900,1800,1850,"Jews settled in the 19th cent. after a railroad station on the PetersburgWarsaw line was built in the town. In 1921 their number was 181 (total 1,098) and in 1939, 400. Between the World Wars th",,1800,XX
1463,VLN_DSN_PSTV,Vilna,Disna,Postavy,18EX,18EX,1850,1800,1825,"A few dozen Jews were living in the village in the early 19th cent. Their number reached 1,310 (total 2,397) in 1897. After fleeing in WWI, about 850 returned in 1925 to ruined homes. They recovered with th","תרבות, הבונד",1800,EX
1464,GLC_TRN_PTK,Galicia,Buczacz,Potok,,1635,1635,1635,1635,"Jews are first mentioned in 1635 and organized themselves into an independent commmunity in the 18th cent., with many notable rabbis and a peak pop. of 1,247 (40% of the total) in 1880. Emigration as",,1600,
1465,GLC_LWW_PTYL,Galicia,Rawa,Potylicz,,14LX,1500,1475,1475,Jews are known from the late 15th cent. and were subsequently granted trade privileges. The J. pop. in 1900 was 335 (10% of the total). The community was expelled by the Germans to the Rawa Ruska ghetto in,,1400,LX
1466,PRU_PSN_PSN,Preussen,Poznan,Posen,,10EX,1050,1000,1025,"J. refugees may have arrived from Germany after such upheavals as the Rhineland massacres of the First Crusade, the peasant riots of 1248, and the Black Death persecutions of 1348-49. A J. settlement was in e",,1000,EX
1467,KLS_VLN_PRSZ,Kalisz,Wielun,Praszka,,16EX,1650,1600,1625,"J. merchants trading with towns in Silesia first settled in the early 17th cent. The J. pop. was 1,878 in 1897 (60% of the total) and about 1,000 in 1939. The Zionists set up a training farm in 1922. Agudat Israel and the",,1600,EX
1468,VTB_DVN_PRL,Vitebsk,Dvinsk,Preli,18EX,18EX,1850,1800,1825,"Jews were present from the beginnings of the town in the early 19th cent. and came to constitute one of the largest J. communities in Latgale in the second half of the cent., numbering 1,375 (total 2,104) in",תנועה ציונית פעילה,1800,EX
1469,PRU_WST_FRDL,Preussen,Czluchow,Friedland,,18EX,1850,1800,1825,"Germany, today Poland. At the beginning of the 19th cent., 14 J. families were living in the town. By 1831, the J. pop. had grown to 141 and in 1880 to 287. In the early 20th cent., there were a",,1800,EX
1470,PRU_OST_PRSS,Preussen,Paslek,Preußisch Holland,,16LX,1700,1675,1675,"Germany, today Poland. Jews settled in P. towards the end of the 17th cent. The community grew to 175 in 1880, but soon afterwards began to decline. A synagogue was built in the early 1860s. The cemetery",,1600,LX
1471,CRL_GRB_PRKL,Courland,Grobin,Prekuln,14EX,19EX,1941,1917,1925,A few dozen Jews lived there after WWI; 23 were executed by the Germans around | Nov. 1941.,,1930,EX
1472,SWL_MRM_PRNY,Suwalki,Mariampol,Preny,14EX,14XX,1500,1400,1450,"Jews first settled in the 15th cent. In antisemitic riots on 15 Aug. 1882, many Jews were injured, as was the local priest, who tried to defend them. The community maintained four synagogues. In 1883,",תנועה ציונית פעילה,1400,XX
1473,PLT_PRL_PRLK,Poltava,Priluki,Priluki,15EX,16LX,1700,1675,1675,"Jews were present in the 16th cent. but the community ended in the Chmielnicki massacres of 1648-49. It was renewed at the end of the cent. but its pop. only grew significantly from the early 19th cent., reaching a f",נחרבה עי חמילנצקי ואז שוקמה,1600,LX
1474,GLC_TRN_PRBZ,Galicia,Husiatyn,Probużna,,17LX,1800,1775,1775,"Jews were present from the late 18th cent., with an organized community from the 1830s or 1840s. The J. pop. climbed from 978 in 1880 to 1,226 in 1921 (40% of the total). Between the World Wars the econ",,1700,LX
1475,EKT_MRP_GRFS,Ekaterinoslav,Mariupol,Grafskaia,1848,1848,1848,1848,1848,"Jews from the Vitebsk and Mogilev regions founded P. as a J. colony in 1848. In 1858 its pop. was 450, mostly Jews. Neighboring villagers staged a pogrom on 6 May 1881 in which J. proper",מושבה חקלאית יהודית,1800,
1476,MGL_STR_PRPS,Mogilev,Staro-Bykhov,Propoisk,15EX,15XX,1600,1500,1550,"Jew settled in the 16th cent., numbering 148 in 1766 and 2,304 (total 4,351) in 1897. A synagogue and four battei midrash were erected in the early 19th cent. In 1926, under the Soviets, the J. pop. was",,1500,XX
1477,POD_PRS_PRSK,Podolia,Proskurov,Proskurov,1629,1629,1629,1629,1629,"Jews are first mentioned in 1629, when the town was called Ploskirov. They were pillaged by Chmielnicki's Cossacks in the mid-17th cent. In 1765 there were 750 Jews in P., with many",,1600,
1478,PRU_OST_PRST,Preussen,Elk,Prostken,,1905,1905,1905,1905,"Germany, today Poland. In 1905, the J. pop. of P. was 82. The community maintained a cemetery and held religious services in a private house. Since P. was an important border crossing point in the early 20th cent",,1900,
1479,SDL_WGR_PRST,Siedlce,Wegrow,Prostyń,,18LX,1900,1875,1875,"Jews probably arrived in the late 19th cent. In 1921 they numbered 136 (total 669). After the German occupation in Sept. 1939, they were sent to Backi for forced labor. In Sept. 1942, they were deported to the Treblinka",,1800,LX
1480,KLC_MKH_PRSZ,Kielce,Miechow,Proszowice,,18EX,1850,1800,1825,"Jews may have been present by the 16th cent. but are first mentioned only in the early 19th cent. Their pop. grew to 639 in 1897 and 1,307 (total 3,297) in 1921. Most Jews owned small stores or were peddlers. The more",,1800,EX
1481,GLC_LWW_PRCH,Galicia,Jaroslaw,Pruchnik,,1563,1563,1563,1563,"Jews are first recorded in 1563 but only formed an organized community in the 1860s, attaining a pop. of 800 (total 1,796) in 1900. Many emigrated after WWI, to Vienna, Berlin, and the U.S., in the face of economic hardsh",,1500,
1482,WRS_WRS_PRSZ,Warszawa,Warszawa,Pruszków,,18LX,1900,1875,1875,"J. settlement began in the second half of the 19th cent., with an organized community formed in 1904. The basis of the community was laid when land was donated for a synagogue and cemetery by two of its wealthier member",,1800,LX
1483,GRD_PRZ_PRZH,Grodno,Pruzhany,Pruzhany,14MX,14MX,1475,1450,1450,Jews began to settle around the mid-15th cent. In 1623 the community was under the aegis of Brzesc and from 1644 enjoyed extensive residence and trade privileges. The community grew significantly in the,,1400,MX
1484,GLC_CRC_PRZC,Galicia,Pilzno,Przecław,,17EX,1750,1700,1725,"Jews first arrived in the early 18th cent. but only formed an organized community in the late 19th. The J. pop. reached 299 (total 1,026) in 1880, dropping to 158 in 1921 through emigration. The Zionists were active bet",,1700,EX
1485,GLC_LWW_PRZM,Galicia,Przemysl,Przemyśl,,1340,1340,1340,1340,"J. traders may have been active in P. from the tenth cent. and a permanent J. settlement probably existed under Ruthenian tule before the annexation to Poland in 1340 by King Casimir the Great. In 1559, under King Sigismu",,1300,
1486,GLC_TRN_PRZM,Galicia,Przemyslany,Przemyślany,,15LX,1600,1575,1575,Jews are first mentioned in the late 16th cent.:A local hasidic dynasty founded in the 18th cent. was prominent for many years. Zionist activity was marked from the early 20th cent. The J. pop,,1500,LX
1487,SWL_SVL_PRZH,Suwalki,Suvalki,Przherosl,17EX,17XX,1800,1700,1750,Jews first settled in P. in the 18th cent. They numbered 690 (36% of the total) in 1857 and 185 (25%) in 1921. Almost all the Jews were expelled when the Germans took the city in Oct. 1939 and died in the Holocaust.,,1700,XX
1488,WRS_PLN_PRZY,Warszawa,Plonsk,Przyborowice Gorne,,1915,1915,1915,1915,The J. pop. was 130 in 1915 (total 323). In summer 1941 those with German papers were transferred to the Plonsk ghetto and the others to the Pomiechowek concentration camp.,,1900,
1489,PTR_PTR_PRZY,Piotrkow,Piotrkow,Przyglow,,1921,1921,1921,1921,"The J. pop. of this summer resort was 50 (58% of the total) in 1921. The Germans arrived on 6 Sept. 1939. In June 1940, the Jews numbered 450, mainly refugees, and in April 1942, 2,251. The Judenrat was unable to prevent",,1900,
1490,PTR_CHN_PRZY,Piotrkow,Czestochowa,Przyrów,,17LX,1800,1775,1775,"Jews are first mentioned in the late 18th cent. and numbered 954 (total 2,206) in 1857. At the turn of the cent., they formed an organized community with a synagogue and cemetery. The depredations of WWI caused many to l",,1700,LX
1491,RDM_OPC_PRZY,Radom,Opoczno,Przysucha,,1827,1827,1827,1827,"The increase in the J. pop. from 1,658 in 1827 to 2,168 (75% of the total) in 1897 was due to P.'s position as a center of Hasidism led by R. Yaacov Yitzhak, known as the Holy Jew (d. 1814 or 1815), and",,1800,
1492,PSK_PSK_PSKV,Pskov,Pskov,Pskov,18EX,18MX,1875,1850,1850,"Jews probably settled in the mid-19th cent. A prayer house was opened in 1867 and a synagogue was erected in 1880. Most Jews were demobilized soldiers and artisans. In 1897, the J. pop. was 1,444 (total 30,000), remaini",,1800,MX
1493,MNS_IGM_PKHV,Minsk,Igumen,Pukhovichi Stan III,15LX,15LX,1600,1575,1575,"PUKHOVICHI Minsk dist:; Belorussia: Jews are first mentioned in the late 16th cent. Theit pop: grew from 154)in 1811-to'1,761. (total; ,910):im-1897.dn 1926, under the Soviets, -it; dropped to' 929: In June 1921, one of the gangs. operating in the ar",,1500,LX
1494,LBL_PLW_NWAL,Lublin,Pulawy,Nowa Aleksandria,,1795,1795,1795,1795,"Jews arrived shortly after the Third Partition of Poland in 1795. In the late 19th cent., they owned two flour mills, two sawmills, a distillery, and a beer brewery. Their pop. reached 3,883 in 1897 and 6,111 (total 10,03",,1700,
1495,WRS_PLT_PLTS,Warszawa,Pultusk,Pułtusk,,17LX,1800,1775,1775,"A community developed from the late 18th cent., when the city came under Prussian rule and Jews were allowed to become residents. One of the area's most important communities, it numbered 5,308 (5% of the pop.) in 1897.",,1700,LX
1496,KVN_PNV_PMPN,Kovno,Poneviezh,Pompiany,16EX,16XX,1700,1600,1650,"Jews first settled in the 17th cent. In the first half of the 18th cent. there was a Karaite community in the town. In the 19th cent., a local Jew took responsibility for a blood libel in order to save",,1600,XX
1497,SWL_SVL_PNSK,Suwalki,Suvalki,Punsk,18LX,1921,1921,1921,1921,Jews numbered 228 (51% of the pop.) in 1921. Those who escaped to Lithuania in 1939 perished there after the German invasion in 1941.,,1900,
1498,PRU_PMM_PYRT,Preussen,Pommern,Pyritz,,1481,1481,1481,1481,"Jews are first mentioned in P. in 1481. In the modern period a J. settlement of seven families existed in 1705. A cemetery was opened c. 1735, the first synagogue in 1794, and a second, larger o",,1400,
1499,GLC_LWW_PYSZ,Galicia,Nisko,Pysznica,,1921,1921,1921,1921,"The J. pop. in 1921 was 191 (total 2,380). The Jews were probably expelled to Soviet-held territory in 1939 and murdered there by the Germans after 1941.",,1900,
1500,KLS_SLP_PYZD,Kalisz,Slupca,Pyzdry,,1387,1387,1387,1387,"Jews were living in P. in 1387. The J. pop. was 890 in 1857 (29% of the total) and 500 in 1939. The Germans took the town in Sept. 1939 and set up a Judenrat. On 17-18 July 1940 the Jews were expelled to Rzgow,",,1300,
1501,GLC_CRC_RBK,Galicia,Myslenice,Rabka,,18LX,1900,1875,1875,"Jews arrived in the second half of the 19th cent. and numbered 172 (total 1,747) in 1921, trading primarily in yarn and knitwear and working at the town's health and resort facilities. The General Zionists with their Akiva",,1800,LX
1502,VLH_KRM_RKHM,Volhynia,Kremenets,Rokhmanovo,18LX,1921,1921,1921,1921,"In 1921, 62 Jews remained of a pre-wwI total of 465. In the Holocaust, the community was expelled to the Szumsk ghetto for liquidation.",,1900,
1503,PLC_SRP_RCZ,Plock,Sierpc,Raciąż,,1740,1740,1740,1740,A J. settlement existed by the 1740s and an organized community from the 1820s. Jews were innkeepers and leaseholders and later expanded into trade and crafts as well as light industry. The community grew from 216 in 18,,1700,
1504,SWL_AVG_RCHK,Suwalki,Avgustov,Rachki,16LX,16LX,1700,1675,1675,"The J. settlement began in the late 17th cent., numbering 1,758 (total 2,093) in 1857. Jews operated candle and porcelain factories, a brickyard, and two hide-processing plants. Half left by the end of WwI. Those remai",,1600,LX
1505,GLC_CRC_RDGS,Galicia,Dabrowa,Radgoszcz,,1875,1875,1875,1875,"Jews numbered 363 in 1875 and 188 in 1921 (total 3,322). They were probably expelled to the Zabno or Dabrowa Tarnowska ghetto in July 1942 and from there deported to the Belzec death camp.",,1800,
1506,GLC_CRC_RDLW,Galicia,Brzeg,Radłów,,1921,1921,1921,1921,"Jews numbered 174 in 1921 (total about 2,000). The German occupation of Sept. 1939 brought a regime of forced labor, extortion, and restricted movement, though J. farmers were able to work their land until Sept. 1941. The",,1900,
1507,RDM_RDM_RDM,Radom,Radom,Radom,,1568,1568,1568,1568,Jews are first mentioned in 1568 but were excluded from residence by a de non tolerandis Judaeis privilege granted to the town in 1633 by King Wladyslaw IV. Subsequently Jews frequented the town for trade purposes. During,,1500,
1508,PTR_NVR_NWRD,Piotrkow,Noworadomsk,Nowo-Radomsk,,1822,1822,1822,1822,"A J. community existed here from 1822. Jews owned and worked in the city's furniture factories. The court of the Radomsk hasidic rabbi, R. Shelomo ha-Kohen Rabinowich, was visited' by numerous",,1800,
1509,KIV_RDM_RDMY,Kiev,Radomysl,Radomysl,1764,1764,1764,1764,1764,"Jews are first mentioned in 1764 and by 1792 numbered 1,424. In 1897, their pop. was 7,502 (total 10,906). Of the town's 198 self-employed artisans, 161 were Jews. In the early 20th cent., the community had a talmud",,1700,
1510,GLC_CRC_RDMY,Galicia,Mielec,Radomyśl,,17XX,1800,1700,1750,"Jews were at first restricted to the outskirts of the town and worked the land, but later came to constitute the town's urban element, forming an independent community in the 18th cent. Straitened economic circum",,1700,XX
1511,VLN_VLK_RDSH,Vilna,Vileika,Radoshkovichi,17LX,17LX,1800,1775,1775,"Jews probably arrived in the late 18th cent, the merchants among them exporting grain and lumber to Germany and Hungary. A fire in 1891 destroyed many J. homes along with the synagogue. Many never rec",תרבות,1700,LX
1512,RDM_KNS_RDSZ,Radom,Konskie,Radoszyce,,1897,1897,1897,1897,"The J. pop. in 1897 was 1,728 (49% of the total). R. was the center of an outstanding Hasidic dynasty founded by R. Yissakhar Dov Baer in the 1820s. The economic situation of the J. community deteriorated between the Wor",,1800,
1513,VLN_LDA_RDN,Vilna,Lida,Radun,18EX,1897,1897,1897,1897,"Little is known about the J. community until the 19th cent. The J. pop. in 1897 was 896 (total 1,621). Its pride was the yeshiva founded by Hafetz Hayyim (R. Yisrael; Meir ha-Kohen; 1838 1933), who.",,1800,
1514,KVN_SHV_RDZV,Kovno,Shavli,Radzivilishki,18LX,18EX,1850,1800,1825,"Jews first settled-in the: beginning) of the 19th:cent., The' J..pop. in 1897 was 676 (17% ofthe total). During WWI,'the Jews were:expelled to Russia; most returned-after the war. The",,1800,EX
1515,GLC_LWW_RDYM,Galicia,Jaroslaw,Radymno,,1772,1772,1772,1772,"The few Jews allowed to settle in the town were expelled in 1711, with settlement renewed only when the Austrians lifted residence restrictions in 1772. The J. pop. reached 898 (half the total) in 1880 and gre",,1700,
1516,PLC_MLV_RDZN,Plock,Mlawa,Radzanów,,17EX,1750,1700,1725,"Jews appeared in the early 18th cent., engaging mostly in petty trade. Many emigrated in the late 19th cent., reducing the J. pop. from 532 in 1897 to 303 (total 1,336) in 1921. The Zionist groups were active between th",,1700,EX
1517,GLC_TRN_RDZC,Galicia,Kamionka,Radziechów,,17XX,1800,1700,1750,"Jews were present when the town was founded in the 18th cent. The J. pop. stood at around 1,800 from the 1880s (a little less than half the total). Jews operated a sawmill and distillery and a dozen e",,1700,XX
1518,LMZ_SHC_RDZL,Lomza,Shchuchin,Radzilovo,16EX,16XX,1700,1600,1650,A small J. settlement existed in the 17th cent. with most Jews engaging in crafts and a few trading in grain. A wooden synagogue built at the time remained standing until WWII. The J. pop. grew from 225 in 1827 to 63,,1600,XX
1519,VLH_KRM_RDZV,Volhynia,Kremenets,Radzivilov,1578,1578,1578,1578,1578,Jews are first mentioned in 1578. Development was promoted by the border trade with Austrian Galicia after the partition of Poland in the late 18th cent. In 1882 a great fire destroyed 150 houses and,תנועה ציונית פעילה,1500,
1520,WRS_RDM_RDZY,Warszawa,Radzymin,Radzymin,,1475,1475,1475,1475,"Jews probably settled with the founding of the town in 1475, engaging in trade and crafts as well as moneylending and leaseholding. The J. pop. rose from 432 in 1827 to 2,133 (total 3,991) in 1897. In the second half of",,1400,
1521,SDL_RDN_RDZY,Siedlce,Radzyn,Radzyń,,15XX,1600,1500,1550,"Jews are first mentioned in the 16th cent. The community grew steadily, reaching a pop. of 875 in 1827 and 2,853 (total 5,332) in 1897. In the 19th cent., Jews played a leading role in the town's economic development, ope",,1500,XX
1522,VLH_LTS_RFLV,Volhynia,Lutsk,Rafalovka,16EX,16EX,1650,1600,1625,"An organized J. community existed in Old R. in the first half of the 17th cent. The J. pop. grew to 1,054 (half the total) in 1897 as Jews, mainly from Wlodzimierz, flocked to New R. (about 8 miles awa",,1600,EX
1523,KVN_VLK_RGV,Kovno,Vilkomir,Rogovo,16EX,16XX,1700,1600,1650,"Jews first settled in the 17th cent. The J. pop. in 1897 was 1,223 (69% of total). In WWI the Jews were exiled to Russia; only half returned after the war. Between the World Wars, antisemitic attacks a",,1600,XX
1524,VLH_ZHT_RGRD,Volhynia,Zhitomir,Raigorodok,17EX,17EX,1750,1700,1725,"Jews arrived in the early 18th cent. and numbered about 100 in the mid-18th cent. In 1897 their pop. was 946 (total 2,058), dropping by at least 50% between the World Wars. The Germans captured R. on 5 July 1",,1700,EX
1525,GLC_CRC_RJCZ,Galicia,Zywiec,Rajcza,,18MX,1875,1850,1850,"The Jews lived there from the mid-19th cent. and numbered 132 in 1921 (total 2,790). Antisemitic disturbances were a periodic occurrence. The General Zionists and Bnei Akiva youth movement were active from 1933. All the J",,1800,MX
1526,LMZ_SHC_RGRD,Lomza,Shchuchin,Raigrod,1587,1587,1587,1587,1587,"Jews are known from 1587. The community had a synagogue and cemetery by the early 18th cent. and reached a pop. of 1,659 (total 1,907) in 1857. Jews traded in grain and manufactured table oil and alcoholic beverages.",,1500,
1527,MNS_MNS_RKV,Minsk,Minsk,Rakov,1628,1628,1628,1628,1628,"The J. community was one of the oldest in the Minsk region and received a sizable contribution from the Lithuanian Council in 1628 to construct a synagogue. In 1771 the community, up to then under the aegis of the Minsk",מהקהילות העתיקות בפלך מינסק,1600,
1528,RDM_OPT_RKW,Radom,Opatow,Raków,,16EX,1650,1600,1625,"Jews are first mentioned in the early 17th cent. In 1705, Eleazar Roke'ah became rabbi of the community, later serving as head of the rabbinical court of Amsterdam. In his honor, the Dutch authorities struck a coin be",,1600,EX
1529,KVN_PNV_RMGL,Kovno,Poneviezh,Remigola,15LX,15LX,1600,1575,1575,"Jews first settled at the end of the 16th cent. The J. pop. in 1897 was 650 (49% of the total). During WWI, the Russian army expelled the Jews to Russia; two-thirds returned after the war. In 1929,",,1500,LX
1530,GLC_LWW_RNSC,Galicia,Kolbuszowa,Ranischau,,19EX,1918,1915,1925,"The J. pop. stood at around 350 until WwI, dropping to 278 (total 1,561) in the wake of wartime tribulations and the peasant rioting in Nov. 1918 and May 1919. The Germans expelled the Jews to Sokolow and Gl",,1900,EX
1531,KVN_RSS_RSSN,Kovno,Rossieny,Rossieny,16EX,16XX,1700,1600,1650,"Jews first settled in the 17th cent. By 1857, the J. pop. stood at about 5,000 (59% of the total). In the 1880s, although the Jews controlled most of the commerce in R., the harsh edicts of the czar",,1600,XX
1532,POD_OLG_RSHK,Podolia,Olgopol,Rashkov,17EX,17EX,1750,1700,1725,"RASHKOV Moldavia, today Republic of Moldova. Jews settled in the early 18th cent. After a Haidamak pogrom in 1738, the community recovered and numbered 103 in 1765 and 634 in 1790. The hasidic dynasty founded by R. Shabbetai in the early 19th cent. w",,1700,EX
1533,PRU_OST_RSTN,Preussen,Ketrzyn,Rastenburg,,18EX,1850,1800,1825,"Germany, today Poland. Jews settled in R. in the early 19th cent. and by 1880 the J. pop. had grown to 141. A new building constructed in 1916 replaced the first synagogue. In Jan. 1933, shortly before the Nazi",,1800,EX
1534,VLH_KVL_RTN,Volhynia,Kovel,Ratno,1516,1516,1516,1516,1516,"Jews are first recorded in 1516. The community began to develop in the 19th cent., numbering 2,219 in 1897 (total 3,089). Zionism had its beginnings in the early 20th cent. Neskhizh Hasidim were prominent",תנועה ציונית פעילה,1500,
1535,PRU_SCH_RTBR,Preussen,Raciborz,Ratibor,,1737,1737,1737,1737,"In 1737, there were three J. families living in R. In the 19th cent., the J. community numbered around 100 members and maintained a synagogue and a cemetery. When the Nazis came to power in 19",,1700,
1536,PTR_RVA_RW,Piotrkow,Rawa,Rawa,,1547,1547,1547,1547,The Jews were victims of a blood libel in 1547 and left the town soon after. In 1775 the village of Zamkowa Wola with its predominantly J. pop. was integrated into R. and the J. community flourished during the earl,,1500,
1537,GLC_LWW_RWRS,Galicia,Rawa,Rawa Ruska,,1624,1624,1624,1624,The first Jews arrived with the founding of the town in 1624. In the 18th cent. they were subjected to restrictions and to heavy taxes under the Austrians from 1772. Most Jews identified with Belz Hasidis,,1600,
1538,PRU_PSN_RWTS,Preussen,Rawicz,Rawitsch,,16EX,1650,1600,1625,"Two J. families settled in the first half of the 17th cent. and another dozen, under various disabilities, in the early 18th. The community began to develop after annexation to Prussia in 1793 and the lifting of residence",,1600,EX
1539,POD_GSN_RGRD,Podolia,Gaisin,Raigorod,1765,1765,1765,1765,1765,"Jews numbered 211 in 1765 and 995 (total 2,240) in 1897. A pogrom was staged against the Jews on 20 May 1919 and in 1926 the J. pop. dropped to 497. The Germans captured R. on 22 July 1941, concentrating the Jews of",,1700,
1540,MNS_RCH_RCHT,Minsk,Riechitsa,Riechitsa,15LX,15LX,1600,1575,1575,"Jews settled in the late 16th cent. They were murdered in the Chmielnicki massacres of 1648-49. In 1765, 133 Jews were living in the town. Their pop. rose to 5,334 (total 9,280) in 1897. Most engaged in petty trade a",נחרבה עי חמילנצקי ואז שוקמה,1500,LX
1541,PRU_PMM_RGNW,Preussen,Pommern,Regenwalde,,1692,1692,1692,1692,"There is evidence from 1692 of a Jew receiving a letter of proctection (Schutzbrief) for R. By 1728, four J. families were living in the town and 15 in 1812. In 1840, the community numbered 11",,1600,
1542,LBL_KHL_RJWC,Lublin,Chelm,Rejowiec,,15MX,1575,1550,1550,"Jews settled in the mid-16th cent. and by 1857 numbered 824 (80% of the total). At the turn of the 19th cent., J. factories employed many Jews in a general atmosphere of prosperity. The Bund organized a",,1500,MX
1543,WRS_WRS_RMBR,Warszawa,Warszawa,Rembertów,,1918,1918,1918,1918,The J. settlement began to grow after WWI with the development of the town as a resort. Jews provided services to the vacationers while J. butchers supplied the army and sent kosher meat to Warsaw. The Zionists were wi,,1900,
1544,BSS_IZM_RN,Bessarabia,Izmail,Reni,1847,1847,1847,1847,1847,"It is not known when Jews began to settle in R. In 1847 there were 22 J. families living in R., and by 1897 the J. pop. was 730 (total 7,000). The Jews of R. were active in trade, especially of far",,1800,
1545,VTB_RZH_RZHT,Vitebsk,Riezhitsa,Riezhitsa,17LX,17LX,1800,1775,1775,"Jews expelled from neighboring Makasan settled in R. in the late 18th cent. The community grew to 6,478 (total 10,795) in 1897 and about 11,000 on the eve of WWI (50% of the total). Most traded in farm p","הבונד, סוציאליסטים",1700,LX
1546,MGL_CHS_RSN,Mogilev,Chausy,Riasna,1847,1847,1847,1847,1847,"The J. pop. was 551 in 1847 and 918 (71% of the total) in 1897. In 1926, under the Soviets, the J. pop. was 739. A J. kolkhoz was founded nearby in 1929, employing 30 families in 1930. A J. council was established in",,1800,
1547,VTB_RZH_RYBN,Vitebsk,Riezhitsa,Rybinishki,18EX,18EX,1850,1800,1825,A few dozen Jews settled on estate lands in the early 19th cent. and were reduced to working as day laborers there in the 1890s to meet their tenancy payments. After dropping from a peak of,צעירי ציון,1800,EX
1548,PRU_WST_RSNB,Preussen,Susz,Riesenburg,,1700,1700,1700,1700,"Germany, today Poland. Individual Jews lived in R. already around 1700, but a community only came into being at a later time. The J. pop. was 69 in 1831, 148 in 1895, and 70 in 1925. A synagogue was built about",,1700,
1549,KVN_RSS_RTV,Kovno,Rossieny,Retovo,15EX,15XX,1600,1500,1550,"Jews first settled in the 16th cent. The J. pop. in 1897 was 1,397 (80% of the total). Many emigrated to South Africa, a few to Palestine. The community maintained two synagogues, a traditional heder,",,1500,XX
1550,LVL_RIG_RG,Livland,Riga,Riga,15EX,15XX,1600,1500,1550,"J. merchants began to appear in the city in the 16th cent. and carried out their trade without being allowed to take up permanent residence, though some managed to filter through and strike roots. Under the Swedi",,1500,XX
1551,GLC_STN_RSLN,Galicia,Bohorodczany,Rosulna,,18EX,1850,1800,1825,"Germany, today Poland. There is evidence of a J. community from the early 19th cent. By 1880 it had grown to 133 members, declining to 72 by 1905. The community maintained a synagogue and a cemetery. In June 1933,",,1800,EX
1552,MGL_RGC_RGCH,Mogilev,Rogachev,Rogachev,17EX,1766,1766,1766,1766,"There were 200 J. poll tax payers in 1766 and a J. pop. of 1,305 in 1847 and 5,047 (total 9,038) in 1897. Of the ten small factories operating in the town, five manufacturing ship cable were in J. hands. Most Je",,1700,
1553,PRU_PSN_RGSN,Preussen,Oborniki,Rogasen,,13XX,1400,1300,1350,"J. settlement probably dates from the 14th cent. An organized community with a synagogue and cemetery is known from the late 16th cent. In the Swedish war of the mid-17th cent., the Jews suffered from Ste",,1300,XX
1554,GLC_STN_RHTY,Galicia,Rohatyn,Rohatyn,,15MX,1575,1550,1550,"The J. community dates from the mid-16th cent., receiving various privileges from the Polish kings in the 17th cent. Shabbateanism won many followers in R. as did the Frankist movement, with 49 Jews c",,1500,MX
1555,KVN_NVL_RKSH,Kovno,Novoaleksandrovsk,Rakishki,17LX,17LX,1800,1775,1775,"Jews first settled in the late 18th cent., at the invitation of the local proprietor's business manager. The J. pop. in 1897 was 2,067 (75% of the total). During WWI many left for Russia. Those who",,1700,LX
1556,VLH_OVR_RKTN,Volhynia,Ovruch,Rokitno,18LX,1901,1901,1901,1901,"In 1901 there were 105 Jews in R. The inauguration of a railroad station, glass factory, and some sawmills boosted the economy and the J. pop. grew to 663 (total 3,403) in 1921. With the outbreak of Wwi,",,1900,
1557,KIV_VSL_RKTN,Kiev,Vasilkov,Rokitne,1897,1897,1897,1897,1897,"Jews numbered 2,073 (total 5,818) in 1897. Most were Hasidim. A private boys' school was opened in 1910. In 1905, rioting railroad workers attacked Jews but were driven off by local peasants, known for their friendly re",,1800,
1558,VLH_NVG_RMNV,Volhynia,Novograd-Volynskii,Romanov,1787,1787,1787,1787,1787,"Jews are first mentioned in 1787 and numbered 2,599 (total 5,645) in 1897. In the mid-1920s, a Yiddish-language elementary school was operating. About 180 Jews worked in the town's 22 hide-processing plan",,1700,
1559,PLT_RMN_RMNY,Poltava,Romny,Romny,17LX,17LX,1800,1775,1775,"Jews settled in the late 18th cent. and numbered 6,378 (total 22,510) in 1897. J. property was destroyed in a pogrom on 3 May 1881. In another pogrom on 19-20 Oct. 1905, eight Jews were killed and 30 injured. J. stores were",,1700,LX
1560,GLC_LWW_RPCZ,Galicia,Ropczyce,Ropczyce,,15LX,1600,1575,1575,"Jews are recorded from the late 16th cent., enjoying full residence and trade rights from the time of King John Casimir (1648-68). R. was the seat of the famous hasidic dynasty established b",,1500,LX
1561,GRD_VLK_RSS,Grodno,Volkovysk,Ross,16EX,16EX,1650,1600,1625,"Jews were present in the first half of the 17th cent. Their pop. grew to 500 by 1897. In 1921 the J. pop. fell to 389 (total 822), living under straitened economic circumstances. The Germans entered R. in late June 1941.",,1600,EX
1562,MGL_GRK_RSSS,Mogilev,Gorki,Rossasna,18LX,1920,1920,1920,1920,Twenty-eight J. families were living in R. in the mid-1920s. The Germans captured the town in July 1941. The few remaining Jews were taken to nearby Lyady on 2 April 1942 and murdered along with the local Jews.,,1900,
1563,VTB_DRS_RSTS,Vitebsk,Drissa,Rositsa,18MX,1897,1897,1897,1897,"The J. pop. was 529 (total 755) in 1897 and 412 in 1923 under the Soviets. Of 75 J. breadwinners, 35 were artisans, |1 farmers, and the rest merchants. The Jews still there when the Germans occupied R. in 1941 were",,1800,
1564,SML_RSL_RSLV,Smolensk,Roslavl,Roslavl,18MX,18MX,1875,1850,1850,"The first J. settlers, in the mid-19th cent., were demobilized soldiers, well-to-do merchants, and a few artisans. In 1897, the J. pop. was 1,145 (total 4,773) and permission was granted to erect a synagogue. During WW",,1800,MX
1565,SDL_BLA_RSSS,Siedlce,Biala,Rossosz,,17LX,1800,1775,1775,"A few J. families were probably present in the late 18th cent., with the J. pop. reaching 279 in 1857 and 364 (total 1,391) in 1921. At the end of the 19th cent., Jews established a flour mill and sawmill and a factory f",,1700,LX
1566,DNV_RST_RSTV,Don Voyska,Rostov-On-Don,Rostov-na-Donu,18EX,18EX,1850,1800,1825,"Jews probably settled in the early 19th cent., reaching a pop. of about 5,000 (total 100,000) in 1880. The community maintained a number of prayer houses and a talmud torah. Residence restrictions went into force i",,1800,EX
1567,GLC_STN_RSLN,Galicia,Bohorodczany,Rosulna,,1921,1921,1921,1921,The J. pop. was 154 in 1921. The Jews were probably expelled to the Rodolf Mill camp in Stanislawow for liquidation in Sept. 1942.,,1900,
1568,KIV_CHR_RTMS,Kiev,Cherkasy,Rotmistrova,1897,1897,1897,1897,1897,"The J. pop. was 1,785 (total 4,823) in 1897. In a pogrom on 13-14 May 1919, 45 Jews were murdered, many injured, and 60 J. homes burned. In 1926, under the Soviets, the J. pop. was 125. The Germans occupied R. on 1 A",,1800,
1569,EKT_MRP_RVNP,Ekaterinoslav,Mariupol,Rovnopol,1855,1855,1855,1855,1855,"R. was founded as a J. colony in 1855 by emigrants from Vilna, Mogilev, and Kovno (Kaunas). It included 42 families in 1857. The J. pop. was 447 in 1897 and 285 (total 381) in 1926. The Germans captured R. in fall 194",מושבה חקלאית יהודית,1800,
1570,VLH_RVN_RVN,Volhynia,Rovno,Rovno,15MX,15MX,1575,1550,1550,A J. community apparently existed by the mid-16th cent. Only six J. houses were left standing after the Chmielnicki massacres of 1648-49 but recovery was rapid. Until the first half of the 18th cen,תנועה ציונית פעילה,1500,MX
1571,KVN_PNV_RZLN,Kovno,Poneviezh,Rozalin,18EX,18XX,1900,1800,1850,"The Jews first settled in the 19th cent. In 1897, the J. pop. was 265 (49% of the total), dropping to 110 in 1938. In WWI, the Jews were expelled by the Russian army; half returned later. After the",,1800,XX
1572,LMZ_MKV_RZN,Lomza,Ostroleka,Różan,,17EX,1750,1700,1725,A J. settlement is known from the early 18th cent. Jews mainly traded with the surrounding farm villages and in the 19th cent. ran a number of small factories and most of the town's stores. The J. pop. grew from 310 in 182,,1700,EX
1573,GLC_STN_RZDL,Galicia,Zydaczow,Rozdół,,16EX,1650,1600,1625,"Jews were present in the early 17th cent., reaching a peak pop. of 2,465 (total 4,542) in 1880. In that year a major fire caused many to emigrate, a trend that was stepped up in WwI. The J. pop. in 1921",,1600,EX
1574,GRD_SLN_RZHN,Grodno,Slonim,Rozhany,16EX,16EX,1650,1600,1625,A community existed in the early 17th cent. Under Russian rule from the late 18th cent. many Jews were employed in textile and tanning plants. In two big fires  in 1875 and 1895    most of the t,,1600,EX
1575,VLN_LDA_RZHN,Vilna,Lida,Rozhanka,18EX,1847,1847,1847,1847,"In 1847, there were 202 Jews in R., increasing to 543 (total 777) in 1897. After WWI, the J. relief organizations assisted the community to recover but a fire in 1927 destroyed most J. homes and econo",החלוץ,1800,
1576,GLC_STN_RZNW,Galicia,Kosow,Rożnów,,1921,1921,1921,1921,"The J. pop., growing mainly in the early 20th cent., stood at 418 (total 6,426) in 1921. The community ended in Oct. 1941 when the Jews were expelled by the Germans to nearby Kosow to await their end.",,1900,
1577,PTR_PTR_RZPR,Piotrkow,Piotrkow,Rozprza,,16XX,1700,1600,1650,"Jews first settled here in the 17th cent. In the 1760s they traded with Danzig and other towns. The J. pop. in 1857 was 246 (58% of the total). During WWI, the community flourished because of its location on the Warsaw-Vie",,1600,XX
1578,GLC_LWW_RZWD,Galicia,Nisko,Rozwadów,,17XX,1800,1700,1750,"Few Jews settled until the 18th cent. The community grew to 1,678 (total 2,153) in 1880 and 3,373 in 1910, with Jews controlling the growing lumber trade. Most fled or were expelled in WWI, returning to find their homes d",,1700,XX
1579,VLH_LTS_BLSH,Volhynia,Lutsk,Bolshaia Volnianka,17LX,17LX,1800,1775,1775,"Jews settled in the late 18th cent. and with the coming of the railroad their pop. grew to 3,169 (total 3,860) in 1897. Most Jews fled in the turbulence of WwiI, returning afterwards to rebuild their l",תנועה ציונית פעילה,1700,LX
1580,MNS_MZY_RBL,Minsk,Mozyr,Rubel,1880,1880,1880,1880,1880,"A settlement of 100 J. families is known from the 1880s, dropping to 60 between the World Wars (over 10% of the total). In wWwuil, 53 J. men were murdered by the local pop. The others were expelled, mostly",,1800,
1581,MNS_MNS_RBZH,Minsk,Minsk,Rubiazhevichi,17LX,17LX,1800,1775,1775,"Jews apparently began to settle in the late 18th cent., trading in farm produce and also working the land. The J. pop. was 912 (total 1,482) in 1889. A pogrom was foiled in 1905 by J. self-defens",,1700,LX
1582,VLN_VLN_RDMN,Vilna,Vilnius,Rudomino,17EX,17XX,1800,1700,1750,"Jews first settled in the 18th cent. In 1899, a Jew bought most of the arable land, ushering in a short period of prosperity for this farming community which numbered 50 families. Between the World Wars",,1700,XX
1583,PTR_LDZ_RDPB,Piotrkow,Lodz,Ruda Pabianicka,,1921,1921,1921,1921,"The J. pop. in 1921 was 237 (5% of the total). On 19 Dec. 1939, the Jews were expelled to General Gouvernement territory.",,1900,
1584,MNS_IGM_RDNS,Minsk,Igumen,Rudensk,18LX,1920,1920,1920,1920,"In the 1920s, under the Soviets, 12 J. families (70 Jews) were employed in agriculture. In 1939, the J. pop. was 176 (total 1,128). The Germans arrived in late June 1941 and in Oct. murdered about 150 people (most app",,1900,
1585,LBL_KRS_RDK,Lublin,Chelm,Rudka,,1921,1921,1921,1921,The J. pop. was 600 in 1921. No reliable information is available but it is believed that most of the Jews present after the German occupation in WWII were murdered in fall 1941; the rest in April 1942.,,1900,
1586,GLC_LWW_RDNK,Galicia,Nisko,Rudnik,,16LX,1700,1675,1675,"The J. community dates from the second half of the 17th cent., maintaining a pop. of 1,100-1,200 (35-40% of the total) from the late 19th cent. to wwi. A flourishing wickerwork industry was an important source of liv",,1600,LX
1587,GLC_LWW_RDNK_2,Galicia,Nisko,Rudnik,,16LX,1700,1675,1675,"The J. community dates from the second half of the 17th cent., maintaining a pop. of 1,100-1,200 (35-40% of the total) from the late 19th cent. to wwi. A flourishing wickerwork industry was an important source of liv",,1600,LX
1588,MGL_ORS_RDN,Mogilev,Orsha,Rudnia,1847,1847,1847,1847,1847,"The 18th cent. community had its own rabbi and numbered 589 in 1847. After the paving of a highway and the laying of a railway line through R. in the mid-19th cent., the J. pop. grew and reached a figure of 2,122 (tota",,1800,
1589,PRU_PMM_RGNW_2,Preussen,Pommern,Ruegenwalde,,1701,1701,1701,1701,"The first evidence of a Jew allowed to settle in R. dates from 1701. A J. community developed slowly, numbering 36 members in 1752 and 124 in 1849. It maintained a synagogue and a cemetery.",,1700,
1590,LVL_VLM_RN,Livland,Volmar,Ruen,18LX,18LX,1900,1875,1875,Jews settled in the late 19th cent. and maintained a pop. of 60- 70 (2% of the total) after WWI. Those not escaping to the Soviet Union were murdered after the German occupation of July 1941.,,1800,LX
1591,PRU_PMM_RMML,Preussen,Pommern,Rummelsburg,,1728,1728,1728,1728,"A J. family in R. is first mentioned in 1728. By 1752, there were three families; in 1895, the Jews in R. numbered 240. The community set up two synagogues in 1818 and 1848 and a cemetery i",,1700,
1592,KVN_KVN_RMSH,Kovno,Kovno,Rumshishki,18EX,18XX,1900,1800,1850,"Jews first settled in the 19th cent. During WwI, the Russian army expelled the Jews. About half (50 families, or 42% of the total) returned. R. was a summer resort, mainly for yeshiva students and",,1800,XX
1593,LMZ_LMZ_RTK,Lomza,Lomzha,Rutki,18EX,18XX,1900,1800,1850,"A J. community existed in the 19th cent. and numbered 713 (total 1,368) in 1921. Most of the Jews were murdered by the Germans after they captured the town in June 1941.",,1800,XX
1594,KIV_SKV_RZHN,Kiev,Skvira,Ruzhin,17EX,17EX,1750,1700,1725,"Jews probably settled in the early 18th cent. In 1897, their pop. was 3,599 (total 5,016). R. Yisrael of R. founded a local hasidic dynasty that spread to Bukovina and Galicia. In a 1919 pogrom, Jews were robbed and be",,1700,EX
1595,POD_BLT_RYBN,Podolia,Balta,Rybnitsy,18EX,1897,1897,1897,1897,"RYBNITSA Moldavia, today Republic of Moldova. The J. pop. was 1,574 (total 4,029) in 1897. A J. girls' school operated in 1910. In 1917, Jews were attacked in a pogrom. Their pop. rose to 3,216 in 1939. Many fled when German and Rumanian forces occup",,1800,
1596,GLC_LWW_RYBT,Galicia,Dobromil,Rybotycze,,1630,1630,1630,1630,"Jews are first mentioned in 1630 and numbered 459 (total 1,437) in 1880. Many supplied leather to local shoemakers and marketed their products. The uncompromisingly hasidic character of the community kept",,1600,
1597,KLS_KNN_RYCH,Kalisz,Konin,Rychwał,,17XX,1800,1700,1750,Jews lived there from the 18th cent. and in 1897 numbered 151 (16% of total). The Germans took R. on 3 Sept. 1939. In Nov.-Dec. 1939 the majority of the Jews were transported to Grodziec and in Oct. 1941 shot in the Kazimi,,1700,XX
1598,PRU_PSN_RTSC,Preussen,Oborniki,Ritschenwalde,,15XX,1600,1500,1550,"Jews probably arrived in the 16th cent, reaching a peak pop. of 348 in 1840 and contributing significantly to the local spinning and weaving industries. Emigration to the big German cities reduced the J. pop. to 168 in",,1500,XX
1599,GLC_CRC_RYGL,Galicia,Tarnow,Ryglice,,17LX,1800,1775,1775,"Jews settled in the second half of the 18th cent., numbering 372 (total 2,587) in 1880 and 282 in 1921 under deteriorating economic conditions. The German occupation in Wwil brought forced labor, extortion, and restricte",,1700,LX
1600,SDL_GRV_RYK,Siedlce,Garwolin,Ryki,,15LX,1600,1575,1575,"Jews are first mentioned in the late 16th cent. Toward the end of the 18th cent., J. residence was restricted to the town's periphery, but the J. pop. continued to grow, reaching 2,077 (90% of the total) in 1908. J. tradesm",,1500,LX
1601,GLC_LWW_RYMN,Galicia,Sanok,Rymanów,,15LX,1600,1575,1575,"Jews are known from the late 16th cent. An important factor in the development of the community was the dynastic court founded in the late 18th cent. by R. Menahem Mendel (Rymanower), a disciple of Elimelekh of Lyzhansk an",,1500,LX
1602,KVN_NVL_RMSH,Kovno,Novoaleksandrovsk,Rimshan,18LX,1921,1921,1921,1921,"The J. pop. in 1921 was 151 (total 290). After the German occupation of June 1941, the Lithuanian police massacred the entire J. pop. on 27 Aug. 1941 in the Dgoczai forest together with the Jews of Zarasai",,1900,
1603,PLC_RYP_RYPN,Plock,Rypin,Rypin,,15XX,1600,1500,1550,"Jews are known from the 16th cent. and an organized community was formed in the mid-18th cent. By the end of the 19th cent., most ran shops or market stalls. About a quarter were craftsmen, a few were grain wholesalers, a",,1500,XX
1604,KIV_ZVN_RYZH,Kiev,Zvenigorodka,Ryzhanovka,1897,1897,1897,1897,1897,"In 1897, the J. pop. was 1,374 (total 4,132). In 1918, a Ukrainian gang looted J. homes and stores and murdered a number of Jews. In 1926, under the Soviets, the J. pop. was 753. The Germans murdered the Jews in the Cha",,1800,
1605,,,,Rzeczyca,,1921,1921,1921,1921,"The J. pop. in 1921 was 120. The Jews were probably deported to the Belzec death camp in summer-fall 1942, directly or via Rawa Ruska.",,1900,
1606,GLC_CRC_RZPN,Galicia,Gorlice,Rzepiennik Strzyżewski,,1917,1917,1917,1917,"The J. pop. numbered 224 (total 1,802) after WWI and a pogrom in Nov. 1918 caused some to leave. In Wwwilil the Germans murdered all but 30 (sent to Plaszow) in the Dombrie forest.",,1900,
1607,GLC_LWW_RZSZ,Galicia,Rzeszow,Rzeszów,,1340,1340,1340,1340,"Jews may have been present before the annexation of the city to Poland in 1340. In 1589 there were 20 J. families, engaged in a constant struggle for residence and trade rights, with tensions leading to occas",,1300,
1608,KIV_KIV_RZHS,Kiev,Kiev,Rzhishchev,1784,18EX,1850,1800,1825,"Jews numbered 94 in 1784 and 6,008 (total 11,629) in 1897. Many Jews were employed in a J.-owned sugar refinery and iron foundry. A private boys' school was opened in 1910. A private school for girls was also opened. I",,1800,EX
1609,,,,Saalfeld (I),,18EX,1850,1800,1825,"Germany, today Poland. The J. community dates back to the early 19th cent. The J. pop. was 78 in 1880 and 40-50 in the 1920s. The community maintained a synagogue and a cemetery. When the Nazis came to power",,1800,EX
1610,CRL_TLS_TSBL,Courland,Talsen,Tsabeln,18EX,18EX,1850,1800,1825,"Jews were present from the early 19th cent. and an organized community was established in 1840. The J. pop. reached a peak of 873 (total 1,400) in 1881 and thereafter declined. In 1915 all were expelled by the",,1800,EX
1611,VTB_RZH_RZHT_2,Vitebsk,Riezhitsa,Rezhitsa,,1921,1921,1921,1921,The J. pop. stood at 139 (total 239) in 1921. The Jews were expelled by the Germans to Siedlce in Aug. 1942 and from there deported to the Treblinka death camp.,,1900,
1612,GLC_LWW_SDWW,Galicia,Mosciska,Sądowa Wisznia,,15MX,1575,1550,1550,"Jews were present from the mid-16th cent., at first earning a livelihood mainly as innkeepers. The community grew to around 1,300 (30% of the total) in the late 19th cent. but declined through emigrat",,1500,MX
1613,LBL_LBR_SDWN,Lublin,Wegrow,Sadowne,,18LX,1900,1875,1875,"Jews probably settled in the late 19th cent. and numbered 245 (total 970) in 1921. On the eve of WWIL, there were 380 Jews in S. In Dec. 1941, the Germans expelled them to Lukow and other places, from where they were dep",,1800,LX
1614,SWL_VLD_SHK,Suwalki,Vladislavov,Shaki,17EX,1920,1920,1920,1920,"With the establishment of J. kolkhozes in the area in the 1920s, a large J. kolkhoz was set up in S. which employed many of its Jews. In 1926, nine J. families from Polesie founded the Horepashnik kolkhoz nearby. A",חובבי ציון,1900,
1615,EKT_VRK_SKSG,Ekaterinoslav,Verkhnednieprovsk,Saksagan,1880,1880,1880,1880,1880,"Jews settled in the 1880s and numbered 355 in 1897 and 158 (total 5,146) under the Soviets in 1926. After the German occupation of 12 Aug. 1941, those Jews who had neither fled nor been evacuated were murdered,",,1800,
1616,KVN_NVL_SLK,Kovno,Novoaleksandrovsk,Soloki,,17XX,1800,1700,1750,"S. was one of the first J. settlements in Lithuania. Despite several devastating fires in the 19th cent., the J. community's economic situation was good until WWI, when new borders cut S. off from Viln",מהקהילות העתיקות בליטא,1700,XX
1617,KVN_TLS_SLNT,Kovno,Telshi,Salanty,16EX,16XX,1700,1600,1650,"Jews first settled in the 17th cent. The most famous of S.'s rabbis was Yisrael Lipkin (1810-83), named the Salanter and known for his ethical teachings. A noted native of S. was Beinush Salant, one",,1600,XX
1618,CRL_GLD_FRNB,Courland,Goldingen,Frauenburg,18MX,18LX,1897,1875,1875,"The J. settlement dates from the second half of the 19th cent., growing to a peak pop. of 1,159 (total 3,585) in 1897. The Jews were expelled from S. in WWI and after repatriation numbered 30",,1800,LX
1619,POD_LTN_SLNT,Podolia,Litin,Salnitsa,16MX,1648,1648,1648,1648,"Jews probably settled after the Chmielnicki massacres of 1648-49. They numbered 903 in 1897 (total 3,699) and 567 in 1926 under the Soviets. The Germans captured S. in mid-July 1941. In Dec., German and local police",הקהילה הוקמה לאחר שקהילה ישנה יותר נחרבה עי חמילנצקי (שנה מדויקת לא ידועה),1600,
1620,KVN_PNV_SLTY,Kovno,Poneviezh,Salaty,18EX,16XX,1700,1600,1650,Between the 17th and 19th cents. there was a Karaite community here. Jews settled in the 19th cent. During WWI the Jews were expelled. Some returned later. The community sponsored a school and synagogue.,קהילה קראית התקיימה מהמאה ה 17,1600,XX
1621,GLC_LWW_SMBR,Galicia,Sambor,Sambor,,1447,1447,1447,1447,"The J. settlement is first mentioned in 1447, but the Jews lost their residence rights in 1542 under a royal privilege granted to the Christian townsmen. Jews nevertheless continued to reside and trade in S.,",,1400,
1622,KIV_BRD_SMGR,Kiev,Berdichev,Samgorodok,1897,1897,1897,1897,1897,"The J. pop. was 1,334 (total 3,605) in 1897 and 1,243 in 1926. A pogrom was staged in 1919. The Germans arrived on 22 July 1941 and ordered the Jews to wear the yellow badge. A ghetto was established on 16 May 1942",,1800,
1623,MNS_MNS_SMKH,Minsk,Minsk,Samokhvalovichi,17MX,17LX,1800,1775,1775,"Jews apparently settled at the turn of the 18th cent., reaching a pop. of 160 in 1811 and 401 (total 567) in 1897. Jews engaged in petty trade, horticulture, and crafts. In 1925, a J. school was opened. After",,1700,LX
1624,MGL_CHR_SMTV,Mogilev,Cherikov,Samoteevichi,1880,1880,1880,1880,1880,"The J. pop. was 96 in 1880 and 263 (total 544) in 1897, dropping to 378 in 1926 under the Soviets. A four-year J. elementary school was opened in the early 1920s. In 1924-25, 58 J. families earned their liveliho",,1800,
1625,RDM_SND_SNDM,Radom,Sandomierz,Sandomierz,,1367,1367,1367,1367,"The medieval community, one of the oldest in Poland, joined the Cracow and Lwow communities in 1367 in petitioning King Casimir the Great to confirm J. privileges. Throughout its history, the community",,1300,
1626,WRS_GST_SNNK,Warszawa,Gostyn,Sanniki,,18MX,1875,1850,1850,"Jews settled here from the mid-19th cent. and by 1921 numbered 315 (22% of the total). The Germans bombed S. in Sept. 1939, causing many to flee. After the Germans captured S., they forced Jews to dismantle the local chu",,1800,MX
1627,SDL_KNS_SRNK,Siedlce,Konstantynow,Sarnaki,,17LX,1800,1775,1775,"Jews are first mentioned in the late 18th cent. In the 19th cent. J. businessmen established two windmills, a facility for producing edible oil, and a plant for dyeing local woven goods. A Hebrew school was opened in 191",,1700,LX
1628,VLH_RVN_SRNY,Volhynia,Rovno,Sarny,1903,1903,1903,1903,1903,"Official J. settlement was permitted by ministerial decree in 1903 after S. became an important railroad junction. The J. pop. reached 2,808 in 1921 and 4,950 in 1937 (total 11,000). During the Russia",תנועה ציונית פעילה,1900,
1629,GLC_TRN_SSSW,Galicia,Zloczow,Sassów,,16EX,1650,1600,1625,"Jews were apparently among the first settlers in the early 17th cent. In the 19th and 20th cents., J. artisans were particularly noted for their embroidered ritual objects, marketing their goods as far awa",,1600,EX
1630,VLN_VLN_SHSH,Vilna,Vilnius,Shesholi,18MX,1897,1897,1897,1897,"The pop. of S. in 1897 included 29 Jews, whose number increased to 160 prior to WWI. At the outbreak of WWII there were eight J. families in S. After the German conquest of 1941, the Jews",,1800,
1631,POD_PRS_STNV,Podolia,Proskurov,Satanov,1532,1532,1532,1532,1532,Jews are first mentioned in 1532 and formed a community that was well known throughout Poland by the early 17th cent. Its development was curtailed in the Chmielnicki period when the Cossacks captured the tow,,1500,
1632,KVN_SHV_SHVK,Kovno,Shavli,Shavkiany,17EX,17XX,1800,1700,1750,"Jews first settled and built a beautiful synagogue in the 18th cent., Among the community's rabbis (1867-69) was Yitzhak Reines, one of the founders of Mizrachi. The J. pop. in 1897 was 624 (63% of t",,1700,XX
1633,POD_BLT_SVRN,Podolia,Balta,Savran,1765,1765,1765,1765,1765,"The J. pop. was 150 in 1765 and 3,198 (total 5,887) in 1897. Local peasants staged a pogrom in which two members of a J. self-defense group were killed in spring 1918. General Denikin's White Army soldiers initiated anot",,1700,
1634,LBL_KHL_SWN,Lublin,Chelm,Sawin,,1921,1921,1921,1921,"In the late 19th cent., a J.-owned glassware factory provided employment for Jews in S. and neighboring Ruda. In 1921, the J. pop. in the two villages was 236 (total 583). The Germans set up a Judenrat on their arrival in",,1900,
1635,PRU_OST_SCHP,Preussen,Frydlad,Schippenbeil,,1880,1880,1880,1880,"Germany, today Poland. In 1880, there were 58 Jews in S. This number remained stable until WwI. S. was affiliated to the Bartenstein community. In 1868, a J. orphanage was opened; it eventually moved to Koeni",,1800,
1636,PRU_PMM_SCHV,Preussen,Pommern,Schivelbein,,1700,1700,1700,1700,"Mention of the first J. family in S. occurs after 1700. By 1787, there were five J. families and probably a cemetery. During the 19th cent., the community grew steadily, numbering about 400",,1700,
1637,PRU_WST_SCHL,Preussen,Walcz,Schloppe,,1674,1674,1674,1674,"Germany, today Poland. There is documentary evidence of 28 Jews living in S. in 1674. By 1774, their number had risen to about 250, peaking at 311 in 1839. About 1840, a synagogue and cemetery were e",,1600,
1638,GLC_LWW_SCHD,Galicia,Drohobycz,Schodnica,,1921,1921,1921,1921,"Jews pioneered the town's oil industry in the late 19th cent., their pop. growing from 122 (total 988) in 1880 to 689 (total 2,726) in 1921. Antisemitism rose in the 1930s, the Soviet arrival in Sept. 1939 forestalling a",,1900,
1639,PRU_PSN_SCHW,Preussen,Skwierzyna,Schwerin,,1507,1507,1507,1507,"Germany, today Poland. Jews are first mentioned in 1507. By 1631, Jews owned 12% of the town's houses and in 1674 the J. pop. stood at 110. In the 17th cent., a cemetery and a synagog",,1500,
1640,BSS_BLT_SKLN,Bessarabia,Bieltsy,Skuliany,18EX,18MX,1875,1850,1850,"Jews first settled in the early 19th cent. The J. pop. in 1899 was 416, dropping in 1930 to 150 (26% of the total). The Jews controlled virtually all the grain and cattle trade with Bessarab",,1800,MX
1641,VTB_SBZ_SBZH,Vitebsk,Sebezh,Sebezh,17EX,17EX,1750,1700,1725,"J. settlement probably began in the early 18th cent. The J. pop. in 1766 was 243, increasing to 2,561 (total 4,326) in 1897. A state J. elementary school was functioning in the early 20th cent. In the Soviet period, the",,1700,EX
1642,KLC_WLS_SCMN,Kielce,Wloszczowa,Secemin,,1763,1763,1763,1763,"Jews are mentioned in 1763 and numbered 224 in 1921 (total 1,611). The 180 remaining in 1939 were deported by the Germans to the Treblinka death camp in Sept. 1942 along with 20 refugees.",,1700,
1643,BSS_KHT_SKRN,Bessarabia,Khotin,Sekuriany,18EX,18MX,1875,1850,1850,"Jews first settled in the early 19th cent. Each J. artisans' union had its own synagogue and in 1922 the main synagogue was built alongside the Zionist clubhouse. During 1918-20, the number of",,1800,MX
1644,KVN_TLS_SDY,Kovno,Telshi,Siady,17MX,17LX,1800,1775,1775,"Jews first settled here in the mid-1 8th cent., earning their living as merchants and artisans and from agriculture. In the 19th cent., J. communal life centered around the synagogues. Though most Jews wer",,1700,LX
1645,KVN_SHV_SHDV,Kovno,Shavli,Shadov,14EX,14XX,1500,1400,1450,"Jews first settled in the 15th cent. Many Jews came in the beginning of the 18th cent. at the invitation of Lithuania's vice chancellor. During the 1831 Polish rebellion, Jews suffered at the hands of",,1400,XX
1646,GLC_CRC_SDZS,Galicia,Ropczyce,Sędziszów,,16LX,1700,1675,1675,"Few Jews were present until the late 17th cent. After a period of stagnation, economic conditions improved from 1860 with the coming of the railroad but again declined from 1882 when a large sugar refinery in the town",,1600,LX
1647,SWL_SNY_SR,Suwalki,Seiny,Seree,17EX,17XX,1800,1700,1750,"Jews first settled in the 18th cent., building a synagogue in 1726. In the 1890s many Jews emigrated to the west. The community had a talmud torah and a reformed heder which taught mathematics an",חובבי ציון החל מ 1880,1700,XX
1648,SWL_SNY_SNY,Suwalki,Seiny,Seiny,16EX,16XX,1700,1600,1650,"Jews settled in the 17th cent., conducting a flourishing trade with the cities of Lithuania. They operated as grain wholesalers and lumber merchants and owned a flour mill, sawmill, and distillery. The synagogue consecr",תנועה ציונית התחילה ב 1898,1600,XX
1649,MGL_MGL_SLTS,Mogilev,Mogilev,Selets II,1836,1836,1836,1836,1836,"S. was founded as an agricultural colony on leased land in 1836 and reached a J. pop. of 561 (total 604) in 1897. In 1924-25, under the Soviets, 80 J. families (448 Jews) were engaged in farming. A J. rural council (",מושבה חקלאית יהודית,1800,
1650,MNS_IGM_SLB,Minsk,Igumen,Seliba,1846,1846,1846,1846,1846,"S. was founded as a J. colony on J.-owned land in 1846 and reached a pop. of 46 families (265 Jews) working 1,850 acres in 1898. In 1925, under the Soviets, the J. pop. was 496, including 97 families eng",מושבה חקלאית יהודית,1800,
1651,CRN_NVZ_SMNV,Chernigov,Novozybkov,Semenovka,18LX,18LX,1900,1875,1875,Fewer than 500 Jews were present in the late 19th cent. Pogroms occurred in 1905 and in 1919. A yeshiva with 100 students and providing all the religious services was maintained clandestinely in the first half,,1800,LX
1652,PLT_KHR_SMNV,Poltava,Khorol,Semenovka,18LX,1897,1897,1897,1897,"The J. pop. was 319 (total 1,487) in 1897. A J. kolkhoz was founded between the World Wars. In 1939 the J. pop. was 143. After their arrival on 12 Sept. 1941, the Germans murdered the Jews who had neither fled",,1800,
1653,PRU_WST_ZMPL,Preussen,Zlotow,Zempelburg,,1644,1644,1644,1644,Jews first settled in 1644 under broad residence and trade rights accorded by the town's proprietor to promote its development. Most of the Jews were petty traders and shopkeepers. Full equality was only achieved in,,1600,
1654,KLC_JDR_SDZS,Kielce,Jedrzejow,Sędziszów,,1880,1880,1880,1880,"Jews hired from nearby settlements and from Russia in the 1880s to build a new railway line subsequently settled in S. An egg-packing plant, the crab-fishing industry, and the summer tourist trade provided work. In th",,1800,
1655,MGL_SNN_SNN,Mogilev,Sienno,Sienno,16MX,16MX,1675,1650,1650,"Jews settled in the mid-17th cent. Their pop. was 480 in 1803 and 2,471 (total 4,000) in 1897. In this period, six synagogues were operating in the community, including one belonging to the followers of the Lubavich R",,1600,MX
1656,PRU_OST_SNSB,Preussen,Ketrzyn,Sensburg,,1820,1820,1820,1820,"Germany, today Poland. The J. pop. was 78 in 1839, 171 in 1871, and 106 in 1905. A cemetery was established about 1820. The synagogue burned down about 1890 and was replaced by a new building. It was desecrated i",,1800,
1657,KVN_KVN_SRDN,Kovno,Kovno,Sredniki,17EX,17XX,1800,1700,1750,"Jews first settled in the 18th cent. In the 19th cent. there were two synagogues and a hasidic shtibl. The J. pop. in 1897 was 1,174 (71% of the total). Prior to WWI, many emigrated to the U.S. and So",,1700,XX
1658,MNS_PNS_SRNK,Minsk,Pinsk,Serniki,18MX,1897,1897,1897,1897,"Despite a rural residence ban, Jews numbered 932 in 1897 (total 2,549). They were mainly engaged in the lumber industry. Under the Germans, 150 J. men were murdered on 8 Aug. 1941. Another 550 were execu",,1800,
1659,WRS_PLT_SRCK,Warszawa,Pultusk,Serock,,16XX,1700,1600,1650,"Jews traded there in the 17th cent. An organized community was established in the early 19th cent. and numbered 2,054 (52.5% of the total) in 1897. As a result of WWI, the Red Army's brief occupation (1920), and Polish an",,1600,XX
1660,SDL_LKV_SRKM,Siedlce,Lukow,Serokomla,,18EX,1850,1800,1825,"Jews settled in the early 19th cent. and numbered 140 (total 977) in 1921. On 22 Sept. 1942, the Jews of S., together with Jews from nearby villages, about 200 in all, were executed in the course of 11 hours outside th",,1800,EX
1661,KVN_VLK_SHTY,Kovno,Vilkomir,Shaty,16EX,16XX,1700,1600,1650,"Jews first settled in the 17th cent. A Karaite community existed from 1664 to 1709. In the second half of the 19th cent., the J. community suffered from fires and famine. In 1897 the J. pop. was 1,135 (68%",,1600,XX
1662,TRD_SVS_SVST,Taurida,Sevastopol,Sevastopol,1784,17LX,1800,1775,1775,Jews first settled in the old period when the city was called Khersones. The modern community was founded in the late 18th cent. and in 1784 included a few families from Galicia. J. residence was banned in 18,"איסור על ישיבת יהודים ב 1829, גירוש ב 1834, לא היה אפקטיבי",1700,LX
1663,MGL_MST_SHMV,Mogilev,Mstislavl,Shamovo,1759,1759,1759,1759,1759,"An organized community was in existence by 1759. In 1897 the J. pop. was 759 (total 915). In 1924-25, under the Soviets, 44 families (246 Jews) earned their livelihoods in agriculture and in 1926 the J. pop. was 607",,1700,
1664,POD_MGL_SHRG,Podolia,Mogilev,Shargorod,15LX,15LX,1600,1575,1575,"J. settlement probably commenced in the late 16th cent., with a synagogue constructed in the Moorish style. As a border town, S. with its Jews was subjected to attacks by Tartars, Cossacks, and Haidamaks. The J. p",,1500,LX
1665,POD_PRS_SHRV,Podolia,Proskurov,Sharavka,15LX,15XX,1600,1500,1550,"Jews settled in the 16th cent. Their pop. was 114 in 1765, 581 in 1897, and 647 (total 2,455) in 1926. The Germans captured the town on 8 July 1941. In Oct. 1942, the Jews were brought to Yarmolintsy, where",,1500,XX
1666,POD_KMN_SHTV,Podolia,Kamenets-Podolsk,Shatova,15LX,15XX,1600,1500,1550,"J. settlement commenced in the 16th cent. The J. pop. was 164 in 1765 and 1,135 (total 2,670) in 1897, dropping to 434 in 1926 under the Soviets. The Germans arrived on 10 July 1941, executing 300 Jews from t",,1500,XX
1667,MNS_IGM_SHTS,Minsk,Igumen,Shatsk,17LX,17LX,1800,1775,1775,"Jews probably settled at the turn of the 18th cent., numbering 20 in 1811 and 810 (total 967) in 1897. Their pop. dropped to 780 in 1923. In the mid-1920s, under the Soviets, about 11 families farmed while most of the",,1700,LX
1668,MNS_BBR_SHCH,Minsk,Bobruisk,Shchedrin,1842,1842,1842,1842,1842,"S. was founded in 1842 as a J. farm settlement and had a J. pop. of 4,022 (total 4,234) in 1897. Thirty J. families were still farming in the late 19th cent. while a large number of Jews engaged in the lumber trad",מושבה חקלאית יהודית,1800,
1669,CRN_GRD_KRZH,Chernigov,Gorodnia,Korzhovka,1874,1897,1897,1897,1874,"The town developed from a farm after a train station was built there in 1874. In 1897, Jews numbered 985 (total 2,379) and in 1939, 1,402. The Germans captured S. on 3 Sept. 1941 and on 24 Nov.,",,1800,
1670,KIV_KNV_SHND,Kiev,Kanev,Shenderovka,1897,1897,1897,1897,1897,"The J. pop. was 761 (total 3,966) in 1897. The mainstay of the J. economy was the town's weekly market day, particularly the twice-monthly grain and cattle markets. Most were Hasidim. In 1926, under the Soviets, the J",,1800,
1671,VLH_ZSL_SHCH,Volhynia,Zaslavl,Shchepetovka,16EX,16XX,1700,1600,1650,"Jews probably settled in the 17th cent. and numbered 317 in 1765. In the late 18th and early 19th cents., S. was a hasidic center, particularly in the time of R. Pinhas Shapira of Koretz (1726-91). In 1897",,1600,XX
1672,KHR_ALK_DLNS,Kherson,Aleksandriia,Dolinskaia,18LX,18LX,1900,1875,1875,"J. settlement probably commenced in the late 19th cent. The J. pop. was 57 in 1897 and 245 (total 10,015) in 1926 under the Soviets. The Germans captured S. on 8",,1800,LX
1673,KHR_ANN_STPN,Kherson,Ananev,Stepanovka,18EX,18EX,1850,1800,1825,"A stone synagogue was built in the first half of the 19th cent. The J. pop. was 567 (total 1,889) in 1897 and 293 in 1939. A. J. elementary school was still operating in the early 1930s. The Germans captured S. on 6 A",,1900,EX
1674,MGL_MGL_SHKL,Mogilev,Mogilev,Shklov,16EX,16EX,1650,1600,1625,"Jews settled in the early 17th cent. and reached a pop. of 1,367 in 1766. They engaged in petty trade and, as wholesalers, dealt in cloth, silk, and cattle. J. merchants were guild members while most of the petty tra",,1600,EX
1675,CRN_GLK_SHST,Chernigov,Glukhov,Shostka,17LX,17LX,1800,1775,1775,"Jews probably settled in the late 18th cent. and numbered 1,842 (total 7,000) in 1897. In 1939, 370 remained. The Germans captured S. on 27 Aug. 1941. Those Jews who had neither fled nor been evacuated were murdered in th",,1700,LX
1676,POD_BRT_SHPK,Podolia,Bratslav,Shpikov,1765,1765,1765,1765,1765,"Jews numbered 21 in 1765 and 1,875 (total 4,901) in 1897. In the Soviet period, a J. elementary school (four grades) was in operation. A nearby J kolkhoz provided employment for a few dozen J. families (46 farmers in",,1700,
1677,KIV_ZVN_SHPL,Kiev,Zvenigorodka,Shpola,17LX,17LX,1800,1775,1775,"The J. pop. was 251 in the late 18th cent. and 5,388 in 1897. On 18-19 Feb. 1897, Ukrainian townsmen and peasants from the nearby villages extensively looted and destroyed J. property. In 1919, General Denikin's White Army",,1700,LX
1678,MGL_KLM_SHMC,Mogilev,Klimovichi,Shumiachi,16LX,16LX,1700,1675,1675,"Jews probably settled at the turn of the 17th cent. An organized community existed by the mid-18th cent. The J. pop. was 1,190 in 1847 and 2,523 (total 3,991) in 1897. In the Soviet period, the J. pop. dropped to 1,3",,1600,LX
1679,GLC_LWW_SNK,Galicia,Turka,Sianki,,1921,1921,1921,1921,"The J. pop. in 1921 was 119. The Jews were possibly deported to the Belzec death camp in the second half of 1942, directly or via Turka.",,1900,
1680,SWL_VLD_SHDY,Suwalki,Vladislavov,Shodyne,18LX,1923,1923,1923,1923,"The J. pop. in 1923 stood at 130 (30% of the total), dropping to 70 in 1940. After the German conquest of 1941, the Jews were taken to Sakiai on 5 July and shot nea",,1900,
1681,KVN_SHV_SHVL,Kovno,Shavli,Shavliany,16EX,16XX,1700,1600,1650,"Jews first settled in the 17th cent., building a beautiful synagogue at mid-cent. In the late 1800s, many emigrated to the U.S. and South. Africa. In 1861, the community became famous throughout Rus",,1600,XX
1682,KVN_SHV_SHVL_2,Kovno,Shavli,Shavli,16EX,16XX,1700,1600,1650,"Jews first settled in the 17th cent. In 1731, the community received permission to establish itself formally. A magnificent synagogue was built in 1749. In 1775, the J. community was granted the right",,1600,XX
1683,GRD_SKL_SDR,Grodno,Sokolki,Sidra,16LX,16LX,1700,1675,1675,"J. settlement began in the late 17th cent. Most Jews depended on the weekly market day to earn their livelihoods. The J. pop. reached 742 (total 1,165) in 1897, declining sharply in 1921 to 455 (total 897) through emigr",,1600,LX
1684,RDM_KZN_SCCH,Radom,Kozienice,Sieciechów,,18XX,1900,1800,1850,"A few J. families were present in the 19th cent. and 118 Jews (total 998) in 1921. There is a lack of information about the fate of the Jews of S., but it is believed that in summer 1942 all the Jews were deported by",,1800,XX
1685,SDL_SDL_SDLC,Siedlce,Siedlce,Siedlce,,1577,1577,1577,1577,"Jews were present by 1577. The community was presumably destroyed in the Chmielnicki massacres of 1648-49. In the 18th cent., Jews were living in S. in relative prosperity and in the 1790s the town's proprietress sold th",,1500,
1686,GRD_PRZ_SLTS,Grodno,Pruzhany,Selets,1623,1623,1623,1623,1623,"An organized J. settlement is known from 1623. After WwI, the J. pop. dropped from an 1897 high of 866 (total 2,684) to 250. In May 1942, the Jews were brought to Bereza Kartuska and from there sent t",,1600,
1687,GLC_LWW_SLC,Galicia,Sokal,Sielec,,1921,1921,1921,1921,The J. pop. in 1921 was 175. Those Jews not fleeing to Soviet territory in Sept-Oct. 1939 were possibly deported to the Belzec death camp via Sokal in fall 1942.,,1900,
1688,LBL_KHL_SLC,Lublin,Chelm,Sielec,,16LX,1700,1675,1675,"A community of 15 Jews is known from the late 17th cent. Between the World Wars, 40-50 J. families lived there. With the ad- dition of 80 refugees from Cracow, the J. pop. rose to 450 under the German occupation in",,1600,LX
1689,GLC_LWW_SNW,Galicia,Jaroslaw,Sieniawa,,16LX,1700,1675,1675,"Jews were the first to settle in S. in the late 17th cent. and constituted a majority of the pop. until WwIl. In the 18th cent. the community was one of the most important in the region. In 1856, R. Yehezke",,1600,LX
1690,WRS_NSH_SNNC,Warszawa,Minsk Mazowiecki,Siennica,,18EX,1850,1800,1825,"An organized community existed from the 1820s, growing to 560 (total pop. 988) in 1921. All the Jews were deported by the Germans to the Treblinka death camp on 18 Oct. 1942.",,1800,EX
1691,RDM_ILZ_SNN,Radom,Ilza,Sienno,,15XX,1600,1500,1550,"Jews settled in the 16th cent. In the 19th cent., Avraham Yehoshua Heschel served as rabbi, later gaining fame as a religious philosopher in the US. The J. pop. was 735 (total 1,686) in 1921. Under the German occupation i",,1500,XX
1692,KLS_SRD_SRDZ,Kalisz,Sieradz,Sieradz,,1436,1436,1436,1436,"Jews first settled here in 1436 but the community grew only in the mid-18th cent. In 1822 the Jews were confined to a ghetto but the measure was rescinded in 1862. The J. pop. in 1897 was 2,357 (34.5% of the total) and in",,1400,
1693,PLC_SRP_SRPC,Plock,Sierpc,Sierpc,,17MX,1775,1750,1750,"Jews are first mentioned in the mid-18th cent., living in a separate quarter and engaging in petty trade A few exported grain or leased estates and by the late 19th cent. 40% of breadwinners were artisans. A",,1700,MX
1694,KVN_VLK_SSK,Kovno,Vilkomir,Sesikai,18LX,1926,1926,1926,1926,"According to the 1926 census, there were 125 Jews in S. Most were engaged in the grain trade. They maintained a small synagogue. The Zionist movement won widespread support. Most of the youth",,1900,
1695,PTR_BND_SWRZ,Piotrkow,Bedzin,Siewierz,,1862,1862,1862,1862,"Jews were banned from residence until 1862. In 1939, they numbered 229. All were expelled by the Germans to Zawiercie in summer or fall 1942 and from there deported to Auschwitz.",,1800,
1696,KVN_RSS_SHLL,Kovno,Rossieny,Shileli,17EX,17XX,1800,1700,1750,"Jews first settled in the 18th cent. Three synagogues were in operation and the Hovevei Zion movement attracted a folowing. At the end of the 19th cent., many emigrated to the U.S., South Africa, and som",,1700,XX
1697,KVN_RSS_SHDL,Kovno,Rossieny,Shidlovo,17EX,17XX,1800,1700,1750,"Jews first settled in the 18th cent. A synagogue was built in the 19th cent. The J. pop. in 1897 was 506 (42% of the total). In the 1922 elections for the Lithuanian Sejm (parliament), the Jews voted",,1700,XX
1698,TRD_SMF_SMFR,Taurida,Simferopol,Simferopol,17LX,18LX,1803,1875,1875,"J. settlement commenced with the founding of the city in the late 19th cent. The J. pop. was 471 in 1803, rising to 8,951 Ashkenazi Jews (total pop. 49,078) in 1897, with another 500 Krimchaks and 1,000 Karai","השומר הצעיר, פועלי ציון, הבונד",1800,LX
1699,SWL_KLV_SMN,Suwalki,Kalvariia,Simno,17EX,17XX,1800,1700,1750,"A J. community is first mentioned in the 18th cent. The J. pop. was 736 in 1856, dropping to 493 in 1897 (34%). During WWI, the Russian army expelled the Jews to Russia, some of whom returned later. Betwee",תנועה ציונית פעילה,1700,XX
1700,KVN_VLK_SHMN,Kovno,Vilkomir,Shimantsa,1886,1886,1886,1886,1886,"The J. pop. in 1886 was approximately 34 (30% of the total), rising to 79 in 1923. After the German conquest of 1941, the Jews were killed together with other Jews from the area in fall 1941.",,1800,
1701,EKT_PVL_SNLN,Ekaterinoslav,Pavlograd,Sinelnikov,18MX,18LX,1897,1875,1875,"Jews settled in the late 19th cent. and numbered 259 in 1897. In 1919, they were attacked in a pogrom by General Denikin's White Army soldiers. In the Soviet period, the J. pop. was 1,309 (total 12,581) in 1",,1800,LX
1702,MNS_SLT_SNVK,Minsk,Slutsk,Siniavka,18LX,18LX,1900,1875,1875,In the late 19th cent. the Jews of S. engaged in farming and leasing and some traded in lumber. In 1921 they numbered 379 (total 514) after enduring a reign of terror unleashed by Polish soldiers in t,,1800,LX
1703,VTB_PLT_SRTN,Vitebsk,Polotsk,Sirotino,17LX,1897,1897,1897,1897,"The J. pop. was 269 in 1847 and 1,766 (89% of the total) in 1897. In the early 20th cent., Jews were employed in the linen-processing industry as well as in trade and crafts. In 1926, under the Soviets, their pop.",,1800,
1704,VLN_VLN_SHRV,Vilna,Vilnius,Shirvinty,17EX,17XX,1800,1700,1750,"Jews first settled in the 18th cent. In the late 19th cent., many Jews were Zionists and Haskala adherents. The J. pop. in 1897 was 1,413 (76% of the total), dropping to about 700 in 1940. During WWI the Jews were",,1700,XX
1705,GLC_TRN_SKL,Galicia,Brody,Skała,,1570,1570,1570,1570,"Jews are mentioned from 1570 but the community was apparently wiped out in the Chmielnicki massacres of 1648-49 and the subsequent Swedish and Hungarian invasions. Recovering late in the 17th cent., it",,1500,
1706,KLC_PNC_SKLB,Kielce,Pinczow,Skalbmierz,,1880,1880,1880,1880,"Jews only settled here in 1880, forming an organized community with a synagogue and cemetery in the early 20th cent. and numbering 609 (total 1,715) in 1921. About 400 remained when the Germans arrived in Sept. 1939.",,1800,
1707,KVN_NVL_SKPS,Kovno,Novoaleksandrovsk,Skopishki,18MX,1870,1870,1870,1870,"By 1870, the Jews in S. had established a synagogue. In 1897, the J. pop. was 1,010 (85% of the total). The Jews engaged in peddling and trade. When economic conditions worsened, partl",,1800,
1708,RDM_KNS_KMNN,Radom,Konskie,Kamienna,,18LX,1900,1875,1875,"Jews settled in the late 19th cent. During the 20th cent., Gur, Aleksandrow, and Amshinov Hasidim maintained 15 shtiblekh. In 1918, Jews were victimized in a pogrom. Their pop. grew to 1,590 (total 8,163) in 1",,1800,LX
1709,KVN_RSS_SKVD,Kovno,Rossieny,Skavdvili,17EX,17XX,1800,1700,1750,"Jews first settled in the 18th cent., establishing a synagogue and yeshiva in the 19th cent. The J. pop. of 1,012 in 1897 (72% of the total) remained stable down through the years. Unlike most places in Lithuania,",,1700,XX
1710,VTB_LTS_PLSH,Vitebsk,Liutsin,Polishcheno,18MX,19EX,1910,1900,1925,"J. farmers were present for a few generations before WWI, numbering 144 (a quarter of the pop.) in 1910. Many left after the war but the Jews still managed to maintain community institutions and for the most part identif",תנועה ציונית פעילה,1900,EX
1711,GLC_CRC_SKWN,Galicia,Podgorze,Skawina,,1860,1860,1860,1860,"Jews did not settle until the residence ban was lifted in 1860 under Austrian rule. They numbered 100 in 1890 and 280 in 1921 (total 2,444). J. property was looted in the riots of Nov. 1918. The Germans expelled 150 to M",,1800,
1712,PLC_LPN_SKP,Plock,Lipno,Skępe,,1852,1852,1852,1852,"In 1852, Jews established a community which numbered 350 in 1921. During the Holocaust, they were probably expelled to other cities.",,1800,
1713,GRD_GRD_SKDL,Grodno,Grodno,Skidel,16LX,16LX,1700,1675,1675,"Jews arrived in the late 17th cent. A devastating fire in 1880 left many homeless. The J. pop. doubled from 1,062 in 1878 to 2,222 (total 2,790) in 1897 after an influx of Jews from the villages in the wake of Czar Ale",,1600,LX
1714,KVN_VLK_SKMN,Kovno,Vilkomir,Skiemonys,17MX,1923,1923,1923,1923,"The J. pop. was 160 in 1886 and 128 in 1923 (22% of the total). After the German occupation of 1941, the Jews were probably transferred to Anyksciai, where they were murdered together with the local J",,1900,
1715,LBL_ZMS_SKRB,Lublin,Zamosc,Skierbieszów,,14XX,1500,1400,1450,"Dating back to the 15th cent., the J. community in S. numbered 106 in 1921. The Germans murdered 82 Jews in Nov. 1941 and the last 14 in May 1942.",,1400,XX
1716,WRS_SKR_SKRN,Warszawa,Skierniewice,Skierniewice,,19EX,1827,1827,1827,"Although J. residence was restricted, the community increased threefold between 1827 and 1857 and in 1897 numbered 4,333 (28% of the total). This was due mainly to the jobs and trade generated by the building of the c",,1900,EX
1717,PRU_PSN_SCHK,Preussen,Wagrowiec,Schokken,,1770,1770,1770,1770,"A J. community of 338 existed in 1770, dwindling to 182 in 1895 (total 1,319) and fewer than 50 in Sept. 1939. All were expelled by the Germans to General Gouvernement territory shortly after the occupation.",,1700,
1718,GLC_LWW_SKLS,Galicia,Jaroslaw,Skołoszów,,1921,1921,1921,1921,"The J. pop. in 1921 was 188 (total 2,650). The Jews probably shared the fate of Radymno's Jews in the Holo",,1900,
1719,MNS_MZY_SKRD,Minsk,Mozyr,Skorodnoe,18MX,1897,1897,1897,1897,"The J. pop. was 422 (total 674) in 1897. In the Soviet period, a J. elementary school (four grades) was in operation, with an enrollment of 58 in 1928. Most Jews earned their livelihoods as artisan",,1800,
1720,CRL_ILL_SKRD,Courland,Illukst,Skrudelina,,1935,1935,1935,1935,The J. pop. was 19 in 1935 (total 236). The remaining Jews were murdered shortly after the German occupation of June 1941.,,1900,
1721,MNS_MZY_SKRY,Minsk,Mozyr,Skrygalov,1811,1811,1811,1811,1811,"Jews numbered 37 in 1811 and 417 (total 784) in 1897. Seventeen Jews from S. and its environs were murdered and nearly all J. homes looted in a pogrom staged by the Balakhovich brigade in 1920. In 1923, the J. po",,1800,
1722,RDM_OPC_SKRZ,Radom,Opoczno,Skrzynno,,18XX,1897,1800,1850,"Jews lived there from the 19th cent. and in 1897 numbered 191 (35% of the total). During wwit the Jews were forced by the Germans to work in the nearby quarries. In Oct. 1942, the 200 Jews (including refugees) were sent t",,1800,XX
1723,KLS_SLP_SKLS,Kalisz,Slupca,Skulsk,,18MX,1875,1850,1850,"The independent community dates from the mid-19th cent. and numbered 185 in 1897 (25% of the total). In July 1940 some of the Jews were dispersed by the Germans to the Zagorow, Grodziec, and Rzgow ghettoes and murdered in O",,1800,MX
1724,KVN_TLS_SHKD,Kovno,Telshi,Shkudy,16EX,16XX,1700,1600,1650,"Jews first settled in the 17th cent. A magnificent synagogue, one of the oldest in Lithuania, was built in the early 18th cent. There were another three synagogues. Until 1879 children studied in a heder and talmud",,1600,XX
1725,KIV_SKV_SKVR,Kiev,Skvira,Skvira,16LX,16LX,1700,1675,1675,"Jews probably settled in the late 17th cent. and numbered 262 in 1765 and 2,184 (total 17,958) in 1897. The weekly market day and 16 yearly fairs were an important source of income for the Jews, most of whom were Hasidim.",,1600,LX
1726,EKT_PVL_SLVG,Ekaterinoslav,Pavlograd,Slavgorod na zemle Ts. S. Mirg,18MX,18LX,1897,1875,1875,"Jews settled in the late 19th cent. and numbered 189 (total 1,299) in 1897. In the Soviet period, the J. pop. declined to 123 in 1926 and 13 in 1939. After their arrival on 2 Oct. 1941, the Germans murdered th",,1800,LX
1727,EKT_SLV_SLVN,Ekaterinoslav,Slavianoserbsk,Slavianoserbsk,18EX,1847,1847,1847,1847,"Jews probably settled in the 19th cent. In 1847, the town's 55 Jews founded an organized community and built a prayer house. In 1897, the J. pop. was 143. The Germans occupied S. on 12 July 1942 and murde",,1800,
1728,VLH_ZSL_SLVT,Volhynia,Zaslavl,Sluvuta,17EX,1765,1765,1765,1765,"There were 246 J. poll tax payers in 1765. A J. printing press operated in S. in 1792-1836. In the early 19th cent., Jews contributed to the development of local industry, establishing factories for producing",,1700,
1729,KHR_IZM_SLVN,Kharkov,Izium,Slaviansk,18EX,18EX,1850,1800,1825,"Jews probably settled in the early 19th cent. after the city became a center of the salt, porcelain, and iron-smelting industries. In 1897, the Jews numbered 469 (total 15,792), some engag",,1800,EX
1730,SDL_BLA_SLWT,Siedlce,Brzeg,Sławatycze,,17LX,1800,1775,1775,"Jews settled in the late 18th cent. Numbering about 150 families in the 19th cent., they engaged in the wool and grain trade and contributed to the industrialization of S. by establishing a glass factory and home text",,1700,LX
1731,KLC_OLK_SLWK,Kielce,Olkusz,Sławków,,1862,1862,1862,1862,"A few Jews settled in S. before a residence ban was lifted in 1862, enabling the J. pop. to rise to 610 (total 3,750) in 1921. In 1838, a Jew established a factory for manufacturing steel nails, screws, and wire After WW",,1800,
1732,KLS_KNN_SLSN,Kalisz,Kolo,Ślesin,,18EX,1850,1800,1825,Jews lived there from the early 19th cent. and in 1884 numbered 270 (22% of the total). On 15 May 1940 the Jews were expelled to Zagorow and Grodziec and shared the fate of the Jews there.,,1800,EX
1733,KVN_NVL_SLBD,Kovno,Novoaleksandrovsk,Slobodka,18MX,18LX,1900,1850,1875,Jews probably arrived with the founding of the settlement in the latter half of the 19th cent. and numbered around 40 families (total 200) in 1925. J. tradesmen traveled each week to Drujsk in the abse,,1800,LX
1734,LVL_RIG_SHLK,Livland,Riga,Shlok,1811,1811,1811,1811,1811,"In 1811, 429 Jews were registered as citizens of S. to enable them to trade in nearby Riga, where J. residence was severely restricted. When many were permitted to settle in Riga the number of J. r",,1800,
1735,KLC_MKH_SLMN,Kielce,Miechow,Słomniki,,18EX,1850,1800,1825,"Jews settled in the early 19th cent. and numbered 904 in 1897 and 1,460 (total 4,797) in 1921. Most of the Jews were tradesmen, the larger merchants dealing in lumber and grain and a few owning large textile, shoe, and",,1800,EX
1736,GRD_SLN_SLNM,Grodno,Slonim,Slonim,15LX,14LX,1500,1475,1475,Jews are first mentioned in the late 15th cent. and formed an independent community from around 1626. A great stone synagogue was erected in 1642. In 1660 the community suffered from the depredations of,הפכו לקהילה עצמאית ב 1626,1400,LX
1737,VLH_OVR_SLVC,Volhynia,Ovruch,Slovechno,17MX,17MX,1775,1750,1750,"Jews arrived in small numbers in the mid-18th cent. In 1897, their pop. was 885 (total 1,570). The Soviet-J. writer Itzik Kipnis (1896-1974) was born in S. On 16-19 July 1919, the Petlyura gangs initiated a p",,1700,MX
1738,MGL_SNN_SLVN,Mogilev,Sienno,Sloveni,18MX,1897,1897,1897,1897,The J. pop. was 446 (total 751) in 1897. A J. kolkhoz with six families was founded in 1929. The Germans arrived in July 1941. All of the 120 remaining Jews were concentrated in one street until executed on 16 March,,1800,
1739,KLS_SLP_SLPC,Kalisz,Slupca,Słupca,,1870,1870,1870,1870,"The community was founded in the 1870s and numbered 751 in 1897 (20% of the total). In Feb. 1940, several hundred Jews were expelled by the Germans to Tarnow and Bochnia. On 17-18 July 1941, the remainder were transferred t",,1800,
1740,KLC_KLC_SLPN,Kielce,Opatow,Słupia Nowa,,18EX,1850,1800,1825,"Jews settled in the early 19th cent. The development of quarries drew many Jews to S. and in 1921 the J. pop. numbered 956 (total 2,160). In 1929, 300 were left homeless after a fire. Rioting Poles pillaged and beat",,1800,EX
1741,MNS_SLT_SLTS,Minsk,Slutsk,Slutsk,1583,1583,1583,1583,1583,"Jews are first mentioned in 1583. In the early 17th cent., the community came under the jurisdiction of Brest-Litovsk and in the late 17th cent. it was one of the five leading communities in the Lithuanian Council. In",,1500,
1742,WRS_NSH_SLZW,Warszawa,Nieszawa,Służewo,,17XX,1800,1700,1750,"Jews settled there in the 18th cent. Economic pressures reduced their number from 560 in 1857 to 252 (17.5% of the pop.) in 1921. The Nazis subjected them to forced labor and established a ghetto, which was liquidated in",,1700,XX
1743,KIV_CHR_SML,Kiev,Cherkasy,Smiela,1765,1765,1765,1765,1765,"The J. pop. of S. and the surrounding settlements was 927 in 1765. In 1897, the J. pop. of S. was 7,475 (total 15,000). Most of the city's 176 shopkeepers and 256 artisans were Jews. A pogrom on 3 May 1881, left seven Jews",,1700,
1744,MNS_IGM_SMLV,Minsk,Igumen,Smilovichi,17EX,1765,1765,1765,1765,"The J. pop. was 462 in 1765 and 2,094 (total 3,133) in 1897. On 7 or 8 July 1920, retreating Polish soldiers beat and robbed Jews in S. In 1926, under the Soviets, the J. pop. dropped to 1,748. Many Jews worked at",,1700,
1745,LVL_VLK_SMLT,Livland,Valk,Smilten,1880,1880,1880,1880,1880,"The J. community was formed in the 1880s, attracting Lithuanian Jews at the turn of the cent. and growing to 278 (total 2,357) in 1920. About 20 young Jews joined the Latvian army in 1919 and participated in",,1800,
1746,SML_SML_SMLN,Smolensk,Smolensk,Smolensk,12LX,12LX,1300,1275,1275,"Jews were probably living in S. in the late 13th cent. In 1611, after the town was captured from the Russians, King Sigismund II of Poland banned J. residence. Nonetheless, 80 Jews were present in 1616. Following the",,1200,LX
1747,MGL_ORS_SMLN,Mogilev,Orsha,Smoliany,18LX,15LX,1600,1575,1575,"Jews are first mentioned in the late 16th cent. and numbered 530 in 1765 and 1,704 (79% of the total) in 1897. By 1926, under the Soviets, the J. pop. dropped to 950. Fiftyeight J. breadwinners were artisans and 18",,1500,LX
1748,GLC_STN_SMRZ,Galicia,Stryj,Smorze,,1921,1921,1921,1921,The J. pop. was 129 in 1921. The Jews were expelled to Stry) for liquidation in Sept. 1942.,,1900,
1749,POD_KMN_SMTR,Podolia,Kamenets-Podolsk,Smotrich,1712,1712,1712,1712,1712,"An organized community existed by 1712. In 1765 the J. pop. was 275 and in 1897, 1,725 (total 3,900). A Hovevei Zion group became active towards the end of the 19th cent. Later additional organizations began",,1700,
1750,LMZ_LMZ_SNDV,Lomza,Lomzha,Sniadovo,15MX,15LX,1600,1575,1575,"The J. settlement dates from the second half of the 16th cent. The J. pop. reached 1,081 (total 1,203) in 1857 and 1,300 at the end of the 19th cent. but after the community was expelled in WwI by the Russian army, j",,1500,LX
1751,GLC_STN_SNTY,Galicia,Sniatyn,Śniatyn,,1563,1563,1563,1563,"J. settlers are mentioned in 1563 and were accorded wide-ranging rights, the J. pop. growing to 4,206 in 1900 (total 11,500). The Zionists were active from 1894 and a Baron Hirsch school, eventually e",,1500,
1752,POD_LTC_SNTV,Podolia,Letichev,Snitovka,1847,1847,1847,1847,1847,"Jews numbered 98 in 1847 and 231 (total 1,436) in 1897. The Nazis captured the town in the latter half of July 1941. The Jews of S. were murdered in 1942 with the Jews of the Letichev region.",,1800,
1753,MNS_NVG_SNV,Minsk,Novogrudok,Snov,15EX,15XX,1600,1500,1550,Jews probably arrived in the 16th cent. In 1897 they numbered 526 (total 707) but their number declined from the early 20th cent. and stood at 401 in 1921. Most of the Jews were murdered by the Germans on,,1500,XX
1754,POD_MGL_SNTK,Podolia,Mogilev,Snitkov,17EX,1765,1765,1765,1765,"In 1765, 281 Jews were living in S. and the neighboring villages. Their pop. increased to 1,126 (total 2,886) in 1897. A wooden synagogue dated to the 18th cent. Most of the town's 40 stores belonged to Jews. In 1927",,1700,
1755,KLC_JDR_SBKW,Kielce,Jedrzejow,Sobków,,17LX,1800,1775,1775,"Jews settled in the late 18th cent., founding a school and synagogue by the beginning of the 19th cent. They numbered 646 (total 1,117) in 1897. After WWI, the economic crisis and heavy taxes reduced many to penury. Durin",,1700,LX
1756,POD_GSN_SBLV,Podolia,Gaisin,Sobolevka,1765,1765,1765,1765,1765,"Twelve Jews were present in 1765. The J. pop. reached 1,121 (total 5,745) in 1897. In the Soviet period, most Jews were employed in artisan cooperatives and a sugar refinery. Others (75 families in 1930) worked on a",,1700,
1757,SDL_GRV_SBLW,Siedlce,Garwolin,Sobolew,,18EX,1850,1800,1825,"Jews probably settled in the early 19th cent. and maintained a prayer house serving the neighboring villages. In 1921, their pop. was 561 (total 976). Between the World Wars, Zionist activity was extensive. The Ger",,1800,EX
1758,WRS_LVC_SBT,Warszawa,Lowicz,Sobota,,15EX,1550,1500,1525,"Jews first settled here in the early 16th cent. and by 1897 numbered 325 (49% of the total). At the outbreak of Wwil, Jews fled to other towns and the remainder were expelled to Glowno in 1940.",,1500,EX
1759,WRS_SKH_SCHC,Warszawa,Sochaczew,Sochaczew,,1426,1426,1426,1426,"The first record of Jews living here is a royal document from 1426. In the succeeding centuries, the community suffered from continuing antisemitism, including economic strictures and blood libels resulting in the exec",,1400,
1760,EKT_VRK_SFVK,Ekaterinoslav,Verkhnednieprovsk,Sofievka,18MX,18LX,1900,1875,1875,"Jews settled in the late 19th cent., numbering 390 (total 9,327) in 1897 and 425 in 1926. In 1939, 67 remained. These were murdered by the Germans after they captured the city in mid-Aug. 1941, probably in May",,1800,LX
1761,POD_NVU_SKLT,Podolia,Novaia Ushitsa,Sokolets,17EX,1765,1765,1765,1765,"Jews numbered 356 in 1765 and 747 (27% of the total) in 1897. In the Soviet period, a J. rural council (soviet) was active and in 1923 the J. pop. was 505. The Germans occupied the town in early July 1941 an",,1700,
1762,GRD_SKL_SKLK,Grodno,Sokolki,Sokolka,15LX,15LX,1600,1575,1575,"Jews possibly settled in the latter half of the 16th cent. In 1698 they received a wide-ranging charter of privileges from King Augustus II, granting them freedom of worship and the right to hold property and engage i",,1500,LX
1763,VLH_NVG_SKLV,Volhynia,Novograd-Volynskii,Sokolov,17MX,17MX,1775,1750,1750,J. settlement began in the mid-18th cent. and reached a pop. of 239 (total 770) in 1897 and nearly 500 in the 1920s. Many Jews were artisans. The Jews were murdered in the initial period of the German occupation (,,1700,MX
1764,GLC_STN_SKLW,Galicia,Kolbuszowa,Sokołów,,15XX,1600,1500,1550,Jews apparently settled in the 16th cent. and continued to live in S. despite residence restrictions. In the late 19th cent. the J. pop. was 229 (somewhat less than half the total-pop.). In Aug. 1,,1500,XX
1765,SDL_SKL_SKLW,Siedlce,Sokolow,Sokołów,,16EX,1650,1600,1625,"Jews probably settled in the early 17th cent. as petty traders, tanners, shoemakers, and furriers, enjoying equal rights with Christian artisans under a royal privilege of 1665. The J. pop. grew from 1,186 in 1827",,1600,EX
1766,LMZ_WYS_SKLY,Lomza,Wysokie Mazowieckie,Sokoly,17EX,17XX,1800,1700,1750,"Jews probably first settled in the 18th cent. Their pop. grew to 1.377 in 1857 (total 1.509). Most were poor, selling goods and services at the weekly market and monthly fair or in the surrounding villages. A synagogue",,1700,XX
1767,VLH_LTS_SKL,Volhynia,Lutsk,Sokul,17LX,17LX,1800,1775,1775,"A hundred Jews were living here in the late 18th cent. In the Holocaust, the Jews were probably taken to the Rozyszeze ghetto for liquidation.",,1700,LX
1768,RDM_ILZ_SLC,Radom,Ilza,Solec,,16XX,1700,1600,1650,"A small J. community existed in the 17th cent. In 1921, the Jews numbered 843 (total 2,513). The Germans entered S. on 9 Sept. 1939 and in Dec. 1941 set up a ghetto whose 800 residents were transferred to Tarlow",,1600,XX
1769,VLN_VLN_BLSH,Vilna,Vilnius,Bolshie Solochniki,17EX,17XX,1800,1700,1750,"Jews may have arrived in the 18th cent. Most were shopkeepers and peddlers doing the bulk of their business on the weekly market day. The J. pop. numbered 134 in 1866 and 570 (total 1,200) in 192",תנועה ציונית פעילה,1700,XX
1770,POD_NVU_SLBK,Podolia,Novaia Ushitsa,Solobkovtsy,17EX,1765,1765,1765,1765,"The J. pop. was 411 in 1765 and 1,307 (39% of the total) in 1897. A J. printing press was founded in 1802. Pogroms were staged against the Jews on 23 Nov. 1917 and 20 Aug. 1919. In the Soviet period, a J.",,1700,
1771,GLC_STN_SLTW,Galicia,Bohorodczany,Sołotwina,,16XX,1700,1600,1650,"The 17th cent. community grew to nearly 2,000 in the late 19th cent. (around 50% of the total), with a Baron Hirsch school for over a hundred children as well as a Hebrew school. The Russians burned",,1600,XX
1772,VLN_OSH_SLY,Vilna,Oshmiany,Soly,17LX,1847,1847,1847,1847,"A community of 245 was present in 1847, increasing to 530 in 1897 (total 981). In Wwi, 28 J. homes were destroyed. In 1930 there were about 130 families (about half the total). The community was rehabilitated",,1800,
1773,KLS_KLO_SMPL,Kalisz,Kolo,Sompolno,,17LX,1800,1775,1775,"Jews lived there from the late 18th cent. and between 1823 and 1862 only by special permission. The J. pop. in 1897 was 641 (22.5% of the total) and in 1939 about 1,200. In 1940 the Jews were ghettoized and on 2 Feb. 1942",,1700,LX
1774,SWL_AVG_SPTS,Suwalki,Avgustov,Sopotskin,17MX,17LX,1800,1775,1775,An organized community was established in the second half of the 18th cent. with the consecration of a synagogue and cemetery. Many fled in WWI as Jews suffered abuse and persecution under the Germ,תנועת החלוץ,1700,LX
1775,BSS_SRK_SRK,Bessarabia,Soroki,Soroki,16EX,16XX,1700,1600,1650,"Jews first settled in the 17th cent. after receiving permission from the princes of Moldavia to live, trade, and work there. They engaged in the sale of agricultural produce. A committee elected",,1600,XX
1776,GLC_LWW_SSNC,Galicia,Jaroslaw,Sosnica,,1921,1921,1921,1921,The J. pop. was 100 in 1921. Some Jews were expelled to Soviet-held territory in 1939 and met their end there after the German conquest of 1941; others were deported to the Belzec death camp in 1942.,,1900,
1777,CRN_SSN_SSNT,Chernigov,Sosnitsa,Sosnitsa,17LX,17LX,1800,1775,1775,"Jews settled in the late 18th cent. and numbered 1,842 (total 7,000) in 1897. Most trade and crafts were in their hands. A J. kolkhoz was active in the 1920s. The J. pop. dropped between the World Wars, reaching 370",,1700,LX
1778,SDL_VLD_SSNW,Siedlce,Wlodawa,Sosnowica,,1897,1897,1897,1897,"A J. community of 514 was present in 1897, dropping to around 300 between the World Wars (about half the total pop.). The Germans arrived in early Oct. 1939, immediately killing 30 Jews and instituting a regime of forc",,1800,
1779,PTR_BND_SSNW,Piotrkow,Bedzin,Sosnowiec,,1859,1859,1859,1859,"The first Jew, Avraham Blumenthal of Modzejow, settled in 1859, authorized by the Russians to act as the city's customs agent. Others followed, including Hasidim (Radomsko, Aleksandrow, Sochaczew, Kotsk), with the comm",,1800,
1780,GLC_CRC_SWLN,Galicia,Limanowa,Sowliny,,1921,1921,1921,1921,"The J. pop. in 1921 was 120 (total 1,920). The Jews were probably expelled to Limanowa for extermination in summer 1941.",,1900,
1781,GLC_STN_SPS,Galicia,Dolina,Spas,,1921,1921,1921,1921,The J. pop. in 1921 was 113. The Jews were probably expelled to Dolina for liquidation in spring-summer 1942.,,1900,
1782,KIV_BRD_SPCH,Kiev,Berdichev,Spichintsy,1897,1897,1897,1897,1897,"The J. pop. was 937 (total 2,607) in 1897 and 774 in 1926. A pogrom was staged in 1918. The Germans arrived on 21 July 1941. They murdered the Jews in two stages: some in Oct., together with the Jews of Pliskov; the",,1800,
1783,PRU_PSN_SCHR,Preussen,Srem,Schrimm,,15XX,1600,1500,1550,"Jews first settled in the 16th cent. in a quarter especially constructed for them. By 1816 the J. pop. stood at 1,566 (total 2,696), with 223 of the 473 J. breadwinners engaged in peddling, 89 in trade and brokerage, and 14",,1500,XX
1784,PTR_PTR_SRCK,Piotrkow,Piotrkow,Srocko,,18XX,1900,1800,1850,"In the 19th cent. Jews leased land in the village (known as J. Srocko) but by the beginning of the 20th cent. Jews no longer worked these plots. In Oct. 1942, all 600 Jews (most of them refugees) were expelled to Piotrkow",,1800,XX
1785,PRU_PSN_SCHR_2,Preussen,Sroda,Schroda,,1793,1793,1793,1793,"Jews settled after the Prussian annexation in 1793, some operating farms in the surrounding countryside. An organized community with a synagogue and elementary school was soon formed, reaching a pop. of 338 (total 2,183) i",,1700,
1786,MNS_PNS_STKH,Minsk,Pinsk,Stakhovo,18LX,1921,1921,1921,1921,"The J. pop. in 1921 was 140 (total 1,849). The Jews were presumably brought to the Stolin ghetto for liquidation on II Sept. 1942",,1900,
1787,VLN_TRK_STKL,Vilna,Troki,Stoklishki,17EX,17EX,1750,1700,1725,Jews first settled at the beginning of the 18th cent. In the 1880s many emigrated to the U.S.. The J. pop. in 1897 was 808 (37% of the total). Between the World Wars Jews emigrated to the U.S. and,תנועה ציונית פעילה,1700,EX
1788,SRT_TSR_TSRT,Saratov,Tsaritsyn,Tsaritsin,18LX,18LX,1900,1875,1875,"Jews settled in the late 19th cent. and reached a pop. of 893 (total 55,000) in 1897. The community maintained a prayer house at this time. In the Soviet period, the J.",,1800,LX
1789,EKT_BKH_IZVK,Ekaterinoslav,Bakhmut,Iuzovka,18MX,18LX,1900,1875,1875,"Jews settled in the late 19th cent. following the opening of coal mines and a British-built steel mill in 1869. Most were artisans, with a number of wealthy merchants. A handso",,1800,LX
1790,PRU_OST_STLL,Preussen,Stolupiany,Stallupönen,,1925,1925,1925,1925,"Germany, today Russia. The J. pop. numbered 57 in 1843; 132 in 1880; and 60 in 1925. The community maintained a synagogue and a cemetery. In 1933, there were 48 Jews still living in S. On Kristallnacht Syna",,1900,
1791,POD_VNN_STNS,Podolia,Vinnitsa,Stanislavchik,1765,1765,1765,1765,1765,"Jews numbered 22 in 1765 and 1,207 (total 5,142) in 1897. A talmud torah was open in the early 20th cent. Under the Soviets, a separate J. council (soviet) and J. school (four grades) were active for a short whi",,1700,
1792,GLC_TRN_STNS,Galicia,Brody,Stanisławczyk,,1880,1880,1880,1880,The J. community grew to 795 or half the pop. in 1880 but declined steadily through emigration to 165 in 1921. The Germans entered S. on 25 June 1941 after two years of Soviet rule and the Ukrainia,,1800,
1793,GLC_STN_STNS,Galicia,Stanislawow,Stanislau,,1654,1654,1654,1654,Jews arrived with the founding of the town in 1654 by Count Jendrzej Potocki. They received extensive trade and residence privileges and in the 18th cent. replaced the Armenians as,,1600,
1794,WRS_NWM_STNS,Warszawa,Minsk Mazowiecki,Stanislawow,,16LX,1700,1675,1675,"Jews first settled in the late 17th cent., reaching a pop. of 601 (total 2,082) in 1897. The town's 400 Jews were confined to a ghetto by the Germans after their arrival in Sept. 1939. All the Jews were deported",,1600,LX
1795,POD_LTN_STRS,Podolia,Litin,Staraia Siniava,1570,1570,1570,1570,1570,"Jews are first mentioned in 1570, when there were nine J. houses in the town. The community was apparently wiped out in the Chmielnicki massacres of 1648-49. J. life gradually revived and in 1765 the",נחרבה עי חמילנצקי ואז שוקמה,1500,
1796,POD_NVU_STRU,Podolia,Novaia Ushitsa,Staraia Ushitsa,1765,1765,1765,1765,1765,"Jews numbered 202 in 1765 and 1,583 (14% of the total) in 1897, with 38% of breadwinners engaged in trade, especially in farm produce. Seventy-one families (242 Jews) earned thei",,1700,
1797,NVG_STR_STRR,Novgorod,Staraia Russa,Staraia Russa,18MX,18MX,1875,1850,1850,"Jews probably settled in the mid-19th cent. and numbered 624 (total 15,000) in 1897. In the Soviet period, the J. pop. first rose to 1,301 in 1926 but then dropped to 828 in 1939. The Germans captured the town",,1800,MX
1798,KHR_STR_STRB,Kharkov,Starobielsk,Starobielsk,18EX,19XX,1939,1900,1950,"Jews settled in the 19th cent. and numbered 196 (total 14,419) under the Soviets in 1939. The Germans arrived on 13 July 1942, murdering 200 people, among them Jews, alongside the road to Svatovo in July-Aug.",,1900,XX
1799,MNS_SLT_STRB,Minsk,Slutsk,Starabin,17LX,17LX,1800,1775,1775,"J. settlement probably dates from the turn of the 18th cent. The J. pop. rose from 85 in 1811 to 1,494 (total 2,315) in 1897. During the civil war (1918-21), Jews were attacked by soldiers from the Balakhovich brigad",,1700,LX
1800,CRN_STR_STRD,Chernigov,Starodub,Starodub,18EX,16XX,1700,1600,1650,"J. settlement apparently commenced in the 17th cent. Chmielnicki's Cossack troops massacred many Jews in 1648 and in 1708 local residents murdered about 50. The J. pop. rose from 319 in 1801 to 2,558 in 1847 and 5,109 (t",,1600,XX
1801,VLH_STR_STRK,Volhynia,Starokonstantinov,Starokonstantinov,15MX,15MX,1575,1550,1550,"Jews settled in the mid-16th cent. They were attacked by the Cossacks in 1648, 1651, and 1702. The J. pop. grew to 9,212 (total 16,527) in 1897 with the opening of several J.-owned factories in the",,1500,MX
1802,MGL_ORS_STRS,Mogilev,Orsha,Starosele,1880,1897,1897,1897,1897,"The J. pop. was 106 in 1880 and 867 in 1897, dropping to $12 (total 1,203) in 1923 under the Soviets. In 1924- 25, 34 Jews were farmers but most earned their livelihoods as artisans. The authorities opened a J. s",,1800,
1803,POD_LTC_STRZ,Podolia,Letichev,Staro Zakrevskii Maidan,1846,1846,1846,1846,1846,"S. was founded on state land in 1846 as a J. colony with 62 families (303 Jews) working 1,600 acres of land. In 1897, the J. pop. was 519 (total 595). A pogrom was sta",מושבה חקלאית יהודית,1800,
1804,GLC_STN_STRN,Galicia,Bohorodczany,Starunia,,1921,1921,1921,1921,The J. pop. in 1921 was 168. The Jews were possibly expelled to the Rodolf Mill camp in Stanislawow for liquidation in Sept. 1942.,,1900,
1805,MNS_BBR_STRY,Minsk,Bobruisk,Staryia Dorogi,18LX,18LX,1900,1875,1875,"Jews probably settled in the late 19th cent., numbering 55 (total 515) in 1897. However, only in 1903 were they accorded the legal right to reside in the town. During the Soviet period, some Jews were employed i",,1800,LX
1806,TRD_FDS_STRY,Taurida,Feodosiia,Staryi Krym,18EX,08XX,900,800,850,"A Khazar J. community existed in the ninth cent. when the town was called Fullakh. At the turn of the 19th cent. a limited number of Jews from the western parts of Russia were allowed to settle. In 1939, the",קהילה כוזרית במאה התשיעית,800,XX
1807,GLC_LWW_STRM,Galicia,Stare Miasto,Staremiasto,,1544,1544,1544,1544,"Jews are first mentioned in 1544. In 1890 the J. pop was 1,613 (total 3,482). Steady emigration in the face of economic hardship reduced it to 1,534 in 1921. During and after WWI the Jew",,1500,
1808,GLC_CRC_STRY,Galicia,Nowy Sacz,Stary Sącz,,1469,1469,1469,1469,"Jews are first mentioned in 1469 but only formed an organized community under Austrian rule with the end of residence restrictions in 1860. The J. pop. stood at 666 (total 5,156) in 1910. All J. stores were looted in",,1400,
1809,RDM_SND_STSZ,Radom,Sandomierz,Staszów,,1526,1526,1526,1526,"Jews settled in 1526 when the town received municipal status. In 1610, they were expelled and a number executed after a blood libel. Some apparently remained and, although there was another blood libel in 1688, the resid",,1500,
1810,KIV_TRS_STVS,Kiev,Tarashcha,Stavishche,1765,1765,1765,1765,1765,"The J. pop. was 699 in 1765 and 3,917 (total 8,161) in 1897. Most Jews were Hasidim. In the late 19th cent., a talmud torah and a private boys' school combining religious and general studies were opened. Four Jews were",,1700,
1811,LMZ_KLN_STVS,Lomza,Kolno,Staviski,16MX,16MX,1675,1650,1650,"An organized community was formed in the mid-17th cent., encouraged by the nobility for its economic activity and permitted to build houses near the castle. A splendid synagogue was consecrated in 1813 with fortressl",,1600,MX
1812,KLS_KLS_STVS,Kalisz,Kalisz,Stavishin,18MX,18MX,1875,1850,1850,An independent community existed from the mid-19th cent. The J. pop. in 1884 was 656 (31% of the total) and in 1939 about 800. In Jan. 1940 some of the Jews were transferred to Kalisz and on 12 Feb. the remainder were,,1800,MX
1813,KIV_KNV_STBL,Kiev,Kanev,Steblev,1775,1775,1775,1775,1775,"Eight Jews were present in 1775 and a few dozen in the 19th cent. In 1887, the J. pop. was 1,472 (total 5,746). Some Jews worked at a sugar refinery and others at a spinning and weaving mill. Most were Hasidim. In Aug. 19",,1700,
1814,GLC_LWW_STBN,Galicia,Drohobycz,Stebnik,,18LX,1900,1875,1875,"Jews lived there from the late 19th cent. The J. pop. in 1921 was 134 (total 2,341). In the face of Ukrainian violence after the German occupation in July 1941, most fled to neighboring towns before final de",,1800,LX
1815,GLC_STN_STCW,Galicia,Sniatyn,Stecowa,,1921,1921,1921,1921,The J. pop. in 1921 was 118. The Jews were probably murdered or fled in Sept.-Dec. 1941 with the remnant expelled to Sniatyn for extermination in July 1942.,,1900,
1816,SDL_GRV_STZY,Siedlce,Garwolin,Stężyca,,1795,1795,1795,1795,"J. residence was officially allowed only after the Third Partition of Poland in 1795. J. economic distress persisted between the World Wars. The J. pop. was 125 (total 1,530) in 1921. Thirty J. families remained in wwi",,1700,
1817,VLH_RVN_STPN,Volhynia,Rovno,Stepan,1569,1569,1569,1569,1569,"Jews are first mentioned in 1569; few remained after the Cossack wars of the mid-17th cent. but recovery was rapid. Jews numbered 1,854 in 1897 (total 5,137) and 1,337 in 1921 (total 4,064). Many engaged",,1500,
1818,KIV_KNV_STPN,Kiev,Kanev,Stepantsy,1765,1765,1765,1765,1765,"Twelve Jews were present in 1765. Their pop. reached 3,171 in 1866 but all were expelled in 1882. In 1903, they were allowed to return and numbered 3,389 (total 7,436) in the same year. J. livelihoods revolved around th",,1700,
1819,SDL_SKL_STRD,Siedlce,Sokolow,Sterdyń,,18EX,1850,1800,1825,"Jews are first mentioned in the early 19th cent. The J. pop. was 278 in 1865, rising to 710 (total 802) in 1921. Under the German occupation a Judenrat was appointed in late 1939 and refugees increased the J. pop. to 900",,1800,EX
1820,PRU_PMM_STTT,Preussen,Pommern,Stettin,,1261,1261,1261,1261,"Although Jews are first mentioned in 1261, they had probably been living in the town for some time. The community appears to have suffered major decimation in the wake of the Black Death perse",,1200,
1821,VLH_KVL_STBY,Volhynia,Kovel,Stobykova,18LX,19LX,1915,1915,1915,The J. pop. of over 100 apparently abandoned the settlement permanently during WWI.,,1900,LX
1822,SDL_WGR_STCZ,Siedlce,Wegrow,Stoczek,,1856,1856,1856,1856,"Despite a longstanding residence ban, 228 Jews were present by 1856, their number increasing, with the arrival of many Hasidim to 1,221 (total 1,636) in 1921. After WWI, Jews formed mutual aid societies",,1800,
1823,VLN_SVN_STTS,Vilna,Sventsiany,Stoiatsishki,1865,1865,1865,1865,1865,"Jews settled in 1865 on estate land confiscated by the Russians from the Polish nobility and established a farm settlement where the pop. grew to 262 in 1898. They cultivated livestock, cereal crops, veg",מושבה חקלאית יהודית,1800,
1824,GLC_TRN_STJN,Galicia,Kamionka,Stojanów,,1629,1629,1629,1629,"Jews first arrived in 1629, gaining control of trade and a number of crafts, including the construction of wooden houses. The J. pop. reached a peak of 726 (a quarter of the total) in 1900. Most identif",,1600,
1825,SDL_LKV_STK,Siedlce,Lukow,Stok,,1921,1921,1921,1921,The J. pop. was 167 in 1921 (total 705). Most Jews left for nearby settlements on the outbreak of Wwil. The remaining Jews were deported to the Treblinka death camp via Lukow in Oct. 1942.,,1900,
1826,MNS_PNS_STLN,Minsk,Pinsk,Stolin,16MX,16MX,1675,1650,1650,"Jews began to settle around the mid-17th cent. In 1794, R. Asher Perlov, son of Aharon the Great, founder of Karlin Hasidism, established his court in S., which was maintained until WWII, with a yeshiva",,1600,MX
1827,MNS_NVG_STVL,Minsk,Novogrudok,Stvolovichi,15LX,15LX,1600,1575,1575,"Jews probably settled under the auspices of the Radziwills in the late 16th cent. In 1897 they numbered 515 (total 929). Many engaged in agriculture between the World Wars, with emigration under str",,1500,LX
1828,PRU_PMM_STLP,Preussen,Pommern,Stolp,,1705,1705,1705,1705,"There is mention of a Jew in S. in 1705. In 1812, there were 63 Jews; in 1852, 599; and in 1880, 958. S. was the second largest community in Pomerania after Stettin. A cemetery was consecrated in",,1700,
1829,MNS_MNS_STLB,Minsk,Minsk,Stolbtsy,15LX,15LX,1600,1575,1575,Jews probably settled in the latter 16th cent. under the auspices of the Radziwill family. In 1622 the Lithuanian Council discussed a blood libel that had occurred in S. A synagogue was erected in the,,1500,LX
1830,RDM_KNS_STMP,Radom,Konskie,Stomporkow,,1906,1906,1906,1906,"In 1906 only three J. families lived here and in 1939 there were 30 families. After the German occupation, the influx of refugees increased the community to 490 and in spring 1942 all were transferred to Radoszyce and t",,1900,
1831,KLC_STP_STPN,Kielce,Stopnica,Stopnica,,16MX,1675,1650,1650,"Jews are first mentioned in the mid-17th cent., living under a collective privilege. The J. pop. grew from 1,014 in 1827 to 3,692 (total 5,569) in 1908. In 1921 the J. pop. was 3,328 (total 4,902). In Ww",,1600,MX
1832,PRU_PMM_STRL,Preussen,Pommern,Stralsund,,1282,1282,1282,1282,"Evidence of Jews in S. dates from 1282. The medieval community was expelled or murdered in the Black Death persecutions of 1348-49. In the 17th cent., several Jews were granted temporary permission to live and trade in t",,1200,
1833,MGL_ORS_STRS_2,Mogilev,Orsha,Strieshin,1789,1897,1897,1897,1897,"The J. pop. was 113 in 1789 and 1,179 in 1897. In the 1920s, under the Soviets, 42% of the Jews were artisans and blue-collar workers. Of the three agricultural cooperatives that were set up near the town in 1919, on",,1800,
1834,RDM_RDM_STRM,Radom,Radom,Stromiec,,18LX,1900,1875,1875,Jews are first mentioned in the late 19th cent. and numbered 189 (total 293) in 1921. The Germans deported the Jews to the Treblinka death camp via the Bialobrzeg1 ghetto in Oct. 1942.,,1800,LX
1835,GLC_TRN_STRS,Galicia,Trembowla,Strusów,,1624,1624,1624,1624,"Jews are first mentioned in 1624, with the J. pop. growing to 735 (a quarter of the total) in 1900. The community was liquidated by the Germans toward the end of 1942, when most were sent to the Belzec death c",,1600,
1836,PTR_BRZ_STRY,Piotrkow,Brzeziny,Stryków,,16LX,1700,1675,1675,"J. wool traders settled in the late 17th cent. The S. hasidic dynasty founded here by R. Efrayyim Fishel (d. 1824) and his followers spread throughout Poland. The J. pop. was 1,799 in 1897 (59% of the total) and about 2,00",,1600,LX
1837,POD_VNN_STRZ,Podolia,Vinnitsa,Strizhavka,17EX,1897,1897,1897,1897,"Jews numbered 272 in 1765 and 795 (total 2,200) in 1897. Entire families were wiped out in a pogrom in summer 1918. In 1926, under the Soviets, the J. pop. was 413. The Germans captured S. on 19 July 1941 and murde",,1800,
1838,PLC_MLV_STRZ,Plock,Mlawa,Strzegowo,,18LX,1900,1875,1875,"Jews settled in the late 19th cent., dominating trade and growing to a pop. of 591 (total 1,853) in 1921. Between the World Wars J. merchants dealt in grain and livestock but many Jews were also peddlers and shopkeeper",,1800,LX
1839,PRU_PSN_STRL,Preussen,Strzelno,Strelno,,1772,1772,1772,1772,"Jews first settled after the annexation to Prussia in 1772, with a community organized in the early 19th cent. as the J. pop. grew and prospered. Jews numbered 432 (total 4,000) in 1885, after which a process of emigrat",,1700,
1840,PTR_BND_STRZ,Piotrkow,Bedzin,Strzemieszyce Wielkie,,18LX,1900,1875,1875,"Jews first settled in the late 19th cent. and numbered 1,304 (total 10,328) in 1921, with many working for the railroad or as agents in local chemical factories. A synagogue was established in 1908. The Zio",,1800,LX
1841,MGL_CHR_STDN,Mogilev,Cherikov,Studenets,1880,1880,1880,1880,1880,"Jews numbered 179 (11% of the total) in 1880. A beit midrash was erected in the late 19th cent. In 1923, under the Soviets, the J. pop. was 85. The Germans occupied S. in Aug. 1941, murdering the few Jews still th",,1800,
1842,POD_NVU_STDN,Podolia,Novaia Ushitsa,Studenitsa,16MX,16XX,1700,1600,1650,"Jews probably settled in the 17th cent. In 1703, Cossacks attacked them. Their pop. was 274 in 1765 and 556 (total 1,911) in 1897. In 1926, under the Soviets, it was 363. The Germans occupied S. in early J",,1600,XX
1843,PRU_WST_STHM,Preussen,Sztum,Stuhm,,17XX,1800,1700,1750,"Germany, today Poland. A J. cemetery in S. indicates the presence of Jews there in the 18th cent. A synagogue was dedicated in 1862. The J. pop. numbered 97 members in 1880; 106 in 1895; and 70 in 1925. When the Nazis",,1700,XX
1844,KVN_VLK_SBCH,Kovno,Vilkomir,Suboch,18EX,18XX,1900,1800,1850,Jews lived in S. in the 19th cent. and built a magnificent beit midrash. In 1897 the J. pop. was 376 (45% of the total). At the turn of the cent. many emigrated to South Africa and between the World,,1800,XX
1845,GLC_CRC_SCH,Galicia,Zywiec,Sucha,,18LX,1900,1875,1875,"The community began to consolidate after 1860 with the end of residence restrictions in Galicia and the establishment of the town as a railroad junction. Hasidism (Bobow, Belz, and Czchow) dominated the community and toget",,1800,LX
1846,KLC_KLC_SCHD,Kielce,Kielce,Suchedniów,,18LX,1900,1875,1875,"Jews settled in the late 19th cent., numbering 912 (total 4,105) in 1921. The Orthodox dominated the community, but between the World Wars the Zionists were also active. The Germans captured S. on 7 Sept. 1939, settin",,1800,LX
1847,GLC_TRN_SCHS,Galicia,Husiatyn,Suchostaw,,1880,1880,1880,1880,"The community grew to 614 (total 2,282) in 1880 but fell to 378 after the tribulations of WWI. Husyatin-Ruzhin Hasidism prevailed, with the Zionists active between the World Wars. The Jews were expelle",,1800,
1848,VLH_ZSL_SDLK,Volhynia,Zaslavl,Sudilkov,16EX,16XX,1700,1600,1650,"Jews settled in the 17th cent. In 1705-06 they were victimized in Cossack attacks. Their pop. was 397 in 1765 and 2,713 (total 5,551) in 1897. Pogroms were staged against the Jews in 1917 and 1919. In 1939,",,1600,XX
1849,PTR_NVR_SLMR,Piotrkow,Noworadomsk,Sulmierzyce,,1842,1842,1842,1842,"Thirteen J. families lived here in 1842. In 1921 the J. pop. was 157 (total 1,133). At the outbreak of WWII the 30 J. families fled.",,1800,
1850,KHR_SMY_SMY,Kharkov,Sumy,Sumy,1858,1858,1858,1858,1858,"Jews were allowed to trade at the town's fairs under various restrictions from 1835 and began settling in 1858. In 1897, they numbered 797 (total 27,564) and in 1926, 2,418. In 1917, a Hebrew elementary school with an enroll",,1800,
1851,GRD_BLST_SPRS,Grodno,Bielostok,Suprasl,16LX,16LX,1700,1675,1675,The first Jews settled in the late 17th cent. From the mid-19th cent. Jews worked in the textile industry developed by German entrepreneurs. A new brick synagogue with stained glass windows was built in the 1860s. The,,1600,LX
1852,GRD_BLST_SRZH,Grodno,Bielostok,Surazh,15EX,15XX,1600,1500,1550,"Jews first appeared in the 16th cent., remaining until the town secured a de non tolerandis Judaeis privilege in the 17th cent. Only a handful were present in 1800, forming an organized community in the course of",,1500,XX
1853,VTB_VTB_SRZH,Vitebsk,Vitebsk,Surazh,17LX,17LX,1800,1775,1775,"J. settlement 1266 SURDUC commenced in the late 18th cent. The J. pop. grew from 848 in 1863 to 1,246 (total 2,731) in 1897. In 1905, Jews were attacked in a pogrom. A state J. school emphasizing vocational training",,1700,LX
1854,KVN_NVL_SVNS,Kovno,Novoaleksandrovsk,Suveinishki,17LX,17LX,1800,1775,1775,"Jews lived here from the late 18th cent. In 1897 the J. pop. was 684 (80% of the total). A Hebrew school operated between the World Wars. For economic reasons, many emigrated to the U.S., Sout",,1700,LX
1855,SWL_SVL_SVLK,Suwalki,Suvalki,Suvalki,18EX,18EX,1850,1800,1825,"The J. community originated in the beginning of the 19th cent. and by 1897 totaled 5,747. It was one of the most important communites in the region and distinguished rabbis officiated there, including the proto-Zionis","מחולקת שווה בשווה בין התנועה הציונית, אגודת ישראל והבונד",1800,EX
1856,KVN_VLK_SVDS,Kovno,Vilkomir,Sviadostse,17EX,17XX,1800,1700,1750,By the 18th cent. there existed an established J. community in S. The J. pop. in 1897 was 528 (37% of the total). Relations with non-Jews were good thanks to the local priest. When Jews left during W,,1700,XX
1857,KVN_RSS_SHVK,Kovno,Rossieny,Shvekshni,16EX,16XX,1700,1600,1650,"Jews first settled in the 17th cent. In the 1880s many emigrated, mainly to the U.S.. The J. pop. in 1897 was 974 (53% of the total). The community maintained two hadarim, a talmud torah and a yeshiv",,1600,XX
1858,MGL_RGC_SVRZ,Mogilev,Rogachev,Sverzhen,1847,1847,1847,1847,1847,"The J. pop. was 405 in 1847 and 635 (total 1,056) in 1897. Most Jews were engaged in petty trade and crafts. In 1925, under the Soviets, five J. families formed an agricultural cooperative. A J. kolkhoz was founded n",,1800,
1859,CRN_SRZ_SVTS,Chernigov,Surazh,Sviatskaia,17LX,17LX,1800,1775,1775,"A J. community existed in the late 18th cent. Its pop. was 290 (total 2,389) in 1897, rising to 588 in 1926 under the Soviets. The Germans occupied S. in Aug. 1942, murdering the town's 158 Jews on 3 Oct. 1941 and 25-26 J",,1700,LX
1860,MNS_MNS_NVYS,Minsk,Minsk,Novyi Sverzhen,16MX,16LX,1700,1675,1675,Jews were probably present in small numbers in the second half of the 17th cent. Until WwI Jews were in the habit of renting farm land in eastern Prussia from the spring to the fall (between Pass,,1600,LX
1861,PRU_PSN_SCHW_2,Preussen,Poznan (wschodni),Schwersenz,,16LX,1700,1675,1675,"A group of poor Jews from Poznan was invited to settle by the local nobility in the first half of the 17th cent. The generous privileges, including tax exemptions and the endowment of a synagogue, school, and hospital,",,1600,LX
1862,PRU_WST_SCHW,Preussen,Swiecie,Schwetz,,18XX,1900,1800,1850,"A community was organized in the 19th cent., reaching a peak pop. of 497 (total 6,348) in 1885 and dropping sharply after WWI to 171. A synagogue and cemetery were opened in 1899. In Sept. 1939 the Germans executed th",,1800,XX
1863,VLN_SVN_SVNT,Vilna,Sventsiany,Sventsiany,1503,1503,1503,1503,1503,"The J. settlement developed after the Lithuanian expulsions of 1496-1503, when Jews found refuge on the large estates in the area. By 1765 they numbered 462, embroiled in external conflict and internal","הבונד, תרבות",1500,
1864,LBL_KHL_SWRZ,Lublin,Chelm,Świerże,,1550,1550,1550,1550,"Jews are first mentioned in 1550. They numbered about 120 in 1769 and 294 (total 355) in 1921. In Sept. 1939, the Germans introduced a regime of severe persecution and subsequently established a Judenrat and ghetto. The",,1500,
1865,PRU_PMM_SWNM,Preussen,Pommern,Swinemünde,,18XX,1900,1800,1850,"A J. community developed in the 19th cent., comprising nine Jews in 1819 and 130 in 1887. It maintained a synagogue and a cemetery. The hotels in this health resort were characterized a",,1800,XX
1866,VLH_VLD_SVNK,Volhynia,Vladimir-Volynskii,Sviniukhi,15EX,15LX,1600,1575,1575,"Jews are first recorded in the second half of the 16th cent. The J. pop. in 1897 was 629 (total 1,780). Most left during the nearby fighting in WWI, leaving 173 in 1921. The J. pop. grew to 498 in 1936",,1500,LX
1867,VLN_SVN_SVRI,Vilna,Sventsiany,"Svir I, II, III",17EX,1766,1766,1766,1766,"Around 300 Jews were present in 1766. More arrived after being expelled from their villages in 1882, bringing the J. pop. up to 1,114 (total 1,686) in 1897. The Bund and the Zionists became active in the early",תנועה ציונית פעילה,1700,
1868,GLC_TRN_SWRZ,Galicia,Przemyslany,Świrz,,1563,1563,1563,1563,"Jews are first mentioned in 1563. S. was famous for the magnificent multi-story candelabrum (menorah) housed in its synagogue, its origins shrouded in legend. The J. pop. stood at 381 in 1880 (tota",,1500,
1869,GRD_VLK_SVSL,Grodno,Volkovysk,Svisloch,1713,1713,1713,1713,1713,"An organized community existed by 1713. The first settlers were lumber and grain merchants attracted by the fairs instituted by the local count. After the failure of the Polish rebellion in 1831, many Jews lost their",,1700,
1870,GLC_STN_SYNW,Galicia,Stryj,Synowódzko Wyżne,,15LX,1600,1575,1575,"Jews were leasing land from the second half of the 16th cent. and later found employment mainly around the local sawmill. The J. pop. in 1921 was 341 (total 3,894). With the Soviet withdrawal",,1500,LX
1871,VLH_VLD_SHTS,Volhynia,Vladimir-Volynskii,Shatsk,18LX,1921,1921,1921,1921,"Jews numbered 238 in 1921 (total 1,752) and some 200 families in the 1930s. Most were murdered by the Germans in Aug. 1942 while others, escaping to the forest, established a family camp in early 1943 that",,1900,
1872,KLS_SRD_SZDK,Kalisz,Sieradz,Szadek,,17EX,1750,1700,1725,Jews first settled in the early 18th cent. In 1897 the J. pop. was 495 (20% of the total). When the Germans entered S. early in WwIl they expelled many J. families and in May-June 1940 ghettoized the remaining 410 Jews. On,,1700,EX
1873,PRU_PSN_SMTR,Preussen,Szamotuly,Samter,,1403,1403,1403,1403,Jews first settled in 1403. Most left after the J. quarter burned down in 1634. The community was reestablished in 1714 under a charter according freedom of worship and internal autonomy along with qualified trade and,,1400,
1874,VLN_DSN_SHRK,Vilna,Disna,Sharkovshchizna,18EX,1847,1847,1847,1847,"A community of 472 existed in 1847. J. tradesmen relied on the weekly market day for their incomes and many Jews were employed in warehouses, cleaning and packing flax, which was then taken to the d",תרבות,1800,
1875,GLC_CRC_SZCZ,Galicia,Nowy Targ,Szczawnica,,1880,1880,1880,1880,"The J. settlement began to grow from the 1880s with the development of S. as a health resort attracting a J. clientele and numbered 199 (total 1,671) in 1921. The existence of a local Gestapo station under the G",,1800,
1876,LBL_ZMC_SZCZ,Lublin,Zamosc,Szczebrzeszyn,,15EX,1550,1500,1525,"Jews are first mentioned in the early 16th cent., forming an independent community at the end of the cent. and consecrating a cemetery and a beautiful synagogue in the Renaissance style. Most were",,1500,EX
1877,KLC_WLS_SZCZ,Kielce,Wloszczowa,Szczekociny,,14LX,1500,1475,1475,Jews are first mentioned in the late 15th cent. but the hostility of the local pop. kept the community from growing until the 18th cent. The wealthier Jews lent money to the estate owners and bought up their produce,,1400,LX
1878,PTR_LSK_SZCZ,Piotrkow,Lask,Szczerców,,1790,1790,1790,1790,"Jews lived there from 1790 and in 1897 numbered 962 (35% of the total). In Sept. 1939 the town was destroyed and the Jews fled to Zelow and Belkhatow, where they shared the fate of the local Jews.",,1700,
1879,GLC_LWW_SZCZ,Galicia,Lwow,Szczerzec,,1629,1629,1629,1629,"Jews are recorded from 1629, reaching a pop. of 1.385 (80% of the total) in 1880 with a majority on the municipal council as well as J. mayors from 1878. The J. pop. fell to 712 after WWI with the Joint Di",,1600,
1880,LMZ_SHC_SHCH,Lomza,Shchuchin,Shchuchin,17EX,17XX,1800,1700,1750,"A few J. families were present in the 18th cent. as leaseholders and distillers. By 1857 the J. pop. reached 2,268 and 3,336 by 1897 (total 5,043), with most now engaged in petty trade. From the late 19th cent.",,1700,XX
1881,VLN_LDA_SHCH,Vilna,Lida,Shchuchin,17EX,1766,1766,1766,1766,"The Jews of S. and environs numbered 401 in 1766. They constituted an organized community with an ancient synagogue and two stone battei midrash. In 1897 their pop. was 1,356 (total 1,742). R. Y",תרבות,1700,
1882,GLC_TRN_SZCZ,Galicia,Brody,Szczurowice,,1570,1570,1570,1570,"Jews are first mentioned in 1570, living without restrictions. In the 19th cent. they worked as innkeepers and distillers as well as leasing parcels of the surrounding forests. Most were Hasi",,1500,
1883,WRS_PLT_SZLK,Warszawa,Makow,Szelkow Nowy,,1921,1921,1921,1921,"The J. pop. in 1921 was 107 (total 408). The Jews were expelled by the Germans to the Makow Mazowieckie ghetto in Sept. 1940, sharing the fate of the other Jews there.",,1900,
1884,GRD_PRZ_SHRS,Grodno,Pruzhany,Shereshevo,1583,1583,1583,1583,1583,"Jews are first recorded in 1583. In the first half of the 19th cent. some engaged in smuggling as S. beJewish family store, Szerencs, Hungary came a border town between Russia and Poland. Many J. mercha",,1500,
1885,PLC_MLV_SZRN,Plock,Mlawa,Szreńsk,,16LX,1700,1675,1675,"The J. settlement was one of the oldest in the Masovia region, originating in the late 17th cent. An organized community existed from the 1820s, growing to 865 (total 1,750) in 1857 but then declining through emigration",,1600,LX
1886,PRU_PSN_SCHB,Preussen,Szubin,Schubin,,17EX,1750,1700,1725,Jews settled in the first half of the 18th cent. The community developed after the Prussian annexation in 1772. A synagogue and elementary school were opened and the J. pop. grew to an 1873 peak of 418 (about 12% of the t,,1700,EX
1887,LMZ_LMZ_SHMV,Lomza,Lomzha,Shumovo Gura,18EX,18EX,1850,1800,1825,Jews were present in the early 19th cent. and numbered 125 (total 364) in 1921. Eight hundred Jews from S. and the neighborhood were shot in Aug. 1941 in the nearby forest. All the rest were sent to the Zambrow t,,1800,EX
1888,VLH_KRM_SHMS,Volhynia,Kremenets,Shumsk,17EX,17EX,1750,1700,1725,"Jews were present from the first half of the 18th cent. In 1745 a Jew relocated his brickyard in the area and built a beit midrash, bath house, and stores for rental to other Jews in the town. In 1897 the",תנועה ציונית פעילה,1700,EX
1889,KLC_STP_SZYD,Kielce,Stopnica,Szydłów,,1494,1494,1494,1494,"Jews are first mentioned in 1494 and from 1663 were living under a royal privilege as merchants trading mainly in grain, lumber, and hides. Numbering about 100, they built one of the most magnificent synagogues in Poland",,1400,
1890,DNV_TGN_TGNR,Don Voyska,Taganrog,Taganrog,18EX,18EX,1850,1800,1825,"Jews are first mentioned in the first half of the 19th cent. In 1897, their pop. was 2,960 (total 50,000). The old synagogue in the city was erected in the late 1860s or early 1870s. In the early 20th cent., the communi",,1800,EX
1891,EST_RVL_RVL,Estland,Revel,Revel,12EX,13EX,1350,1300,1325,TALLINN Estonia. Jews were present in the early 14th cent. under Danish rule and continued to maintain a presence afterwards under the Order of Teutonic Knights despite the ban on J. residence in Baltic lands. Jews were also present in the period of,היהודים גורשו ב 1742 וחזרו ב 1780,1300,EX
1892,KIV_UMN_TLN,Kiev,Uman,Talnoe,1765,1765,1765,1765,1765,"Jews numbered 11 in 1765 and 5,452 (total 9,610) in 1897. In 1882, about 200 were employed as farm workers on local estates. Most Jews were Hasidim. A talmud torah and private school for boys were operating in the early 20",,1700,
1893,CRL_TLS_TLSN,Courland,Talsen,Talsen,18EX,18EX,1850,1800,1825,"Jews began settling in the early 19th cent. and reached a pop. of 1,411 in 1897 (total 4,113). Thereafter emigration across the sea curtailed growth. Among the J. upper class there was a marked de",,1800,EX
1894,PRU_OST_TP,Preussen,Welawa,Tapiau,,19LX,1894,1894,1894,"Germany, today Russia. The community maintained a synagogue and a cemetery. In 1895, the J. pop. was 70 and in 1925 it was 40. In 1894, t he community provided religious instruction to 16 children. However, towar",,1900,LX
1895,KIV_TRS_TRSH,Kiev,Tarashcha,Tarashcha,1765,1897,1897,1897,1897,"Jews numbered 134 in 1765 and 4,905 (total 11,250) in 1897. Most were Hasidim. On 23 April 1917, Ukrainian gangs pillaged and destroyed J. homes and stores and injured nine. New riots erupted in Dec. 1917. In July and A",,1800,
1896,WRS_GST_TRCZ,Warszawa,Grojec,Tarczyn,,18EX,1850,1800,1825,"Jews first settled in the early 19th cent., trading in cattle, grain, and lumber as well as engaging in crafts. The J. pop. grew to 630 in 1857 and 1,427 (total 2,526) in 1921. The Zionists, the Bund, and Agudat Israel w",,1800,EX
1897,VLH_DBN_TRGV,Volhynia,Dubno,Torgovitsa,16MX,1569,1569,1569,1569,Jews are first recorded in 1569. The J. pop. was 891 in 1897 (total 907) and 660 in 1921 after the rigors of WWI and the civil war (1918-21). The German arrival on 25 June 1941 was accompanied by the murder,,1500,
1898,RDM_ILZ_TRLW,Radom,Ilza,Tarłów,,15LX,1600,1575,1575,"Jews settled in the late 16th cent. and in 1617 were granted wide-ranging privileges. In the mid-17th cent., most were tailors and furriers but toward the end of the cent. they went over to trade. As the local economy sta",,1500,LX
1899,GLC_LWW_TRNW,Galicia,Turka,Tarnawa Nizna,,1921,1921,1921,1921,"The J. pop. in 1921 was 115. The Jews were possibly deported to the Belzec death camp in the second half of 1942, directly or via Turka.",,1900,
1900,LBL_BLG_TRNG,Lublin,Bilgoraj,Tarnogród,,1569,1569,1569,1569,"Jews were among the town's first settlers, receiving a royal privilege of unrestricted residence in 1569. Many were murdered in the Chmielnicki massacres of 1648-49 but J. life revived and by the late 17th cent. an org",,1500,
1901,GLC_TRN_TRNP,Galicia,Tarnopol,Tarnopol,,1540,1540,1540,1540,J. settlement began with the founding of the town in 1540 and increased with the granting of unrestricted residence rights. After a fire the Jews were permitted to erect a fortified synagogue (completed,,1500,
1902,GLC_TRN_TRNR,Galicia,Tarnopol,Tarnoruda,,19XX,1880,1800,1850,"Founded in the 19th cent., this community of tradesmen reached a pop. of 320 in 1880 (total 744). All the Jews, numbering 138, were shot and killed by the Germans in the winter of 1942-43.",,1900,XX
1903,GLC_CRC_TRNW,Galicia,Tarnow,Tarnów,,14XX,1500,1400,1450,The first J. settlers were apparently among the Germans invited into the country in the 14th and 15th cents. to help raise the level of Polish economic life. They were accorded liberal residence and trade rights but were,,1400,XX
1904,GLC_LWW_TRTK,Galicia,Sokal,Tartaków,,17EX,1750,1700,1725,"Most of the first settlers of the town, which became known for its yearly fairs, were apparently Jews. By the early 18th cent. they maintained an organized community, which came to be dominated by Belz Hasi",,1700,EX
1905,LVL_IRV_IRV,Livland,Iurev,Iurev,15EX,15XX,1600,1500,1550,"J. peddlers and merchants were present from the 16th cent. and a few dozen were apparently living there permanently at the beginning of Russian rule in 1704. In 1743, 18 Jews were expelled from T. by Czarina Elizabeth. In the 1830s Jew",,1500,XX
1906,BSS_AKK_TRTN,Bessarabia,Akkerman,Tarutino,1832,1832,1832,1832,1832,Jews first settled in 1832 and T. became the second largest J. community in southern Bessarabia. A community was established in 1917. Zionist activity also began in 1917,,1800,
1907,GLC_STN_TTRW,Galicia,Nadworna,Tatarów,,1921,1921,1921,1921,"The J. pop. in 1921 was 129. The 1,500 Jews there in WWII, including refugees mostly from Hungary, were executed locally in Oct. 1941.",,1900,
1908,MGL_MST_TTRS,Mogilev,Mstislavl,Tatarsk,17MX,17MX,1775,1750,1750,"An organized community existed by the mid-18th cent., reaching a pop. of 621 in 1847. A J. colony was founded nearby in 1848 and numbered 20 families (56 people) in the early 20th cent. The J. pop. of T. was 1,378 (tot",,1700,MX
1909,KVN_RSS_TRGN,Kovno,Rossieny,Taurogen,17EX,17XX,1800,1700,1750,"Jews first settled in the 18th cent. In the mid-19th cent. the community's preacher, Natan Friedland, was the assistant of Tzevi Kalischer, one the founders of modern religious Zionism. In the 1880s ther",,1700,XX
1910,KVN_NVL_TVRG,Kovno,Novoaleksandrovsk,Tavroginy,17EX,17XX,1800,1700,1750,Jews first settled here in the 18th cent. Many emigrated to the west. The J. pop. in 1897 was 596 (56% of the total). Between the World Wars a heder and a religious school were 1n operation,,1700,XX
1911,PRU_WST_DRSC,Preussen,Tczew,Dirschau,,14LX,1500,1475,1475,"J. merchants were present from the late 15th cent. but Jews were only allowed to settle after the annexation to Prussia in 1772. The first settlers traded mainly in grain and hides, later expanding into textiles, with m",,1400,LX
1912,KVN_TLS_TLSH,Kovno,Telshi,Telshi,14EX,14XX,1500,1400,1450,reestab,,1400,XX
1913,MNS_PNS_TLKH,Minsk,Pinsk,Telekhany,17EX,17EX,1750,1700,1725,Jews settled in the first half of the 18th cent. The digging of a canal in 1776-1826 as part of the Pripet-Dnieper River link contributed to the community's growth. Haskala spread as J. experts and contractors arrived,,1700,EX
1914,KIV_CHG_TLPN,Kiev,Chigirin,Telepino,17LX,17LX,1800,1775,1775,"Jews probably settled in the late 18th cent., numbering 191 in 1847 and 632 (total 3,199) in 1897 but dropping to 54 in 1926, conceivably as a result of a pogrom in 1919. After they occupied the town in Aug. 1941,",,1700,LX
1915,GLC_LWW_TLSN,Galicia,Lisko,Telesnica Oszwarowa,,1921,1921,1921,1921,The J. pop. in 1921 was 100. The Jews were possibly executed locally or expelled to Zaslawie for extermination in summer,,1900,
1916,PRU_PMM_TMPL,Preussen,Pommern,Tempelburg,,18EX,1850,1800,1825,"Jews arrived here only in the early 19th cent., constituting nine households by 1812. By 1895, the J. community numbered 218, dropping to 69 in 1925. It maintained a synagogue and a cemete",,1800,EX
1917,VLH_STR_TFPL,Volhynia,Starokonstantinov,Teofipol,17EX,17XX,1800,1700,1750,"Jews settled in the 18th cent., numbering 516 in 1765 and 2,914 (total 4,484) in 1897. Two J. schools, for boys and for girls, were operating in the early 20th cent. About 300 Jews were murdered in pogroms i",,1700,XX
1918,POD_GSN_TPLK,Podolia,Gaisin,Teplik,17EX,17EX,1750,1700,1725,"J. settlement commenced in the early 18th cent. The J. pop. was 289 in 1765 and 3,725 (total 7,044) in 1897. In 1919, as many as 400 Jews died as a result of Petlyura gang attacks. In the Soviet period, a J. council (s",,1700,EX
1919,SDL_BLA_TRSP,Siedlce,Biala,Terespol,,17EX,1750,1700,1725,"Jews were present without restrictions in the early 18th cent. In the 19th cent., the vinegar and pickling plants which they operated were known for their fine products. In the wake of dislocations and instability follo",,1700,EX
1920,KIV_LPV_TRLT,Kiev,Lipovets,Terlitsa,1765,1765,1765,1765,1765,"Eight Jews were present in 1765 and 1,191 (total 2,304) in 1897. In 1926, their number was 1,054. The Germans captured the town on 22 July 1941. On 29 May 1942, 153 Jews from T. and the surrounding area were among the",,1700,
1921,POD_GSN_TRNV,Podolia,Gaisin,Ternovka,1765,1765,1765,1765,1765,"Four Jews were present in 1765. Their pop. rose to 2,823 (total 5,364) in 1897 and 3,081 in 1926. A private J. boys' school operated in the early 20th cent. and in 1924, under the Soviets, a J. elementary school with",,1700,
1922,MGL_MGL_TTRN,Mogilev,Mogilev,Teterin,18MX,1897,1897,1897,1897,"The J. pop. was 286 (total 602) in 1897 and 246 in 1923. The community maintained a beit midrash. The Germans occupied the town in July 1941, murdering all the Jews in spring 1942.",,1800,
1923,KIV_TRS_TTV,Kiev,Tarashcha,Tetiev,1765,1765,1765,1765,1765,"Jews numbered 708 in 1765 and 3,323 (total 3,493) in 1897. Most were Hasidim. A private boys' school combining secular and religious studies was opened in 1910. Cossack gangs murdered 300 Jews and burned all J. homes",,1700,
1924,TRD_FDS_FDS,Taurida,Feodosiia,Feodosiia,17LX,09XX,1000,900,950,"A J. community existed in the tenth cent. The modern community was established in the late 18th cent. The Jews had two synagogues, an old one with a stone inscription from the 13th cent. and a","היו קהילות עתיקות יותר החל מהתקופה הכוזרית, פעילות של השומר הצעיר",900,XX
1925,BSS_BND_BNDR,Bessarabia,Bendery,Bendery,17LX,17LX,1800,1775,1775,Jews first settled in the late 18th cent. A synagogue was opened in the local castle in 1770. The first hasidic court in Bessarabia was set up in T. by R. Arieh Leib Wertheim in,,1700,LX
1926,NVG_TKH_TKHV,Novgorod,Tikhvin,Tikhvin,18LX,18LX,1900,1875,1875,"J. settlement probably began in the late 19th cent. The J. pop. was 121 (total 6,000) in 1897, 176 in 1926, and 113 in 1939. The Germans occupied the town on 8 Novy. 1939 and murdered the few Jews who had not fled or",,1800,LX
1927,PRU_OST_TLST,Preussen,Tylza,Tilsit,,19EX,1811,1800,1825,"Germany, today Russia. Jews settled in T. at the beginning of the 19th cent. The J. pop. was 13 in 1811; 265 in 1843; and 780 in 1895. A cemetery was in use in 1825 and a synagogue was dedicated in 1842. In the ear",,1805,EX
1928,MNS_SLT_TMKV,Minsk,Slutsk,Timkovichi,17LX,17LX,1800,1775,1775,"Jews probably settled at the turn of the 18th cent., numbering 49 in 1811 and 1,523 (total 2,393) in 1897. In the Soviet period, some Jews engaged in agriculture, with 40 J. families working in two kolkhozes in the",,1700,LX
1929,KHR_TRS_TRSP,Kherson,Tiraspol,Tiraspol,17LX,17LX,1800,1775,1775,"TIRASPOL Moldavia, today Republic of Moldova. Jews settled in the late 18th cent. An organized community of 1,406 existed by 1847, growing to 8,668 (total 31,616) in 1897. The Jews suffered during pogroms in 1905 and 1917. With T. the capital of the",,1700,LX
1930,KVN_TLS_TYRK,Kovno,Telshi,Tyrkshle,17EX,17XX,1800,1700,1750,Jews first settled here in the 18th cent. From the end of the 19th cent. many emigrated to the west. In 1915 the Jews were expelled and only some returned after WWI. The J. pop. in 1923 was 119 (1,,1700,XX
1931,PRU_PSN_TRSC,Preussen,Miedzyrzecz,Tirschtiegel,,1745,1745,1745,1745,"Germany, today Poland. A 1745 document pertaining to the history of the local Jews indicates that Jews had been living in T. earlier. With Prussian rule in 1772, the J. pop. stood at 253, with mos",,1700,
1932,POD_VNN_TYVR,Podolia,Vinnitsa,Tyvrov,17EX,1765,1765,1765,1765,"Jews numbered 353 in 1765 and 1,051 (total 3,153) in 1897. In the Soviet period, Yiddish cultural activity continued through the late 1930s. In 1939, the J. pop. was 397. The Germans captured T. on 18 July 1941, immedi",,1700,
1933,GLC_STN_TLMC,Galicia,Tlumacz,Tlumaczyk,,1921,1921,1921,1921,"The J. pop. in 1921 was 127 (total 1,965), facing severe antisemitism. It may have been decimated in a Ukrainian pogrom after the Soviet withdrawal in June 1941; the remainder was expelled to Kolomy",,1900,
1934,GLC_TRN_TLST,Galicia,Zaleszczyki,Tluste Wies,,1921,1921,1921,1921,The J. pop. in 1921 was 185. The Jews were probably expelled to Tluste for liquidation in summer-fall 1942.,,1900,
1935,WRS_RDM_TLSZ,Warszawa,Radzymin,Tłuszcz,,19EX,1912,1900,1905,"The J. settlement was founded in the early 20th cent., growing to 437 (total 1,102) in 1921. Gur Hasidim predominated in the community, which was served by R. Yaakov Yosef Brikman from 1912 until his murder by the Nazis",,1900,EX
1936,MGL_ORS_TLCH,Mogilev,Orsha,Tolochin,1717,1717,1717,1717,1717,"Jews are first mentioned in 1717. Their pop. was 648 in 1766 and 2,054 (total 3,415) in 1897. Most Jews earned their living in the cattle trade and in the industries associated with it. In the 1920s, under the Sovi",,1700,
1937,PTR_BRZ_TMSZ,Piotrkow,Brzeziny,Tomaszów Mazowiecki,,1815,1815,1815,1815,"The first Jews came in 1815 to develop the textile industry. In 1911, 72 Jews were among the 109 manufacturers in the town. Many of the textile workers were Jews. A number of hasidic rabbis had their courts her",,1800,
1938,POD_LMP_TMSH,Podolia,Lampol,Tomashpol,17EX,1765,1765,1765,1765,"The J. pop. was 531 in 1765 and 4,515 (total 4,972) in 1897. During the civil war (1918-21), the Petlyura and other gangs attacked Jews on several occasions. In the Soviet period, most J. children attended a J. elem",,1700,
1939,VLH_RVN_TMSH,Volhynia,Rovno,Tomashgrod,18LX,1921,1921,1921,1921,The J. pop. in 1921 was 159 (total 803). The community was liquidated on 28 Aug. 1942 after expulsion to Sarny.,,1900,
1940,LBL_TMS_TMSZ,Lublin,Tomaszow,Tomaszów Lubelski,,15LX,1600,1575,1575,"Jews are first mentioned in the late 16th cent. They maintained an organized community with a synagogue and earned their living dealing in cattle, knitted goods, alcoholic beverages, and crafts. The Chmielnicki",,1500,LX
1941,GLC_TRN_TPRW,Galicia,Brody,Toporów,,1603,1603,1603,1603,"Jews appeared with the founding of T. in 1603, receiving extensive residence and trade rights, including brewing and distilling licenses. In the 19th cent., many Jews also marketed locally produced potte",,1600,
1942,PSK_TRP_TRPT,Pskov,Toropets,Toropets,18MX,18MX,1875,1850,1850,"Jews probably settled in the mid-19th cent. The J. pop. was 570 (total 7,000) in 1897 1315",,1800,MX
1943,VLH_LTS_TRCH,Volhynia,Lutsk,Torchin,15EX,15XX,1600,1500,1550,"Jews settled in the 16th cent. The community suffered in the Chmielnicki massacres of 1648-49 as well as from fires and epidemics. Under Russian rule, the community began to grow, reaching a pop. of 2,62","הבונד, ציונים",1500,XX
1944,KIV_UMN_TRGV,Kiev,Uman,Torgovitsa,17LX,17LX,1800,1775,1775,"Jews probably settled in the late 18th cent., numbering 1,299 (total 3,679) in 1897 and 846 in 1926 under the Soviets. On 10 and 18 Dec. 1918, pogroms were staged. A J. elementary school was operating in the mid-1920s,",,1700,LX
1945,PRU_WST_THRN,Preussen,Torun,Thorn,,17XX,1800,1700,1750,"Despite a residence ban spanning hundreds of years, J. merchants frequented the town and by the 18th cent. a few J. families had settled. A large group arrived with special permits after the annexation",,1700,XX
1946,GLC_TRN_TST,Galicia,Skalat,Touste,,17EX,1750,1700,1725,"Jews lived there from the early 18th cent. and increased to 671 residents in 1880 (total 2,139), but their number fell to 105 after WWI. With the withdrawal of the Soviets, the Ukrainian populace went on",,1700,EX
1947,VLN_OSH_TRBY,Vilna,Oshmiany,Traby,17EX,17EX,1750,1700,1725,"A small J. settlement probably existed in the early 18th cent., growing to a pop. of 634 (total 1,183) in 1897. About 400 Jews were made homeless by a 1934 fire, compounding the distress of the community",,1700,EX
1948,LBL_LBL_TRWN,Lublin,Lublin,Trawniki,,18LX,1900,1875,1875,Jews settled in the late 19th cent. and numbered about 100 before WWII. They were deported to the Belzec death camp via Lublin in spring 1942. T. served as a training facility for thousands of Ukrainian and Volksdeutsch,,1800,LX
1949,GLC_TRN_TRMB,Galicia,Trembowla,Trembowla,,15MX,1575,1550,1550,"A small community was maintained from the mid-16th cent and was organized in the early 18th cent., growing to a pop. of around 2,000 in the late 19th cent. (around 25% of the total) but dropping to 1,486 in 1921. Bet",,1500,MX
1950,PRU_PMM_TRPT,Preussen,Pommern,Treptow An Der Rega,,1695,1695,1695,1695,"The first Jew to receive a letter of proctection for T. is mentioned in 1695. By 1764, the J. pop. numbered seven families and in 1880 it comprised 212 individuals. The community",,1600,
1951,PRU_OST_TRBR,Preussen,Olecko,Treuburg,,1834,1834,1834,1834,"Germany, today Poland. The J. presence dates from 1834. The Synagogue in Treuchtlingen, Germany J. pop. was 71 in 1847 and 103 in 1880. The community maintained a synagogue (established in the early 1840s) and a c",,1800,
1952,VLN_TRK_TRK,Vilna,Troki,Troki,13LX,13LX,1400,1375,1375,Karaites settling in the late 14th cent. and defined as Jews by the Polish authorities received the status of free residents with broad rights which later became a bone of contention between themselves and,המזרחי,1300,LX
1953,KVN_VLK_TRSH,Kovno,Vilkomir,Trashkuny,17LX,17LX,1800,1775,1775,The J. community began to organize at the end of the 18th cent. It had a hasidic synagogue and one for Mitnaggedim. The J. pop. in 1897 was 779 (64% of the total). During WwI the Jews were expelle,,1700,LX
1954,POD_BRT_TRST,Podolia,Bratslav,Trostianets,1765,1765,1765,1765,1765,"Jews numbered 119 in 1765 and 2,421 (total 4,421) in 1897. In the late 19th cent., most of the town's 47 stores were in J. hands and a large number of its 153 artisans were Jews. About 370 Jews were murdered and m",,1700,
1955,VLH_ZHT_TRNV,Volhynia,Zhitomir,Troianov,17EX,17XX,1800,1700,1750,"Jews settled in the 18th cent. Thirteen perished in an epidemic in 1788. In 1897, the J. pop. was 1,469 (total 7,224). Aharon David Gordon, a leader of the Zionist pioneer movement and a founder of Deganya Alef",,1700,XX
1956,VLH_LTS_TRNV,Volhynia,Lutsk,Troianovka,16EX,16LX,1700,1675,1675,"Jews settled in the second half of the 17th cent. and numbered 212 (total 647) in 1921. On 11 Aug. 1941, under the German occupation, they were able to fight off a gang of 200 Ukrainian attackers. On 3 Sept. 1942 they wer",,1600,LX
1957,GLC_LWW_TRSK,Galicia,Drohobycz,Truskawiec,,1880,1880,1880,1880,"In 1880 the J. pop. stood at 58 (5% of the total). With the development of T. as a health resort, Jews found employment at the bath houses and mineral springs as well as in the oil industry. The Germans,",,1800,
1958,KLS_CHN_TRSK,Kalisz,Czestochowa,Truskolasy,,18LX,1900,1875,1875,"Jews were with the development of the tourist industry in the late 19th cent. Most left in WWI, leaving 266 (total 1,714) in 1921. During the 1930s, the antisemitic atmosphere led to riots against the Jews. They were",,1800,LX
1959,GLC_TRN_TRYB,Galicia,Husiatyn,Trybuchowce,,1921,1921,1921,1921,"The J. pop. in 1921 was 138. The Jews were probably deported to the Belzec death camp via Buczacz in Sept. 1942. Group of Orthodox Jews at the Truskawiec spa, Poland, 1938",,1900,
1960,KVN_SHV_TRSH,Kovno,Shavli,Trishki,16LX,16LX,1700,1675,1675,Jews first settled at the end of the 17th cent. An organized J. community did not exist until the end of the 18th cent. In the 1890s the economic situation was difficult and many emigrated to the west. De,,1600,LX
1961,GLC_CRC_TRZB,Galicia,Chrzanow,Trzebinia,,16LX,1700,1675,1675,"Jews first settled in the late 17th cent. The community expanded with the development of mines and other industries in the second half of the 19th cent., reaching a pop. of 634 in 1880 and 915 (total 1,31",,1600,LX
1962,TRD_ALS_ALSH,Taurida,Aleshki,Aleshki,18EX,18EX,1850,1800,1825,"Jews settled in the early 19th cent. and numbered 744 (total 8,000-9,000) in 1897. In 1939, under the Soviets, 472 remained. On 10 Oct. 1941, a month after capturing the city, the Germans mu",,1800,EX
1963,PRU_WST_TCHL,Preussen,Tuchola,Tuchel,,1772,1772,1772,1772,"Jews settled after the annexation to Prussia in 1772 and contributed significantly to the development of the town, trading in grain, lumber, and hides. The J. pop. rose to 959 (total 2,764) in 1876 and then declined t",,1700,
1964,GLC_CRC_TCHW,Galicia,Tarnow,Tuchów,,1865,1865,1865,1865,"Residence restrictions severely limited J. settlement until 1865, the J. pop. reaching a peak of 455 (total 2,667) in 1910. When all but 40 Jews fled with the Austrian army at the outset of WWI, the community was left imp",,1800,
1965,VLH_RVN_TCHN,Volhynia,Rovno,Tuchin,16EX,16EX,1650,1600,1625,"Jews probably arrived in the early 17th cent. and numbered 2,535 (total 3,753) in 1897. There were five synagogues in the community, two of which belonged to Turzysk Hasidim. Ten yearly fairs, some light",,1600,EX
1966,CRL_TKK_TKKM,Courland,Tukkum,Tukkum,1796,1795,1795,1795,1795,"Jews began arriving from the surrounding villages after the commencement of Russian rule in 1795 and constituted half the town's pop. by the mid-19th cent., growing to 2,858 in 1881 and 5,500 in 1910. A fire i",,1700,
1967,POD_BRT_TLCH,Podolia,Bratslav,Tulchin,15LX,1648,1648,1648,1648,"Jews are first mentioned as victims of the Chmielnicki massacres of 1648-49, when 1,500 of the 2,000 living there were killed. Their pop. was 452 1n 1765 and 10,055 in 1897 (total 16,245). In the late 19th cent., the",,1600,
1968,KLS_KNN_TLSZ,Kalisz,Konin,Tuliszków,,18EX,1850,1800,1825,"Jews first settled early in the 19th cent. The J. pop. in 1897 was 200 (11% of the total). In Dec. 1939, a Judenrat was established and the next month the Jews were ghettoized. In Oct. 1941, the inhabitants of the ghetto",,1800,EX
1969,KLS_TRK_TRK,Kalisz,Turek,Turek,,18XX,1900,1800,1850,"Jews lived there from the 19th cent. The J. pops in 1897 wasi2,0725(257 of the total). In the 1920s, 138 textile workshops were owned by Jews. Zionist activity began in 1912 and the Bund was active. In Nov. 1939, the Germans",,1800,XX
1970,GLC_LWW_TRK,Galicia,Turka,Turka,,1729,1729,1729,1729,"Jews arrived in 1729 when T. received the status of a proprietary town. Real development occurred with the coming of the railroad in the early 20th cent. The J. pop., which doubled from an 1880 figure of 2,368",,1700,
1971,LBL_KRS_TRBN,Lublin,Krasnystaw,Turobin,,15LX,1600,1575,1575,"Jews may have settled in the late 16th cent. Subsequently granted liberal privileges to build houses and to engage in unrestricted trade by the town's proprietor, they made a name for themselves as furriers. An organized",,1500,LX
1972,MNS_MZY_TRV,Minsk,Mozyr,Turov,1623,1623,1623,1623,1623,"In 1623 the Jews of T. were under the jurisdiction of the Pinsk community. In 1765 their pop. was 316, rising to 2,253 (total 4,290) in 1897. In a 1920 pogrom staged by the Balakhovich brigade, 71 Jews from T. and its",,1600,
1973,,,,Turza Wielka,,1921,1921,1921,1921,The J. pop. in 1921 was 201. The Jews were expelled to Bolechow for liquidation in Aug. 1942.,,1900,
1974,MNS_NVG_TRTS,Minsk,Novogrudok,Turets,15MX,15MX,1575,1550,1550,"A J. community is known from the mid-16th cent. The J. pop. numbered 737 (total 1,616) in 1897, dropping to around 500 between the World Wars as a result of emigration. The Germans captured T. on 27 Jun",,1500,MX
1975,VLH_KVL_TRSK,Volhynia,Kovel,Turiisk,15MX,15MX,1575,1550,1550,"Jews settled in the mid-16th cent. In the 1830s R. Avraham Twersky (the Maggid of Trisk') set up a famous hasidic court including housing facilities, meeting halls, a bath house, and synag",השומר הצעיר,1500,MX
1976,PTR_LDZ_TSZY,Piotrkow,Lodz,Tuszyn,,16XX,1700,1600,1650,Jews lived there from the 17th cent. and from the 18th cent. were involved in the production and sale of liquor. The J. pop. in 1897 was 589 (36% of the total). Between the World Wars Jews made their living by supplying sum,,1600,XX
1977,KVN_TLS_TVRY,Kovno,Telshi,Tvery,18LX,1923,1923,1923,1923,"The J. pop. in 1923 was 102 (18% of the total). The community had neither a school nor a cemetery. The J. pop. in 1940 was 15-20 families, mostly engaged in agriculture. All the Jews were murdered in Viesv",,1900,
1978,GLC_LWW_TWRD,Galicia,Mosciska,Twierdza,,1921,1921,1921,1921,The J. pop. in 1921 was 148 (total 512). The Jews probably shared the fate of nearby Frysztak's Jews in the Holocaust.,,1900,
1979,GLC_LWW_TYCZ,Galicia,Rzeszow,Tyczyn,,14XX,1500,1400,1450,"Jews settled in the 15th cent. Economic conditions picked up with the establishment of a hasidic court by R. Shelomo Aryeh-Leib Weinshallbaum in the second half of the 18th cent., which became the center of local J. life. T",,1400,XX
1980,LMZ_WYS_TYKT,Lomza,Wysokie Mazowieckie,Tykotsin,1522,1522,1522,1522,1522,"Ten J. families from Grodno settled in 1522 under a charter of privileges enabling them to trade and open a synagogue and cemetery. Despite friction with the local pop., including a blood libel in 1657 t",הוקמה על ידי יהודים מגורדונו,1500,
1981,GLC_CRC_TYLC,Galicia,Nowy Sacz,Tylicz,,17LX,1800,1775,1775,"Jews settled in the late 18th cent., numbering 139 in 1921 (total 1,253). They were expelled by the Germans in Oct. 1940, probably to Nowy Soncz, where they shared the fate of the local Jews.",,1700,LX
1982,GLC_LWW_TYRW,Galicia,Sanok,Tyrawa Wołoska,,17XX,1800,1700,1750,"Jews settled in the 18th cent., with many farming. The pop. reached 415 in 1900 (40% of the total) and declined to 299 in 1921. In wwi, following a regime of persecution and forced labor, the Jews wer",,1700,XX
1983,GLC_STN_TYSZ,Galicia,Horodenka,Tyszkowce,,1921,1921,1921,1921,The J. pop. in 1921 was 129. The Jews were possibly expelled to Horodenka for liquidation in April 1942.,,1900,
1984,LBL_TMS_TYSZ,Lublin,Tomaszow,Tyszowce,,15LX,1600,1575,1575,"Jews were present in the late 16th cent., enjoying wide-ranging royal privileges. T. was one of the principal communities in the Chelm-Belz region with meetings of the Council of the Four Lands convened there in 1583, 1",,1500,LX
1985,KVN_RSS_TSTV,Kovno,Rossieny,Tsitoviany,18EX,18XX,1900,1800,1850,"Jews first settled in the 19th cent. After WWI, many emigrated, mainly to South Africa, some to Palestine. The community maintained a synagogue and beit midrash. Most of the Jews were farmers. T",,1800,XX
1986,LBL_GRB_UCHN,Lublin,Hrubieszow,Uchanie,,1640,1640,1640,1640,"Jews as grain merchants are mentioned from 1640. In 1897, they numbered 1,386 (of a total 1,980). Many left during and after WWI and in 1921 the J. pop. was 1,010. The Germans occupied U. in Sept 1939 and on 10 June 1942",,1600,
1987,GLC_LWW_UHNW,Galicia,Rawa,Uhnów,,15XX,1600,1500,1550,"A small J. community dates from the 16th cent. but it only began to grow in the late 18th cent., reaching a pop. of 2,140 (50% of the total) by the end of the 19th cent. Relations between the Jew",,1500,XX
1988,PTR_BRZ_UJZD,Piotrkow,Brzeziny,Ujazd,,16LX,1700,1675,1675,Jews settled in the second half of the 17th cent. The discovery of iron ore in the area in the late 18th cent. was a source of employment for Jews. In the early 19th cent. they became involved in the weaving industry. Betwee,,1600,LX
1989,KVN_VLK_VLKM,Kovno,Vilkomir,Vilkomir,16EX,16XX,1700,1600,1650,Jews began settling in the 17th cent. Lord Nathaniel Rothschild contributed to the community's rehabilitation after a fire in 1877. For centuries U. was a center of Torah learning. By 1860 it had 20 s,,1600,XX
1990,POD_LTN_ULNV,Podolia,Litin,Ulanov,17EX,17EX,1750,1700,1725,"Jews probably settled in the early 18th cent., numbering 201 in 1784 and about 2,000 (of a total 2,047) in 1897. Under the Soviets, a few Jews worked in kolkhozes. A J. council was active from the late 1920s. J. childr",,1700,EX
1991,GLC_LWW_ULNW,Galicia,Nisko,Ulanów,,17LX,1800,1775,1775,The first J. settlement was wiped out in the Chmielnicki massacres of 1648-49 but the Jews soon reestablished themselves. Under the Austrians they suffered from heavy taxation. Economic conditions were alleviated by the tow,,1700,LX
1992,GLC_TRN_ULSZ,Galicia,Czortkow,Ułaszkowce,,18XX,1900,1800,1850,"The J. community began to develop in the 19th cent. and in 1900 numbered 489 (total 2,280). J. livelihoods revolved around the yearly fair, which brought an influx of Jews",,1800,XX
1993,GLC_LWW_ULZW,Galicia,Cieszanow,Ułazów,,1921,1921,1921,1921,The J. pop. in 1921 was 180. Most Jews fled to Sovietheld territory in Sept-Oct. 1939. Those who remained were probably deported to the Belzec death camp in summer-fall 1942 via Lubaczow or Rawa Ruska.,,1900,
1994,VTB_LPL_ULL,Vitebsk,Lepel,Ulla,17EX,17EX,1750,1700,1725,"Jews settled in the early 18th cent. Their pop. was 129 in 1765 and 1,539 (62% of the total) in 1897. In 1924, under the Soviets, a J. council (soviet) was established. A J. elementary school was also in operation. Two",,1700,EX
1995,GLC_LWW_ULCZ,Galicia,Brzozow,Ułucz,,1921,1921,1921,1921,The J. pop. in 1921 was 210. Some Jews were engaged in agriculture. All were probably killed in 1942.,,1900,
1996,KIV_UMN_UMN,Kiev,Uman,Uman,16LX,16XX,1700,1600,1650,"Jews settled in the 17th cent. In 1729, all the Jews were murdered in a Haidamak raid. By 1765, 405 Jews were living there again but in 1768 the Haidamaks under Zheleznyak again massacred the Jews. In 1897, the J. pop. was 1",נחרב פעמיים עי היידמאקים,1600,XX
1997,CRN_SRZ_UNCH,Chernigov,Surazh,Unech,1903,1903,1903,1903,1903,"J. residence was banned in 1882 but allowed again in 1903. The J. pop. was 1,409 in 1926 and 1,708 (of a total 13,955) in 1939. Following the German occupation of 17 Aug., 1941, 342 Jews were murdered at the local train s",נאסר על יהודים להתיישב ב 1882 והותר להם ב 1903,1900,
1998,KLS_TRK_UNJW,Kalisz,Turek,Uniejów,,17MX,1775,1750,1750,"Jews lived here from the mid-18th cent. and in 1897 numbered 960. Some were industrialists, but after a boycott in 1936 the community issued a call to Polish Jewry for aid. In 1940, the Germans enclosed the 130 families in",,1700,MX
1999,KVN_RSS_UPN,Kovno,Rossieny,Upina,18LX,19EX,1915,1915,1925,"Prior to WWII, there were 20-30 J. families in U. They were petty traders or farmers. On 23 June 1941, the German army entered U. and immediately began to persecute the Jews. On 22 July 1941, males from the age of 13 w",,1900,EX
2000,MNS_BBR_URCH,Minsk,Bobruisk,Urieche,17LX,17LX,1800,1775,1775,"Jews apparently settled at the turn of the 18th cent., numbering 92 in 1811 and 483 (of a total 509) in 1897. In mid-July 1920, retreating Polish soldiers went on a rampage of rape, murder, robbery, and arson. In the",,1700,LX
2001,GLC_STN_URYC,Galicia,Stryj,Urycz,,1921,1921,1921,1921,"The J. pop. in 1921 was 151 (total 1,219). All were murdered by the Ukrainians and/or Germans in 1941-42.",,1900,
2002,LBL_INV_URZN,Lublin,Janow,Urzendow,,17XX,1800,1700,1750,"Though J. residence was officially banned until 1862, Jews were present from the 18th cent., mostly leasing inns. In 1886, the J. pop. was 153, rising to 509 in 1929. By 1905 the community had a synagogue. Between the W",,1700,XX
2003,GLC_TRN_USCZ,Galicia,Tlumacz,Uście Zielone,,1552,1552,1552,1552,"Jews are first mentioned in 1552, with an organized community in the 17th cent. and the J. pop. leveling off at around 600 (a quarter of the total) at the end of the 19th cent. Most of the town's c",,1500,
2004,VLH_VLD_USTL,Volhynia,Vladimir-Volynskii,Ustilug,16EX,16XX,1700,1600,1650,"Jews were present in the 17th cent. By 1897 their pop. reached 3,212 (total 3,590) with the Hasidim worshiping at 12 synagogues and the town a transit point for the Bug River grain and lum",,1600,XX
2005,VTB_LPL_USHC,Vitebsk,Lepel,Ushach,16LX,16LX,1700,1675,1675,"Jews are first mentioned in the late 17th cent. Their pop. was 611 in 1765 and 1,129 (78% of the total) in 1897. A J. council was established in 1924 and a J. elementary school was in operation. In 1930, 17 J. famil",,1600,LX
2006,VLH_ZHT_UTMR,Volhynia,Zhitomir,Utomir,1750,1750,1750,1750,1750,"Jews are first mentioned in 1750 with reference to the transfer of the Ovruch region from Pinsk to the Volhynia dist. They numbered 1,754 (total 2,381) in 1897. In March-May 1919, the Petlyura gangs robbed and murdere",,1700,
2007,GLC_LWW_USTR,Galicia,Lisko,Ustrzyki Dolne,,18EX,1850,1800,1825,"The Jews were among the first settlers of the town when it was founded in the early 19th cent. and constituted around 60% of the pop. until WWI (2,328 out of 3,919 in 1910). Two wealthy",,1800,EX
2008,VTB_VLZ_USVT,Vitebsk,Velizh,Usviat,17LX,17LX,1800,1775,1775,"Jews probably settled in the late 18th cent. Their pop. was 1,016 in 1847 and 956 (total 2,679) in 1897. In the Soviet period, a number of Jews belonged to a J. agricultural cooperative which became a multinational ko",,1700,LX
2009,GLC_TRN_USZN,Galicia,Zloczow,Usznia,,1921,1921,1921,1921,The J. pop. in 1921 was 120. The Jews were probably expelled to Zloczow for liquidation in Nov. 1942.,,1900,
2010,KVN_VLK_UTSN,Kovno,Vilkomir,Utsiany,15EX,15XX,1600,1500,1550,"Graves from the 16th cent. attest to a J. presence. By 1765 the J. pop. was 565. Devasting fires in 1879 and 1890 caused considerable suffering to the community. The J. pop. in 1897 was 2,405 (74% of the to",,1500,XX
2011,MGL_GML_UVRV,Mogilev,Gomel,Uvarovichi,18MX,1897,1897,1897,1897,"The J. pop. was 622 (total 2,046) in 1897. The Hebrew writer Shaul Gurevich was born in U. In 1924-25, under the Soviets, 40 J. families earned their livelihoods in agriculture and an agricultural cooperative found",,1800,
2012,MNS_IGM_UZD,Minsk,Igumen,Uzda,17EX,17EX,1750,1700,1725,"J. settlement probably commenced in the first half of the 18th cent. The J. pop. was 263 in 1765 and 2,068 (total 2,756) in 1897. On 12-13 July 1920, retreating Polish soldiers staged a pogrom, burning dozens of J. homes",,1700,EX
2013,KVN_VLK_USHP,Kovno,Vilkomir,Ushpol,17EX,17XX,1800,1700,1750,"Jews settled in the 18th cent. By 1897 the J. pop. was 691 (93% of the total), but by 1923 it was 551 (36%). All Zionist parties were active until the Soviet annexation of 1940. When the Germans entered",,1700,XX
2014,KVN_SHV_UZHV,Kovno,Shavli,Uzhventy,17EX,17XX,1800,1700,1750,The first Jews arrived in the 18th cent. By 1897 the J. pop. was 330 (35% of the total); by 1923 it had dropped to 173 (22 %). In June 1939 a fire started by antisemites destroyed the main J. instit,,1700,XX
2015,KVN_PNV_VBLN,Kovno,Poneviezh,Vobolniki,16EX,16XX,1700,1600,1650,"Jews began settling here in the 17th cent. A few of V.'s Jews emigrated to Eretz Israel before the Hovevei Zion period in the 19th cent. In 1897 the J. pop. was 1,828 (78% of the tota",,1600,XX
2016,KIV_BRD_VKHN,Kiev,Berdichev,Vakhnovka,1884,1897,1897,1897,1897,"The J. pop. was 2,404 (total 5,371) in 1897. In an 1884 fire, 120 J. homes were destroyed. The synagogue in V. is believed to be one of the oldest in the region. Jews were attacked in a pogrom on 8 July 1919. In 192",,1800,
2017,CRL_GZN_VND,Courland,Gazenpot,Vainode,1935,19EX,1915,1900,1925,"A small community existed before WWI in the newly founded town, growing to 125 (total 1,416) in 1935 and operating a J. school. All the Jews were killed in late summer 1941 under the German occupation.",,1900,EX
2018,KVN_RSS_VNTY,Kovno,Rossieny,Voinuty,16EX,16XX,1700,1600,1650,"Jews began settling in the 17th cent. Prior to WWI there were about 80 J. families there. In the 1921 municipal elections, two Jews were elected to the 19 member city council. Many of V.'s Jews partic",,1600,XX
2019,CRL_TLS_SSMK,Courland,Talsen,Sasmaken,17EX,17EX,1750,1700,1725,"Jews were present in the first quarter of the 18th cent. and numbered 1,197 in 1897 (total 1,774). Thereafter the J. pop. declined steadily, leveling off at around 160 between the World Wars. The Jews we",,1700,EX
2020,BSS_BLT_VLLV,Bessarabia,Bieltsy,Valialui Vlad,1863,1836,1836,1836,1836,"This J. settlement dates from 1836. Its settlers engaged in agriculture and in the wheat trade. In 1930 the J. pop. was 1,355, with a J. school in operation. The fate of the community dur",,1800,
2021,KHR_ANN_VLGT,Kherson,Ananev,Valegotsulovo,18EX,18EX,1850,1800,1825,"Jews settled in the early 19th cent. A pogrom was staged in 1882. V. was the birthplace of the well-known J. composer Lazare Saminsky (1882-1959), who published studies on the history of J",,1800,EX
2022,LVL_VLK_VLK,Livland,Valk,Valk,1859,1859,1859,1859,1859,VALGA Estonia. The community was founded in 1859 by three J. soldiers in the Russian army and grew to 784 (4% of the total) on the eve of WWI. Public life received a boost after the Feb. 1917 Revolution when J. soldiers in the Russian army set up Zio,העיר נמצאת על גבול אסטוניה-לטביה ומחולקת בין שתיהן,1800,
2023,LVL_VLM_VLMR,Livland,Volmar,Volmar,1897,1897,1897,1897,1897,"The first Jews were Cantonists conscripted into the Russian army under Nicholas I. In 1897 the J. pop. reached 166 (total 5,056) and was reduced by a third after WWI, with most engaged in trade. Economic cond",,1800,
2024,KVN_KVN_VNDZ,Kovno,Kovno,Vendziagoly,16EX,16XX,1700,1600,1650,"Jews first settled here in the 17th cent. The J. pop. in 1897 was 374 (57% of the total). From the 1880s until WWI, many emigrated to the U.S. In wwi the Russian army expelled the Jews, many of w",,1600,XX
2025,POD_LMP_VPNR,Podolia,Lampol,Vapniarka,1784,1784,1784,1784,1784,"Eight Jews were present in 1784. In 1897, the J. pop. was 370 (total 760). One 20O0cts 1905, 150 memberscor the Black Hundreds, an antisemitic organization that enjoyed government support, staged a pogrom again",,1700,
2026,VTB_RZH_VRKL,Vitebsk,Riezhitsa,Varkliany,17LX,17LX,1800,1775,1775,"The community was established in the late 18th cent. and grew to 1,365 (total 1,810) in 1897. Jews traded in farm produce and were also craftsmen who eked out a living by traveling from village to vil",,1700,LX
2027,VLN_TRK_ORNY,Vilna,Troki,Orany,17MX,17MX,1775,1750,1750,"A few Jews lived in V. in the mid-18th cent. The J. pop. in 1897 was 1,473 (56% of the total). Prior to Wwll, there were about 60 J. families with a Hebrew school and a talmud torah. The German army entered",,1700,MX
2028,KVN_TLS_VRN,Kovno,Telshi,Vorni,16EX,16XX,1700,1600,1650,"Jews began settling in the 17th cent. The J. pop. in 1897 was 1,226 (39% of the total). The community maintained synagogues and a heder. Prior to WWI, a reformed heder was established where J. and secula",,1600,XX
2029,KHR_ODS_VRVR,Kherson,Odessa,Varvarovka,18EX,18EX,1850,1800,1825,"Jews probably settled in the early 19th cent. and numbered 781 (total 2,532) in 1897. In 1905 they were attacked in a pogrom. In 1939, 135 remained. The Germans arrived on 14 Aug. 1941 and in Sept. murdered 117 Je",,1800,EX
2030,MNS_RCH_VSLV,Minsk,Riechitsa,Vasilevichi,18MX,19XX,1897,1800,1850,"A small number of Jews were apparently present in the 19th cent. Despite the residence ban introduced in 1882, Jews numbered 229 (total 1,968) in 1897. Residence was Officially allowed only in 1903. In 1939, the",,1900,XX
2031,TRD_MLT_VSLV,Taurida,Melitopol,Vasilevo,18LX,1939,1939,1939,1939,"In 1939, the J. pop. was 97 (total 5,620). The Germans captured the town on 4 Oct. 1941 and murdered the 42 remaining Jews in the same mo",,1900,
2032,KIV_VSL_VSLK,Kiev,Vasilkov,Vasilkov,1799,1799,1799,1799,1799,"Jews numbered 1,478 in 1799 and 5,156 in 1897. Many Jews were employed as production workers and clerks in the city's brickyard or at one of its nine factories. In 1900, a new building was constructed for the talmud tora",,1700,
2033,KVN_PNV_KNST,Kovno,Poneviezh,Konstantinovo,16EX,16XX,1700,1600,1650,"The first Jews settled here in the 17th cent. In 1897 the J. pop. was 440 (50% of the total). In WwI the Jews were expelled, some returning later. In the 1920s many emigrated to South Africa and the U.S",,1600,XX
2034,KVN_SHV_VGR,Kovno,Shavli,Vegeri,18LX,1940,1940,1940,1940,"The J. pop. in 1940 was 50 (6% of the total). On 5 Aug. 1941 all of V.'s Jews were taken to Mazeikiai, where they were shot and buried in mass graves.",,1900,
2035,SWL_SNY_VS,Suwalki,Seiny,Veisee,17EX,17XX,1800,1700,1750,"Jews began settling here in the 18th cent. The J. pop. in 1897 was 974 (63% of the total). During WwI the Russian army expelled all the Jews, half of whom returned after the war. Between the World Wars",תנועה ציונית פעילה,1700,XX
2036,KVN_RSS_VVRZ,Kovno,Rossieny,Vevirzhany,1662,1662,1662,1662,1662,A small group of Jews was living here in 1662. The J. pop. was 281 in 1847 and 259 in 1923 (28% of the total). Antisemitism increased in the 1930s. There was a Hebrew school and Zionist youth grou,,1600,
2037,VLH_OVR_VLDN,Volhynia,Ovruch,Veledniki,1757,1757,1757,1757,1757,"The local proprietor Count Potocki permitted J. tailors and furriers to form a guild in 1757, extending the right to all J. artisans in 1783, Che J. pop) wasmls2.qne) 76 5sand 507 (total 1,143) in 1897. Between the",,1700,
2038,POD_NVU_ZHVN,Podolia,Novaia Ushitsa,Zhvanchik,17EX,17XX,1800,1700,1750,"Jews arrived in the 18th cent., numbering 22 in 1765 and increasing to 638 (21% of the total) in 1897. In 1923, in the Soviet period, the J. pop. stood at 556. A J. council (soviet) was active in th",,1700,XX
2039,PSK_VLK_VLKL,Pskov,Velikie Luki,Velikie Luki,18MX,18MX,1875,1850,1850,"J. settlement probably began in the mid-19th cent. Only 19 Jews were present in 1861. In 1869, Jews from Nevel whose homes had burned down were given permission to reside in V. The principal occupation of the Jews",,1800,MX
2040,KVN_KVN_VLNY,Kovno,Kovno,Veliony,14EX,14XX,1500,1400,1450,"The first Jews arrived here in the 15th cent. In wWwI the Russians expelled all the Jews, some of whom returned after the war. In the 1920s a secular J. community existed in V. In 1923 the J. pop. was 33",,1400,XX
2041,VTB_VLZ_VLZH,Vitebsk,Velizh,Velizh,17MX,17MX,1775,1750,1750,"Jews probably settled in the mid-18th cent. Their pop. rose from about 300 in 1797 to 3,080 in 1847 and 5,989 (total 12,193) in 1897. In 1823-35, a number of Jews stood trial in a blood libel. They were finally exonerat",,1700,MX
2042,CRL_VND_VNDV,Courland,Vindava,Vindava,16EX,16XX,1700,1600,1650,"There was a J. presence from the 17th cent. but the community only began to develop under Russian rule from 1795, reaching a pop. of 1,407 (total 5,872) in 1881. Thereafter emigration",,1600,XX
2043,POD_NVU_VRBV,Podolia,Novaia Ushitsa,Verbovets,17EX,19XX,1765,1765,1765,"The J. pop. was 229 in 1765 and 2,213 (total 6,371)",,1900,XX
2044,POD_MGL_VRKH,Podolia,Mogilev,Verkhovka,18EX,1897,1897,1897,1897,"The J. pop. was 251 (total 1,344) in 1897 and 148 in 1926. The Germans captured V. in mid-July 1941 and in the early fall expelled the Jews to the Yaltushkov ghetto, where they shared the fate of the",,1800,
2045,POD_BRT_VRKH,Podolia,Bratslav,Verkhovka,17EX,1765,1765,1765,1765,"The J. pop. was 105 in 1765 and 1,094 (total 3,091) in 1897, dropping to 420 in 1926. In fall 1941, under the Nazi occupation, over 1,000 Jews from Bukovina and Bessarabia were transferred there",,1700,
2046,EKT_VRK_VRKH,Ekaterinoslav,Verkhnednieprovsk,Verkhnednieprovsk,18EX,18EX,1850,1800,1825,"Jews settled in the early 19th cent. and numbered 2,058 (total 6,701) in 1897. A pogrom was staged in 1905. By 1939, under the Soviets, the J. pop. had dropped to 282. The Germans captured V. on 17 Aug.",,1800,EX
2047,KIV_SKV_VRKH,Kiev,Skvira,Verkhovnia,1897,1897,1897,1897,1897,"Jews numbered 316 (total 2,440) in 1897 and 104 in 1926 under the Soviets. The Jews who neither fled nor were evacuated perished under the German occupation (from 9 July 1941).",,1800,
2048,BSS_SRK_VRTZ,Bessarabia,Soroki,Vertiuzhany,,1838,1838,1838,1838,"Jews founded V. in 1838 and engaged mainly in growing wheat. Refugees from the pogroms in Russia in 1917 passing through V. were killed by antisemites. The J. pop. in 1930 was 1,84",,1800,
2049,EKT_ALK_VSL,Ekaterinoslav,Aleksandrovsk,Veselaia,1845,18MX,1875,1850,1850,"Jews from the Vitebsk and Mogilev region founded V. as a J. colony in the mid-19th cent. The J. pop. was 424 in 1858 and 436 in 1897, dropping to 134 under the Soviets in 1922. A J. school was in operation in 1909.",מושבה חקלאית יהודית,1800,MX
2050,MGL_GML_VTK,Mogilev,Gomel,Vietka,17LX,17LX,1800,1775,1775,"Jews settled in the late 18th cent., reaching a pop. of 984 in 1847 and 3,726 (total 7,204) in 1897. Most Jews engaged in petty trade but there were also lumber merchants among them. J. property was damaged in riots in",,1700,LX
2051,VLH_OVR_VZVK,Volhynia,Ovruch,Viazovka,18EX,18XX,1900,1800,1850,"Jews settled in the 19th cent., numbering 239 (total 1,178) in 1897 and 165 in 1926 under the Soviets. The few Jews who had neither fled nor been evacuated perished after the arrival of the Germans on 21 Aug. 1",,1800,XX
2052,KVN_VLK_VDZS,Kovno,Vilkomir,Vidzishki,18EX,18EX,1850,1800,1825,The J. community began early in the 19th cent. The J. pop. was 151 in 1897 (31% of the total) and 50 in 1940 (12%). All of V.'s Jews were killed in Ukmerge on 5 Sept. 1941.,,1800,EX
2053,KVN_RSS_VDKL,Kovno,Rossieny,Vidukli,16EX,16XX,1700,1600,1650,Jews began settling in the 17th cent. Germany's entry into V. in April 1915 preempted Russia's planned expulsion of the Jews. The J. pop. in 1940 was about 160 (about 21% of the total). After Germany's invasion in,,1600,XX
2054,KVN_SHV_VKSH,Kovno,Shavli,Viekshnia,18EX,16XX,1700,1600,1650,"Jews first settled here in the 17th cent. A conflagration in 1886 caused many Jews to emigrate to South Africa, the U.S., and Eretz Israel. The J. pop. in 1897 was 1,646 (56% of the total). The Hov",,1600,XX
2055,KVN_VLK_VSHN,Kovno,Vilkomir,Vieshinty,18EX,18EX,1850,1800,1825,"The J. community began in the early 19th cent. The synagogue, completed in 1882, was the community's religious and cultural center. The J. pop. in 1897 was 400 (54% of the total). In WWI the Jews",,1800,EX
2056,VLN_TRK_EV,Vilna,Troki,Eve,17LX,17LX,1800,1775,1775,Jews began settling at the end of the 18th cent. The J. pop. in 1897 was 647 (89% of the total). The Jews left V. in WWI when Cossacks set their homes on fire. Some returned after the war. The J. pop. in 19,,1700,LX
2057,VTB_RZH_VLNY,Vitebsk,Riezhitsa,Veleny,1873,1873,1873,1873,1873,The community was established after a large tanning factory was set up in 1873 by a wealthy Jew. The community numbered 300-400 (30% of the total) for most of its existence. All J. children attended a J. sch,תנועה ציונית פעילה,1800,
2058,LVL_FLL_FLLN,Livland,Fellin,Fellin,1860,1860,1860,1860,1860,"The community was founded by Cantonists in the 1860s, soon maintaining a synagogue and cemetery and reaching a pop. of 241 in 1881. After WWI the J. pop. averaged around 25 families (in a total pop. of 12,000 people). About 40% of t",,1800,
2059,SWL_VLK_VLKV,Suwalki,Volkovyshki,Volkovyshki,15EX,15EX,1550,1500,1525,"Jews began settling here in the beginning of the 16th cent. when Queen Bona allotted wood to all of V.'s residents to build houses of worship, including a magnificent three-story synagogue w",תנועה ציונית פעילה,1500,EX
2060,KVN_KVN_VLK,Kovno,Kovno,Vilki,17EX,17XX,1800,1700,1750,"Jews began settling here in the 18th cent. In 1859, V. had a synagogue and a yeshiva. The J. pop. in 1897 was 1,431 (71% of the total). During WWI, Russian soldiers rioted against the Jews, abusing men an",,1700,XX
2061,VLN_VLN_VLN,Vilna,Vilnius,Vilna,14LX,14LX,1500,1475,1475,"Individual Jews were present sporadically from the late 15th cent. to the mid-16th cent., settling on lands outside municipal bounds that belonged to the bishop and nobility. In","החלוץ, ביתר, פועלי ציון, הבונד",1400,LX
2062,POD_VNN_VNNT,Podolia,Vinnitsa,Vinnitsa,1532,1532,1532,1532,1532,"Jews are first mentioned in 1532. In 1648 they were murdered in the Chmielnicki massacres and in 1750 the Haidamaks attacked them. The J. pop. was 348 in 1765 and 11,689 in 1897. In the 19th cent., Jews owned the maj",,1500,
2063,KIV_ZVN_VNGR,Kiev,Zvenigorodka,Vinograd,17LX,17XX,1800,1700,1750,"A small number of Jews were present in the 18th cent. In 1897, the J. pop. reached 1,523 (total 4,064). Seven Jews were murdered in a pogrom on 13 Nov. 1918. In 1926, under the Soviets, the J. pop. was 1,108. Nearly all",,1700,XX
2064,SWL_VLK_VRZH,Suwalki,Volkovyshki,Verzhbolovo,16EX,16XX,1700,1600,1650,"Jews began settling here in the 17th cent. On the Shavuot holiday in 1790, a rabbi was executed in the wake of a blood libel. Antisemitism in the 1870s and 1880s caused many of V.'s",חובבי ציון,1600,XX
2065,SWL_MRM_RDVY,Suwalki,Mariampol,Ruda Vysokaia,18LX,1923,1923,1923,1923,The J. pop. in 1923 was 80. The Jews were killed in the Holocaust.,,1900,
2066,VTB_DVN_VYSH,Vitebsk,Dvinsk,Vyshki,17EX,17LX,1800,1775,1775,"The community was established at the turn of the 18th cent. and lived in straitened economic circumstances although constituting the town's majority (668 of 959 residents in 1897 and 423 of 750 in 1935). In the 1930s, the",,1700,LX
2067,SWL_VLK_VSHT,Suwalki,Volkovyshki,Vishtynets,1758,1758,1758,1758,1758,"By 1758 there was an organized J. community. In 1878 a J. high school, in the spirit of Haskala, was founded. In 1897 the J. pop. was 799 (32% of the total). In the beginning of the 20th cent.",תנועה ציונית פעילה,1700,
2068,VTB_VTB_VTBS,Vitebsk,Vitebsk,Vitebsk,1551,1551,1551,1551,1551,"Jews are first mentioned in 1551. In 1597, King Sigismund III of Poland banned their residence in the city but they nonetheless managed to lease inns under the auspices of the local nobility. In 1627, the local rule","איסור מגורים שלא נאכף 1597-1627, החלוץ",1500,
2069,POD_LTC_VLKV,Podolia,Letichev,Volkovintsy,1737,1737,1737,1737,1737,"Jews are first mentioned in 1737 and numbered 98 in 1784 and 1,168 (56% of the total) in 1897. In 1939, under the Soviets, the J. pop. was 764. The Germans occupied the town on 17 July 1941. In the 1941-",,1700,
2070,VLH_STR_VLCH,Volhynia,Starokonstantinov,Volochisk,17EX,17XX,1800,1700,1750,"Jews arrived in the 18th cent and numbered 774 in 1767. Jews were attacked in riots on 5 May 1881. With the town located on the Russian-Austrian border, Jews engaged in some smuggling and traded in farm pro",,1700,XX
2071,KIV_SKV_VLDR,Kiev,Skvira,Volodarka,1765,1765,1765,1765,1765,"Jews numbered 475 in 1765 and 2,079 (total 4,490) in 1897. V. was the birthplace of the well-known J. mathematician Salomon Loewenstein. Ukrainian gangs attacked the Jews in fall 1917 and in another pogrom on 3 Aug. 191",,1700,
2072,VLH_ZHT_GRSH,Volhynia,Zhitomir,Goroshki,18EX,1897,1897,1897,1897,"The J. pop. in 1897 was 2,018 (total 3,228). In 1929, under the Soviets, the J. pop. included 251 artisans, 149 laborers, and 34 merchants. In 1939, the J. pop. was 988.",,1800,
2073,VTB_DRS_VLYN,Vitebsk,Drissa,Volynets,18MX,1897,1897,1897,1897,The J. pop. was 602 (total 985) in 1897 and 457 in 1926. A kolkhoz founded in 1929 supported 11 J. families. The Germans arrived in early July 1941. The remaining 84 Jews were murdered in Feb. 1942.,,1800,
2074,POD_NVU_VNKV,Podolia,Novaia Ushitsa,Vonkovtsy,17EX,17XX,1800,1700,1750,"A J. community was founded in the 18th cent., reaching a pop. of 305 in 1784 and 1,768 (56% of the total) in 1897. In 1939, under the Soviets, the J. pop. was 1,745. The Germans captu",,1700,XX
2075,VRN_VRN_VRNZ,Voronezh,Voronezh,Voronezh,18EX,18EX,1850,1800,1825,"Jews probably settled in the early 19th cent. In 1862, the J. pop. of the region was 337, including 245 in V. The J. pop. grew, reaching 1,708 (total 80,599) in 1897, after the railroad linked V. to the big cities. A",,1800,EX
2076,CRN_GLK_VRNZ,Chernigov,Glukhov,Voronezh,18LX,1939,1939,1939,1939,"The J. pop. in 1939 was 96 (1% of the total). After the arrival of the Germans on 27 Aug. 1941, they murdered the Jews still there.",,1900,
2077,CRN_STR_VRNK,Chernigov,Starodub,Voronok,18MX,18MX,1875,1850,1850,"Jews probably settled in the mid-19th cent. In 1897, their pop. was 371 (total 3,707), dropping in the Soviet period to 93 in 1926. Following the German occupation in Aug. 1941, 26 Jews were murdered.",,1800,MX
2078,POD_BRT_VRNV,Podolia,Bratslav,Voronovitsa,17EX,17LX,1800,1775,1775,"J. settlement commenced in the mid-18th cent., with the J. pop. growing to 115 in 1765 and 1,411 (total 3,013) in 1897. Most of the town's 72 self-employed artisans were Jews. In the 1930s, under the Soviets, when",,1700,LX
2079,EKT_SLV_LGNS,Ekaterinoslav,Slavianoserbsk,Lugansk,18EX,18EX,1850,1800,1825,"Jews probably settled in the early 19th cent. and numbered 1,502 (total 20,404) in 1897. Three J. schools were open in 1910. In 1912, Y. Lerner, editor of the newspaper Ha-Perahim, w",,1800,EX
2080,POD_VNN_VRSH,Podolia,Vinnitsa,Voroshilovka,16LX,16LX,1700,1675,1675,"Jews settled in the late 17th cent. and numbered 116 in 1765 and 1,592 (total 3,180) in 1897. A stone synagogue was erected in the mid-19th cent. After the civil war (1918-21), the J. pop. dropped, to 1,079 in 19",,1600,LX
2081,SMR_STV_STVR,Samara,Stavropol,Stavropol,1830,1830,1830,1830,1830,"Ashkenazi Jews first settled in the 1830s. In time, the categories of Jews permitted to settle were expanded (artisans in 1865, for example) and the J. pop. grew to",,1800,
2082,LVL_VRR_VRR,Livland,Verro,Verro,1860,1860,1860,1860,1860,"Cantonists founded the community in the 1860s and established a synagogue and cemetery. The J. pop. numbered 176 in 1881 (total 2,697). During WWI, J. refugees from Riga and Courland arrived as well as around 250 J. soldiers from the Ru",,1800,
2083,KHR_ELZ_VZNS,Kherson,Elizavetgrad,Voznesensk,1860,1860,1860,1860,1860,"The J. pop. was 778 in 1860 and 5,931 (total 15,748) in 1897. Two government schools for J. children and a talmud torah were operating in 1909. A J. elementary school was open in the mid-1920s under the Soviets. The",,1800,
2084,SML_VZM_VZM,Smolensk,Viazma,Viazma,17EX,17XX,1800,1700,1750,"J. settlement apparently dates back to the 18th cent. A fire in 1882 burned down dozens of houses, most belonging to Jews. In 1897, the J. pop. was 504 (total 15,645). Permission to open a prayer house was granted in 19",,1700,XX
2085,KHR_KHR_KRN,Kherson,Kherson,Kronau,1870,1870,1870,1870,1870,"Jews probably joined the original German settlers of the village in the 1870s. In 1897, they numbered 139 (total 744). In early fall 1941, the Germans murdered the few remaining Jews.",,1800,
2086,KVN_VLK_VZHN,Kovno,Vilkomir,Vizhuny,16EX,16XX,1700,1600,1650,The J. community began here in the 17th cent. when a wooden synagogue was built. The J. pop. in 1897 was 445 (79% of the total). During WwI all of V.'s Jews were expelled to Russia's interior; most retur,,1600,XX
2087,PRU_WST_BRSN,Preussen,Wabrzezno,Briesen,,1709,1709,1709,1709,"A community of 400 existed in 1709, growing to 589 (total 4,654) in 1885, with most engaged in trade. Emigration reduced the J. pop. to 92 in 1932. Those remaining in Sept. 1939 were expelled by the Germans to Genera",,1700,
2088,GLC_CRC_WDWC,Galicia,Wadowice,Wadowice,,18LX,1900,1875,1875,Residence restrictions delayed the development of a J. community until the 1860s. The first settlers came from Austrian Silesia and brought with them what they considered enlightened and progressive ways as opposed to G,,1800,LX
2089,PRU_PSN_WNGR,Preussen,Wagrowiec,Wongrowitz,,17LX,1800,1775,1775,"J. settlement was banned by the Church until the late 18th cent. The community grew in the 19th cent. under Prussian rule, maintaining a synagogue, an elementary school, and supplementary religious classes. In the latt",,1700,LX
2090,GLC_CRC_WMPR,Galicia,Mielec,Wampierzów,,1921,1921,1921,1921,"In 1921 the J. pop. was 101 (total 1,596). The Jews were expelled to Radomysl in July 1941 and most were deported to the Majdanek concentration camp in July 1942.",,1900,
2091,GLC_LWW_WNWC,Galicia,Sambor,Waniowice,,1921,1921,1921,1921,The J. pop. in 1921 was 172. The Jews were probably expelled to Sambor for liquidation in Aug. 1942.,,1900,
2092,GLC_LWW_WRZ,Galicia,Sokal,Waręż,,15XX,1600,1500,1550,"Jews lived there from the 16th cent. and maintained an organized J. community from the late 18th cent. W. became a center of Belz Hasidism, which dominated the community and strongly opposed the Zionists when they came to t",,1500,XX
2093,WRS_GRT_WRK,Warszawa,Grojec,Warka,,17MX,1775,1750,1750,"Jews settled in W. in the mid-18th cent. It was the seat of a hasidic dynasty founded by Yitzhak Kalish which attracted many followers and provided livelihoods for the J. pop. (2,548 in 1897). Secular J. movements were fou",,1700,MX
2094,VLH_DBN_VRKV,Volhynia,Dubno,Varkovichi,1725,1725,1725,1725,1725,"A community existed after W. was accorded urban status in 1725, growing to 1,199 (total 1,926) in 1897. J. trades included tanning and brewing. Olyka and Turzysk (Trisk) Hasidism were active, as was the Zionist Orga",תנועה ציונית פעילה,1700,
2095,KLS_SRD_WRT,Kalisz,Turek,Warta,,15EX,1550,1500,1525,"The community, one of the first in the district, was founded by Jews from Moravia and other towns in Poland in the first half of the 16th cent. In 1671, the king granted the Jews a privilege protecting their r",,1500,EX
2096,,,,Wartenburg,,1825,1825,1825,1825,"Germany, today Poland. There was a small J. community in 1825. The J. pop. was 111 in 1880 and 70 in 1925. The community maintained a synagogue and a cemetery. No information is available about the fate of the",,1800,
2097,GRD_SKL_VSLK,Grodno,Sokolki,Vasilkov,1566,1566,1566,1566,1566,"Jews arrived in 1566 and probably formed an organized community by the 17th cent., with a pop. of 144 in 1799. In the 19th cent. Jews pioneered the textile industry, operating five factories in 1870 with 140 J. worke",,1500,
2098,RDM_OPT_WSNW,Radom,Opatow,Waśniów,,18EX,1850,1800,1825,"Jews probably settled in the first half of the 19th cent. They numbered 191 (total 580) in 1921 and 250 on the eve of the German occupation of Sept. 1939. Refugees increased the J. pop. to 3,000. In May 1942, all were ex",,1800,EX
2099,GLC_TRN_WSYL,Galicia,Husiatyn,Wasylkowce,,1921,1921,1921,1921,The J. pop. in 1921 was 141. The Jews were probably expelled to Kopyczynce for liquidation in spring-fall 1942.,,1900,
2100,PRU_OST_WHL,Preussen,Welawa,Wehlau,,1880,1880,1880,1880,"Germany, today Russia. The community maintained a synagogue and a cemetery. Religious services were held only on holidays. The J. pop. was 56 in 1880 and 18 in 1925. No information is available about the fate of t",,1800,
2101,PRU_WST_NSTD,Preussen,Wejherowo,Neustadt,,1812,1812,1812,1812,"The first Jews settled in 1812, mainly from the neighboring village of Bolszewo. Most were petty traders and shopkeepers while a few of the bigger merchants exported lumber and farm produce. The J. pop. reached 168",,1800,
2102,SDL_WGR_WGRW,Siedlce,Wegrow,Węgrów,,15EX,1550,1500,1525,Jews were present in the first half of the 16th cent. The Chmielnicki massacres of 1648-49 were followed by an epidemic in 1660. The community began to prosper economically in the late 18th cent. and the J. pop. numbered,,1500,EX
2103,VLH_DBN_VRB,Volhynia,Dubno,Verba,18LX,1921,1921,1921,1921,"The J. pop. in 1921 was 228 (total 402). The Germans set up two ghettoes on 20 May 1942. The larger, containing 285 Jews, was liquidated on 30 May, the smaller one with 82 Jews at the end of summer.",,1900,
2104,GLC_LWW_WRCH,Galicia,Rawa,Werchrata,,1921,1921,1921,1921,"The J. pop. was 159 in 1921. The Jews were probably deported to the Belzec death camp in Sept.-Oct. 1942, directly or via Rawa Ruska.",,1900,
2105,VLN_VLK_VZYN,Vilna,Vileika,Viazyn,16EX,16XX,1700,1600,1650,Jews were present by the 17th cent. and reached a pop. of 234 in 1897 (total 604). Most lost their property in WWI and those who managed to open stores and workshops after the war were saddled with heavy tax,,1600,XX
2106,PTR_LSK_WDW,Piotrkow,Lask,Widawa,,1764,1764,1764,1764,"Forty-three J. families lived here in 1764. The community grew to nearly 1,000 during the 19th cent. but in 1897 only 530 were left (32.5% of the total). In 1939 the majority of the 728 Jews moved to Belkhatow.",,1700,
2107,KVN_NVL_VDZY,Kovno,Novoaleksandrovsk,Vidzy,15EX,15XX,1600,1500,1550,". Jews probably settled in the 16th cent. and formed an organized community by the late 18th cent. They leased forest land and estate production facilities and traded in flax, lumber, wild berries, and grain.",,1500,XX
2108,PRU_PMM_WCBR,Preussen,Zlotow,Wiecbork,,1865,1865,1865,1865,"The J. community numbered 312 in 1865 (total 1,612). Most left after WWI. In 1932, those remaining were attached to the Sempolno community. The last 15 were expelled by the Germans to General Gouvernement territory i",,1800,
2109,PRU_PSN_FLHN,Preussen,Wielen,Filehne,,15XX,1600,1500,1550,"A J. community is first mentioned in the 16th cent., growing to 1,593 (total 3,209) in 1831. A synagogue was built in the 1850s under Liberal domination. Most Jews engaged in petty trade, brokerage, and craf",,1500,XX
2110,GLC_CRC_WLCZ,Galicia,Wieliczka,Wieliczka,,13XX,1400,1300,1350,"Despite a ban on J. settlement lasting until 1867, Jews were active in the town from the 14th cent., with an organized community in neighboring Klasno from the late 18th cent. coming to constitute in effect a suburb of",,1300,XX
2111,GLC_LWW_WLKO,Galicia,Jaworow,Wielkie Oczy,,16LX,1700,1675,1675,Jews were apparently among the town's first settlers in the late 17th cent. The J. pop. reached 985 (half the total) in 1880 but fell to 487 by 1921 after much emigration. Longstanding tensions with the,,1600,LX
2112,GLC_CRC_WLPL,Galicia,Ropczyce,Wielopole,,16LX,1700,1675,1675,"The first Jews arrived in the late 17th cent. The impoverished backwater community never grew much beyond 500 residents (half the pop.). On their arrival in Sept. 1939, the Germans instituted a regime of for",,1600,LX
2113,KLS_VLN_WLN,Kalisz,Wielun,Wieluń,,15XX,1600,1500,1550,"In the 15th and 16th cents. Jews were involved in the grain, wool, and textile trade with Silesia, but were expelled in the 1720s. They began to return and built a synagogue in 1855 and at the end of the 19th cent. a yeshiv",,1500,XX
2114,KLS_VLN_WRSZ,Kalisz,Wielun,Wieruszów,,1586,1586,1586,1586,"Jews expelled from Wielun settled here in 1586. Despite its proximity to the border and the 1823-25 laws restricting Jews from settling, the community expanded. By 1897 the 1,587 Jews constituted 36% of the inhabitants.",,1500,
2115,RDM_ILZ_WRZB,Radom,Ilza,Wierzbnik,,18MX,1875,1850,1850,"Despite an official residence ban until 1862, a J. community established itself by the mid-19th cent., growing to 975 in 1897. After the discovery of local iron deposits, Jews played a leading role in the",,1800,MX
2116,POD_NVU_VRBV_2,Podolia,Novaia Ushitsa,Verbovets,,1921,1921,1921,1921,"The J. pop. in 1921 was 131. The Jews were possibly executed locally in April 1942, or expelled to Kosow for extermination in Oct. 1942.",,1900,
2117,VLN_VLK_VLK,Vilna,Vileika,Vileika,17MX,17LX,1800,1775,1775,"The J. community grew rapidly in the late 18th cent., numbering 926 in 1797, but in the wake of floods and fires, the J. pop. dropped to 257 in 1847 before rising again to 1,328 in 1897 (total 3,560) as eco",תנועה ציונית פעילה,1700,LX
2118,GLC_LWW_WNNK,Galicia,Lwow,Winniki,,19EX,1940,1900,1925,The J. community of 40-50 families (less than 10% of the total) increased to about 500 people with the arrival of Jews expelled from Lwow by the Soviets in 1940. The German occupation of 29 June 1941 ignited,,1900,EX
2119,WRS_NWM_WNZW,Warszawa,Minsk Mazowiecki,Wionzowna,,18LX,1900,1875,1875,J. settlement in W. developed in the second half of the 19th cent. The J. pop. in 1921 was 272 (total 734). In Feb. 1941 the Jews were expelled to the Warsaw ghetto.,,1800,LX
2120,WRS_BLN_WSKT,Warszawa,Blonie,Wiskitki,,17EX,1750,1700,1725,"Jews lived there from the early 18th cent. In 1897 there were 1,138 Jews in a total pop. of 3,060. During WwI the J. pop. dwindled. Between the World Wars, J. organizations were founded. W. was occupied by the Germans o",,1700,EX
2121,KLC_PNC_WSLC,Kielce,Pinczow,Wiślica,,1514,1514,1514,1514,Jews are first mentioned in 1514. In 1566 they were forced to live outside the town walls and 50 families were massacred there by Stefan Czarniecki's irregular Polish troops in the mid-17th cent. Swedish wa,,1500,
2122,GLC_CRC_WSNC,Galicia,Bochnia,Wiśnicz Nowy,,16MX,1675,1650,1650,"A large part of the 200-family J. community fled during the mid-17th cent. disturbances. In the 18th cent. the community was one of the largest and most important in Lesser Poland, with 151 neighbor",,1600,MX
2123,VLH_KRM_NVYV,Volhynia,Kremenets,Novyi Vishnevets,15MX,15LX,1600,1575,1575,"The J. settlement dates from the second half of the 16th cent. It suffered greatly in the Tartar attack of 1653 but recovered quickly. The J. pop. was 2,825 in 1897. During the Russian civil war (1918",תנועה ציונית פעילה,1500,LX
2124,SDL_VLD_WSZN,Siedlce,Wlodawa,Wisznice,,17LX,1800,1775,1775,"Jews settled in the late 18th cent. In the late 19th cent., Jews became active as food manufacturers and also operated a steampowered flour mill and a hide-processing plant. The J. pop. rose from 696 in 1857 (total 1,46",,1700,LX
2125,VLN_OSH_VSHN,Vilna,Oshmiany,Vishnev,17LX,17LX,1800,1775,1775,"Jews settled in the late 18th cent., becoming active in the lumber industry as well as leasing a dairy and distilleries from the local estate. In the late 19th cent., when the J. pop. reached 1,463 in","תרבות, הבונד",1700,LX
2126,GLC_TRN_WTKW,Galicia,Kamionka,Witków Nowy,,17EX,1750,1700,1725,"Jews lived there from the early 18th cent. with substantial growth in the 19th, the J. pop. leveling off at around 1,000 (half the total) at the turn of the cent. The J. homes along with the synagogu",,1700,EX
2127,SWL_SVL_VZHN,Suwalki,Suvalki,Vizhainy,1646,1646,1646,1646,1646,"Jews were present from 1646. In 1921 they numbered 332 (total 1,396). In Oct. 1939, the 200 Jews there were expelled by the Germans to Lithuania. In the following years almost all met their death.",,1600,
2128,LMZ_LMZ_VZN,Lomza,Lomzha,Vizna,1765,1765,1765,1765,1765,"In 1765 W. had 16 J. families; in 1890 the community numbered 567 (total 2,984). In the late 1930s, there was an increase in antisemitism. The Germans arrived on 24 June 1941 and in July ordered the Jews to leave W. Mos",,1700,
2129,KLS_KNN_RSSC,Kalisz,Konin,Russocice,,17LX,1800,1775,1775,"Jews settled here in the late 18th cent. and numbered 293 in 1921. In 1940, the 115 remaining Jews were concentrated in a ghetto and on 20 Oct. 1941 they were transported to the Kowale Panski",,1700,LX
2130,WRS_VLT_WLCL,Warszawa,Wloclawek,Włocławek,,15XX,1600,1500,1550,"Jews did business at trade fairs here as early as the 16th cent. and settled after the residence ban was lifted in 1802. As the town expanded rapidly (in the latter half of the 19th cent.), the J. pop. grew to 4,248 in",,1500,XX
2131,SDL_VLD_WLDW,Siedlce,Wlodawa,Włodawa,,15XX,1600,1500,1550,Jews are mentioned in the 16th cent. and formed an independent community in 1623 with a representative on the Council of the Four Lands. Large numbers were killed in the Chmielnicki massacres of 1648-49 and the Swedish i,,1500,XX
2132,GRD_BRS_VLDV,Grodno,Brest-Litovsk,Vlodavka,1921,1921,1921,1921,1921,The J. pop. in 1921 was 271 (total 292). 'The Jews were probably brought to the Domaczewo ghetto and liquidated there on 20 Sept. 1942.,,1900,
2133,VLH_LTS_VLDM,Volhynia,Lutsk,Vladimirets,16EX,16XX,1700,1600,1650,"Jews were present in the 17th cent., reaching a pop. of 1,024 (half the total) in 1897. The Shalita family provided the community with its rabbis and the Hasidism (Turzysk, Stolin-Karlin, Stepan) op",ביתר,1600,XX
2134,VLH_VLD_VLDM,Volhynia,Vladimir-Volynskii,Vladimir-Volynskii,1171,1171,1171,1171,1171,Jews are first recorded in 1171 and came to constitute a prosperous community trading as far away as the Rhine and enjoying extensive privileges except for a short period of ex,"הבונד, ציונים",1100,
2135,WRS_NSH_WLKP,Warszawa,Sierpc,Wloki Piaski,,1921,1921,1921,1921,The J. pop. in 1921 was 111 (total 751). The Jews were expelled by the Germans to the eastern part of the Warsaw dist. between Dec. 1939 and Feb. 1940.,,1900,
2136,KLC_WLS_WLSZ,Kielce,Wloszczowa,Włoszczowa,,16XX,1700,1600,1650,"Jews are first mentioned in the 17th cent. but a J. community only developed in the 19th cent., growing to a pop. of 2,528 (total 3,722) in 1897. A synagogue was built in 1860 and in the early 20th cent. the Zionists",,1600,XX
2137,KLC_JDR_WDZS,Kielce,Jedrzejow,Wodzisław,,10XX,1100,1000,1050,Jews may have been present as early as the 11th cent. but J. settlement only became significant in the early 17th cent. Most Jews fled in the mid-17th cent. Swedish invasion but afterwards returned to form a community,,1000,XX
2138,SDL_RDN_WHYN,Siedlce,Radzyn,Wohyń,,1566,1566,1566,1566,"Two J. families were present in 1566. Royal privileges extended J. rights over the next 80 years and the J. pop. grew to 805 in 1857. The synagogue and many J. homes were destroyed in an 1881 fire. After WWI, economic cond",,1500,
2139,LBL_KHL_WJSL,Lublin,Chelm,Wojsławice,,14XX,1500,1400,1450,"Jews are mentioned in the 15th and 16th cents. In a 1760 blood libel, the community's rabbi was tortured to death and two other Jews were executed. When a fire in 1778 destroyed most J. homes and pro",,1400,XX
2140,GLC_CRC_WJNC,Galicia,Brzeg,Wojnicz,,17XX,1800,1700,1750,"Jews apparently settled in the 18th cent., reaching a peak pop. of 200 (total 1,683) in 1880. In wwit the Germans imposed forced labor and other abuses. In July 1940 the Jews were joined by refugees from Cracow. All were",,1700,XX
2141,GLC_STN_WJNL,Galicia,Kalusz,Wojniłów,,16LX,1700,1675,1675,"The community, dating from the late 17th cent., reached a pop. of 1,115 (total 2,726) in 1900. It was liquidated in Wwil through a series of expulsions, the last in the spring of 1942 to Stanislawow,",,1600,LX
2142,GLC_LWW_WJTK,Galicia,Dobromil,Wojtkowa,,1921,1921,1921,1921,The J. pop. in 1921 was 113. The Jews were expelled to Dobromil or Zaslawie for liquidation in summer 1942.,,1900,
2143,PTR_PTR_WLKR,Piotrkow,Piotrkow,Wola Krzysztoporska,,1921,1921,1921,1921,"Sixty-two Jews lived here in 1921. In Oct. 1942, all 60 J. inhabitants were deported to Piotrkow and from there to the Treblinka death camp.",,1900,
2144,GLC_LWW_WLMC,Galicia,Lisko,Wola Michowa,,1921,1921,1921,1921,"The J. pop. in 1921 was 148. Of the 200-220 Jews there in 1939, 150 were murdered locally in 1942 and the rest deported to Zaslawie via Lesko, where they were killed or sent to the Belzec death camp.",,1900,
2145,RDM_RDM_WLNW,Radom,Radom,Wolanów,,18EX,1850,1800,1825,"Jews first settled in the early 19th cent, numbering 232 (total 376) in 1857 and maintaining a synagogue. After WWI, the J. pop. rose to 313 with many engaged in the wholesale trade (flour, grain, and livestock). In the",,1900,EX
2146,GLC_LWW_WLZR,Galicia,Nisko,Wola Żarczycka,,1921,1921,1921,1921,"The J. pop. in 1921 was 101 (total 3,398). The Jews were deported to the Belzec death camp via Tarnobrzeg in Sept. 1942.",,1900,
2147,PTR_PTR_WLBR,Piotrkow,Piotrkow,Wolbórz,,1830,1830,1830,1830,The community was organized when the hasidic court of R. Yissakhar Dov Baer ha-Kohen Tornheim was established in the 1830s. The rabbi was a gifted writer and composer who founded a choir and an orchestra. The community num,,1800,
2148,KLC_OLK_WLBR,Kielce,Olkusz,Wolbrom,,17EX,1750,1700,1725,"Jews are mentioned in the early 18th cent. but may have been present before that. After R. Yitzhak Menahem Rotenberg (d. 1874) settled in the town, it became an important hasidic center. The J. pop. rose from 724 in 1827",,1700,EX
2149,GRD_VLK_VLKV,Grodno,Volkovysk,Volkovysk,15EX,15XX,1600,1500,1550,"Jews first settled in the 16th cent. By 1847 they numbered 1,429 and in 1897 reached 5,528 (total 10,323). Jews were active as wheat, fruit, and lumber exporters and pioneered light industry, opening",,1500,XX
2150,PRU_PMM_WLLN,Preussen,Pommern,Wollin,,18XX,1900,1800,1850,"Jews only arrived in W. in the 19th cent. In 1812 the J. pop. was five; in 1849, 90; and in 1880, 141. The community maintained a synagogue and a cemetery. When the Nazis came to power in 1933, th",,1800,XX
2151,WRS_RDM_WLMN,Warszawa,Radzymin,Wołomin,,18LX,1900,1875,1875,"Jews settled towards the end of the 19th cent. They dealt mainly in leasing property, innkeeping, commerce, and crafts. With the outbreak of WWI a lack of food and industrial supplies led to widespread destitution and th",,1800,LX
2152,GLC_STN_WLSK,Galicia,Dolina,Woloska Wies,,1921,1921,1921,1921,The J. pop. in 1921 was 216. The Jews were expelled to Bolechow for liquidation in Aug. 1942.,,1900,
2153,VLN_OSH_VLZH,Vilna,Oshmiany,Volozhin,17EX,1766,1766,1766,1766,"A community of 383 existed in 1766, growing to 2,452 in 1897 including the surrounding villages (total 4,534). W. was famous for its Etz Hayyim yeshiva, founded in 1802 by R. Hayyim Volozhin",תרבות,1700,
2154,GRD_GRD_VLP,Grodno,Grodno,Volpa,15MX,15LX,1600,1575,1575,J. settlement commenced in the second half of the 16th cent. The community prospered owing to W.'s position as a commercial center and built a wooden synagogue famous for its design. It survived the destr,,1500,LX
2155,PRU_PSN_WLLS,Preussen,Babimost,Wollstein,,1530,1530,1530,1530,The first Jews arrived in 1530 and by the time of Prussian rule in 1793 numbered 561 (nearly a third of the total). Many were in the shoe trade and a few were grain merchants. A new synagogue was completed in 1842. In t,,1500,
2156,RDM_ILZ_WCHC,Radom,Ilza,Wąchock,,18XX,1900,1800,1850,"A few dozen families were present in the 19th cent. The J. pop. was 468 in 1921 (total 2,389). On 20 Sept. 1942, three years after the German occupation, 600 Jews, less those selected for labor, were executed in the nea",,1800,XX
2157,LMZ_OST_VNSV,Lomza,Ostrov,Vonsevo,1765,1765,1765,1765,1765,"In 1765, 95 Jews lived in W. The J. pop. in 1921 was 269 (total 809). During wwil the Jews were probably executed along with those of the neighboring areas.",,1700,
2158,LMZ_SHC_VNSS,Lomza,Shchuchin,Vonsosh,18EX,18XX,1900,1800,1850,"The J. community grew in the 19th cent. to 453 in 1857. In the 1930s the Jews suffered antisemitic upheavals. From Sept. 1939 the Soviets controlled W., which was taken by the Germans on 22 June 1941, w",,1800,XX
2159,LBL_PLW_WWLN,Lublin,Pulawy,Wąwolnica,,16XX,1700,1600,1650,"J. settlement commenced in the 17th cent. and expanded despite local opposition. Many traded in farm produce. The J. pop. rose from 404 in 1857 and 836 in 1897 to 1,043 (total 3,003) in 1921. The pos",,1600,XX
2160,PRU_OST_WRMD,Preussen,Braniewo,Wormditt,,1800,1800,1800,1800,"Germany, today Poland. Jews settled in W. c. 1800. By 1871, the J. pop. was 174, dropping to 109 in 1905 and to 45 in 1925. The community maintained a synagogue and a cemetery (established in 1806). By June 1933,",,1800,
2161,VLN_VLN_VRNN,Vilna,Vilnius,Vorniany,17MX,17LX,1800,1775,1775,"Jews arrived apparently in the second half of the 18th cent. Until WWI, many earned their livelihoods in the lumber industry in an atmosphere of general prosperity. After the war economic conditions deteri",,1700,LX
2162,GLC_STN_WRCH,Galicia,Nadworna,Worochta,,1921,1921,1921,1921,The J. pop. in 1921 was 196. Some of the Jews were probably executed locally by the Germans in Oct. 1941; the others were deported to Nadworna for liquidation in summer 1942.,,1900,
2163,VLN_LDA_VRNV,Vilna,Lida,Voronovo,17EX,17LX,1800,1775,1775,"A few J. families may have been present at the turn of the 18th cent. At the end of the 19th cent. when the J. pop. reached 1,432 (total 1,574), most engaged in trade, brokerage, and transportation se","אגודת ישראל, תרבות",1700,LX
2164,PRU_PSN_WRNK,Preussen,Szamotuly,Wronke,,15LX,1600,1575,1575,"The first Jews probably settled in the late 16th cent., receiving a charter in 1607 allowing them to engage in trade and crafts and build a new synagogue. The J. pop. reached a peak of 813 in 1846 as a period of prosperit",,1500,LX
2165,PRU_PSN_WRSC,Preussen,Wrzesnia,Wreschen,,14MX,1475,1450,1450,"Jews were present from the founding of the town in the mid14th cent. and contributed significantly to its economic development. The community suffered in the mid-17th cent. wars, murdered and pillaged by the troops of S",,1400,MX
2166,MNS_NVG_VSLB,Minsk,Novogrudok,Vseliub,15EX,15XX,1600,1500,1550,Jews are believed to have arrived in the 16th cent. In the 19th cent. J. merchants were particularly active in the lumber trade. All Jews had auxiliary farms and many grew cereal crops on leased land.,,1500,XX
2167,GLC_LWW_WLKM,Galicia,Rawa,Wulka Mazowiecka,,1921,1921,1921,1921,The J. pop. in 1921 was 136. The Jews were possibly expelled to Rawa Ruska for liquidation in Sept-Oct. 1942.,,1900,
2168,GLC_LWW_WYBR,Galicia,Bobrka,Wybranówka,,1921,1921,1921,1921,The J. pop. in 1921 was 101. The Jews were expelled to Bobrka for liquidation in the second half of 1942.,,1900,
2169,RDM_RDM_WYSM,Radom,Radom,Wyśmierzyce,,18XX,1900,1800,1850,"Jews first settled in the 19th cent. and numbered 109 in 1921. In July 1942, after three relatively quiet years under the German occupation, 500 including refugees from Przytyk were deported to the Treblinka death ca",,1800,XX
2170,VLH_RVN_VYST,Volhynia,Rovno,Vysotsk,16EX,16EX,1650,1600,1625,"A community, attached to Pinsk, existed from the early 17th cent., growing to 880 (total 912) in 1897 and engaging in such trade as the export of wild berries and mushrooms to Kiev and Odessa. Economic co","הבונד, ציונים",1600,EX
2171,GLC_LWW_WYSC,Galicia,Turka,Wysocko Niżne,,1921,1921,1921,1921,"The J. pop. in 1921 was 141. The Jews were probably deported to the Belzec death camp in the second half of 1942, directly or via Turka.",,1900,
2172,LBL_KRS_WYSK,Lublin,Krasnystaw,Wysokie,,17MX,1775,1750,1750,"A few dozen Jews were present in the mid-18th cent. The J. pop. fell from 352 in 1895 to 285 (total 1,041) in 1921, living in straitened economic circumstances. In fall 1942, three years after the German occupation, most",,1700,MX
2173,GRD_BRS_VYSK,Grodno,Brest-Litovsk,Vysoko-Litovsk,15MX,15MX,1575,1550,1550,"Jews settled in the mid-l6th cent. and numbered 2,876 in 1897 and 1,994 (total 2,395) in 1921. Most trade was in their hands. Fires in 1884, 1889, and 1904 struck the Jews particularly hard. Between the World",,1500,MX
2174,LMZ_WYS_MZVT,Lomza,Wysokie Mazowieckie,Mazovetsk,1870,16XX,1700,1600,1650,"Jews lived there from the 17th cent. and in 1897 numbered 1,910 (66%). At the beginning of the 20th cent. anti-J. incitement and economic boycott increased. The community maintained an Orthodox character.",,1600,XX
2175,WRS_PLT_WYSZ,Warszawa,Pultusk,Wyszków,,16XX,1700,1600,1650,"Jews probably first lived there in the 17th cent. Their numbers began to increase significantly in the 19th cent. In Selling apples in Wysokie Mazowieckie, Poland, one of the main centers of Jewish urban settlement, earl",,1600,XX
2176,PLC_PLT_WYSZ,Plock,Plock,Wyszogród,,14XX,1500,1400,1450,"J. settlement began in the 15th cent. A synagogue was built in the mid-18th cent., which survived until the Holocaust. Under Prussian and subsequent Polish rule (1793- 1807) the number of Jews increased to constitute o",,1400,XX
2177,VLH_KRM_VYSH,Volhynia,Kremenets,Vyshgorodok,18EX,1897,1897,1897,1897,"The J. pop. stood at 1,078 (half the total) in 1897. Most identified with Turzysk (Trisk) Hasidism. Rampaging Ukrainian gangs caused many to flee during the Russian civil war (1918-21), leaving a J. p",תנועה ציונית פעילה,1800,
2178,PLT_PRT_IGTN,Poltava,Piriatin,Iagotino,18LX,18LX,1900,1875,1875,"Jews settled in the late 19th cent. and numbered 943 (total 4,409) in 1897. A four-year J. school operated in the 1930s under difficult conditions: the children learned Ukrainian in the first two years and were then ta",,1800,LX
2179,TRD_ILT_ILT,Taurida,Ialta,Ialta,18EX,18EX,1850,1800,1825,"Jews settled in the early 19th cent., numbering 87 in 1847 and 1,025 (total 13,000) in 1897. A pogrom was staged against the Jews on 13-14 March 1905. The Zionists won the elections to the community council in 191",תנועה ציונית פעילה,1800,EX
2180,POD_MGL_ILTS,Podolia,Mogilev,Ialtushkov,1784,1784,1784,1784,1784,"Jews numbered 192 in 1784 and 1,238 (total 3,533) in 1897. In early Dec. 1883, Jews were attacked in a pogrom. In 1926, under the Soviets, their pop. was 1,392. A J. elementary school (four grades) and J. council (",,1700,
2181,POD_LMP_IMPL,Podolia,Lampol,Iampol,16MX,16LX,1700,1675,1675,"Jews probably settled in the late 17th cent. and by 1740 maintained a burial society (hevra kaddisha). The J. pop. was 664 in 1790 and 2,823 in 1897 (total 6,605). Many Jews became carters because of the distance f",,1600,LX
2182,VLH_KRM_IMPL,Volhynia,Kremenets,Iampol,16LX,16EX,1650,1600,1625,"Jews probably settled in the early 17th cent. In 1705- 08 (the Northern War), Russian, Polish, and Swedish soldiers attacked the Jews. In a 1766 blood libel, 15 leading figures in the J. community were to",,1600,EX
2183,VTB_VTB_INVC,Vitebsk,Vitebsk,Ianovichi,16LX,16LX,1700,1675,1675,"The J. community dates from the late 17th cent. In 1897, the J. pop. was 1,702 (total 2,359). During the Soviet period, a J. elementary school and J. council were in operation. Both were closed down in the late 19",,1600,LX
2184,VLH_ZHT_INSH,Volhynia,Zhitomir,Ianushpol,1569,1569,1569,1569,1569,"Jews are first mentioned in 1569. Only a few dozen were present inthe? 18th 'cent. In 1897, the J. pop. was 1,251 (of a total 5,085). Many were artisans or worked in two J.-owned sugar refineries. In the civil war (",,1500,
2185,SML_DKH_IRTS,Smolensk,Dukhovshchina,Iartsev Perevoz,18MX,18LX,1900,1875,1875,"Jews probably settled in the late 19th cent. They were granted permission to erect a prayer house in 1898. The J. pop. was 520 (total 18,703) in 1926 and 454 in 1939. After their arrival on 5 Oct. 1941, the Germans mur",,1800,LX
2186,POD_PRS_IRML,Podolia,Proskurov,Iarmolintsy,1765,1766,1766,1766,1766,"The J. pop. was 253 in 1765, dropping to 60 after a Haidamak attack in 1775. It rose again to 2,633 in 1897. The main source of J. livelihoods were the weekly market day and yearly fairs. The community ma",,1700,
2187,POD_LMP_IRG,Podolia,Lampol,Iaruga,1765,1765,1765,1765,1765,"Jews numbered 63.in 1765 and 91,271 (total 23506)mini 18973 Ins Dec: 1919 they were attacked by General Denikin's White Army soldiers. In 1926, under the Soviets, the J. pop. was 1,833. A J. school and J. rural counci",,1700,
2188,POD_MGL_IRYS,Podolia,Mogilev,Iaryshev,1765,1765,1765,1765,1765,"The J. pop. was 438 in 1765 and 1,499 (total 3,642) in 1897. In the Soviet period, the J. pop. declined, reaching 509 in 1939. In 1930, 46 J. families (a third of the total) were employed in a J. kolkhoz and in the 1",,1700,
2189,KHR_ANN_ISNV,Kherson,Ananev,Iasinovo,18LX,1897,1897,1897,1897,"Jews numbered 573 (total 4,324) in 1897 and 610 in 1926. The Germans captured Y. in early Aug. 1941 and murdered about 150 Jews in the fall.",,1800,
2190,KHR_KHR_EFNG,Kherson,Kherson,Efingar,1807,1807,1807,1807,1807,"Y. was founded as a J. settlement in 1807-09 and numbered 49 families in 1815. Its name derived from the Hebrew for beautiful river (vefei nahar) In 1897, the J. pop. was 2,038 (total 2,226), dropping to 1,528 in",מושבה חקלאית יהודית,1800,
2191,TRD_EVP_EVPT,Taurida,Evpatoriia,Evpatoriia,1810,1810,1810,1810,1810,"The first J. families settled around 1810. In 1847, the J. pop. was 30 and in 1897 there were 1,592 Jews in the city (total 17,913) as well as 1,505 Karaites, Y. in fact being a Karaite center until the Oct.","השומר הצעיר, הבונד",1800,
2192,VLH_DBN_OZRN,Volhynia,Dubno,Ozerany,1848,1848,1848,1848,1848,"Y. was founded in 1848 as a J. farm settlement and numbered 637 people in 1898. The Germans captured Y. on 26 June 1941 and expelled the Jews to the Warkowicze ghetto, where they were murder",מושבה חקלאית יהודית,1800,
2193,KVN_TLS_ILLK,Kovno,Telshi,Illoki,18EX,18EX,1850,1800,1850,"The J. community was established in the beginning of the 19th cent. The J. pop. was 775 in 1897 (57% of the total) and 409 in 1923 (41%). Between the World Wars many emigrated to the U.S., South Africa",,1900,EX
2194,VTB_DRS_IKHV,Vitebsk,Drissa,Iukhovichi,18EX,1897,1897,1897,1897,"The J. pop. was 336 in 1897 (total 618) and 349 in 1926 under the Soviets. The Germans occupied the town in July 1941, transferring the remaining Jews to the Rossony ghetto, where they were murdered together with",,1800,
2195,MNS_RCH_IRVC,Minsk,Riechitsa,Iurevichi Stan I,17LX,17LX,1800,1775,1775,"Jews are first mentioned in the late 18th cent. Their pop. was 65 in 1811 and 1,287 (total 1,577) in 1897. A Musar yeshiva was active in the town until the Soviet authorities closed it down in 1922. In the same ye",,1700,LX
2196,KIV_LPV_ISTN,Kiev,Lipovets,Iustingrad,1897,1897,1897,1897,1897,"The J. pop. was 2,521 (total 3,194) in 1897 and 539 under the Soviets in 1926. With the German occupation in WWII, the Jews were immediately abused and on 19 Sept. 1941, 35 were murdered. The rest were subseque",,1800,
2197,POD_BLT_IZFP,Podolia,Balta,Iuzefpol Liudvinka,17MX,17MX,1875,1850,1850,"Jews settled in the mid-18th cent. and numbered 66 in 1784. Their pop. increased to 872 (total 2,401) in 1897 and 1,041 in 1926. In the Soviet period, some Jews were employed in the J. kolkhozes",,1800,MX
2198,GLC_STN_ZB,Galicia,Kosow,Żabie,,1880,1880,1880,1880,"The Jews were organized as an independent community in the 1880s, numbering 654 (total 6,816) in 1890 and maintaining a stable pop., their livelihoods augmented by farming small plots of land for family",,1800,
2199,GRD_KBR_ZHBN,Grodno,Kobrin,Zhabinka,18LX,18LX,1900,1875,1875,"The J. pop. grew to 445 (total 610) in 1921, developing after the arrival of the railroad in the late 19th cent. In the Holocaust, the Jews were presumably expelled by the Germans to Brona Gora and murder",,1800,LX
2200,GLC_STN_ZBLT,Galicia,Sniatyn,Zabłotów,,17EX,1750,1700,1725,"Jews settled here in the early 18th cent. In the 19th cent. Z. became a hasidic center with rival courts and thousands of visitors. A pogrom was staged in 1903, fires broke out in 1905 and 1911,",,1700,EX
2201,GRD_BLST_ZBLD,Grodno,Bielostok,Zabludovo,15LX,15LX,1600,1575,1575,"Jews first arrived in the late 16th cent., making the community one of the oldest in the Bialystok area. Prince Radziwill accorded the Jews broad privileges, allowing them to put up public buildings, open shops and s",,1500,LX
2202,KIV_CHR_ZHBT,Kiev,Cherkasy,Zhabotin,1765,1765,1765,1765,1765,"Five J. families were present in 1765. All were murdered in 1768 by the Zhelezniak gangs. In 1897, the J. pop. was 272 and in 1926, under the Soviets, 44 (total 4,498). Those who failed to escape were murdered by the Germ","יישוב יהודי קטן שנחרב ב 1768 עי היידמאקים, נבנה מחדש לאחר מכן",1700,
2203,POD_OLG_ZGNT,Podolia,Olgopol,Zagnitkov,1765,1765,1765,1765,1765,"Fourteen Jews were present in 1765. In 1897, the J. pop. was 560 (total 4,660), dropping to 251 in 1939 under the Soviets. The Germans arrived on 23 July 1941 and probably murdered the few dozen remaining J. familie",,1700,
2204,KLS_SLP_ZGRW,Kalisz,Slupca,Zagórów,,1897,1897,1897,1897,"In 1897 the J. pop. was 658 (22% of the total). In 1940, with the influx of refugees, the 500-member community expanded to 2,000. All were ghettoized and some sent to forced labor. In Oct. 1941 the remaining Jews were murd",,1800,
2205,GLC_LWW_ZGRZ,Galicia,Sanok,Zagórz,,18LX,1900,1875,1875,Jews began arriving from Sanok and neighboring Lesko in the second half of the 19th cent. when the railway line was laid. They operated bath houses for the railway workers along with grocery and building-supply stores. In 1,,1800,LX
2206,PTR_BND_ZGRZ,Piotrkow,Bedzin,Zagórze,,1880,1880,1880,1880,"J. settlement commenced in 1880, including Aleksandrow Hasidim. Many left after WWI, leaving just 40 families, most of them supporters of Mizrachi. Further emigration reduced the J. pop. to 60 when the Germans arriv",,1800,
2207,MGL_MST_ZKHR,Mogilev,Mstislavl,Zakharino,1847,1847,1847,1847,1847,"Z. was located in the J. Pale of Settlement. The J. pop. was 538 in 1847 and 566 (total 574) in 1897. During the Soviet period, there was a J. council (soviet). The Germans occupied Z. in July 1941 and on 9 May 1942",,1800,
2208,GLC_CRC_ZKLC,Galicia,Brzeg,Zakliczyn,,16LX,1700,1675,1675,"Jews settled in the second half of the 17th cent., the community never exceeding 300 (20-25% of the pop.). Zionist activity flourished from 1906 and there was a lively social and cultural life. Antisemitism was widespr",,1600,LX
2209,LBL_INV_ZKLK,Lublin,Janow,Zaklików,,15LX,1600,1575,1575,"Jews first settled in the late 16th cent. working as distillers. Their pop. rose from 355 in 1827 and 559 in 1867 to 1,403 (total 3,013) in 1921. In the late 19th cent., they initiated a large limestone-processing plant",,1500,LX
2210,GLC_CRC_ZKPN,Galicia,Nowy Targ,Zakopane,,17LX,1800,1775,1775,"Jews first settled in the late 18th cent. The harsh climate and bands of robbers kept the isolated Carpathian Mountain community from developing significantly, though a flourishing health and tourist industry provided J",,1700,LX
2211,WRS_PLN_ZKRC,Warszawa,Plonsk,Zakroczym,,14XX,1500,1400,1450,"A small community existed in the 15th cent., only developing significantly in the 18th cent. A synagogue and cemetery were consecrated in the 1820s. In the second half of the 19th cent. Jews engaged in light industry a",,1400,XX
2212,LBL_INV_ZKRZ,Lublin,Janow,Zakrzówek,,18LX,1900,1875,1875,"The J. pop. was 169 in the late 19th cent. and 408 (total 2,216) in 1921. The German occupation of Sept. 1939 was followed by a regime of forced labor. In Oct. 1942, following an Aktion in which 50 children and old and",,1800,LX
2213,GLC_TRN_ZLSZ,Galicia,Zaleszczyki,Zaleszczyki,,17EX,1750,1700,1725,"Jews were apparently among the founders of the town in the early 18th cent. The community grew to a peak of 4,513 (80% of the total) in 1890 but straitened economic circumstances and stiff competitio",,1700,EX
2214,GLC_TRN_ZLZC,Galicia,Brody,Założce,,16EX,1650,1600,1625,Jews were found in Z. from the early 17th cent. and the community grew in importance in the 18th and 19th cents. with many well-known rabbis and preachers residing there. The Zionists became active from,,1600,EX
2215,GLC_STN_ZLKW,Galicia,Stanislawow,Zalukiew,,1921,1921,1921,1921,The J. pop. in 1921 was 120. The Jews were sent to the Rodolf Mill camp in Stanislawow for liquidation in SeptOct.,,1900,
2216,LMZ_LMZ_ZMBR,Lomza,Lomzha,Zambrov,1829,1829,1829,1829,1829,"The community was established in 1829 and grew substantially after the Russian army set up a base in Z. in 1863, requiring supplies and providing construction work for scores of craftsmen. The Jews provided kosher foo",,1800,
2217,LBL_INV_MDLB_2,Lublin,Janow,Modliborzyce,,1921,1921,1921,1921,"The J. pop. stood at 150 (total 1,877) in 1921. During Wwil, the Germans may have expelled the Jews to Tarnogrod prior to deportation with the local Jews to the Belzec death camp in the second half of 1942",,1900,
2218,POD_NVU_ZMHV,Podolia,Novaia Ushitsa,Zamiehov,1734,1734,1734,1734,1734,"In 1734, 30 Jews were murdered in a Haidamak raid. The J. pop. included 505 poll tax payers in 1765 and numbered 891 (total 2,217) in 1897. After the Feb. 1917 Revolution, the Bund and Tze'irei Tziyyon beca",,1700,
2219,LBL_ZMC_ZMSC,Lublin,Zamosc,Zamość,,1587,1587,1587,1587,"The first Jews were Sephardim from Turkey and Venice, apparently arriving in 1587 and granted equal rights with local residents by the town's proprietor Around 1595 they consecrated a synagogue and cemetery. Unable to col",,1500,
2220,EKT_MRP_ALKS,Ekaterinoslav,Mariupol,Aleksandronevsk,1816,1816,1816,1816,1816,"Seven Jews were living in Z. in 1816. In 1897, their pop. was 5,290 (total 18,849). A pogrom was staged against the Jews on 1 May 1881. In subsequent attacks, on 6-7 Sept. 1904 and 22-23",,1800,
2221,KVN_NVL_NVLK,Kovno,Novoaleksandrovsk,Novoaleksandrovsk,1838,1838,1838,1838,1838,"Jews from Troki requested permission from Czar Alexander I to settle in Z. in 1838. By 1866 the J. pop. was 3,562 (54% of the total). Jews served on the city council in 1924-1934 and in 1939 the J. p",הקהילה הוקמה עי יהודים מטורקי,1800,
2222,LMZ_OST_ZRMB,Lomza,Ostrov,Zaremby Kostelne,16MX,16LX,1700,1675,1675,An organized community existed in the second half of the 17th cent. In the late 18th cent. Jews marketed estate produce under leaseholding agreements and engaged in crafts. In WWI Russian soldi,,1600,LX
2223,KVN_TLS_ZHRN,Kovno,Telshi,Zhareny,18LX,19XX,1915,1900,1910,Until WwI the area was owned by a family of squires who built houses on the land and rented them to Jews. Between the World Wars many Jews emigrated to South Africa. The J. pop. in 1941 was 95. Most of,,1900,XX
2224,PTR_BND_ZRK,Piotrkow,Bedzin,Żarki,,16LX,1700,1675,1675,"Jews apparently settled with the founding of the town in the Middle Ages, forming an organized community by the late 17th cent. The J. pop. grew from 787 in 1765 to 1,544 in 1857. In the late 19th cent., Jews were active i",,1600,LX
2225,KLC_OLK_ZRNW,Kielce,Olkusz,Żarnowiec,,1791,1791,1791,1791,"A J. community of 386 residents with a synagogue and school is mentioned in 1791. Its pop. increased to 814 in 1857 and 1,412 (total 2,472) in 1897. After wwl, J. life continued to revolve around the synagogue, althoug",,1700,
2226,GLC_LWW_ZRSZ,Galicia,Sanok,Zarszyn,,17LX,1800,1775,1775,J. settlement commenced in the late 18th cent. with community life centering around the beit midrash. The J. pop. was 128 in 1880 (total 959) and 181 in 1921. Persecution and forced labor came with the German occupation. M,,1700,LX
2227,KIV_TRS_ZHSH,Kiev,Tarashcha,Zhashkov,17EX,18XX,1900,1800,1850,"A small number of Jews were present in the 18th cent. Their pop. grew to 2,445 (total 5,181) in 1897. Most of the town's 26 stores were in J. hands and the weekly market day was an important source of J. income. Ten Jews",,1800,XX
2228,VLN_DSN_ZSKV,Vilna,Disna,Zaskevichi,18LX,18LX,1900,1875,1875,"Jews probably arrived in the late 19th cent., numbering 200 (total pop. 253) in 1925 after losing most of their homes and property in WWI. Between the World Wars their small auxiliary farms often saved",,1800,LX
2229,MNS_MNS_ZSLV,Minsk,Minsk,Zaslavl,17MX,17MX,1875,1850,1850,"Jews probably settled in the mid-18th cent., numbering 158 in 1766 and 280 in 1897. A Hebrew printing press was founded in 1807. In 1926, under the Soviets, the J. pop. was 368 (total 1,648), dropping to 248 in 1939.",,1800,MX
2230,VLN_TRK_ZHSL,Vilna,Troki,Zhosli,18EX,1897,1897,1897,1897,"The J. pop. in 1897 was 1,325 (67% of the total). Many Jews joined the Hovevei Zion movement. During Ww! the community took in Jews expelled by the Russians from other towns. Between the World Wars",חובבי ציון,1800,
2231,EKT_MRP_ZTSH,Ekaterinoslav,Mariupol,Zatishe,1853,1897,1897,1897,1897,"Jews numbered 527 (total 708) in 1897 and 449 in 1926. Under the German occupation, which began on 12 Nov. 1941, 95 Jews were mur",מושבה חקלאית יהודית,1800,
2232,GLC_CRC_ZTR,Galicia,Wadowice,Zator,,14LX,1500,1475,1475,"The small community was one of the 61 existing in Poland at the end of the Middle Ages, its pop. never exceeding 500 (a quarter of the total). The grievous J. suffering in WWI was compounded when rioters looted J. homes an",,1400,LX
2233,MGL_MGL_ZVRZ,Mogilev,Mogilev,Zaverezhe,1835,1835,1835,1835,1835,"Z. was founded as a J. colony in 1835 and had a pop. of 259 Jews in 1898. The community maintained a prayer house, a cemetery, and a library with Yiddish and some Hebrew books. In 1924-25, under Soviet rule, 49 J",מושבה חקלאית יהודית,1800,
2234,GLC_TRN_ZWLW,Galicia,Podhajce,Zawałow,,15MX,1575,1550,1550,Jews were among the mid-16th cent. founders of the town. The J. pop. stood at 396 in 1890 and 137 (total 987) in 1921. All were presumably expelled to neighboring Podhajce in the fall of 1942 to share,,1500,MX
2235,RDM_SND_ZWCH,Radom,Sandomierz,Zawichost,,17EX,1750,1700,1725,"Jews arrived in the early 18th cent., settling in Prosperowo, a settlement specifically built for Jews at the encouragement of King Augustus II to stimulate development. An organized community was formed and the J. pop",,1700,EX
2236,PTR_BND_ZWRC,Piotrkow,Olkusz,Zawiercie,,16LX,1700,1675,1675,"Jews were permitted to settle and work the land by royal privilege in the late 17th cent. A community developed in the 19th cent., building a synagogue in 1881. The J. pop. reached 1,134 (total 5,224) in 1887. Jews wer",,1600,LX
2237,GLC_STN_ZWJ,Galicia,Myslenice,Zawoja,,1921,1921,1921,1921,The J. pop. in 1921 was 126. The Jews were expelled to Kalusz for liquidation in Aug. 1942.,,1900,
2238,LMZ_KLN_ZBN,Lomza,Kolno,Zboina,1765,1921,1921,1921,1921,The J. pop. in 1921 was 109 (total 681). The Jews were apparently expelled by the Germans to the Lomzha ghetto in July 1941 and subsequently deported to Auschwitz.,,1900,
2239,PRU_PSN_BNTS,Preussen,Miedzyrzecz,Bentschen,,1765,1765,1765,1765,"A community of 89 Jews was present in 1765, with most engaged in crafts. J. trade expanded in the 19th cent., mainly in the export of grain and cloth to Prussia. The J. pop. reached a peak of",,1700,
2240,GLC_TRN_ZBRW,Galicia,Zloczow,Zborów,,1680,1680,1680,1680,"Jews were first recorded in Z. in the 1680s, enjoying wide-ranging privileges. The town accommodated both Hasidim and Mitnaggedim and the Hovevei Zion were active in the 1890s, when the J. pop. was about",,1600,
2241,SDL_SDL_ZBCZ,Siedlce,Siedlce,Zbuczyn,,17XX,1800,1700,1750,"Jews were probably present in the ISth cent., earning a livelihood by operating distilleries. The J. pop. was 156 (of a total 2,562) in 1897 and 102 in 1921. The few Jews there on the approach of the Germans in Sept. 193",,1700,XX
2242,VLH_OST_ZDLB,Volhynia,Ostrog,Zdolbunovo,1903,1903,1903,1903,1903,"The J. pop. expanded rapidly after Z. became an important railroad junction in 1903, reaching 1,262 (total 7,279) in 1921. A Hebrew school was in operation. The Germans arrived on 30 June 1941 and on 7 Aug. murdered",,1900,
2243,KLS_SRD_ZDNS,Kalisz,Sieradz,Zduńska Wola,,1788,1788,1788,1788,"Jews first settled here in 1788 and were active in the development of the textile industry. The community was established officially in 1828 and a synagogue built in 1858. The J. pop. in 1897 was 7,252. The first poli",,1700,
2244,GRD_SLN_DTLV,Grodno,Slonim,Diatlovo,1580,1580,1580,1580,1580,"Jews settled here around 1580 and established a community by 1670, when the first synagogue was built. Hayyim ha-Kohen Rapoport, who served as rabbi (1720-29), eventually",,1500,
2245,KVN_PNV_ZHML,Kovno,Poneviezh,Zheimeli,17EX,17XX,1800,1700,1750,"Dating from the 18th cent., the J. community was one of the oldest in Lithuania. In the 1880s, a violent dispute broke out over the choice of a rabbi, only settled in 1887 with the election of Avraham",,1700,XX
2246,SDL_GRV_ZLCH,Siedlce,Garwolin,Żelechów,,16EX,1650,1600,1625,"J. settlement commenced in the first half of the 17th cent. and an organized community was formed in the early 18th cent. Among its prominent rabbis was Levi Yitzhak of Berdichev, who was forced to leave by the Mitnagge",,1600,EX
2247,EKT_MRP_ZLNP,Ekaterinoslav,Mariupol,Zelenoe-Pole,1853,1853,1853,1853,1853,"Jews from the Vitebsk and Vilna regions founded Z. as a J. colony in 1853. It reached a pop. of 557, mostly Jews, in the same year. In 1897 the J. pop. was 658 and in 1926 it was 476. A J. council (soviet) and J.",מושבה חקלאית יהודית,1800,
2248,PTR_LSK_ZLW,Piotrkow,Lask,Zelów,,18MX,1875,1850,1850,"Jews who settled here in the mid-19th cent. supplied yarn to the textile industry developed by Czech immigrants. The J. pop. in 1897 was 922 (31% of the total). All Zionist organizations, the Bund, and Agudat Israel had thei",,1800,MX
2249,KVN_VLK_PZLV,Kovno,Vilkomir,Pozelve,,16XX,1700,1600,1650,"The J. community in Z. was one of the oldest in Lithuania. The J. pop. in 1897 stood at 643 (70% of the total). During WwI Z.'s Jews were expelled, though most returned later. In municipal electi",מהקהילות העתיקות בליטא,1600,XX
2250,GRD_VLK_ZLV,Grodno,Volkovysk,Zelva,16EX,16XX,1700,1600,1650,"J. merchants apparently settled in the 17th cent. The organized community dates from the | 8th cent., numbering 522 in 1766 including the neighboring villages. Jews traded mainly in grain, cattle, and lum",,1600,XX
2251,KVN_RSS_ALKS,Kovno,Rossieny,Aleksandriia,16EX,16XX,1700,1600,1650,"Jews first settled here in the 17th cent. In the 1880s Zionism took root, though it had many opponents. Many emigrated to South Africa, England, and the U.S. The J.",,1600,XX
2252,MNS_BRS_ZMBN,Minsk,Borisov,Zembin,17LX,17LX,1800,1775,1775,"Jews probably settled in the late 18th cent., numbering 103 in 1811 and 1,037 (total 1,186) in 1897. In 1926, under the Soviets, the J. pop. dropped to 838. Many Jews earned their livelihoods at kolkhozes set up around",,1700,LX
2253,PTR_LDZ_ZGRZ,Piotrkow,Lodz,Zgierz,,17MX,1775,1750,1750,"Jews first appeared in the mid-18th cent., but a community was organized only around 1827. In 1826 Jews were ordered to move to a special quarter of the city and the congestion and appalling sanitary conditions led to an ou",,1700,MX
2254,GLC_CRC_ZBN,Galicia,Tarnow,Żabno,,15LX,1600,1575,1575,"Jews first settled in the late 16th cent. and enjoyed wide-ranging privileges, constituting a majority of the pop. in the mid-18th cent. The burden of heavy taxation under Austrian rule from 1772 eroded the community's pr",,1500,LX
2255,POD_OLG_ZHBK,Podolia,Olgopol,Zhabokrich,1765,1765,1765,1765,1765,"Jews numbered 41 in 1765 and 1,307 (total 6,252) in 1897. Many Jews were beaten and robbed in a pogrom in late Oct. 1917. In 1926, the J. pop. was 924. Among the breadwinners, 41% were unemployed and the rest were",,1700,
2256,RDM_OPC_ZRNW,Radom,Opoczno,Żarnów,,17LX,1800,1775,1775,"Jews were not permitted to live here until the 1790s. By 1897 the 1,171 Jews constituted 57% of the pop. In 1921 the J. pop. was 911. In May 1942, the Germans executed the community's leaders because a Communist was found",,1700,LX
2257,PTR_LDZ_RZGW,Piotrkow,Lodz,Rzgów,,1921,1921,1921,1921,In 1921 the 93 Jews constituted 51% of the inhabitants. In wwii they were presumably deported to General Gouvernement territory.,,1900,
2258,MNS_MZY_ZHTK,Minsk,Mozyr,Zhitkovichi,18MX,1897,1897,1897,1897,"Despite a residence ban introduced in 1882, the J. pop. reached 293 (total 1,220) in 1897. J. residence was officially permitted in 1903. In 1918 the Balakhovich brigade staged a pogrom against the Jews, pillagi",,1800,
2259,VLH_ZHT_ZHTM,Volhynia,Zhitomir,Zhitomir,17EX,17EX,1750,1700,1725,"Jews settled in the early 18th cent. and numbered 346 in 1751 and 1,261 in 1791. In fall 1753, 33 Jews, including the rabbi from Pavoloch and a number of wealthy Jews from the area, were tried in a blood libel; 13 we","השומר הצעיר, דרור, צעירי ציון",1700,EX
2260,MGL_RGC_ZHLB,Mogilev,Rogachev,Zhlobin,1766,1766,1766,1766,1766,"The J. pop. rose from 268 in 1766 to 1,597 in 1847 and 1,760 in 1897. A devastating fire in 1882 destroyed all but ten houses in the town. All the communities in the area helped Z. recover. In 1923, under the Soviets",,1700,
2261,POD_VNN_ZHMR,Podolia,Vinnitsa,Zhmerinka,17LX,1897,1897,1897,1897,"The J. pop. was 2,396 (total 15,711) in 1897. On 27 April 1881, many J. homes and stores were looted and destroyed in a pogrom. Another pogrom was staged on 20-21 Oct. 1905 and on 3 July 1919, the Petlyura gangs att",,1800,
2262,GLC_CRC_ZMGR,Galicia,Krosno,Żmigród Nowy,,1410,1410,1410,1410,Jews were present in 1410 and within a cent. formed one of the largest communities in the region. Despite a major fire in 1577 and the Cossack and Swedish wars in the mid-17th cent. the community enjoyed a golden a,,1400,
2263,PRU_PSN_ZHNN,Preussen,Znin,Zhnin,,1772,1772,1772,1772,"J. settlement was prohibited by the Church until annexation to Prussia in 1772. As merchants, the Jews contributed significantly to the economic development of the town, reaching a pop. of 428 (total 2,037) in 1871 before",,1700,
2264,LBL_KRS_ZLKW,Lublin,Krasnystaw,Żółkiewka,,16XX,1700,1600,1650,"Jews are mentioned in the 17th cent. but only developed a community in the 18th cent. The J. pop. rose to 1,476 (total 2,110) in 1897. Jews opened hide-processing shops and a flour mill and traded in farm produce and",,1600,XX
2265,GLC_LWW_ZLYN,Galicia,Lancut,Żołynia,,17XX,1800,1700,1750,"Founded in the 18th cent. the community achieved its maximum size of somewhat over 1,000 (more than half the total) with the arrival of R. Avraham Yosef Igra and his hasidic court in the 1880s. Subsequently,",,1700,XX
2266,MGL_STR_STRY_2,Mogilev,Staro-Bykhov,Starye Zhuravichi,17LX,1897,1897,1897,1897,"The J. pop. was 1,060 in 1847 and 1,606 in 1897. Most Jews engaged in petty trade; a few were cattle or grain merchants. In 1905, the Jews were attacked in a pogrom but without loss of life. In 1923, under the Sovi",,1800,
2267,POD_KMN_ZHVN,Podolia,Kamenets-Podolsk,Zhvanets,16LX,1765,1765,1765,1765,"The J. pop. included 1,134 poll tax payers in 1765 and reached 3,353 in 1897, most engaging in petty trade and crafts. A self-defense group was formed to counter antisemitic outbursts. Most Jews were Hasidim",,1700,
2268,WRS_BLN_ZYRR,Warszawa,Blonie,Żyrardów,,1850,1850,1850,1850,"The first Jews settled in the early 1850s, buying up flax from the peasants and selling it to textile factories, whose goods they marketed. Jews also engaged in crafts and traded in forest products. A synagogue was ere",,1800,
2269,GLC_CRC_ZYWC,Galicia,Zywiec,Żywiec,,17XX,1800,1700,1750,"Z. was the only Galician and republican Polish town where the 1603 ban on J. settlement was strictly enforced almost until WWH, thus confining Jews to the town's Zablowce suburb, where 624 resided alongsid",,1700,XX
2270,KVN_TLS_ZHDY,Kovno,Telshi,Zhidyki,16EX,16XX,1700,1600,1650,Jews first settled here in the 17th cent. and its wooden synagogue built in 1780 was one of the first of its kind in Lithuania. Isolation made the community resistant to new ideas. In 1897 the J. pop.,,1600,XX
2271,GLC_STN_ZLN,Galicia,Nadworna,Zielona,,1921,1921,1921,1921,The J. pop. in 1921 was 112. The Jews were expelled to Nadworna for liquidation in May 1942,,1900,
2272,PLC_TSK_ZLN,Plock,Mlawa,Zieluń,,19XX,1921,1900,1910,A small community existed in the 19th cent. and numbered 366 (total 839) in 1921. The 130 Jews remaining after post-WwI emigration were expelled by the Germans to the Mlawa ghetto in late 1941.,,1900,XX
2273,VLN_TRK_ZHZH,Vilna,Troki,Zhizhmore,15EX,15XX,1600,1500,1550,"Jews first settled in Z. in the 16th cent. Zionism here predated the modern Zionist movement. In 1897 the J. pop. was 1,628 (58% of the total). Between the World Wars the J. community was helped fina",תנועה ציונית פעילה,1500,XX
2274,POD_LTC_ZNKV,Podolia,Letichev,Zinkov,1526,1526,1526,1526,1526,"Jews are first mentioned in 1526. In 1648 and 1651, Chmielnicki's Cossacks attacked them and injured many. The Haidamaks staged a pogrom against the Jews in 1702: The J popywas 522) nel 765 and 3,719 (53%",,1500,
2275,PLT_ZNK_ZNKV,Poltava,Zienkov,Zenkov,18EX,18EX,1850,1800,1825,"Jews settled in the early 19th cent. and numbered 1,263 (total 10,443) in 1897. Their pop. dropped to 142 in 1939. The Germans first occupied the town on 9 Oct. 1941 and then for a second time later in the month. P",,1800,EX
2276,PRU_OST_ZNTN,Preussen,Swieta Siekierka,Zinten,,1810,1810,1810,1810,"Germany, today Russia. The first Jew was allowed to settle in Z. in 1810. By 1817, the J. pop. was 70 individuals; in 1880, 80; and in 1925, 43. A synagogue was consecrated in 1869; a cemetery existed from the earl",,1800,
2277,KIV_CHG_ZLTP,Kiev,Chigirin,Zlatopol,18EX,18EX,1850,1800,1825,"Jews probably settled in the early 19th cent. and numbered 6,373 (total 8,122) in 1897. The Brodski family was active here, endowing an old age home, hospital, and secondary school in the 19th cent. and two private",,1800,EX
2278,KLS_SRD_ZLCZ,Kalisz,Sieradz,Złoczew,,16LX,1700,1675,1675,"At the end of the 17th cent. the first Jews settled here. The J. pop. in 1897 was 1,501 (65% of the total). During WWI and between the World Wars antisemitism was widespread. The Jews suffered from pogroms in the town and",,1600,LX
2279,GLC_TRN_ZLCZ,Galicia,Zloczow,Złoczów,,17EX,1750,1700,1725,"J. settlement dates from the early 17th cent. with a synagogue erected around 1613 and the Jews receiving extensive residence and trade rights. When the synagogue burned down in 1727, the town's propriet",,1700,EX
2280,GLC_TRN_ZLTN,Galicia,Trembowla,Złotniki,,15XX,1600,1500,1550,"Jews inhabited the village sporadically from the 16th cent. and numbered 225 in 1890 (total pop. 2,134). The J. pop. dropped by 50% after Wwi. The Jews were murdered in a Ukrainian pogrom after the Sovi",,1500,XX
2281,CRN_NVZ_ZLYN,Chernigov,Novozybkov,Zlynka,18MX,18MX,1875,1850,1850,"Jews probably settled in the mid-19th cent. and numbered 812 (total 5,408) in 1897. Much J. property was damaged in a pogrom staged on 21 Oct. 1921. The J. pop. declined in the Soviet period to 586 in 1926 and 432 in 1939.",,1800,MX
2282,KHR_ALK_ZNMN,Kherson,Aleksandriia,Znamenka,18LX,18LX,1900,1875,1875,"Jews settled in the late 19th or early 20th cent., after the completion of the Odessa-Kharkov railway line in 1869 and the development of an urban settlement around the train station. The Jews were attacked in a pogrom o",,1800,LX
2283,VLH_LTS_SFVK,Volhynia,Lutsk,Sofievka,1835,1835,1835,1835,1835,"Z. was founded in 1835 asa J. farm settlement on 1,750 acres of land purchased from the local aristocracy by Belorussian and Volhynian Jews. Two glass factories boosted the economy",מושבה חקלאית יהודית,1800,
2284,GLC_LWW_ZLKW,Galicia,Zolkiew,Żółkiew,,1600,1600,1600,1600,"Jews, mostly from Lwow, received residence rights in 1600 and various other privileges throughout the 17th cent. Despite a destructive fire in 1645 and the Chmielnicki massacres of The Jewish quarter of Zolkiew, Poland, 19",,1600,
2285,PLT_ZLT_ZLTN,Poltava,Zolotonosha,Zolotonosha,17LX,17LX,1800,1775,1775,"Jews settled in the late 18th cent and numbered 2,749 (total 8,739) in 1897. Z. was the birthplace of Ber Borochov (1881-1917), the Zionist Socialist leader and ideologue, and the engineer Alexander Zarchin (1897",,1700,LX
2286,GLC_STN_ZLTN,Galicia,Zolkiew,Żołtańce,,1921,1921,1921,1921,The J. pop. in 1921 was 293. The Jews were expelled to Kamionka Strumilowa for liquidation in June 1942.,,1900,
2287,VLN_DSN_ZHLD,Vilna,Disna,Zheludok,15MX,15MX,1575,1550,1550,"Jews are first mentioned in the mid-16th cent. In the 1890s the community had a synagogue and beit midrash and a number of shtiblekh serving the Hasidim. The J. pop. grew to 1,372 (total 1,860) in 1897",תנועה ציונית פעילה,1500,MX
2288,VLH_LTS_BLSH_2,Volhynia,Lutsk,Bolshoi Zheludsk,1847,1847,1847,1847,1847,"Z. was founded as a J. farm settlement in 1847. As farm income dropped, many engaged in peddling, the building trades, and light industry. The J. pop. stood at 418 (total 446) in 1921. Ten families emigr",מושבה חקלאית יהודית,1800,
2289,PTR_BND_ZBKW,Piotrkow,Bedzin,Ząbkowice,,1894,1894,1894,1894,Twenty families from Bendzin settled in 1894 and set up glass and electrochemical plants employing hundreds of workers. Most were Hasidim. The Zionists were active between the World Wars. When the Germans entered Z. o,,1800,
2290,PLC_SRP_ZRMN,Plock,Sierpc,Żuromin,,18EX,1850,1800,1825,"Jews are mentioned in the early 19th cent. and formed an organized community by the 1860s. They exported grain and horses to Danzig and operated a tannery and flour mill, reaching a pop. of 1,902 (total 3,962) in 1921. T",,1800,EX
2291,GLC_STN_ZRW,Galicia,Rohatyn,Żurów,,1921,1921,1921,1921,The J. pop. in 1921 was 104. The Jews were expelled to Rohatyn for liquidation in Oct. 1942.,,1900,
2292,KIV_ZVN_ZVNG,Kiev,Zvenigorodka,Zvenigorodka,1765,1765,1765,1765,1765,"A single J. lessee was present in 1765. In 1897, the J. pop. was 6,389. Jews set up a candle factory and a tobacco plant. Many worked on the estates during the grain harvest. Z. was the birthplace of Baron Horace Gue",,1700,
2293,RDM_KZN_ZWLN,Radom,Kozienice,Zwoleń,,1564,1564,1564,1564,"Jews are first mentioned in 1564. In 1579 they received a longstanding privilege from King Stephen Bathory granting them residence and trade rights. By 1765, there were 400 Jews in Z. A major fire and the Swedish invasion",,1500,
2294,GLC_STN_ZYDC,Galicia,Zydaczow,Żydaczów,,14MX,1475,1450,1450,"Jews are recorded in the mid-15th cent. and an organized, independent community in the 18th. The dominant spiritual force was the hasidic Zhidachov dynasty founded by Tzevi Hirsh Eichenstein (1785-18",,1400,MX
2295,WRS_KTN_ZYCH,Warszawa,Kutno,Żychlin,,17MX,1775,1750,1750,"Jews first settled in the mid-18th cent. and by 1897 they owned all but seven of the 184 stores in the town. The J. pop. at the end of the 19th cent was 2,268 (47% of the total). At this time members of the Gur hasidic sec",,1700,MX
2296,KIV_TRS_STRY,Kiev,Tarashcha,Staryi Zhivotov,1648,1648,1648,1648,1648,"Jews were murdered in 1648 during the Chmielnicki massacres. In 1765, they numbered 156. Many were murdered and robbed when the Haidamaks captured the town in 1768. In 1897, the J. pop. was 1,935 (total 3,733). A pogr",,1600,
2297,KLS_KLO_KLDV,Kalisz,Kolo,Klodava,1487,1487,1487,1487,1487,,קהילה מאורגנת הוקמה ב 1820,1400,
2298,GRD_BLST_KNYS,Grodno,Bielostok,Knyshin,1568,1568,1568,1568,1568,,,1500,
2299,VLH_KRM_LPVT,Volhynia,Kremenets,Lapovtsy,1569,1569,1569,1569,1569,,תנועה ציונית פעילה,1500,
2300,KVN_TLS_KLVR,Kovno,Telshi,Kalvariia,16EX,16EX,1650,1600,1625,,,1600,EX
2301,VLN_OSH_SMRG,Vilna,Oshmiany,Smorgon,16EX,16EX,1650,1600,1625,,החלוץ,1600,EX
2302,RDM_ILZ_SLTS,Radom,Ilza,Solets,16LX,16LX,1700,1675,1675,,,1600,LX
2303,VLH_NVG_NVGR,Volhynia,Novograd-Volynskii,Novograd-Volynsk,16LX,16LX,1700,1675,1675,,,1600,LX
2304,POD_KMN_FRMP_2,Podolia,Kamenets-Podolsk,Frampol,17EX,17EX,1750,1700,1725,,,1700,EX
2305,KVN_NVL_OKMN,Kovno,Novoaleksandrovsk,Okmianitsa,17MX,17MX,1775,1750,1750,,,1700,MX
2306,PTR_CHN_KLBT,Piotrkow,Chenstokhov,Klobutsko,17MX,17MX,1775,1750,1750,,,1700,MX
2307,CRN_SRZ_KLNT,Chernigov,Surazh,Klintsy,17LX,17LX,1800,1775,1775,,,1700,LX
2308,CRN_SRZ_SRZH,Chernigov,Surazh,Surazh,17LX,17LX,1800,1775,1775,,,1700,LX
2309,KLS_KNN_VLDS,Kalisz,Konin,Vladislavov,17LX,17LX,1800,1775,1775,,,1700,LX
2310,KHR_ANN_GLT,Kherson,Ananev,Golta,1799,1799,1799,1799,1799,,"לאחר מלחמת העולם השנייה, בוגופול, גולטה ו- אוליבופול אוחדו לעיר אחת- פרבומאייסק",1700,
2311,BSS_ORG_TZR,Bessarabia,Orgieev,Tuzora,18EX,18EX,1850,1800,1825,,,1800,EX
2312,KLS_VLN_LTTV,Kalisz,Veliun,Liututov,18EX,18EX,1850,1800,1825,,,1800,EX
2313,KHR_ANN_BRZL,Kherson,Ananev,Birzula,18EX,18EX,1850,1800,1825,,,1800,EX
2314,PTR_CHN_CHNS,Piotrkow,Chenstokhov,Chenstokhov,18EX,18EX,1850,1800,1825,,,1800,EX
2315,POD_OLG_FRNZ,Podolia,Olgopol,Frunzovka,18EX,18EX,1850,1800,1825,,,1800,EX
2316,RDM_OPC_KLVV,Radom,Opoczno,Klvov,18EX,18EX,1850,1800,1825,,,1800,EX
2317,MGL_MGL_KNZH,Mogilev,Mogilev,Kniazhitsy,1847,1847,1847,1847,1847,,,1800,
2318,ORL_BRN_BZHT,Orel,Briansk,Bezhitsa,1870,1870,1870,1870,1870,,,1800,
2319,KLC_STP_OLSN,Kielce,Stopnica,Olesnitsa,18LX,18LX,1900,1875,1875,,,1800,LX
2320,KVN_RSS_KKCH,Kovno,Rossieny,Kukechiai,18LX,18LX,1900,1875,1875,,,1800,LX
2321,LBL_KRS_LPNN,Lublin,Krasnostav,Lopennik,18LX,18LX,1900,1875,1875,,,1800,LX
2322,MGL_ORS_ORKH,Mogilev,Orsha,Orekhi,18LX,18LX,1900,1875,1875,,,1800,LX
2323,MGL_STR_SLVN,Mogilev,Staro-Bykhov,Slavnia,18LX,18LX,1900,1875,1875,,,1800,LX
2324,VLH_KVL_MLGL,Volhynia,Kovel,Malaia Glusha,18LX,18LX,1900,1875,1875,,,1800,LX
2325,WRS_RDM_TLSH,Warszawa,Radimin,Tlushch,18LX,18LX,1900,1875,1875,,"ציונים, אגודת ישראל",1800,LX
2326,VLN_VLN_OSTR,Vilna,Vilnius,Ostrovets,1886,1886,1886,1886,1886,,,1800,
2327,VLH_VLD_KPCH,Volhynia,Vladimir-Volynskii,Kupichev,,.,,,,,,,
2328,BSS_SRK_ATK,Bessarabia,Soroki,Ataki,,,,,,,,,
2329,BSS_IZM_BMKL,Bessarabia,Izmail,Baimakliia,,,,,,,,,
2330,BSS_AKK_BRMC,Bessarabia,Akkerman,Bairamcha,,,,,,,,,
2331,BSS_KSH_GNCH,Bessarabia,Kishinev,Gancheshty,,,,,,,,,
2332,BSS_IZM_KGL,Bessarabia,Izmail,Kagul,,,,,,,,,
2333,BSS_KHT_KLSH,Bessarabia,Khotin,Klishkovtsy,,,,,,,,,
2334,BSS_BLT_KRNS,Bessarabia,Bieltsy,Korneshty,,,,,,,,,
2335,BSS_ORG_KRLN,Bessarabia,Orgieev,Kriulian,,,,,,,,,
2336,BSS_IZM_KYL,Bessarabia,Izmail,Kyliia,,,,,,,,,
2337,BSS_ORG_OLSH,Bessarabia,Orgieev,Olishkany,,,,,,,,,
2338,BSS_BND_PTRV,Bessarabia,Bendery,Petrovka,,,,,,,,,
2339,BSS_SRK_PGRN,Bessarabia,Soroki,Pogorno-Rezesh,,,,,,,,,
2340,BSS_ORG_RZN,Bessarabia,Orgieev,Rezena,,,,,,,,,
2341,BSS_BND_RMNV,Bessarabia,Bendery,Romanovka,,,,,,,,,
2342,BSS_SRK_RD,Bessarabia,Soroki,Ruda,,,,,,,,,
2343,BSS_BLT_RYSH,Bessarabia,Bieltsy,Ryshkonovka,,,,,,,,,
2344,BSS_KSH_SCRN,Bessarabia,Kishinev,Secareni,,18MX,1875,1850,1850,"Jews first settled in the early 19th cent. Each J. artisans' union had its own synagogue and in 1922 the main synagogue was built alongside the Zionist clubhouse. During 1918-20, the number of",,1800,MX
2345,BSS_AKK_TTRB,Bessarabia,Akkerman,Tatarbunary,,,,,,,,,
2346,BSS_ORG_TLNS,Bessarabia,Orgieev,Teleneshty,,,,,,,,,
2347,BSS_BLT_UNGN,Bessarabia,Bieltsy,Ungeny,,,,,,,,,
2348,CRN_KNT_BTRN,Chernigov,Konotop,Baturin,,,,,,,,,
2349,CRL_TLS_PPRV,Courland,Talsen,Popervale,,,,,,,,,
2350,CRL_ILL_SBBT,Courland,Illukst,Subbat,,,,,,,,,
2351,EST_RVL_TL,Estland,Revel,Tula,,,,,,,,,
2352,GRD_PRZ_BLDN,Grodno,Pruzhany,Bluden,,,,,,,,,
2353,GRD_SLN_IVTS,Grodno,Slonim,Ivatsevichi,,,,,,,,,
2354,GRD_KBR_MTL,Grodno,Kobrin,Motol,,,,,,,,,
2355,GRD_BLST_NZBD,Grodno,Bielostok,Nezbudka,,,,,,,,,
2356,KLS_SLP_LNDK,Kalisz,Sluptsy,Lendek,,,,,,,,,
2357,KLS_VLN_OSKV,Kalisz,Veliun,Osiakov,,,,,,,,,
2358,KLS_SLP_VLCH,Kalisz,Sluptsy,Vilchin,,,,,,,,,
2359,KLS_KZN_KZN,Kazan,Kazan,Kazan,,,,,,,,,
2360,KLC_JDR_ANDR,Kielce,Jedrzejow,Andreev,,,,,,,,,
2361,KIV_KIV_IGNT,Kiev,Kiev,Ignatovka,,,,,,,,,
2362,KIV_UMN_IVNK,Kiev,Uman,Ivanka,,,,,,,,,
2363,KIV_LPV_KNL,Kiev,Lipovets,Konela,,,,,,,,,
2364,KIV_TRS_KSHV,Kiev,Tarashcha,Koshevata,,,,,,,,,
2365,KIV_KNV_MDVN,Kiev,Kanev,Medvin,,,,,,,,,
2366,KIV_UMN_PGRL,Kiev,Uman,Pogoriela,,,,,,,,,
2367,KIV_KNV_RSSV,Kiev,Kanev,Rassava,,,,,,,,,
2368,KIV_KNV_TGNC,Kiev,Kanev,Tagancho,,,,,,,,,
2369,KVN_PNV_GLZH,Kovno,Poneviezh,Gelazhai,,,,,,,,,
2370,KVN_NVL_IZHN,Kovno,Novoaleksandrovsk,Iuzhinty,,,,,,,,,
2371,KVN_RSS_KRKL,Kovno,Rossieny,Karklenai,,,,,,,,,
2372,KVN_PNV_KRKL,Kovno,Poneviezh,Kirkliai,,,,,,,,,
2373,KVN_SHV_KLKL,Kovno,Shavli,Klikoli,,,,,,,,,
2374,KVN_NVL_KVTK,Kovno,Novoaleksandrovsk,Kvetki,,,,,,,,,
2375,KVN_SHV_LTSK,Kovno,Shavli,Liatskovo,,,,,,,,,
2376,KVN_PNV_MKHL,Kovno,Poneviezh,Mikhalishki,,,,,,,,,
2377,KVN_PNV_NVMS,Kovno,Poneviezh,Novoe-Miesto,,,,,,,,,
2378,KVN_SHV_PMSH,Kovno,Shavli,Pomushy,,,,,,,,,
2379,KVN_NVL_PPL,Kovno,Novoaleksandrovsk,Popel,,,,,,,,,
2380,KVN_SHV_PTSN,Kovno,Shavli,Potsuneli,,,,,,,,,
2381,KVN_SHV_SHKN,Kovno,Shavli,Shakina,,,,,,,,,
2382,KVN_SHV_SHBC,Kovno,Shavli,Shubaichai,,,,,,,,,
2383,KVN_PNV_SMLG,Kovno,Poneviezh,Smilgiai,,,,,,,,,
2384,KVN_VLK_TVNY,Kovno,Vilkomir,Toviany,,,,,,,,,
2385,KVN_VLK_TRPY,Kovno,Vilkomir,Troupy,,,,,,,,,
2386,KVN_KVN_VLMP,Kovno,Kovno,Viliampolskoe,,,,,,,,,
2387,KVN_NVL_ZMSH,Kovno,Novoaleksandrovsk,Zamoshie,,,,,,,,,
2388,KVN_NVL_ZRCH,Kovno,Novoaleksandrovsk,Zarachie,,,,,,,,,
2389,KVN_SHV_ZHM,Kovno,Shavli,Zheim,,,,,,,,,
2390,LVL_VND_LZDN,Livland,Venden,Lazdon,,,,,,,,,
2391,LMZ_OSTL_ZVDY,Lomza,Ostrolenka,Zavady,,,,,,,,,
2392,LBL_PLW_IZFV,Lublin,Pulawy,Iuzefov,,,,,,,,,
2393,LBL_KRS_KHLN,Lublin,Krasnostav,Khlaniuv,,,,,,,,,
2394,LBL_INV_RKHV,Lublin,Ianov,Rakhov,,,,,,,,,
2395,LBL_LBL_TTRY,Lublin,Lublin,Tatary,,,,,,,,,
2396,LBL_PLW_VNVL,Lublin,Pulawy,Vonvolnitsa,,,,,,,,,
2397,LBL_INV_ZDLV,Lublin,Ianov,Zdilovitse,,,,,,,,,
2398,LBL_ZMC_ZVRN,Lublin,Zamosc,Zvierinets,,,,,,,,,
2399,MNS_PNS_BLGS,Minsk,Pinsk,Bielogusha,,,,,,,,,
2400,MNS_IGM_BGSH,Minsk,Igumen,Bogushevichi,,,,,,,,,
2401,MNS_NVG_DLMT,Minsk,Novogrudok,Dolmatovshchina,,,,,,,,,
2402,MNS_MZY_DRZD,Minsk,Mozyr,Drozdin,,,,,,,,,
2403,MNS_NVG_ERMC,Minsk,Novogrudok,Eremichi,,,,,,,,,
2404,MNS_BRS_GN,Minsk,Borisov,Gaino,,,,,,,,,
2405,MNS_MNS_KMN,Minsk,Minsk,Kamen,,,,,,,,,
2406,MNS_MZY_MLSH,Minsk,Mozyr,Meleshkovichi,,,,,,,,,
2407,MNS_PNS_NBL,Minsk,Pinsk,Nobel,,,,,,,,,
2408,MNS_MZY_RML,Minsk,Mozyr,Romel,,,,,,,,,
2409,MNS_MZY_SKVS,Minsk,Mozyr,Skovshin,,,,,,,,,
2410,MNS_NVG_TSYR,Minsk,Novogrudok,Tsyrin,,,,,,,,,
2411,MGL_MGL_SHPL,Mogilev,Mogilev,Shepelevichi,,,,,,,,,
2412,MSK_MSC_MSKV,Moskva,Moscow,Moskva,,,,,,,,,
2413,NZN_NZH_NZHN,Nizhniy Novgorod,Nizhnii-Novgorod,Nizhnii Novgorod,,,,,,,,,
2414,ORN_CHL_CHLB,Orenburg,Cheliabinsk,Cheliabinsk,,,,,,,,,
2415,ORN_VRK_MGNT,Orenburg,Verkhneuralsk,Magnitka,,,,,,,,,
2416,ORN_ORN_ORNB,Orenburg,Orenburg,Orenburg,,,,,,,,,
2417,PNZ_PNZ_PNZ,Penza,Penza,Penza,,,,,,,,,
2418,PRM_EKT_IKTR,Perm,Ekaterinburg,Iekaterinburg,,,,,,,,,
2419,PRM_PRM_PRM,Perm,Perm,Perm,,,,,,,,,
2420,PTR_BND_GLNG,Piotrkow,Bendin,Golonog,,,,,,,,,
2421,PTR_BND_MDRZ,Piotrkow,Bendin,Modrzheev,,,,,,,,,
2422,PLC_PRS_BRNV,Plock,Prasnysh,Baranovo Podukhovne,,,,,,,,,
2423,PLC_TSK_GLNT,Plock,Tsiekhanov,Glinoetsk,,,,,,,,,
2424,PLC_MLV_KCHB,Plock,Mlava,Kuchbork,,,,,,,,,
2425,POD_LTN_DKVT,Podolia,Litin,Diakovtsy,,,,,,,,,
2426,POD_NVU_DNVT,Podolia,Novaia Ushitsa,Dunaevtsy,,,,,,,,,
2427,POD_LMP_GRYS,Podolia,Lampol,Goryshkovka,,,,,,,,,
2428,POD_GSN_IVNG,Podolia,Gaisin,Ivangorod,,,,,,,,,
2429,POD_BLT_KRTY,Podolia,Balta,Krutye,,,,,,,,,
2430,POD_GSN_KN,Podolia,Gaisin,Kuna,,,,,,,,,
2431,POD_VNN_MZKV,Podolia,Vinnitsa,Miziakov,,,,,,,,,
2432,POD_NVU_OLKH,Podolia,Novaia Ushitsa,Olkhovets,,,,,,,,,
2433,POD_BLT_VYKH,Podolia,Balta,Vykhvatentsy,,,,,,,,,
2434,PLT_PRS_BRZN,Poltava,Pereiaslav,Berezan,,,,,,,,,
2435,PLT_KHR_BLTS,Poltava,Khorol,Bielotserkovka,,,,,,,,,
2436,PLT_GDC_GDCH,Poltava,Gadiach,Gadiach,,,,,,,,,
2437,PLT_ZLT_GLMZ,Poltava,Zolotonosha,Gelmiazov,,,,,,,,,
2438,PLT_LBN_IBLN,Poltava,Lubny,Iablonev,,,,,,,,,
2439,PLT_KBL_KBLK,Poltava,Kobeliaki,Kobeliaki,,,,,,,,,
2440,PLT_KNS_PRSH,Poltava,Konstantinograd,Pereshchepino,,,,,,,,,
2441,PLT_PRS_VRNK,Poltava,Pereiaslav,Voronkov,,,,,,,,,
2442,RDM_RDM_ISTR,Radom,Radom,Iastrzhomb,,,,,,,,,
2443,RDM_OPC_MLNT,Radom,Opoczno,Malenets,,,,,,,,,
2444,RDM_SND_OSK,Radom,Sandomir,Osiek,,,,,,,,,
2445,RDM_RDM_VRZH,Radom,Radom,Verzhbitsa,,,,,,,,,
2446,RZN_RZN_RZN,Ryazan,Riazan,Riazan,,,,,,,,,
2447,SMR_SMR_SMR,Samara,Samara,Samara,,,,,,,,,
2448,SRT_SRT_SRTV,Saratov,Saratov,Saratov,,,,,,,,,
2449,SDL_VLD_OSSV,Siedlce,Vlodava,Ossovo,,,,,,,,,
2450,SDL_VLD_SBBR,Siedlce,Vlodava,Sobibor,,,,,,,,,
2451,SMB_ALT_ALTY,Simbirsk,Alatyr,Alatyr,,,,,,,,,
2452,SMB_SMB_SMBR,Simbirsk,Simbirsk,Simbirsk,,,,,,,,,
2453,SNP_PTR_KRNS,Sankt-Peterburg,Petergof,Kronshtadt,,,,,,,,,
2454,SNP_PTR_ORNN,Sankt-Peterburg,Petergof,Oranienbaum,,,,,,,,,
2455,SWL_MRM_ALKS,Suwalki,Mariampol,Aleksota,,,,,,,,,
2456,SWL_SNY_BRZH,Suwalki,Seiny,Berzhiki,,,,,,,,,
2457,SWL_VLK_BDVT,Suwalki,Volkovyshki,Budvietse,,,,,,,,,
2458,SWL_MRM_GV,Suwalki,Mariampol,Give,,,,,,,,,
2459,SWL_AVG_GLYN,Suwalki,Avgustov,Golynka,,,,,,,,,
2460,SWL_SVL_KLTN,Suwalki,Suvalki,Kaletnik,,,,,,,,,
2461,SWL_SNY_KRSN,Suwalki,Seiny,Krasnopol,,,,,,,,,
2462,SWL_AVG_LPSK,Suwalki,Avgustov,Lipsk,,,,,,,,,
2463,SWL_SNY_LSHK,Suwalki,Seiny,Lishkov,,,,,,,,,
2464,SWL_KLV_LBV,Suwalki,Kalvariia,Liubovo,,,,,,,,,
2465,SWL_MRM_PKN,Suwalki,Mariampol,Pokoine,,,,,,,,,
2466,SWL_AVG_SHTB,Suwalki,Avgustov,Shtabin,,,,,,,,,
2467,SWL_VLD_SDRG,Suwalki,Vladislavov,Sudargi,,,,,,,,,
2468,SWL_MRM_VVRY,Suwalki,Mariampol,Veivery,,,,,,,,,
2469,TRD_MLT_PRSH,Taurida,Melitopol,Prishib,,,,,,,,,
2470,TLA_TLA_TL,Tula,Tula,Tula,,,,,,,,,
2471,UFA_UFA_UF,Ufa,Ufa,Ufa,,,,,,,,,
2472,VLN_VLN_ANTK,Vilna,Vilnius,Antokol,,,,,,,,,
2473,VLN_LDA_BNKN,Vilna,Lida,Beniakoni,,,,,,,,,
2474,VLN_VLN_BZDN,Vilna,Vilnius,Bezdany,,,,,,,,,
2475,VLN_TRK_BRSH,Vilna,Troki,Birshtany,,,,,,,,,
2476,VLN_VLN_CHBS,Vilna,Vilnius,Chabishki,,,,,,,,,
2477,VLN_OSH_GV,Vilna,Oshmiany,Gaviia,,,,,,,,,
2478,VLN_VLN_ISHN,Vilna,Vilnius,Iashuny,,,,,,,,,
2479,VLN_VLN_KRNV,Vilna,Vilnius,Kernovo,,,,,,,,,
2480,VLN_VLN_LBSH,Vilna,Vilnius,Laibishki,,,,,,,,,
2481,VLN_TRK_LNDV,Vilna,Troki,Liandvarovo,,,,,,,,,
2482,VLN_SVN_LYNT,Vilna,Sventsiany,Lyntupy,,,,,,,,,
2483,VLN_TRK_NMNN,Vilna,Troki,Niemaniuny,,,,,,,,,
2484,VLN_SVN_NVSV,Vilna,Sventsiany,Novo-Sventsiany,,,,,,,,,
2485,VLN_VLN_NVVL,Vilna,Vilnius,Novo-Vileisk,,,,,,,,,
2486,VLN_TRK_PN,Vilna,Troki,Puni,,,,,,,,,
2487,VLN_VLN_TSKH,Vilna,Vilnius,Tsekhanovishki,,,,,,,,,
2488,VLN_OSH_YSVC,Vilna,Oshmiany,Yasevichi,,,,,,,,,
2489,VLN_OSH_ZHPR,Vilna,Oshmiany,Zhuprany,,,,,,,,,
2490,VLH_KRM_BRZH,Volhynia,Kremenets,Berezhetsy,,,,,,,,,
2491,VLH_KVL_DTYN,Volhynia,Kovel,Datyn,,,,,,,,,
2492,VLH_KVL_DLSK,Volhynia,Kovel,Dolsk,,,,,,,,,
2493,VLH_LTS_DRDY,Volhynia,Lutsk,Dradysk,,,,,,,,,
2494,VLH_LTS_GRDT,Volhynia,Lutsk,Gorodets,,,,,,,,,
2495,VLH_OVR_KSVR,Volhynia,Ovruch,Ksaverov,,,,,,,,,
2496,VLH_ZHT_LVKV,Volhynia,Zhitomir,Levkov,,,,,,,,,
2497,VLH_LTS_LSHN,Volhynia,Lutsk,Lishnevka,,,,,,,,,
2498,VLH_RVN_MZHR_2,Volhynia,Rovno,Mezherich,,,,,,,,,
2499,VLH_KRM_NVYA,Volhynia,Kremenets,Novyi Aleksinets,,,,,,,,,
2500,VLH_STR_OZHG,Volhynia,Starokonstantinov,Ozhigovtsy,,,,,,,,,
2501,VLH_KVL_PVRS,Volhynia,Kovel,Povursk,,,,,,,,,
2502,VLH_OVR_TTRN,Volhynia,Ovruch,Tatarnovichi,,,,,,,,,
2503,VLH_OVR_VYST,Volhynia,Ovruch,Vystupovichi,,,,,,,,,
2504,WRS_GST_GMBN,Warszawa,Gostynin,Gombin,,,,,,,,,
2505,WRS_WRS_GRKH,Warszawa,Warszawa,Grokhov II,,,,,,,,,
2506,WRS_PLN_KCHR,Warszawa,Plonsk,Kuchary,,,,,,,,,
2507,WRS_WRS_PRG,Warszawa,Warszawa,Praga,,,,,,,,,
2508,EKT_NVM_IGRN,Ekaterinoslav,Novomoskovsk,Igren,,,,,,,,,
2509,LBL_KHL_KHLM,Lublin,Kholm,Kholm,11EX,11EX,1150,1100,1125,,,1100,EX
2510,WRS_VLT_VLTS,Warszawa,Vlotslavsk,Vlotslavek,15EX,15EX,1550,1500,1525,,תנועה ציונית פעילה,1500,EX
2511,CRN_MGL_PCHP,Chernigov,Mglin,Pochep,16EX,16EX,1650,1600,1625,,,1600,EX
2512,KLS_VLN_DZLS_2,Kalisz,Veliun,Dzialoshin,16EX,16EX,1650,1600,1625,,,1600,EX
2513,PTR_LDZ_TSHN,Piotrkow,Lodz,Tushin,16EX,16EX,1650,1600,1625,,,1600,EX
2514,SWL_KLV_URDM,Suwalki,Kalvariia,Urdomin,17EX,17EX,1750,1700,1725,,,1700,EX
2515,KHR_KHR_PKTL,Kharkov,Kharkov,Pokotilovka,17LX,17LX,1800,1775,1775,,,1700,LX
2516,VLH_NVG_RGCH,Volhynia,Novograd-Volynskii,Rogachev,17LX,17LX,1800,1775,1775,,,1700,LX
2517,KLS_SLP_ZGRV,Kalisz,Sluptsy,Zagurov,18EX,18EX,1850,1800,1825,,,1800,EX
2518,SWL_VLD_KRK,Suwalki,Vladislavov,Kriuki,18EX,18EX,1850,1800,1825,,,1800,EX
2519,BSS_SRK_ZGRT,Bessarabia,Soroki,Zguritse,,,,,,,,,
2520,CRL_GLD_GLDN,Courland,Goldingen,Goldingen,,,,,,,,,
2521,CRL_GRB_LBV,Courland,Grobin,Libava,,,,,,,,,
2522,CRL_MTV_MTV,Courland,Mitava,Mitava,,,,,,,,,
2523,CRL_VND_PLTN,Courland,Vindava,Pilten,,,,,,,,,
2524,CRL_BSK_SHNB,Courland,Bausk,Shenberg,,,,,,,,,
2525,EST_VZN_VZNB,Estland,Vezenberg,Vezenberg,,,,,,,,,
2526,GRD_KBR_ANTP,Grodno,Kobrin,Antopol,,,,,,,,,
2527,GRD_PRZ_BRZ,Grodno,Pruzhany,Bereza,,,,,,,,,
2528,GRD_BLS_BRNS,Grodno,Bielsk,Briansk,,14XX,,1400,1450,"Jews lived in B. in the 15th cent.but their residencewasbannedin the following centuries and only renewedin the late 19th cent.A burial society (hevra kaddisha) was founded in 1877 and a talmud torah was active. In 1897,",,1400,XX
2529,GRD_SLN_BYTN,Grodno,Slonim,Byten,,,,,,,,,
2530,GRD_SLN_DRCH,Grodno,Slonim,Derechin,,,,,,,,,
2531,GRD_KBR_DYVN,Grodno,Kobrin,Dyvin,,,,,,,,,
2532,GRD_BLST_ISNV,Grodno,Bielostok,Iasenovka,,,,,,,,,
2533,GRD_BRS_KMNT,Grodno,Brest-Litovsk,Kamenets-Litovsk,,,,,,,,,
2534,GRD_KBR_KHMS,Grodno,Kobrin,Khomsk,,,,,,,,,
2535,GRD_BLS_KLSH,Grodno,Bielsk,Kleshcheli,,,,,,,,,
2536,GRD_SKL_KRTS,Grodno,Sokolki,Koritsyn,,,,,,,,,
2537,GRD_GRD_KRNK,Grodno,Grodno,Krinki,,,,,,,,,
2538,GRD_SKL_KZNT,Grodno,Sokolki,Kuznitsa,,,,,,,,,
2539,GRD_BLS_LKPR,Grodno,Bielsk,Loiki predmeste mestechka Sem,,,,,,,,,
2540,GRD_VLK_LYSK,Grodno,Volkovysk,Lyskovo,,,,,,,,,
2541,GRD_BRS_MLRY,Grodno,Brest-Litovsk,Maloryto,,,,,,,,,
2542,GRD_BRS_MLCH,Grodno,Brest-Litovsk,Mileichitsy,,,,,,,,,
2543,GRD_SKL_SKHV,Grodno,Sokolki,Sukhovolia,,,,,,,,,
2544,GRD_BLST_TRST,Grodno,Bielostok,Trostiany,,,,,,,,,
2545,GRD_BRS_VLCH,Grodno,Brest-Litovsk,Volchin,,,,,,,,,
2546,GRD_BRS_ZMC,Grodno,Brest-Litovsk,Zamosc predmeste Kamenets-L,,,,,,,,,
2547,KLS_SRD_BRZH,Kalisz,Sieradz,Burzhenin,,,,,,,,,
2548,KHR_IZM_KRMT,Kharkov,Izium,Kramatorovka,,,,,,,,,
2549,KHR_ODS_BLYK,Kherson,Odessa,Buialyk Bolshoi,,,,,,,,,
2550,KHR_ANN_SVTT,Kherson,Ananev,Sviato-Troitskoe,,,,,,,,,
2551,KLC_PNC_KZMR_2,Kielce,Pinchov,Kazimerzha Velka,,,,,,,,,
2552,KVN_NVL_ANTL,Kovno,Novoaleksandrovsk,Antolenty,,,,,,,,,
2553,KVN_SHV_NVZH,Kovno,Shavli,Novo-Zhagory,,,,,,,,,
2554,KVN_SHV_OKMN,Kovno,Shavli,Okmiany,,,,,,,,,
2555,KVN_NVL_OPS,Kovno,Novoaleksandrovsk,Opsa,,1790,1790,1790,1790,"Jews are first mentioned in 1790. In 1921 they numbered 334 (total 714). Between the World Wars, Hehalutz and Betar groups were active with many of their pioneers leaving for Palestine. Under Soviet rule (Sept",,1700,
2556,KVN_PNV_PSHL,Kovno,Poneviezh,Pusholaty,,,,,,,,,
2557,KVN_SHV_SHVK_2,Kovno,Shavli,Shavkuty,,,,,,,,,
2558,KVN_KVN_ZHMY,Kovno,Kovno,Zheimy,,,,,,,,,
2559,LMZ_KLN_EDVB,Lomza,Kolno,Edvbno,,,,,,,,,
2560,LBL_INV_KHRZ,Lublin,Ianov,Khrzhanov,,,,,,,,,
2561,LBL_BLG_KRTV,Lublin,Bielgorai,Kretov,,,,,,,,,
2562,LBL_LBL_TRVN,Lublin,Lublin,Travniki,,,,,,,,,
2563,MNS_NVG_GRD,Minsk,Novogrudok,Gorodeia,,,,,,,,,
2564,MNS_PNS_LBSH,Minsk,Pinsk,Liubishov,,,,,,,,,
2565,MNS_NVG_NVMY,Minsk,Novogrudok,Novaia Mysh,,,,,,,,,
2566,MNS_SLT_PGST,Minsk,Slutsk,Pogost,,,,,,,,,
2567,MNS_BRS_SLLV,Minsk,Borisov,Selolevichi,,,,,,,,,
2568,MNS_BBR_UGRC,Minsk,Bobruisk,Ugarichi,,,,,,,,,
2569,PTR_BRZ_EZHV,Piotrkow,Breziny,Ezhov,,,,,,,,,
2570,PTR_LDZ_KNST_2,Piotrkow,Lodz,Konstantinov,,,,,,,,,
2571,PTR_CHN_KRZH,Piotrkow,Chenstokhov,Krzhepitse,,,,,,,,,
2572,PTR_CHN_OLSH,Piotrkow,Chenstokhov,Olshtyn,,,,,,,,,
2573,PTR_PTR_RSPR,Piotrkow,Petrokov,Rosprzha,,,,,,,,,
2574,PTR_BND_SSNV,Piotrkow,Bendin,Sosnovitse,1859,1859,1859,1859,1859,,,1800,
2575,PLC_PRS_KHRZ,Plock,Prasnysh,Khorzheva,,,,,,,,,
2576,PLC_MLV_STRZ_2,Plock,Mlava,Strzhegovo,,,,,,,,,
2577,PLT_LKH_CHRP,Poltava,Lokhvitsa,Cherpukhi,,,,,,,,,
2578,RDM_RDM_EDLN,Radom,Radom,Edlinsk,,,,,,,,,
2579,RDM_RDM_GLNT,Radom,Radom,Glinitse,,,,,,,,,
2580,RDM_OPT_TSML,Radom,Opatov,Tsmelev,,,,,,,,,
2581,RDM_ILZ_VVKH,Radom,Ilza,Vovkhotsk,,,,,,,,,
2582,SWL_MRM_SPZH,Suwalki,Mariampol,Sapezhishki,,,,,,,,,
2583,VLN_VLN_BGSL,Vilna,Vilnius,Boguslavishki,,,,,,,,,
2584,VLN_VLK_BDSL,Vilna,Vileika,Budslav,,,,,,,,,
2585,VLN_OSH_DZVN,Vilna,Oshmiany,Dzevenishki,,,,,,,,,
2586,VLN_DSN_IDY,Vilna,Disna,Iody,,,,,,,,,
2587,VLN_SVN_LYNG,Vilna,Sventsiany,Lyngmiany s derevnei Lyngmiany,,,,,,,,,
2588,VLN_TRK_OLT,Vilna,Troki,Olita,,,,,,,,,
2589,VLN_SVN_PDBR,Vilna,Sventsiany,Podbrodze,,,,,,,,,
2590,VLH_NVG_NVCH,Volhynia,Novograd-Volynskii,Novaia Chartoriia,,,,,,,,,
2591,WRS_GST_KRNZ_2,Warszawa,Gostynin,Kernozia,,,,,,,,,
2592,WRS_SKR_SKRN_2,Warszawa,Skernevitsy,Skernevka Novaia i Novaia ulit,,,,,,,,,
2593,,,,Kalvariskie snipishki,,,,,,,,,
2594,SDL_WGR_KMTS,Siedlce,Wegrow,Kametsshyk,,,,,,,,,
2595,BSS_BLT_PRLT,Bessarabia,Bieltsy,Pirlita,,18LX,1900,1875,1875,"The settlement was founded mainly by Jews in the late 19th cent. The J. pop. in 1930 was 1,064. The majority traded in furs and grain. On 7 July 1941 P. was captured from the Sovi",,1800,LX
2596,BSS_SRK_STFN,Bessarabia,Soroki,Stefanesti,,16EX,1650,1600,1625,"S. was founded around several inns which Jews established here in the early 17th cent. In 1886, the 2,886 Jews constituted 77% of the pop. and maintained three synagogues. The majority tr",,1600,EX
2597,BSS_SRK_VDLR,Bessarabia,Soroki,Vadul Rascov,,1812,1812,1812,1812,"Jews settled after the Russian conquest of 1812 and grew tobacco and traded in hides and furs. In 1930 the J. pop. was 1,958. The majority of the J. pop. fled to the Russian si",,1800,
2598,BSS_SRK_ZGRT,Bessarabia,Soroki,Zgurita,,1853,1853,1853,1853,"This J. settlement was founded in 1853. In 1930 the J. pop. was 2,541. On 3 July 1941 the Jews were deported to Transnistria and then moved from place to place, almost all dying or being killed",,1800,
2599,BKV_BTS_STFN,Bukovina,Botoşani,Stefanesti,,16EX,1650,1600,1625,"S. was founded around several inns which Jews established here in the early 17th cent. In 1886, the 2,886 Jews constituted 77% of the pop. and maintained three synagogues. The majority tr",,1600,EX
2600,BKV_BTS_SLT(,Bukovina,Botoşani,Sulita (I),,1941,1941,1941,1941,"In 1941, the J. community, numbering some 30 families, was transferred to Campulung and then to Transnistria. Few survived.",,1900,
2601,BKV_CZR_CHRN,Bukovina,Czernowitz,Chernivtsi,,1408,1408,1408,1408,dates from 1408. Jews were physically abused during riots in 1648-49. In the Turko-Russian war in the late 17th cent. the synagogue was b,,1400,
2602,BKV_DRH_RDT,Bukovina,Dorohoi,Radauti,,17LX,1800,1775,1775,"Jews settled in the late 18th cent. and became known throughout Austria for the production of alcoholic beverages and beer. In 1880 the J. pop. was 3,452. During the 19th cent. the Hasidim and the Orthodox s",,1700,LX
2603,BKV_GRH_GRHM,Bukovina,Gurahumora,Gura Humorului,,1835,1835,1835,1835,The first Jews who settled in 1835 provided supplies for the Austrian military forces encamped there. Jews were artisans and engaged in the lumber industry. All theJewsofG. wereWiznitzerHasidim. Zionist activity bega,,1800,
2604,BKV_GRH_ILSS,Bukovina,Gurahumora,Ilisesti,,18MX,1875,1850,1850,Jews first settled in the mid-19th cent. All were Hasidim of the Vizhnitz and Sadagora sects. The J. pop. in 1930 was 191. In 1940 the J. pop. was transferred to Suceava and Gura Humorului. After war broke out betweenRuman,,1800,MX
2605,BKV_KMP_VTR-,Bukovina,Kimpolung,Vatra-Moldovitei,,18MX,1875,1850,1850,"Jews settled in the mid-19th cent. In 1930 the J. pop. was 136. In Sept. 1940, the J. pop. was forced to move to Gura-Humorului and Campulung. In Oct. 1941 the Jews were deported to Transnistria. Almost all perishe",,1800,MX
2606,BKV_KMP_VM(I,Bukovina,Kimpolung,Vama (Ii),,18LX,1900,1850,1875,Jews settled in the late 19 cen,,1900,LX
2607,BKV_KMP_STLP,Bukovina,Kimpolung,Stulpicani,,1910,1910,1910,1910,"The Jews numbered 609 in 1910 but only 151 in 1930. In June 1941, the J. pop. was transferred to Gura-Humorului and in Oct. deported to Transnistria. Few survived.",,1900,
2608,BKV_KMP_VTRD,Bukovina,Kimpolung,Vatra Dornei,,16XX,1700,1600,1650,Jews first settled in the 17th cent. and monopolized the lumber trade. They also helped develop V. as a vacation and health resort. Zionist activity began in 1900. A J. school was opened prior to WWI where Hebrew was t,,1600,XX
2609,BKV_KMP_CMPL,Bukovina,Kimpolung,Campulung Moldovenesc,,17MX,1775,1750,1750,"Jews settled in the mid-18th cent. Under Austrian rule, they dominated the lumber industry and owned several vacation hostels in the area. Branches of the Zionist youth movements were founded after WWI. The J.",,1700,MX
2610,BKV_KMP_FRSN,Bukovina,Kimpolung,Frasin,,18MX,1875,1850,1850,"Jews settled in the mid-19th cent. The J. pop. in 1930 was 156. Most Jews engaged in commerce. In Sept. 1940, the J. pop. was transferred to Gura-Humorului and in 1941 to Transnistria.",,1800,MX
2611,BKV_KMP_BCS,Bukovina,Kimpolung,Bucsoaia,,1941,1941,1941,1941,In 1941 the 12 J. families were transferred to Frasin and shared the fate of the Jews there.,,1900,
2612,BKV_KMP_CRLB,Bukovina,Kimpolung,Cirlibaba,,1930,1930,1930,1930,"TheJ.pop. in 1930 was 154.TherewasZionist activity betweenthe World Wars.In 1942,the youngmen were drafted into labor battalions in the Ukraine. In spring 1944, the J. pop. was deported to Auschwitz.",,1900,
2613,BKV_KMP_BRZ,Bukovina,Kimpolung,Breaza,,18LX,1900,1875,1875,"Jews first settled in the late 19th cent. The J. pop. in 1930 was 140. The Iron Guard confiscated J. shops and factories and incited the local pop. against the Jews. In 1940, the J. pop. was transferred to the Campulung ghet",,1800,LX
2614,BKV_KMP_MLDV,Bukovina,Kimpolung,Moldovita,,1930,1930,1930,1930,"An independent community was founded in 1930 when 436 Jews lived there. In Nov. 1940, the J. pop. fled to Gura-Humorului and in fall 1941 was deported to Transnistria. About a third returned after the war.",,1900,
2615,BKV_KTZ_CNC,Bukovina,Kotzman,Cincau,,1930,1930,1930,1930,"The Jews of C. were a branch of the Zastavna community. The J. pop. in 1930 was 58. In June 1941 the Jews were transferred to Ocna, where most died. The rest were deported to Transnistria.",,1900,
2616,BKV_KTZ_KTSM,Bukovina,Kotzman,Kitsman,,18LX,1900,1875,1875,"J. community existed in the late 19th cent. The J. pop. in 1930 was 647. From 1926 to 1936, R. Barukh Hager of the Vizhnitz hasidic dynasty served as rabb",,1800,LX
2617,BKV_KTZ_DVYD,Bukovina,Kotzman,Davydivtsi,,18XX,1900,1800,1850,"Jews settled in the 19th cent. The J. pop. in 1930 was 48.In July 1941,the J.pop was deportedto Transnistria. Few survived.",,1800,XX
2618,BKV_KTZ_ZSTV,Bukovina,Kotzman,Zastavna,,1891,1891,1891,1891,"The J. community received official recognition in 1891. At the outbreak of WWI, most of the Jews fled to Austria, returning at the end of the war. Zionist activity began in 1904. The J. pop. was 629 in 1930",,1800,
2619,BKV_KTZ_TVTR,Bukovina,Kotzman,Tovtry,,1930,1930,1930,1930,"In 1930 the J. pop. was 80. In 1941, the Jews were transferred to Ocna and almost all were killed there. The survivors were deported to Transnistria.",,1900,
2620,BKV_KTZ_DRSH,Bukovina,Kotzman,Doroshivtsi,,1930,1930,1930,1930,"The Jews were attached to the Zastavna community and prayed in the Vasilau synagogue. The J. pop. in 1930 was 58. In June 1941 the Jews were transferred to Ocna, where most died. The rest were deported to Transnistria. Fe",,1900,
2621,BKV_KTZ_VSYL,Bukovina,Kotzman,Vasyliv,,18LX,1900,1875,1875,"A J. community existed in the late 19th cent. The J. pop. in 1930 was 231. The Zionist were active between the World Wars. In 1941, the J. pop. was transferred to Ocna-Bucovinei and shared the fate of the local Jews and ot",,1800,LX
2622,BKV_UNK_PLSC,Bukovina,Unknown,Plosca,,18LX,1900,1875,1875,"Jews settled in the late 19th cent. The J. pop. in 1930 was 99. In fall 1941, the J. pop. was deported to Transnistria, where most perished.",,1800,LX
2623,BKV_UNK_STNS,Bukovina,Unknown,Stanestil De Jos,,18LX,1890,1850,1875,Jews from Galicia and Russia settled in the late 19th cent. The J. pop. in 1890 was 909 (30% of the total). Jews had a monopoly on trade in alcohol and tobacco. They were persecuted by the invading R,,1900,LX
2624,BKV_UNK_CMNS,Bukovina,Unknown,Comanesti,,1930,1930,1930,1930,"The Jews suffered antisemitic attacks between the World Wars. The J. pop. in 1930 was 121. In July 1940, a number of Jews werekilled by Rumanian soldiers andmost of the J.pop. fled to other towns in Bukovina, where they s",,1900,
2625,BKV_UNK_BNT,Bukovina,Unknown,Baineti,,1930,1930,1930,1930,The Jews were attached to the Siret community and had no independent institutions. The J. pop. in 1930 was 23. In 1941 the J. pop. was force-marched to Suceava and transferred to the Calafat and Craiova inter,,1900,
2626,BKV_UNK_MRNC,Bukovina,Unknown,Mareniceni,,1930,1930,1930,1930,"The Jews belonged to the Vijnita community and had no independent institutions. The J. pop. in 1930 was 15-20 families. In June 1941, ten J. families were murdered by Ukrainians and the rest deported to Tr",,1900,
2627,BKV_UNK_BRZ,Bukovina,Unknown,Breaza,,18LX,1900,1875,1875,"Jews first settled in the late 19th cent. The J. pop. in 1930 was 140. The Iron Guard confiscated J. shops and factories and incited the local pop. against the Jews. In 1940, the J. pop. was transferred to the Campulung ghet",,1800,LX
2628,BKV_RDT_BRDN,Bukovina,Radautz,Brodina,,19EX,1930,1900,1915,"Jews settled in the early 20th cent. The J. pop. in 1930 was 231. In 1940, the Jews were transferred to Suceava and in Oct. 1941 deported to Transnistria.Few survived.",,1900,EX
2629,BKV_RDT_RDT,Bukovina,Radautz,Radauti,,17LX,1800,1775,1775,"Jews settled in the late 18th cent. and became known throughout Austria for the production of alcoholic beverages and beer. In 1880 the J. pop. was 3,452. During the 19th cent. the Hasidim and the Orthodox s",,1700,LX
2630,BKV_RDT_SLYT,Bukovina,Radautz,Selyatin,,18MX,1875,1850,1850,"Jews settled in the mid-19th cent. The J. pop. in 1930 was 736 (18% of the total). Antisemitism was widespread in the 1930s. In June 1940, Jews were exiled by the Soviets to Siberia and none returned. After t",,1800,MX
2631,BKV_RDT_VCVD,Bukovina,Radautz,Vicovu De Sus,,1782,1782,1782,1782,"There were 42 Jews here in 1782. The J. pop. in 1930 was 334. The Zionists were active between the World Wars. In 1940, Rumanian soldiers transferred much of the J. pop. to Suceava and then to Bacua and other towns.",,1700,
2632,BKV_SDG_BYNY,Bukovina,Sadagora,Boyany,,1860,1860,1860,1860,"Jews were granted permission to settle in 1860. R. Yitzhak Friedmann of Sadagora set up his hasidic court in 1886. In 1914, Russian troops burned the J. quarter and the majority of the 2,573 Jews left. The J. p",,1800,
2633,BKV_SDG_SDHR,Bukovina,Sadagora,Sadhora,,1770,1770,1770,1770,"In 1770, Jews working in the Russian coin minting plant were among the founders of S. In 1774 the Austrians called on Jews to build barracks for the soldiers, but later forced",,1700,
2634,BKV_SRT_ZMST,Bukovina,Sereth,Zamostea,,18LX,1900,1875,1875,"A J. community existed in the late 19th cent. The J. pop. in 1930 was 129. In June 1941, the J. pop. was transferred to Storojineti and in Oct. 1941 the Jews were deported to Transnistria. Only 20 returned a",,1800,LX
2635,BKV_SRT_DRNS,Bukovina,Sereth,Dornesti,,1774,1774,1774,1774,"J. traders settled in 1774. During WWI, Jews were evacuated with the rest of the pop. The J. pop. in 1930 was 84.In June 1941, the J. pop. was moved to Radauti and then deported to Transnistria.",,1700,
2636,BKV_SRT_SRT,Bukovina,Sereth,Siret,,15MX,1575,1550,1550,"A J. community existed in the mid-16th cent. In 1912-18, the mayor was a Jew and Jews were members of the municipal council. Most of the Jews engaged in commerce. Zionist activity began at the turn of the centur",,1500,MX
2637,BKV_STR_LJN,Bukovina,Storojinet,Lujeni,,17XX,1800,1700,1750,"Jews settled in the 18th cent. but maintained an independent community only from 1930. The J. pop. in 1930 was 374 (15% of the total). In June 1941, the Jews were driven across the border to Sniatyn",,1700,XX
2638,BKV_STR_IRDN,Bukovina,Storojinet,Iordanesti,,18LX,1900,1875,1875,"Jews settled in the late 19th cent. but belonged to the Storojineti community andhad no independent institutions. The J. pop. in 1930 was 99. In July 1941, the Jews were transferred to Storojineti and shar",,1800,LX
2639,BKV_STR_KRSN,Bukovina,Storojinet,Krasnoyilsk,,1820,1820,1820,1820,"Jews first settled in 1820 andengagedin thelumber industry. There was widespreadeducational activity for the children. The J. pop. in 1930 was 257. In 1941, the J. pop. was transferred to Ciudei and then force-marched t",,1800,
2640,BKV_STR_CHDY,Bukovina,Storojinet,Chudey,,1891,1891,1891,1891,"A J. community existed in 1891. The Jews engaged in trading lumber and cattle. The J. pop. in 1930 was 568. In June 1940, the Soviets destroyed the synagogue built in the mid-19th cent. On 4 Jul",,1800,
2641,BKV_STR_BNYL,Bukovina,Storojinet,Banyliv Pidhirnyi,,18EX,1850,1800,1825,"Jews first settled in the early 19th cent. The J. pop. in 1930 was 687. In July 1941, 15 Jews were murderedby the local pop. and theremainder were deported to Transnistria. About 50-60 returned after",,1800,EX
2642,BKV_STR_CHRS,Bukovina,Storojinet,Cheresh,,18LX,1900,1875,1875,"Jews lived here from the late 19th cent. The J. pop. in 1930 was 106. In 1941, the local Ukrainian pop. cruelly murdered almost all the Jews. The few survivors were deported to Transnistria.",,1800,LX
2643,BKV_STR_STRZ,Bukovina,Storojinet,Storozhynets,,18LX,1900,1875,1875,"A J. community was founded in the second half of the 19th cent. and numbered 1,601 in 1880 (a third of the total pop.) A yeshiva was opened, and in 1904 a high school was founded which closed in 1934. Dur",,1800,LX
2644,BKV_STR_ZHDV,Bukovina,Storojinet,Zhadova,,1890,1890,1890,1890,"A J. community existed here from 1890. The J. pop. in 1930 was 468 (24% of the total). On 6 July 1941, 543 Jews were force-marched to Storojineti and then moved from town to town until 96 Jews drowned while cro",,1800,
2645,BKV_STR_KBSH,Bukovina,Storojinet,Kabeshti,,1930,1930,1930,1930,"The J. pop. in 1930 was 120. On 5 July 1941, almost all the Jews weremurderedby the local pop. The few survivors were deported to Transnistria.",,1900,
2646,BKV_STR_KSTN,Bukovina,Storojinet,Kostintsy,,18LX,1900,1875,1875,"Jews settledin the late 19th cent. and engagedin commerce and agriculture.The J. pop. in 1930 was 274.In June 1941, 420 Jews were taken to an open field and shot.",,1800,LX
2647,BKV_STR_DRCH,Bukovina,Storojinet,Drachyntsi,,1930,1930,1930,1930,"The Jews were attached to the Stanestii community and had no independent institutions. The J. pop. in 1930 was 232. In July 1941, Rumanian soldiers murdered 120 Jews; theremainder were deportedto Transnistr",,1900,
2648,BKV_STR_HLYN,Bukovina,Storojinet,Hlynytsia,,18EX,1850,1800,1825,"Jews settled in the early 19th cent. Between the two World Wars, most Zionist parties were active. The J. pop. in 1930 was 140. In Oct. 1941, the Jews were deported to Transnistria; 15 families survived and e",,1800,EX
2649,BKV_SCZ_MRT,Bukovina,Suczawa,Maritei,,1930,1930,1930,1930,"The J. pop. in 1930 was 64, most engaged in agriculture and commerce. In 1941, the Jews were transferred to Suceava and then to Transnistria.",,1900,
2650,BKV_SCZ_BLCN,Bukovina,Suczawa,Balaceana,,18LX,1900,1875,1875,"Jews settled in thelate 19th cent.The J.pop. in 1930 was 134.Zionist activity took placein the interwar period. In Jan. 1941, the J. pop. left for Suceava and then was deported to Transnistria. Few survived.",,1800,LX
2651,BKV_SCZ_SCV,Bukovina,Suczawa,Suceava,,14XX,1500,1400,1450,Jews first settled in the 15th cent. A permanent community existed in the early 18th cent. Prince Mihai Sturza granted the Jews some 140 acres of his land in perpetuity and it remained J. property even be,,1400,XX
2652,BKV_SCZ_DRMN,Bukovina,Suczawa,Darmanesti,,1930,1930,1930,1930,The Jews were attached to the Suceava community and had no independent institutions. The J. pop. in 1930 was 92. In June 1941 the 23 Jews there were transferredto Suceava and in Oct. 1941 deported to Transnistna.,,1900,
2653,BKV_SCZ_PTRT,Bukovina,Suczawa,Petrauti,,1916,1916,1916,1916,A J. community existed in 1916. The J. pop. in 1930 was 56 families. The majority left in the 1930s because of antisemitism and in late 1941 the few remaining Jews were deported to Transnistria.,,1900,
2654,BKV_WZN_DKHT,Bukovina,Wiznitz,Dikhtinets,,1930,1930,1930,1930,"The local Jews became part of the Putila community. The J. pop. in 1930 was 56. In fall 1941, the Jews were deported to Transnistria. Eight families returned after the war.",,1900,
2655,BKV_WZN_TRCN,Bukovina,Wiznitz,Toraceni,,1930,1930,1930,1930,The J. pop. of 61 in 1930 was a branch of the Putila community. In June 1941 the J. pop. was deported to Transnistria. Few survived.,,1900,
2656,BKV_WZN_CRNH,Bukovina,Wiznitz,Ciornohuzi,,1933,1933,1933,1933,"The Jews belonged to the Vijnita community and had no independent institutions. The J. pop. in 1933 was 15 families. In June 1941, the local pop. murdered some Jews and the rest were deported to Transnistria",,1900,
2657,BKV_WZN_ISPS,Bukovina,Wiznitz,Ispas,,18LX,1900,1875,1875,"Jews settled in the late 19th cent.,most of them engagedin the cattle andproduce trade. The J. pop. in 1930 was 143. In June 1941, Jews were murdered by the local pop. The remainder were deported to Transnistria",,1800,LX
2658,BKV_WZN_BRHM,Bukovina,Wiznitz,Berehomet,,1804,1804,1804,1804,Jews first settledin 1804 and were instrumental in making B. the largest village in Bukovina. TheJ.pop. in 1930 was 979 (10% of thetotal). The majority of the J. pop. were members of Mizrachi. In Ma,,1800,
2659,BKV_WZN_SRHY,Bukovina,Wiznitz,Serhiyi,,18LX,1900,1875,1875,"Jews settled in the late 19th cent. and belonged to the Putila community. The J. pop. in 1930 was 204. In fall 1941, the J. pop. was deported to Transnistria. Only 18 families returned after the war.",,1800,LX
2660,BKV_WZN_PTYL,Bukovina,Wiznitz,Putyla,,18LX,1900,1875,1875,"Jews settled in the late 19th cent. Zionist activity began in 1920. The J. pop. in 1930 was 379. In June 1941, Ukrainians set fire to J. houses and synagogues and Jews fled to nearby villages. The rest were ma",,1800,LX
2661,BKV_WZN_YBLN,Bukovina,Wiznitz,Yablunytsya,,18LX,1900,1875,1875,"Jews settledin the late 19th cent. and engagedin agriculture and livestock trading. The J. pop. in 1930 was 72. In June 1941, the Jews were transferred to Radauti and in Oct. deported to Transnistria.",,1800,LX
2662,BKV_WZN_UST',Bukovina,Wiznitz,Ust' Putyla,,1930,1930,1930,1930,The Jews were attached to the Putilei community and had no independent institutions. The J. pop. in 1930 was 115. In 1941 all the Jews were deported to Transnistria. Few survived.,,1900,
2663,BKV_WZN_MYHV,Bukovina,Wiznitz,Myhove,,18LX,1900,1875,1875,Jews settled in the late 19th cent. and numbered 356 in 1880. Zionist activity began after WWI and many Jews emigrated to Palestine. The J. pop. in 1930 was 243. Antisemitism was rife in the 1930s. In June 194,,1800,LX
2664,BKV_WZN_RZTK,Bukovina,Wiznitz,Roztoky,,18LX,1900,1875,1875,"Jews first settled in the late 19th cent. In 1930 the J. pop. was 71. After war broke out between the USSR and Rumania in June 1941, many Jews from the vicinity fled to Russia. On 25 June 194",,1800,LX
2665,BKV_WZN_VYZH,Bukovina,Wiznitz,Vyzhenka,,1880,1880,1880,1880,"There were 339 Jews living in V. in 1880 (25% of the total) and 227 in 1930. In fall 1941, the J. pop. was deported to Transnistria. Few survived.",,1800,
2666,BKV_WZN_VYZH_2,Bukovina,Wiznitz,Vyzhnytsya,,17MX,1775,1750,1750,"A J. community existed in the mid-18th cent. In the late 19th cent., many Jews from Russia and Moldavia settled. Jews engaged in the lumber industry and were known for their bookbinding expertise. Under Austrian rule, most",,1700,MX
2667,BKV_WZN_MLYV,Bukovina,Wiznitz,Miliyeve,,18LX,1900,1875,1875,"Jews settled in the late 19th cent. The J. pop. in 1930 was 197. In June 1941, Ukrainian gangs murdered all the Jews.",,1800,LX
2668,BKV_WZN_BNYL,Bukovina,Wiznitz,Banyliv,,18LX,1900,1875,1875,"Jews first settled in the late 19th cent. The J.pop. in 1930 was 517.In June 1941,Rumanians and Germans murdered 263 Jews. The remainder were deported to Transnistria.",,1800,LX
2669,PRU_PMM_PYRT,Prussia,Pommern,Pyritz,,1481,1481,1481,1481,"Jews are first mentioned in P. in 1481. In the modern period a J. settlement of seven families existed in 1705. A cemetery was opened c. 1735, the first synagogue in 1794, and a second, larger o",,1400,
2670,PRU_PMM_STRG,Prussia,Pommern,Stargard Szczecinski,,1665,1665,1665,1665,"Jews were allowed to live and trade in S. after 1665, despite initial resistance from the local authorities. Toward the end of the 17th cent., a J. community developed and a cemet",,1600,
2671,PRU_PMM_NRNB,Prussia,Pommern,Noerenberg,,1717,1717,1717,1717,"In 1717, there were three J. families in N. In 1871 the community numbered 68 Jews. It maintained a synagogue and a cemetery. When the Nazis came to power in 1933, there were 33 Jews in the to",,1700,
2672,PRU_PMM_MSSW,Prussia,Pommern,Massow,,1705,1705,1705,1705,"Jews are mentioned in M. from 1705. The small community numbered 82 in 1849 and maintained a synagogue from 1830 and a cemetery. By 1907, the community, now reduced to 20 members, became affilia",,1700,
2673,PRU_PMM_PSWL,Prussia,Pommern,Pasewalk,,13EX,1350,1300,1325,"Evidence of a J. presence in P. dates from the first half of the 14th cent. and from 1466. In modern times, Jews are first mentioned in 1782. The J. pop. numbered 286 in 1855, dropping to 160 by the end of the cent. The c",,1300,EX
2674,PRU_PMM_LBS,Prussia,Pommern,Labes,,1705,1705,1705,1705,"The first Jews are mentioned in 1705. A J. community developed slowly and numbered 167 individuals in 1861, shrinking to 87 in 1909. It maintained a synagogue and a cemetery. When the Nazis came to",,1700,
2675,PRU_PMM_NGRD,Prussia,Pommern,Naugard,,1692,1692,1692,1692,"A Jew under a letter of protection (Schutzbrief) for N. is mentioned in 1692. In 1752, 54 Jews were living in N. and by 1871, the J. pop. numbered 147. The community maintained a synagogue, co",,1600,
2676,PRU_PMM_RGNW,Prussia,Pommern,Regenwalde,,1692,1692,1692,1692,"There is evidence from 1692 of a Jew receiving a letter of proctection (Schutzbrief) for R. By 1728, four J. families were living in the town and 15 in 1812. In 1840, the community numbered 11",,1600,
2677,PRU_PMM_WLLN,Prussia,Pommern,Wollin,,18XX,1900,1800,1850,"Jews only arrived in W. in the 19th cent. In 1812 the J. pop. was five; in 1849, 90; and in 1880, 141. The community maintained a synagogue and a cemetery. When the Nazis came to power in 1933, th",,1800,XX
2678,PRU_PMM_GRYF,Prussia,Pommern,Gryfice,,1692,1692,1692,1692,"A J. resident is mentioned in 1692, and in 1752 there was a J. settlement of seven families.In 1880, the community numbered146 members and maintained a synagogue and a cemetery. When the Na",,1600,
2679,PRU_PMM_RMML,Prussia,Pommern,Rummelsburg,,1728,1728,1728,1728,"A J. family in R. is first mentioned in 1728. By 1752, there were three families; in 1895, the Jews in R. numbered 240. The community set up two synagogues in 1818 and 1848 and a cemetery i",,1700,
2680,PRU_PMM_TRPT,Prussia,Pommern,Treptow An Der Rega,,1695,1695,1695,1695,"The first Jew to receive a letter of proctection for T. is mentioned in 1695. By 1764, the J. pop. numbered seven families and in 1880 it comprised 212 individuals. The community",,1600,
2681,PRU_PMM_GRFS,Prussia,Pommern,Greifswald,,12MX,1275,1250,1250,There 1s evidence of J. presence in G. as early as the middle of the 13th cent. and the first half of the 14th cent. The modern settlement developed in the 19th cent. and numbered11 Jews in 1816 and 167 in 1880.Original,,1200,MX
2682,PRU_PMM_STRL,Prussia,Pommern,Stralsund,,1282,1282,1282,1282,"Evidence of Jews in S. dates from 1282. The medieval community was expelled or murdered in the Black Death persecutions of 1348-49. In the 17th cent., several Jews were granted temporary permission to live and trade in t",,1200,
2683,PRU_PMM_SCHL,Prussia,Pommern,Schlawe,,1718,1718,1718,1718,"The first Jew settled in S. about 1718. In 1752 there were two J. families and 17 in 1812. In 1899, the community had 265 members and maintained a synagogue and a cemetery. When the Nazis came t",,1700,
2684,PRU_PMM_RGNW_2,Prussia,Pommern,Ruegenwalde,,1701,1701,1701,1701,"The first evidence of a Jew allowed to settle in R. dates from 1701. A J. community developed slowly, numbering 36 members in 1752 and 124 in 1849. It maintained a synagogue and a cemetery.",,1700,
2685,PRU_PMM_KCBR,Prussia,Pommern,Kocborowo,,17EX,1750,1700,1725,"A number of Jews were present in the early 18th cent., engaging in farming, crafts, leaseholding, and brokerage. In 1921, there were 126 after many arrived from Starogard. The Germans executed all the remaining Jews",,1700,EX
2686,PRU_SCH_LBN,Prussia,Schlesien,Lauban,,18MX,1875,1850,1850,"J. settlement began no earlier than the mid-19th cent. The J. pop. was 36 in 1925 and 26 on the eve of the Nazi era, when the community was attached to the Goerlitz congregation. In 1939, 19 J",,1800,MX
2687,PRU_SCH_SGN,Prussia,Schlesien,Sagan,,18EX,1850,1800,1825,"The Jews were expelled in 1462, only establishing a modern community in the early 19th cent., which numbered 170 in 1880. The community maintained a cemetery (opened in 1831) and a synagogue (f",,1800,EX
2688,PRU_SCH_SPRT,Prussia,Schlesien,Sprottau,,1380,1380,1380,1380,"There was a Street of the Jews in 1380 but after being expelled no Jews were present until the early 19th cent. In 1825, the J. pop. was 27, rising to 90 in 1852. The community maintaine",,1300,
2689,PRU_SCH_STRG,Prussia,Schlesien,Striegau,,13LX,1400,1375,1375,"Jews lived in S. before 1350. In 1410, local rioters beat 73 Jews to death. In 1454, all the Jews were expelled and the Great Synagogue was converted into a church. J. settlement was rene",,1300,LX
2690,PRU_SCH_SCHW,Prussia,Schlesien,Schweidnitz,,1285,1285,1285,1285,"Jews were present no later than 1285 and had the use of a cemetery. In 1372, a Street of the Jews and synagogue were in existence. The Jews were accused of desecration in 1453 and a",,1200,
2691,PRU_SCH_LDKZ,Prussia,Schlesien,Ladek Zdroj,,1843,1843,1843,1843,"Though Jews visited the local mineral baths, they only settled in 1843. Their number rose from eight in 1850 to 34 in 1906. The community maintained a prayer house and a cemetery fr",,1800,
2692,PRU_SCH_TRBN,Prussia,Schlesien,Trebnitz,,1346,1346,1346,1346,One Jew was present in 1346 and a Street of the Jews is mentioned in the late 14th cent. but an unbroken record of J. settlement exists only from the 19th cent. A synagogue was consecrated in 1830 and,,1300,
2693,PRU_SCH_STRH,Prussia,Schlesien,Strehlen,,13LX,1400,1375,1375,Jews were present by the end of the 14th cent. A synagogue is mentioned in 1439 and a Street of the Jews in 1441. Nothing more is heard about the Jews until the reestablishment of the com,,1300,LX
2694,PRU_SCH_MLTS,Prussia,Schlesien,Militsch,,18EX,1850,1800,1825,Individual Jews were present by the mid-17th cent. at the latest but the modern community was only founded in the early 19th cent. The J. pop. was 41 in 1811 and reached a peak of 197 in 18,,1800,EX
2695,PRU_SCH_OHL,Prussia,Schlesien,Ohlau,,1358,1358,1358,1358,Jews settled no later than 1358 but were apparently expelled in 1363 and did not return until the 17th cent. Their number rose from 21 in 1800 to 210 in 1861. A synagogue was consecrated next t,,1300,
2696,PRU_SCH_OPV,Prussia,Schlesien,Opava,,18MX,1875,1850,1850,"Jews are first mentioned in 1281 and were expelled a final time in 1523, returning only in the first half of the 19th cent. Their pop. was 134 in 1867; 1,127 in 1921; and 971 (total 11,627) in 1930. Zionis",,1800,MX
2697,PRU_SCH_LBSC,Prussia,Schlesien,Leobschuetz,,1360,1360,1360,1360,"J. settlement is known from 1360 and the existence of a J.-owned beer brewery from the mid-15th cent. In 1539, the Jews were expelled following a blood libel. Only in 1812 were they a",,1300,
2698,PRU_SCH_BLVC,Prussia,Schlesien,Bilovec,,18MX,1875,1850,1850,"Jews probably settled in the mid-19th cent., reaching a pop. of about 300 including surrounding settlements in 1921. In 1930, 64 were present in the town. After the annexation of the Sudetenland to the Third Reich in",,1800,MX
2699,PRU_SCH_KTSC,Prussia,Schlesien,Katscher,,1787,1787,1787,1787,"The J. pop. was 36 in 1787. The community established a synagogue in 1825 and a private J. school in 1845. It maintained a cemetery. In 1840, the J. pop. was 108, rising to a peak of 186 in",,1700,
2700,PRU_SCH_KNST,Prussia,Schlesien,Konstadt,,1787,1787,1787,1787,"The J. pop. was 86 in 1787 and 216 in 1867. The community maintained a synagogue and cemetery. In 1925, the J. pop. was 103, dropping to 80 in 1932. In the same year a handgrenade was thro",,1700,
2701,PRU_SCH_CSL,Prussia,Schlesien,Cosel,,1373,1373,1373,1373,"Small-scale J. settlement began in 1373. In 1563, J. settlement in C. and the surrounding area was banned. Only in the 18th cent. were Jews again permitted to settle. Their number rose from two",,1300,
2702,PRU_SCH_PTSC,Prussia,Schlesien,Pitschen,,1787,1787,1787,1787,"The J. pop. was 13 in 1787 and reached a peak of 105 in 1852. The community maintained a prayer house, cemetery, and J. educational facilities. In 1932, the J. pop. was 31. In the same yea",,1700,
2703,PRU_SCH_BHMN,Prussia,Schlesien,Bohumin,,1655,1655,1655,1655,"A J. soapmanufacturer and a J. distiller are mentioned in 1655. A synagogue was openedin 1900 and a community center in 1924. The community also maintained an elementary school. The J. pop. reached 801 (total 9,607) in",,1600,
2704,PRU_SCH_ORLV,Prussia,Schlesien,Orlova,,18LX,1900,1875,1875,"The late-19th cent. community erected Orthodox and Reform synagogues and was well integrated in local economic and social life. The Zionists were active after WWI. In 1930, the J. pop. was 394. In the wake of the Munic",,1800,LX
2705,PRU_SCH_KRVN,Prussia,Schlesien,Karvina,,18XX,1900,1800,1850,"Jews settled in this mining and industrial town in the 19th cent. as part of the Frystat community. They numbered about 2,000 in 1921 and 1,155 (total 52,284) in 1930. In Sept. 1938, K. was annexed to Poland. In fall",,1800,XX
2706,PRU_SCH_CSKY,Prussia,Schlesien,Cesky Tesin,,13LX,1400,1375,1375,"Jews are mentioned in the late 14th cent. and received residence rights in 1575. A synagogue was consecrated in 1838, replaced by a new one in 1874. The J. pop. grew from 259 in 1890 to 1,021",,1300,LX
2707,PRU_SCH_PSKR,Prussia,Schlesien,Peiskretscham,,13XX,1400,1300,1350,"J. settlement began in the 14th cent. under the protection of the Prince of Teschen. Jews earned their livelihoods as moneylenders, leaseholders, and petty traders. A synagogue and",,1300,XX
2708,PRU_SCH_TRNC,Prussia,Schlesien,Trinec,,18LX,1900,1875,1875,"Jews settled after 1848 following a long-standing ban on settlement. They never established an independent community but affiliated themselves with the Cesky Tesin congregation. In 1930, the J. pop. was 138. In Sept. 1",,1800,LX
2709,PRU_SCH_LNGN,Prussia,Schlesien,Langendorf,,1900,1900,1900,1900,"The J. pop. was 75 in 1900, dropping to 35 in 1906. The community maintained a prayer house but used the nearby Gleiwitz J. cemetery. In 1933, the J. pop. was 30. Nazi racial laws were",,1900,
2710,PRU_SCH_USTR,Prussia,Schlesien,Ustron,,1942,1942,1942,1942,"Never exceeding much more than a hundred Jews (total 4,000), the community was apparently expelled in the summer of 1942 and sent to Auschwitz and labor camps in Silesia.",,1900,
2711,PRU_SCH_RDSL,Prussia,Schlesien,Ruda Slaska,,18MX,1875,1850,1850,"Jews numbered fewer than a dozen families throughout the community's existence from the mid-19th cent. In 1942-45 a labor camp in nearby Stara Kuznia held 500 prisoners, mostly Jews. In Sept. 1944-Jan. 1945 another",,1800,MX
2712,PRU_SCH_BBRK,Prussia,Schlesien,Bobrek,,12XX,1300,1200,1250,Jews arrived in the 13th cent. They owned land and engaged in agriculture. The medieval community suffered from persecutionandrepeatedexpulsions. Under Swedish rule (1655-59) the community gr,,1200,XX
2713,PRU_SCH_CZCH,Prussia,Schlesien,Czechowice Dziedzice,,1900,1900,1900,1900,"Jews numbered 94 in 1900 (total 3,964) and 196 in 1921 (total 8,916).The 12 remainingJ. families wereprobably expelledby theGermansbetweenfall 1939andMay 1940 to General Gouvernement territory or Upper Silesia.",,1900,
2714,PRU_SCH_CZCH_2,Prussia,Schlesien,Czechowice Dziedzice,,1860,1860,1860,1860,"After the lifting of residence restrictions in 1860 under the Austrians, Jews settledand uncharacteristicallymaintaineda secular way of life. Only two of 50 J. stores closed on the Sabbath in the 1930s, when the J. po",,1800,
2715,PRU_SCH_CSZY,Prussia,Schlesien,Cieszyn,,13XX,1400,1300,1350,"Jews are known from the 14th cent., enjoying personal rights under a tolerated status. They earned their living as innkeepers and petty traders in textiles and haberdashery. The J. pop. reached 1,313 (total 15,220) in",,1300,XX
2716,PRU_SCH_SKCZ,Prussia,Schlesien,Skoczow,,18LX,1890,1850,1875,"The small number of Jews who settled (266, or less than 10% of the total in 1890) were mostly well-to-do. They opened factories and in their liberal, assimilationist milieu regarded themselves in many instances as Germ",,1900,LX
2717,PRU_SCH_PSZC,Prussia,Schlesien,Pszczyna,,16XX,1700,1600,1650,"Jews from Bohemia first settled in the 17th cent. The community reached a peak pop. of 331 (total 3,154) in 1861 but dropped to around 20 families in 1918. The Germans captured P. in Sept. 1939, annexing it",,1600,XX
2718,PRU_SCH_RCBR,Prussia,Schlesien,Raciborz,,1367,1367,1367,1367,"Jews are first mentioned in 1367. They lived on their own street where a synagogue was located and earned their livelihoods from petty trade. They also engaged in moneylending, crafts, and the cattle tr",,1300,
2719,PRU_SCH_RYBN,Prussia,Schlesien,Rybnik,,18XX,1900,1800,1850,"The J. settlement began to develop in the 19th cent., numbering 380 in 1913 (total 11,656). About 30% left between the World Wars as R. passed to Polish rule. The J. pop. of 262 in 1931 was a target of unrelenting a",,1800,XX
2720,PRU_SCH_MYSL,Prussia,Schlesien,Myslowice,,16XX,1700,1600,1650,Jews first arrived in the 17th cent. In the 18th they ran inns and sold mead and alcoholic beverages. They also held the tobacco monopoly. Others dealt in cattle and sheep and in rabbit pelts. Despite antisemitic inci,,1600,XX
2721,PRU_SCH_KTWC,Prussia,Schlesien,Katowice,,1825,1825,1825,1825,"Jews are first mentioned in the city's future suburb of Bogoczyce in 1733 and in K. itselfin 1825. The community became independent in 1866, building its first synagogue in 1862 and inaugurating the J",,1800,
2722,PRU_SCH_GLWC,Prussia,Schlesien,Gliwice,,13XX,1400,1300,1350,"Jews were probably present in the 14th cent.In 1587,undertheHapsburgs,they were expelled from the city. The community was only renewed in 1715,reachinga pop. of 62 in 1793, including a numb",,1300,XX
2723,PRU_SCH_SWTC,Prussia,Schlesien,Swietochlowice,,1861,1861,1861,1861,"Jews numbered 48 in 1861 (total 3,818) and 100-115 in the early 20th cent. and were probably expelled by the Germans in fall 1939. A branch of Auschwitz operated as a forced labor camp in the area from June 1942",,1800,
2724,PRU_SCH_CHRZ,Prussia,Schlesien,Chorzow,,18XX,1900,1800,1850,"Famous for its great ironworks, the town accommodated a J. community in the 19th cent. that grew to 1,020 (total27,522) in 1880. Branches of the German Zionist Organization began to operate",,1800,XX
2725,PRU_SCH_SMNW,Prussia,Schlesien,Siemianowice Slaskie,,1870,1870,1870,1870,"Jews numbered 367 in 1870 (total 9,052) and 200 in 1913. After WWI the German J. pop. was replaced by Polish Jews. These fled the German occupation in Sept. 1939, leaving behind just 30 German Jews, who wer",,1800,
2726,PRU_SCH_ZBRZ,Prussia,Schlesien,Zabrze,,18EX,1850,1800,1825,"J. settlement commenced in the early 19th cent. The community was attached to Beuthen in 1860 and in 1872 recognized as independent. It maintained a synagogue from 1865, an elementary sch",,1800,EX
2727,PRU_SCH_PRDN,Prussia,Schlesien,Prudnik,,1534,1534,1534,1534,"In 1534, the J. pop. was 25 (total 114). The community established a synagogue in 1540 and a cemetery in 1541. In 1570, the Jews were expelled and banned from trading in N. and the ne",,1500,
2728,PRU_SCH_GLGW,Prussia,Schlesien,Glogowek,,18EX,1850,1800,1825,"Jews probably arrived in the Middle Ages. However, a permanent settlement is known only from the early 19th cent. The community maintained a cemetery (possibly established in 1821). A s",,1800,EX
2729,PRU_SCH_BLPR,Prussia,Schlesien,Biala Prudnicka,,14XX,1500,1400,1450,"Jews were present continuously from at least the 15th cent., when they were concentrated on their own street. The Jews of Z. and Glogau were the only ones allowed to remain following the genera",,1400,XX
2730,PRU_SCH_KLDZ,Prussia,Schlesien,Klodzko,,1300,1300,1300,1300,"Jews are first mentionedin 1300.A synagogue, cemetery, and J. education are mentioned in 1384. All the Jews were expelled in 1492 on charges of fraud and desecration. Undisturbed J. settleme",,1300,
2731,PRU_SCH_TRNW,Prussia,Schlesien,Tarnowskie Gory,,1732,1732,1732,1732,"Jews are first mentioned in 1732 and by 1815 were organized as an independent community. J. settlers came from Germany and were people of means, among them proprietors of mines and merchants. Un",,1700,
2732,PRU_SCH_NYS,Prussia,Schlesien,Nysa,,13EX,1350,1300,1325,"Jews arrived in the first half of the 14th cent. They had a cemetery in 1350 and a synagogue in 1410. During the Black Death persecutions of 1348- 49, one Jew burned his house with all his fami",,1300,EX
2733,PRU_SCH_STRZ,Prussia,Schlesien,Strzelce Opolskie,,1812,1812,1812,1812,"Thereis no evidenceof a J.presencebefore 1812.In 1832, theJ.pop. was already 112 andin 1840 it was 140. A synagogue andcemetery were openedin the 1850s. Jews were active in pu",,1800,
2734,PRU_SCH_ZBKW,Prussia,Schlesien,Zabkowice Slaskie,,13LX,1400,1375,1375,"J. settlement commenced in the late 14th cent. at the latest, with aStreet of the Jews first mentioned in 1403. During the 15th cent., the Jews were expelled. J. settlement w",,1300,LX
2735,PRU_SCH_LBLN,Prussia,Schlesien,Lubliniec,,17XX,1800,1700,1750,"Jews arrived in the 18th cent., numbering 432 (of a total 3,364) in 1861 under Prussian rule. Only a few families remained under Polish rule after WWI. They were expelled by the Germans in WWI.",,1700,XX
2736,PRU_SCH_OPL,Prussia,Schlesien,Opole,,1396,1396,1396,1396,A number of J. families were present in 1396 but there were apparently Jews here before that. They were evidently murdered by their neighbors in the Black Death persecutions of 1348-49 as the,,1300,
2737,PRU_SCH_GRDK,Prussia,Schlesien,Grodkow,,18EX,1850,1800,1825,"Jews probably arrived in the Middle Ages but a permanent settlement is only known from the early 19th cent. In 1830, the J. pop. was 16,rising to 87 in 1861. Its religious needs were met by theNeisse co",,1800,EX
2738,PRU_SCH_DZRZ,Prussia,Schlesien,Dzierzoniow,,18XX,1840,1800,1820,"Jews settled no later than 1367 but were expelled in 1453-54. The community was reestablished only in the 19th cent., numbering 59 in 1840 and maintaining a synagogue and a cemetery (from 18",,1900,XX
2739,PRU_SCH_DBRD,Prussia,Schlesien,Dobrodzien,,16XX,1700,1600,1650,"Jews settledin the 17th cent. and numbered 120 in 1787. They engaged in petty trade, crafts, and also agriculture. A prayer house was in usein 1781.The J.pop. grew to 280 in 1861anda J",,1600,XX
2740,PRU_SCH_LWNB,Prussia,Schlesien,Lewin Brzeski,,1849,1849,1849,1849,"The J. pop. was 28 (total 1,600) in 1849 and 80 in 1880. The community maintained a cemetery from 1882 and a synagogue was established im 1901. In.1932,the J. pop.twas 39 'and.in 1937",,1800,
2741,PRU_SCH_WLBR,Prussia,Schlesien,Walbrzych,,1830,1830,1830,1830,J. settlement commenced in 1830. The J. pop. grew from 32 in 1849 to 198 in 1871 and 300 in 1880. A synagogue was consecrated in 1882 and a J. cemetery prior to that time. In the late,,1800,
2742,PRU_SCH_KMNN,Prussia,Schlesien,Kamienna Gora,,1812,1812,1812,1812,Jews were granted residence rights in 1812 and numbered 53 in 1840. They maintained a prayer house and two cemeteries (from 1824 and 1880). A synagogue was consecrated in 1858. The J. pop. reache,,1800,
2743,PRU_SCH_BRZG,Prussia,Schlesien,Brzeg,,13XX,1400,1300,1350,Jews settled in the 14th cent. and established a synagogue and cemetery. The community was spared the Black Death persecutions of 1349-50 and continued to exist until it was finally expelled in 1453. Jews ar,,1300,XX
2744,PRU_SCH_OLSN,Prussia,Schlesien,Olesno,,1787,1787,1787,1787,"The J. pop. was 112 in 1787, 213 in 1832, and 244 in 1880. The community maintained a synagogue and cemetery. In 1925, the J. pop. was 180. In 1932, Nazis threw a handgrenade into a J.",,1700,
2745,PRU_SCH_JLNG,Prussia,Schlesien,Jelenia Gora,,13EX,1350,1300,1325,Jews were present in the first half of the 14th cent. but the modern community was only foundedin the early 18th cent. The J. pop. was 37 in 1810 and reached a peak of 450 in 188,,1300,EX
2746,PRU_SCH_PKJ,Prussia,Schlesien,Pokoj,,1842,1842,1842,1842,"An organized community of 96 was in existence in 1842, reaching a peak pop. of 128 in 1861. The community maintained a synagogue and cemetery along with J. educational facilities. On the ev",,1800,
2747,PRU_SCH_KLCZ,Prussia,Schlesien,Kluczbork,,1414,1414,1414,1414,"Jews are first mentioned in 1414, but permanent settlement dates only from the mid-18th cent. The J. pop. was 24 in 1772 and 48 in 1830. The first J. prayer house was built in 1840. The",,1400,
2748,PRU_SCH_JWR,Prussia,Schlesien,Jawor,,1364,1364,1364,1364,The first mention of Jews and a synagogue is in 1364 but the modern community was founded only in the 19th cent. The J. pop. was 109 in 1849 and 128 in 1884. The community maintained a synagogue,,1300,
2749,PRU_SCH_NMYS,Prussia,Schlesien,Namyslow,,13EX,1350,1300,1325,"Jews inhabited a Street of the Jews no later than the early 14th cent., some engaged in moneylending. Though Jews were occasionally present in the 17th cent, the modern community was only",,1300,EX
2750,PRU_SCH_WRCL,Prussia,Schlesien,Wroclaw,,11XX,1200,1100,1150,"Between the 12th and the mid-15th cent., there were three medieval J. communities. Each numberedabout 65 families andeachwas destroyedin its turn. During this period, Jews mainly engaged in",,1100,XX
2751,PRU_SCH_BRTW,Prussia,Schlesien,Bierutow,,13EX,1350,1300,1325,"Jews were present in the first half of the 14th cent. but are not heard from again for a long period of time. In 1780, their pop. was already 101 and in 1871 it was 245. The community mai",,1300,EX
2752,PRU_SCH_LWWK,Prussia,Schlesien,Lwowek Slaski,,13MX,1375,1350,1350,"Jews inhabited a Street of the Jews by the mid-14th cent. In 1453, the Jews of L. were imprisoned and then expelled from the city with the king distributing their land and houses t",,1300,MX
2753,PRU_SCH_GRLT,Prussia,Schlesien,Gorlitz,,12EX,1250,1200,1225,"Jews probably arrived with the foundation of the city in the first half of the 13th cent. A Street of the Jews is mentioned in 1305, a synagogue and cemetery in 1308, and a mikve in 1345. The Jews were expelled in the",,1200,EX
2754,PRU_SCH_SRDS,Prussia,Schlesien,Sroda Slaska,,13EX,1350,1300,1325,Jews in significant numbers were present by the early 14th cent. but their residence was banned in 1455 and only renewed in 1812. The J. pop. was 130 in 1845 with the community m,,1300,EX
2755,PRU_SCH_LGNC,Prussia,Schlesien,Legnica,,1301,1301,1301,1301,"Jews are first mentioned in 1301 and at mid-cent they lived in a Street of the Jews and maintained a synagogue and cemetery. In 1559, J. settlement was banned, only to be renewed in 1812,",,1300,
2756,PRU_SCH_OLSN_2,Prussia,Schlesien,Olesnica,,1329,1329,1329,1329,"J. settlement commenced no later than 1329. In 1535, the Jews were expelled and the synagogue was converted into an armory. The community was reestablished only in the 18th cent. Its pop. in",,1300,
2757,PRU_SCH_BLSL,Prussia,Schlesien,Boleslawiec,,1370,1370,1370,1370,"Jews were present by 1370 at the latest, occupying a Street of the Jews numbering 31 houses and 360 residents. The Jews were expelled a number of times and after 1454 did not reappear f",,1300,
2758,PRU_SCH_CHJN,Prussia,Schlesien,Chojnow,,18EX,1850,1800,1825,The modern community was founded in the early 19th cent. and numbered 45 in 1840 and 105 in 1867. A synagogue was erected in 1893 and a new cemetery was also opened in this period. On the ev,,1800,EX
2759,PRU_SCH_SYCW,Prussia,Schlesien,Sycow,,1657,1657,1657,1657,"A small J. community made up mainly of Polish refugees was present by 1657. In 1739, it numbered three families. The J. pop. grew to 32 in 1804 and in 1819 the community employed a teacher. A ceme",,1600,
2760,PRU_SCH_TWRD,Prussia,Schlesien,Twardogora,,16MX,1675,1650,1650,"The J. community dates from the mid-17th cent. The J. pop. was 71 in 1786 and 217 in 1812, when a J. school was founded. The community alsomaintained a synagogue andcemetery. The J. p",,1600,MX
2761,PRU_SCH_SCNW,Prussia,Schlesien,Scinawa,,1861,1861,1861,1861,The J. community maintained a synagogue from 1861 and a cemetery. It numbered 105 in 1884. Seven families (about 40 Jews) remained in 1931. Their fate in the Nazi era is un,,1800,
2762,PRU_SCH_ZMGR,Prussia,Schlesien,Zmigrod,,15XX,1600,1500,1550,Jews were present in the 16th and 17th cents. but a permanent community was only founded in the modern period. The J. pop. was 90 in 1880 and 117 in 1875. The community established a ce,,1500,XX
2763,PRU_SCH_WNSK,Prussia,Schlesien,Winsko,,1815,1815,1815,1815,"A J. family was present by 1815 and in 1821 the J. pop. was 21, rising to 51 in 1862. A synagogue and cemetery were consecrated in 1871 but in the latter half of the 19th cent., the J. pop. began to declin",,1800,
2764,PRU_SCH_GLGW_2,Prussia,Schlesien,Glogow,,1280,1280,1280,1280,Jews arementionedin 1280 as residents of a separate street and maintaining a synagogue and cemetery. The general expulsion order of 1484 was not enforced in G. and Jews continued to live there,,1200,
2765,PRU_SCH_GR,Prussia,Schlesien,Gora,,1350,1350,1350,1350,"A Street of the Jews was in existence in 1350 but the Jews were expelled in 1362 and J. settlement was discontinued until the 18th cent. In the 19th cent., the J. pop. grew from 30 in 1849 to a peak of 110 i",,1300,
2766,PRU_SCH_NWSL,Prussia,Schlesien,Nowa Sol,,1925,1925,1925,1925,The J. pop. was 71 in 1925 and together with the adjoining village about 60 (15 families) on the eve of the Nazi era. The community was not recognized by law as a congregation but only as,,1900,
2767,PRU_SCH_ZLNG,Prussia,Schlesien,Zielona Gora,,1812,1812,1812,1812,The permanent J. settlement dates from 1812. The J. pop. rose from 191 in 1835 to 271 (2.5% of the total) in 1864. The community maintained a cemetery from 1814 and a synagogue was built in 1882-8,,1800,
2768,PRU_WST_CHLM,Prussia,Westpreußen,Chelmza,,1772,1772,1772,1772,"Jews first settled after the annexation to Prussia in 1772. With the achievement of equal rights in the first half of the 19th cent., they branched out into a variety of occupations, including farming,",,1700,
2769,PRU_WST_STRG,Prussia,Westpreußen,Starogard Gdanski,,1772,1772,1772,1772,Jews only settled permanently after the Prussian annexation in 1772. The merchant Avraham Peter Kaufmann founded a family there that was influential throughout Pomerania. In 1851 family members set up a shoe factory,,1700,
2770,PRU_SCH_CHMN,Prussia,Sachsen,Chemnitz,,1921,1921,1921,1921,The J. pop. in 1921 was 118. Most of the Jews died at Auschwitz in summer 1942.,,1900,
