{
"type": "FeatureCollection",
"name": "foundation_points",
"crs": { "type": "name", "properties": { "name": "urn:ogc:def:crs:OGC:1.3:CRS84" } },
"features": [
{ "type": "Feature", "properties": { "line_id": 1.0, "prov": "Pskov", "dist": "Ostrov" }, "geometry": { "type": "Point", "coordinates": [ 27.9, 57.06666667 ] } },
{ "type": "Feature", "properties": { "line_id": 2.0, "prov": "Siedlce", "dist": "Lukow" }, "geometry": { "type": "Point", "coordinates": [ 22.26666667, 51.73333333 ] } },
{ "type": "Feature", "properties": { "line_id": 3.0, "prov": "Courland", "dist": "Gazenpot" }, "geometry": { "type": "Point", "coordinates": [ 21.6, 56.71666667 ] } },
{ "type": "Feature", "properties": { "line_id": 4.0, "prov": "Kharkov", "dist": "Akhtyrka" }, "geometry": { "type": "Point", "coordinates": [ 34.9, 50.31666667 ] } },
{ "type": "Feature", "properties": { "line_id": 5.0, "prov": "Kovno", "dist": "Novoaleksandrovsk" }, "geometry": { "type": "Point", "coordinates": [ 25.75, 56.16666667 ] } },
{ "type": "Feature", "properties": { "line_id": 6.0, "prov": "Volhynia", "dist": "Rovno" }, "geometry": { "type": "Point", "coordinates": [ 26.35, 50.73333333 ] } },
{ "type": "Feature", "properties": { "line_id": 7.0, "prov": "Piotrkow", "dist": "Lodz" }, "geometry": { "type": "Point", "coordinates": [ 19.3, 51.81666667 ] } },
{ "type": "Feature", "properties": { "line_id": 8.0, "prov": "Warszawa", "dist": "Nieszawa" }, "geometry": { "type": "Point", "coordinates": [ 18.7, 52.86666667 ] } },
{ "type": "Feature", "properties": { "line_id": 9.0, "prov": "Bessarabia", "dist": "Bieltsy" }, "geometry": { "type": "Point", "coordinates": [ 28.06666667, 47.8 ] } },
{ "type": "Feature", "properties": { "line_id": 10.0, "prov": "Kherson", "dist": "Aleksandriia" }, "geometry": { "type": "Point", "coordinates": [ 33.11666667, 48.66666667 ] } },
{ "type": "Feature", "properties": { "line_id": 11.0, "prov": "Kiev", "dist": "Chigirin" }, "geometry": { "type": "Point", "coordinates": [ 32.23333333, 48.96666667 ] } },
{ "type": "Feature", "properties": { "line_id": 12.0, "prov": "Preussen", "dist": "Olsztyn" }, "geometry": { "type": "Point", "coordinates": [ 20.48333333, 53.78333333 ] } },
{ "type": "Feature", "properties": { "line_id": 13.0, "prov": "Vilna", "dist": "Troki" }, "geometry": { "type": "Point", "coordinates": [ 24.2, 54.35 ] } },
{ "type": "Feature", "properties": { "line_id": 14.0, "prov": "Kovno", "dist": "Telshi" }, "geometry": { "type": "Point", "coordinates": [ 22.05, 56.03333333 ] } },
{ "type": "Feature", "properties": { "line_id": 15.0, "prov": "Preussen", "dist": "Pommern" }, "geometry": { "type": "Point", "coordinates": [ 14.66666667, 53.4 ] } },
{ "type": "Feature", "properties": { "line_id": 16.0, "prov": "Chernigov", "dist": "Krolevets" }, "geometry": { "type": "Point", "coordinates": [ 33.18333333, 51.45 ] } },
{ "type": "Feature", "properties": { "line_id": 17.0, "prov": "Livland", "dist": "Valk" }, "geometry": { "type": "Point", "coordinates": [ 27.05, 57.41666667 ] } },
{ "type": "Feature", "properties": { "line_id": 18.0, "prov": "Kovno", "dist": "Vilkomir" }, "geometry": { "type": "Point", "coordinates": [ 25.3, 55.35 ] } },
{ "type": "Feature", "properties": { "line_id": 19.0, "prov": "Kherson", "dist": "Ananev" }, "geometry": { "type": "Point", "coordinates": [ 29.96666667, 47.71666667 ] } },
{ "type": "Feature", "properties": { "line_id": 20.0, "prov": "Volhynia", "dist": "Zhitomir" }, "geometry": { "type": "Point", "coordinates": [ 29.01666667, 50.01666667 ] } },
{ "type": "Feature", "properties": { "line_id": 21.0, "prov": "Galicia", "dist": "Wadowice" }, "geometry": { "type": "Point", "coordinates": [ 19.35, 49.85 ] } },
{ "type": "Feature", "properties": { "line_id": 22.0, "prov": "Lomza", "dist": "Ostrov" }, "geometry": { "type": "Point", "coordinates": [ 22.16666667, 52.85 ] } },
{ "type": "Feature", "properties": { "line_id": 23.0, "prov": "Piotrkow", "dist": "Brzeziny" }, "geometry": { "type": "Point", "coordinates": [ 19.68333333, 51.73333333 ] } },
{ "type": "Feature", "properties": { "line_id": 24.0, "prov": "Preussen", "dist": "Wegorzewo" }, "geometry": { "type": "Point", "coordinates": [ 21.73333333, 54.21666667 ] } },
{ "type": "Feature", "properties": { "line_id": 25.0, "prov": "Preussen", "dist": "Pommern" }, "geometry": { "type": "Point", "coordinates": [ 13.7, 53.86666667 ] } },
{ "type": "Feature", "properties": { "line_id": 26.0, "prov": "Volhynia", "dist": "Ostrog" }, "geometry": { "type": "Point", "coordinates": [ 26.9, 50.45 ] } },
{ "type": "Feature", "properties": { "line_id": 27.0, "prov": "Lublin", "dist": "Janow" }, "geometry": { "type": "Point", "coordinates": [ 21.85, 50.88333333 ] } },
{ "type": "Feature", "properties": { "line_id": 28.0, "prov": "Suwalki", "dist": "Mariampol" }, "geometry": { "type": "Point", "coordinates": [ 23.28333333, 54.71666667 ] } },
{ "type": "Feature", "properties": { "line_id": 29.0, "prov": "Volhynia", "dist": "Zaslavl" }, "geometry": { "type": "Point", "coordinates": [ 26.86666667, 49.8 ] } },
{ "type": "Feature", "properties": { "line_id": 30.0, "prov": "Mogilev", "dist": "Cherikov" }, "geometry": { "type": "Point", "coordinates": [ 31.51666667, 53.85 ] } },
{ "type": "Feature", "properties": { "line_id": 31.0, "prov": "Volhynia", "dist": "Rovno" }, "geometry": { "type": "Point", "coordinates": [ 26.5, 50.8 ] } },
{ "type": "Feature", "properties": { "line_id": 32.0, "prov": "Kovno", "dist": "Vilkomir" }, "geometry": { "type": "Point", "coordinates": [ 25.1, 55.53333333 ] } },
{ "type": "Feature", "properties": { "line_id": 33.0, "prov": "Livland", "dist": "Valk" }, "geometry": { "type": "Point", "coordinates": [ 26.66666667, 57.53333333 ] } },
{ "type": "Feature", "properties": { "line_id": 34.0, "prov": "Kherson", "dist": "Kherson" }, "geometry": { "type": "Point", "coordinates": [ 33.73333333, 47.66666667 ] } },
{ "type": "Feature", "properties": { "line_id": 35.0, "prov": "Bessarabia", "dist": "Akkerman" }, "geometry": { "type": "Point", "coordinates": [ 29.41666667, 45.98333333 ] } },
{ "type": "Feature", "properties": { "line_id": 36.0, "prov": "Kovno", "dist": "Kovno" }, "geometry": { "type": "Point", "coordinates": [ 23.46666667, 55.26666667 ] } },
{ "type": "Feature", "properties": { "line_id": 37.0, "prov": "Taurida", "dist": "Perekop" }, "geometry": { "type": "Point", "coordinates": [ 33.7, 46.1 ] } },
{ "type": "Feature", "properties": { "line_id": 38.0, "prov": "Ekaterinoslav", "dist": "Bakhmut" }, "geometry": { "type": "Point", "coordinates": [ 38.0, 48.58333333 ] } },
{ "type": "Feature", "properties": { "line_id": 39.0, "prov": "Courland", "dist": "Tukkum" }, "geometry": { "type": "Point", "coordinates": [ 22.88333333, 56.46666667 ] } },
{ "type": "Feature", "properties": { "line_id": 40.0, "prov": "Suwalki", "dist": "Avgustov" }, "geometry": { "type": "Point", "coordinates": [ 23.0, 53.85 ] } },
{ "type": "Feature", "properties": { "line_id": 41.0, "prov": "Vilna", "dist": "Troki" }, "geometry": { "type": "Point", "coordinates": [ 24.53333333, 54.58333333 ] } },
{ "type": "Feature", "properties": { "line_id": 42.0, "prov": "Suwalki", "dist": "Mariampol" }, "geometry": { "type": "Point", "coordinates": [ 23.96666667, 54.85 ] } },
{ "type": "Feature", "properties": { "line_id": 43.0, "prov": "Piotrkow", "dist": "Noworadomsk" }, "geometry": { "type": "Point", "coordinates": [ 19.35, 50.91666667 ] } },
{ "type": "Feature", "properties": { "line_id": 44.0, "prov": "Suwalki", "dist": "Mariampol" }, "geometry": { "type": "Point", "coordinates": [ 23.51666667, 54.7 ] } },
{ "type": "Feature", "properties": { "line_id": 45.0, "prov": "Kiev", "dist": "Uman" }, "geometry": { "type": "Point", "coordinates": [ 30.45, 48.7 ] } },
{ "type": "Feature", "properties": { "line_id": 46.0, "prov": "Kalisz", "dist": "Kolo" }, "geometry": { "type": "Point", "coordinates": [ 18.66666667, 52.35 ] } },
{ "type": "Feature", "properties": { "line_id": 47.0, "prov": "Mogilev", "dist": "Orsha" }, "geometry": { "type": "Point", "coordinates": [ 30.58333333, 54.83333333 ] } },
{ "type": "Feature", "properties": { "line_id": 48.0, "prov": "Kovno", "dist": "Kovno" }, "geometry": { "type": "Point", "coordinates": [ 23.8, 55.1 ] } },
{ "type": "Feature", "properties": { "line_id": 49.0, "prov": "Siedlce", "dist": "Wegrow" }, "geometry": { "type": "Point", "coordinates": [ 21.78333333, 52.53333333 ] } },
{ "type": "Feature", "properties": { "line_id": 50.0, "prov": "Preussen", "dist": "Pommern" }, "geometry": { "type": "Point", "coordinates": [ 16.08333333, 53.75 ] } },
{ "type": "Feature", "properties": { "line_id": 51.0, "prov": "Mogilev", "dist": "Gorki" }, "geometry": { "type": "Point", "coordinates": [ 31.11666667, 54.48333333 ] } },
{ "type": "Feature", "properties": { "line_id": 52.0, "prov": "Kovno", "dist": "Shavli" }, "geometry": { "type": "Point", "coordinates": [ 23.71666667, 55.63333333 ] } },
{ "type": "Feature", "properties": { "line_id": 53.0, "prov": "Suwalki", "dist": "Suvalki" }, "geometry": { "type": "Point", "coordinates": [ 22.65, 54.1 ] } },
{ "type": "Feature", "properties": { "line_id": 54.0, "prov": "Taurida", "dist": "Simferopol" }, "geometry": { "type": "Point", "coordinates": [ 33.86666667, 44.75 ] } },
{ "type": "Feature", "properties": { "line_id": 55.0, "prov": "Chernigov", "dist": "Konotop" }, "geometry": { "type": "Point", "coordinates": [ 32.76666667, 51.21666667 ] } },
{ "type": "Feature", "properties": { "line_id": 56.0, "prov": "Vilna", "dist": "Oshmiany" }, "geometry": { "type": "Point", "coordinates": [ 26.18333333, 53.93333333 ] } },
{ "type": "Feature", "properties": { "line_id": 57.0, "prov": "Kiev", "dist": "Lipovets" }, "geometry": { "type": "Point", "coordinates": [ 29.61666667, 49.11666667 ] } },
{ "type": "Feature", "properties": { "line_id": 58.0, "prov": "Taurida", "dist": "Sevastopol" }, "geometry": { "type": "Point", "coordinates": [ 33.6, 44.5 ] } },
{ "type": "Feature", "properties": { "line_id": 59.0, "prov": "Suwalki", "dist": "Mariampol" }, "geometry": { "type": "Point", "coordinates": [ 23.88333333, 54.53333333 ] } },
{ "type": "Feature", "properties": { "line_id": 60.0, "prov": "Galicia", "dist": "Lisko" }, "geometry": { "type": "Point", "coordinates": [ 22.28333333, 49.33333333 ] } },
{ "type": "Feature", "properties": { "line_id": 61.0, "prov": "Podolia", "dist": "Kamenets-Podolsk" }, "geometry": { "type": "Point", "coordinates": [ 26.68333333, 48.86666667 ] } },
{ "type": "Feature", "properties": { "line_id": 62.0, "prov": "Kovno", "dist": "Vilkomir" }, "geometry": { "type": "Point", "coordinates": [ 25.13333333, 55.3 ] } },
{ "type": "Feature", "properties": { "line_id": 63.0, "prov": "Podolia", "dist": "Balta" }, "geometry": { "type": "Point", "coordinates": [ 29.61666667, 47.93333333 ] } },
{ "type": "Feature", "properties": { "line_id": 64.0, "prov": "Bessarabia", "dist": "Bieltsy" }, "geometry": { "type": "Point", "coordinates": [ 27.93333333, 47.76666667 ] } },
{ "type": "Feature", "properties": { "line_id": 65.0, "prov": "Podolia", "dist": "Mogilev" }, "geometry": { "type": "Point", "coordinates": [ 27.66666667, 49.06666667 ] } },
{ "type": "Feature", "properties": { "line_id": 66.0, "prov": "Mogilev", "dist": "Orsha" }, "geometry": { "type": "Point", "coordinates": [ 30.31666667, 54.48333333 ] } },
{ "type": "Feature", "properties": { "line_id": 67.0, "prov": "Galicia", "dist": "Tarnobrzeg" }, "geometry": { "type": "Point", "coordinates": [ 21.53333333, 50.48333333 ] } },
{ "type": "Feature", "properties": { "line_id": 68.0, "prov": "Lublin", "dist": "Pulawy" }, "geometry": { "type": "Point", "coordinates": [ 22.15, 51.56666667 ] } },
{ "type": "Feature", "properties": { "line_id": 69.0, "prov": "Minsk", "dist": "Novogrudok" }, "geometry": { "type": "Point", "coordinates": [ 26.03333333, 53.13333333 ] } },
{ "type": "Feature", "properties": { "line_id": 70.0, "prov": "Volhynia", "dist": "Zhitomir" }, "geometry": { "type": "Point", "coordinates": [ 28.01666667, 50.71666667 ] } },
{ "type": "Feature", "properties": { "line_id": 71.0, "prov": "Kovno", "dist": "Telshi" }, "geometry": { "type": "Point", "coordinates": [ 21.86666667, 56.16666667 ] } },
{ "type": "Feature", "properties": { "line_id": 72.0, "prov": "Preussen", "dist": "Frydlad" }, "geometry": { "type": "Point", "coordinates": [ 20.81666667, 54.25 ] } },
{ "type": "Feature", "properties": { "line_id": 73.0, "prov": "Suwalki", "dist": "Volkovyshki" }, "geometry": { "type": "Point", "coordinates": [ 23.05, 54.5 ] } },
{ "type": "Feature", "properties": { "line_id": 74.0, "prov": "Galicia", "dist": "Buczacz" }, "geometry": { "type": "Point", "coordinates": [ 25.26666667, 49.03333333 ] } },
{ "type": "Feature", "properties": { "line_id": 75.0, "prov": "Poltava", "dist": "Pereiaslav" }, "geometry": { "type": "Point", "coordinates": [ 31.33333333, 50.36666667 ] } },
{ "type": "Feature", "properties": { "line_id": 76.0, "prov": "Kovno", "dist": "Rossieny" }, "geometry": { "type": "Point", "coordinates": [ 22.51666667, 55.35 ] } },
{ "type": "Feature", "properties": { "line_id": 77.0, "prov": "Galicia", "dist": "Kamionka" }, "geometry": { "type": "Point", "coordinates": [ 24.26666667, 50.1 ] } },
{ "type": "Feature", "properties": { "line_id": 78.0, "prov": "Courland", "dist": "Bausk" }, "geometry": { "type": "Point", "coordinates": [ 24.18333333, 56.4 ] } },
{ "type": "Feature", "properties": { "line_id": 79.0, "prov": "Volhynia", "dist": "Starokonstantinov" }, "geometry": { "type": "Point", "coordinates": [ 26.46666667, 49.71666667 ] } },
{ "type": "Feature", "properties": { "line_id": 80.0, "prov": "Volhynia", "dist": "Ovruch" }, "geometry": { "type": "Point", "coordinates": [ 29.3, 51.05 ] } },
{ "type": "Feature", "properties": { "line_id": 81.0, "prov": "Kovno", "dist": "Shavli" }, "geometry": { "type": "Point", "coordinates": [ 23.13333333, 55.8 ] } },
{ "type": "Feature", "properties": { "line_id": 82.0, "prov": "Minsk", "dist": "Borisov" }, "geometry": { "type": "Point", "coordinates": [ 28.06666667, 54.73333333 ] } },
{ "type": "Feature", "properties": { "line_id": 83.0, "prov": "Kiev", "dist": "Vasilkov" }, "geometry": { "type": "Point", "coordinates": [ 30.11666667, 49.78333333 ] } },
{ "type": "Feature", "properties": { "line_id": 84.0, "prov": "Tula", "dist": "Bielev" }, "geometry": { "type": "Point", "coordinates": [ 36.13333333, 53.81666667 ] } },
{ "type": "Feature", "properties": { "line_id": 85.0, "prov": "Preussen", "dist": "Pommern" }, "geometry": { "type": "Point", "coordinates": [ 16.0, 54.0 ] } },
{ "type": "Feature", "properties": { "line_id": 86.0, "prov": "Kiev", "dist": "Berdichev" }, "geometry": { "type": "Point", "coordinates": [ 29.03333333, 49.68333333 ] } },
{ "type": "Feature", "properties": { "line_id": 87.0, "prov": "Piotrkow", "dist": "Piotrkow" }, "geometry": { "type": "Point", "coordinates": [ 19.38333333, 51.36666667 ] } },
{ "type": "Feature", "properties": { "line_id": 88.0, "prov": "Volhynia", "dist": "Zaslavl" }, "geometry": { "type": "Point", "coordinates": [ 26.63333333, 50.0 ] } },
{ "type": "Feature", "properties": { "line_id": 89.0, "prov": "Kiev", "dist": "Berdichev" }, "geometry": { "type": "Point", "coordinates": [ 28.86666667, 49.85 ] } },
{ "type": "Feature", "properties": { "line_id": 90.0, "prov": "Smolensk", "dist": "Bielyi" }, "geometry": { "type": "Point", "coordinates": [ 32.93333333, 55.83333333 ] } },
{ "type": "Feature", "properties": { "line_id": 91.0, "prov": "Mogilev", "dist": "Mogilev" }, "geometry": { "type": "Point", "coordinates": [ 29.7, 54.0 ] } },
{ "type": "Feature", "properties": { "line_id": 92.0, "prov": "Galicia", "dist": "Sokal" }, "geometry": { "type": "Point", "coordinates": [ 24.01666667, 50.38333333 ] } },
{ "type": "Feature", "properties": { "line_id": 93.0, "prov": "Lublin", "dist": "Lublin" }, "geometry": { "type": "Point", "coordinates": [ 22.28333333, 51.18333333 ] } },
{ "type": "Feature", "properties": { "line_id": 94.0, "prov": "Piotrkow", "dist": "Brzeziny" }, "geometry": { "type": "Point", "coordinates": [ 19.75, 51.58333333 ] } },
{ "type": "Feature", "properties": { "line_id": 95.0, "prov": "Radom", "dist": "Bedzin" }, "geometry": { "type": "Point", "coordinates": [ 19.11666667, 50.33333333 ] } },
{ "type": "Feature", "properties": { "line_id": 96.0, "prov": "Kiev", "dist": "Berdichev" }, "geometry": { "type": "Point", "coordinates": [ 28.58333333, 49.9 ] } },
{ "type": "Feature", "properties": { "line_id": 97.0, "prov": "Volhynia", "dist": "Dubno" }, "geometry": { "type": "Point", "coordinates": [ 25.11666667, 50.35 ] } },
{ "type": "Feature", "properties": { "line_id": 98.0, "prov": "Volhynia", "dist": "Novograd-Volynskii" }, "geometry": { "type": "Point", "coordinates": [ 27.11666667, 50.46666667 ] } },
{ "type": "Feature", "properties": { "line_id": 99.0, "prov": "Minsk", "dist": "Igumen" }, "geometry": { "type": "Point", "coordinates": [ 29.0, 53.85 ] } },
{ "type": "Feature", "properties": { "line_id": 100.0, "prov": "Chernigov", "dist": "Chernigov" }, "geometry": { "type": "Point", "coordinates": [ 31.78333333, 51.56666667 ] } },
{ "type": "Feature", "properties": { "line_id": 101.0, "prov": "Volhynia", "dist": "Rovno" }, "geometry": { "type": "Point", "coordinates": [ 26.75, 51.0 ] } },
{ "type": "Feature", "properties": { "line_id": 102.0, "prov": "Kherson", "dist": "Kherson" }, "geometry": { "type": "Point", "coordinates": [ 32.85, 47.3 ] } },
{ "type": "Feature", "properties": { "line_id": 103.0, "prov": "Volhynia", "dist": "Lutsk" }, "geometry": { "type": "Point", "coordinates": [ 26.46666667, 51.43333333 ] } },
{ "type": "Feature", "properties": { "line_id": 104.0, "prov": "Kherson", "dist": "Ananev" }, "geometry": { "type": "Point", "coordinates": [ 30.91666667, 47.21666667 ] } },
{ "type": "Feature", "properties": { "line_id": 105.0, "prov": "Kherson", "dist": "Kherson" }, "geometry": { "type": "Point", "coordinates": [ 33.41666667, 46.83333333 ] } },
{ "type": "Feature", "properties": { "line_id": 106.0, "prov": "Podolia", "dist": "Olgopol" }, "geometry": { "type": "Point", "coordinates": [ 29.51666667, 48.36666667 ] } },
{ "type": "Feature", "properties": { "line_id": 107.0, "prov": "Vitebsk", "dist": "Lepel" }, "geometry": { "type": "Point", "coordinates": [ 29.46666667, 55.03333333 ] } },
{ "type": "Feature", "properties": { "line_id": 108.0, "prov": "Preussen", "dist": "Miedzyrzecz" }, "geometry": { "type": "Point", "coordinates": [ 15.76666667, 52.46666667 ] } },
{ "type": "Feature", "properties": { "line_id": 109.0, "prov": "Kovno", "dist": "Kovno" }, "geometry": { "type": "Point", "coordinates": [ 23.36666667, 55.36666667 ] } },
{ "type": "Feature", "properties": { "line_id": 110.0, "prov": "Radom", "dist": "Opoczno" }, "geometry": { "type": "Point", "coordinates": [ 20.3, 51.3 ] } },
{ "type": "Feature", "properties": { "line_id": 111.0, "prov": "Siedlce", "dist": "Biala" }, "geometry": { "type": "Point", "coordinates": [ 23.13333333, 52.03333333 ] } },
{ "type": "Feature", "properties": { "line_id": 112.0, "prov": "Piotrkow", "dist": "Rawa" }, "geometry": { "type": "Point", "coordinates": [ 20.48333333, 51.8 ] } },
{ "type": "Feature", "properties": { "line_id": 113.0, "prov": "Radom", "dist": "Radom" }, "geometry": { "type": "Point", "coordinates": [ 20.95, 51.65 ] } },
{ "type": "Feature", "properties": { "line_id": 114.0, "prov": "Radom", "dist": "Kielce" }, "geometry": { "type": "Point", "coordinates": [ 20.55, 50.85 ] } },
{ "type": "Feature", "properties": { "line_id": 115.0, "prov": "Galicia", "dist": "Zloczow" }, "geometry": { "type": "Point", "coordinates": [ 24.83333333, 49.9 ] } },
{ "type": "Feature", "properties": { "line_id": 116.0, "prov": "Grodno", "dist": "Bielostok" }, "geometry": { "type": "Point", "coordinates": [ 23.15, 53.13333333 ] } },
{ "type": "Feature", "properties": { "line_id": 117.0, "prov": "Galicia", "dist": "Gorlice" }, "geometry": { "type": "Point", "coordinates": [ 21.25, 49.73333333 ] } },
{ "type": "Feature", "properties": { "line_id": 118.0, "prov": "Warszawa", "dist": "Lowicz" }, "geometry": { "type": "Point", "coordinates": [ 19.65, 52.06666667 ] } },
{ "type": "Feature", "properties": { "line_id": 119.0, "prov": "Vilna", "dist": "Lida" }, "geometry": { "type": "Point", "coordinates": [ 25.31666667, 53.65 ] } },
{ "type": "Feature", "properties": { "line_id": 120.0, "prov": "Kharkov", "dist": "Sumy" }, "geometry": { "type": "Point", "coordinates": [ 34.3, 51.15 ] } },
{ "type": "Feature", "properties": { "line_id": 121.0, "prov": "Plock", "dist": "Plock" }, "geometry": { "type": "Point", "coordinates": [ 19.8, 52.66666667 ] } },
{ "type": "Feature", "properties": { "line_id": 122.0, "prov": "Galicia", "dist": "Bielsk" }, "geometry": { "type": "Point", "coordinates": [ 19.03333333, 49.81666667 ] } },
{ "type": "Feature", "properties": { "line_id": 123.0, "prov": "Plock", "dist": "Sierpc" }, "geometry": { "type": "Point", "coordinates": [ 19.91666667, 52.96666667 ] } },
{ "type": "Feature", "properties": { "line_id": 124.0, "prov": "Volhynia", "dist": "Zhitomir" }, "geometry": { "type": "Point", "coordinates": [ 27.98333333, 50.28333333 ] } },
{ "type": "Feature", "properties": { "line_id": 125.0, "prov": "Galicia", "dist": "Brody" }, "geometry": { "type": "Point", "coordinates": [ 25.86666667, 48.78333333 ] } },
{ "type": "Feature", "properties": { "line_id": 126.0, "prov": "Lublin", "dist": "Bilgoraj" }, "geometry": { "type": "Point", "coordinates": [ 22.7, 50.55 ] } },
{ "type": "Feature", "properties": { "line_id": 127.0, "prov": "Galicia", "dist": "Dobromil" }, "geometry": { "type": "Point", "coordinates": [ 22.46666667, 49.68333333 ] } },
{ "type": "Feature", "properties": { "line_id": 128.0, "prov": "Kovno", "dist": "Poneviezh" }, "geometry": { "type": "Point", "coordinates": [ 24.75, 56.2 ] } },
{ "type": "Feature", "properties": { "line_id": 129.0, "prov": "Preussen", "dist": "Reszel" }, "geometry": { "type": "Point", "coordinates": [ 20.96666667, 53.86666667 ] } },
{ "type": "Feature", "properties": { "line_id": 130.0, "prov": "Preussen", "dist": "Susz" }, "geometry": { "type": "Point", "coordinates": [ 19.35, 53.5 ] } },
{ "type": "Feature", "properties": { "line_id": 131.0, "prov": "Lublin", "dist": "Lublin" }, "geometry": { "type": "Point", "coordinates": [ 22.95, 51.13333333 ] } },
{ "type": "Feature", "properties": { "line_id": 132.0, "prov": "Kalisz", "dist": "Kalisz" }, "geometry": { "type": "Point", "coordinates": [ 18.45, 51.66666667 ] } },
{ "type": "Feature", "properties": { "line_id": 133.0, "prov": "Warszawa", "dist": "Grojec" }, "geometry": { "type": "Point", "coordinates": [ 20.69638889, 51.77916667 ] } },
{ "type": "Feature", "properties": { "line_id": 134.0, "prov": "Kiev", "dist": "Radomysl" }, "geometry": { "type": "Point", "coordinates": [ 29.55, 51.15 ] } },
{ "type": "Feature", "properties": { "line_id": 135.0, "prov": "Galicia", "dist": "Grybow" }, "geometry": { "type": "Point", "coordinates": [ 20.93333333, 49.7 ] } },
{ "type": "Feature", "properties": { "line_id": 136.0, "prov": "Mogilev", "dist": "Sienno" }, "geometry": { "type": "Point", "coordinates": [ 29.26666667, 54.33333333 ] } },
{ "type": "Feature", "properties": { "line_id": 137.0, "prov": "Kherson", "dist": "Elizavetgrad" }, "geometry": { "type": "Point", "coordinates": [ 32.16666667, 48.05 ] } },
{ "type": "Feature", "properties": { "line_id": 138.0, "prov": "Galicia", "dist": "Bobrka" }, "geometry": { "type": "Point", "coordinates": [ 24.3, 49.63333333 ] } },
{ "type": "Feature", "properties": { "line_id": 139.0, "prov": "Chernigov", "dist": "Kozelets" }, "geometry": { "type": "Point", "coordinates": [ 31.38333333, 50.75 ] } },
{ "type": "Feature", "properties": { "line_id": 140.0, "prov": "Kherson", "dist": "Kherson" }, "geometry": { "type": "Point", "coordinates": [ 32.95, 47.1 ] } },
{ "type": "Feature", "properties": { "line_id": 141.0, "prov": "Lublin", "dist": "Pulawy" }, "geometry": { "type": "Point", "coordinates": [ 21.93333333, 51.56666667 ] } },
{ "type": "Feature", "properties": { "line_id": 142.0, "prov": "Minsk", "dist": "Bobruisk" }, "geometry": { "type": "Point", "coordinates": [ 29.23333333, 53.15 ] } },
{ "type": "Feature", "properties": { "line_id": 143.0, "prov": "Vitebsk", "dist": "Lepel" }, "geometry": { "type": "Point", "coordinates": [ 29.15, 55.01666667 ] } },
{ "type": "Feature", "properties": { "line_id": 144.0, "prov": "Galicia", "dist": "Bochnia" }, "geometry": { "type": "Point", "coordinates": [ 20.43333333, 49.96666667 ] } },
{ "type": "Feature", "properties": { "line_id": 145.0, "prov": "Grodno", "dist": "Bielsk" }, "geometry": { "type": "Point", "coordinates": [ 23.05, 52.65 ] } },
{ "type": "Feature", "properties": { "line_id": 146.0, "prov": "Plock", "dist": "Plock" }, "geometry": { "type": "Point", "coordinates": [ 20.01666667, 52.5 ] } },
{ "type": "Feature", "properties": { "line_id": 147.0, "prov": "Kielce", "dist": "Kielce" }, "geometry": { "type": "Point", "coordinates": [ 20.96666667, 50.95 ] } },
{ "type": "Feature", "properties": { "line_id": 148.0, "prov": "Podolia", "dist": "Balta" }, "geometry": { "type": "Point", "coordinates": [ 30.55, 47.96666667 ] } },
{ "type": "Feature", "properties": { "line_id": 149.0, "prov": "Radom", "dist": "Opatow" }, "geometry": { "type": "Point", "coordinates": [ 21.26666667, 50.66666667 ] } },
{ "type": "Feature", "properties": { "line_id": 150.0, "prov": "Mogilev", "dist": "Orsha" }, "geometry": { "type": "Point", "coordinates": [ 30.2, 54.85 ] } },
{ "type": "Feature", "properties": { "line_id": 151.0, "prov": "Kiev", "dist": "Kanev" }, "geometry": { "type": "Point", "coordinates": [ 30.88333333, 49.55 ] } },
{ "type": "Feature", "properties": { "line_id": 152.0, "prov": "Galicia", "dist": "Bohorodczany" }, "geometry": { "type": "Point", "coordinates": [ 24.53333333, 48.8 ] } },
{ "type": "Feature", "properties": { "line_id": 153.0, "prov": "Kiev", "dist": "Zvenigorodka" }, "geometry": { "type": "Point", "coordinates": [ 30.66666667, 49.33333333 ] } },
{ "type": "Feature", "properties": { "line_id": 154.0, "prov": "Galicia", "dist": "Dolina" }, "geometry": { "type": "Point", "coordinates": [ 23.86666667, 49.06666667 ] } },
{ "type": "Feature", "properties": { "line_id": 155.0, "prov": "Bessarabia", "dist": "Izmail" }, "geometry": { "type": "Point", "coordinates": [ 28.63333333, 45.68333333 ] } },
{ "type": "Feature", "properties": { "line_id": 156.0, "prov": "Warszawa", "dist": "Lowicz" }, "geometry": { "type": "Point", "coordinates": [ 20.16666667, 52.08333333 ] } },
{ "type": "Feature", "properties": { "line_id": 157.0, "prov": "Kherson", "dist": "Ananev" }, "geometry": { "type": "Point", "coordinates": [ 30.6, 47.86666667 ] } },
{ "type": "Feature", "properties": { "line_id": 158.0, "prov": "Kherson", "dist": "Kherson" }, "geometry": { "type": "Point", "coordinates": [ 33.31666667, 47.31666667 ] } },
{ "type": "Feature", "properties": { "line_id": 159.0, "prov": "Kiev", "dist": "Berdichev" }, "geometry": { "type": "Point", "coordinates": [ 28.7, 49.88333333 ] } },
{ "type": "Feature", "properties": { "line_id": 160.0, "prov": "Taurida", "dist": "Berdiansk" }, "geometry": { "type": "Point", "coordinates": [ 35.7, 47.25 ] } },
{ "type": "Feature", "properties": { "line_id": 161.0, "prov": "Galicia", "dist": "Rohatyn" }, "geometry": { "type": "Point", "coordinates": [ 24.75, 49.18333333 ] } },
{ "type": "Feature", "properties": { "line_id": 162.0, "prov": "Volhynia", "dist": "Dubno" }, "geometry": { "type": "Point", "coordinates": [ 25.2, 50.46666667 ] } },
{ "type": "Feature", "properties": { "line_id": 163.0, "prov": "Minsk", "dist": "Borisov" }, "geometry": { "type": "Point", "coordinates": [ 28.48333333, 54.23333333 ] } },
{ "type": "Feature", "properties": { "line_id": 164.0, "prov": "Kiev", "dist": "Kiev" }, "geometry": { "type": "Point", "coordinates": [ 29.98333333, 50.65 ] } },
{ "type": "Feature", "properties": { "line_id": 165.0, "prov": "Podolia", "dist": "Lampol" }, "geometry": { "type": "Point", "coordinates": [ 28.25, 48.51666667 ] } },
{ "type": "Feature", "properties": { "line_id": 166.0, "prov": "Galicia", "dist": "Mielec" }, "geometry": { "type": "Point", "coordinates": [ 21.36666667, 50.38333333 ] } },
{ "type": "Feature", "properties": { "line_id": 167.0, "prov": "Kiev", "dist": "Skvira" }, "geometry": { "type": "Point", "coordinates": [ 29.53333333, 49.48333333 ] } },
{ "type": "Feature", "properties": { "line_id": 168.0, "prov": "Galicia", "dist": "Brody" }, "geometry": { "type": "Point", "coordinates": [ 26.05, 48.8 ] } },
{ "type": "Feature", "properties": { "line_id": 169.0, "prov": "Galicia", "dist": "Turka" }, "geometry": { "type": "Point", "coordinates": [ 23.0, 49.06666667 ] } },
{ "type": "Feature", "properties": { "line_id": 170.0, "prov": "Poltava", "dist": "Pereiaslav" }, "geometry": { "type": "Point", "coordinates": [ 30.95, 50.35 ] } },
{ "type": "Feature", "properties": { "line_id": 171.0, "prov": "Chernigov", "dist": "Borzna" }, "geometry": { "type": "Point", "coordinates": [ 32.43333333, 51.25 ] } },
{ "type": "Feature", "properties": { "line_id": 172.0, "prov": "Minsk", "dist": "Riechitsa" }, "geometry": { "type": "Point", "coordinates": [ 30.26666667, 51.78333333 ] } },
{ "type": "Feature", "properties": { "line_id": 173.0, "prov": "Podolia", "dist": "Vinnitsa" }, "geometry": { "type": "Point", "coordinates": [ 28.16666667, 49.1 ] } },
{ "type": "Feature", "properties": { "line_id": 174.0, "prov": "Lomza", "dist": "Ostrov" }, "geometry": { "type": "Point", "coordinates": [ 21.6, 52.63333333 ] } },
{ "type": "Feature", "properties": { "line_id": 175.0, "prov": "Kovno", "dist": "Novoaleksandrovsk" }, "geometry": { "type": "Point", "coordinates": [ 27.05, 55.63333333 ] } },
{ "type": "Feature", "properties": { "line_id": 176.0, "prov": "Kherson", "dist": "Aleksandriia" }, "geometry": { "type": "Point", "coordinates": [ 32.96666667, 48.21666667 ] } },
{ "type": "Feature", "properties": { "line_id": 177.0, "prov": "Kherson", "dist": "Elizavetgrad" }, "geometry": { "type": "Point", "coordinates": [ 31.58333333, 47.86666667 ] } },
{ "type": "Feature", "properties": { "line_id": 178.0, "prov": "Podolia", "dist": "Bratslav" }, "geometry": { "type": "Point", "coordinates": [ 28.95, 48.83333333 ] } },
{ "type": "Feature", "properties": { "line_id": 179.0, "prov": "Preussen", "dist": "Braniewo" }, "geometry": { "type": "Point", "coordinates": [ 19.83333333, 54.38333333 ] } },
{ "type": "Feature", "properties": { "line_id": 180.0, "prov": "Grodno", "dist": "Brest-Litovsk" }, "geometry": { "type": "Point", "coordinates": [ 23.7, 52.1 ] } },
{ "type": "Feature", "properties": { "line_id": 181.0, "prov": "Ekaterinoslav", "dist": "Slavianoserbsk" }, "geometry": { "type": "Point", "coordinates": [ 38.66666667, 48.5 ] } },
{ "type": "Feature", "properties": { "line_id": 182.0, "prov": "Orel", "dist": "Briansk" }, "geometry": { "type": "Point", "coordinates": [ 34.35, 53.25 ] } },
{ "type": "Feature", "properties": { "line_id": 183.0, "prov": "Bessarabia", "dist": "Khotin" }, "geometry": { "type": "Point", "coordinates": [ 27.08333333, 48.36666667 ] } },
{ "type": "Feature", "properties": { "line_id": 184.0, "prov": "Bessarabia", "dist": "Soroki" }, "geometry": { "type": "Point", "coordinates": [ 27.65, 48.11666667 ] } },
{ "type": "Feature", "properties": { "line_id": 185.0, "prov": "Preussen", "dist": "Brodnica" }, "geometry": { "type": "Point", "coordinates": [ 19.4, 53.25 ] } },
{ "type": "Feature", "properties": { "line_id": 186.0, "prov": "Galicia", "dist": "Brody" }, "geometry": { "type": "Point", "coordinates": [ 25.15, 50.08333333 ] } },
{ "type": "Feature", "properties": { "line_id": 187.0, "prov": "Lomza", "dist": "Ostrov" }, "geometry": { "type": "Point", "coordinates": [ 21.85, 52.7 ] } },
{ "type": "Feature", "properties": { "line_id": 188.0, "prov": "Galicia", "dist": "Dolina" }, "geometry": { "type": "Point", "coordinates": [ 24.18333333, 49.0 ] } },
{ "type": "Feature", "properties": { "line_id": 189.0, "prov": "Chernigov", "dist": "Oster" }, "geometry": { "type": "Point", "coordinates": [ 30.76666667, 50.5 ] } },
{ "type": "Feature", "properties": { "line_id": 190.0, "prov": "Kovno", "dist": "Poneviezh" }, "geometry": { "type": "Point", "coordinates": [ 24.4, 56.36666667 ] } },
{ "type": "Feature", "properties": { "line_id": 191.0, "prov": "Kiev", "dist": "Radomysl" }, "geometry": { "type": "Point", "coordinates": [ 29.53333333, 50.28333333 ] } },
{ "type": "Feature", "properties": { "line_id": 192.0, "prov": "Warszawa", "dist": "Wloclawek" }, "geometry": { "type": "Point", "coordinates": [ 18.9, 52.6 ] } },
{ "type": "Feature", "properties": { "line_id": 193.0, "prov": "Kielce", "dist": "Miechow" }, "geometry": { "type": "Point", "coordinates": [ 20.38333333, 50.13333333 ] } },
{ "type": "Feature", "properties": { "line_id": 194.0, "prov": "Galicia", "dist": "Brzezany" }, "geometry": { "type": "Point", "coordinates": [ 24.93333333, 49.45 ] } },
{ "type": "Feature", "properties": { "line_id": 195.0, "prov": "Galicia", "dist": "Pilzno" }, "geometry": { "type": "Point", "coordinates": [ 21.41666667, 49.88333333 ] } },
{ "type": "Feature", "properties": { "line_id": 196.0, "prov": "Grodno", "dist": "Grodno" }, "geometry": { "type": "Point", "coordinates": [ 24.01666667, 53.2 ] } },
{ "type": "Feature", "properties": { "line_id": 197.0, "prov": "Galicia", "dist": "Bobrka" }, "geometry": { "type": "Point", "coordinates": [ 24.15, 49.45 ] } },
{ "type": "Feature", "properties": { "line_id": 198.0, "prov": "Preussen", "dist": "Pommern" }, "geometry": { "type": "Point", "coordinates": [ 16.6, 53.95 ] } },
{ "type": "Feature", "properties": { "line_id": 199.0, "prov": "Galicia", "dist": "Buczacz" }, "geometry": { "type": "Point", "coordinates": [ 25.4, 49.08333333 ] } },
{ "type": "Feature", "properties": { "line_id": 200.0, "prov": "Mogilev", "dist": "Rogachev" }, "geometry": { "type": "Point", "coordinates": [ 30.56666667, 52.71666667 ] } },
{ "type": "Feature", "properties": { "line_id": 201.0, "prov": "Galicia", "dist": "Czortkow" }, "geometry": { "type": "Point", "coordinates": [ 25.71666667, 49.16666667 ] } },
{ "type": "Feature", "properties": { "line_id": 202.0, "prov": "Lublin", "dist": "Lukow" }, "geometry": { "type": "Point", "coordinates": [ 22.21666667, 51.66666667 ] } },
{ "type": "Feature", "properties": { "line_id": 203.0, "prov": "Preussen", "dist": "Pommern" }, "geometry": { "type": "Point", "coordinates": [ 17.5, 54.16666667 ] } },
{ "type": "Feature", "properties": { "line_id": 204.0, "prov": "Preussen", "dist": "Grodzisk" }, "geometry": { "type": "Point", "coordinates": [ 16.53333333, 52.35 ] } },
{ "type": "Feature", "properties": { "line_id": 205.0, "prov": "Galicia", "dist": "Rohatyn" }, "geometry": { "type": "Point", "coordinates": [ 24.5, 49.25 ] } },
{ "type": "Feature", "properties": { "line_id": 206.0, "prov": "Minsk", "dist": "Mozyr" }, "geometry": { "type": "Point", "coordinates": [ 27.66666667, 51.76666667 ] } },
{ "type": "Feature", "properties": { "line_id": 207.0, "prov": "Kiev", "dist": "Uman" }, "geometry": { "type": "Point", "coordinates": [ 30.41666667, 49.08333333 ] } },
{ "type": "Feature", "properties": { "line_id": 208.0, "prov": "Galicia", "dist": "Sanok" }, "geometry": { "type": "Point", "coordinates": [ 22.06666667, 49.48333333 ] } },
{ "type": "Feature", "properties": { "line_id": 209.0, "prov": "Galicia", "dist": "Trembowla" }, "geometry": { "type": "Point", "coordinates": [ 25.38333333, 49.28333333 ] } },
{ "type": "Feature", "properties": { "line_id": 210.0, "prov": "Galicia", "dist": "Rohatyn" }, "geometry": { "type": "Point", "coordinates": [ 24.63333333, 49.26666667 ] } },
{ "type": "Feature", "properties": { "line_id": 211.0, "prov": "Galicia", "dist": "Kamionka" }, "geometry": { "type": "Point", "coordinates": [ 24.63333333, 49.96666667 ] } },
{ "type": "Feature", "properties": { "line_id": 212.0, "prov": "Kielce", "dist": "Stopnica" }, "geometry": { "type": "Point", "coordinates": [ 20.71666667, 50.46666667 ] } },
{ "type": "Feature", "properties": { "line_id": 213.0, "prov": "Galicia", "dist": "Turka" }, "geometry": { "type": "Point", "coordinates": [ 22.96666667, 48.96666667 ] } },
{ "type": "Feature", "properties": { "line_id": 214.0, "prov": "Vilna", "dist": "Troki" }, "geometry": { "type": "Point", "coordinates": [ 24.25, 54.5 ] } },
{ "type": "Feature", "properties": { "line_id": 215.0, "prov": "Kalisz", "dist": "Sieradz" }, "geometry": { "type": "Point", "coordinates": [ 18.83333333, 51.46666667 ] } },
{ "type": "Feature", "properties": { "line_id": 216.0, "prov": "Kherson", "dist": "Tiraspol" }, "geometry": { "type": "Point", "coordinates": [ 30.48333333, 46.98333333 ] } },
{ "type": "Feature", "properties": { "line_id": 217.0, "prov": "Lublin", "dist": "Lublin" }, "geometry": { "type": "Point", "coordinates": [ 22.53333333, 51.01666667 ] } },
{ "type": "Feature", "properties": { "line_id": 218.0, "prov": "Preussen", "dist": "Bydgoszcz" }, "geometry": { "type": "Point", "coordinates": [ 18.0, 53.15 ] } },
{ "type": "Feature", "properties": { "line_id": 219.0, "prov": "Mogilev", "dist": "Staro-Bykhov" }, "geometry": { "type": "Point", "coordinates": [ 30.25, 53.51666667 ] } },
{ "type": "Feature", "properties": { "line_id": 220.0, "prov": "Kiev", "dist": "Kiev" }, "geometry": { "type": "Point", "coordinates": [ 29.88333333, 50.26666667 ] } },
{ "type": "Feature", "properties": { "line_id": 221.0, "prov": "Vilna", "dist": "Vilnius" }, "geometry": { "type": "Point", "coordinates": [ 25.88333333, 54.8 ] } },
{ "type": "Feature", "properties": { "line_id": 222.0, "prov": "Piotrkow", "dist": "Brzeziny" }, "geometry": { "type": "Point", "coordinates": [ 19.75, 51.8 ] } },
{ "type": "Feature", "properties": { "line_id": 223.0, "prov": "Preussen", "dist": "Pommern" }, "geometry": { "type": "Point", "coordinates": [ 14.78333333, 53.96666667 ] } },
{ "type": "Feature", "properties": { "line_id": 224.0, "prov": "Bessarabia", "dist": "Soroki" }, "geometry": { "type": "Point", "coordinates": [ 28.46666667, 47.75 ] } },
{ "type": "Feature", "properties": { "line_id": 225.0, "prov": "Bessarabia", "dist": "Bendery" }, "geometry": { "type": "Point", "coordinates": [ 29.41666667, 46.65 ] } },
{ "type": "Feature", "properties": { "line_id": 226.0, "prov": "Warszawa", "dist": "Warszawa" }, "geometry": { "type": "Point", "coordinates": [ 21.26666667, 52.23333333 ] } },
{ "type": "Feature", "properties": { "line_id": 227.0, "prov": "Vilna", "dist": "Sventsiany" }, "geometry": { "type": "Point", "coordinates": [ 26.26666667, 55.26666667 ] } },
{ "type": "Feature", "properties": { "line_id": 228.0, "prov": "Kovno", "dist": "Kovno" }, "geometry": { "type": "Point", "coordinates": [ 23.51666667, 55.16666667 ] } },
{ "type": "Feature", "properties": { "line_id": 229.0, "prov": "Bessarabia", "dist": "Khotin" }, "geometry": { "type": "Point", "coordinates": [ 27.3, 48.3 ] } },
{ "type": "Feature", "properties": { "line_id": 230.0, "prov": "Warszawa", "dist": "Plonsk" }, "geometry": { "type": "Point", "coordinates": [ 20.3, 52.4 ] } },
{ "type": "Feature", "properties": { "line_id": 231.0, "prov": "Livland", "dist": "Venden" }, "geometry": { "type": "Point", "coordinates": [ 25.25, 57.3 ] } },
{ "type": "Feature", "properties": { "line_id": 232.0, "prov": "Bessarabia", "dist": "Akkerman" }, "geometry": { "type": "Point", "coordinates": [ 30.35, 46.2 ] } },
{ "type": "Feature", "properties": { "line_id": 233.0, "prov": "Galicia", "dist": "Cieszanow" }, "geometry": { "type": "Point", "coordinates": [ 22.86666667, 50.25 ] } },
{ "type": "Feature", "properties": { "line_id": 234.0, "prov": "Kielce", "dist": "Miechow" }, "geometry": { "type": "Point", "coordinates": [ 19.93333333, 50.41666667 ] } },
{ "type": "Feature", "properties": { "line_id": 235.0, "prov": "Vitebsk", "dist": "Lepel" }, "geometry": { "type": "Point", "coordinates": [ 29.15, 54.86666667 ] } },
{ "type": "Feature", "properties": { "line_id": 236.0, "prov": "Mogilev", "dist": "Chausy" }, "geometry": { "type": "Point", "coordinates": [ 30.98333333, 53.81666667 ] } },
{ "type": "Feature", "properties": { "line_id": 237.0, "prov": "Podolia", "dist": "Olgopol" }, "geometry": { "type": "Point", "coordinates": [ 29.36666667, 48.21666667 ] } },
{ "type": "Feature", "properties": { "line_id": 238.0, "prov": "Mogilev", "dist": "Rogachev" }, "geometry": { "type": "Point", "coordinates": [ 30.91666667, 52.91666667 ] } },
{ "type": "Feature", "properties": { "line_id": 239.0, "prov": "Lublin", "dist": "Chelm" }, "geometry": { "type": "Point", "coordinates": [ 23.5, 51.13333333 ] } },
{ "type": "Feature", "properties": { "line_id": 240.0, "prov": "Preussen", "dist": "Chelmno" }, "geometry": { "type": "Point", "coordinates": [ 18.43333333, 53.35 ] } },
{ "type": "Feature", "properties": { "line_id": 241.0, "prov": "Podolia", "dist": "Kamenets-Podolsk" }, "geometry": { "type": "Point", "coordinates": [ 26.36666667, 49.0 ] } },
{ "type": "Feature", "properties": { "line_id": 242.0, "prov": "Kielce", "dist": "Jedrzejow" }, "geometry": { "type": "Point", "coordinates": [ 20.45, 50.73333333 ] } },
{ "type": "Feature", "properties": { "line_id": 243.0, "prov": "Mogilev", "dist": "Sienno" }, "geometry": { "type": "Point", "coordinates": [ 29.28333333, 54.61666667 ] } },
{ "type": "Feature", "properties": { "line_id": 244.0, "prov": "Mogilev", "dist": "Cherikov" }, "geometry": { "type": "Point", "coordinates": [ 31.38333333, 53.56666667 ] } },
{ "type": "Feature", "properties": { "line_id": 245.0, "prov": "Kiev", "dist": "Cherkasy" }, "geometry": { "type": "Point", "coordinates": [ 32.06666667, 49.43333333 ] } },
{ "type": "Feature", "properties": { "line_id": 246.0, "prov": "Podolia", "dist": "Lampol" }, "geometry": { "type": "Point", "coordinates": [ 28.11666667, 48.53333333 ] } },
{ "type": "Feature", "properties": { "line_id": 247.0, "prov": "Volhynia", "dist": "Zhitomir" }, "geometry": { "type": "Point", "coordinates": [ 28.66666667, 50.45 ] } },
{ "type": "Feature", "properties": { "line_id": 248.0, "prov": "Chernigov", "dist": "Chernigov" }, "geometry": { "type": "Point", "coordinates": [ 31.3, 51.5 ] } },
{ "type": "Feature", "properties": { "line_id": 249.0, "prov": "Kiev", "dist": "Radomysl" }, "geometry": { "type": "Point", "coordinates": [ 30.23333333, 51.26666667 ] } },
{ "type": "Feature", "properties": { "line_id": 250.0, "prov": "Podolia", "dist": "Proskurov" }, "geometry": { "type": "Point", "coordinates": [ 26.75, 49.5 ] } },
{ "type": "Feature", "properties": { "line_id": 251.0, "prov": "Minsk", "dist": "Igumen" }, "geometry": { "type": "Point", "coordinates": [ 28.43333333, 53.7 ] } },
{ "type": "Feature", "properties": { "line_id": 252.0, "prov": "Volhynia", "dist": "Zhitomir" }, "geometry": { "type": "Point", "coordinates": [ 28.86666667, 49.96666667 ] } },
{ "type": "Feature", "properties": { "line_id": 253.0, "prov": "Kiev", "dist": "Chigirin" }, "geometry": { "type": "Point", "coordinates": [ 32.66666667, 49.06666667 ] } },
{ "type": "Feature", "properties": { "line_id": 254.0, "prov": "Bessarabia", "dist": "Kishinev" }, "geometry": { "type": "Point", "coordinates": [ 28.85, 47.0 ] } },
{ "type": "Feature", "properties": { "line_id": 255.0, "prov": "Don Voyska", "dist": "Ust-Medveditskaia" }, "geometry": { "type": "Point", "coordinates": [ 38.58333333, 48.03333333 ] } },
{ "type": "Feature", "properties": { "line_id": 256.0, "prov": "Galicia", "dist": "Rawa" }, "geometry": { "type": "Point", "coordinates": [ 23.96666667, 50.31666667 ] } },
{ "type": "Feature", "properties": { "line_id": 257.0, "prov": "Kielce", "dist": "Stopnica" }, "geometry": { "type": "Point", "coordinates": [ 20.75, 50.63333333 ] } },
{ "type": "Feature", "properties": { "line_id": 258.0, "prov": "Galicia", "dist": "Tlumacz" }, "geometry": { "type": "Point", "coordinates": [ 25.1, 48.75 ] } },
{ "type": "Feature", "properties": { "line_id": 259.0, "prov": "Warszawa", "dist": "Wloclawek" }, "geometry": { "type": "Point", "coordinates": [ 19.03333333, 52.4 ] } },
{ "type": "Feature", "properties": { "line_id": 260.0, "prov": "Lublin", "dist": "Lublin" }, "geometry": { "type": "Point", "coordinates": [ 22.13333333, 51.11666667 ] } },
{ "type": "Feature", "properties": { "line_id": 261.0, "prov": "Galicia", "dist": "Bobrka" }, "geometry": { "type": "Point", "coordinates": [ 24.31666667, 49.4 ] } },
{ "type": "Feature", "properties": { "line_id": 262.0, "prov": "Piotrkow", "dist": "Bedzin" }, "geometry": { "type": "Point", "coordinates": [ 19.1, 50.31666667 ] } },
{ "type": "Feature", "properties": { "line_id": 263.0, "prov": "Preussen", "dist": "Chojnice" }, "geometry": { "type": "Point", "coordinates": [ 17.56666667, 53.7 ] } },
{ "type": "Feature", "properties": { "line_id": 264.0, "prov": "Galicia", "dist": "Kamionka" }, "geometry": { "type": "Point", "coordinates": [ 24.55, 50.23333333 ] } },
{ "type": "Feature", "properties": { "line_id": 265.0, "prov": "Kiev", "dist": "Radomysl" }, "geometry": { "type": "Point", "coordinates": [ 28.95, 50.83333333 ] } },
{ "type": "Feature", "properties": { "line_id": 266.0, "prov": "Galicia", "dist": "Husiatyn" }, "geometry": { "type": "Point", "coordinates": [ 25.91666667, 49.23333333 ] } },
{ "type": "Feature", "properties": { "line_id": 267.0, "prov": "Grodno", "dist": "Bielostok" }, "geometry": { "type": "Point", "coordinates": [ 22.98333333, 53.15 ] } },
{ "type": "Feature", "properties": { "line_id": 268.0, "prov": "Plock", "dist": "Przasnysz" }, "geometry": { "type": "Point", "coordinates": [ 20.9, 53.26666667 ] } },
{ "type": "Feature", "properties": { "line_id": 269.0, "prov": "Preussen", "dist": "Sztum" }, "geometry": { "type": "Point", "coordinates": [ 19.35, 53.93333333 ] } },
{ "type": "Feature", "properties": { "line_id": 270.0, "prov": "Kiev", "dist": "Uman" }, "geometry": { "type": "Point", "coordinates": [ 29.96666667, 48.83333333 ] } },
{ "type": "Feature", "properties": { "line_id": 271.0, "prov": "Lublin", "dist": "Janow" }, "geometry": { "type": "Point", "coordinates": [ 22.61666667, 50.78333333 ] } },
{ "type": "Feature", "properties": { "line_id": 272.0, "prov": "Volhynia", "dist": "Zhitomir" }, "geometry": { "type": "Point", "coordinates": [ 28.11666667, 50.05 ] } },
{ "type": "Feature", "properties": { "line_id": 273.0, "prov": "Chernigov", "dist": "Novozybkov" }, "geometry": { "type": "Point", "coordinates": [ 32.0, 52.16666667 ] } },
{ "type": "Feature", "properties": { "line_id": 274.0, "prov": "Galicia", "dist": "Stare Miasto" }, "geometry": { "type": "Point", "coordinates": [ 22.85, 49.53333333 ] } },
{ "type": "Feature", "properties": { "line_id": 275.0, "prov": "Grodno", "dist": "Bielsk" }, "geometry": { "type": "Point", "coordinates": [ 22.51666667, 52.66666667 ] } },
{ "type": "Feature", "properties": { "line_id": 276.0, "prov": "Warszawa", "dist": "Nieszawa" }, "geometry": { "type": "Point", "coordinates": [ 18.8, 52.86666667 ] } },
{ "type": "Feature", "properties": { "line_id": 277.0, "prov": "Radom", "dist": "Ilza" }, "geometry": { "type": "Point", "coordinates": [ 21.56666667, 51.25 ] } },
{ "type": "Feature", "properties": { "line_id": 278.0, "prov": "Galicia", "dist": "Jaroslaw" }, "geometry": { "type": "Point", "coordinates": [ 22.63333333, 50.25 ] } },
{ "type": "Feature", "properties": { "line_id": 279.0, "prov": "Galicia", "dist": "Cieszanow" }, "geometry": { "type": "Point", "coordinates": [ 23.13333333, 50.23333333 ] } },
{ "type": "Feature", "properties": { "line_id": 280.0, "prov": "Galicia", "dist": "Grybow" }, "geometry": { "type": "Point", "coordinates": [ 20.96666667, 49.78333333 ] } },
{ "type": "Feature", "properties": { "line_id": 281.0, "prov": "Bessarabia", "dist": "Bendery" }, "geometry": { "type": "Point", "coordinates": [ 28.78333333, 46.51666667 ] } },
{ "type": "Feature", "properties": { "line_id": 282.0, "prov": "Galicia", "dist": "Lisko" }, "geometry": { "type": "Point", "coordinates": [ 22.33333333, 49.21666667 ] } },
{ "type": "Feature", "properties": { "line_id": 283.0, "prov": "Radom", "dist": "Opatow" }, "geometry": { "type": "Point", "coordinates": [ 21.51666667, 50.88333333 ] } },
{ "type": "Feature", "properties": { "line_id": 284.0, "prov": "Galicia", "dist": "Krakow" }, "geometry": { "type": "Point", "coordinates": [ 19.91666667, 50.08333333 ] } },
{ "type": "Feature", "properties": { "line_id": 285.0, "prov": "Kiev", "dist": "Lipovets" }, "geometry": { "type": "Point", "coordinates": [ 29.85, 49.06666667 ] } },
{ "type": "Feature", "properties": { "line_id": 286.0, "prov": "Lublin", "dist": "Chelm" }, "geometry": { "type": "Point", "coordinates": [ 23.15, 51.3 ] } },
{ "type": "Feature", "properties": { "line_id": 287.0, "prov": "Galicia", "dist": "Brody" }, "geometry": { "type": "Point", "coordinates": [ 26.1, 48.86666667 ] } },
{ "type": "Feature", "properties": { "line_id": 288.0, "prov": "Grodno", "dist": "Brest-Litovsk" }, "geometry": { "type": "Point", "coordinates": [ 23.73333333, 52.21666667 ] } },
{ "type": "Feature", "properties": { "line_id": 289.0, "prov": "Preussen", "dist": "Czarnkow" }, "geometry": { "type": "Point", "coordinates": [ 16.56666667, 52.9 ] } },
{ "type": "Feature", "properties": { "line_id": 290.0, "prov": "Galicia", "dist": "Nowy Targ" }, "geometry": { "type": "Point", "coordinates": [ 19.86666667, 49.43333333 ] } },
{ "type": "Feature", "properties": { "line_id": 291.0, "prov": "Volhynia", "dist": "Lutsk" }, "geometry": { "type": "Point", "coordinates": [ 25.88333333, 51.21666667 ] } },
{ "type": "Feature", "properties": { "line_id": 292.0, "prov": "Galicia", "dist": "Brzeg" }, "geometry": { "type": "Point", "coordinates": [ 20.68333333, 49.83333333 ] } },
{ "type": "Feature", "properties": { "line_id": 293.0, "prov": "Piotrkow", "dist": "Bedzin" }, "geometry": { "type": "Point", "coordinates": [ 19.1, 50.31666667 ] } },
{ "type": "Feature", "properties": { "line_id": 294.0, "prov": "Lublin", "dist": "Lubartow" }, "geometry": { "type": "Point", "coordinates": [ 22.61666667, 51.68333333 ] } },
{ "type": "Feature", "properties": { "line_id": 295.0, "prov": "Volhynia", "dist": "Kovel" }, "geometry": { "type": "Point", "coordinates": [ 25.01666667, 51.31666667 ] } },
{ "type": "Feature", "properties": { "line_id": 296.0, "prov": "Grodno", "dist": "Brest-Litovsk" }, "geometry": { "type": "Point", "coordinates": [ 24.2, 51.98333333 ] } },
{ "type": "Feature", "properties": { "line_id": 297.0, "prov": "Lomza", "dist": "Ostrolenka" }, "geometry": { "type": "Point", "coordinates": [ 21.75, 52.95 ] } },
{ "type": "Feature", "properties": { "line_id": 298.0, "prov": "Galicia", "dist": "Dolina" }, "geometry": { "type": "Point", "coordinates": [ 23.95, 49.11666667 ] } },
{ "type": "Feature", "properties": { "line_id": 299.0, "prov": "Galicia", "dist": "Czortkow" }, "geometry": { "type": "Point", "coordinates": [ 25.8, 49.01666667 ] } },
{ "type": "Feature", "properties": { "line_id": 300.0, "prov": "Galicia", "dist": "Horodenka" }, "geometry": { "type": "Point", "coordinates": [ 25.28333333, 48.7 ] } },
{ "type": "Feature", "properties": { "line_id": 301.0, "prov": "Galicia", "dist": "Rzeszow" }, "geometry": { "type": "Point", "coordinates": [ 21.83333333, 49.95 ] } },
{ "type": "Feature", "properties": { "line_id": 302.0, "prov": "Lomza", "dist": "Ostrov" }, "geometry": { "type": "Point", "coordinates": [ 22.31666667, 52.8 ] } },
{ "type": "Feature", "properties": { "line_id": 303.0, "prov": "Kovno", "dist": "Vilkomir" }, "geometry": { "type": "Point", "coordinates": [ 25.31666667, 55.58333333 ] } },
{ "type": "Feature", "properties": { "line_id": 304.0, "prov": "Preussen", "dist": "Pommern" }, "geometry": { "type": "Point", "coordinates": [ 15.3, 53.58333333 ] } },
{ "type": "Feature", "properties": { "line_id": 305.0, "prov": "Vitebsk", "dist": "Dvinsk" }, "geometry": { "type": "Point", "coordinates": [ 27.53333333, 56.1 ] } },
{ "type": "Feature", "properties": { "line_id": 306.0, "prov": "Kielce", "dist": "Kielce" }, "geometry": { "type": "Point", "coordinates": [ 20.8, 50.81666667 ] } },
{ "type": "Feature", "properties": { "line_id": 307.0, "prov": "Piotrkow", "dist": "Bedzin" }, "geometry": { "type": "Point", "coordinates": [ 19.18333333, 50.26666667 ] } },
{ "type": "Feature", "properties": { "line_id": 308.0, "prov": "Galicia", "dist": "Trembowla" }, "geometry": { "type": "Point", "coordinates": [ 25.55, 49.3 ] } },
{ "type": "Feature", "properties": { "line_id": 309.0, "prov": "Minsk", "dist": "Bobruisk" }, "geometry": { "type": "Point", "coordinates": [ 28.48333333, 53.18333333 ] } },
{ "type": "Feature", "properties": { "line_id": 310.0, "prov": "Kovno", "dist": "Telshi" }, "geometry": { "type": "Point", "coordinates": [ 21.25, 56.01666667 ] } },
{ "type": "Feature", "properties": { "line_id": 311.0, "prov": "Vilna", "dist": "Troki" }, "geometry": { "type": "Point", "coordinates": [ 24.11666667, 54.73333333 ] } },
{ "type": "Feature", "properties": { "line_id": 312.0, "prov": "Kiev", "dist": "Lipovets" }, "geometry": { "type": "Point", "coordinates": [ 29.45, 49.0 ] } },
{ "type": "Feature", "properties": { "line_id": 313.0, "prov": "Mogilev", "dist": "Staro-Bykhov" }, "geometry": { "type": "Point", "coordinates": [ 30.26666667, 53.73333333 ] } },
{ "type": "Feature", "properties": { "line_id": 314.0, "prov": "Vilna", "dist": "Troki" }, "geometry": { "type": "Point", "coordinates": [ 24.33333333, 54.36666667 ] } },
{ "type": "Feature", "properties": { "line_id": 315.0, "prov": "Vitebsk", "dist": "Dvinsk" }, "geometry": { "type": "Point", "coordinates": [ 26.53333333, 55.88333333 ] } },
{ "type": "Feature", "properties": { "line_id": 316.0, "prov": "Vilna", "dist": "Sventsiany" }, "geometry": { "type": "Point", "coordinates": [ 26.3, 55.36666667 ] } },
{ "type": "Feature", "properties": { "line_id": 317.0, "prov": "Minsk", "dist": "Mozyr" }, "geometry": { "type": "Point", "coordinates": [ 27.21666667, 52.05 ] } },
{ "type": "Feature", "properties": { "line_id": 318.0, "prov": "Vilna", "dist": "Troki" }, "geometry": { "type": "Point", "coordinates": [ 24.8, 54.36666667 ] } },
{ "type": "Feature", "properties": { "line_id": 319.0, "prov": "Minsk", "dist": "Novogrudok" }, "geometry": { "type": "Point", "coordinates": [ 25.98333333, 53.78333333 ] } },
{ "type": "Feature", "properties": { "line_id": 320.0, "prov": "Galicia", "dist": "Nadworna" }, "geometry": { "type": "Point", "coordinates": [ 24.63333333, 48.53333333 ] } },
{ "type": "Feature", "properties": { "line_id": 321.0, "prov": "Galicia", "dist": "Pilzno" }, "geometry": { "type": "Point", "coordinates": [ 21.41666667, 50.05 ] } },
{ "type": "Feature", "properties": { "line_id": 322.0, "prov": "Lublin", "dist": "Pulawy" }, "geometry": { "type": "Point", "coordinates": [ 21.83333333, 51.56666667 ] } },
{ "type": "Feature", "properties": { "line_id": 323.0, "prov": "Smolensk", "dist": "Porieche" }, "geometry": { "type": "Point", "coordinates": [ 31.51666667, 55.26666667 ] } },
{ "type": "Feature", "properties": { "line_id": 324.0, "prov": "Volhynia", "dist": "Dubno" }, "geometry": { "type": "Point", "coordinates": [ 25.33333333, 50.41666667 ] } },
{ "type": "Feature", "properties": { "line_id": 325.0, "prov": "Galicia", "dist": "Sniatyn" }, "geometry": { "type": "Point", "coordinates": [ 25.3, 48.46666667 ] } },
{ "type": "Feature", "properties": { "line_id": 326.0, "prov": "Radom", "dist": "Opatow" }, "geometry": { "type": "Point", "coordinates": [ 21.43333333, 50.93333333 ] } },
{ "type": "Feature", "properties": { "line_id": 327.0, "prov": "Volhynia", "dist": "Rovno" }, "geometry": { "type": "Point", "coordinates": [ 26.05, 50.86666667 ] } },
{ "type": "Feature", "properties": { "line_id": 328.0, "prov": "Podolia", "dist": "Letichev" }, "geometry": { "type": "Point", "coordinates": [ 27.43333333, 49.26666667 ] } },
{ "type": "Feature", "properties": { "line_id": 329.0, "prov": "Vilna", "dist": "Oshmiany" }, "geometry": { "type": "Point", "coordinates": [ 26.56666667, 53.7 ] } },
{ "type": "Feature", "properties": { "line_id": 330.0, "prov": "Preussen", "dist": "Susz" }, "geometry": { "type": "Point", "coordinates": [ 19.56666667, 53.6 ] } },
{ "type": "Feature", "properties": { "line_id": 331.0, "prov": "Preussen", "dist": "Walcz" }, "geometry": { "type": "Point", "coordinates": [ 16.46666667, 53.26666667 ] } },
{ "type": "Feature", "properties": { "line_id": 332.0, "prov": "Orel", "dist": "Briansk" }, "geometry": { "type": "Point", "coordinates": [ 34.33333333, 53.6 ] } },
{ "type": "Feature", "properties": { "line_id": 333.0, "prov": "Volhynia", "dist": "Ovruch" }, "geometry": { "type": "Point", "coordinates": [ 28.83333333, 51.1 ] } },
{ "type": "Feature", "properties": { "line_id": 334.0, "prov": "Kiev", "dist": "Kiev" }, "geometry": { "type": "Point", "coordinates": [ 30.3, 50.78333333 ] } },
{ "type": "Feature", "properties": { "line_id": 335.0, "prov": "Lomza", "dist": "Ostrov" }, "geometry": { "type": "Point", "coordinates": [ 21.6, 52.76666667 ] } },
{ "type": "Feature", "properties": { "line_id": 336.0, "prov": "Chernigov", "dist": "Konotop" }, "geometry": { "type": "Point", "coordinates": [ 32.96666667, 50.93333333 ] } },
{ "type": "Feature", "properties": { "line_id": 337.0, "prov": "Ekaterinoslav", "dist": "Ekaterinoslav" }, "geometry": { "type": "Point", "coordinates": [ 34.61666667, 48.5 ] } },
{ "type": "Feature", "properties": { "line_id": 338.0, "prov": "Ekaterinoslav", "dist": "Ekaterinoslav" }, "geometry": { "type": "Point", "coordinates": [ 34.98333333, 48.45 ] } },
{ "type": "Feature", "properties": { "line_id": 339.0, "prov": "Galicia", "dist": "Wieliczka" }, "geometry": { "type": "Point", "coordinates": [ 20.08333333, 49.86666667 ] } },
{ "type": "Feature", "properties": { "line_id": 340.0, "prov": "Courland", "dist": "Mitava" }, "geometry": { "type": "Point", "coordinates": [ 23.26666667, 56.61666667 ] } },
{ "type": "Feature", "properties": { "line_id": 341.0, "prov": "Kalisz", "dist": "Turek" }, "geometry": { "type": "Point", "coordinates": [ 18.61666667, 51.91666667 ] } },
{ "type": "Feature", "properties": { "line_id": 342.0, "prov": "Galicia", "dist": "Limanowa" }, "geometry": { "type": "Point", "coordinates": [ 20.26666667, 49.71666667 ] } },
{ "type": "Feature", "properties": { "line_id": 343.0, "prov": "Warszawa", "dist": "Radzymin" }, "geometry": { "type": "Point", "coordinates": [ 21.68333333, 52.33333333 ] } },
{ "type": "Feature", "properties": { "line_id": 344.0, "prov": "Chernigov", "dist": "Gorodnia" }, "geometry": { "type": "Point", "coordinates": [ 31.18333333, 52.06666667 ] } },
{ "type": "Feature", "properties": { "line_id": 345.0, "prov": "Kherson", "dist": "Kherson" }, "geometry": { "type": "Point", "coordinates": [ 32.45, 47.31666667 ] } },
{ "type": "Feature", "properties": { "line_id": 346.0, "prov": "Galicia", "dist": "Dobromil" }, "geometry": { "type": "Point", "coordinates": [ 22.78333333, 49.56666667 ] } },
{ "type": "Feature", "properties": { "line_id": 347.0, "prov": "Mogilev", "dist": "Orsha" }, "geometry": { "type": "Point", "coordinates": [ 30.66666667, 54.93333333 ] } },
{ "type": "Feature", "properties": { "line_id": 348.0, "prov": "Galicia", "dist": "Kamionka" }, "geometry": { "type": "Point", "coordinates": [ 24.36666667, 50.23333333 ] } },
{ "type": "Feature", "properties": { "line_id": 349.0, "prov": "Kherson", "dist": "Elizavetgrad" }, "geometry": { "type": "Point", "coordinates": [ 31.18333333, 48.38333333 ] } },
{ "type": "Feature", "properties": { "line_id": 350.0, "prov": "Mogilev", "dist": "Gomel" }, "geometry": { "type": "Point", "coordinates": [ 31.31666667, 52.41666667 ] } },
{ "type": "Feature", "properties": { "line_id": 351.0, "prov": "Taurida", "dist": "Evpatoriia" }, "geometry": { "type": "Point", "coordinates": [ 33.36666667, 45.36666667 ] } },
{ "type": "Feature", "properties": { "line_id": 352.0, "prov": "Plock", "dist": "Lipno" }, "geometry": { "type": "Point", "coordinates": [ 19.33333333, 52.65 ] } },
{ "type": "Feature", "properties": { "line_id": 353.0, "prov": "Minsk", "dist": "Borisov" }, "geometry": { "type": "Point", "coordinates": [ 27.75, 54.9 ] } },
{ "type": "Feature", "properties": { "line_id": 354.0, "prov": "Galicia", "dist": "Drohobycz" }, "geometry": { "type": "Point", "coordinates": [ 23.35, 49.16666667 ] } },
{ "type": "Feature", "properties": { "line_id": 355.0, "prov": "Vilna", "dist": "Vileika" }, "geometry": { "type": "Point", "coordinates": [ 27.48333333, 54.65 ] } },
{ "type": "Feature", "properties": { "line_id": 356.0, "prov": "Galicia", "dist": "Dolina" }, "geometry": { "type": "Point", "coordinates": [ 24.01666667, 48.96666667 ] } },
{ "type": "Feature", "properties": { "line_id": 357.0, "prov": "Galicia", "dist": "Kalusz" }, "geometry": { "type": "Point", "coordinates": [ 24.48333333, 49.16666667 ] } },
{ "type": "Feature", "properties": { "line_id": 358.0, "prov": "Grodno", "dist": "Brest-Litovsk" }, "geometry": { "type": "Point", "coordinates": [ 23.6, 51.75 ] } },
{ "type": "Feature", "properties": { "line_id": 359.0, "prov": "Kherson", "dist": "Ananev" }, "geometry": { "type": "Point", "coordinates": [ 30.98333333, 47.63333333 ] } },
{ "type": "Feature", "properties": { "line_id": 360.0, "prov": "Minsk", "dist": "Bobruisk" }, "geometry": { "type": "Point", "coordinates": [ 29.26666667, 53.03333333 ] } },
{ "type": "Feature", "properties": { "line_id": 361.0, "prov": "Galicia", "dist": "Brzozow" }, "geometry": { "type": "Point", "coordinates": [ 21.95, 49.78333333 ] } },
{ "type": "Feature", "properties": { "line_id": 362.0, "prov": "Kalisz", "dist": "Turek" }, "geometry": { "type": "Point", "coordinates": [ 18.83333333, 52.08333333 ] } },
{ "type": "Feature", "properties": { "line_id": 363.0, "prov": "Grodno", "dist": "Sokolki" }, "geometry": { "type": "Point", "coordinates": [ 23.35, 53.66666667 ] } },
{ "type": "Feature", "properties": { "line_id": 364.0, "prov": "Piotrkow", "dist": "Bedzin" }, "geometry": { "type": "Point", "coordinates": [ 19.2, 50.33333333 ] } },
{ "type": "Feature", "properties": { "line_id": 365.0, "prov": "Volhynia", "dist": "Rovno" }, "geometry": { "type": "Point", "coordinates": [ 26.56666667, 51.56666667 ] } },
{ "type": "Feature", "properties": { "line_id": 366.0, "prov": "Warszawa", "dist": "Kutno" }, "geometry": { "type": "Point", "coordinates": [ 19.1, 52.31666667 ] } },
{ "type": "Feature", "properties": { "line_id": 367.0, "prov": "Don Voyska", "dist": "Taganrog" }, "geometry": { "type": "Point", "coordinates": [ 38.48333333, 47.8 ] } },
{ "type": "Feature", "properties": { "line_id": 368.0, "prov": "Smolensk", "dist": "Dorogobuzh" }, "geometry": { "type": "Point", "coordinates": [ 33.3, 54.91666667 ] } },
{ "type": "Feature", "properties": { "line_id": 369.0, "prov": "Kovno", "dist": "Kovno" }, "geometry": { "type": "Point", "coordinates": [ 23.9, 55.35 ] } },
{ "type": "Feature", "properties": { "line_id": 370.0, "prov": "Volhynia", "dist": "Novograd-Volynskii" }, "geometry": { "type": "Point", "coordinates": [ 27.98333333, 50.36666667 ] } },
{ "type": "Feature", "properties": { "line_id": 371.0, "prov": "Preussen", "dist": "Pommern" }, "geometry": { "type": "Point", "coordinates": [ 15.8, 53.53333333 ] } },
{ "type": "Feature", "properties": { "line_id": 372.0, "prov": "Mogilev", "dist": "Chausy" }, "geometry": { "type": "Point", "coordinates": [ 31.1, 54.11666667 ] } },
{ "type": "Feature", "properties": { "line_id": 373.0, "prov": "Vitebsk", "dist": "Drissa" }, "geometry": { "type": "Point", "coordinates": [ 27.95, 55.78333333 ] } },
{ "type": "Feature", "properties": { "line_id": 374.0, "prov": "Plock", "dist": "Plock" }, "geometry": { "type": "Point", "coordinates": [ 19.98333333, 52.75 ] } },
{ "type": "Feature", "properties": { "line_id": 375.0, "prov": "Grodno", "dist": "Kobrin" }, "geometry": { "type": "Point", "coordinates": [ 25.15, 52.18333333 ] } },
{ "type": "Feature", "properties": { "line_id": 376.0, "prov": "Grodno", "dist": "Bielsk" }, "geometry": { "type": "Point", "coordinates": [ 22.65, 52.4 ] } },
{ "type": "Feature", "properties": { "line_id": 377.0, "prov": "Galicia", "dist": "Drohobycz" }, "geometry": { "type": "Point", "coordinates": [ 23.5, 49.35 ] } },
{ "type": "Feature", "properties": { "line_id": 378.0, "prov": "Vilna", "dist": "Disna" }, "geometry": { "type": "Point", "coordinates": [ 27.45, 55.78333333 ] } },
{ "type": "Feature", "properties": { "line_id": 379.0, "prov": "Kovno", "dist": "Novoaleksandrovsk" }, "geometry": { "type": "Point", "coordinates": [ 27.28333333, 55.73333333 ] } },
{ "type": "Feature", "properties": { "line_id": 380.0, "prov": "Grodno", "dist": "Grodno" }, "geometry": { "type": "Point", "coordinates": [ 23.96666667, 54.01666667 ] } },
{ "type": "Feature", "properties": { "line_id": 381.0, "prov": "Volhynia", "dist": "Vladimir-Volynskii" }, "geometry": { "type": "Point", "coordinates": [ 24.68333333, 50.43333333 ] } },
{ "type": "Feature", "properties": { "line_id": 382.0, "prov": "Ekaterinoslav", "dist": "Bakhmut" }, "geometry": { "type": "Point", "coordinates": [ 37.55, 48.61666667 ] } },
{ "type": "Feature", "properties": { "line_id": 383.0, "prov": "Radom", "dist": "Opoczno" }, "geometry": { "type": "Point", "coordinates": [ 20.48333333, 51.45 ] } },
{ "type": "Feature", "properties": { "line_id": 384.0, "prov": "Volhynia", "dist": "Vladimir-Volynskii" }, "geometry": { "type": "Point", "coordinates": [ 24.36666667, 51.55 ] } },
{ "type": "Feature", "properties": { "line_id": 385.0, "prov": "Galicia", "dist": "Brzozow" }, "geometry": { "type": "Point", "coordinates": [ 22.38333333, 49.81666667 ] } },
{ "type": "Feature", "properties": { "line_id": 386.0, "prov": "Lublin", "dist": "Hrubieszow" }, "geometry": { "type": "Point", "coordinates": [ 23.88333333, 51.05 ] } },
{ "type": "Feature", "properties": { "line_id": 387.0, "prov": "Vilna", "dist": "Vilnius" }, "geometry": { "type": "Point", "coordinates": [ 25.45, 55.06666667 ] } },
{ "type": "Feature", "properties": { "line_id": 388.0, "prov": "Kovno", "dist": "Novoaleksandrovsk" }, "geometry": { "type": "Point", "coordinates": [ 26.95, 55.76666667 ] } },
{ "type": "Feature", "properties": { "line_id": 389.0, "prov": "Volhynia", "dist": "Dubno" }, "geometry": { "type": "Point", "coordinates": [ 25.75, 50.41666667 ] } },
{ "type": "Feature", "properties": { "line_id": 390.0, "prov": "Kherson", "dist": "Tiraspol" }, "geometry": { "type": "Point", "coordinates": [ 29.16666667, 47.26666667 ] } },
{ "type": "Feature", "properties": { "line_id": 391.0, "prov": "Kiev", "dist": "Uman" }, "geometry": { "type": "Point", "coordinates": [ 30.45, 48.63333333 ] } },
{ "type": "Feature", "properties": { "line_id": 392.0, "prov": "Mogilev", "dist": "Gorki" }, "geometry": { "type": "Point", "coordinates": [ 30.68333333, 54.56666667 ] } },
{ "type": "Feature", "properties": { "line_id": 393.0, "prov": "Vilna", "dist": "Lida" }, "geometry": { "type": "Point", "coordinates": [ 25.05, 53.55 ] } },
{ "type": "Feature", "properties": { "line_id": 394.0, "prov": "Smolensk", "dist": "Dukhovshchina" }, "geometry": { "type": "Point", "coordinates": [ 32.4, 55.18333333 ] } },
{ "type": "Feature", "properties": { "line_id": 395.0, "prov": "Galicia", "dist": "Krosno" }, "geometry": { "type": "Point", "coordinates": [ 21.68333333, 49.56666667 ] } },
{ "type": "Feature", "properties": { "line_id": 396.0, "prov": "Minsk", "dist": "Igumen" }, "geometry": { "type": "Point", "coordinates": [ 27.95, 53.66666667 ] } },
{ "type": "Feature", "properties": { "line_id": 397.0, "prov": "Kovno", "dist": "Novoaleksandrovsk" }, "geometry": { "type": "Point", "coordinates": [ 26.33333333, 55.53333333 ] } },
{ "type": "Feature", "properties": { "line_id": 398.0, "prov": "Bessarabia", "dist": "Soroki" }, "geometry": { "type": "Point", "coordinates": [ 28.23333333, 48.05 ] } },
{ "type": "Feature", "properties": { "line_id": 399.0, "prov": "Galicia", "dist": "Przemyslany" }, "geometry": { "type": "Point", "coordinates": [ 24.83333333, 49.61666667 ] } },
{ "type": "Feature", "properties": { "line_id": 400.0, "prov": "Courland", "dist": "Vindava" }, "geometry": { "type": "Point", "coordinates": [ 22.35, 57.51666667 ] } },
{ "type": "Feature", "properties": { "line_id": 401.0, "prov": "Vilna", "dist": "Vileika" }, "geometry": { "type": "Point", "coordinates": [ 27.23333333, 55.06666667 ] } },
{ "type": "Feature", "properties": { "line_id": 402.0, "prov": "Courland", "dist": "Grobin" }, "geometry": { "type": "Point", "coordinates": [ 21.35, 56.58333333 ] } },
{ "type": "Feature", "properties": { "line_id": 403.0, "prov": "Kovno", "dist": "Novoaleksandrovsk" }, "geometry": { "type": "Point", "coordinates": [ 25.85, 55.75 ] } },
{ "type": "Feature", "properties": { "line_id": 404.0, "prov": "Grodno", "dist": "Slonim" }, "geometry": { "type": "Point", "coordinates": [ 25.56666667, 53.4 ] } },
{ "type": "Feature", "properties": { "line_id": 405.0, "prov": "Galicia", "dist": "Brzozow" }, "geometry": { "type": "Point", "coordinates": [ 22.23333333, 49.81666667 ] } },
{ "type": "Feature", "properties": { "line_id": 406.0, "prov": "Minsk", "dist": "Minsk" }, "geometry": { "type": "Point", "coordinates": [ 27.15, 53.68333333 ] } },
{ "type": "Feature", "properties": { "line_id": 407.0, "prov": "Ekaterinoslav", "dist": "Bakhmut" }, "geometry": { "type": "Point", "coordinates": [ 37.83333333, 48.4 ] } },
{ "type": "Feature", "properties": { "line_id": 408.0, "prov": "Taurida", "dist": "Perekop" }, "geometry": { "type": "Point", "coordinates": [ 34.4, 45.71666667 ] } },
{ "type": "Feature", "properties": { "line_id": 409.0, "prov": "Kalisz", "dist": "Wielun" }, "geometry": { "type": "Point", "coordinates": [ 18.86666667, 51.11666667 ] } },
{ "type": "Feature", "properties": { "line_id": 410.0, "prov": "Kielce", "dist": "Pinczow" }, "geometry": { "type": "Point", "coordinates": [ 20.35, 50.36666667 ] } },
{ "type": "Feature", "properties": { "line_id": 411.0, "prov": "Galicia", "dist": "Cieszanow" }, "geometry": { "type": "Point", "coordinates": [ 22.93333333, 50.25 ] } },
{ "type": "Feature", "properties": { "line_id": 412.0, "prov": "Vilna", "dist": "Disna" }, "geometry": { "type": "Point", "coordinates": [ 28.21666667, 55.56666667 ] } },
{ "type": "Feature", "properties": { "line_id": 413.0, "prov": "Kiev", "dist": "Berdichev" }, "geometry": { "type": "Point", "coordinates": [ 29.45, 49.45 ] } },
{ "type": "Feature", "properties": { "line_id": 414.0, "prov": "Podolia", "dist": "Lampol" }, "geometry": { "type": "Point", "coordinates": [ 28.3, 48.68333333 ] } },
{ "type": "Feature", "properties": { "line_id": 415.0, "prov": "Galicia", "dist": "Kolomyja" }, "geometry": { "type": "Point", "coordinates": [ 25.2, 48.63333333 ] } },
{ "type": "Feature", "properties": { "line_id": 416.0, "prov": "Galicia", "dist": "Bobrka" }, "geometry": { "type": "Point", "coordinates": [ 24.25, 49.73333333 ] } },
{ "type": "Feature", "properties": { "line_id": 417.0, "prov": "Podolia", "dist": "Lampol" }, "geometry": { "type": "Point", "coordinates": [ 28.33333333, 48.36666667 ] } },
{ "type": "Feature", "properties": { "line_id": 418.0, "prov": "Bessarabia", "dist": "Khotin" }, "geometry": { "type": "Point", "coordinates": [ 27.3, 48.16666667 ] } },
{ "type": "Feature", "properties": { "line_id": 419.0, "prov": "Courland", "dist": "Illukst" }, "geometry": { "type": "Point", "coordinates": [ 26.13333333, 55.95 ] } },
{ "type": "Feature", "properties": { "line_id": 420.0, "prov": "Vilna", "dist": "Lida" }, "geometry": { "type": "Point", "coordinates": [ 25.0, 54.16666667 ] } },
{ "type": "Feature", "properties": { "line_id": 421.0, "prov": "Preussen", "dist": "Elblag" }, "geometry": { "type": "Point", "coordinates": [ 19.38333333, 54.16666667 ] } },
{ "type": "Feature", "properties": { "line_id": 422.0, "prov": "Smolensk", "dist": "Elnia" }, "geometry": { "type": "Point", "coordinates": [ 33.18333333, 54.56666667 ] } },
{ "type": "Feature", "properties": { "line_id": 423.0, "prov": "Volhynia", "dist": "Novograd-Volynskii" }, "geometry": { "type": "Point", "coordinates": [ 27.8, 50.86666667 ] } },
{ "type": "Feature", "properties": { "line_id": 424.0, "prov": "Kovno", "dist": "Rossieny" }, "geometry": { "type": "Point", "coordinates": [ 22.71666667, 55.26666667 ] } },
{ "type": "Feature", "properties": { "line_id": 425.0, "prov": "Preussen", "dist": "Stolupiany" }, "geometry": { "type": "Point", "coordinates": [ 22.73333333, 54.63333333 ] } },
{ "type": "Feature", "properties": { "line_id": 426.0, "prov": "Warszawa", "dist": "Minsk Mazowiecki" }, "geometry": { "type": "Point", "coordinates": [ 21.23333333, 52.16666667 ] } },
{ "type": "Feature", "properties": { "line_id": 427.0, "prov": "Bessarabia", "dist": "Bieltsy" }, "geometry": { "type": "Point", "coordinates": [ 27.71666667, 47.56666667 ] } },
{ "type": "Feature", "properties": { "line_id": 428.0, "prov": "Preussen", "dist": "Pommern" }, "geometry": { "type": "Point", "coordinates": [ 16.0, 53.53333333 ] } },
{ "type": "Feature", "properties": { "line_id": 429.0, "prov": "Kiev", "dist": "Vasilkov" }, "geometry": { "type": "Point", "coordinates": [ 29.91666667, 50.08333333 ] } },
{ "type": "Feature", "properties": { "line_id": 430.0, "prov": "Podolia", "dist": "Proskurov" }, "geometry": { "type": "Point", "coordinates": [ 26.71666667, 49.31666667 ] } },
{ "type": "Feature", "properties": { "line_id": 431.0, "prov": "Galicia", "dist": "Stare Miasto" }, "geometry": { "type": "Point", "coordinates": [ 22.96666667, 49.53333333 ] } },
{ "type": "Feature", "properties": { "line_id": 432.0, "prov": "Suwalki", "dist": "Suvalki" }, "geometry": { "type": "Point", "coordinates": [ 22.61666667, 54.18333333 ] } },
{ "type": "Feature", "properties": { "line_id": 433.0, "prov": "Lublin", "dist": "Lubartow" }, "geometry": { "type": "Point", "coordinates": [ 22.51666667, 51.55 ] } },
{ "type": "Feature", "properties": { "line_id": 434.0, "prov": "Preussen", "dist": "Zlotow" }, "geometry": { "type": "Point", "coordinates": [ 17.05, 53.35 ] } },
{ "type": "Feature", "properties": { "line_id": 435.0, "prov": "Preussen", "dist": "Bydgoszcz" }, "geometry": { "type": "Point", "coordinates": [ 18.18333333, 53.15 ] } },
{ "type": "Feature", "properties": { "line_id": 436.0, "prov": "Podolia", "dist": "Kamenets-Podolsk" }, "geometry": { "type": "Point", "coordinates": [ 26.75, 49.1 ] } },
{ "type": "Feature", "properties": { "line_id": 437.0, "prov": "Preussen", "dist": "Wschowa" }, "geometry": { "type": "Point", "coordinates": [ 16.31666667, 51.8 ] } },
{ "type": "Feature", "properties": { "line_id": 438.0, "prov": "Taurida", "dist": "Evpatoriia" }, "geometry": { "type": "Point", "coordinates": [ 33.6, 45.43333333 ] } },
{ "type": "Feature", "properties": { "line_id": 439.0, "prov": "Preussen", "dist": "Pommern" }, "geometry": { "type": "Point", "coordinates": [ 15.31666667, 53.45 ] } },
{ "type": "Feature", "properties": { "line_id": 440.0, "prov": "Preussen", "dist": "Susz" }, "geometry": { "type": "Point", "coordinates": [ 19.26666667, 53.6 ] } },
{ "type": "Feature", "properties": { "line_id": 441.0, "prov": "Preussen", "dist": "Frydlad" }, "geometry": { "type": "Point", "coordinates": [ 21.01666667, 54.45 ] } },
{ "type": "Feature", "properties": { "line_id": 442.0, "prov": "Kherson", "dist": "Tiraspol" }, "geometry": { "type": "Point", "coordinates": [ 29.75, 47.33333333 ] } },
{ "type": "Feature", "properties": { "line_id": 443.0, "prov": "Galicia", "dist": "Jaslo" }, "geometry": { "type": "Point", "coordinates": [ 21.61666667, 49.83333333 ] } },
{ "type": "Feature", "properties": { "line_id": 444.0, "prov": "Lomza", "dist": "Lomzha" }, "geometry": { "type": "Point", "coordinates": [ 22.25, 53.08333333 ] } },
{ "type": "Feature", "properties": { "line_id": 445.0, "prov": "Podolia", "dist": "Gaisin" }, "geometry": { "type": "Point", "coordinates": [ 29.85, 48.35 ] } },
{ "type": "Feature", "properties": { "line_id": 446.0, "prov": "Radom", "dist": "Kozienice" }, "geometry": { "type": "Point", "coordinates": [ 21.63333333, 51.48333333 ] } },
{ "type": "Feature", "properties": { "line_id": 447.0, "prov": "Kovno", "dist": "Telshi" }, "geometry": { "type": "Point", "coordinates": [ 21.4, 55.71666667 ] } },
{ "type": "Feature", "properties": { "line_id": 448.0, "prov": "Suwalki", "dist": "Mariampol" }, "geometry": { "type": "Point", "coordinates": [ 23.86666667, 54.81666667 ] } },
{ "type": "Feature", "properties": { "line_id": 449.0, "prov": "Preussen", "dist": "Pommern" }, "geometry": { "type": "Point", "coordinates": [ 14.38333333, 53.2 ] } },
{ "type": "Feature", "properties": { "line_id": 450.0, "prov": "Siedlce", "dist": "Garwolin" }, "geometry": { "type": "Point", "coordinates": [ 21.63333333, 51.9 ] } },
{ "type": "Feature", "properties": { "line_id": 451.0, "prov": "Podolia", "dist": "Gaisin" }, "geometry": { "type": "Point", "coordinates": [ 29.4, 48.8 ] } },
{ "type": "Feature", "properties": { "line_id": 452.0, "prov": "Preussen", "dist": "Gdansk" }, "geometry": { "type": "Point", "coordinates": [ 18.66666667, 54.35 ] } },
{ "type": "Feature", "properties": { "line_id": 453.0, "prov": "Sankt-Peterburg", "dist": "Gdov" }, "geometry": { "type": "Point", "coordinates": [ 27.81666667, 58.73333333 ] } },
{ "type": "Feature", "properties": { "line_id": 454.0, "prov": "Galicia", "dist": "Wieliczka" }, "geometry": { "type": "Point", "coordinates": [ 20.2, 49.91666667 ] } },
{ "type": "Feature", "properties": { "line_id": 455.0, "prov": "Preussen", "dist": "Wejherowo" }, "geometry": { "type": "Point", "coordinates": [ 18.55, 54.5 ] } },
{ "type": "Feature", "properties": { "line_id": 456.0, "prov": "Vilna", "dist": "Vilnius" }, "geometry": { "type": "Point", "coordinates": [ 24.7, 55.06666667 ] } },
{ "type": "Feature", "properties": { "line_id": 457.0, "prov": "Taurida", "dist": "Melitopol" }, "geometry": { "type": "Point", "coordinates": [ 34.76666667, 46.18333333 ] } },
{ "type": "Feature", "properties": { "line_id": 458.0, "prov": "Kiev", "dist": "Kiev" }, "geometry": { "type": "Point", "coordinates": [ 30.56666667, 49.98333333 ] } },
{ "type": "Feature", "properties": { "line_id": 459.0, "prov": "Piotrkow", "dist": "Noworadomsk" }, "geometry": { "type": "Point", "coordinates": [ 19.48333333, 50.96666667 ] } },
{ "type": "Feature", "properties": { "line_id": 460.0, "prov": "Vilna", "dist": "Vilnius" }, "geometry": { "type": "Point", "coordinates": [ 25.28333333, 55.08333333 ] } },
{ "type": "Feature", "properties": { "line_id": 461.0, "prov": "Radom", "dist": "Opoczno" }, "geometry": { "type": "Point", "coordinates": [ 20.48333333, 51.4 ] } },
{ "type": "Feature", "properties": { "line_id": 462.0, "prov": "Preussen", "dist": "Ostroda" }, "geometry": { "type": "Point", "coordinates": [ 20.05, 53.43333333 ] } },
{ "type": "Feature", "properties": { "line_id": 463.0, "prov": "Kovno", "dist": "Rossieny" }, "geometry": { "type": "Point", "coordinates": [ 23.21666667, 55.31666667 ] } },
{ "type": "Feature", "properties": { "line_id": 464.0, "prov": "Galicia", "dist": "Przemyslany" }, "geometry": { "type": "Point", "coordinates": [ 24.51666667, 49.81666667 ] } },
{ "type": "Feature", "properties": { "line_id": 465.0, "prov": "Volhynia", "dist": "Rovno" }, "geometry": { "type": "Point", "coordinates": [ 26.41666667, 50.58333333 ] } },
{ "type": "Feature", "properties": { "line_id": 466.0, "prov": "Galicia", "dist": "Zolkiew" }, "geometry": { "type": "Point", "coordinates": [ 23.9, 50.06666667 ] } },
{ "type": "Feature", "properties": { "line_id": 467.0, "prov": "Galicia", "dist": "Rzeszow" }, "geometry": { "type": "Point", "coordinates": [ 21.96666667, 50.15 ] } },
{ "type": "Feature", "properties": { "line_id": 468.0, "prov": "Radom", "dist": "Kozienice" }, "geometry": { "type": "Point", "coordinates": [ 21.31666667, 51.63333333 ] } },
{ "type": "Feature", "properties": { "line_id": 469.0, "prov": "Piotrkow", "dist": "Brzeziny" }, "geometry": { "type": "Point", "coordinates": [ 19.73333333, 51.96666667 ] } },
{ "type": "Feature", "properties": { "line_id": 470.0, "prov": "Chernigov", "dist": "Glukhov" }, "geometry": { "type": "Point", "coordinates": [ 33.91666667, 51.68333333 ] } },
{ "type": "Feature", "properties": { "line_id": 471.0, "prov": "Lublin", "dist": "Lublin" }, "geometry": { "type": "Point", "coordinates": [ 22.6, 51.18333333 ] } },
{ "type": "Feature", "properties": { "line_id": 472.0, "prov": "Minsk", "dist": "Bobruisk" }, "geometry": { "type": "Point", "coordinates": [ 28.68333333, 52.88333333 ] } },
{ "type": "Feature", "properties": { "line_id": 473.0, "prov": "Radom", "dist": "Kozienice" }, "geometry": { "type": "Point", "coordinates": [ 21.8, 51.46666667 ] } },
{ "type": "Feature", "properties": { "line_id": 474.0, "prov": "Preussen", "dist": "Gniezno" }, "geometry": { "type": "Point", "coordinates": [ 17.6, 52.55 ] } },
{ "type": "Feature", "properties": { "line_id": 475.0, "prov": "Podolia", "dist": "Vinnitsa" }, "geometry": { "type": "Point", "coordinates": [ 28.33333333, 49.1 ] } },
{ "type": "Feature", "properties": { "line_id": 476.0, "prov": "Preussen", "dist": "Wagrowiec" }, "geometry": { "type": "Point", "coordinates": [ 17.3, 52.95 ] } },
{ "type": "Feature", "properties": { "line_id": 477.0, "prov": "Taurida", "dist": "Aleshki" }, "geometry": { "type": "Point", "coordinates": [ 32.53333333, 46.51666667 ] } },
{ "type": "Feature", "properties": { "line_id": 478.0, "prov": "Preussen", "dist": "Goldap" }, "geometry": { "type": "Point", "coordinates": [ 22.3, 54.3 ] } },
{ "type": "Feature", "properties": { "line_id": 479.0, "prov": "Kalisz", "dist": "Konin" }, "geometry": { "type": "Point", "coordinates": [ 18.1, 52.25 ] } },
{ "type": "Feature", "properties": { "line_id": 480.0, "prov": "Preussen", "dist": "Pommern" }, "geometry": { "type": "Point", "coordinates": [ 14.81666667, 53.56666667 ] } },
{ "type": "Feature", "properties": { "line_id": 481.0, "prov": "Galicia", "dist": "Zloczow" }, "geometry": { "type": "Point", "coordinates": [ 24.71666667, 49.75 ] } },
{ "type": "Feature", "properties": { "line_id": 482.0, "prov": "Podolia", "dist": "Balta" }, "geometry": { "type": "Point", "coordinates": [ 30.45, 48.16666667 ] } },
{ "type": "Feature", "properties": { "line_id": 483.0, "prov": "Podolia", "dist": "Balta" }, "geometry": { "type": "Point", "coordinates": [ 30.46666667, 48.38333333 ] } },
{ "type": "Feature", "properties": { "line_id": 484.0, "prov": "Mogilev", "dist": "Mstislavl" }, "geometry": { "type": "Point", "coordinates": [ 29.91666667, 54.06666667 ] } },
{ "type": "Feature", "properties": { "line_id": 485.0, "prov": "Plock", "dist": "Wabrzezno" }, "geometry": { "type": "Point", "coordinates": [ 19.05, 53.11666667 ] } },
{ "type": "Feature", "properties": { "line_id": 486.0, "prov": "Preussen", "dist": "Gabin" }, "geometry": { "type": "Point", "coordinates": [ 22.2, 54.6 ] } },
{ "type": "Feature", "properties": { "line_id": 487.0, "prov": "Mogilev", "dist": "Gomel" }, "geometry": { "type": "Point", "coordinates": [ 30.98333333, 52.43333333 ] } },
{ "type": "Feature", "properties": { "line_id": 488.0, "prov": "Grodno", "dist": "Bielostok" }, "geometry": { "type": "Point", "coordinates": [ 22.75, 53.48333333 ] } },
{ "type": "Feature", "properties": { "line_id": 489.0, "prov": "Lublin", "dist": "Bilgoraj" }, "geometry": { "type": "Point", "coordinates": [ 22.66666667, 50.71666667 ] } },
{ "type": "Feature", "properties": { "line_id": 490.0, "prov": "Warszawa", "dist": "Grojec" }, "geometry": { "type": "Point", "coordinates": [ 21.23333333, 51.98333333 ] } },
{ "type": "Feature", "properties": { "line_id": 491.0, "prov": "Piotrkow", "dist": "Lodz" }, "geometry": { "type": "Point", "coordinates": [ 19.63333333, 51.71666667 ] } },
{ "type": "Feature", "properties": { "line_id": 492.0, "prov": "Ekaterinoslav", "dist": "Aleksandrovsk" }, "geometry": { "type": "Point", "coordinates": [ 36.56666667, 47.73333333 ] } },
{ "type": "Feature", "properties": { "line_id": 493.0, "prov": "Mogilev", "dist": "Gorki" }, "geometry": { "type": "Point", "coordinates": [ 30.98333333, 54.28333333 ] } },
{ "type": "Feature", "properties": { "line_id": 494.0, "prov": "Galicia", "dist": "Gorlice" }, "geometry": { "type": "Point", "coordinates": [ 21.16666667, 49.66666667 ] } },
{ "type": "Feature", "properties": { "line_id": 495.0, "prov": "Ekaterinoslav", "dist": "Bakhmut" }, "geometry": { "type": "Point", "coordinates": [ 38.05, 48.3 ] } },
{ "type": "Feature", "properties": { "line_id": 496.0, "prov": "Kiev", "dist": "Radomysl" }, "geometry": { "type": "Point", "coordinates": [ 30.25, 51.06666667 ] } },
{ "type": "Feature", "properties": { "line_id": 497.0, "prov": "Mogilev", "dist": "Rogachev" }, "geometry": { "type": "Point", "coordinates": [ 30.6, 52.96666667 ] } },
{ "type": "Feature", "properties": { "line_id": 498.0, "prov": "Vitebsk", "dist": "Gorodok" }, "geometry": { "type": "Point", "coordinates": [ 30.0, 55.46666667 ] } },
{ "type": "Feature", "properties": { "line_id": 499.0, "prov": "Podolia", "dist": "Kamenets-Podolsk" }, "geometry": { "type": "Point", "coordinates": [ 26.56666667, 49.16666667 ] } },
{ "type": "Feature", "properties": { "line_id": 500.0, "prov": "Kiev", "dist": "Cherkasy" }, "geometry": { "type": "Point", "coordinates": [ 31.45, 49.28333333 ] } },
{ "type": "Feature", "properties": { "line_id": 501.0, "prov": "Minsk", "dist": "Riechitsa" }, "geometry": { "type": "Point", "coordinates": [ 30.18333333, 52.56666667 ] } },
{ "type": "Feature", "properties": { "line_id": 502.0, "prov": "Mogilev", "dist": "Chausy" }, "geometry": { "type": "Point", "coordinates": [ 31.2, 54.26666667 ] } },
{ "type": "Feature", "properties": { "line_id": 503.0, "prov": "Lublin", "dist": "Krasnystaw" }, "geometry": { "type": "Point", "coordinates": [ 23.01666667, 50.95 ] } },
{ "type": "Feature", "properties": { "line_id": 504.0, "prov": "Vitebsk", "dist": "Dvinsk" }, "geometry": { "type": "Point", "coordinates": [ 25.78333333, 56.61666667 ] } },
{ "type": "Feature", "properties": { "line_id": 505.0, "prov": "Kiev", "dist": "Kiev" }, "geometry": { "type": "Point", "coordinates": [ 30.26666667, 50.58333333 ] } },
{ "type": "Feature", "properties": { "line_id": 506.0, "prov": "Warszawa", "dist": "Gostyn" }, "geometry": { "type": "Point", "coordinates": [ 19.48333333, 52.43333333 ] } },
{ "type": "Feature", "properties": { "line_id": 507.0, "prov": "Warszawa", "dist": "Grojec" }, "geometry": { "type": "Point", "coordinates": [ 20.85, 51.73333333 ] } },
{ "type": "Feature", "properties": { "line_id": 508.0, "prov": "Radom", "dist": "Konskie" }, "geometry": { "type": "Point", "coordinates": [ 20.43333333, 51.28333333 ] } },
{ "type": "Feature", "properties": { "line_id": 509.0, "prov": "Lomza", "dist": "Ostrolenka" }, "geometry": { "type": "Point", "coordinates": [ 21.56666667, 52.9 ] } },
{ "type": "Feature", "properties": { "line_id": 510.0, "prov": "Piotrkow", "dist": "Piotrkow" }, "geometry": { "type": "Point", "coordinates": [ 19.6, 51.21666667 ] } },
{ "type": "Feature", "properties": { "line_id": 511.0, "prov": "Kalisz", "dist": "Leczyca" }, "geometry": { "type": "Point", "coordinates": [ 19.01666667, 52.13333333 ] } },
{ "type": "Feature", "properties": { "line_id": 512.0, "prov": "Galicia", "dist": "Bohorodczany" }, "geometry": { "type": "Point", "coordinates": [ 24.61666667, 48.75 ] } },
{ "type": "Feature", "properties": { "line_id": 513.0, "prov": "Lublin", "dist": "Hrubieszow" }, "geometry": { "type": "Point", "coordinates": [ 23.56666667, 50.83333333 ] } },
{ "type": "Feature", "properties": { "line_id": 514.0, "prov": "Preussen", "dist": "Ostrzeszow" }, "geometry": { "type": "Point", "coordinates": [ 18.11666667, 51.51666667 ] } },
{ "type": "Feature", "properties": { "line_id": 515.0, "prov": "Poltava", "dist": "Kremenchug" }, "geometry": { "type": "Point", "coordinates": [ 33.11666667, 49.21666667 ] } },
{ "type": "Feature", "properties": { "line_id": 516.0, "prov": "Lomza", "dist": "Shchuchin" }, "geometry": { "type": "Point", "coordinates": [ 22.45, 53.65 ] } },
{ "type": "Feature", "properties": { "line_id": 517.0, "prov": "Radom", "dist": "Kozienice" }, "geometry": { "type": "Point", "coordinates": [ 21.81666667, 51.46666667 ] } },
{ "type": "Feature", "properties": { "line_id": 518.0, "prov": "Podolia", "dist": "Gaisin" }, "geometry": { "type": "Point", "coordinates": [ 29.56666667, 48.86666667 ] } },
{ "type": "Feature", "properties": { "line_id": 519.0, "prov": "Kiev", "dist": "Vasilkov" }, "geometry": { "type": "Point", "coordinates": [ 30.2, 49.95 ] } },
{ "type": "Feature", "properties": { "line_id": 520.0, "prov": "Preussen", "dist": "Pommern" }, "geometry": { "type": "Point", "coordinates": [ 14.48333333, 53.25 ] } },
{ "type": "Feature", "properties": { "line_id": 521.0, "prov": "Galicia", "dist": "Tarnobrzeg" }, "geometry": { "type": "Point", "coordinates": [ 21.8743681, 50.5653802 ] } },
{ "type": "Feature", "properties": { "line_id": 522.0, "prov": "Minsk", "dist": "Slutsk" }, "geometry": { "type": "Point", "coordinates": [ 27.48333333, 53.16666667 ] } },
{ "type": "Feature", "properties": { "line_id": 523.0, "prov": "Kherson", "dist": "Tiraspol" }, "geometry": { "type": "Point", "coordinates": [ 29.3, 47.15 ] } },
{ "type": "Feature", "properties": { "line_id": 524.0, "prov": "Kovno", "dist": "Kovno" }, "geometry": { "type": "Point", "coordinates": [ 23.63333333, 55.56666667 ] } },
{ "type": "Feature", "properties": { "line_id": 525.0, "prov": "Suwalki", "dist": "Vladislavov" }, "geometry": { "type": "Point", "coordinates": [ 23.16666667, 54.85 ] } },
{ "type": "Feature", "properties": { "line_id": 526.0, "prov": "Volhynia", "dist": "Zaslavl" }, "geometry": { "type": "Point", "coordinates": [ 27.21666667, 49.96666667 ] } },
{ "type": "Feature", "properties": { "line_id": 527.0, "prov": "Courland", "dist": "Illukst" }, "geometry": { "type": "Point", "coordinates": [ 26.5, 55.85 ] } },
{ "type": "Feature", "properties": { "line_id": 528.0, "prov": "Courland", "dist": "Grobin" }, "geometry": { "type": "Point", "coordinates": [ 21.16666667, 56.55 ] } },
{ "type": "Feature", "properties": { "line_id": 529.0, "prov": "Galicia", "dist": "Grodek" }, "geometry": { "type": "Point", "coordinates": [ 23.65, 49.78333333 ] } },
{ "type": "Feature", "properties": { "line_id": 530.0, "prov": "Grodno", "dist": "Bielostok" }, "geometry": { "type": "Point", "coordinates": [ 23.66666667, 53.1 ] } },
{ "type": "Feature", "properties": { "line_id": 531.0, "prov": "Vilna", "dist": "Vileika" }, "geometry": { "type": "Point", "coordinates": [ 26.91666667, 54.15 ] } },
{ "type": "Feature", "properties": { "line_id": 532.0, "prov": "Grodno", "dist": "Grodno" }, "geometry": { "type": "Point", "coordinates": [ 23.83333333, 53.68333333 ] } },
{ "type": "Feature", "properties": { "line_id": 533.0, "prov": "Piotrkow", "dist": "Bedzin" }, "geometry": { "type": "Point", "coordinates": [ 19.1, 50.35 ] } },
{ "type": "Feature", "properties": { "line_id": 534.0, "prov": "Warszawa", "dist": "Blonie" }, "geometry": { "type": "Point", "coordinates": [ 20.63333333, 52.11666667 ] } },
{ "type": "Feature", "properties": { "line_id": 535.0, "prov": "Preussen", "dist": "Grodzisk" }, "geometry": { "type": "Point", "coordinates": [ 16.36666667, 52.23333333 ] } },
{ "type": "Feature", "properties": { "line_id": 536.0, "prov": "Warszawa", "dist": "Grojec" }, "geometry": { "type": "Point", "coordinates": [ 20.86666667, 51.86666667 ] } },
{ "type": "Feature", "properties": { "line_id": 537.0, "prov": "Piotrkow", "dist": "Piotrkow" }, "geometry": { "type": "Point", "coordinates": [ 19.36666667, 51.33333333 ] } },
{ "type": "Feature", "properties": { "line_id": 538.0, "prov": "Galicia", "dist": "Tarnow" }, "geometry": { "type": "Point", "coordinates": [ 20.96666667, 49.85 ] } },
{ "type": "Feature", "properties": { "line_id": 539.0, "prov": "Kherson", "dist": "Elizavetgrad" }, "geometry": { "type": "Point", "coordinates": [ 32.31666667, 47.9 ] } },
{ "type": "Feature", "properties": { "line_id": 540.0, "prov": "Preussen", "dist": "Ragneta" }, "geometry": { "type": "Point", "coordinates": [ 22.31666667, 54.95 ] } },
{ "type": "Feature", "properties": { "line_id": 541.0, "prov": "Kherson", "dist": "Tiraspol" }, "geometry": { "type": "Point", "coordinates": [ 29.85, 47.08333333 ] } },
{ "type": "Feature", "properties": { "line_id": 542.0, "prov": "Minsk", "dist": "Slutsk" }, "geometry": { "type": "Point", "coordinates": [ 27.33333333, 53.16666667 ] } },
{ "type": "Feature", "properties": { "line_id": 543.0, "prov": "Preussen", "dist": "Grudziadz" }, "geometry": { "type": "Point", "coordinates": [ 18.76666667, 53.48333333 ] } },
{ "type": "Feature", "properties": { "line_id": 544.0, "prov": "Kovno", "dist": "Shavli" }, "geometry": { "type": "Point", "coordinates": [ 23.26666667, 56.1 ] } },
{ "type": "Feature", "properties": { "line_id": 545.0, "prov": "Galicia", "dist": "Grybow" }, "geometry": { "type": "Point", "coordinates": [ 20.95, 49.63333333 ] } },
{ "type": "Feature", "properties": { "line_id": 546.0, "prov": "Galicia", "dist": "Skalat" }, "geometry": { "type": "Point", "coordinates": [ 26.03333333, 49.33333333 ] } },
{ "type": "Feature", "properties": { "line_id": 547.0, "prov": "Suwalki", "dist": "Mariampol" }, "geometry": { "type": "Point", "coordinates": [ 23.6, 54.71666667 ] } },
{ "type": "Feature", "properties": { "line_id": 548.0, "prov": "Preussen", "dist": "Pommern" }, "geometry": { "type": "Point", "coordinates": [ 14.98333333, 53.81666667 ] } },
{ "type": "Feature", "properties": { "line_id": 549.0, "prov": "Ekaterinoslav", "dist": "Aleksandrovsk" }, "geometry": { "type": "Point", "coordinates": [ 36.25, 47.66666667 ] } },
{ "type": "Feature", "properties": { "line_id": 550.0, "prov": "Livland", "dist": "Valk" }, "geometry": { "type": "Point", "coordinates": [ 26.75, 57.18333333 ] } },
{ "type": "Feature", "properties": { "line_id": 551.0, "prov": "Preussen", "dist": "Gabin" }, "geometry": { "type": "Point", "coordinates": [ 22.2, 54.6 ] } },
{ "type": "Feature", "properties": { "line_id": 552.0, "prov": "Mogilev", "dist": "Orsha" }, "geometry": { "type": "Point", "coordinates": [ 31.36666667, 54.73333333 ] } },
{ "type": "Feature", "properties": { "line_id": 553.0, "prov": "Preussen", "dist": "Lidzbark" }, "geometry": { "type": "Point", "coordinates": [ 20.4, 53.98333333 ] } },
{ "type": "Feature", "properties": { "line_id": 554.0, "prov": "Galicia", "dist": "Kolomyja" }, "geometry": { "type": "Point", "coordinates": [ 25.28333333, 48.58333333 ] } },
{ "type": "Feature", "properties": { "line_id": 555.0, "prov": "Smolensk", "dist": "Gzhatsk" }, "geometry": { "type": "Point", "coordinates": [ 35.0, 55.55 ] } },
{ "type": "Feature", "properties": { "line_id": 556.0, "prov": "Grodno", "dist": "Pruzhany" }, "geometry": { "type": "Point", "coordinates": [ 23.58333333, 52.73333333 ] } },
{ "type": "Feature", "properties": { "line_id": 557.0, "prov": "Galicia", "dist": "Stanislawow" }, "geometry": { "type": "Point", "coordinates": [ 24.73333333, 49.11666667 ] } },
{ "type": "Feature", "properties": { "line_id": 558.0, "prov": "Preussen", "dist": "Czluchow" }, "geometry": { "type": "Point", "coordinates": [ 16.93333333, 53.68333333 ] } },
{ "type": "Feature", "properties": { "line_id": 559.0, "prov": "Preussen", "dist": "Lidzbark" }, "geometry": { "type": "Point", "coordinates": [ 20.58333333, 54.13333333 ] } },
{ "type": "Feature", "properties": { "line_id": 560.0, "prov": "Vilna", "dist": "Disna" }, "geometry": { "type": "Point", "coordinates": [ 27.8, 55.4 ] } },
{ "type": "Feature", "properties": { "line_id": 561.0, "prov": "Volhynia", "dist": "Kovel" }, "geometry": { "type": "Point", "coordinates": [ 25.05, 51.81666667 ] } },
{ "type": "Feature", "properties": { "line_id": 562.0, "prov": "Galicia", "dist": "Zydaczow" }, "geometry": { "type": "Point", "coordinates": [ 24.11666667, 49.35 ] } },
{ "type": "Feature", "properties": { "line_id": 563.0, "prov": "Vilna", "dist": "Sventsiany" }, "geometry": { "type": "Point", "coordinates": [ 26.6, 55.15 ] } },
{ "type": "Feature", "properties": { "line_id": 564.0, "prov": "Preussen", "dist": "Ostroda" }, "geometry": { "type": "Point", "coordinates": [ 20.3, 53.58333333 ] } },
{ "type": "Feature", "properties": { "line_id": 565.0, "prov": "Grodno", "dist": "Volkovysk" }, "geometry": { "type": "Point", "coordinates": [ 24.21666667, 53.0 ] } },
{ "type": "Feature", "properties": { "line_id": 566.0, "prov": "Volhynia", "dist": "Kovel" }, "geometry": { "type": "Point", "coordinates": [ 25.01666667, 51.08333333 ] } },
{ "type": "Feature", "properties": { "line_id": 567.0, "prov": "Vilna", "dist": "Oshmiany" }, "geometry": { "type": "Point", "coordinates": [ 26.01666667, 54.25 ] } },
{ "type": "Feature", "properties": { "line_id": 568.0, "prov": "Vilna", "dist": "Disna" }, "geometry": { "type": "Point", "coordinates": [ 27.96666667, 55.11666667 ] } },
{ "type": "Feature", "properties": { "line_id": 569.0, "prov": "Galicia", "dist": "Kalusz" }, "geometry": { "type": "Point", "coordinates": [ 24.25, 49.01666667 ] } },
{ "type": "Feature", "properties": { "line_id": 570.0, "prov": "Grodno", "dist": "Slonim" }, "geometry": { "type": "Point", "coordinates": [ 25.03333333, 53.21666667 ] } },
{ "type": "Feature", "properties": { "line_id": 571.0, "prov": "Volhynia", "dist": "Vladimir-Volynskii" }, "geometry": { "type": "Point", "coordinates": [ 24.76666667, 50.5 ] } },
{ "type": "Feature", "properties": { "line_id": 572.0, "prov": "Grodno", "dist": "Kobrin" }, "geometry": { "type": "Point", "coordinates": [ 24.66666667, 52.2 ] } },
{ "type": "Feature", "properties": { "line_id": 573.0, "prov": "Galicia", "dist": "Horodenka" }, "geometry": { "type": "Point", "coordinates": [ 25.5, 48.66666667 ] } },
{ "type": "Feature", "properties": { "line_id": 574.0, "prov": "Lublin", "dist": "Hrubieszow" }, "geometry": { "type": "Point", "coordinates": [ 24.03333333, 50.88333333 ] } },
{ "type": "Feature", "properties": { "line_id": 575.0, "prov": "Chernigov", "dist": "Gorodnia" }, "geometry": { "type": "Point", "coordinates": [ 31.6, 51.88333333 ] } },
{ "type": "Feature", "properties": { "line_id": 576.0, "prov": "Volhynia", "dist": "Novograd-Volynskii" }, "geometry": { "type": "Point", "coordinates": [ 27.31666667, 50.8 ] } },
{ "type": "Feature", "properties": { "line_id": 577.0, "prov": "Minsk", "dist": "Pinsk" }, "geometry": { "type": "Point", "coordinates": [ 26.5, 51.86666667 ] } },
{ "type": "Feature", "properties": { "line_id": 578.0, "prov": "Minsk", "dist": "Novogrudok" }, "geometry": { "type": "Point", "coordinates": [ 26.0, 53.31666667 ] } },
{ "type": "Feature", "properties": { "line_id": 579.0, "prov": "Volhynia", "dist": "Rovno" }, "geometry": { "type": "Point", "coordinates": [ 26.51666667, 50.65 ] } },
{ "type": "Feature", "properties": { "line_id": 580.0, "prov": "Galicia", "dist": "Cieszanow" }, "geometry": { "type": "Point", "coordinates": [ 23.36666667, 50.18333333 ] } },
{ "type": "Feature", "properties": { "line_id": 581.0, "prov": "Volhynia", "dist": "Ostrog" }, "geometry": { "type": "Point", "coordinates": [ 26.66666667, 50.6 ] } },
{ "type": "Feature", "properties": { "line_id": 582.0, "prov": "Bessarabia", "dist": "Khotin" }, "geometry": { "type": "Point", "coordinates": [ 26.5, 48.48333333 ] } },
{ "type": "Feature", "properties": { "line_id": 583.0, "prov": "Lublin", "dist": "Hrubieszow" }, "geometry": { "type": "Point", "coordinates": [ 23.91666667, 50.8 ] } },
{ "type": "Feature", "properties": { "line_id": 584.0, "prov": "Galicia", "dist": "Jaworow" }, "geometry": { "type": "Point", "coordinates": [ 23.3, 50.08333333 ] } },
{ "type": "Feature", "properties": { "line_id": 585.0, "prov": "Galicia", "dist": "Dobromil" }, "geometry": { "type": "Point", "coordinates": [ 22.78333333, 49.55 ] } },
{ "type": "Feature", "properties": { "line_id": 586.0, "prov": "Volhynia", "dist": "Lutsk" }, "geometry": { "type": "Point", "coordinates": [ 25.21666667, 51.25 ] } },
{ "type": "Feature", "properties": { "line_id": 587.0, "prov": "Galicia", "dist": "Tarnopol" }, "geometry": { "type": "Point", "coordinates": [ 26.21666667, 49.06666667 ] } },
{ "type": "Feature", "properties": { "line_id": 588.0, "prov": "Galicia", "dist": "Mosciska" }, "geometry": { "type": "Point", "coordinates": [ 23.0, 49.71666667 ] } },
{ "type": "Feature", "properties": { "line_id": 589.0, "prov": "Chernigov", "dist": "Borzna" }, "geometry": { "type": "Point", "coordinates": [ 32.4, 50.86666667 ] } },
{ "type": "Feature", "properties": { "line_id": 590.0, "prov": "Vilna", "dist": "Sventsiany" }, "geometry": { "type": "Point", "coordinates": [ 26.16666667, 55.35 ] } },
{ "type": "Feature", "properties": { "line_id": 591.0, "prov": "Volhynia", "dist": "Lutsk" }, "geometry": { "type": "Point", "coordinates": [ 25.8, 50.9 ] } },
{ "type": "Feature", "properties": { "line_id": 592.0, "prov": "Vitebsk", "dist": "Velizh" }, "geometry": { "type": "Point", "coordinates": [ 31.66666667, 55.95 ] } },
{ "type": "Feature", "properties": { "line_id": 593.0, "prov": "Kiev", "dist": "Lipovets" }, "geometry": { "type": "Point", "coordinates": [ 29.2, 49.11666667 ] } },
{ "type": "Feature", "properties": { "line_id": 594.0, "prov": "Vilna", "dist": "Vileika" }, "geometry": { "type": "Point", "coordinates": [ 27.3, 54.41666667 ] } },
{ "type": "Feature", "properties": { "line_id": 595.0, "prov": "Galicia", "dist": "Turka" }, "geometry": { "type": "Point", "coordinates": [ 23.1, 49.08333333 ] } },
{ "type": "Feature", "properties": { "line_id": 596.0, "prov": "Courland", "dist": "Illukst" }, "geometry": { "type": "Point", "coordinates": [ 26.3, 55.96666667 ] } },
{ "type": "Feature", "properties": { "line_id": 597.0, "prov": "Warszawa", "dist": "Sochaczew" }, "geometry": { "type": "Point", "coordinates": [ 20.02944444, 52.34194444 ] } },
{ "type": "Feature", "properties": { "line_id": 598.0, "prov": "Radom", "dist": "Ilza" }, "geometry": { "type": "Point", "coordinates": [ 21.25, 51.16666667 ] } },
{ "type": "Feature", "properties": { "line_id": 599.0, "prov": "Grodno", "dist": "Grodno" }, "geometry": { "type": "Point", "coordinates": [ 23.88333333, 53.45 ] } },
{ "type": "Feature", "properties": { "line_id": 600.0, "prov": "Kherson", "dist": "Kherson" }, "geometry": { "type": "Point", "coordinates": [ 33.25, 47.73333333 ] } },
{ "type": "Feature", "properties": { "line_id": 601.0, "prov": "Piotrkow", "dist": "Rawa" }, "geometry": { "type": "Point", "coordinates": [ 20.21666667, 51.53333333 ] } },
{ "type": "Feature", "properties": { "line_id": 602.0, "prov": "Preussen", "dist": "Inowroclaw" }, "geometry": { "type": "Point", "coordinates": [ 18.26666667, 52.8 ] } },
{ "type": "Feature", "properties": { "line_id": 603.0, "prov": "Preussen", "dist": "Wystruc" }, "geometry": { "type": "Point", "coordinates": [ 21.81666667, 54.63333333 ] } },
{ "type": "Feature", "properties": { "line_id": 604.0, "prov": "Vilna", "dist": "Vilnius" }, "geometry": { "type": "Point", "coordinates": [ 25.55, 55.16666667 ] } },
{ "type": "Feature", "properties": { "line_id": 605.0, "prov": "Bessarabia", "dist": "Izmail" }, "geometry": { "type": "Point", "coordinates": [ 28.83333333, 45.35 ] } },
{ "type": "Feature", "properties": { "line_id": 606.0, "prov": "Kiev", "dist": "Radomysl" }, "geometry": { "type": "Point", "coordinates": [ 29.9, 50.93333333 ] } },
{ "type": "Feature", "properties": { "line_id": 607.0, "prov": "Volhynia", "dist": "Zhitomir" }, "geometry": { "type": "Point", "coordinates": [ 29.05, 50.15 ] } },
{ "type": "Feature", "properties": { "line_id": 608.0, "prov": "Minsk", "dist": "Pinsk" }, "geometry": { "type": "Point", "coordinates": [ 26.08333333, 52.18333333 ] } },
{ "type": "Feature", "properties": { "line_id": 609.0, "prov": "Radom", "dist": "Opatow" }, "geometry": { "type": "Point", "coordinates": [ 21.28333333, 50.73333333 ] } },
{ "type": "Feature", "properties": { "line_id": 610.0, "prov": "Minsk", "dist": "Minsk" }, "geometry": { "type": "Point", "coordinates": [ 26.75, 53.88333333 ] } },
{ "type": "Feature", "properties": { "line_id": 611.0, "prov": "Vilna", "dist": "Oshmiany" }, "geometry": { "type": "Point", "coordinates": [ 25.76666667, 53.93333333 ] } },
{ "type": "Feature", "properties": { "line_id": 612.0, "prov": "Grodno", "dist": "Volkovysk" }, "geometry": { "type": "Point", "coordinates": [ 24.55, 53.1 ] } },
{ "type": "Feature", "properties": { "line_id": 613.0, "prov": "Lublin", "dist": "Zamosc" }, "geometry": { "type": "Point", "coordinates": [ 23.16666667, 50.88333333 ] } },
{ "type": "Feature", "properties": { "line_id": 614.0, "prov": "Kalisz", "dist": "Kolo" }, "geometry": { "type": "Point", "coordinates": [ 18.78333333, 52.41666667 ] } },
{ "type": "Feature", "properties": { "line_id": 615.0, "prov": "Kharkov", "dist": "Izium" }, "geometry": { "type": "Point", "coordinates": [ 37.25, 49.21666667 ] } },
{ "type": "Feature", "properties": { "line_id": 616.0, "prov": "Kherson", "dist": "Elizavetgrad" }, "geometry": { "type": "Point", "coordinates": [ 32.6, 48.01666667 ] } },
{ "type": "Feature", "properties": { "line_id": 617.0, "prov": "Podolia", "dist": "Mogilev" }, "geometry": { "type": "Point", "coordinates": [ 27.73333333, 48.53333333 ] } },
{ "type": "Feature", "properties": { "line_id": 618.0, "prov": "Volhynia", "dist": "Zaslavl" }, "geometry": { "type": "Point", "coordinates": [ 26.8, 50.11666667 ] } },
{ "type": "Feature", "properties": { "line_id": 619.0, "prov": "Lomza", "dist": "Wysokie Mazowieckie" }, "geometry": { "type": "Point", "coordinates": [ 22.36666667, 52.95 ] } },
{ "type": "Feature", "properties": { "line_id": 620.0, "prov": "Warszawa", "dist": "Warszawa" }, "geometry": { "type": "Point", "coordinates": [ 20.93333333, 52.36666667 ] } },
{ "type": "Feature", "properties": { "line_id": 621.0, "prov": "Galicia", "dist": "Kolomyja" }, "geometry": { "type": "Point", "coordinates": [ 24.95, 48.4 ] } },
{ "type": "Feature", "properties": { "line_id": 622.0, "prov": "Galicia", "dist": "Turka" }, "geometry": { "type": "Point", "coordinates": [ 23.08333333, 49.03333333 ] } },
{ "type": "Feature", "properties": { "line_id": 623.0, "prov": "Warszawa", "dist": "Radzymin" }, "geometry": { "type": "Point", "coordinates": [ 21.63333333, 52.46666667 ] } },
{ "type": "Feature", "properties": { "line_id": 624.0, "prov": "Galicia", "dist": "Czortkow" }, "geometry": { "type": "Point", "coordinates": [ 25.73333333, 48.95 ] } },
{ "type": "Feature", "properties": { "line_id": 625.0, "prov": "Grodno", "dist": "Volkovysk" }, "geometry": { "type": "Point", "coordinates": [ 23.9, 53.01666667 ] } },
{ "type": "Feature", "properties": { "line_id": 626.0, "prov": "Galicia", "dist": "Grodek" }, "geometry": { "type": "Point", "coordinates": [ 23.73333333, 49.91666667 ] } },
{ "type": "Feature", "properties": { "line_id": 627.0, "prov": "Galicia", "dist": "Trembowla" }, "geometry": { "type": "Point", "coordinates": [ 25.71666667, 49.21666667 ] } },
{ "type": "Feature", "properties": { "line_id": 628.0, "prov": "Lublin", "dist": "Janow" }, "geometry": { "type": "Point", "coordinates": [ 22.41666667, 50.71666667 ] } },
{ "type": "Feature", "properties": { "line_id": 629.0, "prov": "Grodno", "dist": "Kobrin" }, "geometry": { "type": "Point", "coordinates": [ 25.55, 52.13333333 ] } },
{ "type": "Feature", "properties": { "line_id": 630.0, "prov": "Grodno", "dist": "Sokolki" }, "geometry": { "type": "Point", "coordinates": [ 23.23333333, 53.46666667 ] } },
{ "type": "Feature", "properties": { "line_id": 631.0, "prov": "Preussen", "dist": "Znin" }, "geometry": { "type": "Point", "coordinates": [ 17.5, 52.75 ] } },
{ "type": "Feature", "properties": { "line_id": 632.0, "prov": "Radom", "dist": "Kozienice" }, "geometry": { "type": "Point", "coordinates": [ 21.88333333, 51.33333333 ] } },
{ "type": "Feature", "properties": { "line_id": 633.0, "prov": "Lublin", "dist": "Tomaszow" }, "geometry": { "type": "Point", "coordinates": [ 23.6, 50.41666667 ] } },
{ "type": "Feature", "properties": { "line_id": 634.0, "prov": "Preussen", "dist": "Jarocin" }, "geometry": { "type": "Point", "coordinates": [ 17.51666667, 51.96666667 ] } },
{ "type": "Feature", "properties": { "line_id": 635.0, "prov": "Galicia", "dist": "Jaroslaw" }, "geometry": { "type": "Point", "coordinates": [ 22.68333333, 50.01666667 ] } },
{ "type": "Feature", "properties": { "line_id": 636.0, "prov": "Galicia", "dist": "Lwow" }, "geometry": { "type": "Point", "coordinates": [ 24.3, 49.91666667 ] } },
{ "type": "Feature", "properties": { "line_id": 637.0, "prov": "Galicia", "dist": "Brzozow" }, "geometry": { "type": "Point", "coordinates": [ 21.95, 49.75 ] } },
{ "type": "Feature", "properties": { "line_id": 638.0, "prov": "Galicia", "dist": "Horodenka" }, "geometry": { "type": "Point", "coordinates": [ 25.51666667, 48.63333333 ] } },
{ "type": "Feature", "properties": { "line_id": 639.0, "prov": "Galicia", "dist": "Sanok" }, "geometry": { "type": "Point", "coordinates": [ 21.8, 49.45 ] } },
{ "type": "Feature", "properties": { "line_id": 640.0, "prov": "Galicia", "dist": "Jaslo" }, "geometry": { "type": "Point", "coordinates": [ 21.46666667, 49.75 ] } },
{ "type": "Feature", "properties": { "line_id": 641.0, "prov": "Kiev", "dist": "Kiev" }, "geometry": { "type": "Point", "coordinates": [ 30.01666667, 50.35 ] } },
{ "type": "Feature", "properties": { "line_id": 642.0, "prov": "Preussen", "dist": "Walcz" }, "geometry": { "type": "Point", "coordinates": [ 16.81666667, 53.41666667 ] } },
{ "type": "Feature", "properties": { "line_id": 643.0, "prov": "Courland", "dist": "Fridrikhshtadt" }, "geometry": { "type": "Point", "coordinates": [ 25.08333333, 56.61666667 ] } },
{ "type": "Feature", "properties": { "line_id": 644.0, "prov": "Galicia", "dist": "Dobromil" }, "geometry": { "type": "Point", "coordinates": [ 22.3, 49.71666667 ] } },
{ "type": "Feature", "properties": { "line_id": 645.0, "prov": "Galicia", "dist": "Chrzanow" }, "geometry": { "type": "Point", "coordinates": [ 19.28333333, 50.21666667 ] } },
{ "type": "Feature", "properties": { "line_id": 646.0, "prov": "Galicia", "dist": "Buczacz" }, "geometry": { "type": "Point", "coordinates": [ 25.43333333, 48.96666667 ] } },
{ "type": "Feature", "properties": { "line_id": 647.0, "prov": "Galicia", "dist": "Krosno" }, "geometry": { "type": "Point", "coordinates": [ 21.65, 49.71666667 ] } },
{ "type": "Feature", "properties": { "line_id": 648.0, "prov": "Radom", "dist": "Radom" }, "geometry": { "type": "Point", "coordinates": [ 21.11666667, 51.51666667 ] } },
{ "type": "Feature", "properties": { "line_id": 649.0, "prov": "Courland", "dist": "Fridrikhshtadt" }, "geometry": { "type": "Point", "coordinates": [ 25.85, 56.48333333 ] } },
{ "type": "Feature", "properties": { "line_id": 650.0, "prov": "Suwalki", "dist": "Suvalki" }, "geometry": { "type": "Point", "coordinates": [ 22.91666667, 54.2 ] } },
{ "type": "Feature", "properties": { "line_id": 651.0, "prov": "Kielce", "dist": "Jedrzejow" }, "geometry": { "type": "Point", "coordinates": [ 20.3, 50.63333333 ] } },
{ "type": "Feature", "properties": { "line_id": 652.0, "prov": "Grodno", "dist": "Slonim" }, "geometry": { "type": "Point", "coordinates": [ 25.0, 53.06666667 ] } },
{ "type": "Feature", "properties": { "line_id": 653.0, "prov": "Galicia", "dist": "Zloczow" }, "geometry": { "type": "Point", "coordinates": [ 25.08333333, 49.65 ] } },
{ "type": "Feature", "properties": { "line_id": 654.0, "prov": "Volhynia", "dist": "Vladimir-Volynskii" }, "geometry": { "type": "Point", "coordinates": [ 24.8, 51.01666667 ] } },
{ "type": "Feature", "properties": { "line_id": 655.0, "prov": "Warszawa", "dist": "Warszawa" }, "geometry": { "type": "Point", "coordinates": [ 21.1, 52.08333333 ] } },
{ "type": "Feature", "properties": { "line_id": 656.0, "prov": "Grodno", "dist": "Grodno" }, "geometry": { "type": "Point", "coordinates": [ 24.18333333, 53.71666667 ] } },
{ "type": "Feature", "properties": { "line_id": 657.0, "prov": "Piotrkow", "dist": "Brzeziny" }, "geometry": { "type": "Point", "coordinates": [ 19.96666667, 51.81666667 ] } },
{ "type": "Feature", "properties": { "line_id": 658.0, "prov": "Galicia", "dist": "Nisko" }, "geometry": { "type": "Point", "coordinates": [ 22.15, 50.36666667 ] } },
{ "type": "Feature", "properties": { "line_id": 659.0, "prov": "Galicia", "dist": "Stanislawow" }, "geometry": { "type": "Point", "coordinates": [ 24.78333333, 49.03333333 ] } },
{ "type": "Feature", "properties": { "line_id": 660.0, "prov": "Vilna", "dist": "Troki" }, "geometry": { "type": "Point", "coordinates": [ 24.16666667, 54.6 ] } },
{ "type": "Feature", "properties": { "line_id": 661.0, "prov": "Galicia", "dist": "Pilzno" }, "geometry": { "type": "Point", "coordinates": [ 21.3, 49.86666667 ] } },
{ "type": "Feature", "properties": { "line_id": 662.0, "prov": "Preussen", "dist": "Pisz" }, "geometry": { "type": "Point", "coordinates": [ 21.8, 53.61666667 ] } },
{ "type": "Feature", "properties": { "line_id": 663.0, "prov": "Kovno", "dist": "Kovno" }, "geometry": { "type": "Point", "coordinates": [ 24.28333333, 55.08333333 ] } },
{ "type": "Feature", "properties": { "line_id": 664.0, "prov": "Kovno", "dist": "Poneviezh" }, "geometry": { "type": "Point", "coordinates": [ 24.16666667, 56.03333333 ] } },
{ "type": "Feature", "properties": { "line_id": 665.0, "prov": "Kovno", "dist": "Shavli" }, "geometry": { "type": "Point", "coordinates": [ 23.61666667, 56.23333333 ] } },
{ "type": "Feature", "properties": { "line_id": 666.0, "prov": "Galicia", "dist": "Myslenice" }, "geometry": { "type": "Point", "coordinates": [ 19.83333333, 49.65 ] } },
{ "type": "Feature", "properties": { "line_id": 667.0, "prov": "Lublin", "dist": "Pulawy" }, "geometry": { "type": "Point", "coordinates": [ 21.85, 51.05 ] } },
{ "type": "Feature", "properties": { "line_id": 668.0, "prov": "Kovno", "dist": "Kovno" }, "geometry": { "type": "Point", "coordinates": [ 23.83333333, 55.25 ] } },
{ "type": "Feature", "properties": { "line_id": 669.0, "prov": "Lublin", "dist": "Bilgoraj" }, "geometry": { "type": "Point", "coordinates": [ 23.03333333, 50.46666667 ] } },
{ "type": "Feature", "properties": { "line_id": 670.0, "prov": "Kovno", "dist": "Rossieny" }, "geometry": { "type": "Point", "coordinates": [ 22.76666667, 55.06666667 ] } },
{ "type": "Feature", "properties": { "line_id": 671.0, "prov": "Mogilev", "dist": "Mstislavl" }, "geometry": { "type": "Point", "coordinates": [ 31.46666667, 54.3 ] } },
{ "type": "Feature", "properties": { "line_id": 672.0, "prov": "Lomza", "dist": "Ostrolenka" }, "geometry": { "type": "Point", "coordinates": [ 21.46666667, 53.23333333 ] } },
{ "type": "Feature", "properties": { "line_id": 673.0, "prov": "Kiev", "dist": "Radomysl" }, "geometry": { "type": "Point", "coordinates": [ 29.38333333, 51.23333333 ] } },
{ "type": "Feature", "properties": { "line_id": 674.0, "prov": "Kiev", "dist": "Kiev" }, "geometry": { "type": "Point", "coordinates": [ 30.83333333, 49.85 ] } },
{ "type": "Feature", "properties": { "line_id": 675.0, "prov": "Taurida", "dist": "Aleshki" }, "geometry": { "type": "Point", "coordinates": [ 33.48333333, 46.81666667 ] } },
{ "type": "Feature", "properties": { "line_id": 676.0, "prov": "Vilna", "dist": "Troki" }, "geometry": { "type": "Point", "coordinates": [ 24.45, 54.86666667 ] } },
{ "type": "Feature", "properties": { "line_id": 677.0, "prov": "Kherson", "dist": "Kherson" }, "geometry": { "type": "Point", "coordinates": [ 32.98333333, 47.11666667 ] } },
{ "type": "Feature", "properties": { "line_id": 678.0, "prov": "Minsk", "dist": "Riechitsa" }, "geometry": { "type": "Point", "coordinates": [ 29.33333333, 52.13333333 ] } },
{ "type": "Feature", "properties": { "line_id": 679.0, "prov": "Podolia", "dist": "Vinnitsa" }, "geometry": { "type": "Point", "coordinates": [ 28.53333333, 49.46666667 ] } },
{ "type": "Feature", "properties": { "line_id": 680.0, "prov": "Kalisz", "dist": "Kalisz" }, "geometry": { "type": "Point", "coordinates": [ 18.08333333, 51.75 ] } },
{ "type": "Feature", "properties": { "line_id": 681.0, "prov": "Kalisz", "dist": "Kalisz" }, "geometry": { "type": "Point", "coordinates": [ 18.08333333, 51.75 ] } },
{ "type": "Feature", "properties": { "line_id": 682.0, "prov": "Kherson", "dist": "Elizavetgrad" }, "geometry": { "type": "Point", "coordinates": [ 30.98333333, 48.75 ] } },
{ "type": "Feature", "properties": { "line_id": 683.0, "prov": "Kovno", "dist": "Rossieny" }, "geometry": { "type": "Point", "coordinates": [ 22.45, 55.56666667 ] } },
{ "type": "Feature", "properties": { "line_id": 684.0, "prov": "Podolia", "dist": "Novaia Ushitsa" }, "geometry": { "type": "Point", "coordinates": [ 27.31666667, 48.63333333 ] } },
{ "type": "Feature", "properties": { "line_id": 685.0, "prov": "Warszawa", "dist": "Minsk Mazowiecki" }, "geometry": { "type": "Point", "coordinates": [ 21.76666667, 52.23333333 ] } },
{ "type": "Feature", "properties": { "line_id": 686.0, "prov": "Galicia", "dist": "Kalusz" }, "geometry": { "type": "Point", "coordinates": [ 24.36666667, 49.01666667 ] } },
{ "type": "Feature", "properties": { "line_id": 687.0, "prov": "Suwalki", "dist": "Kalvariia" }, "geometry": { "type": "Point", "coordinates": [ 23.23333333, 54.4 ] } },
{ "type": "Feature", "properties": { "line_id": 689.0, "prov": "Kovno", "dist": "Novoaleksandrovsk" }, "geometry": { "type": "Point", "coordinates": [ 25.5, 55.81666667 ] } },
{ "type": "Feature", "properties": { "line_id": 690.0, "prov": "Vitebsk", "dist": "Lepel" }, "geometry": { "type": "Point", "coordinates": [ 28.88333333, 55.01666667 ] } },
{ "type": "Feature", "properties": { "line_id": 691.0, "prov": "Podolia", "dist": "Kamenets-Podolsk" }, "geometry": { "type": "Point", "coordinates": [ 26.56666667, 48.66666667 ] } },
{ "type": "Feature", "properties": { "line_id": 692.0, "prov": "Podolia", "dist": "Olgopol" }, "geometry": { "type": "Point", "coordinates": [ 28.7, 48.03333333 ] } },
{ "type": "Feature", "properties": { "line_id": 693.0, "prov": "Kiev", "dist": "Cherkasy" }, "geometry": { "type": "Point", "coordinates": [ 32.1, 49.03333333 ] } },
{ "type": "Feature", "properties": { "line_id": 694.0, "prov": "Volhynia", "dist": "Novograd-Volynskii" }, "geometry": { "type": "Point", "coordinates": [ 27.83333333, 50.41666667 ] } },
{ "type": "Feature", "properties": { "line_id": 695.0, "prov": "Galicia", "dist": "Nisko" }, "geometry": { "type": "Point", "coordinates": [ 22.13333333, 50.31666667 ] } },
{ "type": "Feature", "properties": { "line_id": 696.0, "prov": "Siedlce", "dist": "Radzymin" }, "geometry": { "type": "Point", "coordinates": [ 21.55, 52.6 ] } },
{ "type": "Feature", "properties": { "line_id": 697.0, "prov": "Volhynia", "dist": "Kovel" }, "geometry": { "type": "Point", "coordinates": [ 24.96666667, 51.63333333 ] } },
{ "type": "Feature", "properties": { "line_id": 698.0, "prov": "Piotrkow", "dist": "Piotrkow" }, "geometry": { "type": "Point", "coordinates": [ 19.5, 51.21666667 ] } },
{ "type": "Feature", "properties": { "line_id": 699.0, "prov": "Grodno", "dist": "Grodno" }, "geometry": { "type": "Point", "coordinates": [ 24.51666667, 53.55 ] } },
{ "type": "Feature", "properties": { "line_id": 700.0, "prov": "Lublin", "dist": "Lubartow" }, "geometry": { "type": "Point", "coordinates": [ 22.46666667, 51.46666667 ] } },
{ "type": "Feature", "properties": { "line_id": 701.0, "prov": "Galicia", "dist": "Kamionka" }, "geometry": { "type": "Point", "coordinates": [ 24.35, 50.1 ] } },
{ "type": "Feature", "properties": { "line_id": 702.0, "prov": "Piotrkow", "dist": "Czestochowa" }, "geometry": { "type": "Point", "coordinates": [ 19.03333333, 50.91666667 ] } },
{ "type": "Feature", "properties": { "line_id": 703.0, "prov": "Galicia", "dist": "Lancut" }, "geometry": { "type": "Point", "coordinates": [ 22.41666667, 49.98333333 ] } },
{ "type": "Feature", "properties": { "line_id": 704.0, "prov": "Courland", "dist": "Talsen" }, "geometry": { "type": "Point", "coordinates": [ 22.76666667, 57.03333333 ] } },
{ "type": "Feature", "properties": { "line_id": 705.0, "prov": "Kiev", "dist": "Kanev" }, "geometry": { "type": "Point", "coordinates": [ 31.46666667, 49.75 ] } },
{ "type": "Feature", "properties": { "line_id": 706.0, "prov": "Kherson", "dist": "Ananev" }, "geometry": { "type": "Point", "coordinates": [ 31.31666667, 47.53333333 ] } },
{ "type": "Feature", "properties": { "line_id": 707.0, "prov": "Suwalki", "dist": "Seiny" }, "geometry": { "type": "Point", "coordinates": [ 23.65, 54.0 ] } },
{ "type": "Feature", "properties": { "line_id": 708.0, "prov": "Taurida", "dist": "Simferopol" }, "geometry": { "type": "Point", "coordinates": [ 34.6, 45.05 ] } },
{ "type": "Feature", "properties": { "line_id": 709.0, "prov": "Warszawa", "dist": "Minsk Mazowiecki" }, "geometry": { "type": "Point", "coordinates": [ 21.25, 52.08333333 ] } },
{ "type": "Feature", "properties": { "line_id": 710.0, "prov": "Vitebsk", "dist": "Liutsin" }, "geometry": { "type": "Point", "coordinates": [ 27.66666667, 56.78333333 ] } },
{ "type": "Feature", "properties": { "line_id": 711.0, "prov": "Volhynia", "dist": "Kovel" }, "geometry": { "type": "Point", "coordinates": [ 25.35, 51.16666667 ] } },
{ "type": "Feature", "properties": { "line_id": 712.0, "prov": "Volhynia", "dist": "Kremenets" }, "geometry": { "type": "Point", "coordinates": [ 25.88333333, 50.0 ] } },
{ "type": "Feature", "properties": { "line_id": 713.0, "prov": "Kiev", "dist": "Zvenigorodka" }, "geometry": { "type": "Point", "coordinates": [ 30.98333333, 48.93333333 ] } },
{ "type": "Feature", "properties": { "line_id": 714.0, "prov": "Preussen", "dist": "Nizina" }, "geometry": { "type": "Point", "coordinates": [ 21.55, 55.18333333 ] } },
{ "type": "Feature", "properties": { "line_id": 715.0, "prov": "Kovno", "dist": "Kovno" }, "geometry": { "type": "Point", "coordinates": [ 23.9, 54.9 ] } },
{ "type": "Feature", "properties": { "line_id": 716.0, "prov": "Kovno", "dist": "Vilkomir" }, "geometry": { "type": "Point", "coordinates": [ 24.91666667, 55.43333333 ] } },
{ "type": "Feature", "properties": { "line_id": 717.0, "prov": "Galicia", "dist": "Ropczyce" }, "geometry": { "type": "Point", "coordinates": [ 21.73333333, 50.06666667 ] } },
{ "type": "Feature", "properties": { "line_id": 718.0, "prov": "Radom", "dist": "Ilza" }, "geometry": { "type": "Point", "coordinates": [ 21.46666667, 51.28333333 ] } },
{ "type": "Feature", "properties": { "line_id": 719.0, "prov": "Kiev", "dist": "Berdichev" }, "geometry": { "type": "Point", "coordinates": [ 28.83333333, 49.71666667 ] } },
{ "type": "Feature", "properties": { "line_id": 720.0, "prov": "Kielce", "dist": "Pinczow" }, "geometry": { "type": "Point", "coordinates": [ 20.48333333, 50.26666667 ] } },
{ "type": "Feature", "properties": { "line_id": 721.0, "prov": "Lublin", "dist": "Pulawy" }, "geometry": { "type": "Point", "coordinates": [ 21.95, 51.31666667 ] } },
{ "type": "Feature", "properties": { "line_id": 722.0, "prov": "Suwalki", "dist": "Mariampol" }, "geometry": { "type": "Point", "coordinates": [ 23.5, 54.76666667 ] } },
{ "type": "Feature", "properties": { "line_id": 723.0, "prov": "Preussen", "dist": "Szubin" }, "geometry": { "type": "Point", "coordinates": [ 17.48444444, 52.99194444 ] } },
{ "type": "Feature", "properties": { "line_id": 724.0, "prov": "Kovno", "dist": "Kovno" }, "geometry": { "type": "Point", "coordinates": [ 23.96666667, 55.28333333 ] } },
{ "type": "Feature", "properties": { "line_id": 725.0, "prov": "Kovno", "dist": "Rossieny" }, "geometry": { "type": "Point", "coordinates": [ 22.93333333, 55.63333333 ] } },
{ "type": "Feature", "properties": { "line_id": 726.0, "prov": "Galicia", "dist": "Wadowice" }, "geometry": { "type": "Point", "coordinates": [ 19.68333333, 49.86666667 ] } },
{ "type": "Feature", "properties": { "line_id": 727.0, "prov": "Taurida", "dist": "Kerch" }, "geometry": { "type": "Point", "coordinates": [ 36.48333333, 45.35 ] } },
{ "type": "Feature", "properties": { "line_id": 728.0, "prov": "Galicia", "dist": "Biala" }, "geometry": { "type": "Point", "coordinates": [ 19.23333333, 49.88333333 ] } },
{ "type": "Feature", "properties": { "line_id": 729.0, "prov": "Kharkov", "dist": "Kharkov" }, "geometry": { "type": "Point", "coordinates": [ 36.25, 50.0 ] } },
{ "type": "Feature", "properties": { "line_id": 730.0, "prov": "Podolia", "dist": "Gaisin" }, "geometry": { "type": "Point", "coordinates": [ 29.95, 48.3 ] } },
{ "type": "Feature", "properties": { "line_id": 731.0, "prov": "Kherson", "dist": "Kherson" }, "geometry": { "type": "Point", "coordinates": [ 32.6, 46.63333333 ] } },
{ "type": "Feature", "properties": { "line_id": 732.0, "prov": "Mogilev", "dist": "Mstislavl" }, "geometry": { "type": "Point", "coordinates": [ 32.15, 54.18333333 ] } },
{ "type": "Feature", "properties": { "line_id": 733.0, "prov": "Podolia", "dist": "Litin" }, "geometry": { "type": "Point", "coordinates": [ 27.96666667, 49.55 ] } },
{ "type": "Feature", "properties": { "line_id": 734.0, "prov": "Volhynia", "dist": "Ovruch" }, "geometry": { "type": "Point", "coordinates": [ 28.8, 50.98333333 ] } },
{ "type": "Feature", "properties": { "line_id": 735.0, "prov": "Kiev", "dist": "Skvira" }, "geometry": { "type": "Point", "coordinates": [ 29.3, 50.1 ] } },
{ "type": "Feature", "properties": { "line_id": 736.0, "prov": "Minsk", "dist": "Riechitsa" }, "geometry": { "type": "Point", "coordinates": [ 29.96666667, 51.9 ] } },
{ "type": "Feature", "properties": { "line_id": 737.0, "prov": "Minsk", "dist": "Riechitsa" }, "geometry": { "type": "Point", "coordinates": [ 30.63333333, 52.15 ] } },
{ "type": "Feature", "properties": { "line_id": 738.0, "prov": "Minsk", "dist": "Borisov" }, "geometry": { "type": "Point", "coordinates": [ 28.96666667, 54.51666667 ] } },
{ "type": "Feature", "properties": { "line_id": 739.0, "prov": "Poltava", "dist": "Khorol" }, "geometry": { "type": "Point", "coordinates": [ 33.28333333, 49.78333333 ] } },
{ "type": "Feature", "properties": { "line_id": 740.0, "prov": "Mogilev", "dist": "Klimovichi" }, "geometry": { "type": "Point", "coordinates": [ 32.58333333, 53.41666667 ] } },
{ "type": "Feature", "properties": { "line_id": 741.0, "prov": "Mogilev", "dist": "Klimovichi" }, "geometry": { "type": "Point", "coordinates": [ 32.0, 53.73333333 ] } },
{ "type": "Feature", "properties": { "line_id": 742.0, "prov": "Podolia", "dist": "Gaisin" }, "geometry": { "type": "Point", "coordinates": [ 29.56666667, 48.71666667 ] } },
{ "type": "Feature", "properties": { "line_id": 743.0, "prov": "Kielce", "dist": "Kielce" }, "geometry": { "type": "Point", "coordinates": [ 20.66666667, 50.83333333 ] } },
{ "type": "Feature", "properties": { "line_id": 744.0, "prov": "Piotrkow", "dist": "Wielun" }, "geometry": { "type": "Point", "coordinates": [ 18.98333333, 51.23333333 ] } },
{ "type": "Feature", "properties": { "line_id": 745.0, "prov": "Vilna", "dist": "Sventsiany" }, "geometry": { "type": "Point", "coordinates": [ 25.88333333, 54.85 ] } },
{ "type": "Feature", "properties": { "line_id": 746.0, "prov": "Warszawa", "dist": "Gostyn" }, "geometry": { "type": "Point", "coordinates": [ 19.86666667, 52.26666667 ] } },
{ "type": "Feature", "properties": { "line_id": 747.0, "prov": "Kiev", "dist": "Kiev" }, "geometry": { "type": "Point", "coordinates": [ 30.51666667, 50.43333333 ] } },
{ "type": "Feature", "properties": { "line_id": 748.0, "prov": "Plock", "dist": "Lipno" }, "geometry": { "type": "Point", "coordinates": [ 19.11666667, 52.9 ] } },
{ "type": "Feature", "properties": { "line_id": 749.0, "prov": "Volhynia", "dist": "Ostrog" }, "geometry": { "type": "Point", "coordinates": [ 27.05, 50.53333333 ] } },
{ "type": "Feature", "properties": { "line_id": 750.0, "prov": "Kherson", "dist": "Elizavetgrad" }, "geometry": { "type": "Point", "coordinates": [ 32.26666667, 48.5 ] } },
{ "type": "Feature", "properties": { "line_id": 751.0, "prov": "Volhynia", "dist": "Vladimir-Volynskii" }, "geometry": { "type": "Point", "coordinates": [ 24.81666667, 50.86666667 ] } },
{ "type": "Feature", "properties": { "line_id": 752.0, "prov": "Kiev", "dist": "Lipovets" }, "geometry": { "type": "Point", "coordinates": [ 29.5, 48.96666667 ] } },
{ "type": "Feature", "properties": { "line_id": 753.0, "prov": "Podolia", "dist": "Novaia Ushitsa" }, "geometry": { "type": "Point", "coordinates": [ 26.8, 48.65 ] } },
{ "type": "Feature", "properties": { "line_id": 754.0, "prov": "Volhynia", "dist": "Lutsk" }, "geometry": { "type": "Point", "coordinates": [ 25.46666667, 50.83333333 ] } },
{ "type": "Feature", "properties": { "line_id": 755.0, "prov": "Minsk", "dist": "Slutsk" }, "geometry": { "type": "Point", "coordinates": [ 26.63333333, 53.06666667 ] } },
{ "type": "Feature", "properties": { "line_id": 756.0, "prov": "Volhynia", "dist": "Rovno" }, "geometry": { "type": "Point", "coordinates": [ 26.93333333, 51.33333333 ] } },
{ "type": "Feature", "properties": { "line_id": 757.0, "prov": "Volhynia", "dist": "Rovno" }, "geometry": { "type": "Point", "coordinates": [ 25.98333333, 50.75 ] } },
{ "type": "Feature", "properties": { "line_id": 758.0, "prov": "Radom", "dist": "Sandomierz" }, "geometry": { "type": "Point", "coordinates": [ 21.45, 50.66666667 ] } },
{ "type": "Feature", "properties": { "line_id": 759.0, "prov": "Mogilev", "dist": "Klimovichi" }, "geometry": { "type": "Point", "coordinates": [ 31.95, 53.61666667 ] } },
{ "type": "Feature", "properties": { "line_id": 760.0, "prov": "Chernigov", "dist": "Novozybkov" }, "geometry": { "type": "Point", "coordinates": [ 32.18333333, 52.38333333 ] } },
{ "type": "Feature", "properties": { "line_id": 761.0, "prov": "Siedlce", "dist": "Radzyn" }, "geometry": { "type": "Point", "coordinates": [ 22.93333333, 51.8 ] } },
{ "type": "Feature", "properties": { "line_id": 762.0, "prov": "Galicia", "dist": "Rohatyn" }, "geometry": { "type": "Point", "coordinates": [ 24.46666667, 49.38333333 ] } },
{ "type": "Feature", "properties": { "line_id": 763.0, "prov": "Grodno", "dist": "Kobrin" }, "geometry": { "type": "Point", "coordinates": [ 24.36666667, 52.21666667 ] } },
{ "type": "Feature", "properties": { "line_id": 764.0, "prov": "Preussen", "dist": "Krotoszyn" }, "geometry": { "type": "Point", "coordinates": [ 17.23333333, 51.71666667 ] } },
{ "type": "Feature", "properties": { "line_id": 765.0, "prov": "Vilna", "dist": "Sventsiany" }, "geometry": { "type": "Point", "coordinates": [ 26.68333333, 54.93333333 ] } },
{ "type": "Feature", "properties": { "line_id": 766.0, "prov": "Siedlce", "dist": "Lukow" }, "geometry": { "type": "Point", "coordinates": [ 22.45, 51.63333333 ] } },
{ "type": "Feature", "properties": { "line_id": 767.0, "prov": "Siedlce", "dist": "Biala" }, "geometry": { "type": "Point", "coordinates": [ 23.6, 51.9 ] } },
{ "type": "Feature", "properties": { "line_id": 768.0, "prov": "Volhynia", "dist": "Zhitomir" }, "geometry": { "type": "Point", "coordinates": [ 28.71666667, 50.08333333 ] } },
{ "type": "Feature", "properties": { "line_id": 769.0, "prov": "Podolia", "dist": "Balta" }, "geometry": { "type": "Point", "coordinates": [ 29.11666667, 48.1 ] } },
{ "type": "Feature", "properties": { "line_id": 770.0, "prov": "Preussen", "dist": "Krolewiec" }, "geometry": { "type": "Point", "coordinates": [ 20.5, 54.71666667 ] } },
{ "type": "Feature", "properties": { "line_id": 771.0, "prov": "Preussen", "dist": "Pommern" }, "geometry": { "type": "Point", "coordinates": [ 16.18333333, 54.2 ] } },
{ "type": "Feature", "properties": { "line_id": 772.0, "prov": "Mogilev", "dist": "Orsha" }, "geometry": { "type": "Point", "coordinates": [ 29.98333333, 54.46666667 ] } },
{ "type": "Feature", "properties": { "line_id": 773.0, "prov": "Livland", "dist": "Riga" }, "geometry": { "type": "Point", "coordinates": [ 25.43333333, 56.65 ] } },
{ "type": "Feature", "properties": { "line_id": 774.0, "prov": "Galicia", "dist": "Jaslo" }, "geometry": { "type": "Point", "coordinates": [ 21.43333333, 49.81666667 ] } },
{ "type": "Feature", "properties": { "line_id": 775.0, "prov": "Preussen", "dist": "Pommern" }, "geometry": { "type": "Point", "coordinates": [ 15.58333333, 54.18333333 ] } },
{ "type": "Feature", "properties": { "line_id": 776.0, "prov": "Warszawa", "dist": "Minsk Mazowiecki" }, "geometry": { "type": "Point", "coordinates": [ 21.48333333, 52.06666667 ] } },
{ "type": "Feature", "properties": { "line_id": 777.0, "prov": "Galicia", "dist": "Kolbuszowa" }, "geometry": { "type": "Point", "coordinates": [ 21.76666667, 50.25 ] } },
{ "type": "Feature", "properties": { "line_id": 778.0, "prov": "Volhynia", "dist": "Lutsk" }, "geometry": { "type": "Point", "coordinates": [ 25.66666667, 51.1 ] } },
{ "type": "Feature", "properties": { "line_id": 779.0, "prov": "Lomza", "dist": "Kolno" }, "geometry": { "type": "Point", "coordinates": [ 21.93333333, 53.41666667 ] } },
{ "type": "Feature", "properties": { "line_id": 780.0, "prov": "Kalisz", "dist": "Kolo" }, "geometry": { "type": "Point", "coordinates": [ 18.61666667, 52.18333333 ] } },
{ "type": "Feature", "properties": { "line_id": 781.0, "prov": "Galicia", "dist": "Kolomyja" }, "geometry": { "type": "Point", "coordinates": [ 25.03333333, 48.53333333 ] } },
{ "type": "Feature", "properties": { "line_id": 782.0, "prov": "Vilna", "dist": "Sventsiany" }, "geometry": { "type": "Point", "coordinates": [ 26.0, 55.26666667 ] } },
{ "type": "Feature", "properties": { "line_id": 783.0, "prov": "Piotrkow", "dist": "Lask" }, "geometry": { "type": "Point", "coordinates": [ 19.18333333, 51.6 ] } },
{ "type": "Feature", "properties": { "line_id": 784.0, "prov": "Vitebsk", "dist": "Vitebsk" }, "geometry": { "type": "Point", "coordinates": [ 30.96666667, 55.16666667 ] } },
{ "type": "Feature", "properties": { "line_id": 785.0, "prov": "Podolia", "dist": "Lampol" }, "geometry": { "type": "Point", "coordinates": [ 28.61666667, 48.53333333 ] } },
{ "type": "Feature", "properties": { "line_id": 786.0, "prov": "Minsk", "dist": "Riechitsa" }, "geometry": { "type": "Point", "coordinates": [ 30.56666667, 51.43333333 ] } },
{ "type": "Feature", "properties": { "line_id": 787.0, "prov": "Galicia", "dist": "Rudki" }, "geometry": { "type": "Point", "coordinates": [ 23.7, 49.63333333 ] } },
{ "type": "Feature", "properties": { "line_id": 788.0, "prov": "Lublin", "dist": "Wlodawa" }, "geometry": { "type": "Point", "coordinates": [ 23.03333333, 51.46666667 ] } },
{ "type": "Feature", "properties": { "line_id": 789.0, "prov": "Kiev", "dist": "Berdichev" }, "geometry": { "type": "Point", "coordinates": [ 28.66666667, 49.71666667 ] } },
{ "type": "Feature", "properties": { "line_id": 790.0, "prov": "Podolia", "dist": "Balta" }, "geometry": { "type": "Point", "coordinates": [ 30.78333333, 48.01666667 ] } },
{ "type": "Feature", "properties": { "line_id": 791.0, "prov": "Piotrkow", "dist": "Wloszczowa" }, "geometry": { "type": "Point", "coordinates": [ 19.68333333, 50.78333333 ] } },
{ "type": "Feature", "properties": { "line_id": 792.0, "prov": "Kalisz", "dist": "Konin" }, "geometry": { "type": "Point", "coordinates": [ 18.26666667, 52.21666667 ] } },
{ "type": "Feature", "properties": { "line_id": 793.0, "prov": "Radom", "dist": "Konskie" }, "geometry": { "type": "Point", "coordinates": [ 20.41666667, 51.2 ] } },
{ "type": "Feature", "properties": { "line_id": 794.0, "prov": "Warszawa", "dist": "Warszawa" }, "geometry": { "type": "Point", "coordinates": [ 21.1, 52.08333333 ] } },
{ "type": "Feature", "properties": { "line_id": 795.0, "prov": "Piotrkow", "dist": "Lodz" }, "geometry": { "type": "Point", "coordinates": [ 19.33333333, 51.75 ] } },
{ "type": "Feature", "properties": { "line_id": 796.0, "prov": "Siedlce", "dist": "Konstantynow" }, "geometry": { "type": "Point", "coordinates": [ 23.08333333, 52.21666667 ] } },
{ "type": "Feature", "properties": { "line_id": 797.0, "prov": "Volhynia", "dist": "Lutsk" }, "geometry": { "type": "Point", "coordinates": [ 25.21666667, 50.88333333 ] } },
{ "type": "Feature", "properties": { "line_id": 798.0, "prov": "Minsk", "dist": "Mozyr" }, "geometry": { "type": "Point", "coordinates": [ 28.81666667, 52.31666667 ] } },
{ "type": "Feature", "properties": { "line_id": 799.0, "prov": "Podolia", "dist": "Mogilev" }, "geometry": { "type": "Point", "coordinates": [ 27.78333333, 48.86666667 ] } },
{ "type": "Feature", "properties": { "line_id": 800.0, "prov": "Radom", "dist": "Sandomierz" }, "geometry": { "type": "Point", "coordinates": [ 21.58333333, 50.58333333 ] } },
{ "type": "Feature", "properties": { "line_id": 801.0, "prov": "Galicia", "dist": "Husiatyn" }, "geometry": { "type": "Point", "coordinates": [ 25.93333333, 49.1 ] } },
{ "type": "Feature", "properties": { "line_id": 802.0, "prov": "Minsk", "dist": "Slutsk" }, "geometry": { "type": "Point", "coordinates": [ 27.1, 53.15 ] } },
{ "type": "Feature", "properties": { "line_id": 803.0, "prov": "Mogilev", "dist": "Gorki" }, "geometry": { "type": "Point", "coordinates": [ 30.28333333, 54.31666667 ] } },
{ "type": "Feature", "properties": { "line_id": 804.0, "prov": "Galicia", "dist": "Krosno" }, "geometry": { "type": "Point", "coordinates": [ 21.81666667, 49.71666667 ] } },
{ "type": "Feature", "properties": { "line_id": 805.0, "prov": "Minsk", "dist": "Novogrudok" }, "geometry": { "type": "Point", "coordinates": [ 26.13333333, 53.56666667 ] } },
{ "type": "Feature", "properties": { "line_id": 806.0, "prov": "Chernigov", "dist": "Sosnitsa" }, "geometry": { "type": "Point", "coordinates": [ 32.26666667, 51.76666667 ] } },
{ "type": "Feature", "properties": { "line_id": 807.0, "prov": "Mogilev", "dist": "Rogachev" }, "geometry": { "type": "Point", "coordinates": [ 30.8, 53.13333333 ] } },
{ "type": "Feature", "properties": { "line_id": 808.0, "prov": "Kiev", "dist": "Skvira" }, "geometry": { "type": "Point", "coordinates": [ 29.36666667, 50.08333333 ] } },
{ "type": "Feature", "properties": { "line_id": 809.0, "prov": "Volhynia", "dist": "Zaslavl" }, "geometry": { "type": "Point", "coordinates": [ 26.53333333, 50.05 ] } },
{ "type": "Feature", "properties": { "line_id": 810.0, "prov": "Galicia", "dist": "Brody" }, "geometry": { "type": "Point", "coordinates": [ 25.98333333, 48.73333333 ] } },
{ "type": "Feature", "properties": { "line_id": 811.0, "prov": "Preussen", "dist": "Bydgoszcz" }, "geometry": { "type": "Point", "coordinates": [ 17.95, 53.31666667 ] } },
{ "type": "Feature", "properties": { "line_id": 812.0, "prov": "Chernigov", "dist": "Krolevets" }, "geometry": { "type": "Point", "coordinates": [ 32.96666667, 51.56666667 ] } },
{ "type": "Feature", "properties": { "line_id": 813.0, "prov": "Galicia", "dist": "Buczacz" }, "geometry": { "type": "Point", "coordinates": [ 25.18333333, 48.93333333 ] } },
{ "type": "Feature", "properties": { "line_id": 814.0, "prov": "Volhynia", "dist": "Ovruch" }, "geometry": { "type": "Point", "coordinates": [ 28.65, 50.95 ] } },
{ "type": "Feature", "properties": { "line_id": 815.0, "prov": "Kiev", "dist": "Radomysl" }, "geometry": { "type": "Point", "coordinates": [ 29.06666667, 50.31666667 ] } },
{ "type": "Feature", "properties": { "line_id": 816.0, "prov": "Kiev", "dist": "Kanev" }, "geometry": { "type": "Point", "coordinates": [ 31.25, 49.43333333 ] } },
{ "type": "Feature", "properties": { "line_id": 817.0, "prov": "Volhynia", "dist": "Kovel" }, "geometry": { "type": "Point", "coordinates": [ 24.43333333, 51.86666667 ] } },
{ "type": "Feature", "properties": { "line_id": 818.0, "prov": "Volhynia", "dist": "Novograd-Volynskii" }, "geometry": { "type": "Point", "coordinates": [ 27.16666667, 50.61666667 ] } },
{ "type": "Feature", "properties": { "line_id": 819.0, "prov": "Podolia", "dist": "Lampol" }, "geometry": { "type": "Point", "coordinates": [ 28.46666667, 48.15 ] } },
{ "type": "Feature", "properties": { "line_id": 820.0, "prov": "Galicia", "dist": "Kosow" }, "geometry": { "type": "Point", "coordinates": [ 25.1, 48.31666667 ] } },
{ "type": "Feature", "properties": { "line_id": 821.0, "prov": "Siedlce", "dist": "Sokolow" }, "geometry": { "type": "Point", "coordinates": [ 22.15, 52.6 ] } },
{ "type": "Feature", "properties": { "line_id": 822.0, "prov": "Grodno", "dist": "Slonim" }, "geometry": { "type": "Point", "coordinates": [ 25.15, 52.75 ] } },
{ "type": "Feature", "properties": { "line_id": 823.0, "prov": "Volhynia", "dist": "Rovno" }, "geometry": { "type": "Point", "coordinates": [ 26.45, 50.88333333 ] } },
{ "type": "Feature", "properties": { "line_id": 824.0, "prov": "Mogilev", "dist": "Klimovichi" }, "geometry": { "type": "Point", "coordinates": [ 32.05, 53.33333333 ] } },
{ "type": "Feature", "properties": { "line_id": 825.0, "prov": "Kielce", "dist": "Pinczow" }, "geometry": { "type": "Point", "coordinates": [ 20.56666667, 50.16666667 ] } },
{ "type": "Feature", "properties": { "line_id": 826.0, "prov": "Lublin", "dist": "Siedlce" }, "geometry": { "type": "Point", "coordinates": [ 22.06666667, 52.16666667 ] } },
{ "type": "Feature", "properties": { "line_id": 827.0, "prov": "Minsk", "dist": "Bobruisk" }, "geometry": { "type": "Point", "coordinates": [ 29.18333333, 52.83333333 ] } },
{ "type": "Feature", "properties": { "line_id": 828.0, "prov": "Warszawa", "dist": "Wloclawek" }, "geometry": { "type": "Point", "coordinates": [ 19.16666667, 52.53333333 ] } },
{ "type": "Feature", "properties": { "line_id": 829.0, "prov": "Kalisz", "dist": "Turek" }, "geometry": { "type": "Point", "coordinates": [ 18.55, 51.93333333 ] } },
{ "type": "Feature", "properties": { "line_id": 830.0, "prov": "Volhynia", "dist": "Kovel" }, "geometry": { "type": "Point", "coordinates": [ 24.71666667, 51.21666667 ] } },
{ "type": "Feature", "properties": { "line_id": 831.0, "prov": "Minsk", "dist": "Pinsk" }, "geometry": { "type": "Point", "coordinates": [ 27.01666667, 52.21666667 ] } },
{ "type": "Feature", "properties": { "line_id": 832.0, "prov": "Chernigov", "dist": "Kozelets" }, "geometry": { "type": "Point", "coordinates": [ 31.11666667, 50.91666667 ] } },
{ "type": "Feature", "properties": { "line_id": 833.0, "prov": "Vilna", "dist": "Disna" }, "geometry": { "type": "Point", "coordinates": [ 26.86666667, 55.3 ] } },
{ "type": "Feature", "properties": { "line_id": 834.0, "prov": "Radom", "dist": "Bedzin" }, "geometry": { "type": "Point", "coordinates": [ 19.15, 50.6 ] } },
{ "type": "Feature", "properties": { "line_id": 835.0, "prov": "Volhynia", "dist": "Dubno" }, "geometry": { "type": "Point", "coordinates": [ 25.46666667, 50.26666667 ] } },
{ "type": "Feature", "properties": { "line_id": 836.0, "prov": "Galicia", "dist": "Brzezany" }, "geometry": { "type": "Point", "coordinates": [ 25.35, 49.55 ] } },
{ "type": "Feature", "properties": { "line_id": 837.0, "prov": "Grodno", "dist": "Slonim" }, "geometry": { "type": "Point", "coordinates": [ 25.3, 53.31666667 ] } },
{ "type": "Feature", "properties": { "line_id": 838.0, "prov": "Preussen", "dist": "Kozmin" }, "geometry": { "type": "Point", "coordinates": [ 17.45, 51.81666667 ] } },
{ "type": "Feature", "properties": { "line_id": 839.0, "prov": "Kalisz", "dist": "Kalisz" }, "geometry": { "type": "Point", "coordinates": [ 18.33333333, 51.8 ] } },
{ "type": "Feature", "properties": { "line_id": 840.0, "prov": "Galicia", "dist": "Brzezany" }, "geometry": { "type": "Point", "coordinates": [ 25.15, 49.43333333 ] } },
{ "type": "Feature", "properties": { "line_id": 841.0, "prov": "Vilna", "dist": "Vileika" }, "geometry": { "type": "Point", "coordinates": [ 27.5, 54.51666667 ] } },
{ "type": "Feature", "properties": { "line_id": 842.0, "prov": "Kielce", "dist": "Kielce" }, "geometry": { "type": "Point", "coordinates": [ 20.85, 50.88333333 ] } },
{ "type": "Feature", "properties": { "line_id": 843.0, "prov": "Kovno", "dist": "Kovno" }, "geometry": { "type": "Point", "coordinates": [ 23.73333333, 55.4 ] } },
{ "type": "Feature", "properties": { "line_id": 844.0, "prov": "Galicia", "dist": "Jaworow" }, "geometry": { "type": "Point", "coordinates": [ 23.16666667, 49.96666667 ] } },
{ "type": "Feature", "properties": { "line_id": 845.0, "prov": "Volhynia", "dist": "Zhitomir" }, "geometry": { "type": "Point", "coordinates": [ 28.26666667, 50.46666667 ] } },
{ "type": "Feature", "properties": { "line_id": 846.0, "prov": "Volhynia", "dist": "Starokonstantinov" }, "geometry": { "type": "Point", "coordinates": [ 26.96666667, 49.65 ] } },
{ "type": "Feature", "properties": { "line_id": 847.0, "prov": "Vitebsk", "dist": "Dvinsk" }, "geometry": { "type": "Point", "coordinates": [ 27.16666667, 55.9 ] } },
{ "type": "Feature", "properties": { "line_id": 848.0, "prov": "Chernigov", "dist": "Surazh" }, "geometry": { "type": "Point", "coordinates": [ 31.6, 53.0 ] } },
{ "type": "Feature", "properties": { "line_id": 849.0, "prov": "Minsk", "dist": "Slutsk" }, "geometry": { "type": "Point", "coordinates": [ 27.16666667, 52.85 ] } },
{ "type": "Feature", "properties": { "line_id": 850.0, "prov": "Vilna", "dist": "Vileika" }, "geometry": { "type": "Point", "coordinates": [ 27.08333333, 54.23333333 ] } },
{ "type": "Feature", "properties": { "line_id": 851.0, "prov": "Lublin", "dist": "Krasnystaw" }, "geometry": { "type": "Point", "coordinates": [ 23.36666667, 50.93333333 ] } },
{ "type": "Feature", "properties": { "line_id": 852.0, "prov": "Podolia", "dist": "Balta" }, "geometry": { "type": "Point", "coordinates": [ 29.46666667, 47.53333333 ] } },
{ "type": "Feature", "properties": { "line_id": 853.0, "prov": "Ekaterinoslav", "dist": "Bakhmut" }, "geometry": { "type": "Point", "coordinates": [ 37.18333333, 48.28333333 ] } },
{ "type": "Feature", "properties": { "line_id": 854.0, "prov": "Poltava", "dist": "Konstantinograd" }, "geometry": { "type": "Point", "coordinates": [ 35.45, 49.36666667 ] } },
{ "type": "Feature", "properties": { "line_id": 855.0, "prov": "Sankt-Peterburg", "dist": "Tsarskoe Selo" }, "geometry": { "type": "Point", "coordinates": [ 30.13333333, 59.58333333 ] } },
{ "type": "Feature", "properties": { "line_id": 856.0, "prov": "Minsk", "dist": "Borisov" }, "geometry": { "type": "Point", "coordinates": [ 28.83333333, 54.61666667 ] } },
{ "type": "Feature", "properties": { "line_id": 857.0, "prov": "Mogilev", "dist": "Cherikov" }, "geometry": { "type": "Point", "coordinates": [ 31.4, 53.33333333 ] } },
{ "type": "Feature", "properties": { "line_id": 858.0, "prov": "Ekaterinoslav", "dist": "Aleksandrovsk" }, "geometry": { "type": "Point", "coordinates": [ 36.56666667, 47.61666667 ] } },
{ "type": "Feature", "properties": { "line_id": 859.0, "prov": "Lomza", "dist": "Makow" }, "geometry": { "type": "Point", "coordinates": [ 21.16666667, 53.03333333 ] } },
{ "type": "Feature", "properties": { "line_id": 860.0, "prov": "Volhynia", "dist": "Novograd-Volynskii" }, "geometry": { "type": "Point", "coordinates": [ 27.18333333, 50.4 ] } },
{ "type": "Feature", "properties": { "line_id": 861.0, "prov": "Podolia", "dist": "Lampol" }, "geometry": { "type": "Point", "coordinates": [ 28.4, 48.9 ] } },
{ "type": "Feature", "properties": { "line_id": 862.0, "prov": "Kovno", "dist": "Rossieny" }, "geometry": { "type": "Point", "coordinates": [ 22.7, 55.6 ] } },
{ "type": "Feature", "properties": { "line_id": 863.0, "prov": "Galicia", "dist": "Dolina" }, "geometry": { "type": "Point", "coordinates": [ 24.15, 49.0 ] } },
{ "type": "Feature", "properties": { "line_id": 864.0, "prov": "Kovno", "dist": "Poneviezh" }, "geometry": { "type": "Point", "coordinates": [ 24.1, 55.55 ] } },
{ "type": "Feature", "properties": { "line_id": 865.0, "prov": "Poltava", "dist": "Kremenchug" }, "geometry": { "type": "Point", "coordinates": [ 33.41666667, 49.06666667 ] } },
{ "type": "Feature", "properties": { "line_id": 866.0, "prov": "Kovno", "dist": "Telshi" }, "geometry": { "type": "Point", "coordinates": [ 21.25, 55.88333333 ] } },
{ "type": "Feature", "properties": { "line_id": 867.0, "prov": "Vilna", "dist": "Oshmiany" }, "geometry": { "type": "Point", "coordinates": [ 26.28333333, 54.31666667 ] } },
{ "type": "Feature", "properties": { "line_id": 868.0, "prov": "Mogilev", "dist": "Cherikov" }, "geometry": { "type": "Point", "coordinates": [ 31.71666667, 53.7 ] } },
{ "type": "Feature", "properties": { "line_id": 869.0, "prov": "Kherson", "dist": "Aleksandriia" }, "geometry": { "type": "Point", "coordinates": [ 33.25, 49.08333333 ] } },
{ "type": "Feature", "properties": { "line_id": 870.0, "prov": "Kovno", "dist": "Shavli" }, "geometry": { "type": "Point", "coordinates": [ 23.81666667, 56.3 ] } },
{ "type": "Feature", "properties": { "line_id": 871.0, "prov": "Kherson", "dist": "Kherson" }, "geometry": { "type": "Point", "coordinates": [ 33.35, 47.91666667 ] } },
{ "type": "Feature", "properties": { "line_id": 872.0, "prov": "Preussen", "dist": "Zlotow" }, "geometry": { "type": "Point", "coordinates": [ 16.98333333, 53.3 ] } },
{ "type": "Feature", "properties": { "line_id": 873.0, "prov": "Chernigov", "dist": "Krolevets" }, "geometry": { "type": "Point", "coordinates": [ 33.38333333, 51.55 ] } },
{ "type": "Feature", "properties": { "line_id": 874.0, "prov": "Kielce", "dist": "Olkusz" }, "geometry": { "type": "Point", "coordinates": [ 19.51666667, 50.48333333 ] } },
{ "type": "Feature", "properties": { "line_id": 875.0, "prov": "Galicia", "dist": "Lisko" }, "geometry": { "type": "Point", "coordinates": [ 22.66666667, 49.46666667 ] } },
{ "type": "Feature", "properties": { "line_id": 876.0, "prov": "Galicia", "dist": "Nowy Targ" }, "geometry": { "type": "Point", "coordinates": [ 20.41666667, 49.43333333 ] } },
{ "type": "Feature", "properties": { "line_id": 877.0, "prov": "Warszawa", "dist": "Kutno" }, "geometry": { "type": "Point", "coordinates": [ 19.18333333, 52.25 ] } },
{ "type": "Feature", "properties": { "line_id": 878.0, "prov": "Preussen", "dist": "Krotoszyn" }, "geometry": { "type": "Point", "coordinates": [ 17.45, 51.7 ] } },
{ "type": "Feature", "properties": { "line_id": 879.0, "prov": "Mogilev", "dist": "Mogilev" }, "geometry": { "type": "Point", "coordinates": [ 29.53333333, 54.25 ] } },
{ "type": "Feature", "properties": { "line_id": 880.0, "prov": "Mogilev", "dist": "Mogilev" }, "geometry": { "type": "Point", "coordinates": [ 29.78333333, 54.25 ] } },
{ "type": "Feature", "properties": { "line_id": 881.0, "prov": "Galicia", "dist": "Mosciska" }, "geometry": { "type": "Point", "coordinates": [ 23.15, 49.68333333 ] } },
{ "type": "Feature", "properties": { "line_id": 882.0, "prov": "Mogilev", "dist": "Sienno" }, "geometry": { "type": "Point", "coordinates": [ 29.13333333, 54.31666667 ] } },
{ "type": "Feature", "properties": { "line_id": 883.0, "prov": "Vitebsk", "dist": "Dvinsk" }, "geometry": { "type": "Point", "coordinates": [ 25.88333333, 56.53333333 ] } },
{ "type": "Feature", "properties": { "line_id": 884.0, "prov": "Volhynia", "dist": "Rovno" }, "geometry": { "type": "Point", "coordinates": [ 26.36666667, 51.23333333 ] } },
{ "type": "Feature", "properties": { "line_id": 885.0, "prov": "Kherson", "dist": "Aleksandriia" }, "geometry": { "type": "Point", "coordinates": [ 33.25, 49.08333333 ] } },
{ "type": "Feature", "properties": { "line_id": 886.0, "prov": "Galicia", "dist": "Nowy Sacz" }, "geometry": { "type": "Point", "coordinates": [ 20.96666667, 49.43333333 ] } },
{ "type": "Feature", "properties": { "line_id": 887.0, "prov": "Galicia", "dist": "Sokal" }, "geometry": { "type": "Point", "coordinates": [ 24.23333333, 50.38333333 ] } },
{ "type": "Feature", "properties": { "line_id": 888.0, "prov": "Podolia", "dist": "Balta" }, "geometry": { "type": "Point", "coordinates": [ 30.35, 47.93333333 ] } },
{ "type": "Feature", "properties": { "line_id": 889.0, "prov": "Podolia", "dist": "Olgopol" }, "geometry": { "type": "Point", "coordinates": [ 28.88333333, 48.38333333 ] } },
{ "type": "Feature", "properties": { "line_id": 890.0, "prov": "Volhynia", "dist": "Kremenets" }, "geometry": { "type": "Point", "coordinates": [ 25.71666667, 50.1 ] } },
{ "type": "Feature", "properties": { "line_id": 891.0, "prov": "Piotrkow", "dist": "Czestochowa" }, "geometry": { "type": "Point", "coordinates": [ 18.73333333, 50.96666667 ] } },
{ "type": "Feature", "properties": { "line_id": 892.0, "prov": "Lublin", "dist": "Bilgoraj" }, "geometry": { "type": "Point", "coordinates": [ 22.35, 50.4 ] } },
{ "type": "Feature", "properties": { "line_id": 893.0, "prov": "Galicia", "dist": "Chrzanow" }, "geometry": { "type": "Point", "coordinates": [ 19.63333333, 50.13333333 ] } },
{ "type": "Feature", "properties": { "line_id": 894.0, "prov": "Galicia", "dist": "Przemysl" }, "geometry": { "type": "Point", "coordinates": [ 22.55, 49.8 ] } },
{ "type": "Feature", "properties": { "line_id": 895.0, "prov": "Galicia", "dist": "Brody" }, "geometry": { "type": "Point", "coordinates": [ 26.11666667, 48.7 ] } },
{ "type": "Feature", "properties": { "line_id": 896.0, "prov": "Vilna", "dist": "Vileika" }, "geometry": { "type": "Point", "coordinates": [ 27.28333333, 54.71666667 ] } },
{ "type": "Feature", "properties": { "line_id": 897.0, "prov": "Kielce", "dist": "Miechow" }, "geometry": { "type": "Point", "coordinates": [ 20.13333333, 50.43333333 ] } },
{ "type": "Feature", "properties": { "line_id": 898.0, "prov": "Vitebsk", "dist": "Lepel" }, "geometry": { "type": "Point", "coordinates": [ 28.33333333, 55.16666667 ] } },
{ "type": "Feature", "properties": { "line_id": 899.0, "prov": "Suwalki", "dist": "Vladislavov" }, "geometry": { "type": "Point", "coordinates": [ 22.88333333, 54.76666667 ] } },
{ "type": "Feature", "properties": { "line_id": 900.0, "prov": "Galicia", "dist": "Kolomyja" }, "geometry": { "type": "Point", "coordinates": [ 25.3, 48.55 ] } },
{ "type": "Feature", "properties": { "line_id": 901.0, "prov": "Volhynia", "dist": "Starokonstantinov" }, "geometry": { "type": "Point", "coordinates": [ 26.9, 49.75 ] } },
{ "type": "Feature", "properties": { "line_id": 902.0, "prov": "Kovno", "dist": "Telshi" }, "geometry": { "type": "Point", "coordinates": [ 21.65, 55.8 ] } },
{ "type": "Feature", "properties": { "line_id": 903.0, "prov": "Galicia", "dist": "Zolkiew" }, "geometry": { "type": "Point", "coordinates": [ 24.08333333, 49.98333333 ] } },
{ "type": "Feature", "properties": { "line_id": 904.0, "prov": "Volhynia", "dist": "Ostrog" }, "geometry": { "type": "Point", "coordinates": [ 26.36666667, 50.25 ] } },
{ "type": "Feature", "properties": { "line_id": 905.0, "prov": "Radom", "dist": "Opatow" }, "geometry": { "type": "Point", "coordinates": [ 21.28333333, 50.95 ] } },
{ "type": "Feature", "properties": { "line_id": 906.0, "prov": "Volhynia", "dist": "Starokonstantinov" }, "geometry": { "type": "Point", "coordinates": [ 26.51666667, 49.6 ] } },
{ "type": "Feature", "properties": { "line_id": 907.0, "prov": "Kharkov", "dist": "Kupiansk" }, "geometry": { "type": "Point", "coordinates": [ 37.6, 49.71666667 ] } },
{ "type": "Feature", "properties": { "line_id": 908.0, "prov": "Podolia", "dist": "Kamenets-Podolsk" }, "geometry": { "type": "Point", "coordinates": [ 26.58333333, 49.1 ] } },
{ "type": "Feature", "properties": { "line_id": 909.0, "prov": "Kovno", "dist": "Vilkomir" }, "geometry": { "type": "Point", "coordinates": [ 24.96666667, 55.83333333 ] } },
{ "type": "Feature", "properties": { "line_id": 910.0, "prov": "Livland", "dist": "Arensburg" }, "geometry": { "type": "Point", "coordinates": [ 22.5, 58.25 ] } },
{ "type": "Feature", "properties": { "line_id": 911.0, "prov": "Kovno", "dist": "Vilkomir" }, "geometry": { "type": "Point", "coordinates": [ 25.11666667, 55.41666667 ] } },
{ "type": "Feature", "properties": { "line_id": 912.0, "prov": "Lublin", "dist": "Pulawy" }, "geometry": { "type": "Point", "coordinates": [ 22.2, 51.38333333 ] } },
{ "type": "Feature", "properties": { "line_id": 913.0, "prov": "Kovno", "dist": "Shavli" }, "geometry": { "type": "Point", "coordinates": [ 22.93333333, 56.0 ] } },
{ "type": "Feature", "properties": { "line_id": 914.0, "prov": "Galicia", "dist": "Lancut" }, "geometry": { "type": "Point", "coordinates": [ 22.46666667, 50.3 ] } },
{ "type": "Feature", "properties": { "line_id": 915.0, "prov": "Kielce", "dist": "Wloszczowa" }, "geometry": { "type": "Point", "coordinates": [ 19.88333333, 50.88333333 ] } },
{ "type": "Feature", "properties": { "line_id": 916.0, "prov": "Vilna", "dist": "Vileika" }, "geometry": { "type": "Point", "coordinates": [ 26.95, 54.55 ] } },
{ "type": "Feature", "properties": { "line_id": 917.0, "prov": "Warszawa", "dist": "Kutno" }, "geometry": { "type": "Point", "coordinates": [ 19.36666667, 52.23333333 ] } },
{ "type": "Feature", "properties": { "line_id": 918.0, "prov": "Galicia", "dist": "Stanislawow" }, "geometry": { "type": "Point", "coordinates": [ 25.18333333, 48.25 ] } },
{ "type": "Feature", "properties": { "line_id": 919.0, "prov": "Podolia", "dist": "Proskurov" }, "geometry": { "type": "Point", "coordinates": [ 26.51666667, 49.25 ] } },
{ "type": "Feature", "properties": { "line_id": 920.0, "prov": "Volhynia", "dist": "Starokonstantinov" }, "geometry": { "type": "Point", "coordinates": [ 27.08333333, 49.7 ] } },
{ "type": "Feature", "properties": { "line_id": 921.0, "prov": "Kovno", "dist": "Rossieny" }, "geometry": { "type": "Point", "coordinates": [ 22.0, 55.55 ] } },
{ "type": "Feature", "properties": { "line_id": 922.0, "prov": "Suwalki", "dist": "Volkovyshki" }, "geometry": { "type": "Point", "coordinates": [ 22.75, 54.65 ] } },
{ "type": "Feature", "properties": { "line_id": 923.0, "prov": "Preussen", "dist": "Pommern" }, "geometry": { "type": "Point", "coordinates": [ 15.61666667, 53.63333333 ] } },
{ "type": "Feature", "properties": { "line_id": 924.0, "prov": "Preussen", "dist": "Labiawa" }, "geometry": { "type": "Point", "coordinates": [ 21.1, 54.86666667 ] } },
{ "type": "Feature", "properties": { "line_id": 925.0, "prov": "Preussen", "dist": "Szubin" }, "geometry": { "type": "Point", "coordinates": [ 17.93333333, 52.95 ] } },
{ "type": "Feature", "properties": { "line_id": 926.0, "prov": "Galicia", "dist": "Nowy Sacz" }, "geometry": { "type": "Point", "coordinates": [ 20.86666667, 49.53333333 ] } },
{ "type": "Feature", "properties": { "line_id": 927.0, "prov": "Volhynia", "dist": "Zaslavl" }, "geometry": { "type": "Point", "coordinates": [ 27.36666667, 50.01666667 ] } },
{ "type": "Feature", "properties": { "line_id": 928.0, "prov": "Minsk", "dist": "Slutsk" }, "geometry": { "type": "Point", "coordinates": [ 26.26666667, 53.03333333 ] } },
{ "type": "Feature", "properties": { "line_id": 929.0, "prov": "Minsk", "dist": "Mozyr" }, "geometry": { "type": "Point", "coordinates": [ 27.1, 52.21666667 ] } },
{ "type": "Feature", "properties": { "line_id": 930.0, "prov": "Galicia", "dist": "Tlumacz" }, "geometry": { "type": "Point", "coordinates": [ 24.7628784, 48.8001204 ] } },
{ "type": "Feature", "properties": { "line_id": 931.0, "prov": "Galicia", "dist": "Nowy Sacz" }, "geometry": { "type": "Point", "coordinates": [ 20.43333333, 49.55 ] } },
{ "type": "Feature", "properties": { "line_id": 932.0, "prov": "Kiev", "dist": "Uman" }, "geometry": { "type": "Point", "coordinates": [ 30.25, 48.55 ] } },
{ "type": "Feature", "properties": { "line_id": 933.0, "prov": "Podolia", "dist": "Gaisin" }, "geometry": { "type": "Point", "coordinates": [ 29.25, 48.66666667 ] } },
{ "type": "Feature", "properties": { "line_id": 934.0, "prov": "Radom", "dist": "Opatow" }, "geometry": { "type": "Point", "coordinates": [ 21.08333333, 50.78333333 ] } },
{ "type": "Feature", "properties": { "line_id": 935.0, "prov": "Kovno", "dist": "Shavli" }, "geometry": { "type": "Point", "coordinates": [ 22.56666667, 56.38333333 ] } },
{ "type": "Feature", "properties": { "line_id": 936.0, "prov": "Volhynia", "dist": "Ostrog" }, "geometry": { "type": "Point", "coordinates": [ 26.41666667, 50.0 ] } },
{ "type": "Feature", "properties": { "line_id": 937.0, "prov": "Galicia", "dist": "Lancut" }, "geometry": { "type": "Point", "coordinates": [ 22.23333333, 50.06666667 ] } },
{ "type": "Feature", "properties": { "line_id": 938.0, "prov": "Galicia", "dist": "Nadworna" }, "geometry": { "type": "Point", "coordinates": [ 24.75, 48.55 ] } },
{ "type": "Feature", "properties": { "line_id": 939.0, "prov": "Preussen", "dist": "Ilawa" }, "geometry": { "type": "Point", "coordinates": [ 20.5, 54.28333333 ] } },
{ "type": "Feature", "properties": { "line_id": 940.0, "prov": "Galicia", "dist": "Bochnia" }, "geometry": { "type": "Point", "coordinates": [ 20.3, 49.86666667 ] } },
{ "type": "Feature", "properties": { "line_id": 941.0, "prov": "Minsk", "dist": "Igumen" }, "geometry": { "type": "Point", "coordinates": [ 28.55, 53.43333333 ] } },
{ "type": "Feature", "properties": { "line_id": 942.0, "prov": "Lomza", "dist": "Lomzha" }, "geometry": { "type": "Point", "coordinates": [ 22.86666667, 52.98333333 ] } },
{ "type": "Feature", "properties": { "line_id": 943.0, "prov": "Piotrkow", "dist": "Lask" }, "geometry": { "type": "Point", "coordinates": [ 19.13333333, 51.58333333 ] } },
{ "type": "Feature", "properties": { "line_id": 944.0, "prov": "Siedlce", "dist": "Garwolin" }, "geometry": { "type": "Point", "coordinates": [ 21.6, 51.8 ] } },
{ "type": "Feature", "properties": { "line_id": 945.0, "prov": "Galicia", "dist": "Czortkow" }, "geometry": { "type": "Point", "coordinates": [ 25.56666667, 49.16666667 ] } },
{ "type": "Feature", "properties": { "line_id": 946.0, "prov": "Radom", "dist": "Opatow" }, "geometry": { "type": "Point", "coordinates": [ 21.75, 50.9 ] } },
{ "type": "Feature", "properties": { "line_id": 947.0, "prov": "Lublin", "dist": "Tomaszow" }, "geometry": { "type": "Point", "coordinates": [ 23.73333333, 50.53333333 ] } },
{ "type": "Feature", "properties": { "line_id": 948.0, "prov": "Warszawa", "dist": "Minsk Mazowiecki" }, "geometry": { "type": "Point", "coordinates": [ 21.81083333, 52.02666667 ] } },
{ "type": "Feature", "properties": { "line_id": 949.0, "prov": "Preussen", "dist": "Pommern" }, "geometry": { "type": "Point", "coordinates": [ 10.56666667, 53.38333333 ] } },
{ "type": "Feature", "properties": { "line_id": 950.0, "prov": "Kovno", "dist": "Telshi" }, "geometry": { "type": "Point", "coordinates": [ 22.23333333, 55.61666667 ] } },
{ "type": "Feature", "properties": { "line_id": 951.0, "prov": "Galicia", "dist": "Stryj" }, "geometry": { "type": "Point", "coordinates": [ 23.36666667, 48.81666667 ] } },
{ "type": "Feature", "properties": { "line_id": 952.0, "prov": "Suwalki", "dist": "Seiny" }, "geometry": { "type": "Point", "coordinates": [ 23.51666667, 54.23333333 ] } },
{ "type": "Feature", "properties": { "line_id": 953.0, "prov": "Piotrkow", "dist": "Bedzin" }, "geometry": { "type": "Point", "coordinates": [ 19.41666667, 50.43333333 ] } },
{ "type": "Feature", "properties": { "line_id": 954.0, "prov": "Kharkov", "dist": "Lebedin" }, "geometry": { "type": "Point", "coordinates": [ 34.48333333, 50.58333333 ] } },
{ "type": "Feature", "properties": { "line_id": 955.0, "prov": "Vilna", "dist": "Vileika" }, "geometry": { "type": "Point", "coordinates": [ 26.7, 54.31666667 ] } },
{ "type": "Feature", "properties": { "line_id": 956.0, "prov": "Suwalki", "dist": "Seiny" }, "geometry": { "type": "Point", "coordinates": [ 23.85, 54.08333333 ] } },
{ "type": "Feature", "properties": { "line_id": 957.0, "prov": "Minsk", "dist": "Mozyr" }, "geometry": { "type": "Point", "coordinates": [ 28.33333333, 51.78333333 ] } },
{ "type": "Feature", "properties": { "line_id": 958.0, "prov": "Kielce", "dist": "Wloszczowa" }, "geometry": { "type": "Point", "coordinates": [ 19.61666667, 50.68333333 ] } },
{ "type": "Feature", "properties": { "line_id": 959.0, "prov": "Lublin", "dist": "Lublin" }, "geometry": { "type": "Point", "coordinates": [ 22.86666667, 51.28333333 ] } },
{ "type": "Feature", "properties": { "line_id": 960.0, "prov": "Kalisz", "dist": "Leczyca" }, "geometry": { "type": "Point", "coordinates": [ 19.21666667, 52.06666667 ] } },
{ "type": "Feature", "properties": { "line_id": 961.0, "prov": "Minsk", "dist": "Mozyr" }, "geometry": { "type": "Point", "coordinates": [ 27.48333333, 52.33333333 ] } },
{ "type": "Feature", "properties": { "line_id": 962.0, "prov": "Sankt-Peterburg", "dist": "Saint Petersburg" }, "geometry": { "type": "Point", "coordinates": [ 30.26666667, 59.9 ] } },
{ "type": "Feature", "properties": { "line_id": 963.0, "prov": "Minsk", "dist": "Slutsk" }, "geometry": { "type": "Point", "coordinates": [ 27.23333333, 53.05 ] } },
{ "type": "Feature", "properties": { "line_id": 964.0, "prov": "Mogilev", "dist": "Gorki" }, "geometry": { "type": "Point", "coordinates": [ 31.13333333, 54.41666667 ] } },
{ "type": "Feature", "properties": { "line_id": 965.0, "prov": "Warszawa", "dist": "Sochaczew" }, "geometry": { "type": "Point", "coordinates": [ 20.55, 52.4 ] } },
{ "type": "Feature", "properties": { "line_id": 966.0, "prov": "Vilna", "dist": "Disna" }, "geometry": { "type": "Point", "coordinates": [ 27.78333333, 55.8 ] } },
{ "type": "Feature", "properties": { "line_id": 967.0, "prov": "Bessarabia", "dist": "Izmail" }, "geometry": { "type": "Point", "coordinates": [ 28.25, 46.48333333 ] } },
{ "type": "Feature", "properties": { "line_id": 968.0, "prov": "Vitebsk", "dist": "Lepel" }, "geometry": { "type": "Point", "coordinates": [ 28.7, 54.88333333 ] } },
{ "type": "Feature", "properties": { "line_id": 969.0, "prov": "Vilna", "dist": "Troki" }, "geometry": { "type": "Point", "coordinates": [ 24.75, 54.45 ] } },
{ "type": "Feature", "properties": { "line_id": 970.0, "prov": "Galicia", "dist": "Lisko" }, "geometry": { "type": "Point", "coordinates": [ 22.31666667, 49.45 ] } },
{ "type": "Feature", "properties": { "line_id": 971.0, "prov": "Galicia", "dist": "Brody" }, "geometry": { "type": "Point", "coordinates": [ 25.08333333, 50.23333333 ] } },
{ "type": "Feature", "properties": { "line_id": 972.0, "prov": "Preussen", "dist": "Leszno" }, "geometry": { "type": "Point", "coordinates": [ 16.58333333, 51.85 ] } },
{ "type": "Feature", "properties": { "line_id": 973.0, "prov": "Warszawa", "dist": "Blonie" }, "geometry": { "type": "Point", "coordinates": [ 20.6, 52.26666667 ] } },
{ "type": "Feature", "properties": { "line_id": 974.0, "prov": "Podolia", "dist": "Letichev" }, "geometry": { "type": "Point", "coordinates": [ 27.61666667, 49.38333333 ] } },
{ "type": "Feature", "properties": { "line_id": 975.0, "prov": "Galicia", "dist": "Lancut" }, "geometry": { "type": "Point", "coordinates": [ 22.41666667, 50.26666667 ] } },
{ "type": "Feature", "properties": { "line_id": 976.0, "prov": "Galicia", "dist": "Turka" }, "geometry": { "type": "Point", "coordinates": [ 22.93333333, 48.91666667 ] } },
{ "type": "Feature", "properties": { "line_id": 977.0, "prov": "Vilna", "dist": "Lida" }, "geometry": { "type": "Point", "coordinates": [ 25.3, 53.88333333 ] } },
{ "type": "Feature", "properties": { "line_id": 978.0, "prov": "Preussen", "dist": "Brodnica" }, "geometry": { "type": "Point", "coordinates": [ 19.81666667, 53.26666667 ] } },
{ "type": "Feature", "properties": { "line_id": 980.0, "prov": "Galicia", "dist": "Limanowa" }, "geometry": { "type": "Point", "coordinates": [ 20.43333333, 49.7 ] } },
{ "type": "Feature", "properties": { "line_id": 981.0, "prov": "Livland", "dist": "Volmar" }, "geometry": { "type": "Point", "coordinates": [ 24.7, 57.51666667 ] } },
{ "type": "Feature", "properties": { "line_id": 982.0, "prov": "Kovno", "dist": "Poneviezh" }, "geometry": { "type": "Point", "coordinates": [ 23.98333333, 56.08333333 ] } },
{ "type": "Feature", "properties": { "line_id": 983.0, "prov": "Grodno", "dist": "Pruzhany" }, "geometry": { "type": "Point", "coordinates": [ 24.5, 52.48333333 ] } },
{ "type": "Feature", "properties": { "line_id": 984.0, "prov": "Mogilev", "dist": "Orsha" }, "geometry": { "type": "Point", "coordinates": [ 30.8, 55.01666667 ] } },
{ "type": "Feature", "properties": { "line_id": 985.0, "prov": "Bessarabia", "dist": "Khotin" }, "geometry": { "type": "Point", "coordinates": [ 26.8, 48.26666667 ] } },
{ "type": "Feature", "properties": { "line_id": 986.0, "prov": "Vilna", "dist": "Oshmiany" }, "geometry": { "type": "Point", "coordinates": [ 25.61666667, 54.0 ] } },
{ "type": "Feature", "properties": { "line_id": 987.0, "prov": "Plock", "dist": "Lipno" }, "geometry": { "type": "Point", "coordinates": [ 19.2, 52.83333333 ] } },
{ "type": "Feature", "properties": { "line_id": 988.0, "prov": "Kiev", "dist": "Lipovets" }, "geometry": { "type": "Point", "coordinates": [ 29.05, 49.23333333 ] } },
{ "type": "Feature", "properties": { "line_id": 989.0, "prov": "Galicia", "dist": "Cieszanow" }, "geometry": { "type": "Point", "coordinates": [ 23.33333333, 50.35 ] } },
{ "type": "Feature", "properties": { "line_id": 990.0, "prov": "Radom", "dist": "Ilza" }, "geometry": { "type": "Point", "coordinates": [ 21.65, 51.16666667 ] } },
{ "type": "Feature", "properties": { "line_id": 991.0, "prov": "Galicia", "dist": "Stryj" }, "geometry": { "type": "Point", "coordinates": [ 23.95, 49.33333333 ] } },
{ "type": "Feature", "properties": { "line_id": 992.0, "prov": "Podolia", "dist": "Litin" }, "geometry": { "type": "Point", "coordinates": [ 28.06666667, 49.33333333 ] } },
{ "type": "Feature", "properties": { "line_id": 993.0, "prov": "Minsk", "dist": "Bobruisk" }, "geometry": { "type": "Point", "coordinates": [ 28.0, 52.8 ] } },
{ "type": "Feature", "properties": { "line_id": 994.0, "prov": "Novgorod", "dist": "Novgorod" }, "geometry": { "type": "Point", "coordinates": [ 31.25, 59.35 ] } },
{ "type": "Feature", "properties": { "line_id": 995.0, "prov": "Suwalki", "dist": "Kalvariia" }, "geometry": { "type": "Point", "coordinates": [ 23.35, 54.48333333 ] } },
{ "type": "Feature", "properties": { "line_id": 996.0, "prov": "Vitebsk", "dist": "Dvinsk" }, "geometry": { "type": "Point", "coordinates": [ 26.18333333, 56.36666667 ] } },
{ "type": "Feature", "properties": { "line_id": 997.0, "prov": "Siedlce", "dist": "Wegrow" }, "geometry": { "type": "Point", "coordinates": [ 21.96666667, 52.38333333 ] } },
{ "type": "Feature", "properties": { "line_id": 998.0, "prov": "Preussen", "dist": "Wyrzysk" }, "geometry": { "type": "Point", "coordinates": [ 17.26666667, 53.26666667 ] } },
{ "type": "Feature", "properties": { "line_id": 999.0, "prov": "Piotrkow", "dist": "Lodz" }, "geometry": { "type": "Point", "coordinates": [ 19.46666667, 51.75 ] } },
{ "type": "Feature", "properties": { "line_id": 1000.0, "prov": "Preussen", "dist": "Gizycko" }, "geometry": { "type": "Point", "coordinates": [ 21.76666667, 54.03333333 ] } },
{ "type": "Feature", "properties": { "line_id": 1001.0, "prov": "Minsk", "dist": "Riechitsa" }, "geometry": { "type": "Point", "coordinates": [ 30.8, 51.93333333 ] } },
{ "type": "Feature", "properties": { "line_id": 1002.0, "prov": "Minsk", "dist": "Borisov" }, "geometry": { "type": "Point", "coordinates": [ 27.85, 54.2 ] } },
{ "type": "Feature", "properties": { "line_id": 1003.0, "prov": "Minsk", "dist": "Pinsk" }, "geometry": { "type": "Point", "coordinates": [ 25.98333333, 52.33333333 ] } },
{ "type": "Feature", "properties": { "line_id": 1004.0, "prov": "Volhynia", "dist": "Vladimir-Volynskii" }, "geometry": { "type": "Point", "coordinates": [ 24.65, 50.73333333 ] } },
{ "type": "Feature", "properties": { "line_id": 1005.0, "prov": "Poltava", "dist": "Lokhvitsa" }, "geometry": { "type": "Point", "coordinates": [ 33.26666667, 50.36666667 ] } },
{ "type": "Feature", "properties": { "line_id": 1006.0, "prov": "Siedlce", "dist": "Biala" }, "geometry": { "type": "Point", "coordinates": [ 23.16666667, 51.9 ] } },
{ "type": "Feature", "properties": { "line_id": 1007.0, "prov": "Warszawa", "dist": "Warszawa" }, "geometry": { "type": "Point", "coordinates": [ 20.88333333, 52.33333333 ] } },
{ "type": "Feature", "properties": { "line_id": 1008.0, "prov": "Galicia", "dist": "Turka" }, "geometry": { "type": "Point", "coordinates": [ 22.83333333, 49.25 ] } },
{ "type": "Feature", "properties": { "line_id": 1009.0, "prov": "Lomza", "dist": "Lomzha" }, "geometry": { "type": "Point", "coordinates": [ 22.08333333, 53.18333333 ] } },
{ "type": "Feature", "properties": { "line_id": 1010.0, "prov": "Galicia", "dist": "Sambor" }, "geometry": { "type": "Point", "coordinates": [ 23.5, 49.5 ] } },
{ "type": "Feature", "properties": { "line_id": 1011.0, "prov": "Galicia", "dist": "Brody" }, "geometry": { "type": "Point", "coordinates": [ 24.85, 50.21666667 ] } },
{ "type": "Feature", "properties": { "line_id": 1012.0, "prov": "Siedlce", "dist": "Wegrow" }, "geometry": { "type": "Point", "coordinates": [ 21.73333333, 52.55 ] } },
{ "type": "Feature", "properties": { "line_id": 1013.0, "prov": "Kielce", "dist": "Kielce" }, "geometry": { "type": "Point", "coordinates": [ 20.25, 50.95 ] } },
{ "type": "Feature", "properties": { "line_id": 1014.0, "prov": "Minsk", "dist": "Igumen" }, "geometry": { "type": "Point", "coordinates": [ 27.4, 53.41666667 ] } },
{ "type": "Feature", "properties": { "line_id": 1015.0, "prov": "Galicia", "dist": "Brody" }, "geometry": { "type": "Point", "coordinates": [ 26.08333333, 48.91666667 ] } },
{ "type": "Feature", "properties": { "line_id": 1016.0, "prov": "Siedlce", "dist": "Konstantynow" }, "geometry": { "type": "Point", "coordinates": [ 22.71666667, 52.21666667 ] } },
{ "type": "Feature", "properties": { "line_id": 1017.0, "prov": "Warszawa", "dist": "Lowicz" }, "geometry": { "type": "Point", "coordinates": [ 19.93333333, 52.11666667 ] } },
{ "type": "Feature", "properties": { "line_id": 1018.0, "prov": "Ekaterinoslav", "dist": "Pavlograd" }, "geometry": { "type": "Point", "coordinates": [ 36.38333333, 48.88333333 ] } },
{ "type": "Feature", "properties": { "line_id": 1019.0, "prov": "Galicia", "dist": "Cieszanow" }, "geometry": { "type": "Point", "coordinates": [ 23.13333333, 50.16666667 ] } },
{ "type": "Feature", "properties": { "line_id": 1020.0, "prov": "Livland", "dist": "Venden" }, "geometry": { "type": "Point", "coordinates": [ 26.71666667, 56.9 ] } },
{ "type": "Feature", "properties": { "line_id": 1021.0, "prov": "Volhynia", "dist": "Novograd-Volynskii" }, "geometry": { "type": "Point", "coordinates": [ 27.75, 49.91666667 ] } },
{ "type": "Feature", "properties": { "line_id": 1022.0, "prov": "Minsk", "dist": "Novogrudok" }, "geometry": { "type": "Point", "coordinates": [ 26.06666667, 53.75 ] } },
{ "type": "Feature", "properties": { "line_id": 1023.0, "prov": "Bessarabia", "dist": "Soroki" }, "geometry": { "type": "Point", "coordinates": [ 28.53333333, 48.11666667 ] } },
{ "type": "Feature", "properties": { "line_id": 1024.0, "prov": "Lublin", "dist": "Lublin" }, "geometry": { "type": "Point", "coordinates": [ 22.56666667, 51.25 ] } },
{ "type": "Feature", "properties": { "line_id": 1025.0, "prov": "Poltava", "dist": "Lubny" }, "geometry": { "type": "Point", "coordinates": [ 33.0, 50.01666667 ] } },
{ "type": "Feature", "properties": { "line_id": 1026.0, "prov": "Volhynia", "dist": "Vladimir-Volynskii" }, "geometry": { "type": "Point", "coordinates": [ 24.03333333, 51.23333333 ] } },
{ "type": "Feature", "properties": { "line_id": 1027.0, "prov": "Warszawa", "dist": "Wloclawek" }, "geometry": { "type": "Point", "coordinates": [ 18.85, 52.55 ] } },
{ "type": "Feature", "properties": { "line_id": 1028.0, "prov": "Podolia", "dist": "Kamenets-Podolsk" }, "geometry": { "type": "Point", "coordinates": [ 27.83333333, 48.71666667 ] } },
{ "type": "Feature", "properties": { "line_id": 1029.0, "prov": "Volhynia", "dist": "Lutsk" }, "geometry": { "type": "Point", "coordinates": [ 25.33333333, 50.75 ] } },
{ "type": "Feature", "properties": { "line_id": 1030.0, "prov": "Volhynia", "dist": "Rovno" }, "geometry": { "type": "Point", "coordinates": [ 27.0, 50.83333333 ] } },
{ "type": "Feature", "properties": { "line_id": 1031.0, "prov": "Vitebsk", "dist": "Liutsin" }, "geometry": { "type": "Point", "coordinates": [ 27.71666667, 56.55 ] } },
{ "type": "Feature", "properties": { "line_id": 1032.0, "prov": "Sankt-Peterburg", "dist": "Luga" }, "geometry": { "type": "Point", "coordinates": [ 29.85, 58.73333333 ] } },
{ "type": "Feature", "properties": { "line_id": 1033.0, "prov": "Volhynia", "dist": "Ovruch" }, "geometry": { "type": "Point", "coordinates": [ 28.4, 51.08333333 ] } },
{ "type": "Feature", "properties": { "line_id": 1034.0, "prov": "Kiev", "dist": "Lipovets" }, "geometry": { "type": "Point", "coordinates": [ 29.75, 49.16666667 ] } },
{ "type": "Feature", "properties": { "line_id": 1035.0, "prov": "Mogilev", "dist": "Sienno" }, "geometry": { "type": "Point", "coordinates": [ 29.15, 54.7 ] } },
{ "type": "Feature", "properties": { "line_id": 1036.0, "prov": "Lublin", "dist": "Bilgoraj" }, "geometry": { "type": "Point", "coordinates": [ 22.95, 50.36666667 ] } },
{ "type": "Feature", "properties": { "line_id": 1037.0, "prov": "Minsk", "dist": "Pinsk" }, "geometry": { "type": "Point", "coordinates": [ 26.8, 52.25 ] } },
{ "type": "Feature", "properties": { "line_id": 1038.0, "prov": "Grodno", "dist": "Grodno" }, "geometry": { "type": "Point", "coordinates": [ 24.26666667, 53.45 ] } },
{ "type": "Feature", "properties": { "line_id": 1039.0, "prov": "Kovno", "dist": "Shavli" }, "geometry": { "type": "Point", "coordinates": [ 22.51666667, 55.88333333 ] } },
{ "type": "Feature", "properties": { "line_id": 1040.0, "prov": "Piotrkow", "dist": "Lask" }, "geometry": { "type": "Point", "coordinates": [ 19.21666667, 51.75 ] } },
{ "type": "Feature", "properties": { "line_id": 1041.0, "prov": "Galicia", "dist": "Lisko" }, "geometry": { "type": "Point", "coordinates": [ 22.7, 49.25 ] } },
{ "type": "Feature", "properties": { "line_id": 1042.0, "prov": "Vilna", "dist": "Disna" }, "geometry": { "type": "Point", "coordinates": [ 27.86666667, 55.35 ] } },
{ "type": "Feature", "properties": { "line_id": 1043.0, "prov": "Kherson", "dist": "Kherson" }, "geometry": { "type": "Point", "coordinates": [ 33.15, 46.78333333 ] } },
{ "type": "Feature", "properties": { "line_id": 1044.0, "prov": "Galicia", "dist": "Lwow" }, "geometry": { "type": "Point", "coordinates": [ 24.0, 49.83333333 ] } },
{ "type": "Feature", "properties": { "line_id": 1045.0, "prov": "Preussen", "dist": "Nowy Tomysl" }, "geometry": { "type": "Point", "coordinates": [ 16.18333333, 52.45 ] } },
{ "type": "Feature", "properties": { "line_id": 1046.0, "prov": "Mogilev", "dist": "Gorki" }, "geometry": { "type": "Point", "coordinates": [ 31.16666667, 54.6 ] } },
{ "type": "Feature", "properties": { "line_id": 1047.0, "prov": "Podolia", "dist": "Mogilev" }, "geometry": { "type": "Point", "coordinates": [ 26.38333333, 48.9 ] } },
{ "type": "Feature", "properties": { "line_id": 1048.0, "prov": "Preussen", "dist": "Elk" }, "geometry": { "type": "Point", "coordinates": [ 22.35, 53.83333333 ] } },
{ "type": "Feature", "properties": { "line_id": 1049.0, "prov": "Kovno", "dist": "Rossieny" }, "geometry": { "type": "Point", "coordinates": [ 23.1, 55.5 ] } },
{ "type": "Feature", "properties": { "line_id": 1050.0, "prov": "Kovno", "dist": "Shavli" }, "geometry": { "type": "Point", "coordinates": [ 23.65, 56.0 ] } },
{ "type": "Feature", "properties": { "line_id": 1051.0, "prov": "Kiev", "dist": "Zvenigorodka" }, "geometry": { "type": "Point", "coordinates": [ 30.83333333, 49.25 ] } },
{ "type": "Feature", "properties": { "line_id": 1052.0, "prov": "Galicia", "dist": "Bohorodczany" }, "geometry": { "type": "Point", "coordinates": [ 24.6, 48.86666667 ] } },
{ "type": "Feature", "properties": { "line_id": 1053.0, "prov": "Siedlce", "dist": "Lukow" }, "geometry": { "type": "Point", "coordinates": [ 22.26666667, 51.6 ] } },
{ "type": "Feature", "properties": { "line_id": 1054.0, "prov": "Warszawa", "dist": "Lowicz" }, "geometry": { "type": "Point", "coordinates": [ 19.91666667, 51.98333333 ] } },
{ "type": "Feature", "properties": { "line_id": 1055.0, "prov": "Minsk", "dist": "Slutsk" }, "geometry": { "type": "Point", "coordinates": [ 26.43333333, 52.78333333 ] } },
{ "type": "Feature", "properties": { "line_id": 1056.0, "prov": "Mogilev", "dist": "Orsha" }, "geometry": { "type": "Point", "coordinates": [ 30.96666667, 54.83333333 ] } },
{ "type": "Feature", "properties": { "line_id": 1057.0, "prov": "Minsk", "dist": "Bobruisk" }, "geometry": { "type": "Point", "coordinates": [ 29.23333333, 53.28333333 ] } },
{ "type": "Feature", "properties": { "line_id": 1058.0, "prov": "Volhynia", "dist": "Kovel" }, "geometry": { "type": "Point", "coordinates": [ 24.33333333, 51.21666667 ] } },
{ "type": "Feature", "properties": { "line_id": 1059.0, "prov": "Siedlce", "dist": "Garwolin" }, "geometry": { "type": "Point", "coordinates": [ 21.55, 51.7 ] } },
{ "type": "Feature", "properties": { "line_id": 1060.0, "prov": "Livland", "dist": "Venden" }, "geometry": { "type": "Point", "coordinates": [ 26.21666667, 56.85 ] } },
{ "type": "Feature", "properties": { "line_id": 1061.0, "prov": "Preussen", "dist": "Walcz" }, "geometry": { "type": "Point", "coordinates": [ 16.1, 53.33333333 ] } },
{ "type": "Feature", "properties": { "line_id": 1062.0, "prov": "Galicia", "dist": "Rawa" }, "geometry": { "type": "Point", "coordinates": [ 23.71666667, 50.11666667 ] } },
{ "type": "Feature", "properties": { "line_id": 1063.0, "prov": "Radom", "dist": "Kozienice" }, "geometry": { "type": "Point", "coordinates": [ 21.4, 51.76666667 ] } },
{ "type": "Feature", "properties": { "line_id": 1064.0, "prov": "Galicia", "dist": "Kolbuszowa" }, "geometry": { "type": "Point", "coordinates": [ 21.75, 50.38333333 ] } },
{ "type": "Feature", "properties": { "line_id": 1065.0, "prov": "Kiev", "dist": "Kiev" }, "geometry": { "type": "Point", "coordinates": [ 29.81666667, 50.46666667 ] } },
{ "type": "Feature", "properties": { "line_id": 1066.0, "prov": "Podolia", "dist": "Kamenets-Podolsk" }, "geometry": { "type": "Point", "coordinates": [ 26.71666667, 48.8 ] } },
{ "type": "Feature", "properties": { "line_id": 1067.0, "prov": "Lomza", "dist": "Makow" }, "geometry": { "type": "Point", "coordinates": [ 21.1, 52.86666667 ] } },
{ "type": "Feature", "properties": { "line_id": 1068.0, "prov": "Galicia", "dist": "Myslenice" }, "geometry": { "type": "Point", "coordinates": [ 19.68333333, 49.73333333 ] } },
{ "type": "Feature", "properties": { "line_id": 1069.0, "prov": "Grodno", "dist": "Pruzhany" }, "geometry": { "type": "Point", "coordinates": [ 24.7, 52.48333333 ] } },
{ "type": "Feature", "properties": { "line_id": 1070.0, "prov": "Kiev", "dist": "Radomysl" }, "geometry": { "type": "Point", "coordinates": [ 29.23333333, 50.76666667 ] } },
{ "type": "Feature", "properties": { "line_id": 1071.0, "prov": "Lomza", "dist": "Ostrov" }, "geometry": { "type": "Point", "coordinates": [ 22.01666667, 52.68333333 ] } },
{ "type": "Feature", "properties": { "line_id": 1072.0, "prov": "Kielce", "dist": "Jedrzejow" }, "geometry": { "type": "Point", "coordinates": [ 20.28333333, 50.81666667 ] } },
{ "type": "Feature", "properties": { "line_id": 1073.0, "prov": "Volhynia", "dist": "Lutsk" }, "geometry": { "type": "Point", "coordinates": [ 25.53333333, 51.36666667 ] } },
{ "type": "Feature", "properties": { "line_id": 1074.0, "prov": "Bessarabia", "dist": "Soroki" }, "geometry": { "type": "Point", "coordinates": [ 28.25, 47.86666667 ] } },
{ "type": "Feature", "properties": { "line_id": 1075.0, "prov": "Galicia", "dist": "Stanislawow" }, "geometry": { "type": "Point", "coordinates": [ 24.85, 49.03333333 ] } },
{ "type": "Feature", "properties": { "line_id": 1076.0, "prov": "Preussen", "dist": "Kwidzyn" }, "geometry": { "type": "Point", "coordinates": [ 18.91666667, 53.73333333 ] } },
{ "type": "Feature", "properties": { "line_id": 1077.0, "prov": "Suwalki", "dist": "Mariampol" }, "geometry": { "type": "Point", "coordinates": [ 23.35, 54.56666667 ] } },
{ "type": "Feature", "properties": { "line_id": 1078.0, "prov": "Ekaterinoslav", "dist": "Mariupol" }, "geometry": { "type": "Point", "coordinates": [ 37.55, 47.1 ] } },
{ "type": "Feature", "properties": { "line_id": 1079.0, "prov": "Warszawa", "dist": "Warszawa" }, "geometry": { "type": "Point", "coordinates": [ 21.13333333, 52.31666667 ] } },
{ "type": "Feature", "properties": { "line_id": 1080.0, "prov": "Podolia", "dist": "Lampol" }, "geometry": { "type": "Point", "coordinates": [ 28.73333333, 48.46666667 ] } },
{ "type": "Feature", "properties": { "line_id": 1081.0, "prov": "Galicia", "dist": "Lancut" }, "geometry": { "type": "Point", "coordinates": [ 22.31666667, 50.01666667 ] } },
{ "type": "Feature", "properties": { "line_id": 1082.0, "prov": "Lublin", "dist": "Pulawy" }, "geometry": { "type": "Point", "coordinates": [ 22.26666667, 51.36666667 ] } },
{ "type": "Feature", "properties": { "line_id": 1083.0, "prov": "Preussen", "dist": "Pommern" }, "geometry": { "type": "Point", "coordinates": [ 12.41666667, 53.31666667 ] } },
{ "type": "Feature", "properties": { "line_id": 1084.0, "prov": "Kherson", "dist": "Odessa" }, "geometry": { "type": "Point", "coordinates": [ 30.26666667, 46.41666667 ] } },
{ "type": "Feature", "properties": { "line_id": 1085.0, "prov": "Kovno", "dist": "Shavli" }, "geometry": { "type": "Point", "coordinates": [ 22.33333333, 56.31666667 ] } },
{ "type": "Feature", "properties": { "line_id": 1086.0, "prov": "Galicia", "dist": "Drohobycz" }, "geometry": { "type": "Point", "coordinates": [ 23.75, 49.43333333 ] } },
{ "type": "Feature", "properties": { "line_id": 1087.0, "prov": "Kiev", "dist": "Chigirin" }, "geometry": { "type": "Point", "coordinates": [ 32.38333333, 49.16666667 ] } },
{ "type": "Feature", "properties": { "line_id": 1088.0, "prov": "Galicia", "dist": "Przemysl" }, "geometry": { "type": "Point", "coordinates": [ 22.91666667, 49.8 ] } },
{ "type": "Feature", "properties": { "line_id": 1089.0, "prov": "Podolia", "dist": "Letichev" }, "geometry": { "type": "Point", "coordinates": [ 27.41666667, 49.43333333 ] } },
{ "type": "Feature", "properties": { "line_id": 1090.0, "prov": "Vilna", "dist": "Vilnius" }, "geometry": { "type": "Point", "coordinates": [ 25.06666667, 54.86666667 ] } },
{ "type": "Feature", "properties": { "line_id": 1091.0, "prov": "Taurida", "dist": "Melitopol" }, "geometry": { "type": "Point", "coordinates": [ 35.36666667, 46.83333333 ] } },
{ "type": "Feature", "properties": { "line_id": 1092.0, "prov": "Chernigov", "dist": "Sosnitsa" }, "geometry": { "type": "Point", "coordinates": [ 32.21666667, 51.51666667 ] } },
{ "type": "Feature", "properties": { "line_id": 1093.0, "prov": "Vilna", "dist": "Troki" }, "geometry": { "type": "Point", "coordinates": [ 24.16666667, 54.16666667 ] } },
{ "type": "Feature", "properties": { "line_id": 1094.0, "prov": "Preussen", "dist": "Miedzyrzecz" }, "geometry": { "type": "Point", "coordinates": [ 15.58333333, 52.43333333 ] } },
{ "type": "Feature", "properties": { "line_id": 1095.0, "prov": "Suwalki", "dist": "Seiny" }, "geometry": { "type": "Point", "coordinates": [ 23.75, 54.3 ] } },
{ "type": "Feature", "properties": { "line_id": 1096.0, "prov": "Podolia", "dist": "Litin" }, "geometry": { "type": "Point", "coordinates": [ 28.01666667, 49.08333333 ] } },
{ "type": "Feature", "properties": { "line_id": 1097.0, "prov": "Chernigov", "dist": "Mglin" }, "geometry": { "type": "Point", "coordinates": [ 32.85, 53.06666667 ] } },
{ "type": "Feature", "properties": { "line_id": 1098.0, "prov": "Vilna", "dist": "Vileika" }, "geometry": { "type": "Point", "coordinates": [ 26.93333333, 54.86666667 ] } },
{ "type": "Feature", "properties": { "line_id": 1099.0, "prov": "Podolia", "dist": "Olgopol" }, "geometry": { "type": "Point", "coordinates": [ 28.7, 48.38333333 ] } },
{ "type": "Feature", "properties": { "line_id": 1100.0, "prov": "Vilna", "dist": "Vilnius" }, "geometry": { "type": "Point", "coordinates": [ 26.16666667, 54.81666667 ] } },
{ "type": "Feature", "properties": { "line_id": 1101.0, "prov": "Lublin", "dist": "Lubartow" }, "geometry": { "type": "Point", "coordinates": [ 22.3, 51.51666667 ] } },
{ "type": "Feature", "properties": { "line_id": 1102.0, "prov": "Kielce", "dist": "Miechow" }, "geometry": { "type": "Point", "coordinates": [ 20.03333333, 50.36666667 ] } },
{ "type": "Feature", "properties": { "line_id": 1103.0, "prov": "Warszawa", "dist": "Warszawa" }, "geometry": { "type": "Point", "coordinates": [ 21.19444444, 52.17 ] } },
{ "type": "Feature", "properties": { "line_id": 1104.0, "prov": "Siedlce", "dist": "Wegrow" }, "geometry": { "type": "Point", "coordinates": [ 22.1, 52.46666667 ] } },
{ "type": "Feature", "properties": { "line_id": 1105.0, "prov": "Piotrkow", "dist": "Czestochowa" }, "geometry": { "type": "Point", "coordinates": [ 18.98333333, 50.98333333 ] } },
{ "type": "Feature", "properties": { "line_id": 1106.0, "prov": "Galicia", "dist": "Mielec" }, "geometry": { "type": "Point", "coordinates": [ 21.41666667, 50.28333333 ] } },
{ "type": "Feature", "properties": { "line_id": 1107.0, "prov": "Vilna", "dist": "Sventsiany" }, "geometry": { "type": "Point", "coordinates": [ 26.43333333, 55.25 ] } },
{ "type": "Feature", "properties": { "line_id": 1108.0, "prov": "Galicia", "dist": "Brody" }, "geometry": { "type": "Point", "coordinates": [ 26.16666667, 48.61666667 ] } },
{ "type": "Feature", "properties": { "line_id": 1109.0, "prov": "Volhynia", "dist": "Kovel" }, "geometry": { "type": "Point", "coordinates": [ 25.1, 51.15 ] } },
{ "type": "Feature", "properties": { "line_id": 1110.0, "prov": "Galicia", "dist": "Turka" }, "geometry": { "type": "Point", "coordinates": [ 23.03333333, 49.11666667 ] } },
{ "type": "Feature", "properties": { "line_id": 1111.0, "prov": "Grodno", "dist": "Bielsk" }, "geometry": { "type": "Point", "coordinates": [ 23.05, 52.33333333 ] } },
{ "type": "Feature", "properties": { "line_id": 1112.0, "prov": "Volhynia", "dist": "Rovno" }, "geometry": { "type": "Point", "coordinates": [ 26.86666667, 50.65 ] } },
{ "type": "Feature", "properties": { "line_id": 1113.0, "prov": "Siedlce", "dist": "Radzyn" }, "geometry": { "type": "Point", "coordinates": [ 22.78333333, 51.98333333 ] } },
{ "type": "Feature", "properties": { "line_id": 1114.0, "prov": "Minsk", "dist": "Mozyr" }, "geometry": { "type": "Point", "coordinates": [ 27.46666667, 52.21666667 ] } },
{ "type": "Feature", "properties": { "line_id": 1115.0, "prov": "Galicia", "dist": "Zydaczow" }, "geometry": { "type": "Point", "coordinates": [ 23.98333333, 49.51666667 ] } },
{ "type": "Feature", "properties": { "line_id": 1116.0, "prov": "Galicia", "dist": "Bobrka" }, "geometry": { "type": "Point", "coordinates": [ 24.35, 49.76666667 ] } },
{ "type": "Feature", "properties": { "line_id": 1117.0, "prov": "Preussen", "dist": "Ostrzeszow" }, "geometry": { "type": "Point", "coordinates": [ 17.96666667, 51.53333333 ] } },
{ "type": "Feature", "properties": { "line_id": 1118.0, "prov": "Galicia", "dist": "Nadworna" }, "geometry": { "type": "Point", "coordinates": [ 24.6, 48.41666667 ] } },
{ "type": "Feature", "properties": { "line_id": 1119.0, "prov": "Galicia", "dist": "Tarnopol" }, "geometry": { "type": "Point", "coordinates": [ 25.6, 49.4 ] } },
{ "type": "Feature", "properties": { "line_id": 1120.0, "prov": "Mogilev", "dist": "Orsha" }, "geometry": { "type": "Point", "coordinates": [ 31.11666667, 55.03333333 ] } },
{ "type": "Feature", "properties": { "line_id": 1121.0, "prov": "Volhynia", "dist": "Kovel" }, "geometry": { "type": "Point", "coordinates": [ 24.45, 51.18333333 ] } },
{ "type": "Feature", "properties": { "line_id": 1122.0, "prov": "Mogilev", "dist": "Klimovichi" }, "geometry": { "type": "Point", "coordinates": [ 32.25, 53.68333333 ] } },
{ "type": "Feature", "properties": { "line_id": 1123.0, "prov": "Galicia", "dist": "Zywiec" }, "geometry": { "type": "Point", "coordinates": [ 19.08333333, 49.55 ] } },
{ "type": "Feature", "properties": { "line_id": 1124.0, "prov": "Podolia", "dist": "Novaia Ushitsa" }, "geometry": { "type": "Point", "coordinates": [ 27.1, 48.85 ] } },
{ "type": "Feature", "properties": { "line_id": 1125.0, "prov": "Minsk", "dist": "Minsk" }, "geometry": { "type": "Point", "coordinates": [ 27.56666667, 53.9 ] } },
{ "type": "Feature", "properties": { "line_id": 1126.0, "prov": "Warszawa", "dist": "Minsk Mazowiecki" }, "geometry": { "type": "Point", "coordinates": [ 21.56666667, 52.18333333 ] } },
{ "type": "Feature", "properties": { "line_id": 1127.0, "prov": "Vilna", "dist": "Disna" }, "geometry": { "type": "Point", "coordinates": [ 27.63333333, 55.61666667 ] } },
{ "type": "Feature", "properties": { "line_id": 1128.0, "prov": "Minsk", "dist": "Novogrudok" }, "geometry": { "type": "Point", "coordinates": [ 26.46666667, 53.45 ] } },
{ "type": "Feature", "properties": { "line_id": 1129.0, "prov": "Poltava", "dist": "Mirgorod" }, "geometry": { "type": "Point", "coordinates": [ 33.6, 49.96666667 ] } },
{ "type": "Feature", "properties": { "line_id": 1130.0, "prov": "Volhynia", "dist": "Novograd-Volynskii" }, "geometry": { "type": "Point", "coordinates": [ 27.7, 50.11666667 ] } },
{ "type": "Feature", "properties": { "line_id": 1131.0, "prov": "Suwalki", "dist": "Seiny" }, "geometry": { "type": "Point", "coordinates": [ 23.9, 54.33333333 ] } },
{ "type": "Feature", "properties": { "line_id": 1132.0, "prov": "Volhynia", "dist": "Dubno" }, "geometry": { "type": "Point", "coordinates": [ 26.15, 50.4 ] } },
{ "type": "Feature", "properties": { "line_id": 1133.0, "prov": "Galicia", "dist": "Dolina" }, "geometry": { "type": "Point", "coordinates": [ 23.88333333, 48.91666667 ] } },
{ "type": "Feature", "properties": { "line_id": 1134.0, "prov": "Plock", "dist": "Mlawa" }, "geometry": { "type": "Point", "coordinates": [ 20.38333333, 53.11666667 ] } },
{ "type": "Feature", "properties": { "line_id": 1135.0, "prov": "Volhynia", "dist": "Dubno" }, "geometry": { "type": "Point", "coordinates": [ 25.6, 50.5 ] } },
{ "type": "Feature", "properties": { "line_id": 1136.0, "prov": "Radom", "dist": "Kozienice" }, "geometry": { "type": "Point", "coordinates": [ 21.28333333, 51.85 ] } },
{ "type": "Feature", "properties": { "line_id": 1137.0, "prov": "Lublin", "dist": "Janow" }, "geometry": { "type": "Point", "coordinates": [ 22.33333333, 50.75 ] } },
{ "type": "Feature", "properties": { "line_id": 1138.0, "prov": "Warszawa", "dist": "Grojec" }, "geometry": { "type": "Point", "coordinates": [ 20.73333333, 51.7 ] } },
{ "type": "Feature", "properties": { "line_id": 1139.0, "prov": "Mogilev", "dist": "Mogilev" }, "geometry": { "type": "Point", "coordinates": [ 30.33333333, 53.91666667 ] } },
{ "type": "Feature", "properties": { "line_id": 1140.0, "prov": "Podolia", "dist": "Mogilev" }, "geometry": { "type": "Point", "coordinates": [ 27.8, 48.45 ] } },
{ "type": "Feature", "properties": { "line_id": 1141.0, "prov": "Preussen", "dist": "Mogilno" }, "geometry": { "type": "Point", "coordinates": [ 17.96666667, 52.66666667 ] } },
{ "type": "Feature", "properties": { "line_id": 1142.0, "prov": "Minsk", "dist": "Igumen" }, "geometry": { "type": "Point", "coordinates": [ 26.98333333, 53.41666667 ] } },
{ "type": "Feature", "properties": { "line_id": 1143.0, "prov": "Siedlce", "dist": "Siedlce" }, "geometry": { "type": "Point", "coordinates": [ 22.11666667, 52.28333333 ] } },
{ "type": "Feature", "properties": { "line_id": 1144.0, "prov": "Kiev", "dist": "Zvenigorodka" }, "geometry": { "type": "Point", "coordinates": [ 31.21666667, 48.85 ] } },
{ "type": "Feature", "properties": { "line_id": 1145.0, "prov": "Grodno", "dist": "Slonim" }, "geometry": { "type": "Point", "coordinates": [ 25.7, 53.31666667 ] } },
{ "type": "Feature", "properties": { "line_id": 1146.0, "prov": "Vilna", "dist": "Vilnius" }, "geometry": { "type": "Point", "coordinates": [ 25.41666667, 55.23333333 ] } },
{ "type": "Feature", "properties": { "line_id": 1147.0, "prov": "Vilna", "dist": "Vileika" }, "geometry": { "type": "Point", "coordinates": [ 26.85, 54.31666667 ] } },
{ "type": "Feature", "properties": { "line_id": 1148.0, "prov": "Galicia", "dist": "Buczacz" }, "geometry": { "type": "Point", "coordinates": [ 25.16666667, 49.08333333 ] } },
{ "type": "Feature", "properties": { "line_id": 1149.0, "prov": "Kiev", "dist": "Lipovets" }, "geometry": { "type": "Point", "coordinates": [ 29.81666667, 48.98333333 ] } },
{ "type": "Feature", "properties": { "line_id": 1150.0, "prov": "Mogilev", "dist": "Mstislavl" }, "geometry": { "type": "Point", "coordinates": [ 31.83333333, 54.35 ] } },
{ "type": "Feature", "properties": { "line_id": 1151.0, "prov": "Radom", "dist": "Kielce" }, "geometry": { "type": "Point", "coordinates": [ 20.76666667, 50.88333333 ] } },
{ "type": "Feature", "properties": { "line_id": 1152.0, "prov": "Siedlce", "dist": "Siedlce" }, "geometry": { "type": "Point", "coordinates": [ 22.51666667, 52.21666667 ] } },
{ "type": "Feature", "properties": { "line_id": 1153.0, "prov": "Galicia", "dist": "Mosciska" }, "geometry": { "type": "Point", "coordinates": [ 23.15, 49.8 ] } },
{ "type": "Feature", "properties": { "line_id": 1154.0, "prov": "Kovno", "dist": "Telshi" }, "geometry": { "type": "Point", "coordinates": [ 21.58333333, 56.16666667 ] } },
{ "type": "Feature", "properties": { "line_id": 1155.0, "prov": "Kiev", "dist": "Cherkasy" }, "geometry": { "type": "Point", "coordinates": [ 31.75, 49.53333333 ] } },
{ "type": "Feature", "properties": { "line_id": 1156.0, "prov": "Galicia", "dist": "Kosow" }, "geometry": { "type": "Point", "coordinates": [ 25.1, 48.3 ] } },
{ "type": "Feature", "properties": { "line_id": 1157.0, "prov": "Kherson", "dist": "Ananev" }, "geometry": { "type": "Point", "coordinates": [ 31.0, 47.41666667 ] } },
{ "type": "Feature", "properties": { "line_id": 1158.0, "prov": "Grodno", "dist": "Grodno" }, "geometry": { "type": "Point", "coordinates": [ 24.53333333, 53.4 ] } },
{ "type": "Feature", "properties": { "line_id": 1159.0, "prov": "Galicia", "dist": "Rawa" }, "geometry": { "type": "Point", "coordinates": [ 23.55, 50.31666667 ] } },
{ "type": "Feature", "properties": { "line_id": 1160.0, "prov": "Minsk", "dist": "Mozyr" }, "geometry": { "type": "Point", "coordinates": [ 29.26666667, 52.05 ] } },
{ "type": "Feature", "properties": { "line_id": 1161.0, "prov": "Preussen", "dist": "Wyrzysk" }, "geometry": { "type": "Point", "coordinates": [ 17.61666667, 53.25 ] } },
{ "type": "Feature", "properties": { "line_id": 1162.0, "prov": "Grodno", "dist": "Volkovysk" }, "geometry": { "type": "Point", "coordinates": [ 24.25, 53.11666667 ] } },
{ "type": "Feature", "properties": { "line_id": 1163.0, "prov": "Mogilev", "dist": "Mstislavl" }, "geometry": { "type": "Point", "coordinates": [ 31.73333333, 54.01666667 ] } },
{ "type": "Feature", "properties": { "line_id": 1164.0, "prov": "Minsk", "dist": "Borisov" }, "geometry": { "type": "Point", "coordinates": [ 28.16666667, 54.56666667 ] } },
{ "type": "Feature", "properties": { "line_id": 1165.0, "prov": "Piotrkow", "dist": "Czestochowa" }, "geometry": { "type": "Point", "coordinates": [ 19.3, 50.83333333 ] } },
{ "type": "Feature", "properties": { "line_id": 1166.0, "prov": "Galicia", "dist": "Limanowa" }, "geometry": { "type": "Point", "coordinates": [ 20.08333333, 49.68333333 ] } },
{ "type": "Feature", "properties": { "line_id": 1167.0, "prov": "Warszawa", "dist": "Blonie" }, "geometry": { "type": "Point", "coordinates": [ 20.51666667, 51.98333333 ] } },
{ "type": "Feature", "properties": { "line_id": 1169.0, "prov": "Podolia", "dist": "Lampol" }, "geometry": { "type": "Point", "coordinates": [ 28.21666667, 48.78333333 ] } },
{ "type": "Feature", "properties": { "line_id": 1170.0, "prov": "Volhynia", "dist": "Dubno" }, "geometry": { "type": "Point", "coordinates": [ 25.58333333, 50.51666667 ] } },
{ "type": "Feature", "properties": { "line_id": 1171.0, "prov": "Podolia", "dist": "Novaia Ushitsa" }, "geometry": { "type": "Point", "coordinates": [ 27.51666667, 48.73333333 ] } },
{ "type": "Feature", "properties": { "line_id": 1172.0, "prov": "Vilna", "dist": "Vilnius" }, "geometry": { "type": "Point", "coordinates": [ 24.85, 54.95 ] } },
{ "type": "Feature", "properties": { "line_id": 1173.0, "prov": "Galicia", "dist": "Nowy Sacz" }, "geometry": { "type": "Point", "coordinates": [ 20.91666667, 49.35 ] } },
{ "type": "Feature", "properties": { "line_id": 1174.0, "prov": "Galicia", "dist": "Myslenice" }, "geometry": { "type": "Point", "coordinates": [ 19.93333333, 49.83333333 ] } },
{ "type": "Feature", "properties": { "line_id": 1175.0, "prov": "Piotrkow", "dist": "Bedzin" }, "geometry": { "type": "Point", "coordinates": [ 19.35, 50.58333333 ] } },
{ "type": "Feature", "properties": { "line_id": 1176.0, "prov": "Lomza", "dist": "Ostrolenka" }, "geometry": { "type": "Point", "coordinates": [ 21.35, 53.38333333 ] } },
{ "type": "Feature", "properties": { "line_id": 1177.0, "prov": "Warszawa", "dist": "Blonie" }, "geometry": { "type": "Point", "coordinates": [ 20.8, 52.1 ] } },
{ "type": "Feature", "properties": { "line_id": 1178.0, "prov": "Ekaterinoslav", "dist": "Mariupol" }, "geometry": { "type": "Point", "coordinates": [ 36.83333333, 47.58333333 ] } },
{ "type": "Feature", "properties": { "line_id": 1179.0, "prov": "Galicia", "dist": "Nadworna" }, "geometry": { "type": "Point", "coordinates": [ 24.58333333, 48.63333333 ] } },
{ "type": "Feature", "properties": { "line_id": 1180.0, "prov": "Kherson", "dist": "Kherson" }, "geometry": { "type": "Point", "coordinates": [ 32.85, 47.3 ] } },
{ "type": "Feature", "properties": { "line_id": 1181.0, "prov": "Galicia", "dist": "Buczacz" }, "geometry": { "type": "Point", "coordinates": [ 25.36666667, 49.06666667 ] } },
{ "type": "Feature", "properties": { "line_id": 1182.0, "prov": "Galicia", "dist": "Jaworow" }, "geometry": { "type": "Point", "coordinates": [ 23.3, 50.01666667 ] } },
{ "type": "Feature", "properties": { "line_id": 1183.0, "prov": "Preussen", "dist": "Wyrzysk" }, "geometry": { "type": "Point", "coordinates": [ 17.6, 53.15 ] } },
{ "type": "Feature", "properties": { "line_id": 1184.0, "prov": "Lublin", "dist": "Pulawy" }, "geometry": { "type": "Point", "coordinates": [ 22.21666667, 51.28333333 ] } },
{ "type": "Feature", "properties": { "line_id": 1185.0, "prov": "Vilna", "dist": "Oshmiany" }, "geometry": { "type": "Point", "coordinates": [ 26.45, 53.75 ] } },
{ "type": "Feature", "properties": { "line_id": 1186.0, "prov": "Galicia", "dist": "Brzezany" }, "geometry": { "type": "Point", "coordinates": [ 24.76666667, 49.53333333 ] } },
{ "type": "Feature", "properties": { "line_id": 1187.0, "prov": "Grodno", "dist": "Bielsk" }, "geometry": { "type": "Point", "coordinates": [ 23.51666667, 52.91666667 ] } },
{ "type": "Feature", "properties": { "line_id": 1188.0, "prov": "Grodno", "dist": "Pruzhany" }, "geometry": { "type": "Point", "coordinates": [ 23.75, 52.83333333 ] } },
{ "type": "Feature", "properties": { "line_id": 1189.0, "prov": "Volhynia", "dist": "Ovruch" }, "geometry": { "type": "Point", "coordinates": [ 29.08333333, 51.2 ] } },
{ "type": "Feature", "properties": { "line_id": 1190.0, "prov": "Galicia", "dist": "Cieszanow" }, "geometry": { "type": "Point", "coordinates": [ 23.31666667, 50.35 ] } },
{ "type": "Feature", "properties": { "line_id": 1191.0, "prov": "Minsk", "dist": "Riechitsa" }, "geometry": { "type": "Point", "coordinates": [ 29.5, 51.8 ] } },
{ "type": "Feature", "properties": { "line_id": 1192.0, "prov": "Sankt-Peterburg", "dist": "Iamburg" }, "geometry": { "type": "Point", "coordinates": [ 28.18333333, 59.38333333 ] } },
{ "type": "Feature", "properties": { "line_id": 1193.0, "prov": "Warszawa", "dist": "Pultusk" }, "geometry": { "type": "Point", "coordinates": [ 20.8, 52.58333333 ] } },
{ "type": "Feature", "properties": { "line_id": 1194.0, "prov": "Preussen", "dist": "Pommern" }, "geometry": { "type": "Point", "coordinates": [ 15.11666667, 53.66666667 ] } },
{ "type": "Feature", "properties": { "line_id": 1195.0, "prov": "Galicia", "dist": "Lwow" }, "geometry": { "type": "Point", "coordinates": [ 23.93333333, 49.75 ] } },
{ "type": "Feature", "properties": { "line_id": 1196.0, "prov": "Preussen", "dist": "Nidzica" }, "geometry": { "type": "Point", "coordinates": [ 20.43333333, 53.36666667 ] } },
{ "type": "Feature", "properties": { "line_id": 1197.0, "prov": "Kovno", "dist": "Rossieny" }, "geometry": { "type": "Point", "coordinates": [ 22.76666667, 55.43333333 ] } },
{ "type": "Feature", "properties": { "line_id": 1198.0, "prov": "Podolia", "dist": "Bratslav" }, "geometry": { "type": "Point", "coordinates": [ 28.85, 48.96666667 ] } },
{ "type": "Feature", "properties": { "line_id": 1199.0, "prov": "Vilna", "dist": "Troki" }, "geometry": { "type": "Point", "coordinates": [ 24.03333333, 54.3 ] } },
{ "type": "Feature", "properties": { "line_id": 1200.0, "prov": "Kovno", "dist": "Poneviezh" }, "geometry": { "type": "Point", "coordinates": [ 24.76666667, 56.4 ] } },
{ "type": "Feature", "properties": { "line_id": 1201.0, "prov": "Courland", "dist": "Fridrikhshtadt" }, "geometry": { "type": "Point", "coordinates": [ 25.3, 56.16666667 ] } },
{ "type": "Feature", "properties": { "line_id": 1202.0, "prov": "Preussen", "dist": "Pommern" }, "geometry": { "type": "Point", "coordinates": [ 16.7, 53.71666667 ] } },
{ "type": "Feature", "properties": { "line_id": 1203.0, "prov": "Kovno", "dist": "Telshi" }, "geometry": { "type": "Point", "coordinates": [ 22.28333333, 56.1 ] } },
{ "type": "Feature", "properties": { "line_id": 1204.0, "prov": "Vitebsk", "dist": "Nevel" }, "geometry": { "type": "Point", "coordinates": [ 29.91666667, 56.03333333 ] } },
{ "type": "Feature", "properties": { "line_id": 1205.0, "prov": "Galicia", "dist": "Rzeszow" }, "geometry": { "type": "Point", "coordinates": [ 21.9, 49.86666667 ] } },
{ "type": "Feature", "properties": { "line_id": 1206.0, "prov": "Minsk", "dist": "Slutsk" }, "geometry": { "type": "Point", "coordinates": [ 26.3, 52.93333333 ] } },
{ "type": "Feature", "properties": { "line_id": 1207.0, "prov": "Minsk", "dist": "Novogrudok" }, "geometry": { "type": "Point", "coordinates": [ 26.08333333, 53.65 ] } },
{ "type": "Feature", "properties": { "line_id": 1208.0, "prov": "Piotrkow", "dist": "Bedzin" }, "geometry": { "type": "Point", "coordinates": [ 19.25, 50.28333333 ] } },
{ "type": "Feature", "properties": { "line_id": 1209.0, "prov": "Vilna", "dist": "Vilnius" }, "geometry": { "type": "Point", "coordinates": [ 25.48333333, 54.85 ] } },
{ "type": "Feature", "properties": { "line_id": 1210.0, "prov": "Galicia", "dist": "Rawa" }, "geometry": { "type": "Point", "coordinates": [ 23.45, 50.11666667 ] } },
{ "type": "Feature", "properties": { "line_id": 1211.0, "prov": "Grodno", "dist": "Bielsk" }, "geometry": { "type": "Point", "coordinates": [ 23.15, 52.3 ] } },
{ "type": "Feature", "properties": { "line_id": 1212.0, "prov": "Galicia", "dist": "Bochnia" }, "geometry": { "type": "Point", "coordinates": [ 20.23333333, 50.03333333 ] } },
{ "type": "Feature", "properties": { "line_id": 1213.0, "prov": "Volhynia", "dist": "Kovel" }, "geometry": { "type": "Point", "coordinates": [ 24.81666667, 51.38333333 ] } },
{ "type": "Feature", "properties": { "line_id": 1214.0, "prov": "Minsk", "dist": "Slutsk" }, "geometry": { "type": "Point", "coordinates": [ 26.66666667, 53.21666667 ] } },
{ "type": "Feature", "properties": { "line_id": 1215.0, "prov": "Warszawa", "dist": "Nieszawa" }, "geometry": { "type": "Point", "coordinates": [ 18.9, 52.83333333 ] } },
{ "type": "Feature", "properties": { "line_id": 1216.0, "prov": "Chernigov", "dist": "Niezhin" }, "geometry": { "type": "Point", "coordinates": [ 31.88333333, 51.05 ] } },
{ "type": "Feature", "properties": { "line_id": 1217.0, "prov": "Kherson", "dist": "Kherson" }, "geometry": { "type": "Point", "coordinates": [ 32.0, 46.96666667 ] } },
{ "type": "Feature", "properties": { "line_id": 1218.0, "prov": "Preussen", "dist": "Ketrzyn" }, "geometry": { "type": "Point", "coordinates": [ 21.58333333, 53.8 ] } },
{ "type": "Feature", "properties": { "line_id": 1219.0, "prov": "Podolia", "dist": "Proskurov" }, "geometry": { "type": "Point", "coordinates": [ 26.85, 49.58333333 ] } },
{ "type": "Feature", "properties": { "line_id": 1220.0, "prov": "Ekaterinoslav", "dist": "Ekaterinoslav" }, "geometry": { "type": "Point", "coordinates": [ 34.4, 47.56666667 ] } },
{ "type": "Feature", "properties": { "line_id": 1221.0, "prov": "Galicia", "dist": "Nisko" }, "geometry": { "type": "Point", "coordinates": [ 22.15, 50.53333333 ] } },
{ "type": "Feature", "properties": { "line_id": 1222.0, "prov": "Piotrkow", "dist": "Bedzin" }, "geometry": { "type": "Point", "coordinates": [ 19.16666667, 50.25 ] } },
{ "type": "Feature", "properties": { "line_id": 1223.0, "prov": "Vilna", "dist": "Vileika" }, "geometry": { "type": "Point", "coordinates": [ 27.11666667, 54.65 ] } },
{ "type": "Feature", "properties": { "line_id": 1224.0, "prov": "Galicia", "dist": "Przemysl" }, "geometry": { "type": "Point", "coordinates": [ 22.81666667, 49.68333333 ] } },
{ "type": "Feature", "properties": { "line_id": 1225.0, "prov": "Ekaterinoslav", "dist": "Novomoskovsk" }, "geometry": { "type": "Point", "coordinates": [ 35.06666667, 48.5 ] } },
{ "type": "Feature", "properties": { "line_id": 1226.0, "prov": "Galicia", "dist": "Tlumacz" }, "geometry": { "type": "Point", "coordinates": [ 25.08333333, 48.95 ] } },
{ "type": "Feature", "properties": { "line_id": 1227.0, "prov": "Preussen", "dist": "Pommern" }, "geometry": { "type": "Point", "coordinates": [ 15.55194444, 53.43666667 ] } },
{ "type": "Feature", "properties": { "line_id": 1228.0, "prov": "Taurida", "dist": "Berdiansk" }, "geometry": { "type": "Point", "coordinates": [ 36.35, 46.73333333 ] } },
{ "type": "Feature", "properties": { "line_id": 1229.0, "prov": "Preussen", "dist": "Frydlad" }, "geometry": { "type": "Point", "coordinates": [ 21.00027778, 54.26805556 ] } },
{ "type": "Feature", "properties": { "line_id": 1230.0, "prov": "Volhynia", "dist": "Ovruch" }, "geometry": { "type": "Point", "coordinates": [ 28.6, 51.26666667 ] } },
{ "type": "Feature", "properties": { "line_id": 1231.0, "prov": "Mogilev", "dist": "Gomel" }, "geometry": { "type": "Point", "coordinates": [ 31.26666667, 52.26666667 ] } },
{ "type": "Feature", "properties": { "line_id": 1232.0, "prov": "Chernigov", "dist": "Niezhin" }, "geometry": { "type": "Point", "coordinates": [ 31.58333333, 50.93333333 ] } },
{ "type": "Feature", "properties": { "line_id": 1233.0, "prov": "Bessarabia", "dist": "Khotin" }, "geometry": { "type": "Point", "coordinates": [ 26.28333333, 48.21666667 ] } },
{ "type": "Feature", "properties": { "line_id": 1234.0, "prov": "Kherson", "dist": "Aleksandriia" }, "geometry": { "type": "Point", "coordinates": [ 32.9, 48.56666667 ] } },
{ "type": "Feature", "properties": { "line_id": 1235.0, "prov": "Kiev", "dist": "Berdichev" }, "geometry": { "type": "Point", "coordinates": [ 28.71666667, 49.38333333 ] } },
{ "type": "Feature", "properties": { "line_id": 1236.0, "prov": "Podolia", "dist": "Novaia Ushitsa" }, "geometry": { "type": "Point", "coordinates": [ 27.28333333, 48.83333333 ] } },
{ "type": "Feature", "properties": { "line_id": 1237.0, "prov": "Novgorod", "dist": "Novgorod" }, "geometry": { "type": "Point", "coordinates": [ 31.28333333, 58.51666667 ] } },
{ "type": "Feature", "properties": { "line_id": 1238.0, "prov": "Chernigov", "dist": "Novgorod-Sieversk" }, "geometry": { "type": "Point", "coordinates": [ 33.26666667, 52.0 ] } },
{ "type": "Feature", "properties": { "line_id": 1239.0, "prov": "Kherson", "dist": "Elizavetgrad" }, "geometry": { "type": "Point", "coordinates": [ 30.81666667, 48.66666667 ] } },
{ "type": "Feature", "properties": { "line_id": 1240.0, "prov": "Ekaterinoslav", "dist": "Aleksandrovsk" }, "geometry": { "type": "Point", "coordinates": [ 36.63333333, 47.78333333 ] } },
{ "type": "Feature", "properties": { "line_id": 1241.0, "prov": "Podolia", "dist": "Litin" }, "geometry": { "type": "Point", "coordinates": [ 27.73333333, 49.48333333 ] } },
{ "type": "Feature", "properties": { "line_id": 1242.0, "prov": "Kherson", "dist": "Elizavetgrad" }, "geometry": { "type": "Point", "coordinates": [ 31.65, 48.78333333 ] } },
{ "type": "Feature", "properties": { "line_id": 1243.0, "prov": "Ekaterinoslav", "dist": "Novomoskovsk" }, "geometry": { "type": "Point", "coordinates": [ 35.2, 48.61666667 ] } },
{ "type": "Feature", "properties": { "line_id": 1244.0, "prov": "Kherson", "dist": "Ananev" }, "geometry": { "type": "Point", "coordinates": [ 30.55, 47.66666667 ] } },
{ "type": "Feature", "properties": { "line_id": 1245.0, "prov": "Kherson", "dist": "Kherson" }, "geometry": { "type": "Point", "coordinates": [ 32.5, 47.55 ] } },
{ "type": "Feature", "properties": { "line_id": 1246.0, "prov": "Pskov", "dist": "Novorzhev" }, "geometry": { "type": "Point", "coordinates": [ 29.33333333, 57.03333333 ] } },
{ "type": "Feature", "properties": { "line_id": 1247.0, "prov": "Pskov", "dist": "Velikie Luki" }, "geometry": { "type": "Point", "coordinates": [ 30.15, 56.35 ] } },
{ "type": "Feature", "properties": { "line_id": 1248.0, "prov": "Kherson", "dist": "Elizavetgrad" }, "geometry": { "type": "Point", "coordinates": [ 31.51666667, 48.31666667 ] } },
{ "type": "Feature", "properties": { "line_id": 1249.0, "prov": "Kherson", "dist": "Kherson" }, "geometry": { "type": "Point", "coordinates": [ 33.9, 47.96666667 ] } },
{ "type": "Feature", "properties": { "line_id": 1250.0, "prov": "Kherson", "dist": "Kherson" }, "geometry": { "type": "Point", "coordinates": [ 33.93333333, 47.5 ] } },
{ "type": "Feature", "properties": { "line_id": 1251.0, "prov": "Kherson", "dist": "Kherson" }, "geometry": { "type": "Point", "coordinates": [ 33.65, 47.91666667 ] } },
{ "type": "Feature", "properties": { "line_id": 1252.0, "prov": "Chernigov", "dist": "Novozybkov" }, "geometry": { "type": "Point", "coordinates": [ 31.93333333, 52.53333333 ] } },
{ "type": "Feature", "properties": { "line_id": 1253.0, "prov": "Ekaterinoslav", "dist": "Aleksandrovsk" }, "geometry": { "type": "Point", "coordinates": [ 36.56666667, 47.66666667 ] } },
{ "type": "Feature", "properties": { "line_id": 1254.0, "prov": "Mogilev", "dist": "Staro-Bykhov" }, "geometry": { "type": "Point", "coordinates": [ 30.35, 53.33333333 ] } },
{ "type": "Feature", "properties": { "line_id": 1255.0, "prov": "Kiev", "dist": "Skvira" }, "geometry": { "type": "Point", "coordinates": [ 29.45, 49.58333333 ] } },
{ "type": "Feature", "properties": { "line_id": 1256.0, "prov": "Kherson", "dist": "Kherson" }, "geometry": { "type": "Point", "coordinates": [ 32.5, 47.68333333 ] } },
{ "type": "Feature", "properties": { "line_id": 1257.0, "prov": "Piotrkow", "dist": "Rawa" }, "geometry": { "type": "Point", "coordinates": [ 20.58333333, 51.63333333 ] } },
{ "type": "Feature", "properties": { "line_id": 1258.0, "prov": "Galicia", "dist": "Dobromil" }, "geometry": { "type": "Point", "coordinates": [ 22.86666667, 49.61666667 ] } },
{ "type": "Feature", "properties": { "line_id": 1259.0, "prov": "Warszawa", "dist": "Plonsk" }, "geometry": { "type": "Point", "coordinates": [ 20.63333333, 52.65 ] } },
{ "type": "Feature", "properties": { "line_id": 1260.0, "prov": "Galicia", "dist": "Zolkiew" }, "geometry": { "type": "Point", "coordinates": [ 24.1, 49.95 ] } },
{ "type": "Feature", "properties": { "line_id": 1261.0, "prov": "Galicia", "dist": "Zbaraz" }, "geometry": { "type": "Point", "coordinates": [ 26.06666667, 49.65 ] } },
{ "type": "Feature", "properties": { "line_id": 1262.0, "prov": "Lublin", "dist": "Lublin" }, "geometry": { "type": "Point", "coordinates": [ 22.48333333, 51.13333333 ] } },
{ "type": "Feature", "properties": { "line_id": 1263.0, "prov": "Lomza", "dist": "Lomzha" }, "geometry": { "type": "Point", "coordinates": [ 21.86666667, 53.23333333 ] } },
{ "type": "Feature", "properties": { "line_id": 1264.0, "prov": "Minsk", "dist": "Novogrudok" }, "geometry": { "type": "Point", "coordinates": [ 25.83333333, 53.6 ] } },
{ "type": "Feature", "properties": { "line_id": 1265.0, "prov": "Grodno", "dist": "Slonim" }, "geometry": { "type": "Point", "coordinates": [ 25.58333333, 53.46666667 ] } },
{ "type": "Feature", "properties": { "line_id": 1266.0, "prov": "Vilna", "dist": "Lida" }, "geometry": { "type": "Point", "coordinates": [ 24.56666667, 53.8 ] } },
{ "type": "Feature", "properties": { "line_id": 1267.0, "prov": "Grodno", "dist": "Volkovysk" }, "geometry": { "type": "Point", "coordinates": [ 24.35, 52.83333333 ] } },
{ "type": "Feature", "properties": { "line_id": 1268.0, "prov": "Warszawa", "dist": "Warszawa" }, "geometry": { "type": "Point", "coordinates": [ 20.71666667, 52.43333333 ] } },
{ "type": "Feature", "properties": { "line_id": 1269.0, "prov": "Grodno", "dist": "Sokolki" }, "geometry": { "type": "Point", "coordinates": [ 23.55, 53.63333333 ] } },
{ "type": "Feature", "properties": { "line_id": 1270.0, "prov": "Kielce", "dist": "Stopnica" }, "geometry": { "type": "Point", "coordinates": [ 20.81666667, 50.3 ] } },
{ "type": "Feature", "properties": { "line_id": 1271.0, "prov": "Vilna", "dist": "Disna" }, "geometry": { "type": "Point", "coordinates": [ 27.48333333, 55.5 ] } },
{ "type": "Feature", "properties": { "line_id": 1272.0, "prov": "Galicia", "dist": "Nowy Sacz" }, "geometry": { "type": "Point", "coordinates": [ 20.71666667, 49.63333333 ] } },
{ "type": "Feature", "properties": { "line_id": 1273.0, "prov": "Lomza", "dist": "Ostrov" }, "geometry": { "type": "Point", "coordinates": [ 22.31666667, 52.66666667 ] } },
{ "type": "Feature", "properties": { "line_id": 1274.0, "prov": "Mogilev", "dist": "Sienno" }, "geometry": { "type": "Point", "coordinates": [ 29.36666667, 54.5 ] } },
{ "type": "Feature", "properties": { "line_id": 1275.0, "prov": "Kovno", "dist": "Novoaleksandrovsk" }, "geometry": { "type": "Point", "coordinates": [ 25.8, 55.93333333 ] } },
{ "type": "Feature", "properties": { "line_id": 1276.0, "prov": "Galicia", "dist": "Kolomyja" }, "geometry": { "type": "Point", "coordinates": [ 25.16666667, 48.7 ] } },
{ "type": "Feature", "properties": { "line_id": 1277.0, "prov": "Podolia", "dist": "Olgopol" }, "geometry": { "type": "Point", "coordinates": [ 29.25, 48.4 ] } },
{ "type": "Feature", "properties": { "line_id": 1278.0, "prov": "Mogilev", "dist": "Orsha" }, "geometry": { "type": "Point", "coordinates": [ 29.83333333, 54.6 ] } },
{ "type": "Feature", "properties": { "line_id": 1279.0, "prov": "Preussen", "dist": "Szamotuly" }, "geometry": { "type": "Point", "coordinates": [ 16.53333333, 52.7 ] } },
{ "type": "Feature", "properties": { "line_id": 1280.0, "prov": "Kiev", "dist": "Kiev" }, "geometry": { "type": "Point", "coordinates": [ 30.63333333, 50.1 ] } },
{ "type": "Feature", "properties": { "line_id": 1281.0, "prov": "Kherson", "dist": "Odessa" }, "geometry": { "type": "Point", "coordinates": [ 31.55, 46.61666667 ] } },
{ "type": "Feature", "properties": { "line_id": 1282.0, "prov": "Galicia", "dist": "Nowy Targ" }, "geometry": { "type": "Point", "coordinates": [ 20.3413871, 49.5263942 ] } },
{ "type": "Feature", "properties": { "line_id": 1283.0, "prov": "Grodno", "dist": "Sokolki" }, "geometry": { "type": "Point", "coordinates": [ 23.76666667, 53.4 ] } },
{ "type": "Feature", "properties": { "line_id": 1284.0, "prov": "Kherson", "dist": "Odessa" }, "geometry": { "type": "Point", "coordinates": [ 30.73333333, 46.46666667 ] } },
{ "type": "Feature", "properties": { "line_id": 1285.0, "prov": "Radom", "dist": "Opoczno" }, "geometry": { "type": "Point", "coordinates": [ 20.55, 51.53333333 ] } },
{ "type": "Feature", "properties": { "line_id": 1286.0, "prov": "Livland", "dist": "Riga" }, "geometry": { "type": "Point", "coordinates": [ 24.6, 56.81666667 ] } },
{ "type": "Feature", "properties": { "line_id": 1287.0, "prov": "Lublin", "dist": "Lukow" }, "geometry": { "type": "Point", "coordinates": [ 22.13333333, 51.75 ] } },
{ "type": "Feature", "properties": { "line_id": 1288.0, "prov": "Warszawa", "dist": "Warszawa" }, "geometry": { "type": "Point", "coordinates": [ 21.3, 52.26666667 ] } },
{ "type": "Feature", "properties": { "line_id": 1289.0, "prov": "Galicia", "dist": "Zloczow" }, "geometry": { "type": "Point", "coordinates": [ 24.88333333, 49.96666667 ] } },
{ "type": "Feature", "properties": { "line_id": 1290.0, "prov": "Preussen", "dist": "Olesno" }, "geometry": { "type": "Point", "coordinates": [ 18.43333333, 50.88333333 ] } },
{ "type": "Feature", "properties": { "line_id": 1291.0, "prov": "Galicia", "dist": "Cieszanow" }, "geometry": { "type": "Point", "coordinates": [ 23.03333333, 50.16666667 ] } },
{ "type": "Feature", "properties": { "line_id": 1292.0, "prov": "Volhynia", "dist": "Ovruch" }, "geometry": { "type": "Point", "coordinates": [ 27.65, 51.21666667 ] } },
{ "type": "Feature", "properties": { "line_id": 1293.0, "prov": "Podolia", "dist": "Olgopol" }, "geometry": { "type": "Point", "coordinates": [ 29.5, 48.2 ] } },
{ "type": "Feature", "properties": { "line_id": 1294.0, "prov": "Volhynia", "dist": "Lutsk" }, "geometry": { "type": "Point", "coordinates": [ 25.98333333, 51.35 ] } },
{ "type": "Feature", "properties": { "line_id": 1295.0, "prov": "Vilna", "dist": "Troki" }, "geometry": { "type": "Point", "coordinates": [ 24.83333333, 54.35 ] } },
{ "type": "Feature", "properties": { "line_id": 1296.0, "prov": "Kielce", "dist": "Olkusz" }, "geometry": { "type": "Point", "coordinates": [ 19.56666667, 50.28333333 ] } },
{ "type": "Feature", "properties": { "line_id": 1297.0, "prov": "Galicia", "dist": "Jaslo" }, "geometry": { "type": "Point", "coordinates": [ 21.2, 49.8 ] } },
{ "type": "Feature", "properties": { "line_id": 1298.0, "prov": "Kiev", "dist": "Zvenigorodka" }, "geometry": { "type": "Point", "coordinates": [ 31.21666667, 49.21666667 ] } },
{ "type": "Feature", "properties": { "line_id": 1299.0, "prov": "Preussen", "dist": "Olsztyn" }, "geometry": { "type": "Point", "coordinates": [ 20.48333333, 53.78333333 ] } },
{ "type": "Feature", "properties": { "line_id": 1300.0, "prov": "Volhynia", "dist": "Dubno" }, "geometry": { "type": "Point", "coordinates": [ 25.81666667, 50.71666667 ] } },
{ "type": "Feature", "properties": { "line_id": 1301.0, "prov": "Kovno", "dist": "Novoaleksandrovsk" }, "geometry": { "type": "Point", "coordinates": [ 25.53333333, 56.13333333 ] } },
{ "type": "Feature", "properties": { "line_id": 1302.0, "prov": "Vilna", "dist": "Troki" }, "geometry": { "type": "Point", "coordinates": [ 24.6, 54.48333333 ] } },
{ "type": "Feature", "properties": { "line_id": 1303.0, "prov": "Volhynia", "dist": "Vladimir-Volynskii" }, "geometry": { "type": "Point", "coordinates": [ 23.7, 51.28333333 ] } },
{ "type": "Feature", "properties": { "line_id": 1304.0, "prov": "Radom", "dist": "Opatow" }, "geometry": { "type": "Point", "coordinates": [ 21.43333333, 50.8 ] } },
{ "type": "Feature", "properties": { "line_id": 1305.0, "prov": "Kielce", "dist": "Dabrowa" }, "geometry": { "type": "Point", "coordinates": [ 20.73333333, 50.25 ] } },
{ "type": "Feature", "properties": { "line_id": 1306.0, "prov": "Pskov", "dist": "Opochka" }, "geometry": { "type": "Point", "coordinates": [ 28.68333333, 56.71666667 ] } },
{ "type": "Feature", "properties": { "line_id": 1307.0, "prov": "Radom", "dist": "Opoczno" }, "geometry": { "type": "Point", "coordinates": [ 20.28333333, 51.36666667 ] } },
{ "type": "Feature", "properties": { "line_id": 1308.0, "prov": "Lublin", "dist": "Pulawy" }, "geometry": { "type": "Point", "coordinates": [ 21.96666667, 51.15 ] } },
{ "type": "Feature", "properties": { "line_id": 1309.0, "prov": "Kiev", "dist": "Lipovets" }, "geometry": { "type": "Point", "coordinates": [ 29.53333333, 49.2 ] } },
{ "type": "Feature", "properties": { "line_id": 1310.0, "prov": "Taurida", "dist": "Berdiansk" }, "geometry": { "type": "Point", "coordinates": [ 35.78333333, 47.56666667 ] } },
{ "type": "Feature", "properties": { "line_id": 1311.0, "prov": "Bessarabia", "dist": "Orgieev" }, "geometry": { "type": "Point", "coordinates": [ 28.81666667, 47.38333333 ] } },
{ "type": "Feature", "properties": { "line_id": 1312.0, "prov": "Podolia", "dist": "Kamenets-Podolsk" }, "geometry": { "type": "Point", "coordinates": [ 26.4, 48.76666667 ] } },
{ "type": "Feature", "properties": { "line_id": 1313.0, "prov": "Orel", "dist": "Orel" }, "geometry": { "type": "Point", "coordinates": [ 36.08333333, 52.96666667 ] } },
{ "type": "Feature", "properties": { "line_id": 1314.0, "prov": "Grodno", "dist": "Bielsk" }, "geometry": { "type": "Point", "coordinates": [ 23.33333333, 52.7 ] } },
{ "type": "Feature", "properties": { "line_id": 1315.0, "prov": "Vilna", "dist": "Lida" }, "geometry": { "type": "Point", "coordinates": [ 24.98333333, 53.5 ] } },
{ "type": "Feature", "properties": { "line_id": 1316.0, "prov": "Galicia", "dist": "Drohobycz" }, "geometry": { "type": "Point", "coordinates": [ 23.53333333, 49.2 ] } },
{ "type": "Feature", "properties": { "line_id": 1317.0, "prov": "Mogilev", "dist": "Orsha" }, "geometry": { "type": "Point", "coordinates": [ 30.4, 54.51666667 ] } },
{ "type": "Feature", "properties": { "line_id": 1318.0, "prov": "Preussen", "dist": "Szczytno" }, "geometry": { "type": "Point", "coordinates": [ 21.0, 53.56666667 ] } },
{ "type": "Feature", "properties": { "line_id": 1319.0, "prov": "Kalisz", "dist": "Wielun" }, "geometry": { "type": "Point", "coordinates": [ 18.8, 51.28333333 ] } },
{ "type": "Feature", "properties": { "line_id": 1320.0, "prov": "Siedlce", "dist": "Garwolin" }, "geometry": { "type": "Point", "coordinates": [ 21.41666667, 51.96666667 ] } },
{ "type": "Feature", "properties": { "line_id": 1321.0, "prov": "Galicia", "dist": "Jaslo" }, "geometry": { "type": "Point", "coordinates": [ 21.48333333, 49.63333333 ] } },
{ "type": "Feature", "properties": { "line_id": 1322.0, "prov": "Warszawa", "dist": "Nieszawa" }, "geometry": { "type": "Point", "coordinates": [ 18.71666667, 52.63333333 ] } },
{ "type": "Feature", "properties": { "line_id": 1323.0, "prov": "Taurida", "dist": "Berdiansk" }, "geometry": { "type": "Point", "coordinates": [ 36.8, 46.75 ] } },
{ "type": "Feature", "properties": { "line_id": 1324.0, "prov": "Minsk", "dist": "Bobruisk" }, "geometry": { "type": "Point", "coordinates": [ 28.65, 53.3 ] } },
{ "type": "Feature", "properties": { "line_id": 1325.0, "prov": "Galicia", "dist": "Nadworna" }, "geometry": { "type": "Point", "coordinates": [ 24.7, 48.5 ] } },
{ "type": "Feature", "properties": { "line_id": 1326.0, "prov": "Volhynia", "dist": "Rovno" }, "geometry": { "type": "Point", "coordinates": [ 25.96666667, 51.08333333 ] } },
{ "type": "Feature", "properties": { "line_id": 1327.0, "prov": "Chernigov", "dist": "Oster" }, "geometry": { "type": "Point", "coordinates": [ 30.88333333, 50.95 ] } },
{ "type": "Feature", "properties": { "line_id": 1328.0, "prov": "Preussen", "dist": "Ostroda" }, "geometry": { "type": "Point", "coordinates": [ 19.98333333, 53.7 ] } },
{ "type": "Feature", "properties": { "line_id": 1329.0, "prov": "Volhynia", "dist": "Ostrog" }, "geometry": { "type": "Point", "coordinates": [ 26.51666667, 50.33333333 ] } },
{ "type": "Feature", "properties": { "line_id": 1330.0, "prov": "Lomza", "dist": "Ostrolenka" }, "geometry": { "type": "Point", "coordinates": [ 21.56666667, 53.08333333 ] } },
{ "type": "Feature", "properties": { "line_id": 1331.0, "prov": "Volhynia", "dist": "Novograd-Volynskii" }, "geometry": { "type": "Point", "coordinates": [ 27.56666667, 49.8 ] } },
{ "type": "Feature", "properties": { "line_id": 1332.0, "prov": "Minsk", "dist": "Minsk" }, "geometry": { "type": "Point", "coordinates": [ 27.7, 54.06666667 ] } },
{ "type": "Feature", "properties": { "line_id": 1333.0, "prov": "Pskov", "dist": "Ostrov" }, "geometry": { "type": "Point", "coordinates": [ 28.36666667, 57.33333333 ] } },
{ "type": "Feature", "properties": { "line_id": 1334.0, "prov": "Mogilev", "dist": "Sienno" }, "geometry": { "type": "Point", "coordinates": [ 29.88333333, 55.13333333 ] } },
{ "type": "Feature", "properties": { "line_id": 1335.0, "prov": "Siedlce", "dist": "Wlodawa" }, "geometry": { "type": "Point", "coordinates": [ 22.85, 51.5 ] } },
{ "type": "Feature", "properties": { "line_id": 1336.0, "prov": "Radom", "dist": "Opatow" }, "geometry": { "type": "Point", "coordinates": [ 21.4, 50.93333333 ] } },
{ "type": "Feature", "properties": { "line_id": 1337.0, "prov": "Lomza", "dist": "Ostrov" }, "geometry": { "type": "Point", "coordinates": [ 21.9, 52.8 ] } },
{ "type": "Feature", "properties": { "line_id": 1338.0, "prov": "Preussen", "dist": "Ostrow" }, "geometry": { "type": "Point", "coordinates": [ 17.81666667, 51.65 ] } },
{ "type": "Feature", "properties": { "line_id": 1339.0, "prov": "Volhynia", "dist": "Dubno" }, "geometry": { "type": "Point", "coordinates": [ 25.55, 50.66666667 ] } },
{ "type": "Feature", "properties": { "line_id": 1340.0, "prov": "Vilna", "dist": "Lida" }, "geometry": { "type": "Point", "coordinates": [ 24.53333333, 53.73333333 ] } },
{ "type": "Feature", "properties": { "line_id": 1341.0, "prov": "Vitebsk", "dist": "Drissa" }, "geometry": { "type": "Point", "coordinates": [ 28.1, 56.01666667 ] } },
{ "type": "Feature", "properties": { "line_id": 1342.0, "prov": "Galicia", "dist": "Biala" }, "geometry": { "type": "Point", "coordinates": [ 19.23333333, 50.03333333 ] } },
{ "type": "Feature", "properties": { "line_id": 1343.0, "prov": "Vilna", "dist": "Oshmiany" }, "geometry": { "type": "Point", "coordinates": [ 25.93333333, 54.41666667 ] } },
{ "type": "Feature", "properties": { "line_id": 1344.0, "prov": "Galicia", "dist": "Tlumacz" }, "geometry": { "type": "Point", "coordinates": [ 24.85, 48.73333333 ] } },
{ "type": "Feature", "properties": { "line_id": 1345.0, "prov": "Warszawa", "dist": "Minsk Mazowiecki" }, "geometry": { "type": "Point", "coordinates": [ 21.31666667, 52.13333333 ] } },
{ "type": "Feature", "properties": { "line_id": 1346.0, "prov": "Kherson", "dist": "Odessa" }, "geometry": { "type": "Point", "coordinates": [ 30.43333333, 46.26666667 ] } },
{ "type": "Feature", "properties": { "line_id": 1347.0, "prov": "Volhynia", "dist": "Ovruch" }, "geometry": { "type": "Point", "coordinates": [ 28.8, 51.31666667 ] } },
{ "type": "Feature", "properties": { "line_id": 1348.0, "prov": "Minsk", "dist": "Bobruisk" }, "geometry": { "type": "Point", "coordinates": [ 29.26666667, 52.46666667 ] } },
{ "type": "Feature", "properties": { "line_id": 1349.0, "prov": "Podolia", "dist": "Mogilev" }, "geometry": { "type": "Point", "coordinates": [ 27.8, 48.53333333 ] } },
{ "type": "Feature", "properties": { "line_id": 1350.0, "prov": "Radom", "dist": "Opatow" }, "geometry": { "type": "Point", "coordinates": [ 21.66666667, 50.88333333 ] } },
{ "type": "Feature", "properties": { "line_id": 1351.0, "prov": "Volhynia", "dist": "Vladimir-Volynskii" }, "geometry": { "type": "Point", "coordinates": [ 24.71666667, 50.85 ] } },
{ "type": "Feature", "properties": { "line_id": 1352.0, "prov": "Minsk", "dist": "Igumen" }, "geometry": { "type": "Point", "coordinates": [ 27.71666667, 53.61666667 ] } },
{ "type": "Feature", "properties": { "line_id": 1353.0, "prov": "Kalisz", "dist": "Leczyca" }, "geometry": { "type": "Point", "coordinates": [ 19.28333333, 51.96666667 ] } },
{ "type": "Feature", "properties": { "line_id": 1354.0, "prov": "Piotrkow", "dist": "Lask" }, "geometry": { "type": "Point", "coordinates": [ 19.36666667, 51.66666667 ] } },
{ "type": "Feature", "properties": { "line_id": 1355.0, "prov": "Kielce", "dist": "Stopnica" }, "geometry": { "type": "Point", "coordinates": [ 21.05, 50.4 ] } },
{ "type": "Feature", "properties": { "line_id": 1356.0, "prov": "Kovno", "dist": "Vilkomir" }, "geometry": { "type": "Point", "coordinates": [ 24.4, 55.35 ] } },
{ "type": "Feature", "properties": { "line_id": 1357.0, "prov": "Estland", "dist": "Veisenshtein" }, "geometry": { "type": "Point", "coordinates": [ 25.55, 58.88333333 ] } },
{ "type": "Feature", "properties": { "line_id": 1358.0, "prov": "Piotrkow", "dist": "Noworadomsk" }, "geometry": { "type": "Point", "coordinates": [ 19.0, 51.15 ] } },
{ "type": "Feature", "properties": { "line_id": 1359.0, "prov": "Kovno", "dist": "Rossieny" }, "geometry": { "type": "Point", "coordinates": [ 22.05, 55.45 ] } },
{ "type": "Feature", "properties": { "line_id": 1360.0, "prov": "Kovno", "dist": "Poneviezh" }, "geometry": { "type": "Point", "coordinates": [ 23.86666667, 55.96666667 ] } },
{ "type": "Feature", "properties": { "line_id": 1361.0, "prov": "Courland", "dist": "Grobin" }, "geometry": { "type": "Point", "coordinates": [ 21.05, 55.91666667 ] } },
{ "type": "Feature", "properties": { "line_id": 1362.0, "prov": "Kovno", "dist": "Novoaleksandrovsk" }, "geometry": { "type": "Point", "coordinates": [ 25.21666667, 56.01666667 ] } },
{ "type": "Feature", "properties": { "line_id": 1363.0, "prov": "Kovno", "dist": "Novoaleksandrovsk" }, "geometry": { "type": "Point", "coordinates": [ 25.48333333, 55.91666667 ] } },
{ "type": "Feature", "properties": { "line_id": 1364.0, "prov": "Kovno", "dist": "Poneviezh" }, "geometry": { "type": "Point", "coordinates": [ 24.35, 55.73333333 ] } },
{ "type": "Feature", "properties": { "line_id": 1365.0, "prov": "Vilna", "dist": "Troki" }, "geometry": { "type": "Point", "coordinates": [ 24.73333333, 54.51666667 ] } },
{ "type": "Feature", "properties": { "line_id": 1366.0, "prov": "Kovno", "dist": "Shavli" }, "geometry": { "type": "Point", "coordinates": [ 22.8, 56.15 ] } },
{ "type": "Feature", "properties": { "line_id": 1367.0, "prov": "Radom", "dist": "Opoczno" }, "geometry": { "type": "Point", "coordinates": [ 20.1, 51.3 ] } },
{ "type": "Feature", "properties": { "line_id": 1368.0, "prov": "Vilna", "dist": "Vileika" }, "geometry": { "type": "Point", "coordinates": [ 27.6, 54.88333333 ] } },
{ "type": "Feature", "properties": { "line_id": 1369.0, "prov": "Siedlce", "dist": "Wlodawa" }, "geometry": { "type": "Point", "coordinates": [ 22.9, 51.63333333 ] } },
{ "type": "Feature", "properties": { "line_id": 1370.0, "prov": "Siedlce", "dist": "Garwolin" }, "geometry": { "type": "Point", "coordinates": [ 21.68333333, 51.96666667 ] } },
{ "type": "Feature", "properties": { "line_id": 1371.0, "prov": "Preussen", "dist": "Pommern" }, "geometry": { "type": "Point", "coordinates": [ 14.0, 53.5 ] } },
{ "type": "Feature", "properties": { "line_id": 1372.0, "prov": "Galicia", "dist": "Stanislawow" }, "geometry": { "type": "Point", "coordinates": [ 24.68333333, 48.93333333 ] } },
{ "type": "Feature", "properties": { "line_id": 1373.0, "prov": "Kovno", "dist": "Poneviezh" }, "geometry": { "type": "Point", "coordinates": [ 24.4, 56.06666667 ] } },
{ "type": "Feature", "properties": { "line_id": 1374.0, "prov": "Kovno", "dist": "Shavli" }, "geometry": { "type": "Point", "coordinates": [ 23.81666667, 56.15 ] } },
{ "type": "Feature", "properties": { "line_id": 1375.0, "prov": "Ekaterinoslav", "dist": "Pavlograd" }, "geometry": { "type": "Point", "coordinates": [ 35.86666667, 48.51666667 ] } },
{ "type": "Feature", "properties": { "line_id": 1376.0, "prov": "Kiev", "dist": "Skvira" }, "geometry": { "type": "Point", "coordinates": [ 29.45, 49.86666667 ] } },
{ "type": "Feature", "properties": { "line_id": 1377.0, "prov": "Podolia", "dist": "Bratslav" }, "geometry": { "type": "Point", "coordinates": [ 28.7, 48.83333333 ] } },
{ "type": "Feature", "properties": { "line_id": 1378.0, "prov": "Galicia", "dist": "Kolomyja" }, "geometry": { "type": "Point", "coordinates": [ 24.88333333, 48.51666667 ] } },
{ "type": "Feature", "properties": { "line_id": 1379.0, "prov": "Taurida", "dist": "Perekop" }, "geometry": { "type": "Point", "coordinates": [ 33.7, 46.16666667 ] } },
{ "type": "Feature", "properties": { "line_id": 1380.0, "prov": "Livland", "dist": "Pernov" }, "geometry": { "type": "Point", "coordinates": [ 24.51666667, 58.36666667 ] } },
{ "type": "Feature", "properties": { "line_id": 1381.0, "prov": "Kherson", "dist": "Balta" }, "geometry": { "type": "Point", "coordinates": [ 30.85, 48.05 ] } },
{ "type": "Feature", "properties": { "line_id": 1382.0, "prov": "Podolia", "dist": "Olgopol" }, "geometry": { "type": "Point", "coordinates": [ 28.9, 48.2 ] } },
{ "type": "Feature", "properties": { "line_id": 1383.0, "prov": "Podolia", "dist": "Balta" }, "geometry": { "type": "Point", "coordinates": [ 29.73333333, 48.11666667 ] } },
{ "type": "Feature", "properties": { "line_id": 1384.0, "prov": "Minsk", "dist": "Mozyr" }, "geometry": { "type": "Point", "coordinates": [ 28.5, 52.13333333 ] } },
{ "type": "Feature", "properties": { "line_id": 1385.0, "prov": "Mogilev", "dist": "Klimovichi" }, "geometry": { "type": "Point", "coordinates": [ 32.15, 53.98333333 ] } },
{ "type": "Feature", "properties": { "line_id": 1386.0, "prov": "Warszawa", "dist": "Warszawa" }, "geometry": { "type": "Point", "coordinates": [ 21.03333333, 52.08333333 ] } },
{ "type": "Feature", "properties": { "line_id": 1387.0, "prov": "Grodno", "dist": "Volkovysk" }, "geometry": { "type": "Point", "coordinates": [ 24.63333333, 53.35 ] } },
{ "type": "Feature", "properties": { "line_id": 1388.0, "prov": "Lublin", "dist": "Lublin" }, "geometry": { "type": "Point", "coordinates": [ 22.86666667, 51.13333333 ] } },
{ "type": "Feature", "properties": { "line_id": 1389.0, "prov": "Kalisz", "dist": "Leczyca" }, "geometry": { "type": "Point", "coordinates": [ 19.48333333, 52.06666667 ] } },
{ "type": "Feature", "properties": { "line_id": 1390.0, "prov": "Kiev", "dist": "Tarashcha" }, "geometry": { "type": "Point", "coordinates": [ 29.93333333, 49.35 ] } },
{ "type": "Feature", "properties": { "line_id": 1391.0, "prov": "Volhynia", "dist": "Zhitomir" }, "geometry": { "type": "Point", "coordinates": [ 28.36666667, 50.01666667 ] } },
{ "type": "Feature", "properties": { "line_id": 1392.0, "prov": "Kalisz", "dist": "Leczyca" }, "geometry": { "type": "Point", "coordinates": [ 19.48333333, 52.06666667 ] } },
{ "type": "Feature", "properties": { "line_id": 1393.0, "prov": "Lomza", "dist": "Lomzha" }, "geometry": { "type": "Point", "coordinates": [ 22.1, 53.18333333 ] } },
{ "type": "Feature", "properties": { "line_id": 1394.0, "prov": "Vitebsk", "dist": "Drissa" }, "geometry": { "type": "Point", "coordinates": [ 27.45, 55.8 ] } },
{ "type": "Feature", "properties": { "line_id": 1395.0, "prov": "Poltava", "dist": "Pereiaslav" }, "geometry": { "type": "Point", "coordinates": [ 31.46666667, 50.08333333 ] } },
{ "type": "Feature", "properties": { "line_id": 1396.0, "prov": "Kielce", "dist": "Stopnica" }, "geometry": { "type": "Point", "coordinates": [ 20.75, 50.7 ] } },
{ "type": "Feature", "properties": { "line_id": 1397.0, "prov": "Kovno", "dist": "Telshi" }, "geometry": { "type": "Point", "coordinates": [ 22.11666667, 56.41666667 ] } },
{ "type": "Feature", "properties": { "line_id": 1398.0, "prov": "Podolia", "dist": "Vinnitsa" }, "geometry": { "type": "Point", "coordinates": [ 28.26666667, 49.56666667 ] } },
{ "type": "Feature", "properties": { "line_id": 1399.0, "prov": "Podolia", "dist": "Litin" }, "geometry": { "type": "Point", "coordinates": [ 27.45, 49.6 ] } },
{ "type": "Feature", "properties": { "line_id": 1400.0, "prov": "Kielce", "dist": "Olkusz" }, "geometry": { "type": "Point", "coordinates": [ 19.65, 50.46666667 ] } },
{ "type": "Feature", "properties": { "line_id": 1401.0, "prov": "Suwalki", "dist": "Mariampol" }, "geometry": { "type": "Point", "coordinates": [ 23.21666667, 54.71666667 ] } },
{ "type": "Feature", "properties": { "line_id": 1402.0, "prov": "Podolia", "dist": "Litin" }, "geometry": { "type": "Point", "coordinates": [ 27.45, 49.6 ] } },
{ "type": "Feature", "properties": { "line_id": 1403.0, "prov": "Galicia", "dist": "Pilzno" }, "geometry": { "type": "Point", "coordinates": [ 21.3, 49.96666667 ] } },
{ "type": "Feature", "properties": { "line_id": 1404.0, "prov": "Kielce", "dist": "Pinczow" }, "geometry": { "type": "Point", "coordinates": [ 20.53333333, 50.53333333 ] } },
{ "type": "Feature", "properties": { "line_id": 1405.0, "prov": "Minsk", "dist": "Pinsk" }, "geometry": { "type": "Point", "coordinates": [ 26.06666667, 52.11666667 ] } },
{ "type": "Feature", "properties": { "line_id": 1406.0, "prov": "Kielce", "dist": "Stopnica" }, "geometry": { "type": "Point", "coordinates": [ 20.68333333, 50.66666667 ] } },
{ "type": "Feature", "properties": { "line_id": 1407.0, "prov": "Warszawa", "dist": "Nieszawa" }, "geometry": { "type": "Point", "coordinates": [ 18.5, 52.56666667 ] } },
{ "type": "Feature", "properties": { "line_id": 1408.0, "prov": "Piotrkow", "dist": "Piotrkow" }, "geometry": { "type": "Point", "coordinates": [ 19.68333333, 51.4 ] } },
{ "type": "Feature", "properties": { "line_id": 1409.0, "prov": "Poltava", "dist": "Piriatin" }, "geometry": { "type": "Point", "coordinates": [ 32.51666667, 50.25 ] } },
{ "type": "Feature", "properties": { "line_id": 1410.0, "prov": "Galicia", "dist": "Kosow" }, "geometry": { "type": "Point", "coordinates": [ 25.03333333, 48.36666667 ] } },
{ "type": "Feature", "properties": { "line_id": 1411.0, "prov": "Siedlce", "dist": "Biala" }, "geometry": { "type": "Point", "coordinates": [ 23.38333333, 51.96666667 ] } },
{ "type": "Feature", "properties": { "line_id": 1412.0, "prov": "Galicia", "dist": "Nowy Sacz" }, "geometry": { "type": "Point", "coordinates": [ 20.7, 49.43333333 ] } },
{ "type": "Feature", "properties": { "line_id": 1413.0, "prov": "Kovno", "dist": "Telshi" }, "geometry": { "type": "Point", "coordinates": [ 21.81666667, 56.05 ] } },
{ "type": "Feature", "properties": { "line_id": 1414.0, "prov": "Livland", "dist": "Riga" }, "geometry": { "type": "Point", "coordinates": [ 25.71666667, 56.61666667 ] } },
{ "type": "Feature", "properties": { "line_id": 1415.0, "prov": "Piotrkow", "dist": "Noworadomsk" }, "geometry": { "type": "Point", "coordinates": [ 19.46666667, 50.98333333 ] } },
{ "type": "Feature", "properties": { "line_id": 1416.0, "prov": "Minsk", "dist": "Borisov" }, "geometry": { "type": "Point", "coordinates": [ 27.83333333, 54.41666667 ] } },
{ "type": "Feature", "properties": { "line_id": 1417.0, "prov": "Preussen", "dist": "Pleszew" }, "geometry": { "type": "Point", "coordinates": [ 17.8, 51.9 ] } },
{ "type": "Feature", "properties": { "line_id": 1418.0, "prov": "Kiev", "dist": "Lipovets" }, "geometry": { "type": "Point", "coordinates": [ 29.28333333, 49.36666667 ] } },
{ "type": "Feature", "properties": { "line_id": 1419.0, "prov": "Vilna", "dist": "Disna" }, "geometry": { "type": "Point", "coordinates": [ 27.95, 55.21666667 ] } },
{ "type": "Feature", "properties": { "line_id": 1420.0, "prov": "Plock", "dist": "Plock" }, "geometry": { "type": "Point", "coordinates": [ 19.7, 52.55 ] } },
{ "type": "Feature", "properties": { "line_id": 1421.0, "prov": "Warszawa", "dist": "Plonsk" }, "geometry": { "type": "Point", "coordinates": [ 20.38333333, 52.63333333 ] } },
{ "type": "Feature", "properties": { "line_id": 1422.0, "prov": "Minsk", "dist": "Pinsk" }, "geometry": { "type": "Point", "coordinates": [ 26.65, 52.05 ] } },
{ "type": "Feature", "properties": { "line_id": 1423.0, "prov": "Kovno", "dist": "Telshi" }, "geometry": { "type": "Point", "coordinates": [ 21.85, 55.91666667 ] } },
{ "type": "Feature", "properties": { "line_id": 1424.0, "prov": "Kovno", "dist": "Novoaleksandrovsk" }, "geometry": { "type": "Point", "coordinates": [ 27.03333333, 55.81666667 ] } },
{ "type": "Feature", "properties": { "line_id": 1425.0, "prov": "Preussen", "dist": "Szamotuly" }, "geometry": { "type": "Point", "coordinates": [ 16.26666667, 52.51666667 ] } },
{ "type": "Feature", "properties": { "line_id": 1426.0, "prov": "Galicia", "dist": "Nadworna" }, "geometry": { "type": "Point", "coordinates": [ 24.51666667, 48.6 ] } },
{ "type": "Feature", "properties": { "line_id": 1427.0, "prov": "Galicia", "dist": "Stanislawow" }, "geometry": { "type": "Point", "coordinates": [ 24.81666667, 49.01666667 ] } },
{ "type": "Feature", "properties": { "line_id": 1428.0, "prov": "Minsk", "dist": "Bobruisk" }, "geometry": { "type": "Point", "coordinates": [ 29.78333333, 53.01666667 ] } },
{ "type": "Feature", "properties": { "line_id": 1429.0, "prov": "Smolensk", "dist": "Elnia" }, "geometry": { "type": "Point", "coordinates": [ 32.45, 54.4 ] } },
{ "type": "Feature", "properties": { "line_id": 1430.0, "prov": "Volhynia", "dist": "Kremenets" }, "geometry": { "type": "Point", "coordinates": [ 25.48333333, 50.01666667 ] } },
{ "type": "Feature", "properties": { "line_id": 1431.0, "prov": "Galicia", "dist": "Drohobycz" }, "geometry": { "type": "Point", "coordinates": [ 23.25, 49.33333333 ] } },
{ "type": "Feature", "properties": { "line_id": 1432.0, "prov": "Piotrkow", "dist": "Leczyca" }, "geometry": { "type": "Point", "coordinates": [ 18.96666667, 51.9 ] } },
{ "type": "Feature", "properties": { "line_id": 1433.0, "prov": "Mogilev", "dist": "Gomel" }, "geometry": { "type": "Point", "coordinates": [ 31.18333333, 52.08333333 ] } },
{ "type": "Feature", "properties": { "line_id": 1434.0, "prov": "Galicia", "dist": "Podhajce" }, "geometry": { "type": "Point", "coordinates": [ 25.13333333, 49.26666667 ] } },
{ "type": "Feature", "properties": { "line_id": 1435.0, "prov": "Galicia", "dist": "Bobrka" }, "geometry": { "type": "Point", "coordinates": [ 24.31666667, 49.68333333 ] } },
{ "type": "Feature", "properties": { "line_id": 1436.0, "prov": "Galicia", "dist": "Brody" }, "geometry": { "type": "Point", "coordinates": [ 25.31666667, 49.93333333 ] } },
{ "type": "Feature", "properties": { "line_id": 1437.0, "prov": "Galicia", "dist": "Brody" }, "geometry": { "type": "Point", "coordinates": [ 25.31666667, 49.93333333 ] } },
{ "type": "Feature", "properties": { "line_id": 1438.0, "prov": "Galicia", "dist": "Skalat" }, "geometry": { "type": "Point", "coordinates": [ 26.15, 49.53333333 ] } },
{ "type": "Feature", "properties": { "line_id": 1439.0, "prov": "Chernigov", "dist": "Starodub" }, "geometry": { "type": "Point", "coordinates": [ 33.26666667, 52.55 ] } },
{ "type": "Feature", "properties": { "line_id": 1440.0, "prov": "Minsk", "dist": "Igumen" }, "geometry": { "type": "Point", "coordinates": [ 29.15, 53.85 ] } },
{ "type": "Feature", "properties": { "line_id": 1441.0, "prov": "Kiev", "dist": "Berdichev" }, "geometry": { "type": "Point", "coordinates": [ 29.26666667, 49.48333333 ] } },
{ "type": "Feature", "properties": { "line_id": 1442.0, "prov": "Minsk", "dist": "Pinsk" }, "geometry": { "type": "Point", "coordinates": [ 26.35, 52.31666667 ] } },
{ "type": "Feature", "properties": { "line_id": 1443.0, "prov": "Minsk", "dist": "Pinsk" }, "geometry": { "type": "Point", "coordinates": [ 26.13333333, 51.81666667 ] } },
{ "type": "Feature", "properties": { "line_id": 1444.0, "prov": "Kiev", "dist": "Uman" }, "geometry": { "type": "Point", "coordinates": [ 30.7, 48.46666667 ] } },
{ "type": "Feature", "properties": { "line_id": 1445.0, "prov": "Radom", "dist": "Sandomierz" }, "geometry": { "type": "Point", "coordinates": [ 21.28333333, 50.43333333 ] } },
{ "type": "Feature", "properties": { "line_id": 1446.0, "prov": "Ekaterinoslav", "dist": "Aleksandrovsk" }, "geometry": { "type": "Point", "coordinates": [ 36.25, 47.48333333 ] } },
{ "type": "Feature", "properties": { "line_id": 1447.0, "prov": "Minsk", "dist": "Novogrudok" }, "geometry": { "type": "Point", "coordinates": [ 25.71666667, 53.15 ] } },
{ "type": "Feature", "properties": { "line_id": 1448.0, "prov": "Volhynia", "dist": "Novograd-Volynskii" }, "geometry": { "type": "Point", "coordinates": [ 27.51666667, 50.11666667 ] } },
{ "type": "Feature", "properties": { "line_id": 1449.0, "prov": "Vitebsk", "dist": "Polotsk" }, "geometry": { "type": "Point", "coordinates": [ 28.8, 55.48333333 ] } },
{ "type": "Feature", "properties": { "line_id": 1450.0, "prov": "Poltava", "dist": "Poltava" }, "geometry": { "type": "Point", "coordinates": [ 34.56666667, 49.58333333 ] } },
{ "type": "Feature", "properties": { "line_id": 1451.0, "prov": "Warszawa", "dist": "Plonsk" }, "geometry": { "type": "Point", "coordinates": [ 20.73333333, 52.46666667 ] } },
{ "type": "Feature", "properties": { "line_id": 1452.0, "prov": "Galicia", "dist": "Zloczow" }, "geometry": { "type": "Point", "coordinates": [ 24.93333333, 49.63333333 ] } },
{ "type": "Feature", "properties": { "line_id": 1453.0, "prov": "Volhynia", "dist": "Novograd-Volynskii" }, "geometry": { "type": "Point", "coordinates": [ 27.53333333, 50.18333333 ] } },
{ "type": "Feature", "properties": { "line_id": 1454.0, "prov": "Kiev", "dist": "Skvira" }, "geometry": { "type": "Point", "coordinates": [ 29.45, 49.96666667 ] } },
{ "type": "Feature", "properties": { "line_id": 1455.0, "prov": "Podolia", "dist": "Mogilev" }, "geometry": { "type": "Point", "coordinates": [ 27.81666667, 48.9 ] } },
{ "type": "Feature", "properties": { "line_id": 1456.0, "prov": "Warszawa", "dist": "Pultusk" }, "geometry": { "type": "Point", "coordinates": [ 21.1876271, 52.5361146 ] } },
{ "type": "Feature", "properties": { "line_id": 1457.0, "prov": "Warszawa", "dist": "Ostrow" }, "geometry": { "type": "Point", "coordinates": [ 21.68333333, 52.66666667 ] } },
{ "type": "Feature", "properties": { "line_id": 1458.0, "prov": "Galicia", "dist": "Bohorodczany" }, "geometry": { "type": "Point", "coordinates": [ 24.25, 48.66666667 ] } },
{ "type": "Feature", "properties": { "line_id": 1459.0, "prov": "Radom", "dist": "Kielce" }, "geometry": { "type": "Point", "coordinates": [ 20.88333333, 50.86666667 ] } },
{ "type": "Feature", "properties": { "line_id": 1460.0, "prov": "Vilna", "dist": "Disna" }, "geometry": { "type": "Point", "coordinates": [ 28.21666667, 55.3 ] } },
{ "type": "Feature", "properties": { "line_id": 1461.0, "prov": "Grodno", "dist": "Volkovysk" }, "geometry": { "type": "Point", "coordinates": [ 24.36666667, 52.93333333 ] } },
{ "type": "Feature", "properties": { "line_id": 1462.0, "prov": "Grodno", "dist": "Grodno" }, "geometry": { "type": "Point", "coordinates": [ 24.13333333, 53.88333333 ] } },
{ "type": "Feature", "properties": { "line_id": 1463.0, "prov": "Vilna", "dist": "Disna" }, "geometry": { "type": "Point", "coordinates": [ 26.83333333, 55.11666667 ] } },
{ "type": "Feature", "properties": { "line_id": 1464.0, "prov": "Galicia", "dist": "Buczacz" }, "geometry": { "type": "Point", "coordinates": [ 25.35, 48.91666667 ] } },
{ "type": "Feature", "properties": { "line_id": 1465.0, "prov": "Galicia", "dist": "Rawa" }, "geometry": { "type": "Point", "coordinates": [ 23.56666667, 50.23333333 ] } },
{ "type": "Feature", "properties": { "line_id": 1466.0, "prov": "Preussen", "dist": "Poznan" }, "geometry": { "type": "Point", "coordinates": [ 16.96666667, 52.41666667 ] } },
{ "type": "Feature", "properties": { "line_id": 1467.0, "prov": "Kalisz", "dist": "Wielun" }, "geometry": { "type": "Point", "coordinates": [ 18.46666667, 51.05 ] } },
{ "type": "Feature", "properties": { "line_id": 1468.0, "prov": "Vitebsk", "dist": "Dvinsk" }, "geometry": { "type": "Point", "coordinates": [ 26.71666667, 56.3 ] } },
{ "type": "Feature", "properties": { "line_id": 1469.0, "prov": "Preussen", "dist": "Czluchow" }, "geometry": { "type": "Point", "coordinates": [ 17.23333333, 53.53333333 ] } },
{ "type": "Feature", "properties": { "line_id": 1470.0, "prov": "Preussen", "dist": "Paslek" }, "geometry": { "type": "Point", "coordinates": [ 19.66666667, 54.06666667 ] } },
{ "type": "Feature", "properties": { "line_id": 1471.0, "prov": "Courland", "dist": "Grobin" }, "geometry": { "type": "Point", "coordinates": [ 21.58333333, 56.43333333 ] } },
{ "type": "Feature", "properties": { "line_id": 1472.0, "prov": "Suwalki", "dist": "Mariampol" }, "geometry": { "type": "Point", "coordinates": [ 23.95, 54.63333333 ] } },
{ "type": "Feature", "properties": { "line_id": 1473.0, "prov": "Poltava", "dist": "Priluki" }, "geometry": { "type": "Point", "coordinates": [ 32.4, 50.6 ] } },
{ "type": "Feature", "properties": { "line_id": 1474.0, "prov": "Galicia", "dist": "Husiatyn" }, "geometry": { "type": "Point", "coordinates": [ 25.98333333, 49.03333333 ] } },
{ "type": "Feature", "properties": { "line_id": 1475.0, "prov": "Ekaterinoslav", "dist": "Mariupol" }, "geometry": { "type": "Point", "coordinates": [ 36.83333333, 47.51666667 ] } },
{ "type": "Feature", "properties": { "line_id": 1476.0, "prov": "Mogilev", "dist": "Staro-Bykhov" }, "geometry": { "type": "Point", "coordinates": [ 31.0, 53.45 ] } },
{ "type": "Feature", "properties": { "line_id": 1477.0, "prov": "Podolia", "dist": "Proskurov" }, "geometry": { "type": "Point", "coordinates": [ 27.0, 49.41666667 ] } },
{ "type": "Feature", "properties": { "line_id": 1478.0, "prov": "Preussen", "dist": "Elk" }, "geometry": { "type": "Point", "coordinates": [ 22.41666667, 53.68333333 ] } },
{ "type": "Feature", "properties": { "line_id": 1479.0, "prov": "Siedlce", "dist": "Wegrow" }, "geometry": { "type": "Point", "coordinates": [ 21.98333333, 52.66666667 ] } },
{ "type": "Feature", "properties": { "line_id": 1480.0, "prov": "Kielce", "dist": "Miechow" }, "geometry": { "type": "Point", "coordinates": [ 20.3, 50.2 ] } },
{ "type": "Feature", "properties": { "line_id": 1481.0, "prov": "Galicia", "dist": "Jaroslaw" }, "geometry": { "type": "Point", "coordinates": [ 22.51666667, 49.91666667 ] } },
{ "type": "Feature", "properties": { "line_id": 1482.0, "prov": "Warszawa", "dist": "Warszawa" }, "geometry": { "type": "Point", "coordinates": [ 20.83333333, 52.16666667 ] } },
{ "type": "Feature", "properties": { "line_id": 1483.0, "prov": "Grodno", "dist": "Pruzhany" }, "geometry": { "type": "Point", "coordinates": [ 24.46666667, 52.55 ] } },
{ "type": "Feature", "properties": { "line_id": 1484.0, "prov": "Galicia", "dist": "Pilzno" }, "geometry": { "type": "Point", "coordinates": [ 21.46666667, 50.2 ] } },
{ "type": "Feature", "properties": { "line_id": 1485.0, "prov": "Galicia", "dist": "Przemysl" }, "geometry": { "type": "Point", "coordinates": [ 22.78333333, 49.78333333 ] } },
{ "type": "Feature", "properties": { "line_id": 1486.0, "prov": "Galicia", "dist": "Przemyslany" }, "geometry": { "type": "Point", "coordinates": [ 24.55, 49.66666667 ] } },
{ "type": "Feature", "properties": { "line_id": 1487.0, "prov": "Suwalki", "dist": "Suvalki" }, "geometry": { "type": "Point", "coordinates": [ 22.65, 54.25 ] } },
{ "type": "Feature", "properties": { "line_id": 1488.0, "prov": "Warszawa", "dist": "Plonsk" }, "geometry": { "type": "Point", "coordinates": [ 20.51666667, 52.55 ] } },
{ "type": "Feature", "properties": { "line_id": 1489.0, "prov": "Piotrkow", "dist": "Piotrkow" }, "geometry": { "type": "Point", "coordinates": [ 19.8, 51.36666667 ] } },
{ "type": "Feature", "properties": { "line_id": 1490.0, "prov": "Piotrkow", "dist": "Czestochowa" }, "geometry": { "type": "Point", "coordinates": [ 19.51666667, 50.8 ] } },
{ "type": "Feature", "properties": { "line_id": 1491.0, "prov": "Radom", "dist": "Opoczno" }, "geometry": { "type": "Point", "coordinates": [ 20.61666667, 51.36666667 ] } },
{ "type": "Feature", "properties": { "line_id": 1492.0, "prov": "Pskov", "dist": "Pskov" }, "geometry": { "type": "Point", "coordinates": [ 28.33333333, 57.83333333 ] } },
{ "type": "Feature", "properties": { "line_id": 1493.0, "prov": "Minsk", "dist": "Igumen" }, "geometry": { "type": "Point", "coordinates": [ 28.25, 53.53333333 ] } },
{ "type": "Feature", "properties": { "line_id": 1494.0, "prov": "Lublin", "dist": "Pulawy" }, "geometry": { "type": "Point", "coordinates": [ 21.96666667, 51.41666667 ] } },
{ "type": "Feature", "properties": { "line_id": 1495.0, "prov": "Warszawa", "dist": "Pultusk" }, "geometry": { "type": "Point", "coordinates": [ 21.1, 52.71666667 ] } },
{ "type": "Feature", "properties": { "line_id": 1496.0, "prov": "Kovno", "dist": "Poneviezh" }, "geometry": { "type": "Point", "coordinates": [ 24.35, 55.93333333 ] } },
{ "type": "Feature", "properties": { "line_id": 1497.0, "prov": "Suwalki", "dist": "Suvalki" }, "geometry": { "type": "Point", "coordinates": [ 23.18333333, 54.25 ] } },
{ "type": "Feature", "properties": { "line_id": 1498.0, "prov": "Preussen", "dist": "Pommern" }, "geometry": { "type": "Point", "coordinates": [ 14.88333333, 53.13333333 ] } },
{ "type": "Feature", "properties": { "line_id": 1499.0, "prov": "Galicia", "dist": "Nisko" }, "geometry": { "type": "Point", "coordinates": [ 22.13333333, 50.56666667 ] } },
{ "type": "Feature", "properties": { "line_id": 1500.0, "prov": "Kalisz", "dist": "Slupca" }, "geometry": { "type": "Point", "coordinates": [ 17.7, 52.16666667 ] } },
{ "type": "Feature", "properties": { "line_id": 1501.0, "prov": "Galicia", "dist": "Myslenice" }, "geometry": { "type": "Point", "coordinates": [ 19.95, 49.61666667 ] } },
{ "type": "Feature", "properties": { "line_id": 1502.0, "prov": "Volhynia", "dist": "Kremenets" }, "geometry": { "type": "Point", "coordinates": [ 26.1, 50.13333333 ] } },
{ "type": "Feature", "properties": { "line_id": 1503.0, "prov": "Plock", "dist": "Sierpc" }, "geometry": { "type": "Point", "coordinates": [ 20.11666667, 52.78333333 ] } },
{ "type": "Feature", "properties": { "line_id": 1504.0, "prov": "Suwalki", "dist": "Avgustov" }, "geometry": { "type": "Point", "coordinates": [ 22.78333333, 53.98333333 ] } },
{ "type": "Feature", "properties": { "line_id": 1505.0, "prov": "Galicia", "dist": "Dabrowa" }, "geometry": { "type": "Point", "coordinates": [ 21.11666667, 50.2 ] } },
{ "type": "Feature", "properties": { "line_id": 1506.0, "prov": "Galicia", "dist": "Brzeg" }, "geometry": { "type": "Point", "coordinates": [ 20.85, 50.08333333 ] } },
{ "type": "Feature", "properties": { "line_id": 1507.0, "prov": "Radom", "dist": "Radom" }, "geometry": { "type": "Point", "coordinates": [ 21.15, 51.41666667 ] } },
{ "type": "Feature", "properties": { "line_id": 1508.0, "prov": "Piotrkow", "dist": "Noworadomsk" }, "geometry": { "type": "Point", "coordinates": [ 19.45, 51.06666667 ] } },
{ "type": "Feature", "properties": { "line_id": 1509.0, "prov": "Kiev", "dist": "Radomysl" }, "geometry": { "type": "Point", "coordinates": [ 29.23333333, 50.5 ] } },
{ "type": "Feature", "properties": { "line_id": 1510.0, "prov": "Galicia", "dist": "Mielec" }, "geometry": { "type": "Point", "coordinates": [ 21.26666667, 50.2 ] } },
{ "type": "Feature", "properties": { "line_id": 1511.0, "prov": "Vilna", "dist": "Vileika" }, "geometry": { "type": "Point", "coordinates": [ 27.23333333, 54.15 ] } },
{ "type": "Feature", "properties": { "line_id": 1512.0, "prov": "Radom", "dist": "Konskie" }, "geometry": { "type": "Point", "coordinates": [ 20.23333333, 51.08333333 ] } },
{ "type": "Feature", "properties": { "line_id": 1513.0, "prov": "Vilna", "dist": "Lida" }, "geometry": { "type": "Point", "coordinates": [ 25.0, 54.05 ] } },
{ "type": "Feature", "properties": { "line_id": 1514.0, "prov": "Kovno", "dist": "Shavli" }, "geometry": { "type": "Point", "coordinates": [ 23.53333333, 55.81666667 ] } },
{ "type": "Feature", "properties": { "line_id": 1515.0, "prov": "Galicia", "dist": "Jaroslaw" }, "geometry": { "type": "Point", "coordinates": [ 22.83333333, 49.95 ] } },
{ "type": "Feature", "properties": { "line_id": 1516.0, "prov": "Plock", "dist": "Mlawa" }, "geometry": { "type": "Point", "coordinates": [ 20.1, 52.93333333 ] } },
{ "type": "Feature", "properties": { "line_id": 1517.0, "prov": "Galicia", "dist": "Kamionka" }, "geometry": { "type": "Point", "coordinates": [ 24.65, 50.28333333 ] } },
{ "type": "Feature", "properties": { "line_id": 1518.0, "prov": "Lomza", "dist": "Shchuchin" }, "geometry": { "type": "Point", "coordinates": [ 22.4, 53.4 ] } },
{ "type": "Feature", "properties": { "line_id": 1519.0, "prov": "Volhynia", "dist": "Kremenets" }, "geometry": { "type": "Point", "coordinates": [ 25.25, 50.13333333 ] } },
{ "type": "Feature", "properties": { "line_id": 1520.0, "prov": "Warszawa", "dist": "Radzymin" }, "geometry": { "type": "Point", "coordinates": [ 21.18333333, 52.41666667 ] } },
{ "type": "Feature", "properties": { "line_id": 1521.0, "prov": "Siedlce", "dist": "Radzyn" }, "geometry": { "type": "Point", "coordinates": [ 22.61666667, 51.78333333 ] } },
{ "type": "Feature", "properties": { "line_id": 1522.0, "prov": "Volhynia", "dist": "Lutsk" }, "geometry": { "type": "Point", "coordinates": [ 25.98333333, 51.31666667 ] } },
{ "type": "Feature", "properties": { "line_id": 1523.0, "prov": "Kovno", "dist": "Vilkomir" }, "geometry": { "type": "Point", "coordinates": [ 24.6, 55.56666667 ] } },
{ "type": "Feature", "properties": { "line_id": 1524.0, "prov": "Volhynia", "dist": "Zhitomir" }, "geometry": { "type": "Point", "coordinates": [ 28.38333333, 49.83333333 ] } },
{ "type": "Feature", "properties": { "line_id": 1525.0, "prov": "Galicia", "dist": "Zywiec" }, "geometry": { "type": "Point", "coordinates": [ 19.11666667, 49.5 ] } },
{ "type": "Feature", "properties": { "line_id": 1526.0, "prov": "Lomza", "dist": "Shchuchin" }, "geometry": { "type": "Point", "coordinates": [ 22.7, 53.73333333 ] } },
{ "type": "Feature", "properties": { "line_id": 1527.0, "prov": "Minsk", "dist": "Minsk" }, "geometry": { "type": "Point", "coordinates": [ 27.05, 53.96666667 ] } },
{ "type": "Feature", "properties": { "line_id": 1528.0, "prov": "Radom", "dist": "Opatow" }, "geometry": { "type": "Point", "coordinates": [ 21.05, 50.68333333 ] } },
{ "type": "Feature", "properties": { "line_id": 1529.0, "prov": "Kovno", "dist": "Poneviezh" }, "geometry": { "type": "Point", "coordinates": [ 24.3, 55.51666667 ] } },
{ "type": "Feature", "properties": { "line_id": 1530.0, "prov": "Galicia", "dist": "Kolbuszowa" }, "geometry": { "type": "Point", "coordinates": [ 21.98333333, 50.26666667 ] } },
{ "type": "Feature", "properties": { "line_id": 1531.0, "prov": "Kovno", "dist": "Rossieny" }, "geometry": { "type": "Point", "coordinates": [ 23.11666667, 55.36666667 ] } },
{ "type": "Feature", "properties": { "line_id": 1532.0, "prov": "Podolia", "dist": "Olgopol" }, "geometry": { "type": "Point", "coordinates": [ 28.83333333, 47.95 ] } },
{ "type": "Feature", "properties": { "line_id": 1533.0, "prov": "Preussen", "dist": "Ketrzyn" }, "geometry": { "type": "Point", "coordinates": [ 21.38333333, 54.08333333 ] } },
{ "type": "Feature", "properties": { "line_id": 1534.0, "prov": "Volhynia", "dist": "Kovel" }, "geometry": { "type": "Point", "coordinates": [ 24.51666667, 51.66666667 ] } },
{ "type": "Feature", "properties": { "line_id": 1535.0, "prov": "Preussen", "dist": "Raciborz" }, "geometry": { "type": "Point", "coordinates": [ 18.2, 50.08333333 ] } },
{ "type": "Feature", "properties": { "line_id": 1536.0, "prov": "Piotrkow", "dist": "Rawa" }, "geometry": { "type": "Point", "coordinates": [ 20.25, 51.76666667 ] } },
{ "type": "Feature", "properties": { "line_id": 1537.0, "prov": "Galicia", "dist": "Rawa" }, "geometry": { "type": "Point", "coordinates": [ 23.61666667, 50.25 ] } },
{ "type": "Feature", "properties": { "line_id": 1538.0, "prov": "Preussen", "dist": "Rawicz" }, "geometry": { "type": "Point", "coordinates": [ 16.86666667, 51.61666667 ] } },
{ "type": "Feature", "properties": { "line_id": 1539.0, "prov": "Podolia", "dist": "Gaisin" }, "geometry": { "type": "Point", "coordinates": [ 29.08333333, 48.88333333 ] } },
{ "type": "Feature", "properties": { "line_id": 1540.0, "prov": "Minsk", "dist": "Riechitsa" }, "geometry": { "type": "Point", "coordinates": [ 30.4, 52.36666667 ] } },
{ "type": "Feature", "properties": { "line_id": 1541.0, "prov": "Preussen", "dist": "Pommern" }, "geometry": { "type": "Point", "coordinates": [ 13.4925, 52.5 ] } },
{ "type": "Feature", "properties": { "line_id": 1542.0, "prov": "Lublin", "dist": "Chelm" }, "geometry": { "type": "Point", "coordinates": [ 23.28333333, 51.08333333 ] } },
{ "type": "Feature", "properties": { "line_id": 1543.0, "prov": "Warszawa", "dist": "Warszawa" }, "geometry": { "type": "Point", "coordinates": [ 21.16666667, 52.25 ] } },
{ "type": "Feature", "properties": { "line_id": 1544.0, "prov": "Bessarabia", "dist": "Izmail" }, "geometry": { "type": "Point", "coordinates": [ 28.28333333, 45.45 ] } },
{ "type": "Feature", "properties": { "line_id": 1545.0, "prov": "Vitebsk", "dist": "Riezhitsa" }, "geometry": { "type": "Point", "coordinates": [ 27.31666667, 56.5 ] } },
{ "type": "Feature", "properties": { "line_id": 1546.0, "prov": "Mogilev", "dist": "Chausy" }, "geometry": { "type": "Point", "coordinates": [ 31.2, 54.01666667 ] } },
{ "type": "Feature", "properties": { "line_id": 1547.0, "prov": "Vitebsk", "dist": "Riezhitsa" }, "geometry": { "type": "Point", "coordinates": [ 26.8, 56.33333333 ] } },
{ "type": "Feature", "properties": { "line_id": 1548.0, "prov": "Preussen", "dist": "Susz" }, "geometry": { "type": "Point", "coordinates": [ 19.21666667, 53.76666667 ] } },
{ "type": "Feature", "properties": { "line_id": 1549.0, "prov": "Kovno", "dist": "Rossieny" }, "geometry": { "type": "Point", "coordinates": [ 21.93333333, 55.73333333 ] } },
{ "type": "Feature", "properties": { "line_id": 1550.0, "prov": "Livland", "dist": "Riga" }, "geometry": { "type": "Point", "coordinates": [ 24.1, 56.95 ] } },
{ "type": "Feature", "properties": { "line_id": 1551.0, "prov": "Galicia", "dist": "Bohorodczany" }, "geometry": { "type": "Point", "coordinates": [ 24.38333333, 48.76666667 ] } },
{ "type": "Feature", "properties": { "line_id": 1552.0, "prov": "Mogilev", "dist": "Rogachev" }, "geometry": { "type": "Point", "coordinates": [ 30.05, 53.08333333 ] } },
{ "type": "Feature", "properties": { "line_id": 1553.0, "prov": "Preussen", "dist": "Oborniki" }, "geometry": { "type": "Point", "coordinates": [ 17.01666667, 52.75 ] } },
{ "type": "Feature", "properties": { "line_id": 1554.0, "prov": "Galicia", "dist": "Rohatyn" }, "geometry": { "type": "Point", "coordinates": [ 24.61666667, 49.41666667 ] } },
{ "type": "Feature", "properties": { "line_id": 1555.0, "prov": "Kovno", "dist": "Novoaleksandrovsk" }, "geometry": { "type": "Point", "coordinates": [ 25.58333333, 55.96666667 ] } },
{ "type": "Feature", "properties": { "line_id": 1556.0, "prov": "Volhynia", "dist": "Ovruch" }, "geometry": { "type": "Point", "coordinates": [ 27.21666667, 51.28333333 ] } },
{ "type": "Feature", "properties": { "line_id": 1557.0, "prov": "Kiev", "dist": "Vasilkov" }, "geometry": { "type": "Point", "coordinates": [ 30.46666667, 49.7 ] } },
{ "type": "Feature", "properties": { "line_id": 1558.0, "prov": "Volhynia", "dist": "Novograd-Volynskii" }, "geometry": { "type": "Point", "coordinates": [ 27.93333333, 50.15 ] } },
{ "type": "Feature", "properties": { "line_id": 1559.0, "prov": "Poltava", "dist": "Romny" }, "geometry": { "type": "Point", "coordinates": [ 33.46666667, 50.75 ] } },
{ "type": "Feature", "properties": { "line_id": 1560.0, "prov": "Galicia", "dist": "Ropczyce" }, "geometry": { "type": "Point", "coordinates": [ 21.61666667, 50.05 ] } },
{ "type": "Feature", "properties": { "line_id": 1561.0, "prov": "Grodno", "dist": "Volkovysk" }, "geometry": { "type": "Point", "coordinates": [ 24.4, 53.28333333 ] } },
{ "type": "Feature", "properties": { "line_id": 1562.0, "prov": "Mogilev", "dist": "Gorki" }, "geometry": { "type": "Point", "coordinates": [ 30.88333333, 54.65 ] } },
{ "type": "Feature", "properties": { "line_id": 1563.0, "prov": "Vitebsk", "dist": "Drissa" }, "geometry": { "type": "Point", "coordinates": [ 27.75, 55.91666667 ] } },
{ "type": "Feature", "properties": { "line_id": 1564.0, "prov": "Smolensk", "dist": "Roslavl" }, "geometry": { "type": "Point", "coordinates": [ 32.86666667, 53.95 ] } },
{ "type": "Feature", "properties": { "line_id": 1565.0, "prov": "Siedlce", "dist": "Biala" }, "geometry": { "type": "Point", "coordinates": [ 23.13333333, 51.85 ] } },
{ "type": "Feature", "properties": { "line_id": 1566.0, "prov": "Don Voyska", "dist": "Rostov-On-Don" }, "geometry": { "type": "Point", "coordinates": [ 39.71666667, 47.23333333 ] } },
{ "type": "Feature", "properties": { "line_id": 1567.0, "prov": "Galicia", "dist": "Bohorodczany" }, "geometry": { "type": "Point", "coordinates": [ 24.38333333, 48.76666667 ] } },
{ "type": "Feature", "properties": { "line_id": 1568.0, "prov": "Kiev", "dist": "Cherkasy" }, "geometry": { "type": "Point", "coordinates": [ 31.7, 49.13333333 ] } },
{ "type": "Feature", "properties": { "line_id": 1569.0, "prov": "Ekaterinoslav", "dist": "Mariupol" }, "geometry": { "type": "Point", "coordinates": [ 37.23333333, 47.55 ] } },
{ "type": "Feature", "properties": { "line_id": 1570.0, "prov": "Volhynia", "dist": "Rovno" }, "geometry": { "type": "Point", "coordinates": [ 26.25, 50.61666667 ] } },
{ "type": "Feature", "properties": { "line_id": 1571.0, "prov": "Kovno", "dist": "Poneviezh" }, "geometry": { "type": "Point", "coordinates": [ 23.88333333, 55.88333333 ] } },
{ "type": "Feature", "properties": { "line_id": 1572.0, "prov": "Lomza", "dist": "Ostroleka" }, "geometry": { "type": "Point", "coordinates": [ 21.41666667, 52.88333333 ] } },
{ "type": "Feature", "properties": { "line_id": 1573.0, "prov": "Galicia", "dist": "Zydaczow" }, "geometry": { "type": "Point", "coordinates": [ 24.06666667, 49.46666667 ] } },
{ "type": "Feature", "properties": { "line_id": 1574.0, "prov": "Grodno", "dist": "Slonim" }, "geometry": { "type": "Point", "coordinates": [ 24.88333333, 52.86666667 ] } },
{ "type": "Feature", "properties": { "line_id": 1575.0, "prov": "Vilna", "dist": "Lida" }, "geometry": { "type": "Point", "coordinates": [ 24.73333333, 53.53333333 ] } },
{ "type": "Feature", "properties": { "line_id": 1576.0, "prov": "Galicia", "dist": "Kosow" }, "geometry": { "type": "Point", "coordinates": [ 25.23333333, 48.36666667 ] } },
{ "type": "Feature", "properties": { "line_id": 1577.0, "prov": "Piotrkow", "dist": "Piotrkow" }, "geometry": { "type": "Point", "coordinates": [ 19.63333333, 51.3 ] } },
{ "type": "Feature", "properties": { "line_id": 1578.0, "prov": "Galicia", "dist": "Nisko" }, "geometry": { "type": "Point", "coordinates": [ 22.05, 50.58333333 ] } },
{ "type": "Feature", "properties": { "line_id": 1579.0, "prov": "Volhynia", "dist": "Lutsk" }, "geometry": { "type": "Point", "coordinates": [ 25.26666667, 50.91666667 ] } },
{ "type": "Feature", "properties": { "line_id": 1580.0, "prov": "Minsk", "dist": "Mozyr" }, "geometry": { "type": "Point", "coordinates": [ 27.06666667, 51.96666667 ] } },
{ "type": "Feature", "properties": { "line_id": 1581.0, "prov": "Minsk", "dist": "Minsk" }, "geometry": { "type": "Point", "coordinates": [ 26.86666667, 53.68333333 ] } },
{ "type": "Feature", "properties": { "line_id": 1582.0, "prov": "Vilna", "dist": "Vilnius" }, "geometry": { "type": "Point", "coordinates": [ 25.35, 54.58333333 ] } },
{ "type": "Feature", "properties": { "line_id": 1583.0, "prov": "Piotrkow", "dist": "Lodz" }, "geometry": { "type": "Point", "coordinates": [ 19.43333333, 51.68333333 ] } },
{ "type": "Feature", "properties": { "line_id": 1584.0, "prov": "Minsk", "dist": "Igumen" }, "geometry": { "type": "Point", "coordinates": [ 27.86666667, 53.6 ] } },
{ "type": "Feature", "properties": { "line_id": 1585.0, "prov": "Lublin", "dist": "Chelm" }, "geometry": { "type": "Point", "coordinates": [ 23.06666667, 51.13333333 ] } },
{ "type": "Feature", "properties": { "line_id": 1586.0, "prov": "Galicia", "dist": "Nisko" }, "geometry": { "type": "Point", "coordinates": [ 22.25, 50.43333333 ] } },
{ "type": "Feature", "properties": { "line_id": 1587.0, "prov": "Galicia", "dist": "Nisko" }, "geometry": { "type": "Point", "coordinates": [ 22.25, 50.43333333 ] } },
{ "type": "Feature", "properties": { "line_id": 1588.0, "prov": "Mogilev", "dist": "Orsha" }, "geometry": { "type": "Point", "coordinates": [ 31.1, 54.95 ] } },
{ "type": "Feature", "properties": { "line_id": 1589.0, "prov": "Preussen", "dist": "Pommern" }, "geometry": { "type": "Point", "coordinates": [ 16.40972222, 54.42083333 ] } },
{ "type": "Feature", "properties": { "line_id": 1590.0, "prov": "Livland", "dist": "Volmar" }, "geometry": { "type": "Point", "coordinates": [ 25.31666667, 57.9 ] } },
{ "type": "Feature", "properties": { "line_id": 1591.0, "prov": "Preussen", "dist": "Pommern" }, "geometry": { "type": "Point", "coordinates": [ 13.4925, 52.5 ] } },
{ "type": "Feature", "properties": { "line_id": 1592.0, "prov": "Kovno", "dist": "Kovno" }, "geometry": { "type": "Point", "coordinates": [ 24.2, 54.85 ] } },
{ "type": "Feature", "properties": { "line_id": 1593.0, "prov": "Lomza", "dist": "Lomzha" }, "geometry": { "type": "Point", "coordinates": [ 22.43333333, 53.1 ] } },
{ "type": "Feature", "properties": { "line_id": 1594.0, "prov": "Kiev", "dist": "Skvira" }, "geometry": { "type": "Point", "coordinates": [ 29.23333333, 49.71666667 ] } },
{ "type": "Feature", "properties": { "line_id": 1595.0, "prov": "Podolia", "dist": "Balta" }, "geometry": { "type": "Point", "coordinates": [ 29.0, 47.76666667 ] } },
{ "type": "Feature", "properties": { "line_id": 1596.0, "prov": "Galicia", "dist": "Dobromil" }, "geometry": { "type": "Point", "coordinates": [ 22.65, 49.65 ] } },
{ "type": "Feature", "properties": { "line_id": 1597.0, "prov": "Kalisz", "dist": "Konin" }, "geometry": { "type": "Point", "coordinates": [ 18.16666667, 52.06666667 ] } },
{ "type": "Feature", "properties": { "line_id": 1598.0, "prov": "Preussen", "dist": "Oborniki" }, "geometry": { "type": "Point", "coordinates": [ 16.83333333, 52.81666667 ] } },
{ "type": "Feature", "properties": { "line_id": 1599.0, "prov": "Galicia", "dist": "Tarnow" }, "geometry": { "type": "Point", "coordinates": [ 21.13333333, 49.88333333 ] } },
{ "type": "Feature", "properties": { "line_id": 1600.0, "prov": "Siedlce", "dist": "Garwolin" }, "geometry": { "type": "Point", "coordinates": [ 21.93333333, 51.63333333 ] } },
{ "type": "Feature", "properties": { "line_id": 1601.0, "prov": "Galicia", "dist": "Sanok" }, "geometry": { "type": "Point", "coordinates": [ 21.86666667, 49.58333333 ] } },
{ "type": "Feature", "properties": { "line_id": 1602.0, "prov": "Kovno", "dist": "Novoaleksandrovsk" }, "geometry": { "type": "Point", "coordinates": [ 26.43333333, 55.53333333 ] } },
{ "type": "Feature", "properties": { "line_id": 1603.0, "prov": "Plock", "dist": "Rypin" }, "geometry": { "type": "Point", "coordinates": [ 19.45, 53.06666667 ] } },
{ "type": "Feature", "properties": { "line_id": 1604.0, "prov": "Kiev", "dist": "Zvenigorodka" }, "geometry": { "type": "Point", "coordinates": [ 30.71666667, 49.1 ] } },
{ "type": "Feature", "properties": { "line_id": 1606.0, "prov": "Galicia", "dist": "Gorlice" }, "geometry": { "type": "Point", "coordinates": [ 21.05, 49.8 ] } },
{ "type": "Feature", "properties": { "line_id": 1607.0, "prov": "Galicia", "dist": "Rzeszow" }, "geometry": { "type": "Point", "coordinates": [ 22.0, 50.05 ] } },
{ "type": "Feature", "properties": { "line_id": 1608.0, "prov": "Kiev", "dist": "Kiev" }, "geometry": { "type": "Point", "coordinates": [ 31.05, 49.96666667 ] } },
{ "type": "Feature", "properties": { "line_id": 1610.0, "prov": "Courland", "dist": "Talsen" }, "geometry": { "type": "Point", "coordinates": [ 22.58333333, 57.05 ] } },
{ "type": "Feature", "properties": { "line_id": 1611.0, "prov": "Vitebsk", "dist": "Riezhitsa" }, "geometry": { "type": "Point", "coordinates": [ 27.31666667, 56.5 ] } },
{ "type": "Feature", "properties": { "line_id": 1612.0, "prov": "Galicia", "dist": "Mosciska" }, "geometry": { "type": "Point", "coordinates": [ 23.36666667, 49.78333333 ] } },
{ "type": "Feature", "properties": { "line_id": 1613.0, "prov": "Lublin", "dist": "Wegrow" }, "geometry": { "type": "Point", "coordinates": [ 21.85, 52.65 ] } },
{ "type": "Feature", "properties": { "line_id": 1614.0, "prov": "Suwalki", "dist": "Vladislavov" }, "geometry": { "type": "Point", "coordinates": [ 23.05, 54.95 ] } },
{ "type": "Feature", "properties": { "line_id": 1615.0, "prov": "Ekaterinoslav", "dist": "Verkhnednieprovsk" }, "geometry": { "type": "Point", "coordinates": [ 33.85, 48.35 ] } },
{ "type": "Feature", "properties": { "line_id": 1616.0, "prov": "Kovno", "dist": "Novoaleksandrovsk" }, "geometry": { "type": "Point", "coordinates": [ 26.13333333, 55.58333333 ] } },
{ "type": "Feature", "properties": { "line_id": 1617.0, "prov": "Kovno", "dist": "Telshi" }, "geometry": { "type": "Point", "coordinates": [ 21.56666667, 56.06666667 ] } },
{ "type": "Feature", "properties": { "line_id": 1618.0, "prov": "Courland", "dist": "Goldingen" }, "geometry": { "type": "Point", "coordinates": [ 22.5, 56.66666667 ] } },
{ "type": "Feature", "properties": { "line_id": 1619.0, "prov": "Podolia", "dist": "Litin" }, "geometry": { "type": "Point", "coordinates": [ 28.03333333, 49.73333333 ] } },
{ "type": "Feature", "properties": { "line_id": 1620.0, "prov": "Kovno", "dist": "Poneviezh" }, "geometry": { "type": "Point", "coordinates": [ 24.4, 56.21666667 ] } },
{ "type": "Feature", "properties": { "line_id": 1621.0, "prov": "Galicia", "dist": "Sambor" }, "geometry": { "type": "Point", "coordinates": [ 23.2, 49.51666667 ] } },
{ "type": "Feature", "properties": { "line_id": 1622.0, "prov": "Kiev", "dist": "Berdichev" }, "geometry": { "type": "Point", "coordinates": [ 28.85, 49.53333333 ] } },
{ "type": "Feature", "properties": { "line_id": 1623.0, "prov": "Minsk", "dist": "Minsk" }, "geometry": { "type": "Point", "coordinates": [ 27.5, 53.73333333 ] } },
{ "type": "Feature", "properties": { "line_id": 1624.0, "prov": "Mogilev", "dist": "Cherikov" }, "geometry": { "type": "Point", "coordinates": [ 31.83333333, 53.21666667 ] } },
{ "type": "Feature", "properties": { "line_id": 1625.0, "prov": "Radom", "dist": "Sandomierz" }, "geometry": { "type": "Point", "coordinates": [ 21.75, 50.68333333 ] } },
{ "type": "Feature", "properties": { "line_id": 1626.0, "prov": "Warszawa", "dist": "Gostyn" }, "geometry": { "type": "Point", "coordinates": [ 19.86666667, 52.33333333 ] } },
{ "type": "Feature", "properties": { "line_id": 1627.0, "prov": "Siedlce", "dist": "Konstantynow" }, "geometry": { "type": "Point", "coordinates": [ 22.88333333, 52.31666667 ] } },
{ "type": "Feature", "properties": { "line_id": 1628.0, "prov": "Volhynia", "dist": "Rovno" }, "geometry": { "type": "Point", "coordinates": [ 26.6, 51.33333333 ] } },
{ "type": "Feature", "properties": { "line_id": 1629.0, "prov": "Galicia", "dist": "Zloczow" }, "geometry": { "type": "Point", "coordinates": [ 24.95, 49.86666667 ] } },
{ "type": "Feature", "properties": { "line_id": 1630.0, "prov": "Vilna", "dist": "Vilnius" }, "geometry": { "type": "Point", "coordinates": [ 24.95, 55.18333333 ] } },
{ "type": "Feature", "properties": { "line_id": 1631.0, "prov": "Podolia", "dist": "Proskurov" }, "geometry": { "type": "Point", "coordinates": [ 26.26666667, 49.25 ] } },
{ "type": "Feature", "properties": { "line_id": 1632.0, "prov": "Kovno", "dist": "Shavli" }, "geometry": { "type": "Point", "coordinates": [ 22.88333333, 55.8 ] } },
{ "type": "Feature", "properties": { "line_id": 1633.0, "prov": "Podolia", "dist": "Balta" }, "geometry": { "type": "Point", "coordinates": [ 30.08333333, 48.13333333 ] } },
{ "type": "Feature", "properties": { "line_id": 1634.0, "prov": "Lublin", "dist": "Chelm" }, "geometry": { "type": "Point", "coordinates": [ 23.43333333, 51.26666667 ] } },
{ "type": "Feature", "properties": { "line_id": 1635.0, "prov": "Preussen", "dist": "Frydlad" }, "geometry": { "type": "Point", "coordinates": [ 21.0, 54.26666667 ] } },
{ "type": "Feature", "properties": { "line_id": 1636.0, "prov": "Preussen", "dist": "Pommern" }, "geometry": { "type": "Point", "coordinates": [ 15.78333333, 53.76666667 ] } },
{ "type": "Feature", "properties": { "line_id": 1637.0, "prov": "Preussen", "dist": "Walcz" }, "geometry": { "type": "Point", "coordinates": [ 16.11666667, 53.08333333 ] } },
{ "type": "Feature", "properties": { "line_id": 1638.0, "prov": "Galicia", "dist": "Drohobycz" }, "geometry": { "type": "Point", "coordinates": [ 23.35, 49.23333333 ] } },
{ "type": "Feature", "properties": { "line_id": 1639.0, "prov": "Preussen", "dist": "Skwierzyna" }, "geometry": { "type": "Point", "coordinates": [ 15.5, 52.6 ] } },
{ "type": "Feature", "properties": { "line_id": 1640.0, "prov": "Bessarabia", "dist": "Bieltsy" }, "geometry": { "type": "Point", "coordinates": [ 27.63333333, 47.31666667 ] } },
{ "type": "Feature", "properties": { "line_id": 1641.0, "prov": "Vitebsk", "dist": "Sebezh" }, "geometry": { "type": "Point", "coordinates": [ 28.48333333, 56.28333333 ] } },
{ "type": "Feature", "properties": { "line_id": 1642.0, "prov": "Kielce", "dist": "Wloszczowa" }, "geometry": { "type": "Point", "coordinates": [ 19.83333333, 50.76666667 ] } },
{ "type": "Feature", "properties": { "line_id": 1643.0, "prov": "Bessarabia", "dist": "Khotin" }, "geometry": { "type": "Point", "coordinates": [ 27.41666667, 48.45 ] } },
{ "type": "Feature", "properties": { "line_id": 1644.0, "prov": "Kovno", "dist": "Telshi" }, "geometry": { "type": "Point", "coordinates": [ 22.1, 56.16666667 ] } },
{ "type": "Feature", "properties": { "line_id": 1645.0, "prov": "Kovno", "dist": "Shavli" }, "geometry": { "type": "Point", "coordinates": [ 23.76666667, 55.76666667 ] } },
{ "type": "Feature", "properties": { "line_id": 1646.0, "prov": "Galicia", "dist": "Ropczyce" }, "geometry": { "type": "Point", "coordinates": [ 21.7, 50.06666667 ] } },
{ "type": "Feature", "properties": { "line_id": 1647.0, "prov": "Suwalki", "dist": "Seiny" }, "geometry": { "type": "Point", "coordinates": [ 23.81666667, 54.23333333 ] } },
{ "type": "Feature", "properties": { "line_id": 1648.0, "prov": "Suwalki", "dist": "Seiny" }, "geometry": { "type": "Point", "coordinates": [ 23.35, 54.1 ] } },
{ "type": "Feature", "properties": { "line_id": 1649.0, "prov": "Mogilev", "dist": "Mogilev" }, "geometry": { "type": "Point", "coordinates": [ 30.23333333, 53.83333333 ] } },
{ "type": "Feature", "properties": { "line_id": 1650.0, "prov": "Minsk", "dist": "Igumen" }, "geometry": { "type": "Point", "coordinates": [ 28.96666667, 53.61666667 ] } },
{ "type": "Feature", "properties": { "line_id": 1651.0, "prov": "Chernigov", "dist": "Novozybkov" }, "geometry": { "type": "Point", "coordinates": [ 32.58333333, 52.18333333 ] } },
{ "type": "Feature", "properties": { "line_id": 1652.0, "prov": "Poltava", "dist": "Khorol" }, "geometry": { "type": "Point", "coordinates": [ 33.16666667, 49.6 ] } },
{ "type": "Feature", "properties": { "line_id": 1653.0, "prov": "Preussen", "dist": "Zlotow" }, "geometry": { "type": "Point", "coordinates": [ 17.53333333, 53.45 ] } },
{ "type": "Feature", "properties": { "line_id": 1654.0, "prov": "Kielce", "dist": "Jedrzejow" }, "geometry": { "type": "Point", "coordinates": [ 20.06666667, 50.58333333 ] } },
{ "type": "Feature", "properties": { "line_id": 1655.0, "prov": "Mogilev", "dist": "Sienno" }, "geometry": { "type": "Point", "coordinates": [ 29.7, 54.8 ] } },
{ "type": "Feature", "properties": { "line_id": 1656.0, "prov": "Preussen", "dist": "Ketrzyn" }, "geometry": { "type": "Point", "coordinates": [ 21.3, 53.86666667 ] } },
{ "type": "Feature", "properties": { "line_id": 1657.0, "prov": "Kovno", "dist": "Kovno" }, "geometry": { "type": "Point", "coordinates": [ 23.41666667, 55.08333333 ] } },
{ "type": "Feature", "properties": { "line_id": 1658.0, "prov": "Minsk", "dist": "Pinsk" }, "geometry": { "type": "Point", "coordinates": [ 26.23333333, 51.81666667 ] } },
{ "type": "Feature", "properties": { "line_id": 1659.0, "prov": "Warszawa", "dist": "Pultusk" }, "geometry": { "type": "Point", "coordinates": [ 21.06666667, 52.51666667 ] } },
{ "type": "Feature", "properties": { "line_id": 1660.0, "prov": "Siedlce", "dist": "Lukow" }, "geometry": { "type": "Point", "coordinates": [ 22.33333333, 51.7 ] } },
{ "type": "Feature", "properties": { "line_id": 1661.0, "prov": "Kovno", "dist": "Vilkomir" }, "geometry": { "type": "Point", "coordinates": [ 24.25, 55.28333333 ] } },
{ "type": "Feature", "properties": { "line_id": 1662.0, "prov": "Taurida", "dist": "Sevastopol" }, "geometry": { "type": "Point", "coordinates": [ 33.53333333, 44.6 ] } },
{ "type": "Feature", "properties": { "line_id": 1663.0, "prov": "Mogilev", "dist": "Mstislavl" }, "geometry": { "type": "Point", "coordinates": [ 31.35, 54.18333333 ] } },
{ "type": "Feature", "properties": { "line_id": 1664.0, "prov": "Podolia", "dist": "Mogilev" }, "geometry": { "type": "Point", "coordinates": [ 28.08333333, 48.75 ] } },
{ "type": "Feature", "properties": { "line_id": 1665.0, "prov": "Podolia", "dist": "Proskurov" }, "geometry": { "type": "Point", "coordinates": [ 26.96666667, 49.21666667 ] } },
{ "type": "Feature", "properties": { "line_id": 1666.0, "prov": "Podolia", "dist": "Kamenets-Podolsk" }, "geometry": { "type": "Point", "coordinates": [ 26.71666667, 48.76666667 ] } },
{ "type": "Feature", "properties": { "line_id": 1667.0, "prov": "Minsk", "dist": "Igumen" }, "geometry": { "type": "Point", "coordinates": [ 27.68333333, 53.41666667 ] } },
{ "type": "Feature", "properties": { "line_id": 1668.0, "prov": "Minsk", "dist": "Bobruisk" }, "geometry": { "type": "Point", "coordinates": [ 29.55, 52.88333333 ] } },
{ "type": "Feature", "properties": { "line_id": 1669.0, "prov": "Chernigov", "dist": "Gorodnia" }, "geometry": { "type": "Point", "coordinates": [ 31.93333333, 51.81666667 ] } },
{ "type": "Feature", "properties": { "line_id": 1670.0, "prov": "Kiev", "dist": "Kanev" }, "geometry": { "type": "Point", "coordinates": [ 31.03333333, 49.35 ] } },
{ "type": "Feature", "properties": { "line_id": 1671.0, "prov": "Volhynia", "dist": "Zaslavl" }, "geometry": { "type": "Point", "coordinates": [ 27.06666667, 50.18333333 ] } },
{ "type": "Feature", "properties": { "line_id": 1672.0, "prov": "Kherson", "dist": "Aleksandriia" }, "geometry": { "type": "Point", "coordinates": [ 32.76666667, 48.11666667 ] } },
{ "type": "Feature", "properties": { "line_id": 1673.0, "prov": "Kherson", "dist": "Ananev" }, "geometry": { "type": "Point", "coordinates": [ 30.2, 47.38333333 ] } },
{ "type": "Feature", "properties": { "line_id": 1674.0, "prov": "Mogilev", "dist": "Mogilev" }, "geometry": { "type": "Point", "coordinates": [ 30.3, 54.21666667 ] } },
{ "type": "Feature", "properties": { "line_id": 1675.0, "prov": "Chernigov", "dist": "Glukhov" }, "geometry": { "type": "Point", "coordinates": [ 33.48333333, 51.86666667 ] } },
{ "type": "Feature", "properties": { "line_id": 1676.0, "prov": "Podolia", "dist": "Bratslav" }, "geometry": { "type": "Point", "coordinates": [ 28.56666667, 48.78333333 ] } },
{ "type": "Feature", "properties": { "line_id": 1677.0, "prov": "Kiev", "dist": "Zvenigorodka" }, "geometry": { "type": "Point", "coordinates": [ 31.38333333, 49.0 ] } },
{ "type": "Feature", "properties": { "line_id": 1678.0, "prov": "Mogilev", "dist": "Klimovichi" }, "geometry": { "type": "Point", "coordinates": [ 32.41666667, 53.85 ] } },
{ "type": "Feature", "properties": { "line_id": 1679.0, "prov": "Galicia", "dist": "Turka" }, "geometry": { "type": "Point", "coordinates": [ 22.9, 49.01666667 ] } },
{ "type": "Feature", "properties": { "line_id": 1680.0, "prov": "Suwalki", "dist": "Vladislavov" }, "geometry": { "type": "Point", "coordinates": [ 22.8, 55.06666667 ] } },
{ "type": "Feature", "properties": { "line_id": 1681.0, "prov": "Kovno", "dist": "Shavli" }, "geometry": { "type": "Point", "coordinates": [ 23.4, 55.68333333 ] } },
{ "type": "Feature", "properties": { "line_id": 1682.0, "prov": "Kovno", "dist": "Shavli" }, "geometry": { "type": "Point", "coordinates": [ 23.31666667, 55.93333333 ] } },
{ "type": "Feature", "properties": { "line_id": 1683.0, "prov": "Grodno", "dist": "Sokolki" }, "geometry": { "type": "Point", "coordinates": [ 23.45, 53.56666667 ] } },
{ "type": "Feature", "properties": { "line_id": 1684.0, "prov": "Radom", "dist": "Kozienice" }, "geometry": { "type": "Point", "coordinates": [ 21.75, 51.55 ] } },
{ "type": "Feature", "properties": { "line_id": 1685.0, "prov": "Siedlce", "dist": "Siedlce" }, "geometry": { "type": "Point", "coordinates": [ 22.3, 52.16666667 ] } },
{ "type": "Feature", "properties": { "line_id": 1686.0, "prov": "Grodno", "dist": "Pruzhany" }, "geometry": { "type": "Point", "coordinates": [ 24.88333333, 52.58333333 ] } },
{ "type": "Feature", "properties": { "line_id": 1687.0, "prov": "Galicia", "dist": "Sokal" }, "geometry": { "type": "Point", "coordinates": [ 24.2, 50.31666667 ] } },
{ "type": "Feature", "properties": { "line_id": 1688.0, "prov": "Lublin", "dist": "Chelm" }, "geometry": { "type": "Point", "coordinates": [ 23.51666667, 51.03333333 ] } },
{ "type": "Feature", "properties": { "line_id": 1689.0, "prov": "Galicia", "dist": "Jaroslaw" }, "geometry": { "type": "Point", "coordinates": [ 22.63333333, 50.16666667 ] } },
{ "type": "Feature", "properties": { "line_id": 1690.0, "prov": "Warszawa", "dist": "Minsk Mazowiecki" }, "geometry": { "type": "Point", "coordinates": [ 21.61666667, 52.1 ] } },
{ "type": "Feature", "properties": { "line_id": 1691.0, "prov": "Radom", "dist": "Ilza" }, "geometry": { "type": "Point", "coordinates": [ 21.46666667, 51.08333333 ] } },
{ "type": "Feature", "properties": { "line_id": 1692.0, "prov": "Kalisz", "dist": "Sieradz" }, "geometry": { "type": "Point", "coordinates": [ 18.75, 51.6 ] } },
{ "type": "Feature", "properties": { "line_id": 1693.0, "prov": "Plock", "dist": "Sierpc" }, "geometry": { "type": "Point", "coordinates": [ 19.66666667, 52.88333333 ] } },
{ "type": "Feature", "properties": { "line_id": 1694.0, "prov": "Kovno", "dist": "Vilkomir" }, "geometry": { "type": "Point", "coordinates": [ 24.5, 55.3 ] } },
{ "type": "Feature", "properties": { "line_id": 1695.0, "prov": "Piotrkow", "dist": "Bedzin" }, "geometry": { "type": "Point", "coordinates": [ 19.23333333, 50.46666667 ] } },
{ "type": "Feature", "properties": { "line_id": 1696.0, "prov": "Kovno", "dist": "Rossieny" }, "geometry": { "type": "Point", "coordinates": [ 22.2, 55.46666667 ] } },
{ "type": "Feature", "properties": { "line_id": 1697.0, "prov": "Kovno", "dist": "Rossieny" }, "geometry": { "type": "Point", "coordinates": [ 23.23333333, 55.53333333 ] } },
{ "type": "Feature", "properties": { "line_id": 1698.0, "prov": "Taurida", "dist": "Simferopol" }, "geometry": { "type": "Point", "coordinates": [ 34.1, 44.95 ] } },
{ "type": "Feature", "properties": { "line_id": 1699.0, "prov": "Suwalki", "dist": "Kalvariia" }, "geometry": { "type": "Point", "coordinates": [ 23.65, 54.4 ] } },
{ "type": "Feature", "properties": { "line_id": 1700.0, "prov": "Kovno", "dist": "Vilkomir" }, "geometry": { "type": "Point", "coordinates": [ 25.15, 55.73333333 ] } },
{ "type": "Feature", "properties": { "line_id": 1701.0, "prov": "Ekaterinoslav", "dist": "Pavlograd" }, "geometry": { "type": "Point", "coordinates": [ 35.51666667, 48.33333333 ] } },
{ "type": "Feature", "properties": { "line_id": 1702.0, "prov": "Minsk", "dist": "Slutsk" }, "geometry": { "type": "Point", "coordinates": [ 26.46666667, 52.96666667 ] } },
{ "type": "Feature", "properties": { "line_id": 1703.0, "prov": "Vitebsk", "dist": "Polotsk" }, "geometry": { "type": "Point", "coordinates": [ 29.61666667, 55.38333333 ] } },
{ "type": "Feature", "properties": { "line_id": 1704.0, "prov": "Vilna", "dist": "Vilnius" }, "geometry": { "type": "Point", "coordinates": [ 24.95, 55.05 ] } },
{ "type": "Feature", "properties": { "line_id": 1705.0, "prov": "Galicia", "dist": "Brody" }, "geometry": { "type": "Point", "coordinates": [ 26.2, 48.85 ] } },
{ "type": "Feature", "properties": { "line_id": 1706.0, "prov": "Kielce", "dist": "Pinczow" }, "geometry": { "type": "Point", "coordinates": [ 20.41666667, 50.33333333 ] } },
{ "type": "Feature", "properties": { "line_id": 1707.0, "prov": "Kovno", "dist": "Novoaleksandrovsk" }, "geometry": { "type": "Point", "coordinates": [ 25.2, 55.88333333 ] } },
{ "type": "Feature", "properties": { "line_id": 1708.0, "prov": "Radom", "dist": "Konskie" }, "geometry": { "type": "Point", "coordinates": [ 20.9, 51.11666667 ] } },
{ "type": "Feature", "properties": { "line_id": 1709.0, "prov": "Kovno", "dist": "Rossieny" }, "geometry": { "type": "Point", "coordinates": [ 22.61666667, 55.41666667 ] } },
{ "type": "Feature", "properties": { "line_id": 1710.0, "prov": "Vitebsk", "dist": "Liutsin" }, "geometry": { "type": "Point", "coordinates": [ 28.0, 56.13333333 ] } },
{ "type": "Feature", "properties": { "line_id": 1711.0, "prov": "Galicia", "dist": "Podgorze" }, "geometry": { "type": "Point", "coordinates": [ 19.81666667, 49.98333333 ] } },
{ "type": "Feature", "properties": { "line_id": 1712.0, "prov": "Plock", "dist": "Lipno" }, "geometry": { "type": "Point", "coordinates": [ 19.35, 52.86666667 ] } },
{ "type": "Feature", "properties": { "line_id": 1713.0, "prov": "Grodno", "dist": "Grodno" }, "geometry": { "type": "Point", "coordinates": [ 24.25, 53.58333333 ] } },
{ "type": "Feature", "properties": { "line_id": 1714.0, "prov": "Kovno", "dist": "Vilkomir" }, "geometry": { "type": "Point", "coordinates": [ 25.26666667, 55.41666667 ] } },
{ "type": "Feature", "properties": { "line_id": 1715.0, "prov": "Lublin", "dist": "Zamosc" }, "geometry": { "type": "Point", "coordinates": [ 23.36666667, 50.85 ] } },
{ "type": "Feature", "properties": { "line_id": 1716.0, "prov": "Warszawa", "dist": "Skierniewice" }, "geometry": { "type": "Point", "coordinates": [ 20.15, 51.96666667 ] } },
{ "type": "Feature", "properties": { "line_id": 1717.0, "prov": "Preussen", "dist": "Wagrowiec" }, "geometry": { "type": "Point", "coordinates": [ 17.16666667, 52.66666667 ] } },
{ "type": "Feature", "properties": { "line_id": 1718.0, "prov": "Galicia", "dist": "Jaroslaw" }, "geometry": { "type": "Point", "coordinates": [ 22.81666667, 49.93333333 ] } },
{ "type": "Feature", "properties": { "line_id": 1719.0, "prov": "Minsk", "dist": "Mozyr" }, "geometry": { "type": "Point", "coordinates": [ 28.83333333, 51.63333333 ] } },
{ "type": "Feature", "properties": { "line_id": 1720.0, "prov": "Courland", "dist": "Illukst" }, "geometry": { "type": "Point", "coordinates": [ 26.71666667, 55.81666667 ] } },
{ "type": "Feature", "properties": { "line_id": 1721.0, "prov": "Minsk", "dist": "Mozyr" }, "geometry": { "type": "Point", "coordinates": [ 28.81666667, 52.1 ] } },
{ "type": "Feature", "properties": { "line_id": 1722.0, "prov": "Radom", "dist": "Opoczno" }, "geometry": { "type": "Point", "coordinates": [ 20.71666667, 51.36666667 ] } },
{ "type": "Feature", "properties": { "line_id": 1723.0, "prov": "Kalisz", "dist": "Slupca" }, "geometry": { "type": "Point", "coordinates": [ 18.33333333, 52.48333333 ] } },
{ "type": "Feature", "properties": { "line_id": 1724.0, "prov": "Kovno", "dist": "Telshi" }, "geometry": { "type": "Point", "coordinates": [ 21.53333333, 56.26666667 ] } },
{ "type": "Feature", "properties": { "line_id": 1725.0, "prov": "Kiev", "dist": "Skvira" }, "geometry": { "type": "Point", "coordinates": [ 29.66666667, 49.73333333 ] } },
{ "type": "Feature", "properties": { "line_id": 1726.0, "prov": "Ekaterinoslav", "dist": "Pavlograd" }, "geometry": { "type": "Point", "coordinates": [ 35.51666667, 48.1 ] } },
{ "type": "Feature", "properties": { "line_id": 1727.0, "prov": "Ekaterinoslav", "dist": "Slavianoserbsk" }, "geometry": { "type": "Point", "coordinates": [ 38.98333333, 48.7 ] } },
{ "type": "Feature", "properties": { "line_id": 1728.0, "prov": "Volhynia", "dist": "Zaslavl" }, "geometry": { "type": "Point", "coordinates": [ 26.86666667, 50.3 ] } },
{ "type": "Feature", "properties": { "line_id": 1729.0, "prov": "Kharkov", "dist": "Izium" }, "geometry": { "type": "Point", "coordinates": [ 37.61666667, 48.86666667 ] } },
{ "type": "Feature", "properties": { "line_id": 1730.0, "prov": "Siedlce", "dist": "Brzeg" }, "geometry": { "type": "Point", "coordinates": [ 23.55, 51.75 ] } },
{ "type": "Feature", "properties": { "line_id": 1731.0, "prov": "Kielce", "dist": "Olkusz" }, "geometry": { "type": "Point", "coordinates": [ 19.4, 50.3 ] } },
{ "type": "Feature", "properties": { "line_id": 1732.0, "prov": "Kalisz", "dist": "Kolo" }, "geometry": { "type": "Point", "coordinates": [ 18.31666667, 52.36666667 ] } },
{ "type": "Feature", "properties": { "line_id": 1733.0, "prov": "Kovno", "dist": "Novoaleksandrovsk" }, "geometry": { "type": "Point", "coordinates": [ 27.18333333, 55.68333333 ] } },
{ "type": "Feature", "properties": { "line_id": 1734.0, "prov": "Livland", "dist": "Riga" }, "geometry": { "type": "Point", "coordinates": [ 23.6, 56.95 ] } },
{ "type": "Feature", "properties": { "line_id": 1735.0, "prov": "Kielce", "dist": "Miechow" }, "geometry": { "type": "Point", "coordinates": [ 20.1, 50.25 ] } },
{ "type": "Feature", "properties": { "line_id": 1736.0, "prov": "Grodno", "dist": "Slonim" }, "geometry": { "type": "Point", "coordinates": [ 25.31666667, 53.08333333 ] } },
{ "type": "Feature", "properties": { "line_id": 1737.0, "prov": "Volhynia", "dist": "Ovruch" }, "geometry": { "type": "Point", "coordinates": [ 28.35, 51.38333333 ] } },
{ "type": "Feature", "properties": { "line_id": 1738.0, "prov": "Mogilev", "dist": "Sienno" }, "geometry": { "type": "Point", "coordinates": [ 29.53333333, 54.35 ] } },
{ "type": "Feature", "properties": { "line_id": 1739.0, "prov": "Kalisz", "dist": "Slupca" }, "geometry": { "type": "Point", "coordinates": [ 17.88333333, 52.28333333 ] } },
{ "type": "Feature", "properties": { "line_id": 1740.0, "prov": "Kielce", "dist": "Opatow" }, "geometry": { "type": "Point", "coordinates": [ 21.1, 50.86666667 ] } },
{ "type": "Feature", "properties": { "line_id": 1741.0, "prov": "Minsk", "dist": "Slutsk" }, "geometry": { "type": "Point", "coordinates": [ 27.56666667, 53.03333333 ] } },
{ "type": "Feature", "properties": { "line_id": 1742.0, "prov": "Warszawa", "dist": "Nieszawa" }, "geometry": { "type": "Point", "coordinates": [ 18.65, 52.85 ] } },
{ "type": "Feature", "properties": { "line_id": 1743.0, "prov": "Kiev", "dist": "Cherkasy" }, "geometry": { "type": "Point", "coordinates": [ 31.88333333, 49.23333333 ] } },
{ "type": "Feature", "properties": { "line_id": 1744.0, "prov": "Minsk", "dist": "Igumen" }, "geometry": { "type": "Point", "coordinates": [ 28.01666667, 53.75 ] } },
{ "type": "Feature", "properties": { "line_id": 1745.0, "prov": "Livland", "dist": "Valk" }, "geometry": { "type": "Point", "coordinates": [ 25.9, 57.43333333 ] } },
{ "type": "Feature", "properties": { "line_id": 1746.0, "prov": "Smolensk", "dist": "Smolensk" }, "geometry": { "type": "Point", "coordinates": [ 32.03333333, 54.78333333 ] } },
{ "type": "Feature", "properties": { "line_id": 1747.0, "prov": "Mogilev", "dist": "Orsha" }, "geometry": { "type": "Point", "coordinates": [ 30.06666667, 54.6 ] } },
{ "type": "Feature", "properties": { "line_id": 1748.0, "prov": "Galicia", "dist": "Stryj" }, "geometry": { "type": "Point", "coordinates": [ 23.18333333, 48.9 ] } },
{ "type": "Feature", "properties": { "line_id": 1749.0, "prov": "Podolia", "dist": "Kamenets-Podolsk" }, "geometry": { "type": "Point", "coordinates": [ 26.55, 48.95 ] } },
{ "type": "Feature", "properties": { "line_id": 1750.0, "prov": "Lomza", "dist": "Lomzha" }, "geometry": { "type": "Point", "coordinates": [ 22.0, 53.03333333 ] } },
{ "type": "Feature", "properties": { "line_id": 1751.0, "prov": "Galicia", "dist": "Sniatyn" }, "geometry": { "type": "Point", "coordinates": [ 25.56666667, 48.45 ] } },
{ "type": "Feature", "properties": { "line_id": 1752.0, "prov": "Podolia", "dist": "Letichev" }, "geometry": { "type": "Point", "coordinates": [ 27.53333333, 49.33333333 ] } },
{ "type": "Feature", "properties": { "line_id": 1753.0, "prov": "Minsk", "dist": "Novogrudok" }, "geometry": { "type": "Point", "coordinates": [ 26.4, 53.21666667 ] } },
{ "type": "Feature", "properties": { "line_id": 1754.0, "prov": "Podolia", "dist": "Mogilev" }, "geometry": { "type": "Point", "coordinates": [ 27.63333333, 48.8 ] } },
{ "type": "Feature", "properties": { "line_id": 1755.0, "prov": "Kielce", "dist": "Jedrzejow" }, "geometry": { "type": "Point", "coordinates": [ 20.46666667, 50.7 ] } },
{ "type": "Feature", "properties": { "line_id": 1756.0, "prov": "Podolia", "dist": "Gaisin" }, "geometry": { "type": "Point", "coordinates": [ 29.5, 48.6 ] } },
{ "type": "Feature", "properties": { "line_id": 1757.0, "prov": "Siedlce", "dist": "Garwolin" }, "geometry": { "type": "Point", "coordinates": [ 21.66666667, 51.73333333 ] } },
{ "type": "Feature", "properties": { "line_id": 1758.0, "prov": "Warszawa", "dist": "Lowicz" }, "geometry": { "type": "Point", "coordinates": [ 19.68333333, 52.11666667 ] } },
{ "type": "Feature", "properties": { "line_id": 1759.0, "prov": "Warszawa", "dist": "Sochaczew" }, "geometry": { "type": "Point", "coordinates": [ 20.25, 52.23333333 ] } },
{ "type": "Feature", "properties": { "line_id": 1760.0, "prov": "Ekaterinoslav", "dist": "Verkhnednieprovsk" }, "geometry": { "type": "Point", "coordinates": [ 33.86666667, 48.05 ] } },
{ "type": "Feature", "properties": { "line_id": 1761.0, "prov": "Podolia", "dist": "Novaia Ushitsa" }, "geometry": { "type": "Point", "coordinates": [ 27.06666667, 48.75 ] } },
{ "type": "Feature", "properties": { "line_id": 1762.0, "prov": "Grodno", "dist": "Sokolki" }, "geometry": { "type": "Point", "coordinates": [ 23.5, 53.41666667 ] } },
{ "type": "Feature", "properties": { "line_id": 1763.0, "prov": "Volhynia", "dist": "Novograd-Volynskii" }, "geometry": { "type": "Point", "coordinates": [ 28.1, 50.5 ] } },
{ "type": "Feature", "properties": { "line_id": 1764.0, "prov": "Galicia", "dist": "Kolbuszowa" }, "geometry": { "type": "Point", "coordinates": [ 22.11666667, 50.23333333 ] } },
{ "type": "Feature", "properties": { "line_id": 1765.0, "prov": "Siedlce", "dist": "Sokolow" }, "geometry": { "type": "Point", "coordinates": [ 22.25, 52.4 ] } },
{ "type": "Feature", "properties": { "line_id": 1766.0, "prov": "Lomza", "dist": "Wysokie Mazowieckie" }, "geometry": { "type": "Point", "coordinates": [ 22.7, 52.98333333 ] } },
{ "type": "Feature", "properties": { "line_id": 1767.0, "prov": "Volhynia", "dist": "Lutsk" }, "geometry": { "type": "Point", "coordinates": [ 25.33333333, 51.05 ] } },
{ "type": "Feature", "properties": { "line_id": 1768.0, "prov": "Radom", "dist": "Ilza" }, "geometry": { "type": "Point", "coordinates": [ 21.76666667, 51.13333333 ] } },
{ "type": "Feature", "properties": { "line_id": 1769.0, "prov": "Vilna", "dist": "Vilnius" }, "geometry": { "type": "Point", "coordinates": [ 25.38333333, 54.3 ] } },
{ "type": "Feature", "properties": { "line_id": 1770.0, "prov": "Podolia", "dist": "Novaia Ushitsa" }, "geometry": { "type": "Point", "coordinates": [ 26.91666667, 49.08333333 ] } },
{ "type": "Feature", "properties": { "line_id": 1771.0, "prov": "Galicia", "dist": "Bohorodczany" }, "geometry": { "type": "Point", "coordinates": [ 24.41666667, 48.7 ] } },
{ "type": "Feature", "properties": { "line_id": 1772.0, "prov": "Vilna", "dist": "Oshmiany" }, "geometry": { "type": "Point", "coordinates": [ 26.18333333, 54.51666667 ] } },
{ "type": "Feature", "properties": { "line_id": 1773.0, "prov": "Kalisz", "dist": "Kolo" }, "geometry": { "type": "Point", "coordinates": [ 18.51666667, 52.38333333 ] } },
{ "type": "Feature", "properties": { "line_id": 1774.0, "prov": "Suwalki", "dist": "Avgustov" }, "geometry": { "type": "Point", "coordinates": [ 23.65, 53.83333333 ] } },
{ "type": "Feature", "properties": { "line_id": 1775.0, "prov": "Bessarabia", "dist": "Soroki" }, "geometry": { "type": "Point", "coordinates": [ 28.3, 48.15 ] } },
{ "type": "Feature", "properties": { "line_id": 1776.0, "prov": "Galicia", "dist": "Jaroslaw" }, "geometry": { "type": "Point", "coordinates": [ 22.86666667, 49.9 ] } },
{ "type": "Feature", "properties": { "line_id": 1777.0, "prov": "Chernigov", "dist": "Sosnitsa" }, "geometry": { "type": "Point", "coordinates": [ 32.5, 51.53333333 ] } },
{ "type": "Feature", "properties": { "line_id": 1778.0, "prov": "Siedlce", "dist": "Wlodawa" }, "geometry": { "type": "Point", "coordinates": [ 23.08333333, 51.51666667 ] } },
{ "type": "Feature", "properties": { "line_id": 1779.0, "prov": "Piotrkow", "dist": "Bedzin" }, "geometry": { "type": "Point", "coordinates": [ 19.16666667, 50.3 ] } },
{ "type": "Feature", "properties": { "line_id": 1780.0, "prov": "Galicia", "dist": "Limanowa" }, "geometry": { "type": "Point", "coordinates": [ 20.4, 49.71666667 ] } },
{ "type": "Feature", "properties": { "line_id": 1781.0, "prov": "Galicia", "dist": "Dolina" }, "geometry": { "type": "Point", "coordinates": [ 24.05, 48.88333333 ] } },
{ "type": "Feature", "properties": { "line_id": 1782.0, "prov": "Kiev", "dist": "Berdichev" }, "geometry": { "type": "Point", "coordinates": [ 29.15, 49.4 ] } },
{ "type": "Feature", "properties": { "line_id": 1783.0, "prov": "Preussen", "dist": "Srem" }, "geometry": { "type": "Point", "coordinates": [ 17.01666667, 52.08333333 ] } },
{ "type": "Feature", "properties": { "line_id": 1784.0, "prov": "Piotrkow", "dist": "Piotrkow" }, "geometry": { "type": "Point", "coordinates": [ 19.63333333, 51.53333333 ] } },
{ "type": "Feature", "properties": { "line_id": 1785.0, "prov": "Preussen", "dist": "Sroda" }, "geometry": { "type": "Point", "coordinates": [ 17.28333333, 52.23333333 ] } },
{ "type": "Feature", "properties": { "line_id": 1786.0, "prov": "Minsk", "dist": "Pinsk" }, "geometry": { "type": "Point", "coordinates": [ 26.71666667, 52.08333333 ] } },
{ "type": "Feature", "properties": { "line_id": 1787.0, "prov": "Vilna", "dist": "Troki" }, "geometry": { "type": "Point", "coordinates": [ 24.31666667, 54.6 ] } },
{ "type": "Feature", "properties": { "line_id": 1788.0, "prov": "Saratov", "dist": "Tsaritsyn" }, "geometry": { "type": "Point", "coordinates": [ 44.58333333, 48.8 ] } },
{ "type": "Feature", "properties": { "line_id": 1789.0, "prov": "Ekaterinoslav", "dist": "Bakhmut" }, "geometry": { "type": "Point", "coordinates": [ 37.8, 48.0 ] } },
{ "type": "Feature", "properties": { "line_id": 1790.0, "prov": "Preussen", "dist": "Stolupiany" }, "geometry": { "type": "Point", "coordinates": [ 22.56666667, 54.63333333 ] } },
{ "type": "Feature", "properties": { "line_id": 1791.0, "prov": "Podolia", "dist": "Vinnitsa" }, "geometry": { "type": "Point", "coordinates": [ 28.11666667, 48.96666667 ] } },
{ "type": "Feature", "properties": { "line_id": 1792.0, "prov": "Galicia", "dist": "Brody" }, "geometry": { "type": "Point", "coordinates": [ 24.9, 50.16666667 ] } },
{ "type": "Feature", "properties": { "line_id": 1793.0, "prov": "Galicia", "dist": "Stanislawow" }, "geometry": { "type": "Point", "coordinates": [ 24.7, 48.91666667 ] } },
{ "type": "Feature", "properties": { "line_id": 1794.0, "prov": "Warszawa", "dist": "Minsk Mazowiecki" }, "geometry": { "type": "Point", "coordinates": [ 21.55, 52.3 ] } },
{ "type": "Feature", "properties": { "line_id": 1795.0, "prov": "Podolia", "dist": "Litin" }, "geometry": { "type": "Point", "coordinates": [ 27.61666667, 49.6 ] } },
{ "type": "Feature", "properties": { "line_id": 1796.0, "prov": "Podolia", "dist": "Novaia Ushitsa" }, "geometry": { "type": "Point", "coordinates": [ 27.13333333, 48.58333333 ] } },
{ "type": "Feature", "properties": { "line_id": 1797.0, "prov": "Novgorod", "dist": "Staraia Russa" }, "geometry": { "type": "Point", "coordinates": [ 31.36666667, 57.98333333 ] } },
{ "type": "Feature", "properties": { "line_id": 1798.0, "prov": "Kharkov", "dist": "Starobielsk" }, "geometry": { "type": "Point", "coordinates": [ 38.9, 49.28333333 ] } },
{ "type": "Feature", "properties": { "line_id": 1799.0, "prov": "Minsk", "dist": "Slutsk" }, "geometry": { "type": "Point", "coordinates": [ 27.46666667, 52.73333333 ] } },
{ "type": "Feature", "properties": { "line_id": 1800.0, "prov": "Chernigov", "dist": "Starodub" }, "geometry": { "type": "Point", "coordinates": [ 32.76666667, 52.58333333 ] } },
{ "type": "Feature", "properties": { "line_id": 1801.0, "prov": "Volhynia", "dist": "Starokonstantinov" }, "geometry": { "type": "Point", "coordinates": [ 27.21666667, 49.75 ] } },
{ "type": "Feature", "properties": { "line_id": 1802.0, "prov": "Mogilev", "dist": "Orsha" }, "geometry": { "type": "Point", "coordinates": [ 30.1, 54.31666667 ] } },
{ "type": "Feature", "properties": { "line_id": 1803.0, "prov": "Podolia", "dist": "Letichev" }, "geometry": { "type": "Point", "coordinates": [ 27.58333333, 49.26666667 ] } },
{ "type": "Feature", "properties": { "line_id": 1804.0, "prov": "Galicia", "dist": "Bohorodczany" }, "geometry": { "type": "Point", "coordinates": [ 24.5, 48.71666667 ] } },
{ "type": "Feature", "properties": { "line_id": 1805.0, "prov": "Minsk", "dist": "Bobruisk" }, "geometry": { "type": "Point", "coordinates": [ 28.26666667, 53.03333333 ] } },
{ "type": "Feature", "properties": { "line_id": 1806.0, "prov": "Taurida", "dist": "Feodosiia" }, "geometry": { "type": "Point", "coordinates": [ 35.1, 45.03333333 ] } },
{ "type": "Feature", "properties": { "line_id": 1807.0, "prov": "Galicia", "dist": "Stare Miasto" }, "geometry": { "type": "Point", "coordinates": [ 23.0, 49.43333333 ] } },
{ "type": "Feature", "properties": { "line_id": 1808.0, "prov": "Galicia", "dist": "Nowy Sacz" }, "geometry": { "type": "Point", "coordinates": [ 20.65, 49.56666667 ] } },
{ "type": "Feature", "properties": { "line_id": 1809.0, "prov": "Radom", "dist": "Sandomierz" }, "geometry": { "type": "Point", "coordinates": [ 21.16666667, 50.55 ] } },
{ "type": "Feature", "properties": { "line_id": 1810.0, "prov": "Kiev", "dist": "Tarashcha" }, "geometry": { "type": "Point", "coordinates": [ 30.2, 49.38333333 ] } },
{ "type": "Feature", "properties": { "line_id": 1811.0, "prov": "Lomza", "dist": "Kolno" }, "geometry": { "type": "Point", "coordinates": [ 22.15, 53.36666667 ] } },
{ "type": "Feature", "properties": { "line_id": 1812.0, "prov": "Kalisz", "dist": "Kalisz" }, "geometry": { "type": "Point", "coordinates": [ 18.11666667, 51.91666667 ] } },
{ "type": "Feature", "properties": { "line_id": 1813.0, "prov": "Kiev", "dist": "Kanev" }, "geometry": { "type": "Point", "coordinates": [ 31.1, 49.4 ] } },
{ "type": "Feature", "properties": { "line_id": 1814.0, "prov": "Galicia", "dist": "Drohobycz" }, "geometry": { "type": "Point", "coordinates": [ 23.56666667, 49.3 ] } },
{ "type": "Feature", "properties": { "line_id": 1815.0, "prov": "Galicia", "dist": "Sniatyn" }, "geometry": { "type": "Point", "coordinates": [ 25.56666667, 48.51666667 ] } },
{ "type": "Feature", "properties": { "line_id": 1816.0, "prov": "Siedlce", "dist": "Garwolin" }, "geometry": { "type": "Point", "coordinates": [ 21.78333333, 51.58333333 ] } },
{ "type": "Feature", "properties": { "line_id": 1817.0, "prov": "Volhynia", "dist": "Rovno" }, "geometry": { "type": "Point", "coordinates": [ 26.3, 51.13333333 ] } },
{ "type": "Feature", "properties": { "line_id": 1818.0, "prov": "Kiev", "dist": "Kanev" }, "geometry": { "type": "Point", "coordinates": [ 31.3, 49.7 ] } },
{ "type": "Feature", "properties": { "line_id": 1819.0, "prov": "Siedlce", "dist": "Sokolow" }, "geometry": { "type": "Point", "coordinates": [ 22.3, 52.58333333 ] } },
{ "type": "Feature", "properties": { "line_id": 1820.0, "prov": "Preussen", "dist": "Pommern" }, "geometry": { "type": "Point", "coordinates": [ 14.58333333, 53.41666667 ] } },
{ "type": "Feature", "properties": { "line_id": 1821.0, "prov": "Volhynia", "dist": "Kovel" }, "geometry": { "type": "Point", "coordinates": [ 25.18333333, 51.4 ] } },
{ "type": "Feature", "properties": { "line_id": 1822.0, "prov": "Siedlce", "dist": "Wegrow" }, "geometry": { "type": "Point", "coordinates": [ 21.9, 52.55 ] } },
{ "type": "Feature", "properties": { "line_id": 1823.0, "prov": "Vilna", "dist": "Sventsiany" }, "geometry": { "type": "Point", "coordinates": [ 26.51666667, 55.18333333 ] } },
{ "type": "Feature", "properties": { "line_id": 1824.0, "prov": "Galicia", "dist": "Kamionka" }, "geometry": { "type": "Point", "coordinates": [ 24.65, 50.36666667 ] } },
{ "type": "Feature", "properties": { "line_id": 1825.0, "prov": "Siedlce", "dist": "Lukow" }, "geometry": { "type": "Point", "coordinates": [ 22.46666667, 51.83333333 ] } },
{ "type": "Feature", "properties": { "line_id": 1826.0, "prov": "Minsk", "dist": "Pinsk" }, "geometry": { "type": "Point", "coordinates": [ 26.85, 51.88333333 ] } },
{ "type": "Feature", "properties": { "line_id": 1827.0, "prov": "Minsk", "dist": "Novogrudok" }, "geometry": { "type": "Point", "coordinates": [ 26.03333333, 53.21666667 ] } },
{ "type": "Feature", "properties": { "line_id": 1828.0, "prov": "Preussen", "dist": "Pommern" }, "geometry": { "type": "Point", "coordinates": [ 17.03333333, 54.45 ] } },
{ "type": "Feature", "properties": { "line_id": 1829.0, "prov": "Minsk", "dist": "Minsk" }, "geometry": { "type": "Point", "coordinates": [ 26.75, 53.48333333 ] } },
{ "type": "Feature", "properties": { "line_id": 1830.0, "prov": "Radom", "dist": "Konskie" }, "geometry": { "type": "Point", "coordinates": [ 20.57188, 51.13737 ] } },
{ "type": "Feature", "properties": { "line_id": 1831.0, "prov": "Kielce", "dist": "Stopnica" }, "geometry": { "type": "Point", "coordinates": [ 20.95, 50.43333333 ] } },
{ "type": "Feature", "properties": { "line_id": 1832.0, "prov": "Preussen", "dist": "Pommern" }, "geometry": { "type": "Point", "coordinates": [ 13.08194444, 54.30916667 ] } },
{ "type": "Feature", "properties": { "line_id": 1833.0, "prov": "Mogilev", "dist": "Orsha" }, "geometry": { "type": "Point", "coordinates": [ 30.11666667, 52.73333333 ] } },
{ "type": "Feature", "properties": { "line_id": 1834.0, "prov": "Radom", "dist": "Radom" }, "geometry": { "type": "Point", "coordinates": [ 21.1, 51.65 ] } },
{ "type": "Feature", "properties": { "line_id": 1835.0, "prov": "Galicia", "dist": "Trembowla" }, "geometry": { "type": "Point", "coordinates": [ 25.61666667, 49.33333333 ] } },
{ "type": "Feature", "properties": { "line_id": 1836.0, "prov": "Piotrkow", "dist": "Brzeziny" }, "geometry": { "type": "Point", "coordinates": [ 19.6, 51.9 ] } },
{ "type": "Feature", "properties": { "line_id": 1837.0, "prov": "Podolia", "dist": "Vinnitsa" }, "geometry": { "type": "Point", "coordinates": [ 28.46666667, 49.31666667 ] } },
{ "type": "Feature", "properties": { "line_id": 1838.0, "prov": "Plock", "dist": "Mlawa" }, "geometry": { "type": "Point", "coordinates": [ 20.28333333, 52.9 ] } },
{ "type": "Feature", "properties": { "line_id": 1839.0, "prov": "Preussen", "dist": "Strzelno" }, "geometry": { "type": "Point", "coordinates": [ 18.2, 52.63333333 ] } },
{ "type": "Feature", "properties": { "line_id": 1840.0, "prov": "Piotrkow", "dist": "Bedzin" }, "geometry": { "type": "Point", "coordinates": [ 19.28333333, 50.31666667 ] } },
{ "type": "Feature", "properties": { "line_id": 1841.0, "prov": "Mogilev", "dist": "Cherikov" }, "geometry": { "type": "Point", "coordinates": [ 32.03333333, 53.3 ] } },
{ "type": "Feature", "properties": { "line_id": 1842.0, "prov": "Podolia", "dist": "Novaia Ushitsa" }, "geometry": { "type": "Point", "coordinates": [ 26.91666667, 48.58333333 ] } },
{ "type": "Feature", "properties": { "line_id": 1843.0, "prov": "Preussen", "dist": "Sztum" }, "geometry": { "type": "Point", "coordinates": [ 19.03333333, 53.93333333 ] } },
{ "type": "Feature", "properties": { "line_id": 1844.0, "prov": "Kovno", "dist": "Vilkomir" }, "geometry": { "type": "Point", "coordinates": [ 24.75, 55.76666667 ] } },
{ "type": "Feature", "properties": { "line_id": 1845.0, "prov": "Galicia", "dist": "Zywiec" }, "geometry": { "type": "Point", "coordinates": [ 19.6, 49.73333333 ] } },
{ "type": "Feature", "properties": { "line_id": 1846.0, "prov": "Kielce", "dist": "Kielce" }, "geometry": { "type": "Point", "coordinates": [ 20.83333333, 51.06666667 ] } },
{ "type": "Feature", "properties": { "line_id": 1847.0, "prov": "Galicia", "dist": "Husiatyn" }, "geometry": { "type": "Point", "coordinates": [ 25.86666667, 49.13333333 ] } },
{ "type": "Feature", "properties": { "line_id": 1848.0, "prov": "Volhynia", "dist": "Zaslavl" }, "geometry": { "type": "Point", "coordinates": [ 27.13333333, 50.16666667 ] } },
{ "type": "Feature", "properties": { "line_id": 1849.0, "prov": "Piotrkow", "dist": "Noworadomsk" }, "geometry": { "type": "Point", "coordinates": [ 19.2, 51.18333333 ] } },
{ "type": "Feature", "properties": { "line_id": 1850.0, "prov": "Kharkov", "dist": "Sumy" }, "geometry": { "type": "Point", "coordinates": [ 34.78333333, 50.91666667 ] } },
{ "type": "Feature", "properties": { "line_id": 1851.0, "prov": "Grodno", "dist": "Bielostok" }, "geometry": { "type": "Point", "coordinates": [ 23.35, 53.21666667 ] } },
{ "type": "Feature", "properties": { "line_id": 1852.0, "prov": "Grodno", "dist": "Bielostok" }, "geometry": { "type": "Point", "coordinates": [ 22.95, 52.95 ] } },
{ "type": "Feature", "properties": { "line_id": 1853.0, "prov": "Vitebsk", "dist": "Vitebsk" }, "geometry": { "type": "Point", "coordinates": [ 30.71666667, 55.41666667 ] } },
{ "type": "Feature", "properties": { "line_id": 1854.0, "prov": "Kovno", "dist": "Novoaleksandrovsk" }, "geometry": { "type": "Point", "coordinates": [ 25.28333333, 56.16666667 ] } },
{ "type": "Feature", "properties": { "line_id": 1855.0, "prov": "Suwalki", "dist": "Suvalki" }, "geometry": { "type": "Point", "coordinates": [ 22.93333333, 54.1 ] } },
{ "type": "Feature", "properties": { "line_id": 1856.0, "prov": "Kovno", "dist": "Vilkomir" }, "geometry": { "type": "Point", "coordinates": [ 25.36666667, 55.68333333 ] } },
{ "type": "Feature", "properties": { "line_id": 1857.0, "prov": "Kovno", "dist": "Rossieny" }, "geometry": { "type": "Point", "coordinates": [ 21.61666667, 55.51666667 ] } },
{ "type": "Feature", "properties": { "line_id": 1858.0, "prov": "Mogilev", "dist": "Rogachev" }, "geometry": { "type": "Point", "coordinates": [ 30.31666667, 53.13333333 ] } },
{ "type": "Feature", "properties": { "line_id": 1859.0, "prov": "Chernigov", "dist": "Surazh" }, "geometry": { "type": "Point", "coordinates": [ 31.55, 52.66666667 ] } },
{ "type": "Feature", "properties": { "line_id": 1860.0, "prov": "Minsk", "dist": "Minsk" }, "geometry": { "type": "Point", "coordinates": [ 26.73333333, 53.45 ] } },
{ "type": "Feature", "properties": { "line_id": 1861.0, "prov": "Preussen", "dist": "Poznan (wschodni)" }, "geometry": { "type": "Point", "coordinates": [ 17.08333333, 52.41666667 ] } },
{ "type": "Feature", "properties": { "line_id": 1862.0, "prov": "Preussen", "dist": "Swiecie" }, "geometry": { "type": "Point", "coordinates": [ 18.45, 53.41666667 ] } },
{ "type": "Feature", "properties": { "line_id": 1863.0, "prov": "Vilna", "dist": "Sventsiany" }, "geometry": { "type": "Point", "coordinates": [ 26.16666667, 55.15 ] } },
{ "type": "Feature", "properties": { "line_id": 1864.0, "prov": "Lublin", "dist": "Chelm" }, "geometry": { "type": "Point", "coordinates": [ 23.73333333, 51.21666667 ] } },
{ "type": "Feature", "properties": { "line_id": 1865.0, "prov": "Preussen", "dist": "Pommern" }, "geometry": { "type": "Point", "coordinates": [ 14.23333333, 53.91666667 ] } },
{ "type": "Feature", "properties": { "line_id": 1866.0, "prov": "Volhynia", "dist": "Vladimir-Volynskii" }, "geometry": { "type": "Point", "coordinates": [ 24.75, 50.63333333 ] } },
{ "type": "Feature", "properties": { "line_id": 1867.0, "prov": "Vilna", "dist": "Sventsiany" }, "geometry": { "type": "Point", "coordinates": [ 26.4, 54.85 ] } },
{ "type": "Feature", "properties": { "line_id": 1868.0, "prov": "Galicia", "dist": "Przemyslany" }, "geometry": { "type": "Point", "coordinates": [ 24.43333333, 49.65 ] } },
{ "type": "Feature", "properties": { "line_id": 1869.0, "prov": "Grodno", "dist": "Volkovysk" }, "geometry": { "type": "Point", "coordinates": [ 24.1, 53.03333333 ] } },
{ "type": "Feature", "properties": { "line_id": 1870.0, "prov": "Galicia", "dist": "Stryj" }, "geometry": { "type": "Point", "coordinates": [ 23.58333333, 49.1 ] } },
{ "type": "Feature", "properties": { "line_id": 1871.0, "prov": "Volhynia", "dist": "Vladimir-Volynskii" }, "geometry": { "type": "Point", "coordinates": [ 23.95, 51.5 ] } },
{ "type": "Feature", "properties": { "line_id": 1872.0, "prov": "Kalisz", "dist": "Sieradz" }, "geometry": { "type": "Point", "coordinates": [ 18.98333333, 51.68333333 ] } },
{ "type": "Feature", "properties": { "line_id": 1873.0, "prov": "Preussen", "dist": "Szamotuly" }, "geometry": { "type": "Point", "coordinates": [ 16.58333333, 52.61666667 ] } },
{ "type": "Feature", "properties": { "line_id": 1874.0, "prov": "Vilna", "dist": "Disna" }, "geometry": { "type": "Point", "coordinates": [ 27.46666667, 55.36666667 ] } },
{ "type": "Feature", "properties": { "line_id": 1875.0, "prov": "Galicia", "dist": "Nowy Targ" }, "geometry": { "type": "Point", "coordinates": [ 20.5, 49.43333333 ] } },
{ "type": "Feature", "properties": { "line_id": 1876.0, "prov": "Lublin", "dist": "Zamosc" }, "geometry": { "type": "Point", "coordinates": [ 22.96666667, 50.7 ] } },
{ "type": "Feature", "properties": { "line_id": 1877.0, "prov": "Kielce", "dist": "Wloszczowa" }, "geometry": { "type": "Point", "coordinates": [ 19.83333333, 50.63333333 ] } },
{ "type": "Feature", "properties": { "line_id": 1878.0, "prov": "Piotrkow", "dist": "Lask" }, "geometry": { "type": "Point", "coordinates": [ 19.11666667, 51.33333333 ] } },
{ "type": "Feature", "properties": { "line_id": 1879.0, "prov": "Galicia", "dist": "Lwow" }, "geometry": { "type": "Point", "coordinates": [ 23.86666667, 49.65 ] } },
{ "type": "Feature", "properties": { "line_id": 1880.0, "prov": "Lomza", "dist": "Shchuchin" }, "geometry": { "type": "Point", "coordinates": [ 22.3, 53.56666667 ] } },
{ "type": "Feature", "properties": { "line_id": 1881.0, "prov": "Vilna", "dist": "Lida" }, "geometry": { "type": "Point", "coordinates": [ 24.73333333, 53.61666667 ] } },
{ "type": "Feature", "properties": { "line_id": 1882.0, "prov": "Galicia", "dist": "Brody" }, "geometry": { "type": "Point", "coordinates": [ 25.03333333, 50.26666667 ] } },
{ "type": "Feature", "properties": { "line_id": 1883.0, "prov": "Warszawa", "dist": "Makow" }, "geometry": { "type": "Point", "coordinates": [ 21.21666667, 52.81666667 ] } },
{ "type": "Feature", "properties": { "line_id": 1884.0, "prov": "Grodno", "dist": "Pruzhany" }, "geometry": { "type": "Point", "coordinates": [ 24.21666667, 52.55 ] } },
{ "type": "Feature", "properties": { "line_id": 1885.0, "prov": "Plock", "dist": "Mlawa" }, "geometry": { "type": "Point", "coordinates": [ 20.11666667, 53.01666667 ] } },
{ "type": "Feature", "properties": { "line_id": 1886.0, "prov": "Preussen", "dist": "Szubin" }, "geometry": { "type": "Point", "coordinates": [ 17.75, 53.01666667 ] } },
{ "type": "Feature", "properties": { "line_id": 1887.0, "prov": "Lomza", "dist": "Lomzha" }, "geometry": { "type": "Point", "coordinates": [ 22.08333333, 52.93333333 ] } },
{ "type": "Feature", "properties": { "line_id": 1888.0, "prov": "Volhynia", "dist": "Kremenets" }, "geometry": { "type": "Point", "coordinates": [ 26.11666667, 50.11666667 ] } },
{ "type": "Feature", "properties": { "line_id": 1889.0, "prov": "Kielce", "dist": "Stopnica" }, "geometry": { "type": "Point", "coordinates": [ 21.0, 50.6 ] } },
{ "type": "Feature", "properties": { "line_id": 1890.0, "prov": "Don Voyska", "dist": "Taganrog" }, "geometry": { "type": "Point", "coordinates": [ 38.91666667, 47.21666667 ] } },
{ "type": "Feature", "properties": { "line_id": 1891.0, "prov": "Estland", "dist": "Revel" }, "geometry": { "type": "Point", "coordinates": [ 24.73333333, 59.43333333 ] } },
{ "type": "Feature", "properties": { "line_id": 1892.0, "prov": "Kiev", "dist": "Uman" }, "geometry": { "type": "Point", "coordinates": [ 30.7, 48.88333333 ] } },
{ "type": "Feature", "properties": { "line_id": 1893.0, "prov": "Courland", "dist": "Talsen" }, "geometry": { "type": "Point", "coordinates": [ 22.6, 57.25 ] } },
{ "type": "Feature", "properties": { "line_id": 1894.0, "prov": "Preussen", "dist": "Welawa" }, "geometry": { "type": "Point", "coordinates": [ 21.06666667, 54.65 ] } },
{ "type": "Feature", "properties": { "line_id": 1895.0, "prov": "Kiev", "dist": "Tarashcha" }, "geometry": { "type": "Point", "coordinates": [ 30.5, 49.56666667 ] } },
{ "type": "Feature", "properties": { "line_id": 1896.0, "prov": "Warszawa", "dist": "Grojec" }, "geometry": { "type": "Point", "coordinates": [ 20.83333333, 51.96666667 ] } },
{ "type": "Feature", "properties": { "line_id": 1897.0, "prov": "Volhynia", "dist": "Dubno" }, "geometry": { "type": "Point", "coordinates": [ 25.4, 50.55 ] } },
{ "type": "Feature", "properties": { "line_id": 1898.0, "prov": "Radom", "dist": "Ilza" }, "geometry": { "type": "Point", "coordinates": [ 21.71666667, 51.0 ] } },
{ "type": "Feature", "properties": { "line_id": 1899.0, "prov": "Galicia", "dist": "Turka" }, "geometry": { "type": "Point", "coordinates": [ 22.78333333, 49.15 ] } },
{ "type": "Feature", "properties": { "line_id": 1900.0, "prov": "Lublin", "dist": "Bilgoraj" }, "geometry": { "type": "Point", "coordinates": [ 22.75, 50.36666667 ] } },
{ "type": "Feature", "properties": { "line_id": 1901.0, "prov": "Galicia", "dist": "Tarnopol" }, "geometry": { "type": "Point", "coordinates": [ 25.58333333, 49.55 ] } },
{ "type": "Feature", "properties": { "line_id": 1902.0, "prov": "Galicia", "dist": "Tarnopol" }, "geometry": { "type": "Point", "coordinates": [ 26.23333333, 49.41666667 ] } },
{ "type": "Feature", "properties": { "line_id": 1903.0, "prov": "Galicia", "dist": "Tarnow" }, "geometry": { "type": "Point", "coordinates": [ 20.98333333, 50.01666667 ] } },
{ "type": "Feature", "properties": { "line_id": 1904.0, "prov": "Galicia", "dist": "Sokal" }, "geometry": { "type": "Point", "coordinates": [ 24.4, 50.46666667 ] } },
{ "type": "Feature", "properties": { "line_id": 1905.0, "prov": "Livland", "dist": "Iurev" }, "geometry": { "type": "Point", "coordinates": [ 26.73333333, 58.36666667 ] } },
{ "type": "Feature", "properties": { "line_id": 1906.0, "prov": "Bessarabia", "dist": "Akkerman" }, "geometry": { "type": "Point", "coordinates": [ 29.15, 46.2 ] } },
{ "type": "Feature", "properties": { "line_id": 1907.0, "prov": "Galicia", "dist": "Nadworna" }, "geometry": { "type": "Point", "coordinates": [ 24.56666667, 48.35 ] } },
{ "type": "Feature", "properties": { "line_id": 1908.0, "prov": "Mogilev", "dist": "Mstislavl" }, "geometry": { "type": "Point", "coordinates": [ 31.56666667, 54.25 ] } },
{ "type": "Feature", "properties": { "line_id": 1909.0, "prov": "Kovno", "dist": "Rossieny" }, "geometry": { "type": "Point", "coordinates": [ 22.28333333, 55.25 ] } },
{ "type": "Feature", "properties": { "line_id": 1910.0, "prov": "Kovno", "dist": "Novoaleksandrovsk" }, "geometry": { "type": "Point", "coordinates": [ 25.81666667, 55.45 ] } },
{ "type": "Feature", "properties": { "line_id": 1911.0, "prov": "Preussen", "dist": "Tczew" }, "geometry": { "type": "Point", "coordinates": [ 18.8, 54.1 ] } },
{ "type": "Feature", "properties": { "line_id": 1912.0, "prov": "Kovno", "dist": "Telshi" }, "geometry": { "type": "Point", "coordinates": [ 22.25, 55.98333333 ] } },
{ "type": "Feature", "properties": { "line_id": 1913.0, "prov": "Minsk", "dist": "Pinsk" }, "geometry": { "type": "Point", "coordinates": [ 25.85, 52.51666667 ] } },
{ "type": "Feature", "properties": { "line_id": 1914.0, "prov": "Kiev", "dist": "Chigirin" }, "geometry": { "type": "Point", "coordinates": [ 31.88333333, 49.0 ] } },
{ "type": "Feature", "properties": { "line_id": 1915.0, "prov": "Galicia", "dist": "Lisko" }, "geometry": { "type": "Point", "coordinates": [ 22.53333333, 49.36666667 ] } },
{ "type": "Feature", "properties": { "line_id": 1916.0, "prov": "Preussen", "dist": "Pommern" }, "geometry": { "type": "Point", "coordinates": [ 16.23333333, 53.55 ] } },
{ "type": "Feature", "properties": { "line_id": 1917.0, "prov": "Volhynia", "dist": "Starokonstantinov" }, "geometry": { "type": "Point", "coordinates": [ 26.41666667, 49.83333333 ] } },
{ "type": "Feature", "properties": { "line_id": 1918.0, "prov": "Podolia", "dist": "Gaisin" }, "geometry": { "type": "Point", "coordinates": [ 29.73333333, 48.66666667 ] } },
{ "type": "Feature", "properties": { "line_id": 1919.0, "prov": "Siedlce", "dist": "Biala" }, "geometry": { "type": "Point", "coordinates": [ 23.56666667, 52.08333333 ] } },
{ "type": "Feature", "properties": { "line_id": 1920.0, "prov": "Kiev", "dist": "Lipovets" }, "geometry": { "type": "Point", "coordinates": [ 29.7, 48.93333333 ] } },
{ "type": "Feature", "properties": { "line_id": 1921.0, "prov": "Podolia", "dist": "Gaisin" }, "geometry": { "type": "Point", "coordinates": [ 29.96666667, 48.53333333 ] } },
{ "type": "Feature", "properties": { "line_id": 1922.0, "prov": "Mogilev", "dist": "Mogilev" }, "geometry": { "type": "Point", "coordinates": [ 29.76666667, 54.16666667 ] } },
{ "type": "Feature", "properties": { "line_id": 1923.0, "prov": "Kiev", "dist": "Tarashcha" }, "geometry": { "type": "Point", "coordinates": [ 29.66666667, 49.38333333 ] } },
{ "type": "Feature", "properties": { "line_id": 1924.0, "prov": "Taurida", "dist": "Feodosiia" }, "geometry": { "type": "Point", "coordinates": [ 35.38333333, 45.03333333 ] } },
{ "type": "Feature", "properties": { "line_id": 1925.0, "prov": "Bessarabia", "dist": "Bendery" }, "geometry": { "type": "Point", "coordinates": [ 29.45, 46.83333333 ] } },
{ "type": "Feature", "properties": { "line_id": 1926.0, "prov": "Novgorod", "dist": "Tikhvin" }, "geometry": { "type": "Point", "coordinates": [ 33.51666667, 59.65 ] } },
{ "type": "Feature", "properties": { "line_id": 1927.0, "prov": "Preussen", "dist": "Tylza" }, "geometry": { "type": "Point", "coordinates": [ 21.88333333, 55.06666667 ] } },
{ "type": "Feature", "properties": { "line_id": 1928.0, "prov": "Minsk", "dist": "Slutsk" }, "geometry": { "type": "Point", "coordinates": [ 26.98333333, 53.06666667 ] } },
{ "type": "Feature", "properties": { "line_id": 1929.0, "prov": "Kherson", "dist": "Tiraspol" }, "geometry": { "type": "Point", "coordinates": [ 29.65, 46.83333333 ] } },
{ "type": "Feature", "properties": { "line_id": 1930.0, "prov": "Kovno", "dist": "Telshi" }, "geometry": { "type": "Point", "coordinates": [ 22.31666667, 56.26666667 ] } },
{ "type": "Feature", "properties": { "line_id": 1931.0, "prov": "Preussen", "dist": "Miedzyrzecz" }, "geometry": { "type": "Point", "coordinates": [ 15.86666667, 52.36666667 ] } },
{ "type": "Feature", "properties": { "line_id": 1932.0, "prov": "Podolia", "dist": "Vinnitsa" }, "geometry": { "type": "Point", "coordinates": [ 28.5, 49.01666667 ] } },
{ "type": "Feature", "properties": { "line_id": 1933.0, "prov": "Galicia", "dist": "Tlumacz" }, "geometry": { "type": "Point", "coordinates": [ 25.0, 48.86666667 ] } },
{ "type": "Feature", "properties": { "line_id": 1934.0, "prov": "Galicia", "dist": "Zaleszczyki" }, "geometry": { "type": "Point", "coordinates": [ 25.71666667, 48.83333333 ] } },
{ "type": "Feature", "properties": { "line_id": 1935.0, "prov": "Warszawa", "dist": "Radzymin" }, "geometry": { "type": "Point", "coordinates": [ 21.45, 52.41666667 ] } },
{ "type": "Feature", "properties": { "line_id": 1936.0, "prov": "Mogilev", "dist": "Orsha" }, "geometry": { "type": "Point", "coordinates": [ 29.7, 54.41666667 ] } },
{ "type": "Feature", "properties": { "line_id": 1937.0, "prov": "Piotrkow", "dist": "Brzeziny" }, "geometry": { "type": "Point", "coordinates": [ 20.01666667, 51.53333333 ] } },
{ "type": "Feature", "properties": { "line_id": 1938.0, "prov": "Podolia", "dist": "Lampol" }, "geometry": { "type": "Point", "coordinates": [ 28.51666667, 48.53333333 ] } },
{ "type": "Feature", "properties": { "line_id": 1939.0, "prov": "Volhynia", "dist": "Rovno" }, "geometry": { "type": "Point", "coordinates": [ 27.08333333, 51.36666667 ] } },
{ "type": "Feature", "properties": { "line_id": 1940.0, "prov": "Lublin", "dist": "Tomaszow" }, "geometry": { "type": "Point", "coordinates": [ 23.41666667, 50.45 ] } },
{ "type": "Feature", "properties": { "line_id": 1941.0, "prov": "Galicia", "dist": "Brody" }, "geometry": { "type": "Point", "coordinates": [ 24.71666667, 50.11666667 ] } },
{ "type": "Feature", "properties": { "line_id": 1942.0, "prov": "Pskov", "dist": "Toropets" }, "geometry": { "type": "Point", "coordinates": [ 31.63333333, 56.5 ] } },
{ "type": "Feature", "properties": { "line_id": 1943.0, "prov": "Volhynia", "dist": "Lutsk" }, "geometry": { "type": "Point", "coordinates": [ 25.0, 50.76666667 ] } },
{ "type": "Feature", "properties": { "line_id": 1944.0, "prov": "Kiev", "dist": "Uman" }, "geometry": { "type": "Point", "coordinates": [ 30.78333333, 48.65 ] } },
{ "type": "Feature", "properties": { "line_id": 1945.0, "prov": "Preussen", "dist": "Torun" }, "geometry": { "type": "Point", "coordinates": [ 18.6, 53.03333333 ] } },
{ "type": "Feature", "properties": { "line_id": 1946.0, "prov": "Galicia", "dist": "Skalat" }, "geometry": { "type": "Point", "coordinates": [ 26.08333333, 49.26666667 ] } },
{ "type": "Feature", "properties": { "line_id": 1947.0, "prov": "Vilna", "dist": "Oshmiany" }, "geometry": { "type": "Point", "coordinates": [ 25.91666667, 54.15 ] } },
{ "type": "Feature", "properties": { "line_id": 1948.0, "prov": "Lublin", "dist": "Lublin" }, "geometry": { "type": "Point", "coordinates": [ 23.0, 51.13333333 ] } },
{ "type": "Feature", "properties": { "line_id": 1949.0, "prov": "Galicia", "dist": "Trembowla" }, "geometry": { "type": "Point", "coordinates": [ 25.71666667, 49.3 ] } },
{ "type": "Feature", "properties": { "line_id": 1950.0, "prov": "Preussen", "dist": "Pommern" }, "geometry": { "type": "Point", "coordinates": [ 15.27861111, 54.05722222 ] } },
{ "type": "Feature", "properties": { "line_id": 1951.0, "prov": "Preussen", "dist": "Olecko" }, "geometry": { "type": "Point", "coordinates": [ 22.5, 54.03333333 ] } },
{ "type": "Feature", "properties": { "line_id": 1952.0, "prov": "Vilna", "dist": "Troki" }, "geometry": { "type": "Point", "coordinates": [ 24.93333333, 54.63333333 ] } },
{ "type": "Feature", "properties": { "line_id": 1953.0, "prov": "Kovno", "dist": "Vilkomir" }, "geometry": { "type": "Point", "coordinates": [ 24.85, 55.6 ] } },
{ "type": "Feature", "properties": { "line_id": 1954.0, "prov": "Podolia", "dist": "Bratslav" }, "geometry": { "type": "Point", "coordinates": [ 29.18333333, 48.51666667 ] } },
{ "type": "Feature", "properties": { "line_id": 1955.0, "prov": "Volhynia", "dist": "Zhitomir" }, "geometry": { "type": "Point", "coordinates": [ 28.55, 50.11666667 ] } },
{ "type": "Feature", "properties": { "line_id": 1956.0, "prov": "Volhynia", "dist": "Lutsk" }, "geometry": { "type": "Point", "coordinates": [ 25.28333333, 51.33333333 ] } },
{ "type": "Feature", "properties": { "line_id": 1957.0, "prov": "Galicia", "dist": "Drohobycz" }, "geometry": { "type": "Point", "coordinates": [ 23.5, 49.28333333 ] } },
{ "type": "Feature", "properties": { "line_id": 1958.0, "prov": "Kalisz", "dist": "Czestochowa" }, "geometry": { "type": "Point", "coordinates": [ 18.83333333, 50.86666667 ] } },
{ "type": "Feature", "properties": { "line_id": 1959.0, "prov": "Galicia", "dist": "Husiatyn" }, "geometry": { "type": "Point", "coordinates": [ 26.16666667, 49.15 ] } },
{ "type": "Feature", "properties": { "line_id": 1960.0, "prov": "Kovno", "dist": "Shavli" }, "geometry": { "type": "Point", "coordinates": [ 22.58333333, 56.06666667 ] } },
{ "type": "Feature", "properties": { "line_id": 1961.0, "prov": "Galicia", "dist": "Chrzanow" }, "geometry": { "type": "Point", "coordinates": [ 19.48333333, 50.16666667 ] } },
{ "type": "Feature", "properties": { "line_id": 1962.0, "prov": "Taurida", "dist": "Aleshki" }, "geometry": { "type": "Point", "coordinates": [ 32.71666667, 46.61666667 ] } },
{ "type": "Feature", "properties": { "line_id": 1963.0, "prov": "Preussen", "dist": "Tuchola" }, "geometry": { "type": "Point", "coordinates": [ 17.85, 53.58333333 ] } },
{ "type": "Feature", "properties": { "line_id": 1964.0, "prov": "Galicia", "dist": "Tarnow" }, "geometry": { "type": "Point", "coordinates": [ 21.06666667, 49.9 ] } },
{ "type": "Feature", "properties": { "line_id": 1965.0, "prov": "Volhynia", "dist": "Rovno" }, "geometry": { "type": "Point", "coordinates": [ 26.56666667, 50.7 ] } },
{ "type": "Feature", "properties": { "line_id": 1966.0, "prov": "Courland", "dist": "Tukkum" }, "geometry": { "type": "Point", "coordinates": [ 23.15, 56.95 ] } },
{ "type": "Feature", "properties": { "line_id": 1967.0, "prov": "Podolia", "dist": "Bratslav" }, "geometry": { "type": "Point", "coordinates": [ 28.86666667, 48.68333333 ] } },
{ "type": "Feature", "properties": { "line_id": 1968.0, "prov": "Kalisz", "dist": "Konin" }, "geometry": { "type": "Point", "coordinates": [ 18.3, 52.08333333 ] } },
{ "type": "Feature", "properties": { "line_id": 1969.0, "prov": "Kalisz", "dist": "Turek" }, "geometry": { "type": "Point", "coordinates": [ 18.5, 52.03333333 ] } },
{ "type": "Feature", "properties": { "line_id": 1970.0, "prov": "Galicia", "dist": "Turka" }, "geometry": { "type": "Point", "coordinates": [ 23.03333333, 49.15 ] } },
{ "type": "Feature", "properties": { "line_id": 1971.0, "prov": "Lublin", "dist": "Krasnystaw" }, "geometry": { "type": "Point", "coordinates": [ 22.73333333, 50.83333333 ] } },
{ "type": "Feature", "properties": { "line_id": 1972.0, "prov": "Minsk", "dist": "Mozyr" }, "geometry": { "type": "Point", "coordinates": [ 27.73333333, 52.06666667 ] } },
{ "type": "Feature", "properties": { "line_id": 1974.0, "prov": "Minsk", "dist": "Novogrudok" }, "geometry": { "type": "Point", "coordinates": [ 26.31666667, 53.51666667 ] } },
{ "type": "Feature", "properties": { "line_id": 1975.0, "prov": "Volhynia", "dist": "Kovel" }, "geometry": { "type": "Point", "coordinates": [ 24.53333333, 51.1 ] } },
{ "type": "Feature", "properties": { "line_id": 1976.0, "prov": "Piotrkow", "dist": "Lodz" }, "geometry": { "type": "Point", "coordinates": [ 19.55, 51.6 ] } },
{ "type": "Feature", "properties": { "line_id": 1977.0, "prov": "Kovno", "dist": "Telshi" }, "geometry": { "type": "Point", "coordinates": [ 22.15, 55.73333333 ] } },
{ "type": "Feature", "properties": { "line_id": 1978.0, "prov": "Galicia", "dist": "Mosciska" }, "geometry": { "type": "Point", "coordinates": [ 23.25, 49.8 ] } },
{ "type": "Feature", "properties": { "line_id": 1979.0, "prov": "Galicia", "dist": "Rzeszow" }, "geometry": { "type": "Point", "coordinates": [ 22.03333333, 49.96666667 ] } },
{ "type": "Feature", "properties": { "line_id": 1980.0, "prov": "Lomza", "dist": "Wysokie Mazowieckie" }, "geometry": { "type": "Point", "coordinates": [ 22.78333333, 53.2 ] } },
{ "type": "Feature", "properties": { "line_id": 1981.0, "prov": "Galicia", "dist": "Nowy Sacz" }, "geometry": { "type": "Point", "coordinates": [ 21.01666667, 49.4 ] } },
{ "type": "Feature", "properties": { "line_id": 1982.0, "prov": "Galicia", "dist": "Sanok" }, "geometry": { "type": "Point", "coordinates": [ 22.36666667, 49.58333333 ] } },
{ "type": "Feature", "properties": { "line_id": 1983.0, "prov": "Galicia", "dist": "Horodenka" }, "geometry": { "type": "Point", "coordinates": [ 25.36666667, 48.7 ] } },
{ "type": "Feature", "properties": { "line_id": 1984.0, "prov": "Lublin", "dist": "Tomaszow" }, "geometry": { "type": "Point", "coordinates": [ 23.7, 50.61666667 ] } },
{ "type": "Feature", "properties": { "line_id": 1985.0, "prov": "Kovno", "dist": "Rossieny" }, "geometry": { "type": "Point", "coordinates": [ 23.2, 55.6 ] } },
{ "type": "Feature", "properties": { "line_id": 1986.0, "prov": "Lublin", "dist": "Hrubieszow" }, "geometry": { "type": "Point", "coordinates": [ 23.65, 50.9 ] } },
{ "type": "Feature", "properties": { "line_id": 1987.0, "prov": "Galicia", "dist": "Rawa" }, "geometry": { "type": "Point", "coordinates": [ 23.75, 50.36666667 ] } },
{ "type": "Feature", "properties": { "line_id": 1988.0, "prov": "Piotrkow", "dist": "Brzeziny" }, "geometry": { "type": "Point", "coordinates": [ 19.91666667, 51.6 ] } },
{ "type": "Feature", "properties": { "line_id": 1989.0, "prov": "Kovno", "dist": "Vilkomir" }, "geometry": { "type": "Point", "coordinates": [ 24.75, 55.25 ] } },
{ "type": "Feature", "properties": { "line_id": 1990.0, "prov": "Podolia", "dist": "Litin" }, "geometry": { "type": "Point", "coordinates": [ 28.13333333, 49.7 ] } },
{ "type": "Feature", "properties": { "line_id": 1991.0, "prov": "Galicia", "dist": "Nisko" }, "geometry": { "type": "Point", "coordinates": [ 22.26666667, 50.48333333 ] } },
{ "type": "Feature", "properties": { "line_id": 1992.0, "prov": "Galicia", "dist": "Czortkow" }, "geometry": { "type": "Point", "coordinates": [ 25.83333333, 48.9 ] } },
{ "type": "Feature", "properties": { "line_id": 1993.0, "prov": "Galicia", "dist": "Cieszanow" }, "geometry": { "type": "Point", "coordinates": [ 23.0, 50.26666667 ] } },
{ "type": "Feature", "properties": { "line_id": 1994.0, "prov": "Vitebsk", "dist": "Lepel" }, "geometry": { "type": "Point", "coordinates": [ 29.25, 55.23333333 ] } },
{ "type": "Feature", "properties": { "line_id": 1995.0, "prov": "Galicia", "dist": "Brzozow" }, "geometry": { "type": "Point", "coordinates": [ 22.28333333, 49.68333333 ] } },
{ "type": "Feature", "properties": { "line_id": 1996.0, "prov": "Kiev", "dist": "Uman" }, "geometry": { "type": "Point", "coordinates": [ 30.21666667, 48.75 ] } },
{ "type": "Feature", "properties": { "line_id": 1997.0, "prov": "Chernigov", "dist": "Surazh" }, "geometry": { "type": "Point", "coordinates": [ 32.68333333, 52.85 ] } },
{ "type": "Feature", "properties": { "line_id": 1998.0, "prov": "Kalisz", "dist": "Turek" }, "geometry": { "type": "Point", "coordinates": [ 18.8, 51.96666667 ] } },
{ "type": "Feature", "properties": { "line_id": 1999.0, "prov": "Kovno", "dist": "Rossieny" }, "geometry": { "type": "Point", "coordinates": [ 22.45, 55.45 ] } },
{ "type": "Feature", "properties": { "line_id": 2000.0, "prov": "Minsk", "dist": "Bobruisk" }, "geometry": { "type": "Point", "coordinates": [ 27.9, 52.95 ] } },
{ "type": "Feature", "properties": { "line_id": 2001.0, "prov": "Galicia", "dist": "Stryj" }, "geometry": { "type": "Point", "coordinates": [ 23.4051376, 49.1822032 ] } },
{ "type": "Feature", "properties": { "line_id": 2002.0, "prov": "Lublin", "dist": "Janow" }, "geometry": { "type": "Point", "coordinates": [ 22.15, 50.98333333 ] } },
{ "type": "Feature", "properties": { "line_id": 2003.0, "prov": "Galicia", "dist": "Tlumacz" }, "geometry": { "type": "Point", "coordinates": [ 24.96666667, 49.03333333 ] } },
{ "type": "Feature", "properties": { "line_id": 2004.0, "prov": "Volhynia", "dist": "Vladimir-Volynskii" }, "geometry": { "type": "Point", "coordinates": [ 24.15, 50.86666667 ] } },
{ "type": "Feature", "properties": { "line_id": 2005.0, "prov": "Vitebsk", "dist": "Lepel" }, "geometry": { "type": "Point", "coordinates": [ 28.6, 55.18333333 ] } },
{ "type": "Feature", "properties": { "line_id": 2006.0, "prov": "Volhynia", "dist": "Zhitomir" }, "geometry": { "type": "Point", "coordinates": [ 28.46666667, 50.85 ] } },
{ "type": "Feature", "properties": { "line_id": 2007.0, "prov": "Galicia", "dist": "Lisko" }, "geometry": { "type": "Point", "coordinates": [ 22.58333333, 49.43333333 ] } },
{ "type": "Feature", "properties": { "line_id": 2008.0, "prov": "Vitebsk", "dist": "Velizh" }, "geometry": { "type": "Point", "coordinates": [ 30.75, 55.75 ] } },
{ "type": "Feature", "properties": { "line_id": 2009.0, "prov": "Galicia", "dist": "Zloczow" }, "geometry": { "type": "Point", "coordinates": [ 24.91666667, 49.88333333 ] } },
{ "type": "Feature", "properties": { "line_id": 2010.0, "prov": "Kovno", "dist": "Vilkomir" }, "geometry": { "type": "Point", "coordinates": [ 25.6, 55.5 ] } },
{ "type": "Feature", "properties": { "line_id": 2011.0, "prov": "Mogilev", "dist": "Gomel" }, "geometry": { "type": "Point", "coordinates": [ 30.73333333, 52.6 ] } },
{ "type": "Feature", "properties": { "line_id": 2012.0, "prov": "Minsk", "dist": "Igumen" }, "geometry": { "type": "Point", "coordinates": [ 27.21666667, 53.46666667 ] } },
{ "type": "Feature", "properties": { "line_id": 2013.0, "prov": "Kovno", "dist": "Vilkomir" }, "geometry": { "type": "Point", "coordinates": [ 25.58333333, 55.65 ] } },
{ "type": "Feature", "properties": { "line_id": 2014.0, "prov": "Kovno", "dist": "Shavli" }, "geometry": { "type": "Point", "coordinates": [ 22.65, 55.78333333 ] } },
{ "type": "Feature", "properties": { "line_id": 2015.0, "prov": "Kovno", "dist": "Poneviezh" }, "geometry": { "type": "Point", "coordinates": [ 24.75, 55.96666667 ] } },
{ "type": "Feature", "properties": { "line_id": 2016.0, "prov": "Kiev", "dist": "Berdichev" }, "geometry": { "type": "Point", "coordinates": [ 28.85, 49.31666667 ] } },
{ "type": "Feature", "properties": { "line_id": 2017.0, "prov": "Courland", "dist": "Gazenpot" }, "geometry": { "type": "Point", "coordinates": [ 21.86666667, 56.43333333 ] } },
{ "type": "Feature", "properties": { "line_id": 2018.0, "prov": "Kovno", "dist": "Rossieny" }, "geometry": { "type": "Point", "coordinates": [ 21.83333333, 55.36666667 ] } },
{ "type": "Feature", "properties": { "line_id": 2019.0, "prov": "Courland", "dist": "Talsen" }, "geometry": { "type": "Point", "coordinates": [ 22.58333333, 57.36666667 ] } },
{ "type": "Feature", "properties": { "line_id": 2020.0, "prov": "Bessarabia", "dist": "Bieltsy" }, "geometry": { "type": "Point", "coordinates": [ 28.13333333, 47.48333333 ] } },
{ "type": "Feature", "properties": { "line_id": 2021.0, "prov": "Kherson", "dist": "Ananev" }, "geometry": { "type": "Point", "coordinates": [ 29.93333333, 47.53333333 ] } },
{ "type": "Feature", "properties": { "line_id": 2022.0, "prov": "Livland", "dist": "Valk" }, "geometry": { "type": "Point", "coordinates": [ 26.05, 57.76666667 ] } },
{ "type": "Feature", "properties": { "line_id": 2023.0, "prov": "Livland", "dist": "Volmar" }, "geometry": { "type": "Point", "coordinates": [ 25.4, 57.55 ] } },
{ "type": "Feature", "properties": { "line_id": 2024.0, "prov": "Kovno", "dist": "Kovno" }, "geometry": { "type": "Point", "coordinates": [ 23.96666667, 55.11666667 ] } },
{ "type": "Feature", "properties": { "line_id": 2025.0, "prov": "Podolia", "dist": "Lampol" }, "geometry": { "type": "Point", "coordinates": [ 28.76666667, 48.53333333 ] } },
{ "type": "Feature", "properties": { "line_id": 2026.0, "prov": "Vitebsk", "dist": "Riezhitsa" }, "geometry": { "type": "Point", "coordinates": [ 26.73333333, 56.61666667 ] } },
{ "type": "Feature", "properties": { "line_id": 2027.0, "prov": "Vilna", "dist": "Troki" }, "geometry": { "type": "Point", "coordinates": [ 24.56666667, 54.21666667 ] } },
{ "type": "Feature", "properties": { "line_id": 2028.0, "prov": "Kovno", "dist": "Telshi" }, "geometry": { "type": "Point", "coordinates": [ 22.36666667, 55.75 ] } },
{ "type": "Feature", "properties": { "line_id": 2029.0, "prov": "Kherson", "dist": "Odessa" }, "geometry": { "type": "Point", "coordinates": [ 31.95, 46.98333333 ] } },
{ "type": "Feature", "properties": { "line_id": 2030.0, "prov": "Minsk", "dist": "Riechitsa" }, "geometry": { "type": "Point", "coordinates": [ 29.83333333, 52.25 ] } },
{ "type": "Feature", "properties": { "line_id": 2031.0, "prov": "Taurida", "dist": "Melitopol" }, "geometry": { "type": "Point", "coordinates": [ 35.26666667, 47.43333333 ] } },
{ "type": "Feature", "properties": { "line_id": 2032.0, "prov": "Kiev", "dist": "Vasilkov" }, "geometry": { "type": "Point", "coordinates": [ 30.31666667, 50.18333333 ] } },
{ "type": "Feature", "properties": { "line_id": 2033.0, "prov": "Kovno", "dist": "Poneviezh" }, "geometry": { "type": "Point", "coordinates": [ 24.2, 56.16666667 ] } },
{ "type": "Feature", "properties": { "line_id": 2034.0, "prov": "Kovno", "dist": "Shavli" }, "geometry": { "type": "Point", "coordinates": [ 22.95, 56.4 ] } },
{ "type": "Feature", "properties": { "line_id": 2035.0, "prov": "Suwalki", "dist": "Seiny" }, "geometry": { "type": "Point", "coordinates": [ 23.7, 54.1 ] } },
{ "type": "Feature", "properties": { "line_id": 2036.0, "prov": "Kovno", "dist": "Rossieny" }, "geometry": { "type": "Point", "coordinates": [ 21.6, 55.6 ] } },
{ "type": "Feature", "properties": { "line_id": 2037.0, "prov": "Volhynia", "dist": "Ovruch" }, "geometry": { "type": "Point", "coordinates": [ 28.46666667, 51.31666667 ] } },
{ "type": "Feature", "properties": { "line_id": 2038.0, "prov": "Podolia", "dist": "Novaia Ushitsa" }, "geometry": { "type": "Point", "coordinates": [ 26.98333333, 48.76666667 ] } },
{ "type": "Feature", "properties": { "line_id": 2039.0, "prov": "Pskov", "dist": "Velikie Luki" }, "geometry": { "type": "Point", "coordinates": [ 30.53333333, 56.33333333 ] } },
{ "type": "Feature", "properties": { "line_id": 2040.0, "prov": "Kovno", "dist": "Kovno" }, "geometry": { "type": "Point", "coordinates": [ 23.28333333, 55.08333333 ] } },
{ "type": "Feature", "properties": { "line_id": 2041.0, "prov": "Vitebsk", "dist": "Velizh" }, "geometry": { "type": "Point", "coordinates": [ 31.2, 55.6 ] } },
{ "type": "Feature", "properties": { "line_id": 2042.0, "prov": "Courland", "dist": "Vindava" }, "geometry": { "type": "Point", "coordinates": [ 21.56666667, 57.38333333 ] } },
{ "type": "Feature", "properties": { "line_id": 2043.0, "prov": "Podolia", "dist": "Novaia Ushitsa" }, "geometry": { "type": "Point", "coordinates": [ 27.43333333, 48.73333333 ] } },
{ "type": "Feature", "properties": { "line_id": 2044.0, "prov": "Podolia", "dist": "Mogilev" }, "geometry": { "type": "Point", "coordinates": [ 27.66666667, 48.91666667 ] } },
{ "type": "Feature", "properties": { "line_id": 2045.0, "prov": "Podolia", "dist": "Bratslav" }, "geometry": { "type": "Point", "coordinates": [ 29.16666667, 48.43333333 ] } },
{ "type": "Feature", "properties": { "line_id": 2046.0, "prov": "Ekaterinoslav", "dist": "Verkhnednieprovsk" }, "geometry": { "type": "Point", "coordinates": [ 34.33333333, 48.65 ] } },
{ "type": "Feature", "properties": { "line_id": 2047.0, "prov": "Kiev", "dist": "Skvira" }, "geometry": { "type": "Point", "coordinates": [ 29.31666667, 49.8 ] } },
{ "type": "Feature", "properties": { "line_id": 2048.0, "prov": "Bessarabia", "dist": "Soroki" }, "geometry": { "type": "Point", "coordinates": [ 28.53333333, 48.0 ] } },
{ "type": "Feature", "properties": { "line_id": 2049.0, "prov": "Ekaterinoslav", "dist": "Aleksandrovsk" }, "geometry": { "type": "Point", "coordinates": [ 36.61666667, 47.68333333 ] } },
{ "type": "Feature", "properties": { "line_id": 2050.0, "prov": "Mogilev", "dist": "Gomel" }, "geometry": { "type": "Point", "coordinates": [ 31.18333333, 52.56666667 ] } },
{ "type": "Feature", "properties": { "line_id": 2051.0, "prov": "Volhynia", "dist": "Ovruch" }, "geometry": { "type": "Point", "coordinates": [ 28.86666667, 51.15 ] } },
{ "type": "Feature", "properties": { "line_id": 2052.0, "prov": "Kovno", "dist": "Vilkomir" }, "geometry": { "type": "Point", "coordinates": [ 24.86666667, 55.3 ] } },
{ "type": "Feature", "properties": { "line_id": 2053.0, "prov": "Kovno", "dist": "Rossieny" }, "geometry": { "type": "Point", "coordinates": [ 22.9, 55.4 ] } },
{ "type": "Feature", "properties": { "line_id": 2054.0, "prov": "Kovno", "dist": "Shavli" }, "geometry": { "type": "Point", "coordinates": [ 22.51666667, 56.23333333 ] } },
{ "type": "Feature", "properties": { "line_id": 2055.0, "prov": "Kovno", "dist": "Vilkomir" }, "geometry": { "type": "Point", "coordinates": [ 24.98333333, 55.7 ] } },
{ "type": "Feature", "properties": { "line_id": 2056.0, "prov": "Vilna", "dist": "Troki" }, "geometry": { "type": "Point", "coordinates": [ 24.8, 54.76666667 ] } },
{ "type": "Feature", "properties": { "line_id": 2057.0, "prov": "Vitebsk", "dist": "Riezhitsa" }, "geometry": { "type": "Point", "coordinates": [ 26.95, 56.55 ] } },
{ "type": "Feature", "properties": { "line_id": 2058.0, "prov": "Livland", "dist": "Fellin" }, "geometry": { "type": "Point", "coordinates": [ 25.58333333, 58.36666667 ] } },
{ "type": "Feature", "properties": { "line_id": 2059.0, "prov": "Suwalki", "dist": "Volkovyshki" }, "geometry": { "type": "Point", "coordinates": [ 23.03333333, 54.65 ] } },
{ "type": "Feature", "properties": { "line_id": 2060.0, "prov": "Kovno", "dist": "Kovno" }, "geometry": { "type": "Point", "coordinates": [ 23.58333333, 55.05 ] } },
{ "type": "Feature", "properties": { "line_id": 2061.0, "prov": "Vilna", "dist": "Vilnius" }, "geometry": { "type": "Point", "coordinates": [ 25.31666667, 54.68333333 ] } },
{ "type": "Feature", "properties": { "line_id": 2062.0, "prov": "Podolia", "dist": "Vinnitsa" }, "geometry": { "type": "Point", "coordinates": [ 28.48333333, 49.23333333 ] } },
{ "type": "Feature", "properties": { "line_id": 2063.0, "prov": "Kiev", "dist": "Zvenigorodka" }, "geometry": { "type": "Point", "coordinates": [ 30.56666667, 49.25 ] } },
{ "type": "Feature", "properties": { "line_id": 2064.0, "prov": "Suwalki", "dist": "Volkovyshki" }, "geometry": { "type": "Point", "coordinates": [ 22.81666667, 54.63333333 ] } },
{ "type": "Feature", "properties": { "line_id": 2065.0, "prov": "Suwalki", "dist": "Mariampol" }, "geometry": { "type": "Point", "coordinates": [ 23.43333333, 54.8 ] } },
{ "type": "Feature", "properties": { "line_id": 2066.0, "prov": "Vitebsk", "dist": "Dvinsk" }, "geometry": { "type": "Point", "coordinates": [ 26.78333333, 56.05 ] } },
{ "type": "Feature", "properties": { "line_id": 2067.0, "prov": "Suwalki", "dist": "Volkovyshki" }, "geometry": { "type": "Point", "coordinates": [ 22.71666667, 54.45 ] } },
{ "type": "Feature", "properties": { "line_id": 2068.0, "prov": "Vitebsk", "dist": "Vitebsk" }, "geometry": { "type": "Point", "coordinates": [ 30.2, 55.2 ] } },
{ "type": "Feature", "properties": { "line_id": 2069.0, "prov": "Podolia", "dist": "Letichev" }, "geometry": { "type": "Point", "coordinates": [ 27.66666667, 49.2 ] } },
{ "type": "Feature", "properties": { "line_id": 2070.0, "prov": "Volhynia", "dist": "Starokonstantinov" }, "geometry": { "type": "Point", "coordinates": [ 26.16666667, 49.53333333 ] } },
{ "type": "Feature", "properties": { "line_id": 2071.0, "prov": "Kiev", "dist": "Skvira" }, "geometry": { "type": "Point", "coordinates": [ 29.91666667, 49.51666667 ] } },
{ "type": "Feature", "properties": { "line_id": 2072.0, "prov": "Volhynia", "dist": "Zhitomir" }, "geometry": { "type": "Point", "coordinates": [ 28.45, 50.6 ] } },
{ "type": "Feature", "properties": { "line_id": 2073.0, "prov": "Vitebsk", "dist": "Drissa" }, "geometry": { "type": "Point", "coordinates": [ 28.18333333, 55.7 ] } },
{ "type": "Feature", "properties": { "line_id": 2074.0, "prov": "Podolia", "dist": "Novaia Ushitsa" }, "geometry": { "type": "Point", "coordinates": [ 27.23333333, 49.03333333 ] } },
{ "type": "Feature", "properties": { "line_id": 2075.0, "prov": "Voronezh", "dist": "Voronezh" }, "geometry": { "type": "Point", "coordinates": [ 39.16666667, 51.66666667 ] } },
{ "type": "Feature", "properties": { "line_id": 2076.0, "prov": "Chernigov", "dist": "Glukhov" }, "geometry": { "type": "Point", "coordinates": [ 33.46666667, 51.76666667 ] } },
{ "type": "Feature", "properties": { "line_id": 2077.0, "prov": "Chernigov", "dist": "Starodub" }, "geometry": { "type": "Point", "coordinates": [ 32.68333333, 52.36666667 ] } },
{ "type": "Feature", "properties": { "line_id": 2078.0, "prov": "Podolia", "dist": "Bratslav" }, "geometry": { "type": "Point", "coordinates": [ 28.68333333, 49.1 ] } },
{ "type": "Feature", "properties": { "line_id": 2079.0, "prov": "Ekaterinoslav", "dist": "Slavianoserbsk" }, "geometry": { "type": "Point", "coordinates": [ 39.33333333, 48.56666667 ] } },
{ "type": "Feature", "properties": { "line_id": 2080.0, "prov": "Podolia", "dist": "Vinnitsa" }, "geometry": { "type": "Point", "coordinates": [ 28.33333333, 49.05 ] } },
{ "type": "Feature", "properties": { "line_id": 2081.0, "prov": "Samara", "dist": "Stavropol" }, "geometry": { "type": "Point", "coordinates": [ 41.96666667, 45.03333333 ] } },
{ "type": "Feature", "properties": { "line_id": 2082.0, "prov": "Livland", "dist": "Verro" }, "geometry": { "type": "Point", "coordinates": [ 27.01666667, 57.83333333 ] } },
{ "type": "Feature", "properties": { "line_id": 2083.0, "prov": "Kherson", "dist": "Elizavetgrad" }, "geometry": { "type": "Point", "coordinates": [ 31.33333333, 47.55 ] } },
{ "type": "Feature", "properties": { "line_id": 2084.0, "prov": "Smolensk", "dist": "Viazma" }, "geometry": { "type": "Point", "coordinates": [ 34.3, 55.2 ] } },
{ "type": "Feature", "properties": { "line_id": 2085.0, "prov": "Kherson", "dist": "Kherson" }, "geometry": { "type": "Point", "coordinates": [ 33.53333333, 47.48333333 ] } },
{ "type": "Feature", "properties": { "line_id": 2086.0, "prov": "Kovno", "dist": "Vilkomir" }, "geometry": { "type": "Point", "coordinates": [ 25.5, 55.6 ] } },
{ "type": "Feature", "properties": { "line_id": 2087.0, "prov": "Preussen", "dist": "Wabrzezno" }, "geometry": { "type": "Point", "coordinates": [ 18.95, 53.28333333 ] } },
{ "type": "Feature", "properties": { "line_id": 2088.0, "prov": "Galicia", "dist": "Wadowice" }, "geometry": { "type": "Point", "coordinates": [ 19.48333333, 49.88333333 ] } },
{ "type": "Feature", "properties": { "line_id": 2089.0, "prov": "Preussen", "dist": "Wagrowiec" }, "geometry": { "type": "Point", "coordinates": [ 17.2, 52.8 ] } },
{ "type": "Feature", "properties": { "line_id": 2090.0, "prov": "Galicia", "dist": "Mielec" }, "geometry": { "type": "Point", "coordinates": [ 21.26666667, 50.3 ] } },
{ "type": "Feature", "properties": { "line_id": 2091.0, "prov": "Galicia", "dist": "Sambor" }, "geometry": { "type": "Point", "coordinates": [ 23.1, 49.48333333 ] } },
{ "type": "Feature", "properties": { "line_id": 2092.0, "prov": "Galicia", "dist": "Sokal" }, "geometry": { "type": "Point", "coordinates": [ 24.1, 50.51666667 ] } },
{ "type": "Feature", "properties": { "line_id": 2093.0, "prov": "Warszawa", "dist": "Grojec" }, "geometry": { "type": "Point", "coordinates": [ 21.2, 51.78333333 ] } },
{ "type": "Feature", "properties": { "line_id": 2094.0, "prov": "Volhynia", "dist": "Dubno" }, "geometry": { "type": "Point", "coordinates": [ 25.96666667, 50.46666667 ] } },
{ "type": "Feature", "properties": { "line_id": 2095.0, "prov": "Kalisz", "dist": "Turek" }, "geometry": { "type": "Point", "coordinates": [ 18.63333333, 51.7 ] } },
{ "type": "Feature", "properties": { "line_id": 2097.0, "prov": "Grodno", "dist": "Sokolki" }, "geometry": { "type": "Point", "coordinates": [ 23.21666667, 53.2 ] } },
{ "type": "Feature", "properties": { "line_id": 2098.0, "prov": "Radom", "dist": "Opatow" }, "geometry": { "type": "Point", "coordinates": [ 21.21666667, 50.9 ] } },
{ "type": "Feature", "properties": { "line_id": 2099.0, "prov": "Galicia", "dist": "Husiatyn" }, "geometry": { "type": "Point", "coordinates": [ 26.06666667, 49.08333333 ] } },
{ "type": "Feature", "properties": { "line_id": 2100.0, "prov": "Preussen", "dist": "Welawa" }, "geometry": { "type": "Point", "coordinates": [ 21.21666667, 54.61666667 ] } },
{ "type": "Feature", "properties": { "line_id": 2101.0, "prov": "Preussen", "dist": "Wejherowo" }, "geometry": { "type": "Point", "coordinates": [ 18.23333333, 54.6 ] } },
{ "type": "Feature", "properties": { "line_id": 2102.0, "prov": "Siedlce", "dist": "Wegrow" }, "geometry": { "type": "Point", "coordinates": [ 22.01666667, 52.4 ] } },
{ "type": "Feature", "properties": { "line_id": 2103.0, "prov": "Volhynia", "dist": "Dubno" }, "geometry": { "type": "Point", "coordinates": [ 25.61666667, 50.28333333 ] } },
{ "type": "Feature", "properties": { "line_id": 2104.0, "prov": "Galicia", "dist": "Rawa" }, "geometry": { "type": "Point", "coordinates": [ 23.46666667, 50.25 ] } },
{ "type": "Feature", "properties": { "line_id": 2105.0, "prov": "Vilna", "dist": "Vileika" }, "geometry": { "type": "Point", "coordinates": [ 27.16666667, 54.41666667 ] } },
{ "type": "Feature", "properties": { "line_id": 2106.0, "prov": "Piotrkow", "dist": "Lask" }, "geometry": { "type": "Point", "coordinates": [ 18.95, 51.43333333 ] } },
{ "type": "Feature", "properties": { "line_id": 2107.0, "prov": "Kovno", "dist": "Novoaleksandrovsk" }, "geometry": { "type": "Point", "coordinates": [ 26.63333333, 55.4 ] } },
{ "type": "Feature", "properties": { "line_id": 2108.0, "prov": "Preussen", "dist": "Zlotow" }, "geometry": { "type": "Point", "coordinates": [ 17.49277778, 53.35416667 ] } },
{ "type": "Feature", "properties": { "line_id": 2109.0, "prov": "Preussen", "dist": "Wielen" }, "geometry": { "type": "Point", "coordinates": [ 16.18333333, 52.9 ] } },
{ "type": "Feature", "properties": { "line_id": 2110.0, "prov": "Galicia", "dist": "Wieliczka" }, "geometry": { "type": "Point", "coordinates": [ 20.06666667, 49.98333333 ] } },
{ "type": "Feature", "properties": { "line_id": 2111.0, "prov": "Galicia", "dist": "Jaworow" }, "geometry": { "type": "Point", "coordinates": [ 23.15, 50.01666667 ] } },
{ "type": "Feature", "properties": { "line_id": 2112.0, "prov": "Galicia", "dist": "Ropczyce" }, "geometry": { "type": "Point", "coordinates": [ 21.61666667, 49.95 ] } },
{ "type": "Feature", "properties": { "line_id": 2113.0, "prov": "Kalisz", "dist": "Wielun" }, "geometry": { "type": "Point", "coordinates": [ 18.55, 51.21666667 ] } },
{ "type": "Feature", "properties": { "line_id": 2114.0, "prov": "Kalisz", "dist": "Wielun" }, "geometry": { "type": "Point", "coordinates": [ 18.16666667, 51.28333333 ] } },
{ "type": "Feature", "properties": { "line_id": 2115.0, "prov": "Radom", "dist": "Ilza" }, "geometry": { "type": "Point", "coordinates": [ 21.08333333, 51.05 ] } },
{ "type": "Feature", "properties": { "line_id": 2116.0, "prov": "Podolia", "dist": "Novaia Ushitsa" }, "geometry": { "type": "Point", "coordinates": [ 27.43333333, 48.73333333 ] } },
{ "type": "Feature", "properties": { "line_id": 2117.0, "prov": "Vilna", "dist": "Vileika" }, "geometry": { "type": "Point", "coordinates": [ 26.91666667, 54.5 ] } },
{ "type": "Feature", "properties": { "line_id": 2118.0, "prov": "Galicia", "dist": "Lwow" }, "geometry": { "type": "Point", "coordinates": [ 24.1, 49.81666667 ] } },
{ "type": "Feature", "properties": { "line_id": 2119.0, "prov": "Warszawa", "dist": "Minsk Mazowiecki" }, "geometry": { "type": "Point", "coordinates": [ 21.31666667, 52.16666667 ] } },
{ "type": "Feature", "properties": { "line_id": 2120.0, "prov": "Warszawa", "dist": "Blonie" }, "geometry": { "type": "Point", "coordinates": [ 20.4, 52.08333333 ] } },
{ "type": "Feature", "properties": { "line_id": 2121.0, "prov": "Kielce", "dist": "Pinczow" }, "geometry": { "type": "Point", "coordinates": [ 20.68333333, 50.35 ] } },
{ "type": "Feature", "properties": { "line_id": 2122.0, "prov": "Galicia", "dist": "Bochnia" }, "geometry": { "type": "Point", "coordinates": [ 20.46666667, 49.91666667 ] } },
{ "type": "Feature", "properties": { "line_id": 2123.0, "prov": "Volhynia", "dist": "Kremenets" }, "geometry": { "type": "Point", "coordinates": [ 25.75, 49.9 ] } },
{ "type": "Feature", "properties": { "line_id": 2124.0, "prov": "Siedlce", "dist": "Wlodawa" }, "geometry": { "type": "Point", "coordinates": [ 23.21666667, 51.8 ] } },
{ "type": "Feature", "properties": { "line_id": 2125.0, "prov": "Vilna", "dist": "Oshmiany" }, "geometry": { "type": "Point", "coordinates": [ 26.23333333, 54.13333333 ] } },
{ "type": "Feature", "properties": { "line_id": 2126.0, "prov": "Galicia", "dist": "Kamionka" }, "geometry": { "type": "Point", "coordinates": [ 24.48333333, 50.31666667 ] } },
{ "type": "Feature", "properties": { "line_id": 2127.0, "prov": "Suwalki", "dist": "Suvalki" }, "geometry": { "type": "Point", "coordinates": [ 22.85, 54.36666667 ] } },
{ "type": "Feature", "properties": { "line_id": 2128.0, "prov": "Lomza", "dist": "Lomzha" }, "geometry": { "type": "Point", "coordinates": [ 22.38333333, 53.2 ] } },
{ "type": "Feature", "properties": { "line_id": 2129.0, "prov": "Kalisz", "dist": "Konin" }, "geometry": { "type": "Point", "coordinates": [ 18.48333333, 52.1 ] } },
{ "type": "Feature", "properties": { "line_id": 2130.0, "prov": "Warszawa", "dist": "Wloclawek" }, "geometry": { "type": "Point", "coordinates": [ 19.03333333, 52.65 ] } },
{ "type": "Feature", "properties": { "line_id": 2131.0, "prov": "Siedlce", "dist": "Wlodawa" }, "geometry": { "type": "Point", "coordinates": [ 23.55, 51.55 ] } },
{ "type": "Feature", "properties": { "line_id": 2132.0, "prov": "Grodno", "dist": "Brest-Litovsk" }, "geometry": { "type": "Point", "coordinates": [ 23.56666667, 51.53333333 ] } },
{ "type": "Feature", "properties": { "line_id": 2133.0, "prov": "Volhynia", "dist": "Lutsk" }, "geometry": { "type": "Point", "coordinates": [ 26.13333333, 51.41666667 ] } },
{ "type": "Feature", "properties": { "line_id": 2134.0, "prov": "Volhynia", "dist": "Vladimir-Volynskii" }, "geometry": { "type": "Point", "coordinates": [ 24.33333333, 50.85 ] } },
{ "type": "Feature", "properties": { "line_id": 2135.0, "prov": "Warszawa", "dist": "Sierpc" }, "geometry": { "type": "Point", "coordinates": [ 19.66666667, 52.85 ] } },
{ "type": "Feature", "properties": { "line_id": 2136.0, "prov": "Kielce", "dist": "Wloszczowa" }, "geometry": { "type": "Point", "coordinates": [ 19.96666667, 50.86666667 ] } },
{ "type": "Feature", "properties": { "line_id": 2137.0, "prov": "Kielce", "dist": "Jedrzejow" }, "geometry": { "type": "Point", "coordinates": [ 20.2, 50.53333333 ] } },
{ "type": "Feature", "properties": { "line_id": 2138.0, "prov": "Siedlce", "dist": "Radzyn" }, "geometry": { "type": "Point", "coordinates": [ 22.78333333, 51.75 ] } },
{ "type": "Feature", "properties": { "line_id": 2139.0, "prov": "Lublin", "dist": "Chelm" }, "geometry": { "type": "Point", "coordinates": [ 23.55, 50.91666667 ] } },
{ "type": "Feature", "properties": { "line_id": 2140.0, "prov": "Galicia", "dist": "Brzeg" }, "geometry": { "type": "Point", "coordinates": [ 20.83333333, 49.96666667 ] } },
{ "type": "Feature", "properties": { "line_id": 2141.0, "prov": "Galicia", "dist": "Kalusz" }, "geometry": { "type": "Point", "coordinates": [ 24.5, 49.13333333 ] } },
{ "type": "Feature", "properties": { "line_id": 2142.0, "prov": "Galicia", "dist": "Dobromil" }, "geometry": { "type": "Point", "coordinates": [ 22.56666667, 49.56666667 ] } },
{ "type": "Feature", "properties": { "line_id": 2143.0, "prov": "Piotrkow", "dist": "Piotrkow" }, "geometry": { "type": "Point", "coordinates": [ 19.58333333, 51.35 ] } },
{ "type": "Feature", "properties": { "line_id": 2144.0, "prov": "Galicia", "dist": "Lisko" }, "geometry": { "type": "Point", "coordinates": [ 22.15, 49.23333333 ] } },
{ "type": "Feature", "properties": { "line_id": 2145.0, "prov": "Radom", "dist": "Radom" }, "geometry": { "type": "Point", "coordinates": [ 20.96666667, 51.38333333 ] } },
{ "type": "Feature", "properties": { "line_id": 2146.0, "prov": "Galicia", "dist": "Nisko" }, "geometry": { "type": "Point", "coordinates": [ 22.25, 50.3 ] } },
{ "type": "Feature", "properties": { "line_id": 2147.0, "prov": "Piotrkow", "dist": "Piotrkow" }, "geometry": { "type": "Point", "coordinates": [ 19.83333333, 51.5 ] } },
{ "type": "Feature", "properties": { "line_id": 2148.0, "prov": "Kielce", "dist": "Olkusz" }, "geometry": { "type": "Point", "coordinates": [ 19.76666667, 50.36666667 ] } },
{ "type": "Feature", "properties": { "line_id": 2149.0, "prov": "Grodno", "dist": "Volkovysk" }, "geometry": { "type": "Point", "coordinates": [ 24.45, 53.15 ] } },
{ "type": "Feature", "properties": { "line_id": 2150.0, "prov": "Preussen", "dist": "Pommern" }, "geometry": { "type": "Point", "coordinates": [ 14.6125, 53.84305556 ] } },
{ "type": "Feature", "properties": { "line_id": 2151.0, "prov": "Warszawa", "dist": "Radzymin" }, "geometry": { "type": "Point", "coordinates": [ 21.25, 52.35 ] } },
{ "type": "Feature", "properties": { "line_id": 2152.0, "prov": "Galicia", "dist": "Dolina" }, "geometry": { "type": "Point", "coordinates": [ 23.85, 49.06666667 ] } },
{ "type": "Feature", "properties": { "line_id": 2153.0, "prov": "Vilna", "dist": "Oshmiany" }, "geometry": { "type": "Point", "coordinates": [ 26.53333333, 54.08333333 ] } },
{ "type": "Feature", "properties": { "line_id": 2154.0, "prov": "Grodno", "dist": "Grodno" }, "geometry": { "type": "Point", "coordinates": [ 24.36666667, 53.36666667 ] } },
{ "type": "Feature", "properties": { "line_id": 2155.0, "prov": "Preussen", "dist": "Babimost" }, "geometry": { "type": "Point", "coordinates": [ 16.13333333, 52.11666667 ] } },
{ "type": "Feature", "properties": { "line_id": 2156.0, "prov": "Radom", "dist": "Ilza" }, "geometry": { "type": "Point", "coordinates": [ 21.01666667, 51.06666667 ] } },
{ "type": "Feature", "properties": { "line_id": 2157.0, "prov": "Lomza", "dist": "Ostrov" }, "geometry": { "type": "Point", "coordinates": [ 21.66666667, 52.88333333 ] } },
{ "type": "Feature", "properties": { "line_id": 2158.0, "prov": "Lomza", "dist": "Shchuchin" }, "geometry": { "type": "Point", "coordinates": [ 22.31666667, 53.51666667 ] } },
{ "type": "Feature", "properties": { "line_id": 2159.0, "prov": "Lublin", "dist": "Pulawy" }, "geometry": { "type": "Point", "coordinates": [ 22.13333333, 51.28333333 ] } },
{ "type": "Feature", "properties": { "line_id": 2160.0, "prov": "Preussen", "dist": "Braniewo" }, "geometry": { "type": "Point", "coordinates": [ 20.13333333, 54.11666667 ] } },
{ "type": "Feature", "properties": { "line_id": 2161.0, "prov": "Vilna", "dist": "Vilnius" }, "geometry": { "type": "Point", "coordinates": [ 26.01666667, 54.73333333 ] } },
{ "type": "Feature", "properties": { "line_id": 2162.0, "prov": "Galicia", "dist": "Nadworna" }, "geometry": { "type": "Point", "coordinates": [ 24.56666667, 48.28333333 ] } },
{ "type": "Feature", "properties": { "line_id": 2163.0, "prov": "Vilna", "dist": "Lida" }, "geometry": { "type": "Point", "coordinates": [ 25.33333333, 54.15 ] } },
{ "type": "Feature", "properties": { "line_id": 2164.0, "prov": "Preussen", "dist": "Szamotuly" }, "geometry": { "type": "Point", "coordinates": [ 16.4, 52.71666667 ] } },
{ "type": "Feature", "properties": { "line_id": 2165.0, "prov": "Preussen", "dist": "Wrzesnia" }, "geometry": { "type": "Point", "coordinates": [ 17.58333333, 52.31666667 ] } },
{ "type": "Feature", "properties": { "line_id": 2166.0, "prov": "Minsk", "dist": "Novogrudok" }, "geometry": { "type": "Point", "coordinates": [ 25.8, 53.71666667 ] } },
{ "type": "Feature", "properties": { "line_id": 2167.0, "prov": "Galicia", "dist": "Rawa" }, "geometry": { "type": "Point", "coordinates": [ 23.86666667, 50.25 ] } },
{ "type": "Feature", "properties": { "line_id": 2168.0, "prov": "Galicia", "dist": "Bobrka" }, "geometry": { "type": "Point", "coordinates": [ 24.21666667, 49.55 ] } },
{ "type": "Feature", "properties": { "line_id": 2169.0, "prov": "Radom", "dist": "Radom" }, "geometry": { "type": "Point", "coordinates": [ 20.83333333, 51.61666667 ] } },
{ "type": "Feature", "properties": { "line_id": 2170.0, "prov": "Volhynia", "dist": "Rovno" }, "geometry": { "type": "Point", "coordinates": [ 26.65, 51.73333333 ] } },
{ "type": "Feature", "properties": { "line_id": 2171.0, "prov": "Galicia", "dist": "Turka" }, "geometry": { "type": "Point", "coordinates": [ 23.01666667, 49.03333333 ] } },
{ "type": "Feature", "properties": { "line_id": 2172.0, "prov": "Lublin", "dist": "Krasnystaw" }, "geometry": { "type": "Point", "coordinates": [ 22.66666667, 50.91666667 ] } },
{ "type": "Feature", "properties": { "line_id": 2173.0, "prov": "Grodno", "dist": "Brest-Litovsk" }, "geometry": { "type": "Point", "coordinates": [ 23.36666667, 52.36666667 ] } },
{ "type": "Feature", "properties": { "line_id": 2174.0, "prov": "Lomza", "dist": "Wysokie Mazowieckie" }, "geometry": { "type": "Point", "coordinates": [ 22.51666667, 52.91666667 ] } },
{ "type": "Feature", "properties": { "line_id": 2175.0, "prov": "Warszawa", "dist": "Pultusk" }, "geometry": { "type": "Point", "coordinates": [ 21.46666667, 52.6 ] } },
{ "type": "Feature", "properties": { "line_id": 2176.0, "prov": "Plock", "dist": "Plock" }, "geometry": { "type": "Point", "coordinates": [ 20.2, 52.38333333 ] } },
{ "type": "Feature", "properties": { "line_id": 2177.0, "prov": "Volhynia", "dist": "Kremenets" }, "geometry": { "type": "Point", "coordinates": [ 25.96666667, 49.76666667 ] } },
{ "type": "Feature", "properties": { "line_id": 2178.0, "prov": "Poltava", "dist": "Piriatin" }, "geometry": { "type": "Point", "coordinates": [ 31.76666667, 50.28333333 ] } },
{ "type": "Feature", "properties": { "line_id": 2179.0, "prov": "Taurida", "dist": "Ialta" }, "geometry": { "type": "Point", "coordinates": [ 34.16666667, 44.5 ] } },
{ "type": "Feature", "properties": { "line_id": 2180.0, "prov": "Podolia", "dist": "Mogilev" }, "geometry": { "type": "Point", "coordinates": [ 27.5, 48.98333333 ] } },
{ "type": "Feature", "properties": { "line_id": 2181.0, "prov": "Podolia", "dist": "Lampol" }, "geometry": { "type": "Point", "coordinates": [ 28.28333333, 48.25 ] } },
{ "type": "Feature", "properties": { "line_id": 2182.0, "prov": "Volhynia", "dist": "Kremenets" }, "geometry": { "type": "Point", "coordinates": [ 26.25, 49.96666667 ] } },
{ "type": "Feature", "properties": { "line_id": 2183.0, "prov": "Vitebsk", "dist": "Vitebsk" }, "geometry": { "type": "Point", "coordinates": [ 30.7, 55.3 ] } },
{ "type": "Feature", "properties": { "line_id": 2184.0, "prov": "Volhynia", "dist": "Zhitomir" }, "geometry": { "type": "Point", "coordinates": [ 28.21666667, 49.85 ] } },
{ "type": "Feature", "properties": { "line_id": 2185.0, "prov": "Smolensk", "dist": "Dukhovshchina" }, "geometry": { "type": "Point", "coordinates": [ 32.7, 55.06666667 ] } },
{ "type": "Feature", "properties": { "line_id": 2186.0, "prov": "Podolia", "dist": "Proskurov" }, "geometry": { "type": "Point", "coordinates": [ 26.83333333, 49.2 ] } },
{ "type": "Feature", "properties": { "line_id": 2187.0, "prov": "Podolia", "dist": "Lampol" }, "geometry": { "type": "Point", "coordinates": [ 28.05, 48.33333333 ] } },
{ "type": "Feature", "properties": { "line_id": 2188.0, "prov": "Podolia", "dist": "Mogilev" }, "geometry": { "type": "Point", "coordinates": [ 27.63333333, 48.53333333 ] } },
{ "type": "Feature", "properties": { "line_id": 2189.0, "prov": "Kherson", "dist": "Ananev" }, "geometry": { "type": "Point", "coordinates": [ 30.03333333, 47.88333333 ] } },
{ "type": "Feature", "properties": { "line_id": 2190.0, "prov": "Kherson", "dist": "Kherson" }, "geometry": { "type": "Point", "coordinates": [ 32.31666667, 47.4 ] } },
{ "type": "Feature", "properties": { "line_id": 2191.0, "prov": "Taurida", "dist": "Evpatoriia" }, "geometry": { "type": "Point", "coordinates": [ 33.35, 45.2 ] } },
{ "type": "Feature", "properties": { "line_id": 2192.0, "prov": "Volhynia", "dist": "Dubno" }, "geometry": { "type": "Point", "coordinates": [ 26.03333333, 50.46666667 ] } },
{ "type": "Feature", "properties": { "line_id": 2193.0, "prov": "Kovno", "dist": "Telshi" }, "geometry": { "type": "Point", "coordinates": [ 21.85, 56.28333333 ] } },
{ "type": "Feature", "properties": { "line_id": 2194.0, "prov": "Vitebsk", "dist": "Drissa" }, "geometry": { "type": "Point", "coordinates": [ 28.65, 56.03333333 ] } },
{ "type": "Feature", "properties": { "line_id": 2195.0, "prov": "Minsk", "dist": "Riechitsa" }, "geometry": { "type": "Point", "coordinates": [ 29.53333333, 51.95 ] } },
{ "type": "Feature", "properties": { "line_id": 2196.0, "prov": "Kiev", "dist": "Lipovets" }, "geometry": { "type": "Point", "coordinates": [ 30.13333333, 49.01666667 ] } },
{ "type": "Feature", "properties": { "line_id": 2197.0, "prov": "Podolia", "dist": "Balta" }, "geometry": { "type": "Point", "coordinates": [ 30.78333333, 48.25 ] } },
{ "type": "Feature", "properties": { "line_id": 2198.0, "prov": "Galicia", "dist": "Kosow" }, "geometry": { "type": "Point", "coordinates": [ 24.8, 48.15 ] } },
{ "type": "Feature", "properties": { "line_id": 2199.0, "prov": "Grodno", "dist": "Kobrin" }, "geometry": { "type": "Point", "coordinates": [ 24.01666667, 52.2 ] } },
{ "type": "Feature", "properties": { "line_id": 2200.0, "prov": "Galicia", "dist": "Sniatyn" }, "geometry": { "type": "Point", "coordinates": [ 25.28333333, 48.46666667 ] } },
{ "type": "Feature", "properties": { "line_id": 2201.0, "prov": "Grodno", "dist": "Bielostok" }, "geometry": { "type": "Point", "coordinates": [ 23.35, 53.01666667 ] } },
{ "type": "Feature", "properties": { "line_id": 2202.0, "prov": "Kiev", "dist": "Cherkasy" }, "geometry": { "type": "Point", "coordinates": [ 32.15, 49.15 ] } },
{ "type": "Feature", "properties": { "line_id": 2203.0, "prov": "Podolia", "dist": "Olgopol" }, "geometry": { "type": "Point", "coordinates": [ 28.9, 48.05 ] } },
{ "type": "Feature", "properties": { "line_id": 2204.0, "prov": "Kalisz", "dist": "Slupca" }, "geometry": { "type": "Point", "coordinates": [ 17.9, 52.16666667 ] } },
{ "type": "Feature", "properties": { "line_id": 2205.0, "prov": "Galicia", "dist": "Sanok" }, "geometry": { "type": "Point", "coordinates": [ 22.26666667, 49.51666667 ] } },
{ "type": "Feature", "properties": { "line_id": 2206.0, "prov": "Piotrkow", "dist": "Bedzin" }, "geometry": { "type": "Point", "coordinates": [ 19.18333333, 50.3 ] } },
{ "type": "Feature", "properties": { "line_id": 2207.0, "prov": "Mogilev", "dist": "Mstislavl" }, "geometry": { "type": "Point", "coordinates": [ 32.31666667, 54.11666667 ] } },
{ "type": "Feature", "properties": { "line_id": 2208.0, "prov": "Galicia", "dist": "Brzeg" }, "geometry": { "type": "Point", "coordinates": [ 20.81666667, 49.86666667 ] } },
{ "type": "Feature", "properties": { "line_id": 2209.0, "prov": "Lublin", "dist": "Janow" }, "geometry": { "type": "Point", "coordinates": [ 22.11666667, 50.76666667 ] } },
{ "type": "Feature", "properties": { "line_id": 2210.0, "prov": "Galicia", "dist": "Nowy Targ" }, "geometry": { "type": "Point", "coordinates": [ 19.96666667, 49.3 ] } },
{ "type": "Feature", "properties": { "line_id": 2211.0, "prov": "Warszawa", "dist": "Plonsk" }, "geometry": { "type": "Point", "coordinates": [ 20.63333333, 52.43333333 ] } },
{ "type": "Feature", "properties": { "line_id": 2212.0, "prov": "Lublin", "dist": "Janow" }, "geometry": { "type": "Point", "coordinates": [ 22.4, 50.95 ] } },
{ "type": "Feature", "properties": { "line_id": 2213.0, "prov": "Galicia", "dist": "Zaleszczyki" }, "geometry": { "type": "Point", "coordinates": [ 25.73333333, 48.65 ] } },
{ "type": "Feature", "properties": { "line_id": 2214.0, "prov": "Galicia", "dist": "Brody" }, "geometry": { "type": "Point", "coordinates": [ 25.36666667, 49.78333333 ] } },
{ "type": "Feature", "properties": { "line_id": 2215.0, "prov": "Galicia", "dist": "Stanislawow" }, "geometry": { "type": "Point", "coordinates": [ 24.7, 49.11666667 ] } },
{ "type": "Feature", "properties": { "line_id": 2216.0, "prov": "Lomza", "dist": "Lomzha" }, "geometry": { "type": "Point", "coordinates": [ 22.25, 52.98333333 ] } },
{ "type": "Feature", "properties": { "line_id": 2217.0, "prov": "Lublin", "dist": "Janow" }, "geometry": { "type": "Point", "coordinates": [ 22.33333333, 50.75 ] } },
{ "type": "Feature", "properties": { "line_id": 2218.0, "prov": "Podolia", "dist": "Novaia Ushitsa" }, "geometry": { "type": "Point", "coordinates": [ 27.36666667, 48.86666667 ] } },
{ "type": "Feature", "properties": { "line_id": 2219.0, "prov": "Lublin", "dist": "Zamosc" }, "geometry": { "type": "Point", "coordinates": [ 23.25, 50.71666667 ] } },
{ "type": "Feature", "properties": { "line_id": 2220.0, "prov": "Ekaterinoslav", "dist": "Mariupol" }, "geometry": { "type": "Point", "coordinates": [ 35.18333333, 47.81666667 ] } },
{ "type": "Feature", "properties": { "line_id": 2221.0, "prov": "Kovno", "dist": "Novoaleksandrovsk" }, "geometry": { "type": "Point", "coordinates": [ 26.25, 55.73333333 ] } },
{ "type": "Feature", "properties": { "line_id": 2222.0, "prov": "Lomza", "dist": "Ostrov" }, "geometry": { "type": "Point", "coordinates": [ 22.13333333, 52.75 ] } },
{ "type": "Feature", "properties": { "line_id": 2223.0, "prov": "Kovno", "dist": "Telshi" }, "geometry": { "type": "Point", "coordinates": [ 22.2, 55.83333333 ] } },
{ "type": "Feature", "properties": { "line_id": 2224.0, "prov": "Piotrkow", "dist": "Bedzin" }, "geometry": { "type": "Point", "coordinates": [ 19.38333333, 50.63333333 ] } },
{ "type": "Feature", "properties": { "line_id": 2225.0, "prov": "Kielce", "dist": "Olkusz" }, "geometry": { "type": "Point", "coordinates": [ 19.86666667, 50.48333333 ] } },
{ "type": "Feature", "properties": { "line_id": 2226.0, "prov": "Galicia", "dist": "Sanok" }, "geometry": { "type": "Point", "coordinates": [ 22.01666667, 49.58333333 ] } },
{ "type": "Feature", "properties": { "line_id": 2227.0, "prov": "Kiev", "dist": "Tarashcha" }, "geometry": { "type": "Point", "coordinates": [ 30.1, 49.25 ] } },
{ "type": "Feature", "properties": { "line_id": 2228.0, "prov": "Vilna", "dist": "Disna" }, "geometry": { "type": "Point", "coordinates": [ 26.61666667, 54.4 ] } },
{ "type": "Feature", "properties": { "line_id": 2229.0, "prov": "Minsk", "dist": "Minsk" }, "geometry": { "type": "Point", "coordinates": [ 27.28333333, 54.0 ] } },
{ "type": "Feature", "properties": { "line_id": 2230.0, "prov": "Vilna", "dist": "Troki" }, "geometry": { "type": "Point", "coordinates": [ 24.6, 54.86666667 ] } },
{ "type": "Feature", "properties": { "line_id": 2231.0, "prov": "Ekaterinoslav", "dist": "Mariupol" }, "geometry": { "type": "Point", "coordinates": [ 37.33333333, 47.51666667 ] } },
{ "type": "Feature", "properties": { "line_id": 2232.0, "prov": "Galicia", "dist": "Wadowice" }, "geometry": { "type": "Point", "coordinates": [ 19.45, 49.98333333 ] } },
{ "type": "Feature", "properties": { "line_id": 2233.0, "prov": "Mogilev", "dist": "Mogilev" }, "geometry": { "type": "Point", "coordinates": [ 30.05, 53.83333333 ] } },
{ "type": "Feature", "properties": { "line_id": 2234.0, "prov": "Galicia", "dist": "Podhajce" }, "geometry": { "type": "Point", "coordinates": [ 25.03333333, 49.2 ] } },
{ "type": "Feature", "properties": { "line_id": 2235.0, "prov": "Radom", "dist": "Sandomierz" }, "geometry": { "type": "Point", "coordinates": [ 21.85, 50.8 ] } },
{ "type": "Feature", "properties": { "line_id": 2236.0, "prov": "Piotrkow", "dist": "Olkusz" }, "geometry": { "type": "Point", "coordinates": [ 19.43333333, 50.5 ] } },
{ "type": "Feature", "properties": { "line_id": 2237.0, "prov": "Galicia", "dist": "Myslenice" }, "geometry": { "type": "Point", "coordinates": [ 19.56666667, 49.66666667 ] } },
{ "type": "Feature", "properties": { "line_id": 2238.0, "prov": "Lomza", "dist": "Kolno" }, "geometry": { "type": "Point", "coordinates": [ 21.8, 53.25 ] } },
{ "type": "Feature", "properties": { "line_id": 2239.0, "prov": "Preussen", "dist": "Miedzyrzecz" }, "geometry": { "type": "Point", "coordinates": [ 15.93333333, 52.25 ] } },
{ "type": "Feature", "properties": { "line_id": 2240.0, "prov": "Galicia", "dist": "Zloczow" }, "geometry": { "type": "Point", "coordinates": [ 25.15, 49.66666667 ] } },
{ "type": "Feature", "properties": { "line_id": 2241.0, "prov": "Siedlce", "dist": "Siedlce" }, "geometry": { "type": "Point", "coordinates": [ 22.43333333, 52.08333333 ] } },
{ "type": "Feature", "properties": { "line_id": 2242.0, "prov": "Volhynia", "dist": "Ostrog" }, "geometry": { "type": "Point", "coordinates": [ 26.25, 50.51666667 ] } },
{ "type": "Feature", "properties": { "line_id": 2243.0, "prov": "Kalisz", "dist": "Sieradz" }, "geometry": { "type": "Point", "coordinates": [ 18.93333333, 51.6 ] } },
{ "type": "Feature", "properties": { "line_id": 2244.0, "prov": "Grodno", "dist": "Slonim" }, "geometry": { "type": "Point", "coordinates": [ 25.4, 53.46666667 ] } },
{ "type": "Feature", "properties": { "line_id": 2245.0, "prov": "Kovno", "dist": "Poneviezh" }, "geometry": { "type": "Point", "coordinates": [ 24.0, 56.28333333 ] } },
{ "type": "Feature", "properties": { "line_id": 2246.0, "prov": "Siedlce", "dist": "Garwolin" }, "geometry": { "type": "Point", "coordinates": [ 21.9, 51.81666667 ] } },
{ "type": "Feature", "properties": { "line_id": 2247.0, "prov": "Ekaterinoslav", "dist": "Mariupol" }, "geometry": { "type": "Point", "coordinates": [ 36.85, 47.55 ] } },
{ "type": "Feature", "properties": { "line_id": 2248.0, "prov": "Piotrkow", "dist": "Lask" }, "geometry": { "type": "Point", "coordinates": [ 19.23333333, 51.46666667 ] } },
{ "type": "Feature", "properties": { "line_id": 2249.0, "prov": "Kovno", "dist": "Vilkomir" }, "geometry": { "type": "Point", "coordinates": [ 25.1, 55.21666667 ] } },
{ "type": "Feature", "properties": { "line_id": 2250.0, "prov": "Grodno", "dist": "Volkovysk" }, "geometry": { "type": "Point", "coordinates": [ 24.81666667, 53.15 ] } },
{ "type": "Feature", "properties": { "line_id": 2251.0, "prov": "Kovno", "dist": "Rossieny" }, "geometry": { "type": "Point", "coordinates": [ 21.7, 55.36666667 ] } },
{ "type": "Feature", "properties": { "line_id": 2252.0, "prov": "Minsk", "dist": "Borisov" }, "geometry": { "type": "Point", "coordinates": [ 28.21666667, 54.36666667 ] } },
{ "type": "Feature", "properties": { "line_id": 2253.0, "prov": "Piotrkow", "dist": "Lodz" }, "geometry": { "type": "Point", "coordinates": [ 19.41666667, 51.85 ] } },
{ "type": "Feature", "properties": { "line_id": 2254.0, "prov": "Galicia", "dist": "Tarnow" }, "geometry": { "type": "Point", "coordinates": [ 20.9, 50.13333333 ] } },
{ "type": "Feature", "properties": { "line_id": 2255.0, "prov": "Podolia", "dist": "Olgopol" }, "geometry": { "type": "Point", "coordinates": [ 28.98333333, 48.38333333 ] } },
{ "type": "Feature", "properties": { "line_id": 2256.0, "prov": "Radom", "dist": "Opoczno" }, "geometry": { "type": "Point", "coordinates": [ 20.18333333, 51.25 ] } },
{ "type": "Feature", "properties": { "line_id": 2257.0, "prov": "Piotrkow", "dist": "Lodz" }, "geometry": { "type": "Point", "coordinates": [ 19.5, 51.66666667 ] } },
{ "type": "Feature", "properties": { "line_id": 2258.0, "prov": "Minsk", "dist": "Mozyr" }, "geometry": { "type": "Point", "coordinates": [ 27.86666667, 52.23333333 ] } },
{ "type": "Feature", "properties": { "line_id": 2259.0, "prov": "Volhynia", "dist": "Zhitomir" }, "geometry": { "type": "Point", "coordinates": [ 28.66666667, 50.25 ] } },
{ "type": "Feature", "properties": { "line_id": 2260.0, "prov": "Mogilev", "dist": "Rogachev" }, "geometry": { "type": "Point", "coordinates": [ 30.03333333, 52.9 ] } },
{ "type": "Feature", "properties": { "line_id": 2261.0, "prov": "Podolia", "dist": "Vinnitsa" }, "geometry": { "type": "Point", "coordinates": [ 28.1, 49.03333333 ] } },
{ "type": "Feature", "properties": { "line_id": 2262.0, "prov": "Galicia", "dist": "Krosno" }, "geometry": { "type": "Point", "coordinates": [ 21.53333333, 49.61666667 ] } },
{ "type": "Feature", "properties": { "line_id": 2263.0, "prov": "Preussen", "dist": "Znin" }, "geometry": { "type": "Point", "coordinates": [ 17.7, 52.85 ] } },
{ "type": "Feature", "properties": { "line_id": 2264.0, "prov": "Lublin", "dist": "Krasnystaw" }, "geometry": { "type": "Point", "coordinates": [ 22.83333333, 50.9 ] } },
{ "type": "Feature", "properties": { "line_id": 2265.0, "prov": "Galicia", "dist": "Lancut" }, "geometry": { "type": "Point", "coordinates": [ 22.31666667, 50.16666667 ] } },
{ "type": "Feature", "properties": { "line_id": 2266.0, "prov": "Mogilev", "dist": "Staro-Bykhov" }, "geometry": { "type": "Point", "coordinates": [ 30.61666667, 53.25 ] } },
{ "type": "Feature", "properties": { "line_id": 2267.0, "prov": "Podolia", "dist": "Kamenets-Podolsk" }, "geometry": { "type": "Point", "coordinates": [ 26.5, 48.55 ] } },
{ "type": "Feature", "properties": { "line_id": 2268.0, "prov": "Warszawa", "dist": "Blonie" }, "geometry": { "type": "Point", "coordinates": [ 20.43333333, 52.06666667 ] } },
{ "type": "Feature", "properties": { "line_id": 2269.0, "prov": "Galicia", "dist": "Zywiec" }, "geometry": { "type": "Point", "coordinates": [ 19.21666667, 49.68333333 ] } },
{ "type": "Feature", "properties": { "line_id": 2270.0, "prov": "Kovno", "dist": "Telshi" }, "geometry": { "type": "Point", "coordinates": [ 22.01666667, 56.31666667 ] } },
{ "type": "Feature", "properties": { "line_id": 2271.0, "prov": "Galicia", "dist": "Nadworna" }, "geometry": { "type": "Point", "coordinates": [ 24.36666667, 48.51666667 ] } },
{ "type": "Feature", "properties": { "line_id": 2272.0, "prov": "Plock", "dist": "Mlawa" }, "geometry": { "type": "Point", "coordinates": [ 19.85, 53.16666667 ] } },
{ "type": "Feature", "properties": { "line_id": 2273.0, "prov": "Vilna", "dist": "Troki" }, "geometry": { "type": "Point", "coordinates": [ 24.45, 54.8 ] } },
{ "type": "Feature", "properties": { "line_id": 2274.0, "prov": "Podolia", "dist": "Letichev" }, "geometry": { "type": "Point", "coordinates": [ 27.06666667, 49.08333333 ] } },
{ "type": "Feature", "properties": { "line_id": 2275.0, "prov": "Poltava", "dist": "Zienkov" }, "geometry": { "type": "Point", "coordinates": [ 34.35, 50.21666667 ] } },
{ "type": "Feature", "properties": { "line_id": 2276.0, "prov": "Preussen", "dist": "Swieta Siekierka" }, "geometry": { "type": "Point", "coordinates": [ 20.2922176, 54.4452785 ] } },
{ "type": "Feature", "properties": { "line_id": 2277.0, "prov": "Kiev", "dist": "Chigirin" }, "geometry": { "type": "Point", "coordinates": [ 31.66666667, 48.81666667 ] } },
{ "type": "Feature", "properties": { "line_id": 2278.0, "prov": "Kalisz", "dist": "Sieradz" }, "geometry": { "type": "Point", "coordinates": [ 18.61666667, 51.41666667 ] } },
{ "type": "Feature", "properties": { "line_id": 2279.0, "prov": "Galicia", "dist": "Zloczow" }, "geometry": { "type": "Point", "coordinates": [ 24.9, 49.8 ] } },
{ "type": "Feature", "properties": { "line_id": 2280.0, "prov": "Galicia", "dist": "Trembowla" }, "geometry": { "type": "Point", "coordinates": [ 25.38333333, 49.28333333 ] } },
{ "type": "Feature", "properties": { "line_id": 2281.0, "prov": "Chernigov", "dist": "Novozybkov" }, "geometry": { "type": "Point", "coordinates": [ 31.73333333, 52.43333333 ] } },
{ "type": "Feature", "properties": { "line_id": 2282.0, "prov": "Kherson", "dist": "Aleksandriia" }, "geometry": { "type": "Point", "coordinates": [ 32.66666667, 48.71666667 ] } },
{ "type": "Feature", "properties": { "line_id": 2283.0, "prov": "Volhynia", "dist": "Lutsk" }, "geometry": { "type": "Point", "coordinates": [ 25.7, 50.91666667 ] } },
{ "type": "Feature", "properties": { "line_id": 2284.0, "prov": "Galicia", "dist": "Zolkiew" }, "geometry": { "type": "Point", "coordinates": [ 23.96666667, 50.06666667 ] } },
{ "type": "Feature", "properties": { "line_id": 2285.0, "prov": "Poltava", "dist": "Zolotonosha" }, "geometry": { "type": "Point", "coordinates": [ 32.03333333, 49.66666667 ] } },
{ "type": "Feature", "properties": { "line_id": 2286.0, "prov": "Galicia", "dist": "Zolkiew" }, "geometry": { "type": "Point", "coordinates": [ 24.23333333, 49.98333333 ] } },
{ "type": "Feature", "properties": { "line_id": 2287.0, "prov": "Vilna", "dist": "Disna" }, "geometry": { "type": "Point", "coordinates": [ 24.98333333, 53.6 ] } },
{ "type": "Feature", "properties": { "line_id": 2288.0, "prov": "Volhynia", "dist": "Lutsk" }, "geometry": { "type": "Point", "coordinates": [ 26.11666667, 51.31666667 ] } },
{ "type": "Feature", "properties": { "line_id": 2289.0, "prov": "Piotrkow", "dist": "Bedzin" }, "geometry": { "type": "Point", "coordinates": [ 19.28333333, 50.38333333 ] } },
{ "type": "Feature", "properties": { "line_id": 2290.0, "prov": "Plock", "dist": "Sierpc" }, "geometry": { "type": "Point", "coordinates": [ 19.91666667, 53.06666667 ] } },
{ "type": "Feature", "properties": { "line_id": 2291.0, "prov": "Galicia", "dist": "Rohatyn" }, "geometry": { "type": "Point", "coordinates": [ 24.45, 49.31666667 ] } },
{ "type": "Feature", "properties": { "line_id": 2292.0, "prov": "Kiev", "dist": "Zvenigorodka" }, "geometry": { "type": "Point", "coordinates": [ 30.96666667, 49.08333333 ] } },
{ "type": "Feature", "properties": { "line_id": 2293.0, "prov": "Radom", "dist": "Kozienice" }, "geometry": { "type": "Point", "coordinates": [ 21.6, 51.35 ] } },
{ "type": "Feature", "properties": { "line_id": 2294.0, "prov": "Galicia", "dist": "Zydaczow" }, "geometry": { "type": "Point", "coordinates": [ 24.13333333, 49.38333333 ] } },
{ "type": "Feature", "properties": { "line_id": 2295.0, "prov": "Warszawa", "dist": "Kutno" }, "geometry": { "type": "Point", "coordinates": [ 19.61666667, 52.25 ] } },
{ "type": "Feature", "properties": { "line_id": 2296.0, "prov": "Kiev", "dist": "Tarashcha" }, "geometry": { "type": "Point", "coordinates": [ 29.53333333, 49.26666667 ] } },
{ "type": "Feature", "properties": { "line_id": 2297.0, "prov": "Kalisz", "dist": "Kolo" }, "geometry": { "type": "Point", "coordinates": [ 18.91666667, 52.25 ] } },
{ "type": "Feature", "properties": { "line_id": 2298.0, "prov": "Grodno", "dist": "Bielostok" }, "geometry": { "type": "Point", "coordinates": [ 22.91666667, 53.31666667 ] } },
{ "type": "Feature", "properties": { "line_id": 2299.0, "prov": "Volhynia", "dist": "Kremenets" }, "geometry": { "type": "Point", "coordinates": [ 26.08333333, 49.86666667 ] } },
{ "type": "Feature", "properties": { "line_id": 2300.0, "prov": "Kovno", "dist": "Telshi" }, "geometry": { "type": "Point", "coordinates": [ 22.01666667, 56.11666667 ] } },
{ "type": "Feature", "properties": { "line_id": 2301.0, "prov": "Vilna", "dist": "Oshmiany" }, "geometry": { "type": "Point", "coordinates": [ 26.4, 54.48333333 ] } },
{ "type": "Feature", "properties": { "line_id": 2302.0, "prov": "Radom", "dist": "Ilza" }, "geometry": { "type": "Point", "coordinates": [ 21.76666667, 51.13333333 ] } },
{ "type": "Feature", "properties": { "line_id": 2303.0, "prov": "Volhynia", "dist": "Novograd-Volynskii" }, "geometry": { "type": "Point", "coordinates": [ 27.61666667, 50.6 ] } },
{ "type": "Feature", "properties": { "line_id": 2304.0, "prov": "Podolia", "dist": "Kamenets-Podolsk" }, "geometry": { "type": "Point", "coordinates": [ 26.75, 49.1 ] } },
{ "type": "Feature", "properties": { "line_id": 2305.0, "prov": "Kovno", "dist": "Novoaleksandrovsk" }, "geometry": { "type": "Point", "coordinates": [ 27.0, 55.7 ] } },
{ "type": "Feature", "properties": { "line_id": 2306.0, "prov": "Piotrkow", "dist": "Chenstokhov" }, "geometry": { "type": "Point", "coordinates": [ 18.93333333, 50.9 ] } },
{ "type": "Feature", "properties": { "line_id": 2307.0, "prov": "Chernigov", "dist": "Surazh" }, "geometry": { "type": "Point", "coordinates": [ 32.23333333, 52.76666667 ] } },
{ "type": "Feature", "properties": { "line_id": 2308.0, "prov": "Chernigov", "dist": "Surazh" }, "geometry": { "type": "Point", "coordinates": [ 32.4, 53.01666667 ] } },
{ "type": "Feature", "properties": { "line_id": 2309.0, "prov": "Kalisz", "dist": "Konin" }, "geometry": { "type": "Point", "coordinates": [ 18.48333333, 52.1 ] } },
{ "type": "Feature", "properties": { "line_id": 2310.0, "prov": "Kherson", "dist": "Ananev" }, "geometry": { "type": "Point", "coordinates": [ 30.85, 48.03333333 ] } },
{ "type": "Feature", "properties": { "line_id": 2311.0, "prov": "Bessarabia", "dist": "Orgieev" }, "geometry": { "type": "Point", "coordinates": [ 28.3, 47.25 ] } },
{ "type": "Feature", "properties": { "line_id": 2312.0, "prov": "Kalisz", "dist": "Veliun" }, "geometry": { "type": "Point", "coordinates": [ 18.43333333, 51.36666667 ] } },
{ "type": "Feature", "properties": { "line_id": 2313.0, "prov": "Kherson", "dist": "Ananev" }, "geometry": { "type": "Point", "coordinates": [ 29.53333333, 47.75 ] } },
{ "type": "Feature", "properties": { "line_id": 2314.0, "prov": "Piotrkow", "dist": "Chenstokhov" }, "geometry": { "type": "Point", "coordinates": [ 19.11666667, 50.8 ] } },
{ "type": "Feature", "properties": { "line_id": 2315.0, "prov": "Podolia", "dist": "Olgopol" }, "geometry": { "type": "Point", "coordinates": [ 28.58333333, 48.15 ] } },
{ "type": "Feature", "properties": { "line_id": 2316.0, "prov": "Radom", "dist": "Opoczno" }, "geometry": { "type": "Point", "coordinates": [ 20.63333333, 51.53333333 ] } },
{ "type": "Feature", "properties": { "line_id": 2317.0, "prov": "Mogilev", "dist": "Mogilev" }, "geometry": { "type": "Point", "coordinates": [ 30.13333333, 53.98333333 ] } },
{ "type": "Feature", "properties": { "line_id": 2318.0, "prov": "Orel", "dist": "Briansk" }, "geometry": { "type": "Point", "coordinates": [ 34.3, 53.31666667 ] } },
{ "type": "Feature", "properties": { "line_id": 2319.0, "prov": "Kielce", "dist": "Stopnica" }, "geometry": { "type": "Point", "coordinates": [ 21.06666667, 50.45 ] } },
{ "type": "Feature", "properties": { "line_id": 2320.0, "prov": "Kovno", "dist": "Rossieny" }, "geometry": { "type": "Point", "coordinates": [ 22.96666667, 55.66666667 ] } },
{ "type": "Feature", "properties": { "line_id": 2321.0, "prov": "Lublin", "dist": "Krasnostav" }, "geometry": { "type": "Point", "coordinates": [ 23.03333333, 51.05 ] } },
{ "type": "Feature", "properties": { "line_id": 2322.0, "prov": "Mogilev", "dist": "Orsha" }, "geometry": { "type": "Point", "coordinates": [ 30.5, 54.68333333 ] } },
{ "type": "Feature", "properties": { "line_id": 2323.0, "prov": "Mogilev", "dist": "Staro-Bykhov" }, "geometry": { "type": "Point", "coordinates": [ 30.78333333, 53.3 ] } },
{ "type": "Feature", "properties": { "line_id": 2324.0, "prov": "Volhynia", "dist": "Kovel" }, "geometry": { "type": "Point", "coordinates": [ 24.98333333, 51.8 ] } },
{ "type": "Feature", "properties": { "line_id": 2325.0, "prov": "Warszawa", "dist": "Radimin" }, "geometry": { "type": "Point", "coordinates": [ 21.45, 52.41666667 ] } },
{ "type": "Feature", "properties": { "line_id": 2326.0, "prov": "Vilna", "dist": "Vilnius" }, "geometry": { "type": "Point", "coordinates": [ 25.96666667, 54.61666667 ] } },
{ "type": "Feature", "properties": { "line_id": 2327.0, "prov": "Volhynia", "dist": "Vladimir-Volynskii" }, "geometry": { "type": "Point", "coordinates": [ 24.71666667, 51.0 ] } },
{ "type": "Feature", "properties": { "line_id": 2328.0, "prov": "Bessarabia", "dist": "Soroki" }, "geometry": { "type": "Point", "coordinates": [ 27.8, 48.43333333 ] } },
{ "type": "Feature", "properties": { "line_id": 2329.0, "prov": "Bessarabia", "dist": "Izmail" }, "geometry": { "type": "Point", "coordinates": [ 28.38333333, 46.2 ] } },
{ "type": "Feature", "properties": { "line_id": 2330.0, "prov": "Bessarabia", "dist": "Akkerman" }, "geometry": { "type": "Point", "coordinates": [ 29.9, 46.13333333 ] } },
{ "type": "Feature", "properties": { "line_id": 2331.0, "prov": "Bessarabia", "dist": "Kishinev" }, "geometry": { "type": "Point", "coordinates": [ 28.58333333, 46.81666667 ] } },
{ "type": "Feature", "properties": { "line_id": 2332.0, "prov": "Bessarabia", "dist": "Izmail" }, "geometry": { "type": "Point", "coordinates": [ 28.2, 45.9 ] } },
{ "type": "Feature", "properties": { "line_id": 2333.0, "prov": "Bessarabia", "dist": "Khotin" }, "geometry": { "type": "Point", "coordinates": [ 26.26666667, 48.43333333 ] } },
{ "type": "Feature", "properties": { "line_id": 2334.0, "prov": "Bessarabia", "dist": "Bieltsy" }, "geometry": { "type": "Point", "coordinates": [ 28.01666667, 47.35 ] } },
{ "type": "Feature", "properties": { "line_id": 2335.0, "prov": "Bessarabia", "dist": "Orgieev" }, "geometry": { "type": "Point", "coordinates": [ 29.15, 47.21666667 ] } },
{ "type": "Feature", "properties": { "line_id": 2336.0, "prov": "Bessarabia", "dist": "Izmail" }, "geometry": { "type": "Point", "coordinates": [ 29.26666667, 45.45 ] } },
{ "type": "Feature", "properties": { "line_id": 2337.0, "prov": "Bessarabia", "dist": "Orgieev" }, "geometry": { "type": "Point", "coordinates": [ 28.71666667, 47.8 ] } },
{ "type": "Feature", "properties": { "line_id": 2338.0, "prov": "Bessarabia", "dist": "Bendery" }, "geometry": { "type": "Point", "coordinates": [ 29.08333333, 46.98333333 ] } },
{ "type": "Feature", "properties": { "line_id": 2339.0, "prov": "Bessarabia", "dist": "Soroki" }, "geometry": { "type": "Point", "coordinates": [ 28.5, 47.83333333 ] } },
{ "type": "Feature", "properties": { "line_id": 2340.0, "prov": "Bessarabia", "dist": "Orgieev" }, "geometry": { "type": "Point", "coordinates": [ 28.96666667, 47.75 ] } },
{ "type": "Feature", "properties": { "line_id": 2341.0, "prov": "Bessarabia", "dist": "Bendery" }, "geometry": { "type": "Point", "coordinates": [ 28.96666667, 46.33333333 ] } },
{ "type": "Feature", "properties": { "line_id": 2342.0, "prov": "Bessarabia", "dist": "Soroki" }, "geometry": { "type": "Point", "coordinates": [ 27.9, 48.33333333 ] } },
{ "type": "Feature", "properties": { "line_id": 2343.0, "prov": "Bessarabia", "dist": "Bieltsy" }, "geometry": { "type": "Point", "coordinates": [ 27.55, 47.95 ] } },
{ "type": "Feature", "properties": { "line_id": 2344.0, "prov": "Bessarabia", "dist": "Kishinev" }, "geometry": { "type": "Point", "coordinates": [ 28.33333333, 47.03333333 ] } },
{ "type": "Feature", "properties": { "line_id": 2345.0, "prov": "Bessarabia", "dist": "Akkerman" }, "geometry": { "type": "Point", "coordinates": [ 29.61666667, 45.85 ] } },
{ "type": "Feature", "properties": { "line_id": 2346.0, "prov": "Bessarabia", "dist": "Orgieev" }, "geometry": { "type": "Point", "coordinates": [ 28.36666667, 47.5 ] } },
{ "type": "Feature", "properties": { "line_id": 2347.0, "prov": "Bessarabia", "dist": "Bieltsy" }, "geometry": { "type": "Point", "coordinates": [ 27.81666667, 47.2 ] } },
{ "type": "Feature", "properties": { "line_id": 2348.0, "prov": "Chernigov", "dist": "Konotop" }, "geometry": { "type": "Point", "coordinates": [ 32.88333333, 51.35 ] } },
{ "type": "Feature", "properties": { "line_id": 2349.0, "prov": "Courland", "dist": "Talsen" }, "geometry": { "type": "Point", "coordinates": [ 22.58333333, 57.41666667 ] } },
{ "type": "Feature", "properties": { "line_id": 2350.0, "prov": "Courland", "dist": "Illukst" }, "geometry": { "type": "Point", "coordinates": [ 25.9, 56.01666667 ] } },
{ "type": "Feature", "properties": { "line_id": 2351.0, "prov": "Estland", "dist": "Revel" }, "geometry": { "type": "Point", "coordinates": [ 24.45, 59.26666667 ] } },
{ "type": "Feature", "properties": { "line_id": 2352.0, "prov": "Grodno", "dist": "Pruzhany" }, "geometry": { "type": "Point", "coordinates": [ 24.9, 52.53333333 ] } },
{ "type": "Feature", "properties": { "line_id": 2353.0, "prov": "Grodno", "dist": "Slonim" }, "geometry": { "type": "Point", "coordinates": [ 25.33333333, 52.71666667 ] } },
{ "type": "Feature", "properties": { "line_id": 2354.0, "prov": "Grodno", "dist": "Kobrin" }, "geometry": { "type": "Point", "coordinates": [ 25.6, 52.31666667 ] } },
{ "type": "Feature", "properties": { "line_id": 2355.0, "prov": "Grodno", "dist": "Bielostok" }, "geometry": { "type": "Point", "coordinates": [ 23.6, 53.03333333 ] } },
{ "type": "Feature", "properties": { "line_id": 2356.0, "prov": "Kalisz", "dist": "Sluptsy" }, "geometry": { "type": "Point", "coordinates": [ 17.93333333, 52.21666667 ] } },
{ "type": "Feature", "properties": { "line_id": 2357.0, "prov": "Kalisz", "dist": "Veliun" }, "geometry": { "type": "Point", "coordinates": [ 18.8, 51.28333333 ] } },
{ "type": "Feature", "properties": { "line_id": 2358.0, "prov": "Kalisz", "dist": "Sluptsy" }, "geometry": { "type": "Point", "coordinates": [ 18.16666667, 52.48333333 ] } },
{ "type": "Feature", "properties": { "line_id": 2359.0, "prov": "Kazan", "dist": "Kazan" }, "geometry": { "type": "Point", "coordinates": [ 49.13333333, 55.75 ] } },
{ "type": "Feature", "properties": { "line_id": 2360.0, "prov": "Kielce", "dist": "Jedrzejow" }, "geometry": { "type": "Point", "coordinates": [ 20.3, 50.63333333 ] } },
{ "type": "Feature", "properties": { "line_id": 2361.0, "prov": "Kiev", "dist": "Kiev" }, "geometry": { "type": "Point", "coordinates": [ 30.21666667, 50.4 ] } },
{ "type": "Feature", "properties": { "line_id": 2362.0, "prov": "Kiev", "dist": "Uman" }, "geometry": { "type": "Point", "coordinates": [ 30.45, 48.98333333 ] } },
{ "type": "Feature", "properties": { "line_id": 2363.0, "prov": "Kiev", "dist": "Lipovets" }, "geometry": { "type": "Point", "coordinates": [ 30.1, 49.06666667 ] } },
{ "type": "Feature", "properties": { "line_id": 2364.0, "prov": "Kiev", "dist": "Tarashcha" }, "geometry": { "type": "Point", "coordinates": [ 30.61666667, 49.48333333 ] } },
{ "type": "Feature", "properties": { "line_id": 2365.0, "prov": "Kiev", "dist": "Kanev" }, "geometry": { "type": "Point", "coordinates": [ 30.78333333, 49.38333333 ] } },
{ "type": "Feature", "properties": { "line_id": 2366.0, "prov": "Kiev", "dist": "Uman" }, "geometry": { "type": "Point", "coordinates": [ 29.96666667, 48.63333333 ] } },
{ "type": "Feature", "properties": { "line_id": 2367.0, "prov": "Kiev", "dist": "Kanev" }, "geometry": { "type": "Point", "coordinates": [ 30.95, 49.7 ] } },
{ "type": "Feature", "properties": { "line_id": 2368.0, "prov": "Kiev", "dist": "Kanev" }, "geometry": { "type": "Point", "coordinates": [ 31.28333333, 49.58333333 ] } },
{ "type": "Feature", "properties": { "line_id": 2369.0, "prov": "Kovno", "dist": "Poneviezh" }, "geometry": { "type": "Point", "coordinates": [ 24.7, 55.83333333 ] } },
{ "type": "Feature", "properties": { "line_id": 2370.0, "prov": "Kovno", "dist": "Novoaleksandrovsk" }, "geometry": { "type": "Point", "coordinates": [ 25.68333333, 55.78333333 ] } },
{ "type": "Feature", "properties": { "line_id": 2371.0, "prov": "Kovno", "dist": "Rossieny" }, "geometry": { "type": "Point", "coordinates": [ 22.56666667, 55.66666667 ] } },
{ "type": "Feature", "properties": { "line_id": 2372.0, "prov": "Kovno", "dist": "Poneviezh" }, "geometry": { "type": "Point", "coordinates": [ 24.7, 56.23333333 ] } },
{ "type": "Feature", "properties": { "line_id": 2373.0, "prov": "Kovno", "dist": "Shavli" }, "geometry": { "type": "Point", "coordinates": [ 22.83333333, 56.36666667 ] } },
{ "type": "Feature", "properties": { "line_id": 2374.0, "prov": "Kovno", "dist": "Novoaleksandrovsk" }, "geometry": { "type": "Point", "coordinates": [ 25.15, 56.16666667 ] } },
{ "type": "Feature", "properties": { "line_id": 2375.0, "prov": "Kovno", "dist": "Shavli" }, "geometry": { "type": "Point", "coordinates": [ 22.25, 56.38333333 ] } },
{ "type": "Feature", "properties": { "line_id": 2376.0, "prov": "Kovno", "dist": "Poneviezh" }, "geometry": { "type": "Point", "coordinates": [ 24.23333333, 55.9 ] } },
{ "type": "Feature", "properties": { "line_id": 2377.0, "prov": "Kovno", "dist": "Poneviezh" }, "geometry": { "type": "Point", "coordinates": [ 24.15, 55.68333333 ] } },
{ "type": "Feature", "properties": { "line_id": 2378.0, "prov": "Kovno", "dist": "Shavli" }, "geometry": { "type": "Point", "coordinates": [ 23.66666667, 56.08333333 ] } },
{ "type": "Feature", "properties": { "line_id": 2379.0, "prov": "Kovno", "dist": "Novoaleksandrovsk" }, "geometry": { "type": "Point", "coordinates": [ 25.0, 56.11666667 ] } },
{ "type": "Feature", "properties": { "line_id": 2380.0, "prov": "Kovno", "dist": "Shavli" }, "geometry": { "type": "Point", "coordinates": [ 23.86666667, 55.56666667 ] } },
{ "type": "Feature", "properties": { "line_id": 2381.0, "prov": "Kovno", "dist": "Shavli" }, "geometry": { "type": "Point", "coordinates": [ 23.11666667, 56.18333333 ] } },
{ "type": "Feature", "properties": { "line_id": 2382.0, "prov": "Kovno", "dist": "Shavli" }, "geometry": { "type": "Point", "coordinates": [ 23.5, 55.91666667 ] } },
{ "type": "Feature", "properties": { "line_id": 2383.0, "prov": "Kovno", "dist": "Poneviezh" }, "geometry": { "type": "Point", "coordinates": [ 24.01666667, 55.8 ] } },
{ "type": "Feature", "properties": { "line_id": 2384.0, "prov": "Kovno", "dist": "Vilkomir" }, "geometry": { "type": "Point", "coordinates": [ 24.75, 55.4 ] } },
{ "type": "Feature", "properties": { "line_id": 2385.0, "prov": "Kovno", "dist": "Vilkomir" }, "geometry": { "type": "Point", "coordinates": [ 24.75, 55.51666667 ] } },
{ "type": "Feature", "properties": { "line_id": 2386.0, "prov": "Kovno", "dist": "Kovno" }, "geometry": { "type": "Point", "coordinates": [ 23.88333333, 54.91666667 ] } },
{ "type": "Feature", "properties": { "line_id": 2387.0, "prov": "Kovno", "dist": "Novoaleksandrovsk" }, "geometry": { "type": "Point", "coordinates": [ 27.08333333, 55.5 ] } },
{ "type": "Feature", "properties": { "line_id": 2388.0, "prov": "Kovno", "dist": "Novoaleksandrovsk" }, "geometry": { "type": "Point", "coordinates": [ 26.95, 55.63333333 ] } },
{ "type": "Feature", "properties": { "line_id": 2389.0, "prov": "Kovno", "dist": "Shavli" }, "geometry": { "type": "Point", "coordinates": [ 23.41666667, 55.96666667 ] } },
{ "type": "Feature", "properties": { "line_id": 2390.0, "prov": "Livland", "dist": "Venden" }, "geometry": { "type": "Point", "coordinates": [ 26.25, 56.83333333 ] } },
{ "type": "Feature", "properties": { "line_id": 2391.0, "prov": "Lomza", "dist": "Ostrolenka" }, "geometry": { "type": "Point", "coordinates": [ 22.65, 53.15 ] } },
{ "type": "Feature", "properties": { "line_id": 2392.0, "prov": "Lublin", "dist": "Pulawy" }, "geometry": { "type": "Point", "coordinates": [ 21.85, 51.05 ] } },
{ "type": "Feature", "properties": { "line_id": 2393.0, "prov": "Lublin", "dist": "Krasnostav" }, "geometry": { "type": "Point", "coordinates": [ 22.88333333, 50.83333333 ] } },
{ "type": "Feature", "properties": { "line_id": 2394.0, "prov": "Lublin", "dist": "Ianov" }, "geometry": { "type": "Point", "coordinates": [ 21.88333333, 50.9 ] } },
{ "type": "Feature", "properties": { "line_id": 2395.0, "prov": "Lublin", "dist": "Lublin" }, "geometry": { "type": "Point", "coordinates": [ 22.6, 51.23333333 ] } },
{ "type": "Feature", "properties": { "line_id": 2396.0, "prov": "Lublin", "dist": "Pulawy" }, "geometry": { "type": "Point", "coordinates": [ 22.13333333, 51.28333333 ] } },
{ "type": "Feature", "properties": { "line_id": 2397.0, "prov": "Lublin", "dist": "Ianov" }, "geometry": { "type": "Point", "coordinates": [ 22.53333333, 50.81666667 ] } },
{ "type": "Feature", "properties": { "line_id": 2398.0, "prov": "Lublin", "dist": "Zamosc" }, "geometry": { "type": "Point", "coordinates": [ 22.96666667, 50.6 ] } },
{ "type": "Feature", "properties": { "line_id": 2399.0, "prov": "Minsk", "dist": "Pinsk" }, "geometry": { "type": "Point", "coordinates": [ 26.91666667, 51.93333333 ] } },
{ "type": "Feature", "properties": { "line_id": 2400.0, "prov": "Minsk", "dist": "Igumen" }, "geometry": { "type": "Point", "coordinates": [ 28.81666667, 53.7 ] } },
{ "type": "Feature", "properties": { "line_id": 2401.0, "prov": "Minsk", "dist": "Novogrudok" }, "geometry": { "type": "Point", "coordinates": [ 26.23333333, 53.43333333 ] } },
{ "type": "Feature", "properties": { "line_id": 2402.0, "prov": "Minsk", "dist": "Mozyr" }, "geometry": { "type": "Point", "coordinates": [ 27.23333333, 51.65 ] } },
{ "type": "Feature", "properties": { "line_id": 2403.0, "prov": "Minsk", "dist": "Novogrudok" }, "geometry": { "type": "Point", "coordinates": [ 26.33333333, 53.56666667 ] } },
{ "type": "Feature", "properties": { "line_id": 2404.0, "prov": "Minsk", "dist": "Borisov" }, "geometry": { "type": "Point", "coordinates": [ 27.71666667, 54.23333333 ] } },
{ "type": "Feature", "properties": { "line_id": 2405.0, "prov": "Minsk", "dist": "Minsk" }, "geometry": { "type": "Point", "coordinates": [ 26.65, 53.86666667 ] } },
{ "type": "Feature", "properties": { "line_id": 2406.0, "prov": "Minsk", "dist": "Mozyr" }, "geometry": { "type": "Point", "coordinates": [ 28.98333333, 51.91666667 ] } },
{ "type": "Feature", "properties": { "line_id": 2407.0, "prov": "Minsk", "dist": "Pinsk" }, "geometry": { "type": "Point", "coordinates": [ 25.76666667, 51.86666667 ] } },
{ "type": "Feature", "properties": { "line_id": 2408.0, "prov": "Minsk", "dist": "Mozyr" }, "geometry": { "type": "Point", "coordinates": [ 27.33333333, 52.05 ] } },
{ "type": "Feature", "properties": { "line_id": 2409.0, "prov": "Minsk", "dist": "Mozyr" }, "geometry": { "type": "Point", "coordinates": [ 27.83333333, 52.53333333 ] } },
{ "type": "Feature", "properties": { "line_id": 2410.0, "prov": "Minsk", "dist": "Novogrudok" }, "geometry": { "type": "Point", "coordinates": [ 26.15, 53.4 ] } },
{ "type": "Feature", "properties": { "line_id": 2411.0, "prov": "Mogilev", "dist": "Mogilev" }, "geometry": { "type": "Point", "coordinates": [ 29.56666667, 54.13333333 ] } },
{ "type": "Feature", "properties": { "line_id": 2412.0, "prov": "Moskva", "dist": "Moscow" }, "geometry": { "type": "Point", "coordinates": [ 37.58333333, 55.75 ] } },
{ "type": "Feature", "properties": { "line_id": 2413.0, "prov": "Nizhniy Novgorod", "dist": "Nizhnii-Novgorod" }, "geometry": { "type": "Point", "coordinates": [ 44.0, 56.33333333 ] } },
{ "type": "Feature", "properties": { "line_id": 2414.0, "prov": "Orenburg", "dist": "Cheliabinsk" }, "geometry": { "type": "Point", "coordinates": [ 61.4, 55.16666667 ] } },
{ "type": "Feature", "properties": { "line_id": 2415.0, "prov": "Orenburg", "dist": "Verkhneuralsk" }, "geometry": { "type": "Point", "coordinates": [ 59.06666667, 53.45 ] } },
{ "type": "Feature", "properties": { "line_id": 2416.0, "prov": "Orenburg", "dist": "Orenburg" }, "geometry": { "type": "Point", "coordinates": [ 55.05, 51.78333333 ] } },
{ "type": "Feature", "properties": { "line_id": 2417.0, "prov": "Penza", "dist": "Penza" }, "geometry": { "type": "Point", "coordinates": [ 45.0, 53.2 ] } },
{ "type": "Feature", "properties": { "line_id": 2418.0, "prov": "Perm", "dist": "Ekaterinburg" }, "geometry": { "type": "Point", "coordinates": [ 60.6, 56.85 ] } },
{ "type": "Feature", "properties": { "line_id": 2419.0, "prov": "Perm", "dist": "Perm" }, "geometry": { "type": "Point", "coordinates": [ 56.25, 58.0 ] } },
{ "type": "Feature", "properties": { "line_id": 2420.0, "prov": "Piotrkow", "dist": "Bendin" }, "geometry": { "type": "Point", "coordinates": [ 19.23333333, 50.35 ] } },
{ "type": "Feature", "properties": { "line_id": 2421.0, "prov": "Piotrkow", "dist": "Bendin" }, "geometry": { "type": "Point", "coordinates": [ 19.15, 50.25 ] } },
{ "type": "Feature", "properties": { "line_id": 2422.0, "prov": "Plock", "dist": "Prasnysh" }, "geometry": { "type": "Point", "coordinates": [ 21.3, 53.18333333 ] } },
{ "type": "Feature", "properties": { "line_id": 2423.0, "prov": "Plock", "dist": "Tsiekhanov" }, "geometry": { "type": "Point", "coordinates": [ 20.3, 52.81666667 ] } },
{ "type": "Feature", "properties": { "line_id": 2424.0, "prov": "Plock", "dist": "Mlava" }, "geometry": { "type": "Point", "coordinates": [ 20.05, 53.08333333 ] } },
{ "type": "Feature", "properties": { "line_id": 2425.0, "prov": "Podolia", "dist": "Litin" }, "geometry": { "type": "Point", "coordinates": [ 27.88333333, 49.38333333 ] } },
{ "type": "Feature", "properties": { "line_id": 2426.0, "prov": "Podolia", "dist": "Novaia Ushitsa" }, "geometry": { "type": "Point", "coordinates": [ 26.83333333, 48.9 ] } },
{ "type": "Feature", "properties": { "line_id": 2427.0, "prov": "Podolia", "dist": "Lampol" }, "geometry": { "type": "Point", "coordinates": [ 28.61666667, 48.63333333 ] } },
{ "type": "Feature", "properties": { "line_id": 2428.0, "prov": "Podolia", "dist": "Gaisin" }, "geometry": { "type": "Point", "coordinates": [ 29.78333333, 48.8 ] } },
{ "type": "Feature", "properties": { "line_id": 2429.0, "prov": "Podolia", "dist": "Balta" }, "geometry": { "type": "Point", "coordinates": [ 29.2, 47.96666667 ] } },
{ "type": "Feature", "properties": { "line_id": 2430.0, "prov": "Podolia", "dist": "Gaisin" }, "geometry": { "type": "Point", "coordinates": [ 29.33333333, 48.78333333 ] } },
{ "type": "Feature", "properties": { "line_id": 2431.0, "prov": "Podolia", "dist": "Vinnitsa" }, "geometry": { "type": "Point", "coordinates": [ 28.36666667, 49.4 ] } },
{ "type": "Feature", "properties": { "line_id": 2432.0, "prov": "Podolia", "dist": "Novaia Ushitsa" }, "geometry": { "type": "Point", "coordinates": [ 27.36666667, 48.7 ] } },
{ "type": "Feature", "properties": { "line_id": 2433.0, "prov": "Podolia", "dist": "Balta" }, "geometry": { "type": "Point", "coordinates": [ 29.0, 47.66666667 ] } },
{ "type": "Feature", "properties": { "line_id": 2434.0, "prov": "Poltava", "dist": "Pereiaslav" }, "geometry": { "type": "Point", "coordinates": [ 31.46666667, 50.31666667 ] } },
{ "type": "Feature", "properties": { "line_id": 2435.0, "prov": "Poltava", "dist": "Khorol" }, "geometry": { "type": "Point", "coordinates": [ 33.78333333, 49.68333333 ] } },
{ "type": "Feature", "properties": { "line_id": 2436.0, "prov": "Poltava", "dist": "Gadiach" }, "geometry": { "type": "Point", "coordinates": [ 34.0, 50.36666667 ] } },
{ "type": "Feature", "properties": { "line_id": 2437.0, "prov": "Poltava", "dist": "Zolotonosha" }, "geometry": { "type": "Point", "coordinates": [ 31.83333333, 49.81666667 ] } },
{ "type": "Feature", "properties": { "line_id": 2438.0, "prov": "Poltava", "dist": "Lubny" }, "geometry": { "type": "Point", "coordinates": [ 32.53333333, 49.95 ] } },
{ "type": "Feature", "properties": { "line_id": 2439.0, "prov": "Poltava", "dist": "Kobeliaki" }, "geometry": { "type": "Point", "coordinates": [ 34.2, 49.15 ] } },
{ "type": "Feature", "properties": { "line_id": 2440.0, "prov": "Poltava", "dist": "Konstantinograd" }, "geometry": { "type": "Point", "coordinates": [ 35.36666667, 49.01666667 ] } },
{ "type": "Feature", "properties": { "line_id": 2441.0, "prov": "Poltava", "dist": "Pereiaslav" }, "geometry": { "type": "Point", "coordinates": [ 30.9, 50.21666667 ] } },
{ "type": "Feature", "properties": { "line_id": 2442.0, "prov": "Radom", "dist": "Radom" }, "geometry": { "type": "Point", "coordinates": [ 20.95, 51.25 ] } },
{ "type": "Feature", "properties": { "line_id": 2443.0, "prov": "Radom", "dist": "Opoczno" }, "geometry": { "type": "Point", "coordinates": [ 20.18333333, 51.18333333 ] } },
{ "type": "Feature", "properties": { "line_id": 2444.0, "prov": "Radom", "dist": "Sandomir" }, "geometry": { "type": "Point", "coordinates": [ 21.45, 50.51666667 ] } },
{ "type": "Feature", "properties": { "line_id": 2445.0, "prov": "Radom", "dist": "Radom" }, "geometry": { "type": "Point", "coordinates": [ 21.08333333, 51.25 ] } },
{ "type": "Feature", "properties": { "line_id": 2446.0, "prov": "Ryazan", "dist": "Riazan" }, "geometry": { "type": "Point", "coordinates": [ 39.73333333, 54.61666667 ] } },
{ "type": "Feature", "properties": { "line_id": 2447.0, "prov": "Samara", "dist": "Samara" }, "geometry": { "type": "Point", "coordinates": [ 50.15, 53.2 ] } },
{ "type": "Feature", "properties": { "line_id": 2448.0, "prov": "Saratov", "dist": "Saratov" }, "geometry": { "type": "Point", "coordinates": [ 46.03333333, 51.56666667 ] } },
{ "type": "Feature", "properties": { "line_id": 2449.0, "prov": "Siedlce", "dist": "Vlodava" }, "geometry": { "type": "Point", "coordinates": [ 23.51666667, 51.41666667 ] } },
{ "type": "Feature", "properties": { "line_id": 2450.0, "prov": "Siedlce", "dist": "Vlodava" }, "geometry": { "type": "Point", "coordinates": [ 23.65, 51.48333333 ] } },
{ "type": "Feature", "properties": { "line_id": 2451.0, "prov": "Simbirsk", "dist": "Alatyr" }, "geometry": { "type": "Point", "coordinates": [ 46.6, 54.85 ] } },
{ "type": "Feature", "properties": { "line_id": 2452.0, "prov": "Simbirsk", "dist": "Simbirsk" }, "geometry": { "type": "Point", "coordinates": [ 48.4, 54.33333333 ] } },
{ "type": "Feature", "properties": { "line_id": 2453.0, "prov": "Sankt-Peterburg", "dist": "Petergof" }, "geometry": { "type": "Point", "coordinates": [ 29.76666667, 60.0 ] } },
{ "type": "Feature", "properties": { "line_id": 2454.0, "prov": "Sankt-Peterburg", "dist": "Petergof" }, "geometry": { "type": "Point", "coordinates": [ 29.76666667, 59.9 ] } },
{ "type": "Feature", "properties": { "line_id": 2455.0, "prov": "Suwalki", "dist": "Mariampol" }, "geometry": { "type": "Point", "coordinates": [ 23.9, 54.88333333 ] } },
{ "type": "Feature", "properties": { "line_id": 2456.0, "prov": "Suwalki", "dist": "Seiny" }, "geometry": { "type": "Point", "coordinates": [ 23.46666667, 54.08333333 ] } },
{ "type": "Feature", "properties": { "line_id": 2457.0, "prov": "Suwalki", "dist": "Volkovyshki" }, "geometry": { "type": "Point", "coordinates": [ 22.9, 54.55 ] } },
{ "type": "Feature", "properties": { "line_id": 2458.0, "prov": "Suwalki", "dist": "Mariampol" }, "geometry": { "type": "Point", "coordinates": [ 23.7, 54.75 ] } },
{ "type": "Feature", "properties": { "line_id": 2459.0, "prov": "Suwalki", "dist": "Avgustov" }, "geometry": { "type": "Point", "coordinates": [ 23.58333333, 53.78333333 ] } },
{ "type": "Feature", "properties": { "line_id": 2460.0, "prov": "Suwalki", "dist": "Suvalki" }, "geometry": { "type": "Point", "coordinates": [ 23.08333333, 54.18333333 ] } },
{ "type": "Feature", "properties": { "line_id": 2461.0, "prov": "Suwalki", "dist": "Seiny" }, "geometry": { "type": "Point", "coordinates": [ 23.2, 54.11666667 ] } },
{ "type": "Feature", "properties": { "line_id": 2462.0, "prov": "Suwalki", "dist": "Avgustov" }, "geometry": { "type": "Point", "coordinates": [ 23.4, 53.73333333 ] } },
{ "type": "Feature", "properties": { "line_id": 2463.0, "prov": "Suwalki", "dist": "Seiny" }, "geometry": { "type": "Point", "coordinates": [ 24.05, 54.1 ] } },
{ "type": "Feature", "properties": { "line_id": 2464.0, "prov": "Suwalki", "dist": "Kalvariia" }, "geometry": { "type": "Point", "coordinates": [ 23.05, 54.36666667 ] } },
{ "type": "Feature", "properties": { "line_id": 2465.0, "prov": "Suwalki", "dist": "Mariampol" }, "geometry": { "type": "Point", "coordinates": [ 24.05, 54.71666667 ] } },
{ "type": "Feature", "properties": { "line_id": 2466.0, "prov": "Suwalki", "dist": "Avgustov" }, "geometry": { "type": "Point", "coordinates": [ 23.1, 53.68333333 ] } },
{ "type": "Feature", "properties": { "line_id": 2467.0, "prov": "Suwalki", "dist": "Vladislavov" }, "geometry": { "type": "Point", "coordinates": [ 22.63333333, 55.05 ] } },
{ "type": "Feature", "properties": { "line_id": 2468.0, "prov": "Suwalki", "dist": "Mariampol" }, "geometry": { "type": "Point", "coordinates": [ 23.71666667, 54.76666667 ] } },
{ "type": "Feature", "properties": { "line_id": 2469.0, "prov": "Taurida", "dist": "Melitopol" }, "geometry": { "type": "Point", "coordinates": [ 35.31666667, 47.26666667 ] } },
{ "type": "Feature", "properties": { "line_id": 2470.0, "prov": "Tula", "dist": "Tula" }, "geometry": { "type": "Point", "coordinates": [ 37.61666667, 54.2 ] } },
{ "type": "Feature", "properties": { "line_id": 2471.0, "prov": "Ufa", "dist": "Ufa" }, "geometry": { "type": "Point", "coordinates": [ 55.93333333, 54.73333333 ] } },
{ "type": "Feature", "properties": { "line_id": 2472.0, "prov": "Vilna", "dist": "Vilnius" }, "geometry": { "type": "Point", "coordinates": [ 25.31666667, 54.7 ] } },
{ "type": "Feature", "properties": { "line_id": 2473.0, "prov": "Vilna", "dist": "Lida" }, "geometry": { "type": "Point", "coordinates": [ 25.36666667, 54.25 ] } },
{ "type": "Feature", "properties": { "line_id": 2474.0, "prov": "Vilna", "dist": "Vilnius" }, "geometry": { "type": "Point", "coordinates": [ 25.53333333, 54.8 ] } },
{ "type": "Feature", "properties": { "line_id": 2475.0, "prov": "Vilna", "dist": "Troki" }, "geometry": { "type": "Point", "coordinates": [ 24.03333333, 54.61666667 ] } },
{ "type": "Feature", "properties": { "line_id": 2476.0, "prov": "Vilna", "dist": "Vilnius" }, "geometry": { "type": "Point", "coordinates": [ 24.65, 54.96666667 ] } },
{ "type": "Feature", "properties": { "line_id": 2477.0, "prov": "Vilna", "dist": "Oshmiany" }, "geometry": { "type": "Point", "coordinates": [ 25.6, 53.85 ] } },
{ "type": "Feature", "properties": { "line_id": 2478.0, "prov": "Vilna", "dist": "Vilnius" }, "geometry": { "type": "Point", "coordinates": [ 25.33333333, 54.45 ] } },
{ "type": "Feature", "properties": { "line_id": 2479.0, "prov": "Vilna", "dist": "Vilnius" }, "geometry": { "type": "Point", "coordinates": [ 24.85, 54.88333333 ] } },
{ "type": "Feature", "properties": { "line_id": 2480.0, "prov": "Vilna", "dist": "Vilnius" }, "geometry": { "type": "Point", "coordinates": [ 25.53333333, 54.48333333 ] } },
{ "type": "Feature", "properties": { "line_id": 2481.0, "prov": "Vilna", "dist": "Troki" }, "geometry": { "type": "Point", "coordinates": [ 25.05, 54.65 ] } },
{ "type": "Feature", "properties": { "line_id": 2482.0, "prov": "Vilna", "dist": "Sventsiany" }, "geometry": { "type": "Point", "coordinates": [ 26.31666667, 55.05 ] } },
{ "type": "Feature", "properties": { "line_id": 2483.0, "prov": "Vilna", "dist": "Troki" }, "geometry": { "type": "Point", "coordinates": [ 24.08333333, 54.56666667 ] } },
{ "type": "Feature", "properties": { "line_id": 2484.0, "prov": "Vilna", "dist": "Sventsiany" }, "geometry": { "type": "Point", "coordinates": [ 26.0, 55.16666667 ] } },
{ "type": "Feature", "properties": { "line_id": 2485.0, "prov": "Vilna", "dist": "Vilnius" }, "geometry": { "type": "Point", "coordinates": [ 25.41666667, 54.7 ] } },
{ "type": "Feature", "properties": { "line_id": 2486.0, "prov": "Vilna", "dist": "Troki" }, "geometry": { "type": "Point", "coordinates": [ 24.1, 54.51666667 ] } },
{ "type": "Feature", "properties": { "line_id": 2487.0, "prov": "Vilna", "dist": "Vilnius" }, "geometry": { "type": "Point", "coordinates": [ 25.08333333, 54.73333333 ] } },
{ "type": "Feature", "properties": { "line_id": 2488.0, "prov": "Vilna", "dist": "Oshmiany" }, "geometry": { "type": "Point", "coordinates": [ 27.86666667, 55.08333333 ] } },
{ "type": "Feature", "properties": { "line_id": 2489.0, "prov": "Vilna", "dist": "Oshmiany" }, "geometry": { "type": "Point", "coordinates": [ 26.08333333, 54.46666667 ] } },
{ "type": "Feature", "properties": { "line_id": 2490.0, "prov": "Volhynia", "dist": "Kremenets" }, "geometry": { "type": "Point", "coordinates": [ 25.61666667, 50.1 ] } },
{ "type": "Feature", "properties": { "line_id": 2491.0, "prov": "Volhynia", "dist": "Kovel" }, "geometry": { "type": "Point", "coordinates": [ 24.76666667, 51.51666667 ] } },
{ "type": "Feature", "properties": { "line_id": 2492.0, "prov": "Volhynia", "dist": "Kovel" }, "geometry": { "type": "Point", "coordinates": [ 24.38333333, 51.11666667 ] } },
{ "type": "Feature", "properties": { "line_id": 2493.0, "prov": "Volhynia", "dist": "Lutsk" }, "geometry": { "type": "Point", "coordinates": [ 25.33333333, 51.38333333 ] } },
{ "type": "Feature", "properties": { "line_id": 2494.0, "prov": "Volhynia", "dist": "Lutsk" }, "geometry": { "type": "Point", "coordinates": [ 26.31666667, 51.28333333 ] } },
{ "type": "Feature", "properties": { "line_id": 2495.0, "prov": "Volhynia", "dist": "Ovruch" }, "geometry": { "type": "Point", "coordinates": [ 29.15, 50.96666667 ] } },
{ "type": "Feature", "properties": { "line_id": 2496.0, "prov": "Volhynia", "dist": "Zhitomir" }, "geometry": { "type": "Point", "coordinates": [ 28.83333333, 50.25 ] } },
{ "type": "Feature", "properties": { "line_id": 2497.0, "prov": "Volhynia", "dist": "Lutsk" }, "geometry": { "type": "Point", "coordinates": [ 25.4, 51.48333333 ] } },
{ "type": "Feature", "properties": { "line_id": 2498.0, "prov": "Volhynia", "dist": "Rovno" }, "geometry": { "type": "Point", "coordinates": [ 26.48333333, 50.3 ] } },
{ "type": "Feature", "properties": { "line_id": 2499.0, "prov": "Volhynia", "dist": "Kremenets" }, "geometry": { "type": "Point", "coordinates": [ 25.5, 49.83333333 ] } },
{ "type": "Feature", "properties": { "line_id": 2500.0, "prov": "Volhynia", "dist": "Starokonstantinov" }, "geometry": { "type": "Point", "coordinates": [ 26.23333333, 49.63333333 ] } },
{ "type": "Feature", "properties": { "line_id": 2501.0, "prov": "Volhynia", "dist": "Kovel" }, "geometry": { "type": "Point", "coordinates": [ 25.13333333, 51.26666667 ] } },
{ "type": "Feature", "properties": { "line_id": 2502.0, "prov": "Volhynia", "dist": "Ovruch" }, "geometry": { "type": "Point", "coordinates": [ 26.3, 50.86666667 ] } },
{ "type": "Feature", "properties": { "line_id": 2503.0, "prov": "Volhynia", "dist": "Ovruch" }, "geometry": { "type": "Point", "coordinates": [ 29.08333333, 51.56666667 ] } },
{ "type": "Feature", "properties": { "line_id": 2504.0, "prov": "Warszawa", "dist": "Gostynin" }, "geometry": { "type": "Point", "coordinates": [ 19.73333333, 52.4 ] } },
{ "type": "Feature", "properties": { "line_id": 2505.0, "prov": "Warszawa", "dist": "Warszawa" }, "geometry": { "type": "Point", "coordinates": [ 21.0, 52.25 ] } },
{ "type": "Feature", "properties": { "line_id": 2506.0, "prov": "Warszawa", "dist": "Plonsk" }, "geometry": { "type": "Point", "coordinates": [ 20.5, 52.66666667 ] } },
{ "type": "Feature", "properties": { "line_id": 2507.0, "prov": "Warszawa", "dist": "Warszawa" }, "geometry": { "type": "Point", "coordinates": [ 21.08333333, 52.26666667 ] } },
{ "type": "Feature", "properties": { "line_id": 2508.0, "prov": "Ekaterinoslav", "dist": "Novomoskovsk" }, "geometry": { "type": "Point", "coordinates": [ 35.2, 48.46666667 ] } },
{ "type": "Feature", "properties": { "line_id": 2509.0, "prov": "Lublin", "dist": "Kholm" }, "geometry": { "type": "Point", "coordinates": [ 23.5, 51.13333333 ] } },
{ "type": "Feature", "properties": { "line_id": 2510.0, "prov": "Warszawa", "dist": "Vlotslavsk" }, "geometry": { "type": "Point", "coordinates": [ 19.03333333, 52.65 ] } },
{ "type": "Feature", "properties": { "line_id": 2511.0, "prov": "Chernigov", "dist": "Mglin" }, "geometry": { "type": "Point", "coordinates": [ 33.46666667, 52.93333333 ] } },
{ "type": "Feature", "properties": { "line_id": 2512.0, "prov": "Kalisz", "dist": "Veliun" }, "geometry": { "type": "Point", "coordinates": [ 18.86666667, 51.11666667 ] } },
{ "type": "Feature", "properties": { "line_id": 2513.0, "prov": "Piotrkow", "dist": "Lodz" }, "geometry": { "type": "Point", "coordinates": [ 19.55, 51.6 ] } },
{ "type": "Feature", "properties": { "line_id": 2514.0, "prov": "Suwalki", "dist": "Kalvariia" }, "geometry": { "type": "Point", "coordinates": [ 23.43333333, 54.3 ] } },
{ "type": "Feature", "properties": { "line_id": 2515.0, "prov": "Kharkov", "dist": "Kharkov" }, "geometry": { "type": "Point", "coordinates": [ 36.18333333, 49.91666667 ] } },
{ "type": "Feature", "properties": { "line_id": 2516.0, "prov": "Volhynia", "dist": "Novograd-Volynskii" }, "geometry": { "type": "Point", "coordinates": [ 27.71666667, 50.41666667 ] } },
{ "type": "Feature", "properties": { "line_id": 2517.0, "prov": "Kalisz", "dist": "Sluptsy" }, "geometry": { "type": "Point", "coordinates": [ 17.9, 52.16666667 ] } },
{ "type": "Feature", "properties": { "line_id": 2518.0, "prov": "Suwalki", "dist": "Vladislavov" }, "geometry": { "type": "Point", "coordinates": [ 23.41666667, 55.08333333 ] } },
{ "type": "Feature", "properties": { "line_id": 2519.0, "prov": "Bessarabia", "dist": "Soroki" }, "geometry": { "type": "Point", "coordinates": [ 28.01666667, 48.11666667 ] } },
{ "type": "Feature", "properties": { "line_id": 2520.0, "prov": "Courland", "dist": "Goldingen" }, "geometry": { "type": "Point", "coordinates": [ 21.98333333, 56.96666667 ] } },
{ "type": "Feature", "properties": { "line_id": 2521.0, "prov": "Courland", "dist": "Grobin" }, "geometry": { "type": "Point", "coordinates": [ 21.01666667, 56.51666667 ] } },
{ "type": "Feature", "properties": { "line_id": 2522.0, "prov": "Courland", "dist": "Mitava" }, "geometry": { "type": "Point", "coordinates": [ 23.7, 56.65 ] } },
{ "type": "Feature", "properties": { "line_id": 2523.0, "prov": "Courland", "dist": "Vindava" }, "geometry": { "type": "Point", "coordinates": [ 21.66666667, 57.21666667 ] } },
{ "type": "Feature", "properties": { "line_id": 2524.0, "prov": "Courland", "dist": "Bausk" }, "geometry": { "type": "Point", "coordinates": [ 24.65, 56.38333333 ] } },
{ "type": "Feature", "properties": { "line_id": 2525.0, "prov": "Estland", "dist": "Vezenberg" }, "geometry": { "type": "Point", "coordinates": [ 26.35, 59.35 ] } },
{ "type": "Feature", "properties": { "line_id": 2526.0, "prov": "Grodno", "dist": "Kobrin" }, "geometry": { "type": "Point", "coordinates": [ 24.78333333, 52.2 ] } },
{ "type": "Feature", "properties": { "line_id": 2527.0, "prov": "Grodno", "dist": "Pruzhany" }, "geometry": { "type": "Point", "coordinates": [ 24.98333333, 52.53333333 ] } },
{ "type": "Feature", "properties": { "line_id": 2528.0, "prov": "Grodno", "dist": "Bielsk" }, "geometry": { "type": "Point", "coordinates": [ 22.85, 52.73333333 ] } },
{ "type": "Feature", "properties": { "line_id": 2529.0, "prov": "Grodno", "dist": "Slonim" }, "geometry": { "type": "Point", "coordinates": [ 25.5, 52.88333333 ] } },
{ "type": "Feature", "properties": { "line_id": 2530.0, "prov": "Grodno", "dist": "Slonim" }, "geometry": { "type": "Point", "coordinates": [ 24.91666667, 53.25 ] } },
{ "type": "Feature", "properties": { "line_id": 2531.0, "prov": "Grodno", "dist": "Kobrin" }, "geometry": { "type": "Point", "coordinates": [ 24.58333333, 51.96666667 ] } },
{ "type": "Feature", "properties": { "line_id": 2532.0, "prov": "Grodno", "dist": "Bielostok" }, "geometry": { "type": "Point", "coordinates": [ 23.03333333, 53.38333333 ] } },
{ "type": "Feature", "properties": { "line_id": 2533.0, "prov": "Grodno", "dist": "Brest-Litovsk" }, "geometry": { "type": "Point", "coordinates": [ 23.81666667, 52.4 ] } },
{ "type": "Feature", "properties": { "line_id": 2534.0, "prov": "Grodno", "dist": "Kobrin" }, "geometry": { "type": "Point", "coordinates": [ 25.23333333, 52.33333333 ] } },
{ "type": "Feature", "properties": { "line_id": 2535.0, "prov": "Grodno", "dist": "Bielsk" }, "geometry": { "type": "Point", "coordinates": [ 23.31666667, 52.58333333 ] } },
{ "type": "Feature", "properties": { "line_id": 2536.0, "prov": "Grodno", "dist": "Sokolki" }, "geometry": { "type": "Point", "coordinates": [ 23.1, 53.45 ] } },
{ "type": "Feature", "properties": { "line_id": 2537.0, "prov": "Grodno", "dist": "Grodno" }, "geometry": { "type": "Point", "coordinates": [ 23.78333333, 53.26666667 ] } },
{ "type": "Feature", "properties": { "line_id": 2538.0, "prov": "Grodno", "dist": "Sokolki" }, "geometry": { "type": "Point", "coordinates": [ 23.65, 53.51666667 ] } },
{ "type": "Feature", "properties": { "line_id": 2539.0, "prov": "Grodno", "dist": "Bielsk" }, "geometry": { "type": "Point", "coordinates": [ 22.88333333, 52.45 ] } },
{ "type": "Feature", "properties": { "line_id": 2540.0, "prov": "Grodno", "dist": "Volkovysk" }, "geometry": { "type": "Point", "coordinates": [ 24.61666667, 52.85 ] } },
{ "type": "Feature", "properties": { "line_id": 2541.0, "prov": "Grodno", "dist": "Brest-Litovsk" }, "geometry": { "type": "Point", "coordinates": [ 24.08333333, 51.78333333 ] } },
{ "type": "Feature", "properties": { "line_id": 2542.0, "prov": "Grodno", "dist": "Brest-Litovsk" }, "geometry": { "type": "Point", "coordinates": [ 23.13333333, 52.51666667 ] } },
{ "type": "Feature", "properties": { "line_id": 2543.0, "prov": "Grodno", "dist": "Sokolki" }, "geometry": { "type": "Point", "coordinates": [ 23.1, 53.58333333 ] } },
{ "type": "Feature", "properties": { "line_id": 2544.0, "prov": "Grodno", "dist": "Bielostok" }, "geometry": { "type": "Point", "coordinates": [ 22.68333333, 53.33333333 ] } },
{ "type": "Feature", "properties": { "line_id": 2545.0, "prov": "Grodno", "dist": "Brest-Litovsk" }, "geometry": { "type": "Point", "coordinates": [ 23.31666667, 52.28333333 ] } },
{ "type": "Feature", "properties": { "line_id": 2546.0, "prov": "Grodno", "dist": "Brest-Litovsk" }, "geometry": { "type": "Point", "coordinates": [ 23.8, 52.4 ] } },
{ "type": "Feature", "properties": { "line_id": 2547.0, "prov": "Kalisz", "dist": "Sieradz" }, "geometry": { "type": "Point", "coordinates": [ 18.83333333, 51.46666667 ] } },
{ "type": "Feature", "properties": { "line_id": 2548.0, "prov": "Kharkov", "dist": "Izium" }, "geometry": { "type": "Point", "coordinates": [ 37.53333333, 48.71666667 ] } },
{ "type": "Feature", "properties": { "line_id": 2549.0, "prov": "Kherson", "dist": "Odessa" }, "geometry": { "type": "Point", "coordinates": [ 30.65, 46.93333333 ] } },
{ "type": "Feature", "properties": { "line_id": 2550.0, "prov": "Kherson", "dist": "Ananev" }, "geometry": { "type": "Point", "coordinates": [ 30.3, 47.63333333 ] } },
{ "type": "Feature", "properties": { "line_id": 2551.0, "prov": "Kielce", "dist": "Pinchov" }, "geometry": { "type": "Point", "coordinates": [ 20.48333333, 50.26666667 ] } },
{ "type": "Feature", "properties": { "line_id": 2552.0, "prov": "Kovno", "dist": "Novoaleksandrovsk" }, "geometry": { "type": "Point", "coordinates": [ 25.85, 55.66666667 ] } },
{ "type": "Feature", "properties": { "line_id": 2553.0, "prov": "Kovno", "dist": "Shavli" }, "geometry": { "type": "Point", "coordinates": [ 23.25, 56.35 ] } },
{ "type": "Feature", "properties": { "line_id": 2554.0, "prov": "Kovno", "dist": "Shavli" }, "geometry": { "type": "Point", "coordinates": [ 22.75, 56.25 ] } },
{ "type": "Feature", "properties": { "line_id": 2555.0, "prov": "Kovno", "dist": "Novoaleksandrovsk" }, "geometry": { "type": "Point", "coordinates": [ 26.83333333, 55.53333333 ] } },
{ "type": "Feature", "properties": { "line_id": 2556.0, "prov": "Kovno", "dist": "Poneviezh" }, "geometry": { "type": "Point", "coordinates": [ 24.25, 55.91666667 ] } },
{ "type": "Feature", "properties": { "line_id": 2557.0, "prov": "Kovno", "dist": "Shavli" }, "geometry": { "type": "Point", "coordinates": [ 23.41666667, 55.58333333 ] } },
{ "type": "Feature", "properties": { "line_id": 2558.0, "prov": "Kovno", "dist": "Kovno" }, "geometry": { "type": "Point", "coordinates": [ 24.21666667, 55.18333333 ] } },
{ "type": "Feature", "properties": { "line_id": 2559.0, "prov": "Lomza", "dist": "Kolno" }, "geometry": { "type": "Point", "coordinates": [ 22.3, 53.28333333 ] } },
{ "type": "Feature", "properties": { "line_id": 2560.0, "prov": "Lublin", "dist": "Ianov" }, "geometry": { "type": "Point", "coordinates": [ 22.61666667, 50.78333333 ] } },
{ "type": "Feature", "properties": { "line_id": 2561.0, "prov": "Lublin", "dist": "Bielgorai" }, "geometry": { "type": "Point", "coordinates": [ 22.35, 50.4 ] } },
{ "type": "Feature", "properties": { "line_id": 2562.0, "prov": "Lublin", "dist": "Lublin" }, "geometry": { "type": "Point", "coordinates": [ 23.0, 51.13333333 ] } },
{ "type": "Feature", "properties": { "line_id": 2563.0, "prov": "Minsk", "dist": "Novogrudok" }, "geometry": { "type": "Point", "coordinates": [ 26.53333333, 53.31666667 ] } },
{ "type": "Feature", "properties": { "line_id": 2564.0, "prov": "Minsk", "dist": "Pinsk" }, "geometry": { "type": "Point", "coordinates": [ 25.51666667, 51.76666667 ] } },
{ "type": "Feature", "properties": { "line_id": 2565.0, "prov": "Minsk", "dist": "Novogrudok" }, "geometry": { "type": "Point", "coordinates": [ 25.9, 53.13333333 ] } },
{ "type": "Feature", "properties": { "line_id": 2566.0, "prov": "Minsk", "dist": "Slutsk" }, "geometry": { "type": "Point", "coordinates": [ 27.65, 52.85 ] } },
{ "type": "Feature", "properties": { "line_id": 2567.0, "prov": "Minsk", "dist": "Borisov" }, "geometry": { "type": "Point", "coordinates": [ 28.08333333, 54.03333333 ] } },
{ "type": "Feature", "properties": { "line_id": 2568.0, "prov": "Minsk", "dist": "Bobruisk" }, "geometry": { "type": "Point", "coordinates": [ 29.41666667, 52.8 ] } },
{ "type": "Feature", "properties": { "line_id": 2569.0, "prov": "Piotrkow", "dist": "Breziny" }, "geometry": { "type": "Point", "coordinates": [ 19.96666667, 51.81666667 ] } },
{ "type": "Feature", "properties": { "line_id": 2570.0, "prov": "Piotrkow", "dist": "Lodz" }, "geometry": { "type": "Point", "coordinates": [ 19.33333333, 51.75 ] } },
{ "type": "Feature", "properties": { "line_id": 2571.0, "prov": "Piotrkow", "dist": "Chenstokhov" }, "geometry": { "type": "Point", "coordinates": [ 18.73333333, 50.96666667 ] } },
{ "type": "Feature", "properties": { "line_id": 2572.0, "prov": "Piotrkow", "dist": "Chenstokhov" }, "geometry": { "type": "Point", "coordinates": [ 19.26666667, 50.75 ] } },
{ "type": "Feature", "properties": { "line_id": 2573.0, "prov": "Piotrkow", "dist": "Petrokov" }, "geometry": { "type": "Point", "coordinates": [ 19.63333333, 51.3 ] } },
{ "type": "Feature", "properties": { "line_id": 2574.0, "prov": "Piotrkow", "dist": "Bendin" }, "geometry": { "type": "Point", "coordinates": [ 19.16666667, 50.3 ] } },
{ "type": "Feature", "properties": { "line_id": 2575.0, "prov": "Plock", "dist": "Prasnysh" }, "geometry": { "type": "Point", "coordinates": [ 20.9, 53.26666667 ] } },
{ "type": "Feature", "properties": { "line_id": 2576.0, "prov": "Plock", "dist": "Mlava" }, "geometry": { "type": "Point", "coordinates": [ 20.28333333, 52.9 ] } },
{ "type": "Feature", "properties": { "line_id": 2577.0, "prov": "Poltava", "dist": "Lokhvitsa" }, "geometry": { "type": "Point", "coordinates": [ 32.95, 50.26666667 ] } },
{ "type": "Feature", "properties": { "line_id": 2578.0, "prov": "Radom", "dist": "Radom" }, "geometry": { "type": "Point", "coordinates": [ 21.11666667, 51.51666667 ] } },
{ "type": "Feature", "properties": { "line_id": 2579.0, "prov": "Radom", "dist": "Radom" }, "geometry": { "type": "Point", "coordinates": [ 21.15, 51.41666667 ] } },
{ "type": "Feature", "properties": { "line_id": 2580.0, "prov": "Radom", "dist": "Opatov" }, "geometry": { "type": "Point", "coordinates": [ 21.51666667, 50.88333333 ] } },
{ "type": "Feature", "properties": { "line_id": 2581.0, "prov": "Radom", "dist": "Ilza" }, "geometry": { "type": "Point", "coordinates": [ 21.01666667, 51.06666667 ] } },
{ "type": "Feature", "properties": { "line_id": 2582.0, "prov": "Suwalki", "dist": "Mariampol" }, "geometry": { "type": "Point", "coordinates": [ 23.66666667, 54.91666667 ] } },
{ "type": "Feature", "properties": { "line_id": 2583.0, "prov": "Vilna", "dist": "Vilnius" }, "geometry": { "type": "Point", "coordinates": [ 24.76666667, 55.08333333 ] } },
{ "type": "Feature", "properties": { "line_id": 2584.0, "prov": "Vilna", "dist": "Vileika" }, "geometry": { "type": "Point", "coordinates": [ 27.45, 54.78333333 ] } },
{ "type": "Feature", "properties": { "line_id": 2585.0, "prov": "Vilna", "dist": "Oshmiany" }, "geometry": { "type": "Point", "coordinates": [ 25.61666667, 54.2 ] } },
{ "type": "Feature", "properties": { "line_id": 2586.0, "prov": "Vilna", "dist": "Disna" }, "geometry": { "type": "Point", "coordinates": [ 27.23333333, 55.45 ] } },
{ "type": "Feature", "properties": { "line_id": 2587.0, "prov": "Vilna", "dist": "Sventsiany" }, "geometry": { "type": "Point", "coordinates": [ 25.95, 55.3 ] } },
{ "type": "Feature", "properties": { "line_id": 2588.0, "prov": "Vilna", "dist": "Troki" }, "geometry": { "type": "Point", "coordinates": [ 24.05, 54.4 ] } },
{ "type": "Feature", "properties": { "line_id": 2589.0, "prov": "Vilna", "dist": "Sventsiany" }, "geometry": { "type": "Point", "coordinates": [ 25.78333333, 55.0 ] } },
{ "type": "Feature", "properties": { "line_id": 2590.0, "prov": "Volhynia", "dist": "Novograd-Volynskii" }, "geometry": { "type": "Point", "coordinates": [ 27.7, 50.03333333 ] } },
{ "type": "Feature", "properties": { "line_id": 2591.0, "prov": "Warszawa", "dist": "Gostynin" }, "geometry": { "type": "Point", "coordinates": [ 19.86666667, 52.26666667 ] } },
{ "type": "Feature", "properties": { "line_id": 2592.0, "prov": "Warszawa", "dist": "Skernevitsy" }, "geometry": { "type": "Point", "coordinates": [ 20.15, 51.96666667 ] } },
{ "type": "Feature", "properties": { "line_id": 2594.0, "prov": "Siedlce", "dist": "Wegrow" }, "geometry": { "type": "Point", "coordinates": [ 21.55, 52.6 ] } },
{ "type": "Feature", "properties": { "line_id": 2595.0, "prov": "Bessarabia", "dist": "Bieltsy" }, "geometry": { "type": "Point", "coordinates": [ 27.86666667, 47.31666667 ] } },
{ "type": "Feature", "properties": { "line_id": 2596.0, "prov": "Bessarabia", "dist": "Soroki" }, "geometry": { "type": "Point", "coordinates": [ 28.43333333, 47.73333333 ] } },
{ "type": "Feature", "properties": { "line_id": 2597.0, "prov": "Bessarabia", "dist": "Soroki" }, "geometry": { "type": "Point", "coordinates": [ 28.83333333, 47.93333333 ] } },
{ "type": "Feature", "properties": { "line_id": 2598.0, "prov": "Bessarabia", "dist": "Soroki" }, "geometry": { "type": "Point", "coordinates": [ 28.01666667, 48.11666667 ] } },
{ "type": "Feature", "properties": { "line_id": 2599.0, "prov": "Bukovina", "dist": "Botoşani" }, "geometry": { "type": "Point", "coordinates": [ 27.2, 47.8 ] } },
{ "type": "Feature", "properties": { "line_id": 2600.0, "prov": "Bukovina", "dist": "Botoşani" }, "geometry": { "type": "Point", "coordinates": [ 26.916667, 47.65 ] } },
{ "type": "Feature", "properties": { "line_id": 2601.0, "prov": "Bukovina", "dist": "Czernowitz" }, "geometry": { "type": "Point", "coordinates": [ 25.93333333, 48.3 ] } },
{ "type": "Feature", "properties": { "line_id": 2602.0, "prov": "Bukovina", "dist": "Dorohoi" }, "geometry": { "type": "Point", "coordinates": [ 26.8, 48.23333333 ] } },
{ "type": "Feature", "properties": { "line_id": 2603.0, "prov": "Bukovina", "dist": "Gurahumora" }, "geometry": { "type": "Point", "coordinates": [ 25.9, 47.55 ] } },
{ "type": "Feature", "properties": { "line_id": 2604.0, "prov": "Bukovina", "dist": "Gurahumora" }, "geometry": { "type": "Point", "coordinates": [ 26.05, 47.6 ] } },
{ "type": "Feature", "properties": { "line_id": 2605.0, "prov": "Bukovina", "dist": "Kimpolung" }, "geometry": { "type": "Point", "coordinates": [ 25.5578898, 47.6504681 ] } },
{ "type": "Feature", "properties": { "line_id": 2606.0, "prov": "Bukovina", "dist": "Kimpolung" }, "geometry": { "type": "Point", "coordinates": [ 25.68333333, 47.56666667 ] } },
{ "type": "Feature", "properties": { "line_id": 2607.0, "prov": "Bukovina", "dist": "Kimpolung" }, "geometry": { "type": "Point", "coordinates": [ 25.76666667, 47.46666667 ] } },
{ "type": "Feature", "properties": { "line_id": 2608.0, "prov": "Bukovina", "dist": "Kimpolung" }, "geometry": { "type": "Point", "coordinates": [ 25.36666667, 47.35 ] } },
{ "type": "Feature", "properties": { "line_id": 2609.0, "prov": "Bukovina", "dist": "Kimpolung" }, "geometry": { "type": "Point", "coordinates": [ 25.56666667, 47.53333333 ] } },
{ "type": "Feature", "properties": { "line_id": 2610.0, "prov": "Bukovina", "dist": "Kimpolung" }, "geometry": { "type": "Point", "coordinates": [ 25.8, 47.53333333 ] } },
{ "type": "Feature", "properties": { "line_id": 2611.0, "prov": "Bukovina", "dist": "Kimpolung" }, "geometry": { "type": "Point", "coordinates": [ 25.81666667, 47.55 ] } },
{ "type": "Feature", "properties": { "line_id": 2612.0, "prov": "Bukovina", "dist": "Kimpolung" }, "geometry": { "type": "Point", "coordinates": [ 25.13333333, 47.58333333 ] } },
{ "type": "Feature", "properties": { "line_id": 2613.0, "prov": "Bukovina", "dist": "Kimpolung" }, "geometry": { "type": "Point", "coordinates": [ 25.33333333, 47.61666667 ] } },
{ "type": "Feature", "properties": { "line_id": 2614.0, "prov": "Bukovina", "dist": "Kimpolung" }, "geometry": { "type": "Point", "coordinates": [ 25.53333333, 47.68333333 ] } },
{ "type": "Feature", "properties": { "line_id": 2615.0, "prov": "Bukovina", "dist": "Kotzman" }, "geometry": { "type": "Point", "coordinates": [ 25.82, 48.59 ] } },
{ "type": "Feature", "properties": { "line_id": 2616.0, "prov": "Bukovina", "dist": "Kotzman" }, "geometry": { "type": "Point", "coordinates": [ 25.76666667, 48.45 ] } },
{ "type": "Feature", "properties": { "line_id": 2617.0, "prov": "Bukovina", "dist": "Kotzman" }, "geometry": { "type": "Point", "coordinates": [ 25.7, 48.48333333 ] } },
{ "type": "Feature", "properties": { "line_id": 2618.0, "prov": "Bukovina", "dist": "Kotzman" }, "geometry": { "type": "Point", "coordinates": [ 25.85, 48.51666667 ] } },
{ "type": "Feature", "properties": { "line_id": 2619.0, "prov": "Bukovina", "dist": "Kotzman" }, "geometry": { "type": "Point", "coordinates": [ 25.86666667, 48.56666667 ] } },
{ "type": "Feature", "properties": { "line_id": 2620.0, "prov": "Bukovina", "dist": "Kotzman" }, "geometry": { "type": "Point", "coordinates": [ 25.88333333, 48.58333333 ] } },
{ "type": "Feature", "properties": { "line_id": 2621.0, "prov": "Bukovina", "dist": "Kotzman" }, "geometry": { "type": "Point", "coordinates": [ 25.83333333, 48.6 ] } },
{ "type": "Feature", "properties": { "line_id": 2622.0, "prov": "Bukovina", "dist": "Unknown" }, "geometry": { "type": "Point", "coordinates": [ 25.1067631, 44.0248759 ] } },
{ "type": "Feature", "properties": { "line_id": 2623.0, "prov": "Bukovina", "dist": "Unknown" }, "geometry": { "type": "Point", "coordinates": [ 26.177354, 44.5267769 ] } },
{ "type": "Feature", "properties": { "line_id": 2624.0, "prov": "Bukovina", "dist": "Unknown" }, "geometry": { "type": "Point", "coordinates": [ 26.3757484, 46.4231612 ] } },
{ "type": "Feature", "properties": { "line_id": 2625.0, "prov": "Bukovina", "dist": "Unknown" }, "geometry": { "type": "Point", "coordinates": [ 26.8066492, 45.1800077 ] } },
{ "type": "Feature", "properties": { "line_id": 2626.0, "prov": "Bukovina", "dist": "Unknown" }, "geometry": { "type": "Point", "coordinates": [ 26.8066492, 45.1800077 ] } },
{ "type": "Feature", "properties": { "line_id": 2627.0, "prov": "Bukovina", "dist": "Unknown" }, "geometry": { "type": "Point", "coordinates": [ 25.66666667, 45.18333333 ] } },
{ "type": "Feature", "properties": { "line_id": 2628.0, "prov": "Bukovina", "dist": "Radautz" }, "geometry": { "type": "Point", "coordinates": [ 25.4218054, 47.881742 ] } },
{ "type": "Feature", "properties": { "line_id": 2629.0, "prov": "Bukovina", "dist": "Radautz" }, "geometry": { "type": "Point", "coordinates": [ 25.91666667, 47.85 ] } },
{ "type": "Feature", "properties": { "line_id": 2630.0, "prov": "Bukovina", "dist": "Radautz" }, "geometry": { "type": "Point", "coordinates": [ 25.21666667, 47.86666667 ] } },
{ "type": "Feature", "properties": { "line_id": 2631.0, "prov": "Bukovina", "dist": "Radautz" }, "geometry": { "type": "Point", "coordinates": [ 25.68333333, 47.93333333 ] } },
{ "type": "Feature", "properties": { "line_id": 2632.0, "prov": "Bukovina", "dist": "Sadagora" }, "geometry": { "type": "Point", "coordinates": [ 26.13333333, 48.28333333 ] } },
{ "type": "Feature", "properties": { "line_id": 2633.0, "prov": "Bukovina", "dist": "Sadagora" }, "geometry": { "type": "Point", "coordinates": [ 25.96666667, 48.35 ] } },
{ "type": "Feature", "properties": { "line_id": 2634.0, "prov": "Bukovina", "dist": "Sereth" }, "geometry": { "type": "Point", "coordinates": [ 26.1772011, 47.8658058 ] } },
{ "type": "Feature", "properties": { "line_id": 2635.0, "prov": "Bukovina", "dist": "Sereth" }, "geometry": { "type": "Point", "coordinates": [ 26.01666667, 47.86666667 ] } },
{ "type": "Feature", "properties": { "line_id": 2636.0, "prov": "Bukovina", "dist": "Sereth" }, "geometry": { "type": "Point", "coordinates": [ 26.06666667, 47.95 ] } },
{ "type": "Feature", "properties": { "line_id": 2637.0, "prov": "Bukovina", "dist": "Storojinet" }, "geometry": { "type": "Point", "coordinates": [ 25.7185, 48.3623684 ] } },
{ "type": "Feature", "properties": { "line_id": 2638.0, "prov": "Bukovina", "dist": "Storojinet" }, "geometry": { "type": "Point", "coordinates": [ 25.7650987, 48.0977769 ] } },
{ "type": "Feature", "properties": { "line_id": 2639.0, "prov": "Bukovina", "dist": "Storojinet" }, "geometry": { "type": "Point", "coordinates": [ 25.58333333, 48.01666667 ] } },
{ "type": "Feature", "properties": { "line_id": 2640.0, "prov": "Bukovina", "dist": "Storojinet" }, "geometry": { "type": "Point", "coordinates": [ 25.61666667, 48.05 ] } },
{ "type": "Feature", "properties": { "line_id": 2641.0, "prov": "Bukovina", "dist": "Storojinet" }, "geometry": { "type": "Point", "coordinates": [ 25.48333333, 48.08333333 ] } },
{ "type": "Feature", "properties": { "line_id": 2642.0, "prov": "Bukovina", "dist": "Storojinet" }, "geometry": { "type": "Point", "coordinates": [ 25.6, 48.1 ] } },
{ "type": "Feature", "properties": { "line_id": 2643.0, "prov": "Bukovina", "dist": "Storojinet" }, "geometry": { "type": "Point", "coordinates": [ 25.71666667, 48.16666667 ] } },
{ "type": "Feature", "properties": { "line_id": 2644.0, "prov": "Bukovina", "dist": "Storojinet" }, "geometry": { "type": "Point", "coordinates": [ 25.51666667, 48.2 ] } },
{ "type": "Feature", "properties": { "line_id": 2645.0, "prov": "Bukovina", "dist": "Storojinet" }, "geometry": { "type": "Point", "coordinates": [ 25.65, 48.26666667 ] } },
{ "type": "Feature", "properties": { "line_id": 2646.0, "prov": "Bukovina", "dist": "Storojinet" }, "geometry": { "type": "Point", "coordinates": [ 25.6, 48.28333333 ] } },
{ "type": "Feature", "properties": { "line_id": 2647.0, "prov": "Bukovina", "dist": "Storojinet" }, "geometry": { "type": "Point", "coordinates": [ 25.7, 48.31666667 ] } },
{ "type": "Feature", "properties": { "line_id": 2648.0, "prov": "Bukovina", "dist": "Storojinet" }, "geometry": { "type": "Point", "coordinates": [ 25.7, 48.33333333 ] } },
{ "type": "Feature", "properties": { "line_id": 2649.0, "prov": "Bukovina", "dist": "Suczawa" }, "geometry": { "type": "Point", "coordinates": [ 26.1095451, 47.7495568 ] } },
{ "type": "Feature", "properties": { "line_id": 2650.0, "prov": "Bukovina", "dist": "Suczawa" }, "geometry": { "type": "Point", "coordinates": [ 26.05, 47.63333333 ] } },
{ "type": "Feature", "properties": { "line_id": 2651.0, "prov": "Bukovina", "dist": "Suczawa" }, "geometry": { "type": "Point", "coordinates": [ 26.25, 47.63333333 ] } },
{ "type": "Feature", "properties": { "line_id": 2652.0, "prov": "Bukovina", "dist": "Suczawa" }, "geometry": { "type": "Point", "coordinates": [ 26.15, 47.73333333 ] } },
{ "type": "Feature", "properties": { "line_id": 2653.0, "prov": "Bukovina", "dist": "Suczawa" }, "geometry": { "type": "Point", "coordinates": [ 26.1095451, 47.7495568 ] } },
{ "type": "Feature", "properties": { "line_id": 2654.0, "prov": "Bukovina", "dist": "Wiznitz" }, "geometry": { "type": "Point", "coordinates": [ 25.03333333, 48.05 ] } },
{ "type": "Feature", "properties": { "line_id": 2655.0, "prov": "Bukovina", "dist": "Wiznitz" }, "geometry": { "type": "Point", "coordinates": [ 25.07, 48.02 ] } },
{ "type": "Feature", "properties": { "line_id": 2656.0, "prov": "Bukovina", "dist": "Wiznitz" }, "geometry": { "type": "Point", "coordinates": [ 25.206976, 48.2705812 ] } },
{ "type": "Feature", "properties": { "line_id": 2657.0, "prov": "Bukovina", "dist": "Wiznitz" }, "geometry": { "type": "Point", "coordinates": [ 25.2318293, 48.2986807 ] } },
{ "type": "Feature", "properties": { "line_id": 2658.0, "prov": "Bukovina", "dist": "Wiznitz" }, "geometry": { "type": "Point", "coordinates": [ 25.33333333, 48.18333333 ] } },
{ "type": "Feature", "properties": { "line_id": 2659.0, "prov": "Bukovina", "dist": "Wiznitz" }, "geometry": { "type": "Point", "coordinates": [ 25.13333333, 47.98333333 ] } },
{ "type": "Feature", "properties": { "line_id": 2660.0, "prov": "Bukovina", "dist": "Wiznitz" }, "geometry": { "type": "Point", "coordinates": [ 25.08333333, 48.0 ] } },
{ "type": "Feature", "properties": { "line_id": 2661.0, "prov": "Bukovina", "dist": "Wiznitz" }, "geometry": { "type": "Point", "coordinates": [ 24.91666667, 48.03333333 ] } },
{ "type": "Feature", "properties": { "line_id": 2662.0, "prov": "Bukovina", "dist": "Wiznitz" }, "geometry": { "type": "Point", "coordinates": [ 25.05, 48.11666667 ] } },
{ "type": "Feature", "properties": { "line_id": 2663.0, "prov": "Bukovina", "dist": "Wiznitz" }, "geometry": { "type": "Point", "coordinates": [ 25.36666667, 48.15 ] } },
{ "type": "Feature", "properties": { "line_id": 2664.0, "prov": "Bukovina", "dist": "Wiznitz" }, "geometry": { "type": "Point", "coordinates": [ 25.08333333, 48.18333333 ] } },
{ "type": "Feature", "properties": { "line_id": 2665.0, "prov": "Bukovina", "dist": "Wiznitz" }, "geometry": { "type": "Point", "coordinates": [ 25.16666667, 48.21666667 ] } },
{ "type": "Feature", "properties": { "line_id": 2666.0, "prov": "Bukovina", "dist": "Wiznitz" }, "geometry": { "type": "Point", "coordinates": [ 25.18333333, 48.25 ] } },
{ "type": "Feature", "properties": { "line_id": 2667.0, "prov": "Bukovina", "dist": "Wiznitz" }, "geometry": { "type": "Point", "coordinates": [ 25.28333333, 48.33333333 ] } },
{ "type": "Feature", "properties": { "line_id": 2668.0, "prov": "Bukovina", "dist": "Wiznitz" }, "geometry": { "type": "Point", "coordinates": [ 25.36666667, 48.36666667 ] } },
{ "type": "Feature", "properties": { "line_id": 2669.0, "prov": "Prussia", "dist": "Pommern" }, "geometry": { "type": "Point", "coordinates": [ 14.7281646, 53.1420129 ] } },
{ "type": "Feature", "properties": { "line_id": 2670.0, "prov": "Prussia", "dist": "Pommern" }, "geometry": { "type": "Point", "coordinates": [ 15.05, 53.33333333 ] } },
{ "type": "Feature", "properties": { "line_id": 2671.0, "prov": "Prussia", "dist": "Pommern" }, "geometry": { "type": "Point", "coordinates": [ 15.4566622, 53.4434747 ] } },
{ "type": "Feature", "properties": { "line_id": 2672.0, "prov": "Prussia", "dist": "Pommern" }, "geometry": { "type": "Point", "coordinates": [ 14.9792828, 53.4948253 ] } },
{ "type": "Feature", "properties": { "line_id": 2673.0, "prov": "Prussia", "dist": "Pommern" }, "geometry": { "type": "Point", "coordinates": [ 13.8424847, 53.5121635 ] } },
{ "type": "Feature", "properties": { "line_id": 2674.0, "prov": "Prussia", "dist": "Pommern" }, "geometry": { "type": "Point", "coordinates": [ 15.5333382, 53.6360596 ] } },
{ "type": "Feature", "properties": { "line_id": 2675.0, "prov": "Prussia", "dist": "Pommern" }, "geometry": { "type": "Point", "coordinates": [ 14.9538566, 53.6720316 ] } },
{ "type": "Feature", "properties": { "line_id": 2676.0, "prov": "Prussia", "dist": "Pommern" }, "geometry": { "type": "Point", "coordinates": [ 15.3240689, 53.7691446 ] } },
{ "type": "Feature", "properties": { "line_id": 2677.0, "prov": "Prussia", "dist": "Pommern" }, "geometry": { "type": "Point", "coordinates": [ 14.5979929, 53.8318011 ] } },
{ "type": "Feature", "properties": { "line_id": 2678.0, "prov": "Prussia", "dist": "Pommern" }, "geometry": { "type": "Point", "coordinates": [ 15.2, 53.9 ] } },
{ "type": "Feature", "properties": { "line_id": 2679.0, "prov": "Prussia", "dist": "Pommern" }, "geometry": { "type": "Point", "coordinates": [ 16.9714226, 54.0042676 ] } },
{ "type": "Feature", "properties": { "line_id": 2680.0, "prov": "Prussia", "dist": "Pommern" }, "geometry": { "type": "Point", "coordinates": [ 15.1177916, 54.0558045 ] } },
{ "type": "Feature", "properties": { "line_id": 2681.0, "prov": "Prussia", "dist": "Pommern" }, "geometry": { "type": "Point", "coordinates": [ 13.38333333, 54.1 ] } },
{ "type": "Feature", "properties": { "line_id": 2682.0, "prov": "Prussia", "dist": "Pommern" }, "geometry": { "type": "Point", "coordinates": [ 12.7564533, 54.2961833 ] } },
{ "type": "Feature", "properties": { "line_id": 2683.0, "prov": "Prussia", "dist": "Pommern" }, "geometry": { "type": "Point", "coordinates": [ 16.4974265, 54.3612739 ] } },
{ "type": "Feature", "properties": { "line_id": 2684.0, "prov": "Prussia", "dist": "Pommern" }, "geometry": { "type": "Point", "coordinates": [ 16.2455509, 54.4286121 ] } },
{ "type": "Feature", "properties": { "line_id": 2685.0, "prov": "Prussia", "dist": "Pommern" }, "geometry": { "type": "Point", "coordinates": [ 99.0, 99.0 ] } },
{ "type": "Feature", "properties": { "line_id": 2686.0, "prov": "Prussia", "dist": "Schlesien" }, "geometry": { "type": "Point", "coordinates": [ 15.2396629, 51.1146838 ] } },
{ "type": "Feature", "properties": { "line_id": 2687.0, "prov": "Prussia", "dist": "Schlesien" }, "geometry": { "type": "Point", "coordinates": [ 15.2744544, 51.6149771 ] } },
{ "type": "Feature", "properties": { "line_id": 2688.0, "prov": "Prussia", "dist": "Schlesien" }, "geometry": { "type": "Point", "coordinates": [ 15.4807984, 51.5608938 ] } },
{ "type": "Feature", "properties": { "line_id": 2689.0, "prov": "Prussia", "dist": "Schlesien" }, "geometry": { "type": "Point", "coordinates": [ 16.3030529, 50.9599429 ] } },
{ "type": "Feature", "properties": { "line_id": 2690.0, "prov": "Prussia", "dist": "Schlesien" }, "geometry": { "type": "Point", "coordinates": [ 16.4513232, 50.8406098 ] } },
{ "type": "Feature", "properties": { "line_id": 2691.0, "prov": "Prussia", "dist": "Schlesien" }, "geometry": { "type": "Point", "coordinates": [ 16.88333333, 50.35 ] } },
{ "type": "Feature", "properties": { "line_id": 2692.0, "prov": "Prussia", "dist": "Schlesien" }, "geometry": { "type": "Point", "coordinates": [ 17.0179689, 51.3115498 ] } },
{ "type": "Feature", "properties": { "line_id": 2693.0, "prov": "Prussia", "dist": "Schlesien" }, "geometry": { "type": "Point", "coordinates": [ 17.0355986, 50.7847065 ] } },
{ "type": "Feature", "properties": { "line_id": 2694.0, "prov": "Prussia", "dist": "Schlesien" }, "geometry": { "type": "Point", "coordinates": [ 17.2287435, 51.5215691 ] } },
{ "type": "Feature", "properties": { "line_id": 2695.0, "prov": "Prussia", "dist": "Schlesien" }, "geometry": { "type": "Point", "coordinates": [ 17.2530023, 50.9574444 ] } },
{ "type": "Feature", "properties": { "line_id": 2696.0, "prov": "Prussia", "dist": "Schlesien" }, "geometry": { "type": "Point", "coordinates": [ 17.581937, 49.9204714 ] } },
{ "type": "Feature", "properties": { "line_id": 2697.0, "prov": "Prussia", "dist": "Schlesien" }, "geometry": { "type": "Point", "coordinates": [ 17.7898494, 50.2042581 ] } },
{ "type": "Feature", "properties": { "line_id": 2698.0, "prov": "Prussia", "dist": "Schlesien" }, "geometry": { "type": "Point", "coordinates": [ 17.9150598, 49.7780895 ] } },
{ "type": "Feature", "properties": { "line_id": 2699.0, "prov": "Prussia", "dist": "Schlesien" }, "geometry": { "type": "Point", "coordinates": [ 17.9714637, 50.0808259 ] } },
{ "type": "Feature", "properties": { "line_id": 2700.0, "prov": "Prussia", "dist": "Schlesien" }, "geometry": { "type": "Point", "coordinates": [ 18.0361261, 51.0236216 ] } },
{ "type": "Feature", "properties": { "line_id": 2701.0, "prov": "Prussia", "dist": "Schlesien" }, "geometry": { "type": "Point", "coordinates": [ 18.0908127, 50.34759 ] } },
{ "type": "Feature", "properties": { "line_id": 2702.0, "prov": "Prussia", "dist": "Schlesien" }, "geometry": { "type": "Point", "coordinates": [ 18.1941918, 51.1124235 ] } },
{ "type": "Feature", "properties": { "line_id": 2703.0, "prov": "Prussia", "dist": "Schlesien" }, "geometry": { "type": "Point", "coordinates": [ 18.2717082, 49.9099961 ] } },
{ "type": "Feature", "properties": { "line_id": 2704.0, "prov": "Prussia", "dist": "Schlesien" }, "geometry": { "type": "Point", "coordinates": [ 18.384935, 49.8498246 ] } },
{ "type": "Feature", "properties": { "line_id": 2705.0, "prov": "Prussia", "dist": "Schlesien" }, "geometry": { "type": "Point", "coordinates": [ 18.4454523, 49.8368546 ] } },
{ "type": "Feature", "properties": { "line_id": 2706.0, "prov": "Prussia", "dist": "Schlesien" }, "geometry": { "type": "Point", "coordinates": [ 18.5390193, 49.7357857 ] } },
{ "type": "Feature", "properties": { "line_id": 2707.0, "prov": "Prussia", "dist": "Schlesien" }, "geometry": { "type": "Point", "coordinates": [ 18.5597561, 50.3916289 ] } },
{ "type": "Feature", "properties": { "line_id": 2708.0, "prov": "Prussia", "dist": "Schlesien" }, "geometry": { "type": "Point", "coordinates": [ 18.5626456, 49.6472616 ] } },
{ "type": "Feature", "properties": { "line_id": 2709.0, "prov": "Prussia", "dist": "Schlesien" }, "geometry": { "type": "Point", "coordinates": [ 18.591147, 50.5123126 ] } },
{ "type": "Feature", "properties": { "line_id": 2710.0, "prov": "Prussia", "dist": "Schlesien" }, "geometry": { "type": "Point", "coordinates": [ 18.7489289, 49.7185777 ] } },
{ "type": "Feature", "properties": { "line_id": 2711.0, "prov": "Prussia", "dist": "Schlesien" }, "geometry": { "type": "Point", "coordinates": [ 18.7918515, 50.2700335 ] } },
{ "type": "Feature", "properties": { "line_id": 2712.0, "prov": "Prussia", "dist": "Schlesien" }, "geometry": { "type": "Point", "coordinates": [ 18.86666667, 50.33333333 ] } },
{ "type": "Feature", "properties": { "line_id": 2713.0, "prov": "Prussia", "dist": "Schlesien" }, "geometry": { "type": "Point", "coordinates": [ 19.01666667, 49.91666667 ] } },
{ "type": "Feature", "properties": { "line_id": 2714.0, "prov": "Prussia", "dist": "Schlesien" }, "geometry": { "type": "Point", "coordinates": [ 19.01666667, 49.91666667 ] } },
{ "type": "Feature", "properties": { "line_id": 2715.0, "prov": "Prussia", "dist": "Schlesien" }, "geometry": { "type": "Point", "coordinates": [ 18.6, 49.76666667 ] } },
{ "type": "Feature", "properties": { "line_id": 2716.0, "prov": "Prussia", "dist": "Schlesien" }, "geometry": { "type": "Point", "coordinates": [ 18.8, 49.8 ] } },
{ "type": "Feature", "properties": { "line_id": 2717.0, "prov": "Prussia", "dist": "Schlesien" }, "geometry": { "type": "Point", "coordinates": [ 18.95, 49.96666667 ] } },
{ "type": "Feature", "properties": { "line_id": 2718.0, "prov": "Prussia", "dist": "Schlesien" }, "geometry": { "type": "Point", "coordinates": [ 18.2, 50.08333333 ] } },
{ "type": "Feature", "properties": { "line_id": 2719.0, "prov": "Prussia", "dist": "Schlesien" }, "geometry": { "type": "Point", "coordinates": [ 18.53333333, 50.11666667 ] } },
{ "type": "Feature", "properties": { "line_id": 2720.0, "prov": "Prussia", "dist": "Schlesien" }, "geometry": { "type": "Point", "coordinates": [ 19.15, 50.23333333 ] } },
{ "type": "Feature", "properties": { "line_id": 2721.0, "prov": "Prussia", "dist": "Schlesien" }, "geometry": { "type": "Point", "coordinates": [ 19.01666667, 50.26666667 ] } },
{ "type": "Feature", "properties": { "line_id": 2722.0, "prov": "Prussia", "dist": "Schlesien" }, "geometry": { "type": "Point", "coordinates": [ 18.66666667, 50.28333333 ] } },
{ "type": "Feature", "properties": { "line_id": 2723.0, "prov": "Prussia", "dist": "Schlesien" }, "geometry": { "type": "Point", "coordinates": [ 18.91666667, 50.28333333 ] } },
{ "type": "Feature", "properties": { "line_id": 2724.0, "prov": "Prussia", "dist": "Schlesien" }, "geometry": { "type": "Point", "coordinates": [ 18.96666667, 50.3 ] } },
{ "type": "Feature", "properties": { "line_id": 2725.0, "prov": "Prussia", "dist": "Schlesien" }, "geometry": { "type": "Point", "coordinates": [ 19.03333333, 50.3 ] } },
{ "type": "Feature", "properties": { "line_id": 2726.0, "prov": "Prussia", "dist": "Schlesien" }, "geometry": { "type": "Point", "coordinates": [ 18.78333333, 50.31666667 ] } },
{ "type": "Feature", "properties": { "line_id": 2727.0, "prov": "Prussia", "dist": "Schlesien" }, "geometry": { "type": "Point", "coordinates": [ 17.58333333, 50.31666667 ] } },
{ "type": "Feature", "properties": { "line_id": 2728.0, "prov": "Prussia", "dist": "Schlesien" }, "geometry": { "type": "Point", "coordinates": [ 17.86666667, 50.36666667 ] } },
{ "type": "Feature", "properties": { "line_id": 2729.0, "prov": "Prussia", "dist": "Schlesien" }, "geometry": { "type": "Point", "coordinates": [ 17.65, 50.38333333 ] } },
{ "type": "Feature", "properties": { "line_id": 2730.0, "prov": "Prussia", "dist": "Schlesien" }, "geometry": { "type": "Point", "coordinates": [ 16.65, 50.43333333 ] } },
{ "type": "Feature", "properties": { "line_id": 2731.0, "prov": "Prussia", "dist": "Schlesien" }, "geometry": { "type": "Point", "coordinates": [ 18.86666667, 50.45 ] } },
{ "type": "Feature", "properties": { "line_id": 2732.0, "prov": "Prussia", "dist": "Schlesien" }, "geometry": { "type": "Point", "coordinates": [ 17.33333333, 50.46666667 ] } },
{ "type": "Feature", "properties": { "line_id": 2733.0, "prov": "Prussia", "dist": "Schlesien" }, "geometry": { "type": "Point", "coordinates": [ 18.3, 50.51666667 ] } },
{ "type": "Feature", "properties": { "line_id": 2734.0, "prov": "Prussia", "dist": "Schlesien" }, "geometry": { "type": "Point", "coordinates": [ 16.8, 50.58333333 ] } },
{ "type": "Feature", "properties": { "line_id": 2735.0, "prov": "Prussia", "dist": "Schlesien" }, "geometry": { "type": "Point", "coordinates": [ 18.68333333, 50.66666667 ] } },
{ "type": "Feature", "properties": { "line_id": 2736.0, "prov": "Prussia", "dist": "Schlesien" }, "geometry": { "type": "Point", "coordinates": [ 17.95, 50.66666667 ] } },
{ "type": "Feature", "properties": { "line_id": 2737.0, "prov": "Prussia", "dist": "Schlesien" }, "geometry": { "type": "Point", "coordinates": [ 17.38333333, 50.7 ] } },
{ "type": "Feature", "properties": { "line_id": 2738.0, "prov": "Prussia", "dist": "Schlesien" }, "geometry": { "type": "Point", "coordinates": [ 16.65, 50.71666667 ] } },
{ "type": "Feature", "properties": { "line_id": 2739.0, "prov": "Prussia", "dist": "Schlesien" }, "geometry": { "type": "Point", "coordinates": [ 18.45, 50.73333333 ] } },
{ "type": "Feature", "properties": { "line_id": 2740.0, "prov": "Prussia", "dist": "Schlesien" }, "geometry": { "type": "Point", "coordinates": [ 17.61666667, 50.75 ] } },
{ "type": "Feature", "properties": { "line_id": 2741.0, "prov": "Prussia", "dist": "Schlesien" }, "geometry": { "type": "Point", "coordinates": [ 16.28333333, 50.76666667 ] } },
{ "type": "Feature", "properties": { "line_id": 2742.0, "prov": "Prussia", "dist": "Schlesien" }, "geometry": { "type": "Point", "coordinates": [ 16.03333333, 50.78333333 ] } },
{ "type": "Feature", "properties": { "line_id": 2743.0, "prov": "Prussia", "dist": "Schlesien" }, "geometry": { "type": "Point", "coordinates": [ 17.46666667, 50.85 ] } },
{ "type": "Feature", "properties": { "line_id": 2744.0, "prov": "Prussia", "dist": "Schlesien" }, "geometry": { "type": "Point", "coordinates": [ 18.43333333, 50.88333333 ] } },
{ "type": "Feature", "properties": { "line_id": 2745.0, "prov": "Prussia", "dist": "Schlesien" }, "geometry": { "type": "Point", "coordinates": [ 15.73333333, 50.9 ] } },
{ "type": "Feature", "properties": { "line_id": 2746.0, "prov": "Prussia", "dist": "Schlesien" }, "geometry": { "type": "Point", "coordinates": [ 17.83333333, 50.91666667 ] } },
{ "type": "Feature", "properties": { "line_id": 2747.0, "prov": "Prussia", "dist": "Schlesien" }, "geometry": { "type": "Point", "coordinates": [ 18.21666667, 50.98333333 ] } },
{ "type": "Feature", "properties": { "line_id": 2748.0, "prov": "Prussia", "dist": "Schlesien" }, "geometry": { "type": "Point", "coordinates": [ 16.18333333, 51.05 ] } },
{ "type": "Feature", "properties": { "line_id": 2749.0, "prov": "Prussia", "dist": "Schlesien" }, "geometry": { "type": "Point", "coordinates": [ 17.71666667, 51.08333333 ] } },
{ "type": "Feature", "properties": { "line_id": 2750.0, "prov": "Prussia", "dist": "Schlesien" }, "geometry": { "type": "Point", "coordinates": [ 17.03333333, 51.1 ] } },
{ "type": "Feature", "properties": { "line_id": 2751.0, "prov": "Prussia", "dist": "Schlesien" }, "geometry": { "type": "Point", "coordinates": [ 17.53333333, 51.11666667 ] } },
{ "type": "Feature", "properties": { "line_id": 2752.0, "prov": "Prussia", "dist": "Schlesien" }, "geometry": { "type": "Point", "coordinates": [ 15.58333333, 51.11666667 ] } },
{ "type": "Feature", "properties": { "line_id": 2753.0, "prov": "Prussia", "dist": "Schlesien" }, "geometry": { "type": "Point", "coordinates": [ 15.0, 51.16666667 ] } },
{ "type": "Feature", "properties": { "line_id": 2754.0, "prov": "Prussia", "dist": "Schlesien" }, "geometry": { "type": "Point", "coordinates": [ 16.6, 51.16666667 ] } },
{ "type": "Feature", "properties": { "line_id": 2755.0, "prov": "Prussia", "dist": "Schlesien" }, "geometry": { "type": "Point", "coordinates": [ 16.2, 51.2 ] } },
{ "type": "Feature", "properties": { "line_id": 2756.0, "prov": "Prussia", "dist": "Schlesien" }, "geometry": { "type": "Point", "coordinates": [ 17.38333333, 51.2 ] } },
{ "type": "Feature", "properties": { "line_id": 2757.0, "prov": "Prussia", "dist": "Schlesien" }, "geometry": { "type": "Point", "coordinates": [ 15.56666667, 51.26666667 ] } },
{ "type": "Feature", "properties": { "line_id": 2758.0, "prov": "Prussia", "dist": "Schlesien" }, "geometry": { "type": "Point", "coordinates": [ 15.93333333, 51.26666667 ] } },
{ "type": "Feature", "properties": { "line_id": 2759.0, "prov": "Prussia", "dist": "Schlesien" }, "geometry": { "type": "Point", "coordinates": [ 17.71666667, 51.3 ] } },
{ "type": "Feature", "properties": { "line_id": 2760.0, "prov": "Prussia", "dist": "Schlesien" }, "geometry": { "type": "Point", "coordinates": [ 17.46666667, 51.36666667 ] } },
{ "type": "Feature", "properties": { "line_id": 2761.0, "prov": "Prussia", "dist": "Schlesien" }, "geometry": { "type": "Point", "coordinates": [ 16.41666667, 51.41666667 ] } },
{ "type": "Feature", "properties": { "line_id": 2762.0, "prov": "Prussia", "dist": "Schlesien" }, "geometry": { "type": "Point", "coordinates": [ 16.91666667, 51.46666667 ] } },
{ "type": "Feature", "properties": { "line_id": 2763.0, "prov": "Prussia", "dist": "Schlesien" }, "geometry": { "type": "Point", "coordinates": [ 16.63333333, 51.46666667 ] } },
{ "type": "Feature", "properties": { "line_id": 2764.0, "prov": "Prussia", "dist": "Schlesien" }, "geometry": { "type": "Point", "coordinates": [ 16.1, 51.66666667 ] } },
{ "type": "Feature", "properties": { "line_id": 2765.0, "prov": "Prussia", "dist": "Schlesien" }, "geometry": { "type": "Point", "coordinates": [ 16.53333333, 51.66666667 ] } },
{ "type": "Feature", "properties": { "line_id": 2766.0, "prov": "Prussia", "dist": "Schlesien" }, "geometry": { "type": "Point", "coordinates": [ 15.71666667, 51.8 ] } },
{ "type": "Feature", "properties": { "line_id": 2767.0, "prov": "Prussia", "dist": "Schlesien" }, "geometry": { "type": "Point", "coordinates": [ 15.5, 51.93333333 ] } },
{ "type": "Feature", "properties": { "line_id": 2768.0, "prov": "Prussia", "dist": "Westpreußen" }, "geometry": { "type": "Point", "coordinates": [ 18.61666667, 53.18333333 ] } },
{ "type": "Feature", "properties": { "line_id": 2769.0, "prov": "Prussia", "dist": "Westpreußen" }, "geometry": { "type": "Point", "coordinates": [ 18.55, 53.96666667 ] } },
{ "type": "Feature", "properties": { "line_id": 2770.0, "prov": "Prussia", "dist": "Sachsen" }, "geometry": { "type": "Point", "coordinates": [ 18.9740752, 50.6316035 ] } }
]
}
