id,name,region,country,modern_country,presence_type,year_code,source,alternative_names,events,notes
0,AACH,Rhineland,Germany,,jews_arrived,1589,Jews arrived in 1589,[],[],
1,AACHEN,Rhineland,Germany,,jews_present,800,were present during the reign of Charlemagne ... Jew Edict of 800,[],[],
2,AALTEN,Gelderland,Holland,,jews_present,16EX,J. presence ... began in the 1620s,[],[],
3,ABA,Fejer,Hungary,,first_mention,1778,Jews are mentioned in 1778 sources,[],[],
4,ABADSZALOK,Jasz-Nagykun-Szolnok,Hungary,,jews_arrived,18EX,Jews settled in the first half of the 19th cent.,[],"[{'event': 'White Terror pogrom', 'year': '1919', 'impact': 'pogrom', 'source': 'In 1919, White Terror members mounted a pogrom here'}]",
5,ABAUJSZANTO,Abauj,Hungary,,jews_present,17EX,Jews were present in the first half of the 18th cent.,[],[],
6,ABONY,Pest-Pilis-Solt-Kiskun,Hungary,,first_mention,1756,Jews are first mentioned in 1756,[],[],
7,ABRAMOWO,Polesie,Poland,Belarus,POP,1921,numbering 97 in 1921,[],[],
8,ABRENE,Latgale,Latvia,,POP,1935,The J. pop. in 1935 was 61,"[{'lang': 'lav', 'name': 'Jaunlatgale'}]",[],
9,ABTERODE,Hesse,Germany,,jews_present,16MX,Jews lived there from the mid-17th cent.,[],[],
10,ACAS,N. Transylvania,Rumania,,jews_arrived,17LX,Jews first settled in the late 18th cent.,"[{'lang': 'hun', 'name': 'Akos'}]",[],
11,ACHIM,Hanover,Germany,,community_present,1844,Affiliated with Stade's rabbinate (1844),[],[],
12,ACS,Komarom,Hungary,,jews_arrived,17MX,Jews settled in the mid-18th cent.,[],[],
13,ADA,Vojvodina,Yugoslavia,,community_founded,1790,The J. community was established in 1790,[],[],
14,ADAMOW,Lublin,Poland,,jews_arrived,18XX,J. settlement commenced in the 19th cent.,[],[],
15,ADELEBSEN,Hanover,Germany,,jews_arrived,16LX,Jews arrived in the late 17th cent.,[],[],
16,ADELSBERG,Lower Franconia,Germany,,jews_present,18EX,Jews were present from at least the early 19th cent.,"[{'lang': 'yid', 'name': 'Alts Berg'}]",[],
17,ADELSDORF,Upper Franconia,Germany,,first_mention,1669,The community is first mentioned in 1669,[],"[{'event': 'peasant riots', 'year': '1669', 'impact': 'community victim of riots', 'source': 'first mentioned in 1669 as a victim of peasant riots'}]",
18,ADELSHEIM,Baden,Germany,,first_mention,1338,A few protected J. families are known from 1338,[],[],
19,ADJUD,Moldavia,Rumania,,jews_arrived,17LX,Jews first settled in the late 18th cent.,[],"[{'event': 'insurgents ransacked city', 'year': '1821', 'impact': 'Jews suffered', 'source': 'suffered when the city was ransacked by insurgents in 1821'}]",
20,ADONY,Fejer,Hungary,,jews_arrived,18EX,Jews settled in the first half of the 19th cent.,[],"[{'event': 'Neologist congregation founded', 'year': '1868', 'impact': '', 'source': 'founded a Neologist (Reform) congregation in 1868'}]",
21,ADORF,Hesse,Germany,,community_founded,1840,the Jews established a community around 1840,[],[],
22,AFFALTRACH,Wuerttemberg,Germany,,jews_arrived,1660,Jews first settled in 1660,[],[],
23,AGRINION,Karilli,Greece,,jews_present,18EX,There were 200 J. families prior to the Greek revolt (1821),"[{'lang': 'gre', 'name': 'Agrinio'}, {'lang': 'gre', 'name': 'Vrachori'}, {'lang': 'gre', 'name': 'Vrakhori'}]","[{'event': 'Greek revolt violence', 'year': '1821', 'impact': 'all massacred (~200 families)', 'source': 'prior to the Greek revolt (1821), when all were massacred'}]",
24,AHAUS,Westphalia,Germany,,first_mention,1667,Jews under letters of protection are first mentioned in 1667,[],[],
25,AHLEN,Westphalia,Germany,,jews_arrived,15MX,Jews were permitted to settle in the mid-16th cent.,[],[],
26,AHRENSBURG,Schleswig-Holstein,Germany,,jews_present,17LX,evidence of the presence of Jews from the last third of the 18th cent.,[],"[{'event': 'synagogue and cemetery established', 'year': '1822', 'impact': '', 'source': 'established a synagogue and a cemetery'}]",
27,AHRWEILER,Rhineland,Germany,,jews_present,12XX,Jews were already present in the 13th cent.,[],[],
28,AIDHAUSEN,Lower Franconia,Germany,,jews_present,1867,The J. community numbered 82 in 1867,[],[],
29,AIUD,S. Transylvania,Rumania,,community_founded,1880,An Orthodox J. community was established in 1880,"[{'lang': 'hun', 'name': 'Nagyenyed'}]","[{'event': 'reorganized; joined Neologist association', 'year': '1912', 'impact': '', 'source': 'in 1912 it reorganized and joined the Neologist association'}]",
30,AIX-EN-PROVENCE,Bouches-du-Rhone,France,,first_mention,1283,The first reference to Jews dates from about 1283,"[{'lang': 'fra', 'name': 'Aix'}]",[],
31,AIZPUTE,Courland,Latvia,,jews_arrived,16XX,Jews arrived in the 16th cent.,"[{'lang': 'yid', 'name': 'Hosenpoth'}]",[],
32,AJAK,Szabolcs,Hungary,,jews_arrived,17LX,Jews settled in the late 18th cent.,[],[],
33,AJDABIYA,Cyrenaica,Libya,,first_mention,7XX,First settling in A. in the eighth cent.,[],"[{'event': 'community left', 'year': '11XX', 'impact': 'Jews left the city', 'source': ""the Jews left in the 11th cent. with the city's decline""}]",
34,AKHTYRKA,Sumy,Ukraine,,POP,1897,"The J. pop. was 168 (total 23,399) in 1897",[],[],
35,AKMENE,Mazeikiai,Lithuania,,jews_arrived,17MX,J. settlement began in the mid-18th cent.,"[{'lang': 'yid', 'name': 'Akmian'}]",[],
36,AKNISTE,Zemgale,Latvia,,community_founded,18MX,The J. settlement was founded in the mid-19th cent.,[],[],
37,ALBA-IULIA,S. Transylvania,Rumania,,community_founded,15MX,community in Transylvania was founded in the mid-16th cent.,"[{'lang': 'hun', 'name': 'Gyulafehervar'}, {'lang': 'ger', 'name': 'Karlsburg'}]",[],
38,ALBANIA,,Albania,,jews_present,12XX,Jews lived in the port town of Durres ... from the 13th cent.,[],[],
39,ALBERSWEILER,Palatinate,Germany,,first_mention,1529,Jews are first mentioned in 1529,[],[],
40,ALBERT-IRSA,Pest-Pilis-Solt-Kiskun,Hungary,,jews_arrived,1746,Jews settled in 1746,[],[],
41,ALBERTFALVA,Pest,Hungary,,jews_arrived,18LX,Jews settled in the late 19th cent.,[],[],
42,ALEKSANDRIA,Volhynia,Poland,Ukraine,first_mention,16MX,A few Jews remained after the destruction ... in the Chmielnicki disturbances of 1648-49,[],"[{'event': 'Chmielnicki disturbances', 'year': '1648–1649', 'impact': 'community destroyed; a few Jews remained', 'source': 'destruction of A. in the Chmielnicki disturbances of 1648-49'}]",
43,ALEKSANDROBOLIS,Rokiskis,Lithuania,,jews_present,1918,Ten J. families lived here in 1918,"[{'lang': 'yid', 'name': 'Alaksandrabal'}]",[],
44,ALEKSANDROW,Lodz,Poland,,jews_arrived,1818,Jews were among the first settlers in 1818,[],[],
45,ALEKSANDROW-KUJAWSKI,Warsaw,Poland,,jews_arrived,18LX,Jews settled in the late 19th cent.,[],[],
46,ALEKSIN,Tula,Russia,,jews_arrived,19EX,J. settlement probably commenced in the early 20th cent.,[],[],
47,ALESSANDRIA,Piedmont,Italy,,jews_arrived,1490,"dates from 1490, with the coming of Abraham Vitale de Sacerdoti",[],[],
48,ALEXANDRENI,Bessarabia,Rumania,Republic of Moldova,jews_arrived,18MX,Jews first settled in mid-19th cent.,[],[],
49,ALEXANDRIA,Kirovograd,Ukraine,,jews_arrived,17LX,Jews apparently settled in the late 18th cent.,[],[],
50,ALEXANDROPOULIS,Evrou,Greece,,community_present,19EX,There was a small J. community in the early 20th cent.,[],[],
51,ALEXANDROVKA,Kirovograd,Ukraine,,jews_arrived,17LX,Jews apparently arrived in the late 18th cent.,[],"[{'event': 'Pogrom (Denikin’s forces)', 'year': '1919-12', 'impact': '', 'source': ""In a Dec. 1919 pogrom, Anton Denikin's""}]",
52,ALKMAAR,Noord-Holland,Holland,,community_founded,1604,A shortlived Sephardi community was established in 1604,[],[],
53,ALLENDORF,Hesse-Nassau,Germany,,jews_present,16XX,Jews lived there in the 17th cent.,[],[],
54,ALLENDORF AN DER LUMDA,Hesse,Germany,,community_founded,1838,"Established around 1838, the community",[],[],
55,ALLENSTEIN,East Prussia,Germany,Poland,first_mention,1819,First evidence of a J. presence dates from 1819,"[{'lang': 'pol', 'name': 'Olsztyn'}]",[],
56,ALLERSHEIM,Lower Franconia,Germany,,jews_present,16MX,Jews are known from the mid-17th cent.,[],[],
57,ALMAZNAYA,Voroshilovgrad,Ukraine,,POP,,The J. pop. in 1939 was 165,[],[],
58,ALMELO,Overijssel,Holland,,jews_present,16MX,The J. presence dates back to the mid-17th cent.,[],[],
59,ALMOSD,Bihar,Hungary,,community_founded,17XX,The J. community was founded in the 18th cent.,[],[],
60,ALOVE,Alytus,Lithuania,,POP,,"In 1923, A. had 78 Jews.","[{'lang': 'yid', 'name': 'Alave'}]",[],
61,ALPEN,Rhineland,Germany,,jews_arrived,1714,Jews began settling under letters of protection in 1714,[],[],
62,ALPHEN AAN DE RIJN,Zuid-Holland,Holland,,jews_arrived,17XX,Jews settled there in the 18th cent.,[],[],
63,ALSBACH,Hesse,Germany,,jews_present,14XX,Some Jews lived there from the 15th cent.,[],[],
64,ALSEDZIAI,Telsiai,Lithuania,,jews_present,1662,Jews were living here in 1662.,"[{'lang': 'yid', 'name': 'Alshad'}]",[],
65,ALSENZ,Palatinate,Germany,,jews_present,1650,Two protected J. families were present in 1650.,[],[],
66,ALSFELD,Hesse,Germany,,jews_arrived,17LX,Jews returned in the late 18th cent.,[],"[{'event': 'Black Death persecutions', 'year': '1348–1349', 'impact': 'medieval community destroyed', 'source': 'fell victim to the Black Death persecutions of 1348-49'}]",
67,ALSHEIM,Hesse,Germany,,community_founded,1750,"The community, established in 1750",[],[],
68,ALSODABAS,Pest-Pilis-Solt-Kiskun,Hungary,,jews_arrived,17LX,Jews settled in the late 18th cent.,[],[],
69,ALSOSAG,Vas,Hungary,,jews_arrived,1746,A J. family settled in 1746,[],"[{'event': 'White Terror attacks', 'year': '1919', 'impact': 'seven Jews murdered', 'source': 'Seven Jews in the area were murdered in the White Terror attacks of 1919'}]",
70,ALSOZSOLCA,Borsod,Hungary,,POP,,The J. pop. was 75 in 1930.,[],[],
71,ALTDAMM,Pomerania,Germany,Poland,first_mention,1481,Letters of protection (Schutzbriefe) for nine Jews in 1481 constitute the first evidence,"[{'lang': 'pol', 'name': 'Dombie'}]",[],today part of Stettin
72,ALTDORF,Baden,Germany,,first_mention,15LX,Jews are first mentioned in the 1570s,[],[],
73,ALTENA,Westphalia,Germany,,jews_present,17MX,present in the mid-18th cent.,[],[],
74,ALTENBURG,Thuringia,Germany,,community_present,18XX,in the 19th cent. there is evidence of a thr...,[],"[{'event': 'Expulsion', 'year': '15XX', 'impact': 'Jews expelled', 'source': 'were expelled in the 15th cent.'}]",
75,ALTEN-BUSECK,Hesse,Germany,,jews_present,1776,"took so many Jews into their eight villages that the area became known as ""Little Palestine"" (1776)",[],[],
76,ALTENGRONAU,Hesse,Germany,,jews_present,1348–1349,Jews from Steinau took refuge there during the Black Death persecutions of 1348-49,[],"[{'event': 'Black Death persecutions', 'year': '1348–1349', 'impact': 'refugees from Steinau', 'source': 'took refuge there during the Black Death persecutions of 1348-49'}]",
77,ALTENKIRCHEN IM WESTERWALD,Rhineland,Germany,,jews_present,15XX,Ten J. families were present in the 16th cent.,[],"[{'event': 'Forced conversion or expulsion', 'year': '1648', 'impact': 'forced to convert or leave', 'source': 'In 1648, they were forced to convert or leave.'}]",
78,ALTENKUNSTADT,Upper Franconia,Germany,,jews_present,14XX,Jews were present from the 15th cent.,[],"[{'event': 'Peasant riots', 'year': '1699', 'impact': 'houses destroyed', 'source': 'Their houses were destroyed during the peasant riots of 1699'}]",
79,ALTENLOTHEIM,Hesse,Germany,,POP,,The J. community numbered 47 ... in 1871.,[],[],
80,ALTENMUHR,Middle Franconia,Germany,,community_present,17EX,A J. community was present in the first half of the 18th cent.,[],[],
81,ALTENSCHOENBACH,Lower Franconia,Germany,,first_mention,17EX,Jews are mentioned in the early 18th cent.,[],[],
82,ALTENSTADT,Hesse,Germany,,jews_arrived,1650,Jews first settled there in 1650,[],[],
83,ALTINOVKA,Sumy,Ukraine,,POP,1897,The J. pop. in 1897 was 450,[],[],
84,ALTKIRCH,Haut-Rhine,France,,community_founded,18XX,A J. community was established in the 19th cent.,[],"[{'event': 'anti-Jewish riots', 'year': '1848', 'impact': 'synagogue damaged', 'source': 'It was damaged during anti-J. riots in 1848'}]",
85,ALTLANDSBERG,Brandenburg,Germany,,jews_arrived,17LX,Jews settled in A. at the end of 18th cent.,[],[],
86,ALTONA,Schleswig-Holstein,Germany,,jews_arrived,1612,welcomed in the neighboring township of A. In 1612,[],[],
87,ALTWIEDERMUS,Hesse,Germany,,POP,1910,maximum pop. of 29 in 1910,[],[],
88,ALUKSNE,Vidzeme,Latvia,,jews_arrived,18LX,Jews began settling in the 1890s,[],[],
89,ALUNTA,Utena,Lithuania,,community_present,18XX,A.'s J. community began in the 19th cent.,[],[],
90,ALUPKA,Crimea,Russia,Ukraine,jews_present,1903,Jews received formal residence rights in 1903,[],[],
91,ALUSHTA,Crimea,Russia,Ukraine,jews_present,1903,Jews were given formal residence rights only in 1903,[],[],
92,ALYTUS,Alytus,Lithuania,,community_present,15XX,The J. community in eastern A. began in the 16th cent.,"[{'lang': 'yid', 'name': 'Alita'}]",[],
93,ALZENAU,Lower Franconia,Germany,,community_founded,16XX,The community was probably founded in the 17th cent.,[],[],
94,ALZEY,Hesse,Germany,,jews_arrived,16LX,Jews returned about 300 years later,[],"[{'event': 'Black Death persecutions', 'year': '1348–1349', 'impact': 'medieval community shattered', 'source': 'shattered by the Black Death persecutions of 1348-49'}, {'event': 'Expulsion', 'year': '1391', 'impact': 'Jews expelled', 'source': 'expelled in 1391'}]",
95,AMBERG,Upper Palatinate,Germany,,community_founded,18MX,The community was renewed in the 1850s,[],"[{'event': 'Rindfleisch massacres', 'year': '1298', 'impact': '13 murdered', 'source': 'In the Rindfleisch massacres of 1298, 13 were murdered'}, {'event': 'Expulsion', 'year': '1403', 'impact': 'all Jews expelled', 'source': 'in 1403 all were expelled'}]",
96,AMERSFOORT,Utrecht,Holland,,jews_arrived,1655,The first Portuguese Jews to settle arrived in 1655.,[],[],
97,AMIENS,Somme,France,,jews_arrived,18EX,Jews settled in A. in the beginning of the 19th cent.,[],[],
98,AMRUS,Tripolitania,Libya,,jews_arrived,15XX,J. settlement commenced in about the 16th cent.,[],[],
99,AMSTERDAM,,Holland,,first_mention,13XX,A Street of the Jews is mentioned in the 14th cent.,[],"[{'event': 'Black Death persecutions', 'year': '1348–1349', 'impact': 'medieval community destroyed', 'source': 'the medieval community was destroyed in the Black Death persecutions (1348-49)'}]",
100,AMSTETTEN,Lower Austria,Austria,,jews_arrived,1865,Jews were allowed to settle in A. only in 1865.,[],[],
101,ANANEV,,Moldavia,Ukraine,community_present,18EX,An organized J. community existed by the early 19th cent.,[],"[{'event': 'pogrom', 'year': '1881', 'impact': 'Jews victimized', 'source': 'Jews were victimized by pogroms in 1881'}, {'event': 'pogrom', 'year': '1905', 'impact': 'Jews victimized', 'source': 'Jews were victimized by pogroms in 1905'}, {'event': 'pogrom', 'year': '1919', 'impact': 'Jews victimized', 'source': 'Jews were victimized by pogroms in 1919'}]",
102,ANARCS,Szabolcs,Hungary,,first_mention,1747,"Jews, first mentioned in 1747",[],[],
103,ANCONA,Marche,Italy,,community_present,13XX,An organized J. community ... is known from the 14th cent.,[],"[{'event': 'badge and segregation decree', 'year': '1427', 'impact': 'forced to wear badge and reside on a single street', 'source': 'In 1427, the local Jews were forced to wear the J. badge and reside on a single street.'}]",
104,ANDERNACH,Rhineland,Germany,,community_present,11XX,important J. communities in the 12th cent.,[],"[{'event': 'anti-Jewish riots', 'year': '1287', 'impact': 'J. homes destroyed', 'source': 'J. homes were destroyed in anti-J. riots in 1287'}]",
105,ANDREAPOL,Kalinin,Russia,,jews_arrived,18LX,Jews probably settled in the late 19th cent.,[],[],
106,ANDREEVO-IVANOVKA,Odessa,Ukraine,,POP,1897,The J. pop. was 546 ... in 1897,[],[],
107,ANDRIEJAVAS,Kretinga,Lithuania,,POP,1923,The J. pop. was 66 in 1923.,[],[],
108,ANDRUSHEVKA,Zhitomir,Ukraine,,first_mention,17MX,Jews are first mentioned in the mid-18th cent.,[],[],
109,ANDRYCHOW,Cracow,Poland,,jews_arrived,18EX,Jews settled in the first half of the 19th cent.,"[{'lang': 'yid', 'name': 'Yandrichov'}]",[],
110,ANDRZEJEWO,Bialystok,Poland,,community_founded,18LX,Founded in the second half of the 19th cent.,[],[],
111,ANDRZEJOW,Lodz,Poland,,community_founded,1805,The J. community was founded in 1805,[],[],
112,ANGENROD,Hesse,Germany,,community_founded,1797,by 1797 had established a community,[],[],
113,ANGERBURG,East Prussia,Germany,Poland,jews_present,1843,The J. pop. grew from 27 in 1843,"[{'lang': 'pol', 'name': 'Węgorzewo'}]","[{'event': 'WWI disruption', 'year': '1914–1918', 'impact': 'rented prayer room closed', 'source': 'During WWI, the rented prayer room was closed'}]",
114,ANGERMUENDE,Brandenburg,Germany,,first_mention,1681,earliest evidence of Jews in A. dates from 1681,[],[],
115,ANGERS,Maine-et-Loire,France,,jews_present,10LX,lived in A. at the end of the 11th cent.,[],[],
116,ANKLAM,Pomerania,Germany,,jews_present,1348,J. moneylenders in A. were burned to death in the Black Death persecutions of 1348–49,[],"[{'event': 'Black Death persecutions', 'year': '1348–1349', 'impact': 'J. moneylenders burned to death', 'source': 'burned to death in the Black Death persecutions of 1348–49'}]",
117,ANNABERG,Saxony,Germany,,jews_arrived,1867,Jews did not settle in A. until 1867,[],[],
118,ANNOPOL,Kamenets-Podolski,Ukraine,,POP,1765,Jews numbered 395 in 1765,[],[],
119,ANNOPOL-RACHOW,Lublin,Poland,,jews_arrived,16EX,Jews arrived in the early 17th cent.,[],[],
120,ANRATH,Rhineland,Germany,,POP,1852,The J. pop. was 116 in 1852,[],[],
121,ANROECHTE,Westphalia,Germany,,first_mention,1614,Jews are first mentioned in 1614,[],[],
122,ANSBACH,Middle Franconia,Germany,,jews_arrived,13EX,Jews first settled in the early 14th cent.,"[{'lang': 'yid', 'name': 'Onolshbach'}]","[{'event': 'Black Death persecutions', 'year': '1348–1349', 'impact': 'most Jews murdered', 'source': 'Most were murdered in the Black Death persecutions of 1348–49'}]",
123,ANTALIEPTE,Zarasai,Lithuania,,jews_present,1897,The J. pop. in 1897 was 474,"[{'lang': 'yid', 'name': 'Antalapt'}]",[],
124,ANTANAVAS,Marijampole,Lithuania,,POP,1923,The J. pop. in 1923 was 192,[],[],
125,ANTONINY,Kamenets-Podolski,Ukraine,,POP,1939,The J. pop. in 1939 was 110,[],[],
126,ANTONOVKA,Mogilev,Belorussia,,community_founded,1837,A. was founded in 1837 as a J. farm settlement,[],[],
127,ANTONOWKA,Volhynia,Poland,Ukraine,community_founded,1833,A. was founded as a J. farm settlement in 1833,[],[],
128,ANTOPOL,Polesie,Poland,Belarus,jews_arrived,1604,J. settlement dates from 1604,[],[],
129,ANTWERP,,Belgium,,jews_present,15XX,"arrival of J. craftsmen, Marranos from Portugal... the diamond industry... established... in the 15th cent.","[{'lang': 'nld', 'name': 'Antwerpen'}, {'lang': 'fra', 'name': 'Anvers'}]",[],
130,ANYKSCIAI,Utena,Lithuania,,community_founded,16XX,A.'s J. community began in the 17th cent.,[],[],
131,APA,N. Transylvania,Rumania,,jews_arrived,17MX,Jews settled in the mid-18th cent.,[],[],
132,APAGY,Szabolcs,Hungary,,first_mention,1747,Jews are first mentioned in 1747,[],[],
133,APATIN,Vojvodina,Yugoslavia,,jews_present,18LX,Jews lived in A. from the late 19th cent.,[],[],
134,APC,Heves,Hungary,,jews_arrived,18EX,Jews apparently settled in the early 19th cent.,[],[],
135,APE,Vidzeme,Latvia,,POP,20EX,The J. pop. early in the cent. was 200,[],[],
136,APELDOORN,Gelderland,Holland,,jews_arrived,17LX,Jews first settled in A. in the late 18th cent.,[],[],
137,APLERBECK,Westphalia,Germany,,jews_present,1818,Six Jews were present in 1818,[],[],
138,APOLLONIA,Cyrenaica,Libya,,jews_arrived,01EX,Egyptian Jews settled in A. in the Greek and Roman period (4 B.CE.-1 cE),[],[],
139,APOSTAG,Pest-Pilis-Solt-Kiskun,Hungary,,jews_arrived,16EX,Jews arrived in the first half of the 17th cent.,[],"[{'event': 'community_founded', 'year': '18XX', 'impact': '', 'source': 'A new community was formed in the 18th cent.'}]",
140,APOSTOLOVO,Dnepropetrovsk,Ukraine,,POP,,The J. pop. in 1939 was 81,[],[],
141,APPINGEDAM,Groningen,Holland,,jews_arrived,1563,"J. settlement dates back to 1563, when a Jew received permission to settle there",[],[],
142,ARAD,S. Transylvania,Rumania,,jews_arrived,17MX,Jews first settled in the mid-18th cent.,[],"[{'event': 'synagogue built', 'year': '1759', 'impact': '', 'source': 'A synagogue was built in 1759'}]",
143,ARBAYTHEYM,Zaporozhe,Ukraine,,community_founded,20EX,"founded as a J. colony, probably in the early 1920s",[],[],
146,ARCHSHOFEN,Wuerttemberg,Germany,,jews_arrived,17EX,Jews could settle from the early 18th cent.,[],[],
147,ARCIZ,Bessarabia,Rumania,Republic of Moldova,jews_arrived,18MX,Jews first settled in the mid-19th cent.,[],"[{'event': 'drought and relief', 'year': '1900', 'impact': '44 families on verge of starvation; helped by other communities', 'source': '44 families were on the verge of starvation caused by drought and were helped by other communities'}]",
148,ARDED,N. Transylvania,Rumania,,jews_arrived,17MX,Jews settled in the mid-18th cent.,"[{'lang': 'hun', 'name': 'Erdod'}]",[],
149,ARGENSCHWANG,Rhineland,Germany,,jews_arrived,17MX,Jews probably settled in the mid-18th cent.,[],[],
150,ARHEILGEN,Hesse,Germany,,community_founded,1800,Established around 1800,[],[],
151,ARINIS,N. Transylvania,Rumania,,jews_arrived,17LX,Jews settled in the late 18th or early 19th cent.,"[{'lang': 'hun', 'name': 'Egerhat'}]",[],
152,ARIOGALA,Kedainai,Lithuania,,community_founded,17XX,A.'s J. community began in the 18th cent.,"[{'lang': 'yid', 'name': 'Eragala'}, {'lang': 'yid', 'name': 'Ragala'}]",[],
153,ARLON,,Belgium,,community_founded,1831,Established after the independence of Belgium in 1831,"[{'lang': 'dut', 'name': 'Aarlen'}]",[],
154,ARMAVIR,Krasnodar,Russia,,jews_arrived,18LX,"The first Jews, settling in the late 19th cent.",[],[],
155,ARMYIANSK,Crimea,Russia,Ukraine,jews_arrived,18LX,Jews probably settled in the late 19th cent.,[],[],
156,ARNHEM,Gelderland,Holland,,jews_arrived,12XX,J. settlement began in the 13th cent.,[],"[{'event': 'Black Death persecutions', 'year': '1348–1349', 'impact': '', 'source': 'suffered in the Black Death persecutions of 1348-49'}, {'event': 'official recognition', 'year': '1765', 'impact': 'community recognized', 'source': 'A community was officially recognized in 1765'}]",
157,ARNSBERG,Westphalia,Germany,,community_present,1810,"only from 1810, under Hessian rule, did the community begin to grow",[],[],
158,ARNSTADT,Thuringia,Germany,,jews_present,12MX,suffered persecutions in the mid-13th century,[],"[{'event': 'persecutions', 'year': '13MX', 'impact': '', 'source': 'suffered persecutions in the mid-13th century'}, {'event': 'Black Death disturbances', 'year': '1348–1349', 'impact': 'community almost entirely destroyed', 'source': 'almost entirely destroyed in the Black Death disturbances'}]",
159,ARNSTEIN,Lower Franconia,Germany,,jews_present,1298,Jews were present at the time of the Rindfleisch massacres in 1298,[],"[{'event': 'Rindfleisch massacres', 'year': '1298', 'impact': '', 'source': 'at the time of the Rindfleisch massacres in 1298'}]",
160,ARNSWALDE,Brandenburg,Germany,Poland,first_mention,1321,A J. community is mentioned in A. from 1321.,"[{'lang': 'pol', 'name': 'Choszczno'}]",[],
161,AROLSEN,Hesse,Germany,,jews_arrived,1725,Waldeck's landgrave invited Jews to settle there around 1725,[],[],
162,ARTA,Arta,Greece,,community_present,11XX,Benjamin of Tudela... recorded the presence of a J. community,[],[],
163,ARTIOMOVSK,Stalino,Ukraine,,jews_arrived,18EX,Jews probably settled in the early 19th cent.,[],[],
164,ASARE,Courland,Latvia,,POP,1930,The J. pop. in 1930 was 18,[],[],
165,ASCHAFFENBURG,Lower Franconia,Germany,,community_present,13MX,An organized community with a synagogue existed in the mid-14th cent.,[],[],
166,ASCHBACH,Upper Franconia,Germany,,community_founded,17EX,The community was founded in the first half of the 18th cent.,[],[],
167,ASCHENHAUSEN,Thuringia,Germany,,jews_arrived,1695,Jews first settled in A. in 1695,[],[],
168,ASCHERSLEBEN,Saxony,Germany,,first_mention,1325,Jews are first mentioned in 1325.,[],"[{'event': 'Expulsion', 'year': '1494', 'impact': 'Jews expelled by order of Bishop of Halberstadt', 'source': 'their expulsion in 1494 on the orders of the Bishop of Halberstadt'}]",
169,ASKANYIA NOVA,Zaporozhe,Ukraine,,jews_present,19XX,J. scientists and academicians were drawn to the town in the Soviet period,[],[],
170,ASSEN,Drenthe,Holland,,jews_arrived,17XX,A few Jews settled in the 18th cent.,[],[],
171,ASSENHEIM,Hesse,Germany,,jews_present,1277,Jews lived there around 1277-1349,[],[],
172,ASSLAR,Hesse,Germany,,jews_present,17XX,Jews lived there from the 18th cent.,[],[],
173,ASTI,Piedmont,Italy,,jews_arrived,13EX,"originated at the beginning of the 14th cent., when Jews expelled from France took refuge there",[],[],
174,ASUNE,Latgale,Latvia,,POP,1930,The J. pop. in 1930 was 24,[],[],
175,ASZOD,Pest-Pilis-Solt-Kiskun,Hungary,,jews_arrived,17EX,"Jews, mainly from Moravia, settled in the early 18th cent.",[],[],
176,ATHENS,,Greece,,jews_arrived,2BCE,Jews settled in A. by the second cent. B.C.E.,[],[],
177,AUB,Lower Franconia,Germany,,community_present,16EX,The modern community is known from the early 17th cent.,"[{'lang': 'yid', 'name': 'Ava'}, {'lang': 'yid', 'name': 'Oyb'}]","[{'event': 'Rindfleisch massacres', 'year': '1298', 'impact': 'Jews mentioned as victims', 'source': 'Jews are mentioned as victims of the Rindfleisch massacres of 1298'}]",
178,AUCE,Zemgale,Latvia,,jews_arrived,17XX,Jews arrived with the founding of the town in the 18th cent.,"[{'lang': 'yid', 'name': 'Oitz'}]",[],
179,AUERBACH,Hesse,Germany,,community_founded,1770,Established around 1770,[],[],
180,AUFHAUSEN,Wuerttemberg,Germany,,jews_arrived,15XX,Jews first settled in the 16th cent.,[],[],
181,AUFSESS,Upper Franconia,Germany,,jews_present,13EX,Jews were present in the first half of the 14th cent.,"[{'lang': 'ger', 'name': 'Oberaufsess'}]","[{'event': ""Thirty Years' War"", 'year': '1618–1648', 'impact': 'Jews fled', 'source': 'fleeing in the Thirty Years War'}]",
182,AUGSBURG,Swabia,Germany,,community_present,11LX,community probably dated from the second half of the 12th cent.,[],[],
183,AUGUSTOW,Bialystok,Poland,,jews_arrived,1564,The first Jews settled in 1564,[],[],
184,AUKSTADVARIS,Troki,Lithuania,,jews_arrived,16XX,Jews began settling by the 17th cent.,"[{'lang': 'yid', 'name': 'Visoki-Dvor'}]",[],
185,AUKSTOJI-PANEMUNE,Kaunas,Lithuania,,POP,1897,The J. pop. in 1897 stood at 775,"[{'lang': 'yid', 'name': 'Panemon'}]",[],
186,AUMUND-VEGESACK,Hanover,Germany,,first_mention,1758,"Evidence of the first ""protected Jew"" dates from 1758",[],[],
187,AURELOW,Lodz,Poland,,community_present,1918,A small community existed here between the World Wars,[],[],
188,AURICH,Hanover,Germany,,jews_arrived,1635,Jews settled in A. in 1635,[],[],
189,AUTENHAUSEN,Upper Franconia,Germany,,community_founded,15LX,The community was founded around the turn of the 17th cent.,[],[],
190,AVIGNON,Vaucluse,France,,jews_present,3XX,The first archeological evidence of a J. presence in A. dates from the fourth cent.,[],[],
191,AZOV,Rostov,Russia,,community_present,18MX,The modern community dates from the mid-19th cent.,[],[],
192,AZUOLU BUDA,Marijampole,Lithuania,,jews_present,1899,In 1899 a Zionist organization was founded here,"[{'lang': 'yid', 'name': 'Dambava Buda'}]",[],
193,BABENHAUSEN,Hesse,Germany,,community_present,18XX,The modern community developed in the 19th cent.,[],"[{'event': 'Black Death persecutions', 'year': '1348–1349', 'impact': 'medieval community ended', 'source': 'Jews lived there until the Black Death persecutions of 1348–49'}]",
194,BABENKA,Kiev,Ukraine,,POP,1790,Jews numbered 42 in 1790,[],[],
195,BABIAK,Lodz,Poland,,jews_present,1857,"In 1857, 240 Jews ... were living here",[],[],
196,BABINOVICHI,Vitebsk,Belorussia,,POP,1897,The J. pop. was 552 ... in 1897,[],[],
197,BABOCSA,Somogy,Hungary,,jews_arrived,17EX,Jews settled in the first half of the 18th cent.,[],[],
198,BABTAI,Kaunas,Lithuania,,jews_present,18XX,"In the 19th cent., J. merchants developed lumber and agricultural exports","[{'lang': 'yid', 'name': 'Babet'}]",[],
199,BABTSHINCY,Vinnitsa,Ukraine,,POP,1847,The J. pop. was 105 in 1847,[],[],
200,BAC,Vojvodina,Yugoslavia,,jews_present,18XX,Jews lived there from the 19th cent.,[],[],
201,BACAU,Moldavia,Rumania,,community_present,17LX,A J. community existed in the late 18th cent.,[],"[{'event': 'Blood libel and pogrom', 'year': '1824', 'impact': 'pogroms against Jews', 'source': 'blood libels ... sparked pogroms'}, {'event': 'Blood libel and pogrom', 'year': '1838', 'impact': 'pogroms against Jews', 'source': 'blood libels ... sparked pogroms'}, {'event': 'Persecution and riots', 'year': '1884', 'impact': 'J. merchants persecuted; local riots', 'source': 'in 1884 J. merchants were persecuted and local riots'}, {'event': 'Blood libel and pogrom', 'year': '1886', 'impact': 'pogroms against Jews', 'source': 'blood libels ... sparked pogroms'}]",
202,BACESTI,Moldavia,Rumania,,jews_arrived,18MX,Jews settled here in the mid-19th cent.,[],[],
203,BACHARACH,Rhineland,Germany,,jews_present,1146,Three local J. families found shelter ... in 1146,[],"[{'event': 'Second Crusade persecutions', 'year': '1146', 'impact': 'heads of three local families murdered', 'source': 'The heads of the families were later murdered'}]",
204,BACKA PALANKA,Vojvodina,Yugoslavia,,community_founded,1771,was renewed from 1771,[],[],
205,BACKA TOPOLA,Vojvodina,Yugoslavia,,jews_arrived,18XX,Jews settled during the 19th cent.,[],[],
206,BACKI PETROVAC,Vojvodina,Yugoslavia,,jews_arrived,17LX,Jews settled there at the end of the 18th cent.,[],[],
207,BACKO PETROVO SELO,Vojvodina,Yugoslavia,,community_founded,18XX,A J. community was established in the 18th cent.,[],"[{'event': 'Blood libel', 'year': '1903', 'impact': 'antisemitism culminated', 'source': 'Antisemitism culminated in 1903 with a blood libel'}]",
208,BACOVO,Carpatho-Russia,Czechoslovakia,Ukraine,jews_arrived,18EX,Jews probably settled in the early 19th cent.,"[{'lang': 'hun', 'name': 'Bacso'}, {'lang': 'hun', 'name': 'Bacsava'}, {'lang': 'yid', 'name': 'Batschive'}]",[],
209,BACSALMAS,Bacs-Bodrog,Hungary,,jews_arrived,17MX,Jews settled in the mid-18th cent.,[],[],
210,BACZKI,Lublin,Poland,,jews_arrived,18LX,Jews first settled in the 1860s,[],[],
211,BAD BUCHAU,Wuerttemberg,Germany,,jews_present,15XX,Jews were present in the 16th cent.,[],"[{'event': 'Restrictions', 'year': '18XX', 'impact': 'residence and trade restrictions; high taxes', 'source': 'Throughout the 18th cent., the community was subjected to residence and trade restrictions as well as high ta...'}]",
212,BAD DRIBURG,/,/,/,POP,,see BAD DRIBURG.,[],[],see BAD DRIBURG.
212,BAD DRIBURG,Westphalia,Germany,,first_mention,1652,Jews are first mentioned in 1652,[],[],
213,BAD DUERKHEIM,Palatinate,Germany,,first_mention,1309,Jews are mentioned in 1309,[],"[{'event': 'Black Death persecutions', 'year': '1348–1349', 'impact': 'community destroyed', 'source': 'It was destroyed in the Black Death persecutions of 1348-49'}]",
214,BAD EMS,Hesse-Nassau,Germany,,community_founded,1738,"community, established by eight families around 1738",[],[],
214,BAD EMS,,,,POP,,see BAD EMS.,[],[],
215,BADEN,Lower Austria,Austria,,jews_arrived,1806,Jews first settled here in 1806,[],[],
216,BADEN-BADEN,Baden,Germany,,jews_arrived,1862,permanent residence was only permitted in 1862,[],[],
217,BAD GODESBERG,Rhineland,Germany,,jews_arrived,16XX,J. settlement commenced in the 17th cent.,[],[],
218,BAD HERSFELD,Hesse-Nassau,Germany,,jews_present,14LX,"After the Black Death massacres (1348-49), Jews lived there",[],"[{'event': 'Black Death massacres', 'year': '1348–1349', 'impact': 'massacres', 'source': 'After the Black Death massacres (1348-49)'}]",
219,BAD HOMBURG,Hesse-Nassau,Germany,,community_founded,17XX,a permanent community was only established 350 years later,[],[],
220,BAD HONNEF,Rhineland,Germany,,first_mention,1622,Three Jews under letters of protection were present in 1622,[],[],
221,BAD KISSINGEN,Lower Franconia,Germany,,jews_present,12LX,Jews were victims of the Rindfleisch massacres of 1298,"[{'lang': 'yid', 'name': 'Kischa'}]","[{'event': 'Rindfleisch massacres', 'year': '1298', 'impact': 'Jews victimized', 'source': 'Jews were victims of the Rindfleisch massacres of 1298'}]",
222,BAD KOENIG,Hesse,Germany,,community_founded,17LX,"Established in the late 18th cent., the community",[],[],
223,BAD KREUZNACH,Rhineland,Germany,,jews_present,12XX,A number of J. moneylenders were present in the 13th cent.,[],"[{'event': 'Settlement authorization', 'year': '1336', 'impact': 'authorized to settle 60 Jews', 'source': 'In 1336, Count Sponheim was authorized to settle 60 Jews'}]",
224,BAD MERGENTHEIM,Wuerttemberg,Germany,,jews_present,1292,A few J. families were present in 1292,[],"[{'event': 'Rindfleisch massacres', 'year': '1298', 'impact': '16 Jews murdered', 'source': '16 Jews were murdered in the Rindfleisch massacres of 1298'}, {'event': 'Armleder massacres', 'year': '1336–1339', 'impact': 'others murdered', 'source': 'others in the Armleder massacres of 1336-39'}, {'event': 'Black Death persecutions', 'year': '1348–1349', 'impact': 'others murdered', 'source': 'and the Black D...'}]",
224,BAD MERGENTHEIM,,,,POP,,see BAD MERGENTHEIM,[],[],
225,BAD MINGOLSHEIM,Baden,Germany,,jews_arrived,17XX,Jews first settled in the 18th cent.,[],[],
226,BAD NAUHEIM,Hesse,Germany,,jews_present,1348,The first Jews living in the medieval village of Nauheim were expelled in the Black Death persecutions of 1348-49,[],"[{'event': 'Black Death persecutions', 'year': '1348–1349', 'impact': 'Jews expelled', 'source': 'were expelled in the Black Death persecutions of 1348-49'}, {'event': 'Expulsion', 'year': '1539', 'impact': 'Jews expelled', 'source': 'and again in 1539'}, {'event': 'Schutzgeld taxation', 'year': '', 'impact': 'unfair taxation', 'source': 'Unfair taxation known as Schutzgeld'}]",
227,BAD NEUENAHR,Rhineland,Germany,,first_mention,1618,A Street of the Jews is mentioned in 1618,[],[],
228,BAD NEUSTADT,Lower Franconia,Germany,,jews_present,1298,Jews were victimized in the Rindfleisch massacres of 1298,[],"[{'event': 'Rindfleisch massacres', 'year': '1298', 'impact': 'Jews victimized', 'source': 'Jews were victimized in the Rindfleisch massacres of 1298'}, {'event': 'Black Death persecutions', 'year': '1348–1349', 'impact': 'Jews victimized', 'source': 'and the Black Death persecutions of 1348-49'}]",
229,BAD ORB,Hesse-Nassau,Germany,,jews_present,1348,Jews living there fell victim to the Black Death persecutions of 1348-49,[],"[{'event': 'Black Death persecutions', 'year': '1348–1349', 'impact': 'Jews fell victim', 'source': 'fell victim to the Black Death persecutions of 1348-49'}]",
230,BAD POLZIN,Pomerania,Germany,Poland,first_mention,1711,Mention of a Jew in B. is first made in 1711,"[{'lang': 'pol', 'name': 'Połczyn Zdrój'}]",[],
231,BAD PYRMONT,Hanover,Germany,,community_present,1819,by 1819 there was a community,[],[],
232,BAD RAPPENAU,Baden,Germany,,first_mention,1675,Jews are first mentioned in 1675,[],"[{'event': 'Anti-Jewish violence', 'year': '1848', 'impact': 'violence during the revolution', 'source': 'There was anti-J. violence during the 1848 revolution'}]",
233,BAD SALZELMEN,Saxony,Germany,,jews_present,12LX,evidence of the presence of Jews... in the second half of the 13th cent.,[],[],
234,BAD SALZSCHLIRF,Hesse-Nassau,Germany,,community_founded,19EX,Established after 1900,[],[],
235,BAD SALZUFLEN,Lippe,Germany,,community_present,1552,first J. settlement with a synagogue and a cemetery existed from 1552,[],[],
236,BAD SCHWALBACH,Hesse-Nassau,Germany,,community_founded,1680,Established around 1680,[],[],
237,BAD SEGEBERG,Schleswig-Holstein,Germany,,community_founded,1793,no J. community existed until 1793,[],[],
238,BAD SODEN,Hesse-Nassau,Germany,,community_founded,1849,an independent community was not established until 1849,[],"[{'event': 'Black Death persecutions', 'year': '1348–1349', 'impact': 'Jews fell victim', 'source': 'Jews in medieval Soden fell victim to the Black Death persecutions of 1348-49'}]",
239,BAD WILDUNGEN,Hesse-Nassau,Germany,,community_founded,1866,A community was not established there until 1866,[],[],
240,BAEVO,Vitebsk,Belorussia,,POP,1897,The J. pop. was 505 (total 906) in 1897,[],[],
241,BAGAMER,Bihar,Hungary,,jews_arrived,17LX,Jews settled in the second half of the 18th cent.,[],[],
242,BAGASLAVISKIS,Ukmerge,Lithuania,,POP,1914,had 50 J. families prior to WWI,[],[],
243,BAGNOLET,Seine-Saint-Denis,France,,jews_arrived,18LX,Jews settled in B. at the end of the 19th cent.,[],[],
244,BAIA MARE,N. Transylvania,Rumania,,community_present,1860,A J. community existed from 1860,"[{'lang': 'hun', 'name': 'Nagybánya'}]",[],
245,BAIA SPRIE,N. Transylvania,Rumania,,jews_arrived,18MX,Jews settled in this mining town in the late 1850s,"[{'lang': 'hun', 'name': 'Felsőbánya'}]",[],
246,BAIERSDORF,Middle Franconia,Germany,,jews_present,13XX,Jews may have been present as early as the 14th cent.,"[{'lang': 'yid', 'name': 'Fayersdorf'}]",[],
247,BAIERTAL,Baden,Germany,,jews_arrived,16LX,The first Jews arrived after the Thirty Years War,[],[],
248,BAINETI,Bukovina,Rumania,Ukraine,POP,1930,The J. pop. in 1930 was 23,[],[],Attached to the Siret community; no independent institutions.
249,BAISINGEN,Wuerttemberg,Germany,,jews_arrived,1640,the permanent settlement dates from 1640,[],[],
250,BAISOGALA,Kedainiai,Lithuania,,community_founded,17LX,The J. community began at the end of the 18th cent.,"[{'lang': 'yid', 'name': 'Baisegale'}]",[],
251,BAJA,Bacs-Bodrog,Hungary,,jews_arrived,17EX,Jews settled in the first half of the 18th cent.,[],[],
252,BAJMOK,Vojvodina,Yugoslavia,,jews_present,18LX,Jews lived in B. from the late 19th cent.,[],[],
253,BAKALARZEWO,Bialystok,Poland,,jews_present,18LX,In the late 19th cent. B. became a resort and this provided many of its Jews with new livelihoods,[],"[{'event': 'World War I disruptions', 'year': '1914–1918', 'impact': 'large numbers fled; 141 remained', 'source': 'Large numbers fled during WWI, leaving 141'}]",
254,BAKHCHISARAY,Crimea,Russia,Ukraine,jews_present,12EX,Krimchaks lived in Chufat-Kale ... in the early 13th cent.,[],[],
255,BAKHMACH,Chernigov,Ukraine,,jews_present,1897,had a J. pop. of 491 in 1897,[],"[{'event': 'Pogrom', 'year': '1905', 'impact': '', 'source': 'Pogroms were staged in 1905'}, {'event': 'Pogrom', 'year': '1919', 'impact': '', 'source': 'and in Sept. 1919'}]",
256,BAKSZTY,Nowogrodek,Poland,Belarus,POP,1897,The J. pop. was 172 in 1897,[],[],
257,BAKTALORANTHAZA,Szabolcs,Hungary,,jews_present,17EX,Jews were present by the early 18th cent.,[],[],
258,BALABANOVKA,Vinnitsa,Ukraine,,jews_present,17LX,About ten Jews were present in the latter half of the 18th cent.,[],[],
259,BALACEANA,Bukovina,Rumania,,jews_arrived,18LX,Jews settled in the late 19th cent.,[],[],
260,BALAKLAVA,Crimea,Russia,Ukraine,jews_present,1919,A council of Russian Zionists convened here on 18-22 Sept. 1919,[],"[{'event': 'Zionist council convened', 'year': '1919', 'impact': 'council of Russian Zionists held with Meir Dizengoff participating', 'source': 'A council of Russian Zionists convened here on 18-22 Sept. 1919'}]",
261,BALASSAGYARMAT,Nograd,Hungary,,jews_present,16LX,Jews were present in the late 17th cent.,[],[],
262,BALATONBOGLAR,Somogy,Hungary,,jews_arrived,17MX,Jews settled in the mid-18th cent.,[],[],
263,BALATONFURED,Zala,Hungary,,first_mention,1746,Jews are first mentioned in 1746.,[],[],
264,BALATONSZEMES,Somogy,Hungary,,jews_arrived,17XX,Jews arrived in the 18th cent.,[],[],
265,BALBIERISKIS,Marijampole,Lithuania,,community_founded,16MX,The J. community began in the mid-17th cent.,"[{'lang': 'yid', 'name': 'Balbirishok'}]",[],
266,BALBRONN,Bas-Rhin,France,,jews_present,1784,The J. community numbered 170 members in 1784,[],[],
267,BALIGROD,Lwow,Poland,,jews_arrived,17LX,The first Jews arrived ... in the late 18th cent.,[],[],
268,BALKANY,Szabolcs,Hungary,,jews_arrived,17EX,Jews arrived in the early 18th cent,[],[],
269,BALLIN,Kamenets-Podolski,Ukraine,,jews_arrived,17XX,Jews settled in the 18th cent.,[],"[{'event': 'Haidamak attacks', 'year': '', 'impact': 'numbers dwindled', 'source': 'dwindling in number after Haidamak attacks'}]",
270,BALMAZUJVAROS,Hajdu,Hungary,,jews_present,1784,Jews were present by 1784.,[],[],
271,BALNINKAI,Ukmerge,Lithuania,,community_founded,17LX,The J. community was established at the end of the 18th cent.,"[{'lang': 'yid', 'name': 'Balnik'}]",[],
272,BALTA,,Moldavia,Ukraine,jews_arrived,15EX,J. settlement commenced in the early 16th cent.,[],"[{'event': 'Haidamak attacks', 'year': '1768', 'impact': 'Jews victimized', 'source': 'In 1768, the Jews were victimized in Haid...'}]",
273,BALTI,Bessarabia,Rumania,Republic of Moldova,jews_arrived,18LX,Jews were among the founders ... in the late 18th cent.,[],[],
274,BANHIDA,Komarom,Hungary,,jews_arrived,18LX,Jews settled in the late 18th cent.,[],[],
275,BANILA PE CEREMUS,Bukovina,Rumania,,jews_arrived,18LX,Jews first settled in the late 19th cent.,"[{'lang': 'ger', 'name': 'Banila'}, {'lang': 'rus', 'name': 'Banila'}]",[],
276,BANILA PE SIRET,Bukovina,Rumania,Ukraine,jews_arrived,18EX,Jews first settled in the early 19th cent.,[],[],
277,BANJA LUKA,Bosnia-Hercegovina,Yugoslavia,Republic of Bosnia,jews_arrived,17EX,Sephardi Jews first settled in the early 18th cent.,[],[],
278,BANOVCE,Slovakia,Czechoslovakia,Republic of Slovakia,jews_arrived,16XX,Jews probably settled in the 17th cent.,"[{'lang': 'hun', 'name': 'Banoc'}]",[],
279,BANSKA BYSTRICA,Slovakia,Czechoslovakia,Republic of Slovakia,jews_arrived,1855,Jews arrived c. 1855,"[{'lang': 'hun', 'name': 'Besztercebanya'}]",[],
280,BANSKA STIAVNICA,Slovakia,Czechoslovakia,Republic of Slovakia,first_mention,13MX,Jews are mentioned in 1367,"[{'lang': 'hun', 'name': 'Selmecbanya'}]",[],
281,BAR,Vinnitsa,Ukraine,,jews_arrived,15XX,Jews settled in the 16th cent.,[],"[{'event': 'Chmielnicki massacres', 'year': '1648', 'impact': '2,000 Jews killed', 'source': ""In 1648 Chmielnicki's troops killed 2,000 Jews""}]",
282,BAR-LE-DUC,Meuse,France,,community_founded,1789,"In 1789, the community was renewed",[],"[{'event': 'expulsions', 'year': 'to 1477', 'impact': 'community interrupted', 'source': 'presence ... interrupted by expulsions, the last occurring in 1477'}]",
283,BARA,Moldavia,Rumania,,community_present,16EX,A flourishing J. community existed here before 1618,[],[],
284,BARABAS,Bereg,Hungary,,first_mention,1851,Jews are mentioned in 1851,[],[],
285,BARAN,Vitebsk,Belorussia,,jews_present,1929,"In 1929, 17 J. families worked on a kolkhoz",[],[],
286,BARAND,Bihar,Hungary,,jews_arrived,18LX,Jews settled in the late 19th cent.,[],[],
287,BARANOVKA,Zhitomir,Ukraine,,jews_present,16XX,Jews were present in the 17th cent.,[],[],
288,BARANOW (I),Lwow,Poland,,community_founded,17XX,After renewal in the 18th cent.,[],"[{'event': 'upheavals', 'year': '16MX', 'impact': 'community ceased to exist', 'source': 'community ... ceased to exist with the upheavals of the mid-17th cent.'}]",
289,BARANOW (II),Lublin,Poland,,jews_arrived,16XX,Jews settled in the 17th cent.,[],[],
290,BARANOWICZE,Nowogrodek,Poland,Belarus,jews_arrived,18LX,Jews began settling ... in the 1870s,[],[],
291,BARASHI,Zhitomir,Ukraine,,first_mention,1752,A J. community is first mentioned in 1752,[],[],
292,BARAVUKHA,Vitebsk,Belorussia,,jews_present,19EX,Jews operated private farms in the early 20th cent.,[],[],
293,BARCA,Slovakia,Czechoslovakia,Republic of Slovakia,community_founded,17LX,The community was founded in the late 18th cent.,[],[],
294,BARCE,Cyrenaica,Libya,,jews_arrived,03XX,Jews initially settled in B. in the fourth cent. B.C.,[],"[{'event': 'Jewish revolt against Rome', 'year': '115–117', 'impact': 'some Jews were forced westward', 'source': ""With the crushing of the J. revolt against Rome in 115–17 … some of B.'s Jews were forced westward""}]",
295,BARCHFELD,Hesse-Nassau,Germany,,POP,1720,"Numbering 76 in 1720, the community maintained a synagogue",[],[],
296,BARCS,Somogy,Hungary,,jews_arrived,1770,Jews from Moravia settled in about 1770,[],[],
297,BARDEJOV,Slovakia,Czechoslovakia,Republic of Slovakia,jews_present,15XX,Jews were present for a short while in the 16th cent.,"[{'lang': 'hun', 'name': 'Bartfa'}]","[{'event': 'Expulsion', 'year': '1631', 'impact': 'Jews expelled', 'source': '… and expelled in 1631'}]",
298,BARKASOVO,Carpatho-Russia,Czechoslovakia,Ukraine,jews_arrived,18MX,Jews probably arrived in the mid-19th cent.,"[{'lang': 'hun', 'name': 'Barkaszo'}]",[],
299,BARLAD,Moldavia,Rumania,,first_mention,1762,In 1762 a Street of J. Merchants existed in B.,[],[],
300,BARR,Bas-Rhin,France,,community_founded,18LX,The J. community was established in the second half of the 19th cent.,[],[],
301,BARSANA,N. Transylvania,Rumania,,jews_arrived,17EX,Jews settled in the early 18th cent.,"[{'lang': 'hun', 'name': 'Barcanfalva'}, {'lang': 'yid', 'name': 'Birsanov'}]",[],
302,BARSINGHAUSEN,Hanover,Germany,,community_founded,1843,"Established in 1843, the district community",[],[],
303,BARSTYCIAI,Mazeikiai,Lithuania,,POP,1923,In 1923 the J. pop. was 87,"[{'lang': 'yid', 'name': 'Barshtitz'}]",[],
304,BARTENSTEIN,East Prussia,Germany,Poland,first_mention,1737,The first evidence of a J. presence … dates from 1737,"[{'lang': 'pol', 'name': 'Bartoszyce'}]",[],
305,BARTININKAI,Vilkaviskis,Lithuania,,POP,1923,The J. pop. in 1923 was 93 (24% of the total).,"[{'lang': 'yid', 'name': 'Bartinink'}]",[],
306,BARYSZ,Tarnopol,Poland,Ukraine,community_present,18LX,from the late 19th cent. on,[],[],
307,BARYSZEVKA,Kiev,Ukraine,,POP,1897,Jews numbered 462 in 1897,[],[],
308,BASHTANKA,Nikolaiev,Ukraine,,jews_present,19EX,A number of J. colonies were established around B.,[],[],
309,BASSUM,Hanover,Germany,,community_founded,1830,The community opened a synagogue in 1830,[],[],
310,BASTHEIM,Lower Franconia,Germany,,POP,1837,Jews numbered 50 in 1837,[],[],
311,BASTIA,Corsica,France,,jews_arrived,17XX,Pascal Paoli... invited 500 J. families to settle on the island,[],[],
312,BATAKIAI,Taurage,Lithuania,,POP,19EX,Before WWI B.'s J. pop. was approximately 50 families,"[{'lang': 'yid', 'name': 'Batok'}]",[],
313,BATARCI,N. Transylvania,Rumania,,community_founded,17LX,The community was founded... in the late 18th cent.,"[{'lang': 'hun', 'name': 'Batarcs'}]",[],
314,BATASZEK,Tolna,Hungary,,first_mention,1640,Jews are first mentioned in 1640,[],[],
315,BATAYSK,Rostov,Russia,,jews_arrived,19EX,Jews probably settled in the early 20th cent.,[],[],
316,BATELOV,Moravia,Czechoslovakia,,jews_arrived,14XX,Jews apparently settled in the 15th cent.,[],[],
317,BATIATYCZE,Tarnopol,Poland,Ukraine,POP,1921,The J. pop. in 1921 was 195,[],[],
318,BATOROVE KESY,Slovakia,Czechoslovakia,Republic of Slovakia,jews_arrived,16XX,Jews probably arrived in the 17th cent.,"[{'lang': 'hun', 'name': 'Batorkeszi'}]",[],
319,BATOVO,Carpatho-Russia,Czechoslovakia,Ukraine,jews_arrived,18EX,Jews probably arrived in the first half of the 19th cent.,"[{'lang': 'hun', 'name': 'Batyu'}]",[],
320,BATTENFELD,Hesse-Nassau,Germany,,community_founded,1750,Established around 1750,[],[],
321,BATTONYA,Csanad,Hungary,,jews_arrived,17LX,Jews are believed to have settled in the late 18th cent.,[],[],
323,BAUMBACH,Hesse-Nassau,Germany,,community_founded,1830,synagogue (1830),[],[],
324,BAUMHOLDER,Rhineland,Germany,,jews_arrived,16LX,Jews settled in the late 17th cent.,[],[],
325,BAUSENDORF,Rhineland,Germany,,jews_present,18EX,Fourteen Jews lived in B. at the start of the 19th cent.,[],[],
326,BAUSKA,Zemgale,Latvia,,jews_arrived,17LX,Lithuanian Jews first settled in the Sloboda suburb... in the late 18th cent.,[],[],
327,BAUTZEN,Saxony,Germany,,jews_arrived,18XX,A permanent settlement began in the 19th cent.,[],[],
328,BAYONNE,Basses-Pyrenees,France,,jews_arrived,15EX,In the beginning of the 16th cent. Marranos... began to settle,[],[],
329,BAYREUTH,Upper Franconia,Germany,,jews_arrived,1248,Jews appeared in 1248 after receiving permanent residence rights,[],"[{'event': 'Black Death persecutions', 'year': '', 'impact': 'community virtually destroyed', 'source': 'The community was virtually destroyed in the Black Death'}]",
330,BAZALIYA,Kamenets-Podolski,Ukraine,,jews_arrived,16LX,Jews settled in the late 17th cent.,[],[],
331,BAZAR,Zhitomir,Ukraine,,jews_present,17LX,The J. community probably developed from the late 18th cent.,[],[],
332,BAZILIONAI,Siauliai,Lithuania,,community_present,18XX,The J. community developed in the 19th cent.,[],[],
333,BEBRA,Hesse-Nassau,Germany,,POP,1861,Numbering 111... in 1861,[],[],
334,BECEJ,Vojvodina,Yugoslavia,,jews_arrived,18EX,Early in the 19th cent. Jews settled in B.,[],[],
335,BECHHOFEN,Middle Franconia,Germany,,jews_present,15LX,A J. settlement of 20 families existed in the late 16th cent.,[],"[{'event': ""Thirty Years' War"", 'year': '1618–1648', 'impact': 'synagogue destroyed', 'source': 'The synagogue was destroyed in the Thirty Years War'}]",
336,BECHYNE,Bohemia,Czechoslovakia,,jews_present,15LX,Jews were present by the late 16th cent.,[],"[{'event': 'Housing restrictions', 'year': '18EX', 'impact': 'many left', 'source': 'Many left in the early 18th cent. in the face of severe housing restrictions'}]",
337,BECKOV,Slovakia,Czechoslovakia,Slovakia,jews_arrived,16LX,J. refugees from Moravia settled in the late 17th cent.,[],[],
338,BECKUM,Westphalia,Germany,,jews_present,13EX,Individual Jews were living in B. in the first half of the 14th cent.,[],[],
339,BECLEAN,N. Transylvania,Rumania,,jews_arrived,17EX,Jews first settled in the early 18th cent.,"[{'lang': 'hun', 'name': 'Bethlen'}]",[],
340,BEDBURG,Rhineland,Germany,,jews_present,16XX,Jews were present in the 17th cent.,[],"[{'event': 'anti-Jewish riots', 'year': '1834', 'impact': 'synagogue vandalized', 'source': 'anti-J. riots and the vandalizing of the synagogue'}]",
341,BEDEVLA,Carpatho-Russia,Czechoslovakia,Ukraine,jews_arrived,17MX,J. settlement probably dates from the mid-18th cent.,"[{'lang': 'hun', 'name': 'Bedohaza'}]",[],
342,BEEK,Limburg,Holland,,jews_arrived,16XX,Jews settled there in the 17th cent.,[],[],
343,BEELITZ,Brandenburg,Germany,,jews_arrived,17XX,J. settlement in B. started only in the 18th cent.,[],[],
344,BEERFELDEN,Hesse,Germany,,POP,1861,Numbering 187 (6.7% of the total) in 1861,[],[],
345,BEGOML,Minsk,Belorussia,,jews_arrived,18EX,Jews probably settled in the first half of the 19th cent.,[],[],
346,BEILEN,Drenthe,Holland,,community_founded,1850,A J. community was organized in 1850,[],[],
347,BEISEFOERTH,Hesse-Nassau,Germany,,jews_present,16XX,Jews living there from the 17th cent.,[],[],
348,BEIUS,S. Transylvania,Rumania,,jews_arrived,18EX,Jews first settled in the early 19th cent.,"[{'lang': 'hun', 'name': 'Belenyes'}]",[],
349,BEJA,Beja,Tunisia,,jews_arrived,16XX,In the 17th cent.… Jews from the western Maghreb … began,[],[],
350,BEKECS,Zemplen,Hungary,,jews_arrived,17XX,Jews settled in the 18th cent.,[],[],
351,BEKES,Bekes,Hungary,,jews_arrived,1840,Jews from Adony settled c. 1840.,[],[],
352,BEKESCSABA,Bekes,Hungary,,jews_arrived,17LX,Jews probably settled in the late 18th cent.,[],[],
353,BEKESMEGYER,Pest-Pilis-Solt-Kiskun,Hungary,,POP,1930,The J. pop. was 136 in 1930.,[],[],
354,BEKESSZENTANDRAS,Bekes,Hungary,,community_present,1880,The well-established J. community of 215 in 1880,[],[],
355,BELA CRKVA,Vojvodina,Yugoslavia,,jews_arrived,18LX,Jews settled there at the end of the 19th cent.,[],[],
356,BELAYA GLINA,Krasnodar territory,Russia,,,,,[],[],
357,BELAYA TSERKOW,Kiev,Ukraine,,jews_arrived,16EX,Jews settled in the early 17th cent.,[],"[{'event': 'Chmielnicki disturbances', 'year': '1648–1649', 'impact': '600 Jewish families massacred', 'source': 'Six hundred J. families were massacred in the Chmielnicki disturbances of 1648-49.'}]",
358,BELED,Sopron,Hungary,,community_founded,1790,establishing a synagogue in 1790,[],[],
359,BELEV,Tula,Russia,,jews_arrived,18LX,Jews probably settled in the late 19th cent.,[],[],
360,BELFORT,Belfort,France,,community_founded,1808,The J. community was established in 1808,[],[],
361,BELGARD,Pomerania,Germany,Poland,jews_present,16LX,A small J. settlement existed at the end of the 17th cent.,"[{'lang': 'pol', 'name': 'Białogard'}]",[],
362,BELGOROD,Kursk,Russia,,jews_arrived,18LX,Jews probably settled in the late 19th cent.,[],[],
363,BELGRADE,,Yugoslavia,,jews_present,,Jews seem to have lived in B. in Second Temple times,"[{'lang': 'srp', 'name': 'Beograd'}]",[],
364,BELILOVKA,Zhitomir,Ukraine,,jews_present,17EX,Jews were present in the early 18th cent.,[],"[{'event': 'Cossack attacks', 'year': '1735', 'impact': '3 Jews killed', 'source': 'Three were killed in Cossack attacks in 1735.'}]",
365,BELIU,S. Transylvania,Rumania,,jews_arrived,18EX,Jews first settled in the early 19th cent.,"[{'lang': 'hun', 'name': 'Bel'}]",[],
366,BELKHATOW,Lodz,Poland,,jews_present,1808,"In 1808, 17 Jews lived here",[],[],
367,BELLERSHEIM,Hesse,Germany,,community_present,18XX,"formed one community, numbering several dozen in the 19th cent.",[],[],
368,BELOGORODKA,Kamenets-Podolski,Ukraine,,first_mention,16EX,Jews in small numbers are known from the early 17th cent.,[],"[{'event': 'Violence against Jews', 'year': '', 'impact': '18 Jews murdered', 'source': 'Eighteen Jews were murdered'}]",
369,BELOPOLYE,Vinnitsa,Ukraine,,jews_arrived,1721,Jews settled in 1721,[],[],
370,BELORECHENSKAYA,Krasnodar territory,Russia,,,,,[],[],
371,BELOVAREC,Carpatho-Russia,Czechoslovakia,Ukraine,jews_arrived,18EX,Jews probably settled at the turn of the 18th cent.,"[{'lang': 'hun', 'name': 'Kiskirva'}]",[],
372,BELUSA,Slovakia,Czechoslovakia,Republic of Slovakia,jews_arrived,17EX,Jews settled in the first half of the 18th cent.,[],[],
373,BELYI,Smolensk,Russia,,jews_arrived,18MX,Jews probably settled in the mid-19th cent.,[],[],
374,BELYNICHI,Mogilev,Belorussia,,POP,1847,"The J. pop. was 1,087 in 1847",[],[],
375,BELZ,Lwow,Poland,Ukraine,first_mention,1413,a complaint against J. tailors in 1413,[],[],
376,BELZEC,Lwow,,Poland,jews_present,18LX,Jews lived there from the second half of the 19th cent.,[],[],
377,BELZHYCE,Lublin,Poland,,jews_present,15LX,A J. settlement existing in the 1560s,[],[],
378,BENATKY NAD JIZEROU,Bohemia,Czechoslovakia,,jews_arrived,18EX,J. settlement commenced at the turn of the 18th cent.,[],[],
379,BENDKOW,Lodz,Poland,,POP,1857,"In 1857, 248 Jews lived here",[],[],
380,BENDORF AM RHEIN,Rhineland,Germany,,first_mention,1339,A J. moneylender ... is mentioned in 1339,[],[],
381,BENDZIN,Kielce,Poland,,jews_present,12LX,in the late 13th cent. were present in the town itself,[],[],
382,BENEDIKOVCE,Carpatho-Russia,Czechoslovakia,Ukraine,jews_arrived,17MX,Jews probably settled in the mid-18th cent.,"[{'lang': 'hun', 'name': 'Benedeki'}]",[],
383,BENESOV,Bohemia,Czechoslovakia,,first_mention,1385,Jews are mentioned in 1385,[],[],
384,BENFELD,Bas-Rhin,France,,community_founded,1830,it was renewed in 1830,[],"[{'event': 'Expulsions', 'year': '', 'impact': 'community disappeared', 'source': 'The community disappeared due to expulsions'}]",
385,BEN GARDANE,Orgama,Tunisia,,jews_arrived,18EX,Jews apparently settled in the early 19th cent.,[],[],
386,BENGHAZI,Cyrenaica,Libya,,jews_arrived,04XX,settlement apparently dates from the fourth cent. B.CE. under the Ptolemies,[],[],
387,BENI KHALED,Grombalia,Tunisia,,jews_arrived,19EX,Jews arrived in the early 20th cent.,[],"[{'event': 'riots', 'year': '1917', 'impact': 'J. stores were destroyed', 'source': 'In the riots of 1917, J. stores were destroyed'}]",
388,BENSHEIM,Hesse,Germany,,community_present,13XX,The medieval community,[],"[{'event': 'Black Death persecutions', 'year': '1348–1349', 'impact': 'community suffered martyrdom', 'source': 'suffered martyrdom during the Black Death persecutions of 1348-49'}, {'event': 'banishment', 'year': '1461', 'impact': 'community banished', 'source': 'banishment in 1461'}]",
389,BENTHEIM,Hanover,Germany,,community_founded,16XX,They established a district community under the Emden rabbinate's jurisdiction,[],"[{'event': 'Black Death persecutions', 'year': '1348–1349', 'impact': 'after which Jews did not live there until the 17th cent.', 'source': 'After the Black Death persecutions of 1348-49, Jews did not live there until the 17th cent.'}]",
390,BERBESTI,N. Transylvania,Rumania,,community_founded,1850,A J. community was founded in 1850,"[{'lang': 'hun', 'name': 'Bardfalva'}]",[],
391,BERCEL,Nograd,Hungary,,jews_arrived,18EX,Jews settled in the early 19th cent.,[],[],
392,BERDICHEV,Zhitomir,Ukraine,,first_mention,1593,Jews are first mentioned in 1593,[],[],
393,BERDINOVO,Odessa,Ukraine,,community_present,20XX,A J. council (soviet) was active in the town,[],[],
394,BEREGSURANY,Bereg,Hungary,,POP,1930,The J. pop. in 1930 was 65,[],[],
395,BEREHOVO,Carpatho-Russia,Czechoslovakia,Ukraine,jews_arrived,17MX,J. settlement began in the mid-18th cent.,"[{'lang': 'hun', 'name': 'Beragszasz'}]",[],
396,BEREHY,Carpatho-Russia,Czechoslovakia,,jews_arrived,17LX,Jews probably settled at the turn of the 18th cent.,"[{'lang': 'hun', 'name': 'Nagybereg'}, {'lang': 'yid', 'name': 'Bereg'}]",[],
397,BEREKBOSZORMENY,Bihar,Hungary,,jews_arrived,18EX,Jews settled in the early 19th cent.,[],[],
398,BERESTECZKO,Volhynia,Poland,Ukraine,community_present,15MX,The community dates from the mid-16th cent.,[],"[{'event': 'Chmielnicki massacres', 'year': '1648–1649', 'impact': 'only 12 of 1,000 Jews survived', 'source': ""Only 12 of the town's 1,000 Jews survived the Chmielnicki massacres of 1648-1649""}]",
399,BERESTI,Moldavia,Rumania,,jews_arrived,1838,Jews first settled in 1838,[],"[{'event': 'expulsion', 'year': '1907', 'impact': 'Jews were expelled to Bacau', 'source': 'In 1907 Jews were expelled to Bacau'}]",
400,BERETTYOUJFALU,Bihar,Hungary,,jews_arrived,18XX,Jews settled in the 19th cent.,[],[],
401,BEREZA KARTUSKA,Polesie,Poland,Belarus,community_present,1662,An organized J. community is known from 1662,[],[],
402,BEREZDOV,Kamenets-Podolski,Ukraine,,POP,1765,Jews numbered 205 in 1765,[],"[{'event': 'Russian Civil War violence', 'year': '1919', 'impact': '', 'source': 'In 1919, during the Ru'}]",
403,BEREZINO,Mogilev,Belorussia,,POP,1766,The J. pop. was 208 in 1766,[],"[{'event': 'attacks by peasants', 'year': '1906', 'impact': '', 'source': 'Peasants from the neighboring villages attacked Jews in 1906'}, {'event': 'pogrom', 'year': '', 'impact': '', 'source': 'a pogrom was staged during the Russian ci'}]",
404,BEREZNA,Chernigov,Ukraine,,jews_arrived,18EX,Jews settled in the early 19th cent.,[],"[{'event': 'pogrom', 'year': '1905', 'impact': 'J. property pillaged and destroyed', 'source': 'J. property was pillaged and destroyed in a 1905 pogrom'}]",
405,BEREZNE,Volhynia,Poland,Ukraine,jews_arrived,15MX,Jews settled in the mid-16th cent.,[],"[{'event': 'Chmielnicki massacres', 'year': '1648–1649', 'impact': '50 J. families lost their lives', 'source': 'Fifty J. families lost their lives in the Chmielnicki massacres of 1648-49'}]",
406,BEREZNEGOVATOE,Nikolaiev,Ukraine,,jews_arrived,18MX,J. settlement probably commenced in the mid-19th cent.,[],"[{'event': 'pogrom', 'year': '1882-03-30–1882-03-31', 'impact': '', 'source': 'A pogrom was staged on 30-31 March 1882'}]",
407,BEREZNICA,Volhynia,Poland,Ukraine,first_mention,16MX,After 100 Jews lost their lives in the Chmielnicki massacres of 1648-49,[],"[{'event': 'Chmielnicki massacres', 'year': '1648–1649', 'impact': '100 Jews killed', 'source': 'After 100 Jews lost their lives in the Chmielnicki massacres of 1648-49'}]",
408,BEREZOVKA,Odessa,Ukraine,,jews_present,1881,A pogrom took place on 26-27 April 1881,[],"[{'event': 'pogrom', 'year': '1881-04-26–1881-04-27', 'impact': '', 'source': 'A pogrom took place on 26-27 April 1881'}]",
409,BEREZOVO,Carpatho-Russia,Czechoslovakia,Ukraine,jews_arrived,17LX,J. settlement probably commenced in the late 18th cent.,"[{'lang': 'hun', 'name': 'Berezna'}, {'lang': 'yid', 'name': 'Berezyv'}]",[],
410,BEREZOW,Volhynia,Poland,Ukraine,POP,1930,Jews numbered around 100 in the 1930s,[],[],
411,BERGEN,Hesse-Nassau,Germany,,community_founded,18EX,Established in the early 18th cent.,[],[],
412,BERGEN OP ZOOM,Noord-Brabant,Holland,,jews_present,18XX,The J. presence dates back to the 18th cent.,[],[],
413,BERGZABERN,Palatinate,Germany,,community_founded,16XX,The community was reestablished in the 17th cent,[],"[{'event': 'Black Death persecutions', 'year': '1348–1349', 'impact': 'community extinct; none remained', 'source': 'None remained after the Black Death persecutions of 1348-49'}]",
414,BERHOMET PE SIRET,Bukovina,Rumania,Ukraine,jews_arrived,1804,Jews first settled in 1804,[],[],
415,BERISLAV,Nikolaiev,Ukraine,,jews_arrived,19EX,J. settlement began in the early 19th cent.,[],"[{'event': 'pogrom', 'year': '1882', 'impact': 'Jews attacked; property destroyed', 'source': 'In 1882 Jews were attacked and J. property was destroyed in a pogrom'}]",
416,BERKACH,Thuringia,Germany,,jews_arrived,18XX,Jews first settled there in the 18th cent.,[],[],
417,BERLEBURG,Westphalia,Germany,,first_mention,1640,Jews are first mentioned in 1640,[],[],
418,BERLICHINGEN,Wuerttemberg,Germany,,community_founded,1632,"The J. community, founded in 1632",[],[],
419,BERLIN,,Germany,,jews_present,11LX,Jews were probably present ... in the late 12th cent.,[],[],
420,BERLINCHEN,Brandenburg,Germany,Poland,POP,1880,The community ... numbered 130 Jews in 1880,"[{'lang': 'pol', 'name': 'Barlinek'}]",[],
421,BERNBURG,Anhalt,Germany,,first_mention,1301,A J. resident is mentioned in 1301,[],[],
422,BERNKASTEL-KUES,Rhineland,Germany,,first_mention,12LX,Jews are first mentioned in the late 13th cent.,[],"[{'event': 'Oberwesel blood libel aftermath', 'year': '1289', 'impact': '14 Jews murdered', 'source': 'Fourteen were murdered in 1289 following the Oberwesel blood libel'}, {'event': 'Persecutions', 'year': 'late 13th cent.', 'impact': 'most left', 'source': 'most left in the persecutions later in the ce[ntury]'}]",
423,BERNSTADT,Lower Silesia,Germany,Poland,jews_present,13EX,Jews were present in the first half of the 14th cent.,"[{'lang': 'pol', 'name': 'Bierutów'}]",[],
424,BERNSTEIN,Brandenburg,Germany,Poland,POP,1801,The J. community numbered 37 members in 1801,"[{'lang': 'pol', 'name': 'Pełczyce'}]",[],
425,BEROUN,Bohemia,Czechoslovakia,,community_present,1877,A J. elementary school was opened in 1877,[],[],
426,BERSHAD,Vinnitsa,Ukraine,,jews_arrived,15XX,J. settlement probably began in the 16th cent.,[],"[{'event': 'Chmielnicki-related attacks', 'year': '17th cent.', 'impact': 'attacks on Jews', 'source': ""In the 17th ... cent., Chmielnicki's Cossacks ... attacked the Jews""}, {'event': 'Haidamak attacks', 'year': '18th cent.', 'impact': 'attacks on Jews', 'source': 'In the ... 18th cent., ... the Haidamaks attacked the Jews'}]",
427,BERWANGEN,Baden,Germany,,jews_arrived,18LX,The J. settlement dates from the late 18th cent.,[],[],
428,BERZPILS,Latgale,Latvia,,POP,1935,The J. pop. in 1935 was 30,[],[],
429,BES,Slovakia,Czechoslovakia,Republic of Slovakia,jews_arrived,17MX,Jews settled in the mid-18th cent.,[],[],
430,BESANCON,Doubs,France,,first_mention,1245,Jews are first mentioned in 1245,[],"[{'event': 'Community ceased', 'year': '15th cent.', 'impact': 'community ceased to exist', 'source': 'The community ceased to exist in the 15th cent.'}]",
431,BESHENKOVICHI,Vitebsk,Belorussia,,jews_arrived,17EX,Jews settled in the first half of the 18th cent.,[],[],
432,BETSCHE,Posen-West,Germany,Poland,community_present,17MX,"By the mid-18th century, there was a J. community","[{'lang': 'pol', 'name': 'Pszczew'}]",[],
433,BETTINGEN-HUETTERSDORF,Saar,Germany,,first_mention,1724,Jews are first mentioned in B. in 1724,[],[],
434,BETYGALA,Raseiniai,Lithuania,,POP,1923,The J. pop. in 1923 was 85,[],[],
435,BETZDORF,Rhineland,Germany,,jews_arrived,18LX,"Jews settled in the late 19th cent., four families being mentioned in 1883",[],[],
436,BEUEL,Rhineland,Germany,,jews_present,17MX,Jews were again present in the mid-18th cent.,[],"[{'event': 'Black Death persecutions', 'year': '1348–1349', 'impact': 'medieval community destroyed', 'source': 'The medieval J. community was destroyed in the Black Death persecutions of 1348-49'}]",
437,BEUERN,Hesse,Germany,,community_founded,1706,Established in 1706,[],[],
438,BEURIG-SAARBURG,Rhineland,Germany,,jews_present,13XX,Jews were present in Saarburg in the 14th cent.,[],[],
439,BEUTHEN,Upper Silesia,Germany,Poland,jews_arrived,12XX,Jews arrived in the 13th cent.,"[{'lang': 'pol', 'name': 'Bytom'}]",[],
440,BEVERUNGEN,Westphalia,Germany,,jews_arrived,1586,The Bishop of Paderborn granted two J. families residence rights in 1586,[],[],
441,BEVERWIJK,Noord-Holland,Holland,,community_present,1800,A J. community existed in 1800,[],[],
442,BEZDAN,Vojvodina,Yugoslavia,,jews_arrived,1740,Jews settled in B. in 1740,[],[],
443,BEZHANITSY,Kalinin,Russia,,,,,[],[],
444,BEZIDUL NOU,N. Transylvania,Rumania,,community_founded,1868–1869,converted to Judaism and founded a community,"[{'lang': 'hun', 'name': 'Bozodujfalu'}]",[],
445,BEZIERS,Herault,France,,community_founded,11MX,The synagogue in B. was built in the middle of the 12th cent.,[],[],
446,BIALACHOW,Lodz,Poland,,jews_arrived,1860,Jews first settled here in 1860,[],[],
447,BIALA PODLASKA,Lublin,Poland,,community_present,16EX,An organized community with a synagogue and cemetery existed in the first half of the 17th cent.,[],[],
448,BIALA RAWSKA,Lodz,Poland,,jews_present,17LX,Jews lived in B. from the late 18th cent.,[],[],
449,BIALOBRZEGI,Kielce,Poland,,jews_arrived,18EX,Jews settled in the early 19th cent.,[],"[{'event': 'Great fire', 'year': '1910', 'impact': '100 Jewish homes and the synagogue destroyed', 'source': 'In 1910 a great fire destroyed 100 J. homes and the synagogue'}]",
450,BIALOGON,Kielce,Poland,,POP,1921,The J. pop. in 1921 was 252,[],[],
451,BIALOWIEZA,Bialystok,Poland,,jews_arrived,18EX,Jews settled in small numbers in the early 19th cent.,[],[],
452,BIALOZORKA,Volhynia,Poland,Ukraine,jews_arrived,17EX,Jews settled in the early 18th cent.,[],[],
453,BIALY KAMIEN,Tarnopol,Poland,Ukraine,first_mention,1629,Jews are recorded from 1629,"[{'lang': 'yid', 'name': 'Bilkamen'}]",[],
454,BIALYSTOK,Bialystok,Poland,,jews_arrived,17EX,Jews were encouraged to settle in the early 18th cent.,[],[],
455,BIARRITZ,Basses-Pyrenees,France,,community_present,16EX,The J. community dates to the beginning of the 17th cent.,[],[],
456,BIBERGAU,Lower Franconia,Germany,,jews_present,16LX,Jews are known from the late 17th cent.,"[{'lang': 'yid', 'name': 'Biberich'}]",[],
457,BIBLIS,Hesse,Germany,,POP,1871,numbering almost 200 (8% of the total.) in 1871,[],[],
458,BIBRA,Thuringia,Germany,,jews_present,1678,"In 1678, eight J. families lived in B.",[],"[{'event': 'expulsions', 'year': '16XX', 'impact': 'expelled repeatedly', 'source': 'were expelled again and again during the 16th cent.'}]",
459,BICSKE,Fejer,Hungary,,jews_arrived,17EX,Jews settled in the early 18th cent.,[],"[{'event': 'post-WWI violence', 'year': 'after WWI', 'impact': 'severely victimized', 'source': 'After WWI, the Jews were severely victimized'}]",
460,BIEBESHEIM,Hesse,Germany,,POP,1861,Numbering 49 (3.1% of the total) in 1861,[],[],
461,BIEBRICH AM RHEIN,Hesse-Nassau,Germany,,jews_present,16XX,Jews lived there and in nearby Mosbach from the 17th cent.,[],[],
462,BIECZ,Cracow,Poland,,community_founded,17XX,in the 18th cent. were ... a permanent community formed,[],[],
463,BIELAWY,Warsaw,Poland,,community_present,17XX,A J. community existed from the 18th cent.,[],[],
464,BIELEFELD,Westphalia,Germany,,jews_arrived,1370,Jews again settled in 1370,[],"[{'event': 'Black Death persecutions', 'year': '1348–1349', 'impact': 'community destroyed', 'source': 'the community was destroyed in the Black Death persecutions of 1348-49'}]",
465,BIELICA,Nowogrodek,Poland,Belarus,jews_arrived,15XX,Jews apparently arrived in the 16th cent.,[],[],
466,BIELLA,Piedmont,Italy,,first_mention,15XX,first documented evidence ... dates back to the 16th cent.,[],"[{'event': 'Ghetto established', 'year': '1723', 'impact': '', 'source': 'The ghetto was officially introduced in 1723'}]",
467,BIELOPOLIE,Sumy,Ukraine,,POP,1897,The J. pop. was 105 ... in 1897,[],[],
468,BIELSK,Warsaw,Poland,,community_present,18XX,The J. community began to develop ... in the 19th cent.,[],"[{'event': 'World War I disruptions', 'year': '1914–1918', 'impact': 'many fled', 'source': 'Many fled during WWI.'}]",
469,BIELSKO-BIALA,Cracow,Poland,,jews_arrived,,Jews settled in Bielsko in the second half ...,"[{'lang': 'yid', 'name': 'Biala-Bielitz'}]",[],
470,BIELSK PODLASKI,Bialystok,Poland,,jews_arrived,14LX,The first Jews settled in the late 15th cent.,[],"[{'event': 'community disappeared', 'year': '17th–18th centuries', 'impact': 'no Jews present', 'source': 'no Jews were present in the 17th-18th cents.'}]",
471,BIERSTADT,Hesse-Nassau,Germany,,community_founded,1827,"Established in 1827, the community",[],[],
472,BIEZUN,Warsaw,Poland,,community_present,18EX,By the beginning of the 19th cent. the Jews constituted an independent community.,[],"[{'event': 'World War I disruptions', 'year': '1914–1918', 'impact': 'suffered greatly', 'source': 'In WWI they suffered greatly'}]",
473,BIGGE,Westphalia,Germany,,jews_present,1846,Eight J. families were present in 1846,[],[],
474,BIHAC,,Yugoslavia,Republic of Bosnia,jews_arrived,,Jews probably settled during Ottoman rule.,[],[],
475,BIHARKERESZTES,Bihar,Hungary,,jews_present,18MX,Jews were apparently present in the mid-19th cent.,[],[],
476,BIHARNAGYBAJOM,Bihar,Hungary,,jews_arrived,18EX,Jews settled in the early 19th cent.,"[{'lang': 'hun', 'name': 'Nagybajom'}]",[],
477,BIJELJINA,,Yugoslavia,Republic of Bosnia,community_founded,18XX,The J. community was established in the 19th cent. or earlier.,[],[],
478,BIKOVKA,Zhitomir,Ukraine,,POP,1897,Jews numbered 92 in 1897,[],[],
479,BILA CIRKEV,Carpatho-Russia,Czechoslovakia,Ukraine,jews_arrived,17MX,Jews probably settled in the mid-18th cent.,"[{'lang': 'hun', 'name': 'Fejeregyhaza'}, {'lang': 'yid', 'name': 'Vais Feld'}]",[],
480,BILCZE ZLOTE,Tarnopol,Poland,Ukraine,POP,,Between 20 and 30 J. families lived here mostly as farmers,[],[],
481,BILGORAI,Lublin,Poland,,jews_present,15LX,dating from the late 16th cent.,[],"[{'event': 'Chmielnicki massacres', 'year': '1648–1649', 'impact': 'community destroyed', 'source': 'destroyed in the Chmielnicki massacres of 1648-49'}]",
482,BILINA,Bohemia,Czechoslovakia,,first_mention,1417,Jews are first mentioned in 1417,[],[],
483,BILKY,Carpatho-Russia,Czechoslovakia,Ukraine,jews_arrived,17EX,J. settlement dates from the first half of the 18th cent.,"[{'lang': 'hun', 'name': 'Bilke'}]",[],
484,BILLERBECK,Westphalia,Germany,,jews_present,16LX,One J. family was present in the late 17th cent.,[],[],
485,BILLIGHEIM (I),Baden,Germany,,jews_arrived,16LX,The first Jews settled after the Thirty Years War,[],[],
486,BILLIGHEIM (II),Palatinate,Germany,,jews_arrived,1710,Jews received residence rights in 1710,[],[],
487,BILOVEC,Silesia,Czechoslovakia,,jews_arrived,18MX,Jews probably settled in the mid-19th cent.,[],[],
488,BINAU,Baden,Germany,,jews_present,17LX,Jews were present by the late 18th cent.,[],[],
489,BINGEN,Hesse,Germany,,jews_arrived,10XX,"From the 11th cent., J. moneylenders were permitted to settle there",[],[],
490,BINSWANGEN,Swabia,Germany,,jews_present,15LX,A J. settlement existed in the second half of the 16th cent.,[],[],
491,BIRCZA,Lwow,Poland,Ukraine,first_mention,1577,A single J. family is mentioned as early as 1577,"[{'lang': 'yid', 'name': 'Berch'}]",[],
492,BIRKENAU,Hesse,Germany,,POP,1828,Numbering 66 in 1828,[],[],
493,BIRKENFELD,Oldenburg,Germany,,jews_present,1808,Eleven Jews were present in 1808,[],[],
494,BIRSTEIN,Hesse-Nassau,Germany,,community_founded,17LX,Founded in the late 18th cent.,[],[],
495,BIRZAI,,Lithuania,,jews_arrived,16EX,Jews first settled in B. at the turn of the 17th cent.,"[{'lang': 'yid', 'name': 'Birzh'}]",[],
496,BISCHHEIM AU SAUM,Bas-Rhin,France,,first_mention,16EX,A. J. community is first mentioned around 1600,[],[],
497,BISCHOFSBURG,East Prussia,Germany,Poland,jews_arrived,18XX,J. settlement started probably only in the 19th cent.,"[{'lang': 'pol', 'name': 'Biskupiec'}]",[],
498,BISCHOFSHEIM,Hesse,Germany,,POP,1871,numbering 82 (about 5% of the total) in 1871,[],[],
499,BISCHOFSWERDER,East Prussia,Germany,Poland,jews_arrived,17MX,Jews settled in B. in the mid-18th cent.,"[{'lang': 'pol', 'name': 'Biskupie'}]",[],
500,BISCHWILLER,Bas-Rhin,France,,jews_arrived,1845,Jews only returned to settle in 1845,"[{'lang': 'ger', 'name': 'Bischweiler'}]","[{'event': 'Black Death persecutions', 'year': '1348–1349', 'impact': 'Jews massacred; community destroyed', 'source': 'massacred during the Black Death persecutions of 1348-49'}]",
501,BISKUPICE,Lublin,Poland,,community_present,17MX,A small J. community was present in the mid-18th cent.,[],[],
502,BISTRA,N. Transylvania,Rumania,,community_founded,18MX,A J. community was established in the mid-19th cent.,"[{'lang': 'hun', 'name': 'Bisztra'}]",[],
503,BISTRITA,N. Transylvania,Rumania,,community_founded,1860s,A J. community was organized in the 1860s,"[{'lang': 'hun', 'name': 'Besztece'}]",[],
504,BITBURG,Rhineland,Germany,,jews_present,1808,Five Jews were present in 1808,[],[],
505,BITOLA,Monastir,Yugoslavia,,jews_arrived,14XX,Jews settled in B. in the 15th cent. or earlier,[],[],
506,BITTERFELD,Saxony,Germany,,community_founded,c. 1880,A J. settlement was established around 1880,[],"[{'event': 'Black Death persecutions', 'year': '1348–1349', 'impact': 'medieval community wiped out', 'source': 'wiped out in the Black Death persecutions 1348-49'}]",
507,BIUK-ONLAR,Crimea,Russia,Ukraine,jews_arrived,19EX,first Jews to arrive and settle illegally in the early 20th cent.,"[{'lang': 'rus', 'name': 'Oktyabrskoye'}]",[],
508,BIVOLARI,Moldavia,Rumania,,jews_arrived,18EX,Jews settled in the early 19th cent.,[],[],
509,BIXAD,N. Transylvania,Rumania,,jews_arrived,17LX,Jews from Galicia settled in the late 18th cent.,"[{'lang': 'hun', 'name': 'Bikszad'}]",[],
510,BIZERTE,Bizerte,Tunisia,,community_present,ancient,"There is evidence of a J. community in the Phoenician, Roman, and Byzantine periods","[{'lang': 'fra', 'name': 'Benzert'}]",[],
511,BJELOVAR,Croatia,Yugoslavia,Republic of Croatia,community_founded,1877,The J. community was established in 1877,[],[],
512,BLAGOEVO,Odessa,Ukraine,,POP,1939,The J. pop. in 1939 was 105,"[{'lang': 'rus', 'name': 'Bolshoyi Buyalik'}]",[],
513,BLAJ,S. Transylvania,Rumania,,community_founded,1871,A J. community was founded in 1871,"[{'lang': 'hun', 'name': 'Balazsfalva'}, {'lang': 'ger', 'name': 'Blasendorf'}]",[],
514,BLAMONT,Meurthe-et-Moselle,France,,community_founded,1844,The synagogue in this village was inaugurated in 1844,[],[],
515,BLASZKI,Lodz,Poland,,jews_present,1764,"By 1764, 56 Jews earned their living here",[],[],
516,BLAZOWA,Lwow,Poland,,jews_arrived,17XX,The J. settlement dates from the 18th cent.,[],[],
517,BLEICHERODE,Saxony,Germany,,jews_present,1290,Jews were living in B. in 1290,[],"[{'event': 'expulsion', 'year': '1593', 'impact': 'all Jews expelled', 'source': 'in 1593 all the Jews were expelled from the city'}]",
518,BLENDUV,Warsaw,Poland,,jews_arrived,1820s,Jews appeared with the founding of the town... in the 1820s,[],[],
519,BLEZEWO,Volhynia,Poland,Ukraine,POP,1921,Jews numbered 101 in 1921,[],[],
520,BLOIS,Loir-et-Cher,France,,first_mention,992,The earliest reference to Jews in B. is in 992,[],"[{'event': 'blood libel', 'year': '1171', 'impact': '', 'source': 'A blood libel in 1171 was the first ritual murder accusation in France'}]",
521,BLOMBERG,Lippe,Germany,,jews_present,1500,had a cemetery there as early as 1500,[],[],
522,BLONIE,Warsaw,Poland,,community_founded,1862,With the removal of residence restrictions in 1862 a community emerged,[],[],
523,BOBENHAUSEN,Hesse,Germany,,community_founded,17LX,Established in the second half of the 18th cent.,[],[],
524,BOBER,Kiev,Ukraine,,jews_present,1878,a pop. of eight J. families in 1878,[],[],
525,BOBINICHI,Vitebsk,Belorussia,,POP,1920,Jews numbered 170 (total 219) in 1920,[],[],
526,BOBOWA,Cracow,Poland,,jews_present,1765,A community of 44 families lived there in 1765,"[{'lang': 'yid', 'name': 'Bobov'}]",[],
527,BOBR,Minsk,Belorussia,,jews_arrived,17EX,Jews probably settled in the first half of the 18th cent.,[],[],
528,BOBRINETS,Kirovograd,Ukraine,,jews_arrived,19EX,Jews probably settled in the early 19th cent.,[],[],
529,BOBRKA,Lwow,Poland,Ukraine,community_founded,16LX,"community, probably founded in the late 17th cent.","[{'lang': 'yid', 'name': 'Boibrik'}]",[],
530,BOBROVITSA,Chernigov,Ukraine,,jews_arrived,18LX,Jews settled in the latter half of the 19th cent.,[],"[{'event': 'White Army pogroms', 'year': '1919–1920', 'impact': 'continuing pogrom', 'source': ""Anton Denikin's White Army staged a continuing pogrom from Dec. 1919 to Fe""}]",
531,BOBROVYI KUT,Nikolaiev,Ukraine,,community_founded,1807,B. was founded in 1807 by Jews from Mogilev.,[],[],
532,BOBROWNIKI,Lublin,Poland,,community_founded,17XX,only formed an organized community in the 18th cent.,[],[],
533,BOBRUISK,Mogilev,Belorussia,,jews_present,1776,The J. pop. grew from 359 in 1776,[],[],
534,BOCHEYKOVO,Vitebsk,Belorussia,,POP,1897,The J. pop. was 323 (total 722) in 1897,[],[],
535,BOCHNIA,Cracow,Poland,,jews_arrived,12XX,Jews settled in the 13th cent.,[],[],
536,BOCHOLT,Westphalia,Germany,,jews_arrived,16XX,Continuous J. settlement started in the 17th century.,[],[],
537,BOCHUM,Westphalia,Germany,,jews_present,15LX,A permanent J. settlement dates from the late 16th cent.,[],[],
538,BOCICOIUL MARE,N. Transylvania,Rumania,,jews_arrived,17EX,Jews first settled in the early 18th cent.,"[{'lang': 'hun', 'name': 'Nagybocsko'}]",[],
539,BOCKI,Bialystok,Poland,Belarus,community_founded,15XX,"Founded in the 16th cent., the J. settlement",[],[],
540,BODENFELDE,Hanover,Germany,,community_founded,1825,opened a synagogue in 1825,[],[],
541,BODENHEIM,Hesse,Germany,,POP,1853,numbered 118 in 1853,[],[],
542,BODERSWEIER,Baden,Germany,,jews_arrived,16EX,Jews first settled in the early 17th cent.,[],[],
543,BODROGKERESZTUR,Zemplen,Hungary,,first_mention,1726,first mentioned in 1726,[],[],
544,BODZANOW,Warsaw,Poland,,community_present,18LX,A community existed from the late 19th cent.,[],"[{'event': 'Violence and plunder', 'year': '1919', 'impact': 'Jews plundered and maltreated', 'source': 'In 1919, Jews were plundered and maltreated by Polish soldiers'}]",
545,BODZENTYN,Kielce,Poland,,jews_arrived,18EX,Jews first settled in the early 19th cent.,[],[],
546,BOECHINGEN,Palatinate,Germany,,community_present,17XX,A synagogue was in use in the 18th cent.,[],[],
547,BOEDIGHEIM,Baden,Germany,,jews_arrived,1345,The J. settlement began in 1345,[],[],
548,BOENSTADT,Hesse,Germany,,POP,1861,Numbering 51 (7.6% of the total) in 1861,[],[],
549,BOESINGFELD,Lippe,Germany,,community_present,1890,"In 1890, the J. pop. was 35",[],[],
550,BOGACHEVKA,Odessa,Ukraine,,community_founded,1850,founded as a J. farm settlement in 1850,[],[],
551,BOGDANOVKA,Stavropol territory,Russia,,jews_arrived,18EX,"Expelled from Persia in the early 19th cent., they settled",[],[],
552,BOGODUKHOV,Kharkov,Ukraine,,POP,1897,Jews numbered 89 ... in 1897,[],[],
553,BOGORJA,Kielce,Poland,,community_present,1789,A J. community of 125 was present in 1789,[],[],
554,BOGORODITSK,Tula,Russia,,jews_arrived,19EX,Jews probably settled in the early 20th cent.,[],[],
555,BOGUSHEVSK,Vitebsk,Belorussia,,POP,1811,The J. pop. was 144 in 1811,[],[],
556,BOGUSLAV,Kiev,Ukraine,,jews_arrived,16EX,J. settlement commenced in the early 17th cent.,[],[],
557,BOHDAN,Carpatho-Russia,Czechoslovakia,Ukraine,jews_arrived,18MX,Jews settled in the mid-19th cent.,"[{'lang': 'hun', 'name': 'Tiszabogdany'}]",[],
558,BOHORODCZANY,Stanislawow,Poland,Ukraine,jews_present,16LX,Jews appear with the founding of the town at the end of the 17th cent.,"[{'lang': 'yid', 'name': 'Bradshin'}]",[],
559,BOHUMIN,Silesia,Czechoslovakia,,first_mention,1655,A J. soap manufacturer and a J. distiller are mentioned in 1655,[],[],
560,BOIAN,Bukovina,Rumania,Ukraine,jews_arrived,1860,Jews were granted permission to settle in 1860,[],"[{'event': 'World War I', 'year': '1914', 'impact': 'Jewish quarter burned', 'source': 'In 1914, Russian troops burned the J. quarter'}]",
561,BOJARKA,Kiev,Ukraine,,POP,1765,Jews numbered 13 in 1765,[],[],
562,BOJNA,Slovakia,Czechoslovakia,Republic of Slovakia,community_present,18EX,An independent community ... existed in the village from the early 19th cent.,[],[],
563,BOKONY,Szabolcs,Hungary,,jews_arrived,17LX,Jews settled in the late 18th cent.,[],"[{'event': 'post-WWI pillaging', 'year': '', 'impact': 'many left; pop. 137 in 1930', 'source': 'After widespread pillaging following WWI, many left'}]",
564,BOKOVO-ANTRATSIT,Voroshilovgrad,Ukraine,,POP,1939,The J. pop. in 1939 was 118,[],[],
565,BOLDVA,Borsod,Hungary,,jews_present,1747,Jews were present in 1747,[],[],
566,BOLECHOW,Stanislawow,Poland,Ukraine,jews_arrived,1612,Jews appeared with the founding of the town in 1612,[],"[{'event': 'Tartar raid', 'year': '1669', 'impact': 'town burned', 'source': 'The town was burned by the Tartars in 1669'}]",
567,BOLESLAWIEC,Lodz,Poland,,jews_arrived,16MX,Jews first settled in the mid-17th cent.,[],[],
568,BOLESOV,Slovakia,Czechoslovakia,Republic of Slovakia,jews_present,17EX,A few J. families were present in the first half of the 18th cent.,[],[],
569,BOLGRAD,Bessarabia,Rumania,Republic of Moldova,jews_present,1869,"In 1869, the Turks ... tried to expel them",[],"[{'event': 'attempted expulsion by Turkish authorities', 'year': '1869', 'impact': 'attempt to expel Jews', 'source': 'the Turks ... tried to expel them'}]",
570,BOLIMOW,Lodz,Poland,,jews_arrived,17MX,In the mid-18th cent. a number of J. innkeepers settled here,[],"[{'event': 'World War I fighting', 'year': '1914–1918', 'impact': '', 'source': 'In WWI, after heavy fighting'}]",
571,BOLLENDORF,Rhineland,Germany,,jews_arrived,18MX,Jews first settled in the mid-19th cent.,[],[],
572,BOLOGNA,,Italy,,jews_arrived,02XX,The first J. settlements date back to the third and fourth cents.,[],"[{'event': 'expulsion (temporary)', 'year': '1171', 'impact': 'temporary expulsion', 'source': 'The Jews are mentioned in 1171, when they were temporarily expelled'}, {'event': 'segregation to a separate quarter', 'year': '1366', 'impact': 'confined within a separate quarter', 'source': 'In 1366 they were confined within a separate quart'}]",
573,BOLSHAIA VRADIEVKA,Odessa,Ukraine,,POP,1939,The J. pop. in 1939 was 481,[],[],
574,BOLSHAYA ALEKSANDROVKA,Nikolaiev,Ukraine,,jews_arrived,18MX,Jews settled in the mid-19th cent,[],[],
575,BOLSHIYE NEZGORTSI,Zhitomir,Ukraine,,POP,1897,The J. pop. was 339 in 1897,[],[],
576,BOLSHOY TOKMAK,Zaporozhe,Ukraine,,POP,1897,"Jews numbered 2,421 ... in 1897",[],[],
577,BOLSZOWCE,Stanislawow,Poland,,first_mention,1635,Jews are recorded from 1635,"[{'lang': 'yid', 'name': 'Bolshevits'}]","[{'event': 'World War I suffering', 'year': '1914–1918', 'impact': 'radical decline in the J. pop.', 'source': 'The sufferings of WWI led to a radical decline in the J. pop.'}]",
578,BONFELD,Wurttemberg,Germany,,jews_arrived,18LX,The permanent J. settlement dates from the second half of the 18th cent.,[],[],
579,BONN,Rhineland,Germany,,jews_present,10XX,Jews were present by the 11th cent. at the latest,[],[],
580,BONNLAND,Lower Franconia,Germany,,POP,,Jews numbered 73 in 1816 and eight in 1933,[],[],
581,BONN-POPPELSDORF,Rhineland,Germany,,first_mention,1624,Jews are mentioned in 1624,[],[],
582,BONYHAD,Tolna,Hungary,,jews_arrived,17EX,after the expulsion of the Turks in the early 18th cent.,[],[],
583,BOPPARD,Rhineland,Germany,,community_present,11XX,A J. community existed in the 12th cent.,[],[],
584,BORCULO,Gelderland,Holland,,jews_arrived,16XX,Jews first settled in the 17th cent.,"[{'lang': 'nld', 'name': 'Borkelo'}]",[],
585,BORDEAUX,Gironde,France,,first_mention,5LX,The first reference to Jews ... dates to the second half of the sixth cent.,[],[],
586,BOREMEL,Volhynia,Poland,Ukraine,jews_arrived,1782,Jews settled shortly before 1782,"[{'lang': 'pol', 'name': 'Michalowka'}]",[],
587,BORGHORST,Westphalia,Germany,,jews_arrived,1720,Jews settled in 1720,[],[],
588,BORISOV,Minsk,Belorussia,,jews_arrived,15XX,J. settlement began in the 16th cent.,[],[],
589,BORKEN (I),Hesse-Nassau,Germany,,community_founded,17XX,Established in the 18th cent.,[],[],
590,BORKEN (II),Westphalia,Germany,,jews_present,13EX,Jews were occasionally present from the early 14th century,[],[],
591,BORKOVICHI,Vitebsk,Belorussia,,POP,,The J. pop. was 92 (total 180) in 1920,[],[],
592,BORNE,Overijssel,Holland,,jews_arrived,16LX,J. settlement began in the late 17th cent.,[],[],
593,BORNHEIM,Rhineland,Germany,,jews_present,16XX,Individual Jews were present in the 17th cent.,[],[],
594,BORODIANKA,Kiev,Ukraine,,jews_arrived,17XX,Jews settled in the 18th cent.,[],"[{'event': 'Pogrom/attacks', 'year': '1917', 'impact': 'Jews attacked by gangs', 'source': 'In fall 1917, Jews were attacked by gangs'}, {'event': 'Pogrom/attacks', 'year': '1923-02-23', 'impact': ""attack by Petlyura's bands"", 'source': ""on 23 Feb. 1923, by Petlyura's""}]",
595,BOROVAJA,Latgale,Latvia,,community_present,19XX,This 20th cent. J. community was one of the youngest in Latvia,"[{'lang': 'yid', 'name': 'Borovka'}]",[],
596,BOROVKA,Vinnitsa,Ukraine,,POP,1784,Jews numbered 48 in 1784,[],[],
597,BOROVSK,Moscow,Russia,,POP,1926,Jews numbered 43 in 1926,[],[],
598,BOROWA,Cracow,Poland,,jews_present,1921,"The Jews numbered 186 (total 1,256) in 1921",[],[],
599,BOROWAYA,Kiev,Ukraine,,POP,1939,The J. pop. in 1939 was 176,[],[],
600,BORSA,N. Transylvania,Rumania,,jews_arrived,17MX,Jews from Galicia settled in the mid-18th cent.,[],[],
601,BORSEC,N. Transylvania,Rumania,,jews_arrived,18LX,Jews settled in this health spa in the late 19th cent.,"[{'lang': 'hun', 'name': 'Borszek'}]",[],
602,BORSHCHAGOVKA,Vinnitsa,Ukraine,,jews_present,1763,Four J. families were present in 1763,[],"[{'event': 'pogrom', 'year': '', 'impact': 'most Jews left', 'source': 'after most Jews left in the wake of a pogrom'}]",
603,BORSZCZOW,Tarnopol,Poland,,jews_arrived,16XX,there is evidence of J. settlement in the 17th cent.,[],[],
604,BORYNIA,Lwow,Poland,Ukraine,jews_present,1880,In 1880 there were 86 Jews,[],[],
605,BORYSLAW,Lwow,Poland,Ukraine,community_present,18EX,The small J. community of the early 19th cent.,[],[],
606,BORYSOPOL,Kiev,Ukraine,,jews_arrived,16XX,Jews settled in the 17th cent.,[],"[{'event': 'Chmielnicki massacres', 'year': '1648–1649', 'impact': 'community ended', 'source': 'the community ended in the Chmielnicki massacres of 1648–49'}, {'event': 'peasant riots', 'year': '', 'impact': 'Jews injured; property looted', 'source': 'Jews were injured and J. property was looted in peasant rioting in July 188'}]",
607,BORZAVA,Carpatho-Russia,Czechoslovakia,Ukraine,jews_arrived,17LX,J. settlement began at the end of the 18th cent.,"[{'lang': 'hun', 'name': 'Nagyborzsva'}]",[],
608,BORZNA,Chernigov,Ukraine,,jews_present,17LX,Jews in small numbers were present in the late 18th cent.,[],[],
609,BOSACA,Slovakia,Czechoslovakia,Republic of Slovakia,jews_arrived,16LX,Jews settled in the late 17th cent.,[],"[{'event': 'peasant riots', 'year': '', 'impact': 'Jewish homes and stores looted', 'source': 'J. homes and stores were looted in peasant riots'}]",
610,BOSANY,Slovakia,Czechoslovakia,Republic of Slovakia,community_present,18MX,A J. community of 150 existed in the mid-19th cent.,[],[],
611,BOSEN,Oldenburg,Germany,,jews_present,16XX,Jews were living in B. from the 17th cent.,[],[],
612,BOSKOVICE,Moravia,Czechoslovakia,,first_mention,1069,A J. tombstone has been dated to 1069,[],"[{'event': 'refugee influx', 'year': '', 'impact': 'community grew', 'source': 'The community grew with the arrival of refugees from Brno and other Moravian cities in 145'}]",
613,BOTANY,Slovakia,Czechoslovakia,Republic of Slovakia,POP,,"The J. pop. was 146 in 1880, dropping ... to 67 in 1930","[{'lang': 'hun', 'name': 'Battyan'}]",[],
614,BOTIZ,N. Transylvania,Rumania,,jews_arrived,17LX,Jews settled in the late 18th cent.,"[{'lang': 'hun', 'name': 'Batiz'}]",[],
615,BOTIZA,N. Transylvania,Rumania,,community_founded,18MX,A J. community was established in the mid-19th cent.,"[{'lang': 'hun', 'name': 'Batiza'}]",[],
616,BOTOSANI,Moldavia,Rumania,,jews_arrived,15XX,Jews first settled in the 16th cent.,[],[],
617,BOTTROP,Westphalia,Germany,,jews_present,1842,Two Jews were present in 1842,[],[],
618,BOULAY,Moselle,France,,jews_present,13LX,Jews lived in B. from the end of the 14th cent.,[],"[{'event': 'blood libel accusation', 'year': '1671', 'impact': '', 'source': 'a false ritual murder accusation'}, {'event': 'regional synagogue privilege', 'year': '1699', 'impact': 'only synagogue permitted in Lorraine located here', 'source': 'The only synagogue permitted in Lorraine was located here from 1699'}]",
619,BOULOGNE-SUR-MER,Pas-de-Calais,France,,jews_arrived,18EX,Jews settled in B. from the first half of the 19th cent.,[],[],
620,BOULOGNE-SUR-SEINE,Hauts-de-Seine,France,,community_founded,1911,The synagogue was inaugurated in 1911,[],[],
621,BOURG-EN-BRESSE,Ain,France,,first_mention,1277,Jews are first mentioned in B. In 1277,[],[],
622,BOURGES,Cher,France,,first_mention,568,Saint Germain is mentioned as having converted several Jews in B. in 568,[],[],
623,BOURTANGE,Groningen,Holland,,jews_arrived,17XX,J. settlement began in the 18th cent.,[],[],
624,BOXMEER,Noord-Brabant,Holland,,community_founded,18XX,A community was established in the 19th cent.,[],[],
625,BOZIENI-BALS,Moldavia,Rumania,,jews_arrived,1838,J. families first settled in 1838,[],[],
626,BRAD,S. Transylvania,Rumania,,jews_arrived,18MX,Jews settled here in the mid-19th cent.,[],[],
627,BRAGIN,Polesie,Belorussia,,first_mention,16MX,Jews are first mentioned in the mid-17th cent.,[],"[{'event': 'Chmielnicki massacres', 'year': '1648–1649', 'impact': 'Jews victimized', 'source': 'Jews were victimized in the Chmielnicki massacres of 1648–49'}, {'event': 'Haidamak attacks', 'year': '1750', 'impact': 'Jews attacked', 'source': 'and in Haidamak attacks in 1750'}]",
628,BRAILA,Walachia,Rumania,,jews_arrived,14XX,Jews first settled in the 15th cent.,[],[],
629,BRAILOW,Vinnitsa,Ukraine,,POP,1765,Jews numbered 638 in 1765,[],"[{'event': 'Pogrom (Petlyura bands)', 'year': '1919-07-10', 'impact': 'attacked Jews and looted property', 'source': 'On 10 July 1919, the Petlyura gangs attacked Jews and looted J. property'}]",
630,BRAKEL,Westphalia,Germany,,first_mention,1560,Jews are first mentioned in 1560,[],[],
631,BRANDENBURG AN DER HAVEL,Brandenburg,Germany,,first_mention,1313,The first Jew in B. is mentioned in 1313,[],[],
632,BRANDOBERNDORF,Hesse-Nassau,Germany,,POP,1925,The J. community numbered 25 (3% of the total) in 1925,[],[],
633,BRANDYS NAD LABEM,Bohemia,Czechoslovakia,,community_founded,15EX,The J. settlement was founded in the Hradek quarter in the early 16th cent.,[],"[{'event': 'Expulsion from Moravia', 'year': '1559', 'impact': 'Jews of B. emigrated to Poznan', 'source': 'After the expulsion from Moravia in 1559, the Jews of B. emigrated to Poznan'}]",
634,BRANSK,Bialystok,Poland,,jews_present,16XX,A small number of Jews were present in the 17th–18th cents.,[],[],
635,BRANSZCZYK,Bialystok,Poland,,POP,1921,The J. pop. in 1921 was 140 (total 731),[],[],
636,BRASLAW,Vilna,Poland,,jews_present,15MX,A few J. families were present in the mid-16th cent.,[],[],
637,BRASOV,S. Transylvania,Rumania,,community_founded,1828,A J. community was established in 1828,"[{'lang': 'hun', 'name': 'Brasso'}, {'lang': 'ger', 'name': 'Kronstadt'}]",[],
638,BRATISLAVA,Slovakia,Czechoslovakia,Republic of Slovakia,community_present,11XX,A community apparently existed in the 12th cent.,"[{'lang': 'ger', 'name': 'Pressburg'}, {'lang': 'hun', 'name': 'Pozsony'}]",[],
639,BRATOLIUBOVKA,Kirovograd,Ukraine,,community_present,18EX,one of the community's two synagogues built in the early 19th cent.,[],[],
640,BRATSKOYE,Odessa,Ukraine,,POP,1897,"Jews numbered 241 (total 1,403) in 1897",[],[],
641,BRATSLAW,Vinnitsa,Ukraine,,jews_arrived,16EX,the town was abandoned by the Jews until the early 17th cent.,[],"[{'event': 'Tartar attack', 'year': '1479', 'impact': '~400 Jews killed; community abandoned', 'source': 'In 1479, 400 were killed in a Tartar attack and the town was abandoned by the Jews'}, {'event': 'Chmielnicki massacres', 'year': '1648', 'impact': 'Jews murdered', 'source': 'In 1648, the Jews were murdered'}]",
642,BRAUNFELS,Hesse-Nassau,Germany,,community_founded,1697,An independent J. community was first established in 1697,[],[],
643,BRAUNSBACH,Wuerttemberg,Germany,,first_mention,1673,Jews are first mentioned in 1673.,[],[],
644,BRAUNSBERG,East Prussia,Germany,Poland,first_mention,1744,The first evidence of Jews dates from 1744.,"[{'lang': 'pol', 'name': 'Braniewo'}]",[],
645,BRAUNSCHWEIG,Brunswick,Germany,,first_mention,1282,First evidence of a J. presence dates from 1282.,[],"[{'event': 'Black Death persecutions', 'year': '1348–1349', 'impact': '', 'source': 'In the Black Death persecutions'}]",
646,BRCKO,Bosnia-Hercegovina,Yugoslavia,Republic of Bosnia,jews_present,18XX,Jews lived in B. before the 19th cent.,[],[],
647,BREAZA,Bukovina,Rumania,,jews_arrived,18LX,Jews first settled in the late 19th cent.,[],[],
648,BREB,N. Transylvania,Rumania,,community_present,18MX,A J. community existed ... in the mid-19th cent.,[],[],
649,BRECLAV,Moravia,Czechoslovakia,,first_mention,1411,Jews are first mentioned in 1411,[],"[{'event': 'Riots', 'year': '1574', 'impact': 'attacked in riots', 'source': 'They were attacked in riots in 1574'}]",
650,BREDA,Noord-Brabant,Holland,,community_founded,18EX,Organized J. settlement began in the early 19th cent.,[],[],
651,BREISACH,Baden,Germany,,jews_arrived,13EX,The J. settlement probably began in the early 14th cent.,"[{'lang': 'yid', 'name': 'Bizach'}, {'lang': 'yid', 'name': 'Brizche'}]","[{'event': 'Black Death persecutions', 'year': '1348–1349', 'impact': 'all the Jews were burned alive', 'source': 'All the Jews were burned alive in the Black Death persecutions of 1348-49.'}]",
652,BREITENBACH AM HERZBERG,Hesse-Nassau,Germany,,jews_present,17MX,Jews lived in B. from the mid-18th cent.,[],[],
653,BREMEN,Free Hanseatic city,Germany,,jews_present,13XX,evidence of individual Jews in B. from the 14th cent.,[],[],
654,BREMERVOERDE,Hanover,Germany,,jews_arrived,18MX,The first Jew granted a residence permit ... during the Seven Years War (1756-63).,[],[],
655,BREMKE,Hanover,Germany,,community_present,18MX,Up to 40 pupils attended their religious school (1844-1914).,[],[],
656,BRESLAU,Lower Silesia,Germany,Poland,community_present,11XX,"Between the 12th and the mid-15th cent., there were three medieval J. communities.","[{'lang': 'pol', 'name': 'Wroclaw'}]",[],
657,BREST-LITOVSK,Polesie,Poland,Belarus,jews_arrived,13MX,Jews probably began to settle in the mid-14th cent.,"[{'lang': 'pol', 'name': 'Brzesc nad Bugiem'}, {'lang': 'yid', 'name': 'Brisk'}, {'lang': 'yid', 'name': 'Brisk de-Lita'}]",[],
658,BRETTEN,Baden,Germany,,jews_present,13EX,Jews were present in the early 14th cent.,[],"[{'event': 'Armleder massacres', 'year': '1336–1339', 'impact': 'some Jews killed', 'source': 'Some lost their lives in the Armleder massacres of 1336-39'}, {'event': 'Black Death persecutions', 'year': '1348–1349', 'impact': 'all were slaughtered; community destroyed', 'source': 'all were slaughtered in the Black Death persecutions of 1348-49'}]",
659,BRETZENHEIM,Hesse,Germany,,jews_present,15XX,Jews lived there from the 16th cent.,[],[],
660,BREUNA,Hesse-Nassau,Germany,,jews_present,17MX,Jews lived there from the mid-18th cent.,[],[],
661,BREYELL,Rhineland,Germany,,first_mention,18EX,Jews are mentioned in the early 19th cent.,[],[],
662,BREZNICE,Bohemia,Czechoslovakia,,community_founded,1570,The J. quarter was founded in 1570.,[],[],
663,BREZNO,Slovakia,Czechoslovakia,Republic of Slovakia,jews_arrived,18MX,Jews probably settled in the 1850s.,"[{'lang': 'hun', 'name': 'Breznobanya'}]",[],
664,BREZOVA,Slovakia,Czechoslovakia,Republic of Slovakia,jews_arrived,16LX,J. refugees from Moravia may have arrived in the late 17th cent.,[],[],
665,BREZOVICA,Slovakia,Czechoslovakia,Republic of Slovakia,jews_arrived,17MX,Jews from Galicia probably settled in the mid-18th cent.,[],[],
666,BRIANKA,Voroshilovgrad,Ukraine,,POP,,The J. pop. in 1939 was 545,[],[],
667,BRIANSK,Oriol,Russia,,jews_present,14XX,Jews lived in B. in the 15th cent.,[],"[{'event': 'Residence ban', 'year': '', 'impact': 'Jews banned from residence', 'source': 'their residence was banned in the following centuries'}]",
668,BRICENA,Bessarabia,Rumania,Republic of Moldova,jews_arrived,1760,Jews first settled in 1760.,[],[],
669,BRICEVA,Bessarabia,Rumania,Republic of Moldova,jews_arrived,1836/1838,first to settle in this J. colony in 1836 (or 1838),[],[],
670,BRIEG,Lower Silesia,Germany,,jews_arrived,13XX,Jews settled in the 14th cent.,"[{'lang': 'pol', 'name': 'Brzeg'}]",[],
671,BRIELLE,Zuid-Holland,Holland,,jews_arrived,1756,Jews first settled in 1756,[],[],
672,BRILON,Westphalia,Germany,,first_mention,1578,first indisputable evidence of a J. presence ... dates from 1578,[],[],
673,BRNO,Moravia,Czechoslovakia,,community_present,12EX,A J. community existed in the first half of the 13th cent.,[],[],
674,BROD,Carpatho-Russia,Czechoslovakia,Ukraine,jews_arrived,18MX,J. settlement probably began in the mid-19th cent.,"[{'lang': 'hun', 'name': 'Borod'}]",[],
675,BRODENBACH,Rhineland,Germany,,jews_present,1808,"First evidence of a modern settlement, including 16 Jews, dates from 1808",[],[],
676,BRODINA,Bukovina,Rumania,,jews_arrived,19EX,Jews settled in the early 20th cent.,[],[],
677,BRODNICA,Pomerania,Poland,,jews_arrived,1772,Jews arrived after the First Partition of Poland in 1772,[],[],
678,BRODY,Tarnopol,Poland,,jews_arrived,15LX,Jews settled when B. was founded in the late 16th cent.,"[{'lang': 'yid', 'name': 'Brod'}]","[{'event': 'Cossack siege and plague', 'year': '1648', 'impact': 'many Jews died of plague', 'source': 'Many fell victim to the plague following the Cossack siege of 1648'}]",
679,BROK,Bialystok,Poland,,jews_arrived,16XX,Jews from Plock first settled in the 17th cent.,[],[],
680,BROSZNIOW,Stanislawow,Poland,Ukraine,POP,1921,"with 226 Jews (total pop. 1,631) in 1921",[],[],
681,BROTDORF,Saar,Germany,,jews_arrived,17EX,The first Jew settled in B. at the beginning of the 18th cent.,[],[],
682,BROVARY,Kiev,Ukraine,,POP,1897,"In 1897, the J. pop. was 888 (total 3,817)",[],"[{'event': 'pogroms', 'year': '', 'impact': '', 'source': 'Pogroms were staged against the Jews in March'}]",
683,BRUCHSAL,Baden,Germany,,jews_present,12LX,A J. settlement existed by the latter 13th cent.,"[{'lang': 'yid', 'name': 'Broshele'}, {'lang': 'yid', 'name': 'Broisl'}]",[],
684,BRUECKENAU,Lower Franconia,Germany,,first_mention,15LX,Jews are mentioned in the late 16th cent.,[],[],
685,BRUEHL,Rhineland,Germany,,first_mention,1177,Jews are first mentioned in 1177,[],[],
686,BRUMATH,Bas-Rhin,France,,POP,1865,The J. pop. numbered 400 in 1865,[],[],
687,BRUNAVA,Courland,Latvia,,community_founded,18MX,A small community was founded in the 1860s,"[{'lang': 'yid', 'name': 'Brunovishok'}]",[],
688,BRUSILOV,Zhitomir,Ukraine,,first_mention,1622,Jews are first mentioned in 1622,[],"[{'event': 'Chmielnicki massacres', 'year': '1648–1649', 'impact': 'community ended', 'source': 'The community ended in the Chmielnicki massacres of 1648–49'}]",
689,BRUSSELS,,Belgium,,jews_present,12MX,Jews are believed to have lived in B. from the middle of the 13th cent.,"[{'lang': 'fra', 'name': 'Bruxelles'}]","[{'event': 'Black Death persecutions', 'year': '1348–1349', 'impact': 'local Jews massacred', 'source': 'During the Black Death persecutions of 1348-49, the local Jews were massacred'}]",
690,BRUSTURY,Carpatho-Russia,Czechoslovakia,Ukraine,jews_arrived,18MX,Jews probably settled in the mid-19th cent.,"[{'lang': 'hun', 'name': 'Brusztura'}]",[],
691,BRZESC KUJAWSKI,Warsaw,Poland,,community_present,15EX,Dating from the early 16th cent.,"[{'lang': 'yid', 'name': 'Brisk de-Koyavi'}]","[{'event': 'Swedish invasion', 'year': 'mid-17th cent.', 'impact': 'community suffered greatly', 'source': 'suffered greatly during the Swedish invasion'}]",
692,BRZESKO,Cracow,Poland,,community_present,18XX,The J. community began to grow in the 19th cent.,"[{'lang': 'yid', 'name': 'Briegl'}]",[],
693,BRZESKO NOWE,Kielce,Poland,,jews_arrived,18LX,Jews were allowed to settle in the late 19th cent.,"[{'lang': 'yid', 'name': 'Bzhisk'}]",[],
694,BRZEZANY,Tarnopol,Poland,Ukraine,jews_arrived,1530,Jews may have been among the first settlers... when it was founded in 1530,"[{'lang': 'yid', 'name': 'Brizan'}]",[],
695,BRZOSTEK,Cracow,Poland,,jews_arrived,17LX,Jews first settled in the late 18th cent.,[],[],
696,BRZOSTOWICA WIELKA,Bialystok,Poland,Belarus,jews_present,18LX,"About 1,100 Jews were present during the second half of the 19th cent.",[],[],
697,BRZOZDOWCE,Lwow,Poland,Ukraine,community_present,16LX,The community apparently dates from the late 17th cent.,"[{'lang': 'yid', 'name': 'Brizdovits'}]",[],
698,BRZOZOW,Lwow,Poland,,jews_arrived,17XX,Permanent settlement began in the 18th cent.,[],[],
699,BUBLITZ,Pomerania,Germany,Poland,first_mention,1728,The first J. family is mentioned in 1728,"[{'lang': 'pol', 'name': 'Bobolice'}]",[],
700,BUCECEA,Moldavia,Rumania,,jews_arrived,18EX,Jews settled here in the early 19th cent.,[],[],
701,BUCHAREST,,Rumania,,jews_arrived,15MX,Sephardi traders from Bulgaria settled in the mid-16th cent.,"[{'lang': 'rum', 'name': 'Bucuresti'}]","[{'event': 'Murder of Jewish creditors', 'year': '13 Nov. 1593', 'impact': 'Jews holding promissory notes were murdered', 'source': 'On 13 Nov. 1593, Jews holding promissory notes... were murdered'}]",
702,BUCHEN,Baden,Germany,,jews_present,13EX,A J. settlement existed in the early 14th cent.,[],"[{'event': 'Armleder massacres', 'year': '1336–1337', 'impact': 'some Jews murdered', 'source': 'Some Jews were murdered in the Armleder massacres of 1336-37'}, {'event': 'Black Death persecutions', 'year': '', 'impact': 'community destroyed', 'source': 'the community was destroyed in the Black Death persecutions'}]",
703,BUCIUMI,N. Transylvania,Rumania,,jews_arrived,17LX,Jews settled in late 18th cent.,"[{'lang': 'hun', 'name': 'Varmezo'}]",[],
704,BUCOVICE,Moravia,Czechoslovakia,,jews_arrived,1454,Jews expelled from the Moravian royal cities in 1454 were probably the first J. settlers,[],[],
705,BUCSOAIA,Bukovina,Rumania,,,,,[],[],No pre-1930 data provided in entry
706,BUCZACZ,Tarnopol,Poland,Ukraine,first_mention,1500,A J. presence is noted from 1500,[],"[{'event': 'Chmielnicki massacres', 'year': '1648–1649', 'impact': ""Jews were among the town's defenders"", 'source': ""Jews were among the town's defenders during the Chmielnicki massacres of 1648-49""}, {'event': 'Turkish wars', 'year': '1672–1675', 'impact': ""Jews were among the town's defenders"", 'source': 'and the Turkish wars of 1672-75'}]",
707,BUDA,Pest-Pilis-Solt-Kiskun,Hungary,,jews_arrived,10XX,Jews settled in the 11th cent.,"[{'lang': 'heb', 'name': 'Ofen'}]",[],
708,BUDAFOK,Pest-Pilis-Solt-Kiskun,Hungary,,jews_arrived,18LX,Jews settled in the late 19th cent.,[],[],
709,BUDA-KOSHELEVO,Gomel,Belorussia,,jews_present,18LX,settlement developed after the Gomel-Minsk railway line was completed in the late 19th cent.,[],[],
710,BUDAPEST,,Hungary,,jews_arrived,1746,Jews from Buda settled in Pest ... after they were expelled ... in 1746,[],[],
711,BUDESTI,N. Transylvania,Rumania,,jews_arrived,17EX,Jews settled in the early 18th cent.,"[{'lang': 'hun', 'name': 'Budfalva'}]",[],
712,BUDKOVCE,Slovakia,Czechoslovakia,Republic of Slovakia,jews_present,17EX,Jews were present in the first half of the 18th cent.,"[{'lang': 'hun', 'name': 'Butka'}]",[],
713,BUDSLAW,Vilna,Poland,Belarus,jews_present,17LX,A few J. families lived there in the latter 18th cent.,[],[],
714,BUDSZENTMIHALY,Szabolcs,Hungary,,jews_present,17LX,Jews were present by the late 18th cent.,[],[],
715,BUDZANOW,Tarnopol,Poland,Ukraine,first_mention,1628,The first Jews are mentioned in 1628,"[{'lang': 'yid', 'name': 'Bizinev'}]",[],
716,BUDZISKA,Lublin,Poland,,POP,1921,The J. pop. was 119 in 1921,[],[],
717,BUECKEBURG,Schaumburg-Lippe,Germany,,community_founded,1660,establishment of a small J. community in 1660,[],"[{'event': 'expulsion', 'year': '1717–172?', 'impact': 'Jews expelled', 'source': 'The Jews were expelled between 1717 and 172'}]",
718,BUEDESHEIM,Hesse,Germany,,POP,1861,numbering 76 (3.5% of the total) in 1861,[],[],
719,BUEDINGEN,Hesse,Germany,,community_founded,1680,Established around 1680,[],[],
720,BUEHL,Baden,Germany,,first_mention,1579,Jews are first mentioned in 1579,[],"[{'event': 'expulsion', 'year': '17EX', 'impact': 'few families forced to leave', 'source': 'the few J. families there were forced to leave in the early 17th cent.'}, {'event': 'resettlement', 'year': '1618–1648', 'impact': 'settlement renewed', 'source': 'settlement was only renewed during the Thirty Years War (1618–1648)'}]",
721,BUENDE,Westphalia,Germany,,POP,1808,Jews numbered six families in 1808,[],[],
722,BUER,Westphalia,Germany,,jews_arrived,18LX,Jews arrived ... only in the last third of the 19th cent.,[],[],
723,BUEREN,Westphalia,Germany,,jews_present,12XX,Jews lived in B. in the 13th cent.,[],"[{'event': 'Host desecration libel massacre', 'year': '', 'impact': 'Jews massacred', 'source': 'massacred by the local pop. at the end of the cent. following a Host desecration libel'}]",
724,BUERGEL,Hesse,Germany,,POP,1828,Numbering 233 (26.7% of the total) in 1828,[],[],
725,BUERSTADT,Hesse,Germany,,POP,1861,Numbering 45 (1% of the total) in 1861,[],[],
726,BUETOW,Pomerania,Germany,Poland,jews_arrived,1720,Jews began to settle in B. after 1720,"[{'lang': 'pol', 'name': 'Bytow'}]",[],
727,BUETTELBORN,Hesse,Germany,,POP,1861,"The community, numbering 42 (3.5% of the total) in 1861",[],[],
728,BUETTHARD,Lower Franconia,Germany,,POP,1867,Jews numbered 63 (total 771) in 1867,[],[],
729,BUGOJNO,Bosnia-Hercegovina,Yugoslavia,Republic of Bosnia,jews_arrived,18LX,Jews settled there at the end of the 19th cent.,[],[],
730,BUGYI,Pest-Pilis-Solt-Kiskun,Hungary,,jews_present,16XX,Jews were present by the 17th cent.,[],[],
731,BUHUSI,Moldavia,Rumania,,jews_arrived,1823,J. settlement began in 1823,[],"[{'event': 'Synagogue built', 'year': '1824', 'impact': 'stone synagogue erected', 'source': 'A stone synagogue was built in 1824'}, {'event': 'Hasidic court founded', 'year': '1866', 'impact': 'R. Yitzhak Friedmann started a hasidic court', 'source': 'R. Yitzhak Friedmann ... started a hasidic court in B. in 1866'}]",
732,BUJ,Szabolcs,Hungary,,first_mention,1770,Jews are mentioned in 1770,[],[],
733,BUJOR,Moldavia,Rumania,,jews_arrived,1825,Jews settled in 1825,[],[],
734,BUK,Poznan,Poland,,community_present,1793,A J. settlement existed at the beginning of Prussian rule in 1793,[],"[{'event': 'Riots', 'year': '1848', 'impact': 'year-old synagogue destroyed; 60 Jewish families lost property', 'source': 'A year-old synagogue was destroyed in 1848 by rioting Poles, when 60 J. families lost their property'}]",
735,BUKACZOWCE,Stanislawow,Poland,Ukraine,community_present,17XX,A permanent J. community developed during the 18th cent.,"[{'lang': 'yid', 'name': 'Bokshevits'}]",[],
736,BUKCHA,Polesie,Belorussia,,POP,1897,The J. pop. was 123 (total 635) in 1897,[],[],
737,BUKI,Kiev,Ukraine,,POP,1847,"Jews numbered 1,182 in 1847",[],"[{'event': 'Pogrom by Ukrainian gangs', 'year': '12–14 May 1919', 'impact': 'many Jews killed; houses looted', 'source': 'On 12-14 May 1919, Ukrainian gangs attacked ... killed many J. and looted houses'}]",
738,BUKOWSKO,Lwow,Poland,,jews_arrived,17XX,Jews settled in the 18th cent.,"[{'lang': 'yid', 'name': 'Bikavsk'}]",[],
739,BUNDE,Hanover,Germany,,community_founded,18XX,a community was only established in the 19th cent.,[],[],
740,BUNZLAU,Lower Silesia,Germany,Poland,jews_present,1370,Jews were present by 1370 at the latest,"[{'lang': 'pol', 'name': 'Bolesławiec'}]",[],
741,BURDUJENI,Moldavia,Rumania,,jews_arrived,17LX,"In the late 18th cent., J. inhabitants of Serpineti (Bukovina) crossed the border and settled in B.",[],[],
742,BURG,Saxony,Germany,,first_mention,1365,References indicate a Street of the Jews in 1365,[],"[{'event': 'Expulsion', 'year': '1493', 'impact': 'Jews expelled', 'source': 'In 1493, the Jews of B. were expelled together with all Jews of the Magdeburg'}]",
743,BURGBROHL,Rhineland,Germany,,POP,1843,The J. pop. was 87 in 1843,[],[],
744,BURGDORF,Hanover,Germany,,POP,1738,"Numbering 29 in 1738, the J. community",[],[],
745,BURGGRAEFENRODE,Hesse,Germany,,POP,1861,Numbering 62 (11.3% of the total) in 1861,[],[],
746,BURGHASLACH,Middle Franconia,Germany,,first_mention,15MX,Jews are mentioned in the mid-16th cent.,[],[],
747,BURGHAUN,Hesse-Nassau,Germany,,community_founded,16XX,"Established in the 17th cent., the J. community",[],[],
748,BURGKUNSTADT,Upper Franconia,Germany,,first_mention,1298,Jews are mentioned as victims of the Rindfleisch massacres of 1298,[],"[{'event': 'Rindfleisch massacres', 'year': '1298', 'impact': 'Jews mentioned as victims', 'source': 'mentioned as victims of the Rindfleisch massacres of 1298'}]",
749,BURGPREPPACH,Lower Franconia,Germany,,jews_present,16XX,Jews were probably present during the Thirty Years War (1618-48),[],[],
750,BURGSINN,Lower Franconia,Germany,,POP,1867,Jews numbered 87 in 1867,[],[],
751,BURGSTEINFURT,Westphalia,Germany,,first_mention,1337,Jews are first mentioned in 1337,[],"[{'event': 'Black Death persecutions', 'year': '1350', 'impact': 'community destroyed', 'source': 'Three years later the community was destroyed in the Black Death persecutions'}]",
752,BURIN,Sumy,Ukraine,,POP,1939,The J. pop. in 1939 was 113,[],[],
753,BURKANOW,Tarnopol,Poland,Ukraine,POP,1921,The J. pop. in 1921 was 110,[],[],
754,BURSZTYN,Stanislawow,Poland,Ukraine,jews_arrived,16EX,Jews probably arrived in the early 17th cent.,[],[],
755,BUSENBERG,Palatinate,Germany,,community_present,18EX,A J. community existed in the early 19th cent.,[],[],
756,BUSK,Tarnopol,Poland,Ukraine,first_mention,1454,Jews are already mentioned in 1454,[],"[{'event': 'Chmielnicki massacres', 'year': '1648–1649', 'impact': 'around 100 Jews killed', 'source': 'the Chmielnicki massacres of 1648-49, which claimed around 100 J. lives'}]",
757,BUSKO,Kielce,Poland,,jews_arrived,18LX,Jews settled in the late 19th cent.,[],[],
758,BUSSUM-NAARDEN,Noord-Holland,Holland,,jews_arrived,16XX,Jews settled in Naarden during the 17th cent.,[],[],
759,BUSTINO,Carpatho-Russia,Czechoslovakia,Ukraine,jews_arrived,17EX,J. settlement apparently dates from the first half of the 18th cent.,"[{'lang': 'hun', 'name': 'Bustyahaza'}]",[],
760,BUSTINSKY HANDAL,Slovakia,Czechoslovakia,Republic of Slovakia,jews_arrived,18MX,Jews arrived in the mid-19th cent.,"[{'lang': 'hun', 'name': 'Handalbustyahaza'}, {'lang': 'yid', 'name': 'Handel Byshtyne'}]",[],
761,BUTENI,S. Transylvania,Rumania,,jews_arrived,18LX,Jews first settled in the late 19th cent.,"[{'lang': 'hun', 'name': 'Korosbokeny'}]",[],
762,BUTLA,Lwow,Poland,Ukraine,POP,1921,The J. pop. in 1921 was 182.,[],[],
763,BUTRIMONYS,Alytus,Lithuania,,POP,1897,"had a J. pop. of 1,919 ... in 1897","[{'lang': 'yid', 'name': 'Butrimanz'}]",[],
764,BUTTENHAUSEN,Wuerttemberg,Germany,,jews_arrived,1787,J. settlement began in 1787,[],[],
765,BUTTENHEIM,Upper Franconia,Germany,,jews_present,15LX,Jews were possibly present from the late 16th cent.,[],[],
766,BUTTENWIESEN,Swabia,Germany,,community_present,16EX,An organized community existed in the first half of the 17th cent.,[],[],
767,BUTZBACH,Hesse,Germany,,community_founded,1848,the community was not revived until 1848,[],"[{'event': 'Expulsion', 'year': '1667', 'impact': 'community expelled; ceased until 1848', 'source': 'expelled in 1667'}]",
768,BUTZWEILER,Rhineland,Germany,,first_mention,1753,The first Jew is mentioned in 1753.,[],[],
769,BUZAU,Walachia,Rumania,,jews_present,16EX,Jews lived in B. from the early 17th cent.,[],"[{'event': 'Blood libel trial', 'year': '', 'impact': '', 'source': 'A blood libel trial, moved from Chi...'}]",
770,BUZHENIN,Lodz,Poland,,jews_arrived,1793,Jews first settled here in 1793,[],[],
771,BUZIAS,S. Transylvania,Rumania,,community_present,1848,A J. community existed in 1848.,"[{'lang': 'hun', 'name': 'Buziasfurdo'}]",[],
772,BUZINOVO,Odessa,Ukraine,,POP,1897,The J. pop. was 235 ... in 1897,[],[],
773,BYCHAWA,Lublin,Poland,,jews_present,16MX,Jews were present in the mid-17th cent.,[],[],
774,BYDGOSZCZ,Poznan,Poland,,jews_arrived,1346,Jews were invited to settle by King Casimir the Great in 1346,[],"[{'event': 'Expulsion', 'year': '1555', 'impact': 'Jews expelled', 'source': 'In 1555 they were expelled by King Sigismund III'}]",
775,BYKHOV,Mogilev,Belorussia,,community_present,16EX,An organized J. community was already in existence in the early 17th cent.,[],"[{'event': 'Chmielnicki massacres', 'year': '1648–1649', 'impact': 'community suffered', 'source': 'suffering in the Chmielnicki massacres of 1648-49'}]",
776,BYSHEV,Kiev,Ukraine,,POP,1765,The J. pop. was 142 in 1765,[],[],
777,BYSTRA,Slovakia,Czechoslovakia,Republic of Slovakia,POP,1828,"Jews numbered 110 in 1828, maintaining a synagogue and cemetery",[],[],
778,BYSTRZYCA,Vilna,Poland,Belarus,jews_arrived,18LX,A few J. farmers settled in the late 19th cent.,[],[],
779,BYTEN,Nowogrodek,Poland,Belarus,jews_present,15LX,Jews were probably present from the turn of the 16th cent.,[],[],
780,BZENEC,Moravia,Czechoslovakia,,jews_present,13XX,Jews were apparently present in the 14th cent.,[],[],
781,BZHEZINY,Lodz,Poland,,jews_present,16EX,Jews lived here in the early 17th cent.,[],[],
782,BZHEZNICA,Lodz,Poland,,jews_arrived,17LX,Jews settled here at the end of the 18th cent.,[],[],
783,CABAJ CAPOR,Slovakia,Czechoslovakia,Republic of Slovakia,community_present,1830,A community of about 400 Jews was present in 1830,[],[],
784,CABESTI,Bukovina,Rumania,Ukraine,POP,1930,The J. pop. in 1930 was 120,[],[],
785,CACHTICE,Slovakia,Czechoslovakia,Republic of Slovakia,first_mention,1614,Jews are mentioned in 1614,"[{'lang': 'hun', 'name': 'Csejte'}]",[],
786,CADCA,Slovakia,Czechoslovakia,Republic of Slovakia,jews_present,17EX,Jews are known from the first half of the 18th cent.,"[{'lang': 'hun', 'name': 'Csaca'}]",[],
787,CAIUTI,Moldavia,Rumania,,jews_arrived,18EX,Jews first settled in the early 19th cent.,[],[],
788,CAJLA,Slovakia,Czechoslovakia,Republic of Slovakia,POP,1780,"Jews numbered about 200 in 1780, maintaining a synagogue and cemetery",[],[],
789,CAKOVEC,Croatia,Yugoslavia,Republic of Croatia,community_founded,1740,A community was established in 1740,"[{'lang': 'hun', 'name': 'Csaktornya'}]",[],
790,CAMMIN,Pomerania,Germany,Poland,jews_present,1663,Jews were trading in C. as early as 1663,"[{'lang': 'pol', 'name': 'Kamien Pomorski'}]",[],
791,CAMPIA TURZII,S. Transylvania,Rumania,,community_present,18LX,A J. community existed in the late 19th cent.,"[{'lang': 'hun', 'name': 'Aranyosgyeres'}]",[],
792,CAMPINA,Walachia,Rumania,,jews_arrived,18LX,J. oil experts settled near the refinery at the end of the 19th cent.,[],[],
793,CAMPULUNG LA TISA,N. Transylvania,Rumania,,community_present,18LX,A J. community existed from the 1870s,"[{'lang': 'hun', 'name': 'Hosszumezo'}]",[],
794,CAMPULUNG-MOLDOVENESC,Bukovina,Rumania,,jews_arrived,17MX,Jews settled in the mid-18th cent.,[],[],
795,CANA,Slovakia,Czechoslovakia,Republic of Slovakia,jews_arrived,17MX,Jews probably settled in the 1740s,"[{'lang': 'hun', 'name': 'Hernadcsany'}]",[],
796,CANTAVIR,Vojvodina,Yugoslavia,,community_present,18MX,The community dates from the mid-19th cent.,[],[],
797,CAPRESTI,Bessarabia,Rumania,Republic of Moldova,community_founded,1853,Jews founded C. in 1853,[],[],
798,CARACAL,Oltania,Rumania,,community_founded,1898,a J. community was established in 1898,[],[],
799,CARANSEBES,S. Transylvania,Rumania,,jews_arrived,17MX,Jews first settled in the mid-18th cent.,"[{'lang': 'hun', 'name': 'Karansebes'}]",[],
800,CARASEU,N. Transylvania,Rumania,,jews_arrived,17LX,Jews settled in the late 18th cent.,"[{'lang': 'hun', 'name': 'Szamoskrasso'}]",[],
801,CAREI,N. Transylvania,Rumania,,jews_arrived,1720,Twelve J. families ... were brought here in 1720,"[{'lang': 'hun', 'name': 'Nagykaroly'}]",[],
802,CARLIBABA,Bukovina,Rumania,,POP,1930,The J. pop. in 1930 was 154,"[{'lang': 'ger', 'name': 'Kirlibaba'}]",[],
803,CARLSRUHE,Upper Silesia,Germany,Poland,community_present,1842,An organized community of 96 was in existence in 1842,"[{'lang': 'pol', 'name': 'Pokoj'}]",[],
804,CARPATHOS,Dodecanese Islands,Greece,,jews_present,1901,"In 1901, 15 J. Romaniot tradesmen lived in C.",[],[],
805,CARPENTRAS,Vaucluse,France,,jews_present,11XX,J. presence ... dates to the 12th century,[],[],
806,CARTHAGE,Tunis,Tunisia,,jews_present,0XX,ancient J. community is known only from the first cent. CE,[],[],
807,CASALE MONFERRATO,Piedmont,Italy,,jews_arrived,14EX,Jews ... settling in ... the 1430s,[],[],
808,CASLAV,Bohemia,Czechoslovakia,Czech Republic,jews_arrived,1848,Jews settled after the 1848 revolution,[],[],
809,CASTA,Slovakia,Czechoslovakia,Republic of Slovakia,jews_arrived,16XX,Jews arrived in the 17th cent.,[],[],
810,CASTROP-RAUXEL,Westphalia,Germany,,jews_present,15LX,Jews were present ... from the late 16th cent.,[],[],
811,CAUSANII-NOUI,Bessarabia,Rumania,Republic of Moldova,community_present,1760,A J. community existed here in 1760,[],[],
812,CECE,Fejer,Hungary,,jews_present,16XX,Jews were present in the 17th cent.,[],[],
813,CECHOWKA,Warsaw,Poland,,POP,1921,The J. pop. in 1921 was 143,[],[],
814,CEGLED,Pest-Pilis-Solt-Kiskun,Hungary,,jews_arrived,18EX,Jews settled in the first half of the 19th cent.,[],[],
815,CEHUL SILVANIEI,N. Transylvania,Rumania,,community_present,18EX,An organized J. community existed in the early 19th cent.,"[{'lang': 'hun', 'name': 'Szilagycseh'}]",[],
816,CEICA,S. Transylvania,Rumania,,jews_arrived,18MX,Jews first settled in the mid-19th cent.,"[{'lang': 'hun', 'name': 'Mayarcseke'}]",[],
817,CEJKINIE,Vilna,Poland,Belarus,jews_arrived,19EX,A few J. families settled in the early 20th cent.,[],[],
818,CEKISKE,Kaunas,Lithuania,,jews_arrived,17LX,Jews first settled at the end of the 18th cent.,"[{'lang': 'yid', 'name': 'Tzeikishok'}]","[{'event': 'fire', 'year': '1887', 'impact': 'most Jews homeless', 'source': 'A conflagration in 1887 left most Jews homeless'}]",
819,CELJE,Slovenia,Yugoslavia,Republic of Slovenia,jews_arrived,13EX,Jews arrived ... in the early 14th cent.,[],"[{'event': 'murder of Jews', 'year': '1421', 'impact': 'community murdered', 'source': 'They were murdered in 1421'}, {'event': 'expulsion', 'year': '1496', 'impact': 'Jews expelled', 'source': 'were expelled in 1496'}]",
820,CELLDOMOLK,Vas,Hungary,,jews_arrived,1840,Jews settled in 1840,[],[],
821,CELLE,Hanover,Germany,,jews_arrived,1676,permitted to settle ... between 1676 and 1691,[],[],
822,CEPELEUTI,Bessarabia,Rumania,Republic of Moldova,POP,,The J. pop. in 1930 was 200,[],[],
823,CERMEIU,S. Transylvania,Rumania,,community_founded,1884,A J. community was founded in 1884,"[{'lang': 'hun', 'name': 'Csermo'}]",[],
824,CERNAUTI,Bukovina,Rumania,Ukraine,first_mention,1408,The first reliable mention of Jews ... dates from 1408,"[{'lang': 'rus', 'name': 'Chernovtsy'}, {'lang': 'ger', 'name': 'Czernowitz'}]","[{'event': 'riots', 'year': '1648–1649', 'impact': 'Jews physically abused', 'source': 'Jews were physically abused during riots in 1648-49'}]",
825,CERNOHLAVA,Carpatho-Russia,Czechoslovakia,Ukraine,jews_arrived,17MX,Jews probably settled in the mid-18th cent.,"[{'lang': 'hun', 'name': 'Csernoholova'}]",[],
826,CERTEZE,N. Transylvania,Rumania,,jews_arrived,17LX,Jews settled in the late 18th cent.,"[{'lang': 'hun', 'name': 'Avasujfalu'}]",[],
827,CERTIZNE,Slovakia,Czechoslovakia,Republic of Slovakia,POP,,The J. pop. was about 200 in the late 19th cent. and 88 in 1930,[],[],
828,CERWINSK,Warsaw,Poland,,jews_arrived,18LX,J. settlement was banned ... until Prussian rule in the late 18th cent.,[],[],
829,CESIS,Vidzeme,Latvia,,jews_arrived,18LX,The first J. settlers in the 1860s and 1870s,[],[],
830,CESKA LIPA,Bohemia,Czechoslovakia,Czech Republic,first_mention,1562,Jews are mentioned in 1562,"[{'lang': 'yid', 'name': 'Laypen'}]",[],
831,CESKE BUDEJOVICE,Bohemia,Czechoslovakia,Czech Republic,first_mention,1341,Jews are first mentioned in 1341,[],"[{'event': 'blood libel persecutions', 'year': '1505–1506', 'impact': '11 burned (Dec. 1505) and 14 (Jan. 1506)', 'source': 'Eleven were burned at the stake in Dec. 1505 and 14 in Jan. 1506 following a blood libel'}, {'event': 'expulsion', 'year': '', 'impact': 'rest expelled', 'source': 'The rest were [expelled]'}]",
832,CESKY BROD,Bohemia,Czechoslovakia,Czech Republic,jews_present,18MX,Only one J. family was permitted residence up to the mid-19th cent.,[],[],
833,CESKY KRUMLOV,Bohemia,Czechoslovakia,Czech Republic,community_founded,1855,The modern community was founded in 1855,[],"[{'event': 'expulsion', 'year': '1494', 'impact': 'Jews expelled', 'source': 'were expelled in 1494'}]",
834,CESKY TESIN,Silesia,Czechoslovakia,Czech Republic,first_mention,13LX,Jews are mentioned in the late 14th cent.,[],[],
835,CETATEA-ALBA,Bessarabia,Rumania,Ukraine,community_present,14XX,A J. community existed from the 15th cent.,"[{'lang': 'rus', 'name': 'Belgorod-Dnestrovski'}]",[],
836,CEWKOW,Lwow,Poland,Ukraine,POP,,The J. pop. in 1921 was 150,[],[],
837,CHALKIS,Evia (Euboea) Island,Greece,,community_present,,"A small Romaniot community, considered the most ancient of Greek J. communities, existed",[],[],
838,CHALON-SUR-SAONE,Saone-et-Loire,France,,first_mention,09XX,In the tenth cent. Jews are mentioned,[],"[{'event': 'Forced conversion attempt', 'year': 'c. 829', 'impact': '', 'source': 'Agobard tried around 829 to convert forcibly the J. children'}]",
839,CHALONS-SUR-MARNE,Marne,France,,community_founded,18MX,only reestablished itself in the middle of the 19th cent.,[],"[{'event': 'Medieval community', 'year': '', 'impact': 'there were Jews in the Middle Ages', 'source': 'There were Jews in C. during the Middle Ages'}, {'event': 'Massacre', 'year': '1321', 'impact': 'community destroyed', 'source': 'community was destroyed by a massacre in 1321'}]",
840,CHAM,Upper Palatinate,Germany,,first_mention,1270,Jews are first mentioned in 1270,[],[],
841,CHANIA,Crete,Greece,,community_present,1204,A J. community existed under Venetian rule (1204–1645),[],[],
842,CHARLEROI,Hainaut,Belgium,,community_founded,18XX,A small J. community in C. was established in the 19th cent.,[],[],
843,CHARSZNICA,Kielce,Poland,,jews_arrived,18LX,Jews settled during the construction of the local railroad station in the 1880s,[],"[{'event': 'WWI attacks', 'year': '1914–1918', 'impact': '', 'source': 'In WWI, they were attacked by the railroad workers'}]",
844,CHASHNIKI,Vitebsk,Belorussia,,jews_arrived,16XX,Jews settled in the 17th cent.,[],[],
845,CHASOV YAR,Stalino,Ukraine,,POP,,The J. pop. in 1939 was 254,[],[],
846,CHATEAU-SALINS,Moselle,France,,community_present,1844,The synagogue was inaugurated in 1844,"[{'lang': 'ger', 'name': 'Salzburgen'}]",[],
847,CHAUSY,Mogilev,Belorussia,,jews_present,16MX,Jews were already present at the time of the Russo-Polish war of 1654,[],"[{'event': 'Russo-Polish War', 'year': '1654', 'impact': 'many Jews taken prisoner and died far from home', 'source': 'The Russians took many Jews as prisoners and they died far from home'}]",
848,CHEB,Bohemia (Sudetenland),Czechoslovakia,Czech Republic,jews_present,12XX,most likely in existence from the 13th cent.,[],[],
849,CHECHELNIK,Vinnitsa,Ukraine,,POP,1765,In 1765 the J. pop. was 485,[],"[{'event': 'Cossack and Haidamak attacks', 'year': '', 'impact': 'Jews suffered grievously', 'source': 'Jews suffered grievously from Cossack and Haidamak attacks'}]",
850,CHECHERSK,Gomel,Belorussia,,POP,1766,The J. pop. was 301 in 1766,[],[],
851,CHELM,Lublin,Poland,,community_present,15XX,one of the largest and most important communities in Poland by the 16th cent.,[],[],
852,CHELMNO,Pomerania,Poland,,jews_arrived,1772,J. settlement began after the annexation to Prussia in 1772,"[{'lang': 'ger', 'name': 'Kulm'}]",[],
854,CHELMZHA,Pomerania,Poland,,jews_arrived,1772,Jews first settled after the annexation to Prussia in 1772.,"[{'lang': 'ger', 'name': 'Culmsee'}]",[],
855,CHEMEROVTSY,Kamenets-Podolski,Ukraine,,first_mention,1578,Jews are first mentioned in 1578.,"[{'lang': 'yid', 'name': 'Chemirovits'}]",[],
856,CHEMNITZ,Saxony,Germany,,first_mention,1357,The first documentary evidence of Jews living in C. dates from 1357.,[],"[{'event': 'residence ban', 'year': '1539', 'impact': 'no Jews settled', 'source': 'a residence ban on Jews was issued in 1539, no Jews settled'}]",
857,CHENCINI,Kielce,Poland,,jews_arrived,15MX,Jews settled in the mid-16th cent.,[],[],
858,CHEPA,Carpatho-Russia,Czechoslovakia,Ukraine,jews_arrived,17LX,J. settlement began in the latter half of the 18th cent.,"[{'lang': 'hun', 'name': 'Csepe'}]",[],
859,CHEREYA,Vitebsk,Belorussia,,jews_arrived,16LX,Jews settled in the late 17th cent.,[],[],
860,CHERIKOV,Mogilev,Belorussia,,jews_arrived,16EX,Jews settled in the early 17th cent.,[],"[{'event': 'Chmielnicki massacres', 'year': '1648–1649', 'impact': 'Cossack troops attacked', 'source': 'In the Chmielnicki massacres of 1648-49 Cossack troops attacked'}]",
861,CHERKASY,Kiev,Ukraine,,jews_arrived,15XX,J. settlement commenced in the 16th cent.,[],"[{'event': 'Haidamak attacks', 'year': '', 'impact': 'put an end to the community', 'source': 'Haidamak attacks put an end to the community.'}]",
862,CHERNA,Carpatho-Russia,Czechoslovakia,Ukraine,jews_arrived,18MX,Jews probably settled in the mid-19th cent.,"[{'lang': 'hun', 'name': 'Csarnato'}]",[],
863,CHERNEVKA,Mogilev,Belorussia,,POP,1920s,"In the mid-1920s, under the Soviets, 32 J. families were employed in agriculture",[],[],
864,CHERNEVTSY,Vinnitsa,Ukraine,,POP,1784,Jews numbered 53 in 1784,[],[],
865,CHERNIAKHOV,Zhitomir,Ukraine,,first_mention,1629,Jews are first mentioned in 1629.,[],"[{'event': 'Chmielnicki massacres', 'year': '1648–1649', 'impact': 'community destroyed', 'source': 'The community was destroyed in the Chmielnicki massacres of 1648-49'}]",
866,CHERNIGOV,Chernigov,Ukraine,,jews_present,12XX,Jews were present in the 13th cent.,[],"[{'event': 'expulsions', 'year': '', 'impact': 'periodically expelled', 'source': 'were periodically expelled'}]",
867,CHERNOBYL,Kiev,Ukraine,,community_present,16LX,An organized J. community ... existed in the late 17th cent.,[],[],
868,CHERNUKHI,Poltava,Ukraine,,POP,1897,"Jews numbered 275 (total 2,631) in 1897",[],[],
869,CHERNY ARDOV,Carpatho-Russia,Czechoslovakia,Ukraine,jews_arrived,17EX,Jews settled in the first half of the 18th cent.,"[{'lang': 'hun', 'name': 'Fekete Ardo'}]",[],
870,CHERNYI OSTROV,Kamenets-Podolski,Ukraine,,jews_arrived,17EX,Jews settled in the early 18th cent.,[],[],
871,CHERVEN,Minsk,Belorussia,,jews_arrived,17LX,J. settlement probably commenced in the late 18th cent.,[],[],
872,CHERVONNOYE,Zhitomir,Ukraine,,jews_present,17XX,Jews were probably present by the 18th cent.,[],[],
873,CHERVONOARMEYSKOYE,Zaporozhe,Ukraine,,jews_arrived,18LX,Jews settled in the late 19th cent.,[],[],
874,CHIGIRIN,Kirovograd,Ukraine,,jews_arrived,16EX,J. settlement apparently commenced in the first half of the 17th cent.,[],[],
875,CHIOS,North Aegean Islands,Greece,,first_mention,11XX,"Benjamin of Tudela, the 12th cent. traveler",[],[],
876,CHISINAU,Bessarabia,Rumania,Republic of Moldova,community_present,1773,A J. community of 144 families existed here in 1773.,[],[],
877,CHISINEU-CRIS,S. Transylvania,Rumania,,community_present,1889,A J. community existed here in 1889,"[{'lang': 'hun', 'name': 'Kisjeno'}]",[],
878,CHISTIAKOVO,Stalino,Ukraine,,POP,1939,The J. pop. in 1939 was 341,[],[],
879,CHIUESTI,N. Transylvania,Rumania,,jews_arrived,17MX,Jews first settled in the mid-18th cent.,"[{'lang': 'hun', 'name': 'Pecsetszeg'}]",[],
880,CHKALOVA,Zaporozhe,Ukraine,,community_founded,19EX,"founded as a J. colony, probably in the 1920s",[],[],
881,CHLEWCZANY,Stanislawow,Poland,Ukraine,POP,1921,The J. pop. in 1921 was 125.,[],[],
882,CHMELNIK,Carpatho-Russia,Czechoslovakia,Ukraine,jews_arrived,17MX,Jews probably settled in the mid-18th cent.,"[{'lang': 'hun', 'name': 'Komlos'}, {'lang': 'yid', 'name': 'Kalmoyish'}]",[],
883,CHMIELNIK,Kielce,Poland,,jews_present,12XX,Jews were present in the 13th cent.,[],"[{'event': 'Swedish war massacre', 'year': '1656', 'impact': 'community virtually wiped out', 'source': 'The community was virtually wiped out during the Swedish war of 1656'}]",
884,CHOCIESZOW,Volhynia,Poland,Ukraine,POP,19EX,Jews numbered 20 families in the 1930s.,[],[],
885,CHOCIMIERZ,Stanislawow,Poland,Ukraine,POP,1921,The J. pop. in 1921 was 160.,[],[],
886,CHODECZ,Warsaw,Poland,,jews_arrived,18EX,Jews probably settled in the first half of 19th cent.,[],[],
887,CHODEL,Lublin,Poland,,jews_arrived,18MX,Jews first settled in the mid-19th cent.,[],"[{'event': 'World War I destruction', 'year': '1914–1918', 'impact': 'most homes and synagogue destroyed', 'source': 'Most of their homes along with the synagogue were destroyed in WWI.'}]",
888,CHODOROW,Lwow,Poland,Ukraine,community_founded,1642,wooden synagogue built in 1642,[],[],
889,CHODZIEZ,Poznan,Poland,,community_present,15XX,A J. community was present in the 16th cent.,[],"[{'event': 'Refugees from Leszno', 'year': '18EX', 'impact': 'J. refugees in the cloth trade arrived', 'source': 'In the early 18th cent, J. refugees in the cloth trade arrived from Leszno after a fire there.'}]",
890,CHOJNICE,Pomerania,Poland,,community_founded,1809,A small wooden synagogue was built in 1809,[],[],
891,CHOLOJOW,Tarnopol,Poland,Ukraine,jews_present,17EX,J. families were present in the early 18th cent.,[],"[{'event': 'Cossack depredations', 'year': '1918–1920', 'impact': 'population fell to 793', 'source': 'fell to 793 after WWI in the wake of Cossack depreda…'}]",
892,CHOMALOVO,Carpatho-Russia,Czechoslovakia,Ukraine,jews_arrived,18EX,Jews probably settled in the first quarter of the 19th cent.,"[{'lang': 'hun', 'name': 'Csomanyfalva'}, {'lang': 'yid', 'name': 'Chemalif'}]",[],
893,CHOMSK,Polesie,Poland,Belarus,jews_arrived,16EX,The J. settlement began in the early 17th cent.,[],"[{'event': 'Council of the Land of Lithuania meetings', 'year': '17MX', 'impact': '', 'source': 'From the mid-17th cent. it frequently hosted meetings of the Council of the Land of Lithuania'}]",
894,CHOMUTOV,Bohemia,Czechoslovakia,Czech Republic,first_mention,14EX,Jews were martyred in 1421,[],"[{'event': 'Hussite persecutions', 'year': '1421', 'impact': 'Jews martyred resisting forced conversions', 'source': 'Jews were martyred in 1421 resisting forced conversions by the conquering Hussites.'}, {'event': 'Expulsion order', 'year': '', 'impact': 'about 100 families', 'source': 'About 100 J. families received expulsion order'}]",
895,CHONGAR,Zaporozhe,Ukraine,,jews_arrived,1922,Jews settled with the founding of the town in 1922.,[],[],
896,CHOPOVICHI,Zhitomir,Ukraine,,POP,1897,The J. pop. was 919 in 1897,[],[],
897,CHOROSTKOW,Tarnopol,Poland,Ukraine,community_founded,17LX,maintained an organized community from the end of the cent.,[],[],
898,CHOROSZCZ,Bialystok,Poland,,jews_arrived,15MX,"The first Jews were merchants, settling in the mid-16th cent.",[],"[{'event': 'Swedish war', 'year': '1655–1656', 'impact': '', 'source': 'The Jews suffered in the Swedish war of 1655-56'}]",
899,CHORZELE,Warsaw,Poland,,jews_present,17XX,A small J. settlement existed in the 18th cent.,[],[],
900,CHORZOW,Silesia,Poland,,community_present,18XX,the town accommodated a J. community in the 19th cent.,[],[],"until 1934, Krolewska Huta"
901,CHRISTBURG,East Prussia,Germany,Poland,POP,1722,Numbering 124 in 1722,"[{'lang': 'pol', 'name': 'Dzierzgoń'}]",[],
902,CHRISTIANOVKA,Kiev,Ukraine,,jews_present,17XX,A small number of Jews were present in the 18th cent.,[],[],
903,CHRUDIM,Bohemia,Czechoslovakia,Czech Republic,jews_arrived,17LX,Jews settled in the late 18th cent.,[],[],
904,CHRZANOW,Lublin,Poland,,jews_arrived,18LX,The Jews settled in the late 19th cent.,[],[],
905,CHTELNICA,Slovakia,Czechoslovakia,Republic of Slovakia,jews_arrived,16EX,Jews probably settled at the turn of the 17th cent.,"[{'lang': 'hun', 'name': 'Vittenc'}]",[],
906,CHUDLOVO,Carpatho-Russia,Czechoslovakia,Ukraine,jews_arrived,17MX,Jews probably settled in the mid-18th cent.,"[{'lang': 'hun', 'name': 'Horlyo'}, {'lang': 'yid', 'name': 'Hreblyie'}]",[],
907,CHUDNOV,Zhitomir,Ukraine,,jews_arrived,15LX,Jews settled in the late 16th cent.,[],"[{'event': 'Chmielnicki massacres', 'year': '1648–1649', 'impact': 'Jews fled to Polonnoye, Zaslav, and Ostrog', 'source': 'they fled to the fortresses of Polonnoye, Zaslav, and Ostrog in the Chmielnicki massacres of 1648–49'}]",
908,CHUDOVO,Leningrad,Russia,,jews_arrived,18EX,Jews probably settled around the turn of the 19th cent.,[],[],
909,CHUGUYEV,Kharkov,Ukraine,,POP,1897,Jews numbered 187 in 1897,[],[],
910,CHUROVICHI,Oriol,Russia,,jews_arrived,18MX,Jews probably settled in the mid-19th cent.,[],[],
911,CHUST,Carpatho-Russia,Czechoslovakia,Ukraine,first_mention,16LX,Jews are first mentioned in the late 17th cent.,"[{'lang': 'hun', 'name': 'Huszt'}]",[],
912,CHYROW,Lwow,Poland,Ukraine,jews_present,15EX,Jews were apparently among the founders of the town in the first half of the 16th cent.,[],[],
913,CIACOVA,S. Transylvania,Rumania,,community_founded,1780,C. was founded in 1780,"[{'lang': 'hun', 'name': 'Csak'}]",[],
914,CICAROVCE,Slovakia,Czechoslovakia,Republic of Slovakia,jews_arrived,17EX,Jews probably settled in the early 18th cent,"[{'lang': 'hun', 'name': 'Csicser'}]",[],
915,CIECHANOW,Warsaw,Poland,,jews_present,14MX,Jews were continuously present in C. from the mid-15th cent.,[],[],
916,CIECHANOWICE NOWE,Bialystok,Poland,,jews_arrived,18MX,Jews settled in the mid-19th cent.,[],"[{'event': 'anti-Jewish attacks', 'year': '1880s', 'impact': 'repeatedly attacked by local residents', 'source': 'they were repeatedly attacked by local residents'}]",
917,CIECHANOWIEC,Bialystok,Poland,,community_present,16XX,A synagogue and three battei midrash were built in the 17th c,[],[],
918,CIECHOCINEK,Warsaw,Poland,,jews_arrived,18LX,The first Jews apparently arrived in the late 19th cent.,[],[],
919,CIEPIELOW,Kielce,Poland,,community_present,1827,A J. community of 285 existed in 1827,[],[],
920,CIEPLICE,Lwow,Poland,Ukraine,POP,1921,The J. pop. in 1921 was 107,[],[],
921,CIESZANOW,Lwow,Poland,Ukraine,jews_arrived,16EX,Jews settled in the early 17th cent.,[],"[{'event': 'Cossack destruction', 'year': '', 'impact': 'town destroyed; Jews later helped fortify and defend', 'source': 'after the Cossack destruction helped fortify and defend the town'}]",
922,CIESZYN,Silesia,Poland,,first_mention,13XX,Jews are known from the 14th cent.,[],[],
923,CIEZKOWICE,Cracow,Poland,,community_founded,18LX,The community… became independent in the late 19th cent.,[],[],
924,CIFER,Slovakia,Czechoslovakia,Republic of Slovakia,community_founded,15XX,founded probably in the 16th cent.,[],[],
925,CIGAND,Zemplen,Hungary,,jews_arrived,18EX,Jews settled in the early 19th cent.,[],[],
926,CIMISLIA,Bessarabia,Rumania,Republic of Moldova,community_present,18LX,A J. community developed in the late 19th… cent.,[],[],
927,CINCAU,Bukovina,Rumania,Ukraine,POP,1930,The J. pop. in 1930 was 58,[],[],
928,CIORNOHUZI,Bukovina,Rumania,,POP,1933,The J. pop. in 1933 was 15 families,[],[],
929,CIRC,Slovakia,Czechoslovakia,Republic of Slovakia,jews_arrived,17LX,began to grow in the late 18th cent. with the arrival of J. refugees from Galicia,[],[],
930,CIRESI,Bukovina,Rumania,Ukraine,jews_present,18LX,Jews lived here from the late 19th cent.,[],[],
931,CISNA,Lwow,Poland,Ukraine,POP,1939,Jews numbered 150 in 1939,[],[],
932,CIUDEI,Bukovina,Rumania,Ukraine,community_present,1891,A J. community existed in 1891,[],[],
933,CIULENI,S. Transylvania,Rumania,,jews_arrived,17EX,Jews first settled in the early 18th cent.,"[{'lang': 'hun', 'name': 'Incsel'}]",[],Attached to the Huedin community
934,CLERMONT-FERRAND,Puy-de-Dome,France,,first_mention,4XX,A J. presence in C. is recorded in the fifth cent.,[],"[{'event': 'Persecution', 'year': '576', 'impact': 'synagogue destroyed; 500 forced to accept baptism; remainder fled', 'source': 'In 576, the synagogue was destroyed and 500 Jews were forced to accept baptism. The remainder fled'}]",
935,CLOPPENBURG,Oldenburg,Germany,,community_founded,1816,Jews established a community numbering around 30 (1816-1925),[],[],
936,CLUJ DISTRICT,,Hungary,,jews_arrived,18XX,Jews first settled in the towns and villages of this district in the 19th cent.,[],[],
937,CLUJ-NAPOCA,N. Transylvania,Rumania,,community_founded,18EX,it was only in the early 19th cent. that a J. community was organized,"[{'lang': 'hun', 'name': 'Kolozsvar'}, {'lang': 'ger', 'name': 'Klausenburg'}]",[],
938,CMIELOW,Kielce,Poland,,jews_arrived,16MX,Jews settled in the mid-17th cent.,[],[],
939,COBURG,Upper Franconia,Germany,,jews_present,12MX,Jews were present in the mid-13th cent.,[],"[{'event': 'Black Death persecutions', 'year': '1348–1349', 'impact': 'community destroyed', 'source': 'The community was destroyed in the Black Death persecutions of 1348-49'}]",
940,COCHEM A. D. MOSEL,Rhineland,Germany,,community_present,12XX,A J. community existed in the 13th cent.,[],"[{'event': 'Oberwesel blood libel', 'year': '1287', 'impact': '17 Jews murdered', 'source': 'Seventeen Jews were murdered in the Oberwesel blood libel of 1287'}, {'event': 'Armleder massacres', 'year': '', 'impact': 'Jews victimized', 'source': 'Jews were also victimized in the Armleder massacres'}]",
941,CODAIESTI,Moldavia,Rumania,,community_founded,18MX,Jews founded C. in the mid-19th cent.,[],[],
942,COESFELD,Westphalia,Germany,,jews_present,12LX,Jews were present from the late 13th cent.,[],"[{'event': 'Black Death persecutions', 'year': '1348–1349', 'impact': 'small community destroyed', 'source': 'The small community was destroyed in the Black Death persecutions of 1348-49'}]",
943,COEVORDEN,Drenthe,Holland,,jews_present,16LX,The J. presence dates from the late 17th cent.,[],[],
944,COLMAR,Haut-Rhin,France,,jews_present,12MX,The J. presence in C. dates from the middle of the 13th cent.,[],"[{'event': 'Synagogue fire', 'year': '1279', 'impact': 'synagogue destroyed', 'source': 'In 1279 fire destroyed the synagogue'}, {'event': 'Expulsion', 'year': '1285', 'impact': 'Jews expelled', 'source': 'In 1285 the Jews were expelled'}]",
945,COLOGNE,Rhineland,Germany,,first_mention,321,Two decrees of Constantine from 321 and 331 indicate J. settlement,"[{'lang': 'ger', 'name': 'Koeln'}]",[],
946,COP,Carpatho-Russia,Czechoslovakia,Ukraine,jews_arrived,18EX,J. settlement probably began in the first half of the 19th cent.,"[{'lang': 'hun', 'name': 'Csap'}]",[],
947,COMANESTI,Bukovina,Rumania,,POP,1930,The J. pop. in 1930 was 121.,[],"[{'event': 'Antisemitic attacks', 'year': '1918–1939', 'impact': '', 'source': 'The Jews suffered antisemitic attacks between the World Wars'}]",
948,COMLAUSA,N. Transylvania,Rumania,,jews_arrived,17LX,Jews first settled in late 18th cent.,"[{'lang': 'hun', 'name': 'Vgocsakomlos'}]",[],
949,CONOPLJA,Vojvodina,Yugoslavia,,jews_arrived,17LX,Jews arrived there in the late 18th cent.,[],[],
950,CONSTANTA,Moldavia,Rumania,,jews_arrived,1828,J. merchants settled here in 1828,[],"[{'event': 'synagogue built', 'year': '1884', 'impact': 'Sephardi majority built a synagogue', 'source': 'in 1884 the Sephardim... built a synagogue'}, {'event': 'antisemitic manifestations', 'year': '', 'impact': '', 'source': 'Antisemitic manifestations were rife between the World Wars'}]",
951,COP,Carpatho-Russia,Czechoslovakia,Ukraine,jews_arrived,18EX,J. settlement probably began in the first half of the 19th cent.,"[{'lang': 'hun', 'name': 'Csap'}]",[],
952,COPALNIC MANASTUR,N. Transylvania,Rumania,,community_present,18EX,A J. community existed here in the 1820s,"[{'lang': 'hun', 'name': 'Kapolnokmonostor'}]",[],
953,COPENHAGEN,,Denmark,,community_founded,1657,The J. community was established in 1657,[],[],
954,COPOU-TARG,Iasi,Rumania,,community_founded,1870,from 1870 had their own synagogue and talmud torah,[],[],
955,CORABIA,Walachia,Rumania,,jews_arrived,18LX,Jews first settled in the late 19th cent.,[],[],
956,CORBEIL,Essonne,France,,first_mention,11LX,The J. presence dates back to the second half of the 12th cent.,"[{'lang': 'fra', 'name': 'Corbell-Essones'}]","[{'event': 'expulsion', 'year': '1180', 'impact': 'Jews expelled', 'source': 'The Jews were expelled in 1180'}]",
957,CORFU,Ionian Islands,Greece,,jews_present,1386,Under Venetian rule (from 1386) the Jews were...,"[{'lang': 'gre', 'name': 'Kerkyra'}, {'lang': 'gre', 'name': 'Kerkira'}]",[],
958,COSEL,Upper Silesia,Germany,Poland,jews_arrived,1373,Small-scale J. settlement began in 1373,"[{'lang': 'pol', 'name': 'Kozle'}]","[{'event': 'ban on Jewish settlement', 'year': '1563', 'impact': 'settlement banned in town and area', 'source': 'In 1563, J. settlement... was banned'}]",
959,COSMENI,Bukovina,Rumania,Ukraine,community_present,18LX,A J. community existed in the late 19th cent.,"[{'lang': 'rum', 'name': 'Cozmeni'}, {'lang': 'rum', 'name': 'Cotmani'}, {'lang': 'ger', 'name': 'Kotzman'}, {'lang': 'rus', 'name': 'Kucmeh'}]",[],
960,COSTESTI,Bukovina,Rumania,Ukraine,jews_arrived,18LX,Jews settled in the late 19th cent.,[],[],
961,COTTBUS,Brandenburg,Germany,,first_mention,1448,Evidence of a J. presence... dates back to 1448,[],"[{'event': 'general expulsion from Brandenburg', 'year': '1510', 'impact': 'community expelled', 'source': 'subjected to the two general expulsions... in 1510'}]",
963,CRACIUNESTI,N. Transylvania,Rumania,,jews_arrived,17EX,Jews first settled in the early 18th cent.,"[{'lang': 'hun', 'name': 'Karacsonfalva'}, {'lang': 'hun', 'name': 'Tiszakaracsonfalva'}, {'lang': 'yid', 'name': 'Kretschinev'}]",[],
964,CRACOW,Cracow,Poland,,jews_present,13EX,A permanent J. settlement is known from the early 14th cent.,"[{'lang': 'pol', 'name': 'Krakow'}]",[],
965,CRAIDOROLT,N. Transylvania,Rumania,,community_present,18MX,A J. community existed from the mid-19th cent.,"[{'lang': 'hun', 'name': 'Királydaróc'}]",[],
966,CRAILSHEIM,Wuerttemberg,Germany,,first_mention,1348,Jews are first mentioned as victims of the Black Death persecutions of 1348–49,[],"[{'event': 'Black Death persecutions', 'year': '1348–1349', 'impact': 'victims mentioned', 'source': 'victims of the Black Death persecutions of 1348–49'}, {'event': 'expulsion', 'year': '1560', 'impact': 'presumed expulsion', 'source': 'presumed expulsion in 1560'}]",
967,CRAINFELD,Hesse,Germany,,community_founded,1780,Established around 1780,[],[],
968,CRAIOVA,Oltenia,Rumania,,community_present,1790,A Sephardi J. community existed here in 1790,[],[],
969,CRASNA (I),N. Transylvania,Rumania,,jews_arrived,17LX,Jews first settled in the late 18th cent.,"[{'lang': 'hun', 'name': 'Kraszna'}]",[],
970,CRASNA (II),Bukovina,Rumania,,jews_arrived,1820,Jews first settled in 1820,[],[],
971,CREGLINGEN,Wuerttemberg,Germany,,community_present,12LX,The first community was wiped out in the Rindfleisch massacres of 1298,[],"[{'event': 'Rindfleisch massacres', 'year': '1298', 'impact': 'first community wiped out', 'source': 'wiped out in the Rindfleisch massacres of 1298'}, {'event': 'expulsion', 'year': '1560', 'impact': 'Jews expelled', 'source': 'were expelled in 1560'}]",
972,CRETE,,Greek island,Greece,jews_present,04XX,suffering of the Jews under fifth-cent. Byzantine rule,"[{'lang': 'gre', 'name': 'Kriti'}]",[],
973,CRISTUR,N. Transylvania,Rumania,,community_founded,18LX,A J. community was founded in the 1880s,"[{'lang': 'hun', 'name': 'Székelykeresztúr'}]",[],
974,CRONHEIM,Middle Franconia,Germany,,jews_present,1630,The Jews were expelled in 1630,[],"[{'event': 'expulsion', 'year': '1630', 'impact': 'Jews expelled', 'source': 'The Jews were expelled in 1630'}]",
975,CROSSEN,Brandenburg,Germany,Poland,community_present,1851,maintained a synagogue (1851),"[{'lang': 'pol', 'name': 'Krosno Odrzańskie'}]",[],
976,CRUMSTADT,Hesse,Germany,,POP,1880,The community numbered 84 ... in 1880,[],[],
977,CSABRENDEK,Zala,Hungary,,jews_arrived,17MX,Jews settled in the mid-18th cent.,[],[],
978,CSANY,Heves,Hungary,,jews_arrived,18EX,Jews settled in the first half of the 19th cent.,[],[],
979,CSENGER,Szatmar,Hungary,,jews_arrived,17LX,Jews settled in the late 18th cent.,[],[],
980,CSEPEL,Pest-Pilis-Solt-Kiskun,Hungary,,jews_arrived,18LX,Jews settled after 1893,[],[],
981,CSEPREG,Sopron,Hungary,,first_mention,1492,A J. quarter is mentioned in 1492,[],"[{'event': 'Expulsion', 'year': '1526', 'impact': 'few Jews remained until late 18th cent.', 'source': 'after the expulsion of 1526'}]",
982,CSOMOR,Pest-Pilis-Solt-Kiskun,Hungary,,POP,1930,The J. pop. stood at 77 in 1930,[],[],
983,CSONGRAD,Csongrad,Hungary,,jews_arrived,17LX,Jews settled in the late 18th cent.,[],[],
984,CSORNA,Sopron,Hungary,,jews_arrived,17LX,Jews settled in the late 18th cent.,[],[],
985,CSURGO,Zala,Hungary,,community_founded,18EX,The J. community organized in the early 19th cent.,[],[],
986,CUHEA,N. Transylvania,Rumania,,jews_arrived,17EX,Jews first settled in the early 18th cent.,"[{'lang': 'hun', 'name': 'Izakonyha'}]",[],
987,CULEMBORG,Gelderland,Holland,,first_mention,16LX,The earliest mention of Jews is from the late 17th cent.,"[{'lang': 'nld', 'name': 'Kuilenburg'}]",[],
988,CURTICI,S. Transylvania,Rumania,,community_present,1863,A J. community existed here in 1863,"[{'lang': 'hun', 'name': 'Kurtos'}]",[],
989,CURUG,Vojvodina,Yugoslavia,,community_founded,19EX,"community, established in the early 20th cent.",[],[],
990,CUYK,Noord-Brabant,Holland,,community_present,17XX,A community existed from the 18th cent.,[],[],
991,CUXHAVEN,Hamburg,Germany,,jews_arrived,17MX,sprang from a mid-18th cent. settlement at Ritzebuettel,[],[],
992,CUZ,Slovakia,Czechoslovakia,Republic of Slovakia,jews_present,16XX,Jews were probably present in the 17th cent.,[],[],
993,CYBULEV,Vinnitsa,Ukraine,,jews_present,1776,Ten Jews were there in 1776,[],[],
994,CYCOW,Lublin,Poland,,POP,1921,The J. pop. was 181 in 1921,"[{'lang': 'pol', 'name': 'Wiszniewice'}]",[],
995,CYGANY,Tarnopol,Poland,Ukraine,POP,1921,The J. pop. in 1921 was 111,[],[],
996,CYRENE,Cyrenaica,Libya,,jews_arrived,-4,Jews... settled in Cyrene in the Hellenistic period (4 B.C.E.),[],[],
997,CZARNA,Lwow,Poland,Ukraine,POP,1921,The J. pop. in 1921 was 122.,[],[],
998,CZARNAWCZYCE,Polesie,Poland,Belarus,POP,1921,The J. pop. in 1921 was 428 (total 749).,[],[],
999,CZARNKOW,Poznan,Poland,,first_mention,16XX,Jews are first mentioned in the 17th cent.,[],[],
1000,CZARNY DUNAJEC,Cracow,Poland,,jews_arrived,17LX,Jews began to settle in the late 18th cent.,[],[],
1001,CZARTORYSK,Volhynia,Poland,Ukraine,jews_present,1577,Jews were living there by 1577,[],"[{'event': 'World War I evacuation and burning', 'year': '', 'impact': 'evacuation and town burned; population 220 by 1921', 'source': 'after evacuation and the burning of the town in WWI'}]",
1002,CZCHOW,Cracow,Poland,,community_founded,18LX,The community became organized in the late 19th cent.,[],"[{'event': 'Peasant rioting', 'year': '', 'impact': '', 'source': 'Peasant rioting shook th'}]",
1003,CZECHOWICE,Silesia,Poland,,POP,1900,"Jews numbered 94 in 1900 (total 3,964)",[],[],
1004,CZELADZ,Kielce,Poland,,jews_arrived,18LX,Jews settled in the late 19th cent.,[],[],
1005,CZEMIERNIKI,Lublin,Poland,,community_founded,18XX,Jews previously formed an organized community,[],[],
1007,CZEREMOSZNO,Volhynia,Poland,Ukraine,POP,1921,The J. pop. in 1921 was 102 (total 681).,[],[],
1008,CZERNELICA,Stanislawow,Poland,Ukraine,community_present,17EX,The J. community existed from the early 18th cent.,[],[],
1009,CZERNIANY,Polesie,Poland,Belarus,POP,1921,The J. pop. in 1921 was 105 (total 704).,[],[],
1010,CZERNIATYN,Stanislawow,Poland,Ukraine,POP,1921,The J. pop. in 1921 was 105.,[],[],
1011,CZERNIEJOW,Stanislawow,Poland,Ukraine,POP,1921,"In 1921 the J. pop. stood at 336 (total 2,432)",[],[],
1012,CZERWIN,Bialystok,Poland,,community_present,18LX,An independent community existed in the late 19th cent.,[],[],
1013,CZOLHANY,Stanislawow,Poland,Ukraine,POP,1921,The J. pop. in 1921 was 124.,[],[],
1014,CZORTKOW,Tarnopol,Poland,Ukraine,jews_present,1772,In 1772 the Jews were accorded extensive residenc,[],"[{'event': 'Chmielnicki massacres', 'year': '1648–1649', 'impact': 'community wiped out (~50 families)', 'source': 'wiped out in the Chmielnicki massacres of 1648-49'}]",
1015,CZORTOWIEC,Stanislawow,Poland,Ukraine,POP,1921,"In 1921 the J. pop. reached 317 (total 4,723)",[],[],
1016,CZUDEC,Lwow,Poland,Ukraine,community_founded,17LX,An organized community existed from the late 18th cent.,[],[],
1017,CZYZEWO,Bialystok,Poland,,jews_arrived,17XX,"Jews, among C.'s founders (18th cent.)",[],[],
1018,DABEIKIAI,Utena,Lithuania,,community_founded,16XX,The J. community began in the 17th cent.,"[{'lang': 'yid', 'name': 'Dabaik'}]",[],
1019,DABER,Pomerania,Germany,Poland,jews_present,1700,Jews lived in D. since 1700,"[{'lang': 'pol', 'name': 'Dobra'}]",[],
1020,DAGDA,Latgale,Latvia,,community_founded,18EX,The community was founded in the 1820s,[],[],
1021,DAHN,Palatinate,Germany,,community_present,18XX,A J. community existed in the 19th cent.,[],[],
1022,DALESZYCE,Kielce,Poland,,POP,1857,"The J. community numbered 131 (total 1,458) in 1857",[],[],
1023,DAMBACH-LA-VILLE,Bas-Rhin,France,,jews_present,15XX,The J. presence dates from the 16th cent.,[],[],
1024,DAMIENESTI,Moldavia,Rumania,,jews_arrived,18MX,Jews were granted privileges to settle here in the mid-19th cent.,[],[],
1025,DANDOWKA,Kielce,Poland,,jews_arrived,18LX,Jews settled in the 1890s,[],[],
1026,DANILOVO,Carpatho-Russia,Czechoslovakia,Ukraine,jews_present,1768,One J. family was present in 1768,"[{'lang': 'hun', 'name': 'Husztsofalva'}, {'lang': 'yid', 'name': 'Danilief'}]",[],
1027,DARABANI,Moldavia,Rumania,,jews_arrived,18MX,Jews first settled in the 1830s,[],"[{'event': 'pogrom', 'year': '1875', 'impact': '400 Jewish homes ransacked', 'source': 'A pogrom broke out in 1875 and 400 J. homes were ransacked'}, {'event': 'antisemitic attack', 'year': '1884', 'impact': 'synagogue attacked on Yom Kippur', 'source': 'on Yom Kippur 1884 the synagogue'}]",
1028,DARACHOW,Tarnopol,Poland,Ukraine,POP,1921,The J. pop. in 1921 was 109,[],[],
1029,DARAGANOVO,Minsk,Belorussia,,jews_arrived,1903,Jews were only permitted to settle in 1903,[],[],
1030,DARBENAI,Kretinga,Lithuania,,community_founded,18XX,The J. community was founded in the 19th cent.,"[{'lang': 'yid', 'name': 'Drobian'}, {'lang': 'yid', 'name': 'Dorbian'}]",[],
1031,DARMANESTI (I),Moldavia,Rumania,,jews_arrived,18EX,Jews settled here in the early 19th cent.,[],[],
1032,DARMANESTI (II),Bukovina,Rumania,,POP,,The J. pop. in 1930 was 92.,[],[],
1033,DARMSTADT,Hesse,Germany,,jews_present,1629,In 1629 J. traders were compelled to leave the city.,[],"[{'event': 'expulsion', 'year': '1629', 'impact': 'J. traders compelled to leave the city', 'source': 'In 1629 J. traders were compelled to leave the city.'}]",
1034,DARSUNISKIS,Troki,Lithuania,,POP,,The J. pop. in 1923 was 120 (15% of the total).,"[{'lang': 'yid', 'name': 'Darshunishok'}]",[],
1035,DARUVAR,Croatia,Yugoslavia,Republic of Croatia,jews_arrived,17XX,Jews first settled in D. in the 18th cent.,[],[],
1036,DASHEV,Vinnitsa,Ukraine,,POP,1765,The J. pop. was 406 in 1765,[],"[{'event': 'pogrom', 'year': '1917', 'impact': 'many Jews beaten and robbed', 'source': 'In late Nov. 1917, many Jews were beaten and robbed in a pogrom.'}]",
1037,DASHOVKA,Mogilev,Belorussia,,POP,,"The J. pop. was 392 (total 1,228) in 1897.",[],[],
1038,DATTELN,Westphalia,Germany,,jews_arrived,1814,"In 1814, two J. families settled in D.",[],[],
1039,DAUBORN,Hesse-Nassau,Germany,,community_founded,1750,"In 1750, Jews from D. and from three neighboring villages established a community",[],[],
1040,DAUGAI,Alytus,Lithuania,,jews_arrived,15XX,D.'s first Jews arrived in the 16th cent.,"[{'lang': 'yid', 'name': 'Doig'}]",[],
1041,DAUGAVPILS,Latgale,Latvia,,community_founded,1750–1760,The J. community was founded between 1750-60,"[{'lang': 'ger', 'name': 'Duenaburg'}, {'lang': 'rus', 'name': 'Dvinsk'}, {'lang': 'yid', 'name': 'Dvinsk'}]",[],
1042,DAUGIELISZKI,Vilna,Poland,Belarus,jews_arrived,17LX,Jews first settled in the late 18th cent.,[],[],
1043,DAVIDESTI,Bukovina,Rumania,Ukraine,jews_arrived,18XX,Jews settled in the 19th cent.,[],[],
1044,DAVIDOVKA,Polesie,Belorussia,,community_founded,1847,D. was founded as a J. farm settlement in 1847,[],[],
1045,DAWIDGRODEK,Polesie,Poland,Belarus,community_founded,16MX,The J. settlement was founded in the 1650s,[],[],
1046,DEBELJACA,Vojvodina,Yugoslavia,,community_founded,18LX,A J. community was established in the 1880s,[],[],
1047,DEBRECEN,Hajdu,Hungary,,jews_arrived,1840,Jews first settled in 1840,[],[],
1048,DECIN,Bohemia,Czechoslovakia,,community_founded,18MX,The community was reestablished only in the mid-19th cent.,[],"[{'event': 'expulsion', 'year': '', 'impact': 'earlier Jews expelled', 'source': 'Jews present in the first half of the 16th cent. were apparently later expelled'}]",
1049,DECS,Tolna,Hungary,,jews_arrived,18MX,Jews settled in the mid-19th cent.,[],[],
1050,DEDA,N. Transylvania,Rumania,,jews_arrived,18EX,Jews settled in the early 19th cent.,[],[],
1051,DEDEMSVAART,Overijssel,Holland,,jews_arrived,1820,Jews settled from 1820,"[{'lang': 'nld', 'name': 'Avereest'}]",[],
1052,DEDKOVITCHY,Zhitomir,Ukraine,,jews_arrived,17LX,J. settlement began in the late 18th cent.,[],[],
1053,DEGGENDORF,Lower Bavaria,Germany,,jews_arrived,13EX,The J. settlement dates from the early 14th cent.,[],"[{'event': 'massacre', 'year': '1338', 'impact': 'all Jews burned alive', 'source': 'In Sept. 1338, all the Jews were burned alive'}]",
1054,DEISEL,Hesse-Nassau,Germany,,community_present,1850,maintained a community numbering 134 in 1850,[],[],
1055,DEJ,N. Transylvania,Rumania,,jews_arrived,1834,Jews first settled in 1834,"[{'lang': 'hun', 'name': 'Des'}]",[],"In 1850 three Jewish soldiers defected and settled, one later became notable"
1056,DEKSZNIE,Vilna,Poland,Belarus,community_founded,1847,established as a J. farm settlement in 1847,[],[],
1057,DELATYCZE,Nowogrodek,Poland,Belarus,first_mention,1721,A J. community is mentioned in 1721,[],"[{'event': 'World War I destruction', 'year': '1914–1918', 'impact': 'most of town destroyed; ~100 Jews returned', 'source': 'Most of the town was destroyed in WWI and barely 100 Jews returned'}]",
1058,DELATYN,Stanislawow,Poland,Ukraine,POP,,"The J. community grew to nearly 3,000 before WWI; later fell to 1,576",[],"[{'event': 'World War I destruction', 'year': '1914–1918', 'impact': 'population fell after destruction', 'source': 'The J. pop. fell to 1,576 following the destruction'}]",
1060,DELDEN,Overijssel,Holland,,community_founded,16XX,J. settlement began in the 17th cent. and a small community was established,[],[],
1061,DELFT,Zuid-Holland,Holland,,community_founded,18XX,A community was established in the 19th cent.,[],[],
1062,DELFZIJL,Groningen,Holland,,jews_present,16XX,Jews lived there from the 17th cent.,[],[],
1063,DELME,Moselle,France,,community_founded,1819,A synagogue was inaugurated in 1819,[],[],
1064,DELMENHORST,Oldenburg,Germany,,jews_arrived,1695,Jews first settled there in 1695,[],[],
1065,DEMBICA,Cracow,Poland,,jews_arrived,16XX,The J. settlement took root in the 17th cent.,[],"[{'event': 'restrictive measures', 'year': '1701', 'impact': 'restrictions against Jews', 'source': 'Restrictive measures were instituted against the Jews in 1701'}]",
1066,DEMBLIN-IRENA,Lublin,Poland,,community_present,18EX,The community grew with the economic development of the town in the first half of the 19th cent.,"[{'lang': 'yid', 'name': 'Modzhitz'}]",[],
1067,DEMECSER,Szabolcs,Hungary,,jews_arrived,1770,Jews settled c. 1770,[],[],
1068,DEMIDOV,Smolensk,Russia,,jews_arrived,18MX,Jews settled in the mid-19th cent.,[],[],
1069,DEMIDOWKA,Volhynia,Poland,Ukraine,jews_present,17LX,Jews were probably present from the late 18th cent.,[],[],
1070,DEMMELSDORF,Upper Franconia,Germany,,jews_present,1670,Jews were present in 1670,[],"[{'event': 'residential limitations', 'year': '1739', 'impact': 'residence limited to six families', 'source': 'In 1739 their residence was limited to six families'}]",
1071,DEMYCZE,Stanislawow,Poland,Ukraine,POP,,The J. pop. in 1921 was 443,[],[],
1072,DEN BOSCH,Noord-Brabant,Holland,,first_mention,12XX,A J. presence was noted in the 13th-14th cents.,"[{'lang': 'nld', 'name': ""'s-Hertogenbosch""}]",[],
1073,DEN HELDER,Noord-Holland,Holland,,jews_arrived,17LX,J. settlement began in the late 18th cent.,[],[],
1074,DENEKAMP,Overijssel,Holland,,jews_arrived,16XX,J. settlement began in the 17th cent.,[],[],
1075,DENKOW,Kielce,Poland,,jews_present,15XX,Jews may have been present in the 16th cent.,[],[],
1076,DERAZHNO,Volhynia,Poland,Ukraine,community_present,16XX,A small community existed from the 17th century,[],[],
1077,DERAZHNYA,Kamenets-Podolski,Ukraine,,community_present,17XX,The J. community dates from the 18th cent.,[],"[{'event': 'Haidamak attack', 'year': '1734', 'impact': 'community suffered attack', 'source': 'In 1734 it suffered a Haidamak attack'}]",
1078,DERECSKE,Bihar,Hungary,,jews_arrived,18EX,Jews settled in the early 19th cent.,[],[],
1079,DERECZYN,Nowogrodek,Poland,Belarus,first_mention,1550,Jews are first mentioned in 1550.,[],[],
1080,DEREWNO,Nowogrodek,Poland,Belarus,jews_arrived,17LX,Jews probably settled in the late 18th cent.,[],[],
1081,DERNA,Cyrenaica,Libya,,jews_arrived,15XX,Spanish exiles apparently settled in the 16th cent.,[],[],
1082,DERVENTA,Bosnia-Hercegovina,Yugoslavia,Republic of Bosnia,jews_arrived,18XX,Jews settled there during the 19th cent.,[],[],
1083,DESSAU,Anhalt,Germany,,jews_arrived,1672,A continuous J. settlement started in D. only in 1672.,[],[],
1084,DETA,S. Transylvania,Rumania,,community_founded,1858,A J. community was organized in 1858,"[{'lang': 'hun', 'name': 'Detta'}]",[],
1085,DETMOLD,Lippe,Germany,,jews_arrived,1500,A Jew was first permitted to settle there in 1500.,[],[],
1086,DETTELBACH,Lower Franconia,Germany,,first_mention,1675,Jews are first mentioned in 1675.,[],[],
1087,DETTENSEE,Hohenzollern,Germany,,jews_present,1720,A quota of 23 families was present from 1720,[],[],
1088,DETVA,Slovakia,Czechoslovakia,Republic of Slovakia,jews_arrived,18MX,Jews settled in the mid-19th cent.,[],[],
1089,DEUTSCH EYLAU,East Prussia,Germany,Poland,community_present,1722,The J. community numbered 15 families in 1722.,"[{'lang': 'pol', 'name': 'Iława'}]",[],
1090,DEUTSCHKREUTZ,Burgenland,Austria,,jews_arrived,1478,Jews first settled in 1478.,[],[],
1091,DEUTSCH-KRONE,Posen-West,Germany,Poland,first_mention,1623,The first authenticated report ... is dated 1623.,"[{'lang': 'pol', 'name': 'Wałcz'}]",[],
1092,DEVA,S. Transylvania,Rumania,,jews_arrived,18MX,Jews first settled in the 1830s,"[{'lang': 'ger', 'name': 'Diemrich'}]",[],
1093,DEVAVANYA,Jasz-Nagykun-Szolnok,Hungary,,jews_arrived,18EX,Jews settled in the early 19th cent.,[],[],
1094,DEVECSER,Veszprem,Hungary,,jews_arrived,17EX,Jews settled in the early 18th cent.,[],[],
1095,DEVENTER,Overijssel,Holland,,community_founded,1797,A community was founded in 1797,[],[],
1096,DEZERICE,Slovakia,Czechoslovakia,Slovakia,POP,1840,The J. community numbered about 130 in 1840,[],[],
1097,DIAKOVCE,Slovakia,Czechoslovakia,Slovakia,jews_arrived,18MX,Jews first settled in the 1840s,"[{'lang': 'hun', 'name': 'Deak'}]",[],
1098,DIATKOVO,Oriol,Russia,,jews_arrived,18LX,Jews arrived in the late 19th cent.,[],[],
1099,DIDIMOTICHO,Thrace,Greece,,community_present,13EX,A J. community existed in the early years of Ottoman rule (14th cent.),[],[],
1100,DIDKOVICHI,Zhitomir,Ukraine,,POP,1897,"The J. pop. was 276 (total 2,811) in 1897",[],[],
1101,DIEBURG,Hesse,Germany,,community_founded,13XX,Established in the 14th cent.,[],[],
1102,DIELKIRCHEN,Palatinate,Germany,,POP,1875,The J. pop. was 27 (total 638) in 1875,[],[],
1103,DIEMERINGEN,Bas-Rhin,France,,community_founded,18EX,The J. community was established prior to the French Revolution,[],[],
1104,DIEMERODE,Hesse-Nassau,Germany,,community_founded,1725,Established in 1725,[],[],
1105,DIEPHOLZ,Hanover,Germany,,community_founded,1790,Established around 1790,[],[],
1106,DIERDORF,Rhineland,Germany,,first_mention,1683,A J. family is mentioned in 1683,[],[],
1107,DIEREN,Gelderland,Holland,,community_founded,1882,A J. community was officially recognized in 1882,[],[],
1108,DIERSBURG,Baden,Germany,,jews_present,16MX,Jews were apparently present by the Thirty Years War (1618-48),[],[],
1109,DIESPECK,Middle Franconia,Germany,,community_present,17XX,The 18th cent. community had a synagogue as well as a cemetery,[],[],
1110,DIETZENBACH,Hesse,Germany,,POP,1861,"Numbering 28 at its height (1861-1910), the community",[],[],
1111,DIEUZE,Moselle,France,,community_present,17MX,There was a small J. community from the mid-18th cent.,[],[],
1112,DIEZ,Hesse-Nassau,Germany,,community_founded,1706,reestablished ... opening a synagogue in 1706,[],"[{'event': 'Black Death persecutions', 'year': '1348–1349', 'impact': 'community annihilated', 'source': 'Annihilated in the Black Death persecutions of 1348-49'}]",
1113,DIHTINETI,Bukovina,Rumania,Ukraine,POP,,The J. pop. in 1930 was 56.,[],[],Local Jews became part of the Putila community.
1114,DIJON,Cote d'Or,France,,jews_present,11XX,The J. presence in D. dates to the 12th cent.,[],"[{'event': 'Expulsions', 'year': '14XX', 'impact': 'expelled several times', 'source': 'In the 14th cent., the Jews of D. were expelled several times'}, {'event': 'General expulsion edict', 'year': '1394', 'impact': 'expelled from France', 'source': 'general expulsion edict of Charles VI in 1394'}]",
1115,DILLICH,Hesse-Nassau,Germany,,community_founded,18MX,Established around 1740,[],[],
1116,DILLINGEN,Saar,Germany,,jews_present,17MX,evidence from the mid-18th cent. of a J. cemetery,[],[],
1117,DIMER,Kiev,Ukraine,,POP,1765,Jews numbered 52 in 1765,[],"[{'event': 'Pogrom/looting', 'year': '1919', 'impact': 'J. homes and stores looted', 'source': 'In Sept. 1919 Cossacks looted J. homes and stores'}]",
1118,DINKELSBUEHL,Middle Franconia,Germany,,jews_present,1298,Jews were victims of the Rindfleisch massacres of 1298,[],"[{'event': 'Rindfleisch massacres', 'year': '1298', 'impact': 'Jews victimized', 'source': 'Jews were victims of the Rindfleisch massacres of 1298'}, {'event': 'Expulsion', 'year': '1400', 'impact': 'community expelled', 'source': 'maintaining a community until expelled in 1400'}, {'event': 'Readmission/arrival', 'year': '1618–1648', 'impact': 'Jews arrived during the Thirty Years War', 'source': 'Jews arriving in D. during the Thirty Years War (1618-48)'}]",
1119,DINSLAKEN,Rhineland,Germany,,jews_present,13XX,Jews were present in the 14th cent.,[],"[{'event': 'Black Death persecutions', 'year': '1348–1349', 'impact': 'community destroyed', 'source': 'destruction of the community during the Black Death persecutions of 1348-49'}]",
1120,DINXPERLO,Gelderland,Holland,,jews_arrived,17XX,Jews settled in the 18th cent.,[],[],
1121,DIOSEK,Slovakia,Czechoslovakia,Republic of Slovakia,community_present,19EX,did not return until the 1830s,[],"[{'event': 'Expulsion', 'year': '18EX', 'impact': 'early settlers soon expelled', 'source': 'Jews probably settled in the early 18th cent. but were soon expelled'}]",
1122,DIOSGYOR,Borsod,Hungary,,first_mention,18EX,Jews are first mentioned in the early 18th cent.,[],[],
1123,DITRAU,N. Transylvania,Rumania,,jews_arrived,19MX,Jews settled in the mid-19th cent.,"[{'lang': 'hun', 'name': 'Ditro'}]",[],
1124,DITTLOFSRODA,Lower Franconia,Germany,,POP,1816,The J. pop. numbered 68 in 1816,[],[],
1125,DJAKOVO,Croatia,Yugoslavia,Republic of Croatia,community_founded,1852,A J. community was established in 1852,[],[],
1126,DJERBA,Djerba,Tunisia,,community_present,,A number of traditions surround the ancient origins of the island community,[],[],
1127,DLUGOSIODLO,Bialystok,Poland,,jews_arrived,18EX,Jews first settled there at the beginning of the 19th cent.,[],[],
1128,DMITREVKA,Chernigov,Ukraine,,POP,,The J. pop. was 438 (total 644) in 1897,[],[],
1129,DMITRIEV-LGOVSKYI,Kursk,Russia,,jews_arrived,18LX,Jews probably settled in the late 19th cent.,[],[],
1130,DMITROVSK-ORLOVSKI,Oriol,Russia,,jews_arrived,18MX,Jews settled in the mid-19th cent.,[],[],
1131,DNEPRODZERZHINSK,Dnepropetrovsk,Ukraine,,jews_arrived,18LX,J. settlement commenced in the late 19th cent.,"[{'lang': 'rus', 'name': 'Kamenskoye'}]",[],
1132,DNEPROPETROVSK,Dnepropetrovsk,Ukraine,,jews_arrived,17LX,J. settlement commenced in the late 18th cent.,"[{'lang': 'rus', 'name': 'Yekaterinoslav'}]",[],
1133,DNO,Leningrad,Russia,,jews_arrived,19EX,Jews probably settled in the early 20th cent.,[],[],
1134,DOBCZYCE,Cracow,Poland,,first_mention,1564,Jews are first mentioned in 1564,[],[],
1135,DOBELE,Zemgale,Latvia,,community_present,18MX,A small community existed from the mid-19th cent.,[],[],
1136,DOBOJ,,Yugoslavia,Republic of Bosnia,jews_arrived,18LX,Jews settled there in the late 19th cent.,[],[],
1137,DOBRA (I),Lodz,Poland,,jews_arrived,16EX,Jews settled here in the early 17th cent.,[],[],
1138,DOBRA (II),Cracow,Poland,,POP,,"The J. pop. numbered 184 (total 1,831) in 1921",[],[],
1139,DOBRA (III),Slovakia,Czechoslovakia,Republic of Slovakia,community_present,18LX,The rabbinate seated in D. presided over 17 settlements in the latter half of the 19th cent.,[],[],
1140,DOBRE,Warsaw,Poland,,jews_arrived,18LX,Jews probably arrived in the second half of the 19th cent.,[],[],
1141,DOBRIANKA,Chernigov,Ukraine,,jews_present,18LX,A few hundred Jews were present in the late 19th cent.,[],"[{'event': 'Pogrom', 'year': '1917', 'impact': 'about 20 Jews beaten', 'source': 'Cossacks beat about 20 Jews in a 1917 pogrom.'}]",
1142,DOBRINICE,Carpatho-Russia,Czechoslovakia,Ukraine,jews_present,1746,One J. family was present in 1746.,"[{'lang': 'ukr', 'name': 'Dobynyci'}, {'lang': 'hun', 'name': 'Bercsenyifalva'}]",[],
1143,DOBRIS,Bohemia,Czechoslovakia,,community_present,16EX,A J. community is known from the first half of the 17th cent.,[],[],
1144,DOBROE,Nikolaiev,Ukraine,,community_founded,1807,D. was founded in 1807 as a J. colony.,[],[],
1145,DOBROMIL,Lwow,Poland,Ukraine,first_mention,15LX,Jews are recorded from the second half of the 16th cent.,[],[],
1146,DOBROMYSL,Vitebsk,Belorussia,,POP,,The J. pop. was 272 (total 332) in 1880 and 371 in 1923.,[],[],
1147,DOBROTWOR,Tarnopol,Poland,Ukraine,community_present,15LX,A small J. community existed from the second half of the 16th cent.,[],[],
1148,DOBROVELYTCHKOVKA,Odessa,Ukraine,,jews_arrived,18EX,J. settlement commenced in the first half of the 19th cent.,"[{'lang': 'rus', 'name': 'Revutskoye'}]",[],
1149,DOBRUSH,Gomel,Belorussia,,POP,,The J. pop. was 372 in 1926.,[],[],
1150,DOBRUSHINO,Crimea,Russia,Ukraine,community_founded,19EX,D. was founded as a J. agricultural settlement in the 1920s.,[],[],
1151,DOBRUSKA,Bohemia,Czechoslovakia,,first_mention,15EX,Jews are mentioned in the first half of the 16th cent.,[],"[{'event': 'Fire', 'year': '1806', 'impact': 'homes and synagogue destroyed', 'source': 'All their homes and the synagogue were destroyed in an 1806 fire.'}]",
1152,DOBRZYN NAD DRWENCA,Warsaw,Poland,,first_mention,16XX,Jews are first mentioned in the 17th cent.,[],"[{'event': 'Residential restrictions', 'year': '1783', 'impact': 'confined to a special quarter', 'source': 'in 1783 were confined to a special quarter'}]",
1153,DOBRZYN NAD WISLA,Warsaw,Poland,,community_present,16LX,An organized community existed from the second half of the 17th cent.,[],[],
1154,DOBSINA,Slovakia,Czechoslovakia,Republic of Slovakia,jews_arrived,1848,Jews from Roznava first settled after 1848.,[],[],
1155,DOESBURG,Gelderland,Holland,,community_founded,16XX,Settlement was renewed in the 17th cent. and a community ... was established.,[],[],
1156,DOETINCHEM,Gelderland,Holland,,jews_arrived,16XX,Jews first settled in D. in the 17th cent.,[],[],
1157,DOKSZYCE,Vilna,Poland,Belarus,community_present,1766,A community of 210 taxpayers was present in 1766.,[],[],
1158,DOLGESHEIM,Hesse,Germany,,POP,,"The community, numbering 54 in 1861",[],[],
1159,DOLHE PODBUSKIE,Lwow,Poland,Ukraine,POP,1921,The J. pop. in 1921 was 144,[],[],
1160,DOLHINOW,Vilna,Poland,Belarus,jews_arrived,15EX,Jews probably arrived in the first half of the 16th cent.,[],[],
1161,DOLINA,Stanislawow,Poland,Ukraine,jews_arrived,16XX,The permanent J. settlement dates from the 17th cent.,[],"[{'event': 'Austrian occupation disabilities and taxation', 'year': '1772–1868', 'impact': 'disabilities and heavy taxation', 'source': 'The Austrian occupation (1772-1868) brought disabilities and heavy taxation'}]",
1162,DOLNI KOUNICE,Moravia,Czechoslovakia,,jews_arrived,13LX,Jews probably settled in the late 14th cent.,[],[],
1163,DOLNJA LENDAVA,Slovenia,Yugoslavia,Republic of Slovenia,community_founded,18EX,an organized community was established at the beginning of the 19th cent.,[],[],
1164,DOLNY KUBIN,Slovakia,Czechoslovakia,Republic of Slovakia,jews_arrived,17EX,Jews probably settled in the early 18th cent.,[],"[{'event': 'Synagogue fire', 'year': '1893', 'impact': 'synagogue burned down', 'source': 'The synagogue, built in 1775, burned down in 1893'}]",
1165,DOLNY STAL,Slovakia,Czechoslovakia,Republic of Slovakia,jews_arrived,1740,only returning c. 1740,"[{'lang': 'hun', 'name': 'Alistal'}]","[{'event': 'Medieval community abandoned', 'year': '', 'impact': 'early settlement abandoned', 'source': 'Jews settled in the late Middle Ages, later abandoning the town'}]",
1166,DOLZKA,Stanislawow,Poland,Ukraine,POP,1921,The J. pop. in 1921 was 141,[],[],
1167,DOMACZEWO,Polesie,Poland,Belarus,jews_arrived,17LX,The J. settlement dates from the late 18th cent.,[],"[{'event': 'World War I', 'year': '1914–1918', 'impact': 'much suffering', 'source': 'after much suffering in WWI'}]",
1168,DOMANEVKA,Odessa,Ukraine,,POP,1897,"The J. pop. was 903 (total 1,145) in 1897",[],[],
1169,DOMANOVO,Mogilev,Belorussia,,community_founded,1848,founded as a J. colony in 1848,[],[],
1170,DOMARADZ,Lwow,Poland,,first_mention,1808,Jews are first mentioned in 1808,[],[],
1171,DOMAZLICE,Bohemia,Czechoslovakia,,jews_arrived,1848,Jews settled after the 1848 revolution,[],[],
1172,DOMBIE,Lodz,Poland,,jews_present,17XX,Jews lived here from the 18th cent.,[],[],
1173,DOMBOVAR,Tolna,Hungary,,jews_arrived,17EX,Jews settled in the first half of the 18th cent.,[],[],
1174,DOMBRAD,Szabolcs,Hungary,,first_mention,1770,"Jews, first mentioned in 1770",[],[],
1175,DOMBROWA,Bialystok,Poland,,jews_present,17EX,Jews appeared in the first half of the 18th cent.,[],[],
1176,DOMBROWA GORNICZA,Kielce,Poland,,jews_arrived,1828,Jews began settling in 1828 when they were hired as miners,[],[],
1177,DOMBROWICA,Volhynia,Poland,Ukraine,jews_present,15EX,A J. settlement already existed in the early 16th cent.,[],[],
1178,DOMBROWICE,Warsaw,Poland,,community_founded,17MX,This community began in the mid-18th cent.,[],[],
1179,DABROWA TARNOWSKA,Cracow,Poland,,jews_present,15LX,Jews lived there from the late 16th cent.,[],"[{'event': 'community organized', 'year': '17LX', 'impact': 'organized community formed', 'source': 'formed an organized community a century later'}]",
1180,DOMSOD,Pest,Hungary,,jews_present,18EX,Jews were present in the early 19th cent.,[],[],
1181,DONETSKO-AMVROSIEVKA,Stalino,Ukraine,,POP,1939,The J. pop. in 1939 was 128,[],[],
1182,DONJI MIHOLJAC,Croatia,Yugoslavia,Republic of Croatia,jews_arrived,19XX,Jews first settled in the 19th cent.,[],[],
1183,DORDRECHT,Zuid-Holland,Holland,,jews_arrived,16LX,J. settlement began in the late 17th cent.,[],"[{'event': 'community organized', 'year': '18EX', 'impact': 'community organized', 'source': 'in the early 18th cent. a community was organized'}]",
1184,DORMAGEN,Rhineland,Germany,,jews_present,1655,Continuous J. settlement dates back to 1655,[],[],
1185,DORNESTI,Bukovina,Rumania,,jews_arrived,1774,J. traders settled in 1774,[],"[{'event': 'World War I evacuation', 'year': '1914–1918', 'impact': 'Jews evacuated with the rest of the population', 'source': 'During WWI, Jews were evacuated with the rest of the pop.'}]",
1186,DORNHEIM (I),Hesse,Germany,,community_founded,18XX,"The community, established by livestock traders in the 18th cent.",[],[],
1187,DORNHEIM (II),Middle Franconia,Germany,,community_present,15XX,A small community existed from at least the 16th cent.,"[{'lang': 'heb', 'name': 'Tarnim'}]",[],
1188,DORNUM,Hanover,Germany,,community_present,1723,"By 1723, the J. community had an old burial ground",[],[],
1189,DOROGOBUZH,Smolensk,Russia,,first_mention,1648,Jews are first mentioned in 1648,[],[],
1190,DOROHOI,Moldavia,Rumania,,jews_arrived,17LX,Jews settled in the late 18th cent.,[],"[{'event': 'Expulsions from nearby villages', 'year': '1881', 'impact': 'influx to D.; population doubled by 1899', 'source': 'In 1881, the Jews expelled from the nearby villages came to D.'}]",
1191,DOROSAUTI,Bukovina,Rumania,,POP,1930,The J. pop. in 1930 was 58.,[],[],Attached to Zastavna community; prayed in Vasilau synagogue.
1192,DORSTEN,Rhineland,Germany,,jews_arrived,17XX,J. settlement in D. started in the 18th cent.,[],[],
1193,DORSTFELD,Westphalia,Germany,,first_mention,1731,Jews are first mentioned in 1731.,[],[],
1194,DORTMUND,Westphalia,Germany,,jews_present,10LX,Transient J. merchants were present in the late 11th cent.,[],[],
1195,DOTNUVA,Kedainiai,Lithuania,,community_present,17XX,The J. community began in the 18th cent.,[],"[{'event': 'WWI exile', 'year': '1914–1918', 'impact': 'about 120 Jewish families exiled to the Russian interior', 'source': ""During wwi, D.'s 120 J. families were exiled to the Russian""}]",
1196,DOUAI,Nord,France,,community_founded,1825,The community was founded in 1825.,[],[],
1197,DOVBISH,Zhitomir,Ukraine,,jews_present,18LX,Fewer than 500 Jews were present in the late 19th cent.,"[{'lang': 'rus', 'name': 'Markhlevsk'}]",[],
1198,DOVHE,Carpatho-Russia,Czechoslovakia,Ukraine,jews_arrived,17LX,Jews probably settled in the late 18th cent.,"[{'lang': 'hun', 'name': 'Dolha'}]",[],
1199,DOWGIELISZKI,Vilna,Poland,Lithuania,POP,1898,The J. pop. was 48 in 1898.,[],[],
1200,DRACINETI,Bukovina,Rumania,Ukraine,POP,1930,The J. pop. in 1930 was 232.,[],[],Attached to the Stanestii community; no independent institutions.
1201,DRAGOMIRESTI,N. Transylvania,Rumania,,jews_arrived,1780,Among the first Jews to settle in 1780,"[{'lang': 'hun', 'name': 'Dragomerfalva'}]",[],
1202,DRAGUIGNAN,Var,France,,community_present,12LX,Towards the end of the 13th cent. there was a J. community in D.,[],[],
1203,DRAGUSENI,Moldavia,Rumania,,jews_arrived,1831,Jews settled in 1831,[],[],
1204,DRAHOVO,Carpatho-Russia,Czechoslovakia,Ukraine,jews_present,1735,Two J. families were present in 1735.,"[{'lang': 'hun', 'name': 'Kovesliget'}]",[],
1205,DRAMA,Drama,Greece,,first_mention,11XX,Benjamin of Tudela found 140 Jews there in the 12th cent.,[],[],
1206,DRAMBURG,Pomerania,Germany,Poland,jews_arrived,1735–1740,The first Jews arrived in D. between 1735 and 1740.,"[{'lang': 'pol', 'name': 'Drawsko Pomorskie'}]",[],
1207,DRANCENI,Moldavia,Rumania,/,jews_arrived,18MX,Jews settled here in the mid-19th cent.,[],[],/
1208,DRANSFELD,Hanover,Germany,/,jews_present,13XX,Jews were apparently present for awhile in the 14th cent.,[],[],/
1209,DRESDEN,Saxony,Germany,/,jews_present,1300,probably received a site to erect a synagogue around 1300,[],"[{'event': 'Black Death persecutions', 'year': '1348–1349', 'impact': 'community affected; references resume in 1375', 'source': 'After the Black Death persecutions (1348-49), the first reference to Jews is not until 1375.'}]",/
1210,DRIBIN,Mogilev,Belorussia,/,POP,1766,The J. pop. was 255 in 1766,[],[],/
1212,DRIESEN,Brandenburg,Germany,Poland,POP,1849,The J. pop. of D. was 96 in 1849,"[{'lang': 'pol', 'name': 'Drezdenko'}]",[],/
1213,DRIETOMA,Slovakia,Czechoslovakia,Republic of Slovakia,jews_present,16XX,A few Jews were probably present in the 17th cent.,[],[],/
1214,DRISSA,Vitebsk,Belorussia,/,first_mention,15LX,Jews are mentioned in the late 16th cent.,[],[],/
1215,DROBIN,Warsaw,Poland,/,jews_arrived,16LX,Jews first settled in D. in the late 17th cent.,[],[],/
1216,DROHICZYN (I),Polesie,Poland,Belarus,jews_arrived,1623,Jews probably settled c. 1623.,[],[],/
1217,DROHICZYN (II),Bialystok,Poland,/,jews_present,14XX,Jews appeared in the 15th cent.,[],"[{'event': 'pogrom', 'year': '1631', 'impact': '/', 'source': 'The Jews were blamed for fires in 1631 ... with resulting pogroms.'}, {'event': 'pogrom', 'year': '1637', 'impact': '/', 'source': 'The Jews were blamed for fires in ... 1637 with resulting pogroms.'}]",/
1218,DROHOBYCZ,Lwow,Poland,Ukraine,first_mention,1404,Jews are first mentioned in 1404,[],[],/
1219,DROMERSHEIM,Hesse,Germany,/,POP,1861,"The community, numbering 42 ... in 1861",[],[],/
1220,DROSSEN,Brandenburg,Germany,Poland,community_present,18EX,a permanent J. settlement is documented only from the beginning of the 19th cent.,"[{'lang': 'pol', 'name': 'Osno Lubuskie'}]",[],/
1221,DROVE,Rhineland,Germany,/,first_mention,1663,Jews are mentioned in 1663.,[],[],/
1222,DRUJA,Vilna,Poland,Belarus,jews_arrived,15LX,Jews settled in the late 16th cent.,[],[],/
1223,DRUJSK,Vilna,Poland,Belarus,jews_arrived,18LX,Jews arrived as the village's first settlers in the 1870s,[],[],/
1224,DRUSKIENIKI,Bialystok,Poland,Lithuania,jews_arrived,18MX,J. settlement probably commenced in the mid-19th cent.,[],[],
1225,DRUSZKOPOL,Volhynia,Poland,Ukraine,jews_arrived,16LX,J. settlement began in the second half of the 17th cent.,[],[],
1226,DRUZHKOVA,Stalino,.,Ukraine,POP,1939,The J.pop. in 1939 was 433,[],[],
1227,DRZEWICA,Lodz,Poland,.,community_present,18LX,"At the end of the 19th cent., German Jews were involved... The majority of the community were Gur Hasid",[],[],
1228,DUBECZNO (I),Volhynia,Poland,Ukraine,POP,19XX,The J. pop. of 20 families,[],[],
1229,DUBECZNO (II),Lublin,Poland,.,jews_arrived,17LX,Jews settled in the late 18th cent.,[],[],
1230,DUBIECKO,Lwow,Poland,.,first_mention,1622,Jews are recorded from 1622,"[{'lang': 'yid', 'name': 'Dubatsk'}]",[],
1231,DUBIENKA,Lublin,Poland,.,jews_present,15LX,A J. settlement existed by the late 16th cent.,[],[],
1232,DUBINGIAI,Ukmerge,Lithuania,.,community_founded,18XX,A J. community was established here in the 19th cent.,"[{'lang': 'yid', 'name': 'Dubinik'}]",[],
1233,DUBINOVO,Vilna,Poland,Belarus,community_founded,1848,a J. agricultural colony founded in 1848,[],[],
1234,DUBNICA,Slovakia,Czechoslovakia,Republic of Slovakia,jews_arrived,17EX,Jews settled in the early 18th cent.,[],[],
1235,DUBNO,Volhynia,Poland,Ukraine,jews_arrived,15EX,Jews began to settle in the early 16th cent.,[],"[{'event': 'Chmielnicki massacres', 'year': '1648–1649', 'impact': 'between 1,100 and 1,500 murdered', 'source': 'Between 1,100 and 1,500 were murdered'}]",
1236,DUBOSSARY,Moldavia,.,Republic of Moldova,jews_arrived,18LX,J. settlement commenced in the late 18th cent.,[],"[{'event': 'antisemitic disturbances', 'year': '1882', 'impact': '2 killed, 6 injured', 'source': 'In 1882, two Jews were killed and six injured in antisemitic disturbances'}, {'event': 'blood libel', 'year': '1903', 'impact': 'nearly led to a pogrom', 'source': 'A blood libel in 1903 nearly led'}]",
1237,DUBOVE,Carpatho-Russia,Czechoslovakia,Ukraine,jews_arrived,18EX,J. settlement began in the first half of the 19th cent.,"[{'lang': 'hun', 'name': 'Dombo'}, {'lang': 'yid', 'name': 'Dibeve'}]",[],
1238,DUBOVO,Kiev,Ukraine,.,POP,1897,"Jews numbered 1,104 in 1897",[],"[{'event': 'pogrom', 'year': '1919-06-17', 'impact': 'murder and looting by Sokolowski gangs', 'source': 'the Sokolowski gangs attacked and murdered Jews and looted homes and stores'}]",
1239,DUBOVOYE,Tula,Russia,.,community_present,19XX,few dozen they had concentrated there from the neighboring villages,[],[],
1240,DUBROVKA,Oriol,Russia,,jews_arrived,18LX,Jews settled in the late 19th cent.,[],[],
1241,DUBROVNIK,Croatia,Yugoslavia,Republic of Croatia,jews_present,1502,blood libel in 1502,"[{'lang': 'ita', 'name': 'Ragusa'}]","[{'event': 'blood libel', 'year': '1502', 'impact': '', 'source': 'blood libel in 1502'}]",
1242,DUBROVNO,Vitebsk,Belorussia,,jews_arrived,17EX,Jews settled in the early 18th cent.,[],[],
1243,DUBROWA,Nowogrodek,Poland,Belarus,community_founded,1848,founded as a J. agricultural colony in 1848,[],[],
1244,DUCHCOV,Bohemia,Czechoslovakia,,community_founded,18EX,reestablishing the community only after the 1848 revolution,[],"[{'event': 'expulsion', 'year': 'before 1527', 'impact': 'community expelled', 'source': 'most likely expelled before 1527'}]",
1245,DUDERGOF,Leningrad,Russia,,jews_arrived,19EX,probably settled in the early 20th cent.,[],[],
1246,DUDERSTADT,Hanover,Germany,,jews_present,13EX,evidence of Jews in D. as early as the beginning of the 14th cent.,[],[],
1247,DUEDELSHEIM,Hesse,Germany,,community_founded,1722,Established before 1722,[],[],
1248,DUELKEN,Rhineland,Germany,,jews_present,13EX,Jews were present in the first half of the 14th century,[],[],
1249,DUELMEN,Westphalia,Germany,,first_mention,1554,Jews are first mentioned in 1554,[],[],
1250,DUEREN,Rhineland,Germany,,first_mention,1237,Jews are first mentioned in 1237,[],"[{'event': 'Black Death persecutions', 'year': '1348–1349', 'impact': 'community destroyed', 'source': 'The community was destroyed in the Black Death persecutions of 1348-49'}]",
1251,DUESSELDORF,Rhineland,Germany,,jews_present,1418,A cemetery dating back to 1418 indicates that Jews were probably present,[],[],
1252,DUISBURG,Rhineland,Germany,,community_present,11XX,A small J. community apparently existed in the 12th cent.,[],"[{'event': 'Black Death persecutions', 'year': '1348–1349', 'impact': 'community completely destroyed', 'source': 'completely destroyed in the Black Death persecutions of 1348-49'}]",
1253,DUISBURG-MEIDERICH,Rhineland,Germany,,jews_arrived,17EX,settlement dates from the first half of the 18th cent.,[],[],
1254,DUISBURG-RUHRORT,Rhineland,Germany,,jews_present,15LX,Small numbers of Jews were present in the late 16th,[],[],
1255,DUKHOVSHCHINA,Smolensk,Russia,,jews_arrived,18MX,probably settled in the mid-19th cent.,[],[],
1256,DUKLA,Lwow,Poland,,jews_arrived,15XX,permanent J. settlement dates from the 16th cent.,[],[],
1257,DUKORA,Minsk,Belorussia,,jews_arrived,17EX,Jews probably settled in the first half of the 18th cent.,[],[],
1258,DUKSZTY,Vilna,Poland,Belarus,jews_arrived,1863,Jews began arriving after the laying of the Petersburg-Warsaw railroad line in 1863,[],[],
1259,DUMBRAVENI (I),Bessarabia,Rumania,Republic of Moldova,community_founded,1836,This settlement was founded in 1836 by Jews,[],[],
1260,DUMBRAVENI (II),S. Transylvania,Rumania,,jews_arrived,1848,Jews first settled in 1848,"[{'lang': 'hun', 'name': 'Erzsebetvaros'}, {'lang': 'ger', 'name': 'Elisabethstadt'}]",[],
1261,DUNAFOLDVAR,Tolna,Hungary,,community_founded,1840,The J. community dates from 1840,[],[],
1262,DUNAHARASZTI,Pest-Pilis-Solt-Kiskun,Hungary,,jews_arrived,1840,Jews settled in 1840,[],[],
1263,DUNAJOW,Tarnopol,Poland,Ukraine,jews_present,16XX,Jews were present from the 17th cent.,[],[],
1264,DUNAJSKA STREDA,Slovakia,Czechoslovakia,,jews_present,17EX,Jews were present in the early 18th cent.,"[{'lang': 'hun', 'name': 'Dunaszerdahely'}, {'lang': 'yid', 'name': 'Sezdahely'}]",[],
1265,DUNAKISZL,Pest,Hungary,,POP,1930,J. pop. (1930) 100,[],[],
1266,DUNAPATAJ,Pest-Pilis-Solt-Kiskun,Hungary,,jews_arrived,18EX,Jews arrived in the early 19th cent.,[],[],
1267,DUNAPENTELE,Fejer,Hungary,,community_founded,18EX,A modern community of 20 families dates from the early 19th cent.,[],"[{'event': 'Ancient presence', 'year': 'Roman period', 'impact': 'Jews present', 'source': 'Jews were present in the Roman period'}]",
1268,DUNAVECSE,Pest-Pilis-Solt-Kiskun,Hungary,,jews_arrived,18EX,Jews settled in the first half of the 19th cent.,[],[],
1269,DUNDAGA,Courland,Latvia,,,,,[],[],
1270,DUNILOWICZE,Vilna,Poland,Belarus,community_present,18EX,A J. community is known from the early 19th cent.,[],[],
1271,DUNINO,Smolensk,Russia,,community_founded,1848,founded as a J. colony in 1848,[],[],
1272,DURMENACH,Haut-Rhin,France,,jews_present,1784,The J. community numbered 73 families (340 persons) in 1784,[],[],
1273,DUNKERQUE,Nord,France,,community_founded,18EX,community was established in the first half of the 19th cent.,"[{'lang': 'eng', 'name': 'Dunkirk'}]",[],
1274,DUPPIGHEIM,Bas-Rhin,France,,jews_present,1781,"In 1781, there were 86 Jews living in D.",[],[],
1275,DURBE,Courland,Latvia,,POP,1920,down from 30 in 1920,[],[],
1276,DURLACH,Baden,Germany,,community_present,13XX,The 14th cent. community,[],"[{'event': 'Black Death persecutions', 'year': '1348–1349', 'impact': 'community wiped out', 'source': 'wiped out in the Black Death persecutions of 1348–49'}]",
1277,DURMENACH,Haut-Rhin,France,,jews_present,1784,The J. community numbered 73 families (340 persons) in 1784,[],[],
1278,DUSETOS,Zarasai,Lithuania,,community_present,15XX,The J. community began in the 16th cent.,"[{'lang': 'lit', 'name': 'Dusetai'}, {'lang': 'yid', 'name': 'Dusiat'}]",[],
1279,DUSINA,Carpatho-Russia,Czechoslovakia,Ukraine,jews_arrived,18EX,Jews probably settled in the early 19th cent.,"[{'lang': 'hun', 'name': 'Zajgo'}]",[],
1280,DUTTLENHEIM,Bas-Rhin,France,,community_founded,1860,The local synagogue was inaugurated in 1860,[],[],
1281,DVORY NAD ZITAVOU,Slovakia,Czechoslovakia,,jews_present,17EX,Jews were apparently present in small numbers in the early 18th cent.,"[{'lang': 'hun', 'name': 'Udvard'}]",[],
1282,DVUR KRALOVE NAD LABEM,Bohemia,Czechoslovakia,,first_mention,1838,Jews are first mentioned in 1838,[],[],
1283,DWINGELOO,Drenthe,Holland,,jews_arrived,17XX,J. settlement began in the 18th cent.,[],[],
1284,DWORZEC,Nowogrodek,Poland,Belarus,first_mention,1566,Jews are first mentioned in 1566,[],[],
1285,DYNOW,Lwow,Poland,,first_mention,1552,Jews are first noted in 1552,[],[],
1286,DYWIN,Polesie,Poland,Belarus,community_founded,15LX,Jews formed an organized community with wide-ranging rights from the late 16th cent.,[],"[{'event': 'Great fire', 'year': '1892', 'impact': 'community suffered destruction', 'source': 'A great fire in 1892 destroyed'}]",
1287,DZERZHINSK (I),Minsk,Belorussia,,community_present,1765,A J. community of 560 poll tax payers was already present in 1765,"[{'lang': 'rus', 'name': 'Koidanovo'}]",[],
1288,DZERZHINSK (II),Stalino,Ukraine,,jews_arrived,19EX,J. settlement began in the early 20th cent.,"[{'lang': 'rus', 'name': 'Shcherbinovka'}]",[],
1289,DZHANKOY,Crimea,Russia,Ukraine,jews_arrived,18XX,Jews settled in the 19th cent.,[],[],
1290,DZHURCHI,Crimea,Russia,Ukraine,jews_arrived,19EX,Jews probably settled in the 1920s,[],[],
1291,DZIALOSHYN,Lodz,Poland,,jews_arrived,16EX,Jews first settled early in the 17th cent.,"[{'lang': 'yid', 'name': 'Zaleshin'}]",[],
1292,DZIALOSZYCE,Kielce,Poland,,jews_present,13XX,Jews were probably present in the 14th cent.,[],[],
1293,DZIEDZICE,Silesia,Poland,,jews_arrived,1860,"After the lifting of residence restrictions in 1860 under the Austrians, Jews settled",[],[],
1294,DZIEWIENISZKI,Vilna,Poland,Belarus,community_founded,17XX,The J. community formed in the 18th cent.,[],[],
1295,DZIKOW STARY,Lwow,Poland,Ukraine,community_present,18XX,The J. community grew to about 500 in the 19th cent.,[],[],
1296,DZISNA,Vilna,Poland,Belarus,community_present,17LX,A J. settlement is known from the later 18th cent.,[],[],
1297,DZIULINKA,Vinnitsa,Ukraine,,jews_arrived,1770,Jews settled in the 1770s,[],[],
1298,DZIUNKOV,Vinnitsa,Ukraine,,POP,1765,The J. pop. was 137 in 1765,[],[],
1299,DZURIN,Vinnitsa,Ukraine,,POP,1765,Jews numbered 84 in 1765,[],"[{'event': 'Denikin pogrom', 'year': '1919-12', 'impact': 'attacked the Jews of D.', 'source': ""Anton Denikin's White Army troops attacked the Jews of D. in Dec. 1919""}]",
1300,DZURKOW,Stanislawow,Poland,Ukraine,POP,1921,The J. pop. in 1921 was 100,[],[],
1301,DZWINIACZ GORNY,Lwow,Poland,Ukraine,community_present,19EX,Around 30 J. families were living mainly as farmers between the World Wars,[],[],
1302,DZWINOGROD,Lwow,Poland,Ukraine,POP,1921,The J. pop. in 1921 was 116,[],[],
1303,DZYGOVKA,Vinnitsa,Ukraine,,POP,1765,Jews numbered 17 in 1765,[],[],
1304,EBBA KSOUR,Le Kef,Tunisia,,jews_arrived,19EX,Jews settled in E. when it began to develop economically under the French Protectorate,[],[],
1305,EBELSBACH,Lower Franconia,Germany,,community_present,17MX,A J. community existed at least from the mid-18th cent.,[],[],
1306,EBERBACH,Baden,Germany,,first_mention,1299,Jews are first mentioned in 1299,"[{'lang': 'yid', 'name': 'Edirbach'}]","[{'event': 'Black Death persecutions', 'year': '1348–1349', 'impact': 'community wiped out', 'source': 'The community was wiped out in the Black Death persecutions of 1348-49'}, {'event': 'expulsion', 'year': '', 'impact': '', 'source': 'after renewing the settlement, was expel'}]",
1307,EBERSHEIM,Hesse,Germany,,POP,1871,"The community, numbering 82 (4.8% of the total) in 1871",[],[],
1308,EBERSTADT (I),Hesse,Germany,,POP,1861,"The community, numbering 119 (4.7% of the total) in 1861",[],"[{'event': 'anti-Jewish harassment', 'year': '1929', 'impact': 'Jews targeted by local Nazis; threats', 'source': 'From 1929 Jews were targeted by local Nazis'}]",
1309,EBERSTADT (II),Baden,Germany,,community_present,17XX,the community that existed in the 18th cent.,[],[],
1310,EBERSWALDE,Brandenburg,Germany,,jews_present,13LX,There were Jews in E. at the end of the 14th cent.,"[{'lang': 'ger', 'name': 'Neustadt-Eberswalde'}]","[{'event': 'Expulsion from Brandenburg', 'year': '1510', 'impact': 'early settlement ended', 'source': 'The expulsion of the Jews of Brandenburg in 1510 put an end to this early J. settlement'}]",
1311,ECHZELL,Hesse,Germany,,community_present,1830,"formed one community, numbering about 90 in 1830",[],[],
1312,ECKARTSHAUSEN,Hesse,Germany,,POP,1861,"Numbering 30 (4.5% of the total) in 1861, this small community had its own synagogue and cemetery",[],[],
1313,EDELENY,Borsod,Hungary,,first_mention,1736,Jews are first mentioned in 1736,[],[],
1314,EDELFINGEN,Wuerttemberg,Germany,,community_present,15LX,A small community was in existence in the late 16th c,[],"[{'event': 'Black Death persecutions', 'year': '1348–1349', 'impact': 'all apparently murdered', 'source': 'in connection with the Black Death persecutions when all were apparently murdered'}]",
1315,EDENKOBEN,Palatinate,Germany,,jews_present,1660,Jews were continuously present in E. from at least 1660,[],[],
1316,EDESSA,Pella,Greece,,POP,1928,In 1928 there were four Jews in E.,[],[],
1317,EDINETI,Bessarabia,Rumania,Republic of Moldova,jews_arrived,1820,The first settlers in E. were Jews (in 1820),"[{'lang': 'yid', 'name': 'Yedinitz'}]","[{'event': 'attempted pogrom thwarted', 'year': '1887', 'impact': 'attack prevented', 'source': 'An attempted pogrom in 1887 was thwarted'}]",
1318,EGELSBACH,Hesse,Germany,,POP,1905,This Orthodox community numbered over 90 (3.2% of the total) in 1905,[],[],
1319,EGENHAUSEN,Middle Franconia,Germany,,jews_arrived,1715,J. settlement began in 1715,[],[],
1320,EGER,Heves,Hungary,,jews_present,14EX,Jews were already present by the early 15th cent.,[],"[{'event': 'Ottoman-era settlement', 'year': '1569', 'impact': 'many Turkish Jews settled in E.', 'source': 'After the Ottoman conquest in 1569, many Turkish Jews settled in E.'}, {'event': 'departure after end of Turkish rule', 'year': '1687', 'impact': 'settlers left', 'source': 'leaving in 1687 with the end of Turkish rule'}]",
1321,EGLAINE,Courland,Latvia,,POP,1935,The J. pop. in 1935 was 25,[],[],
1322,EGYEK,Hajdu,Hungary,,jews_arrived,17MX,Jews settled in the mid-18th cent.,[],[],
1323,EHRENBREITSTEIN,Rhineland,Germany,,community_founded,1802,A synagogue was erected in 1802,[],[],
1324,EIBELSTADT,Lower Franconia,Germany,,jews_present,1583,A J. settlement existed from 1583,[],"[{'event': 'community ended', 'year': '1655', 'impact': 'community ended', 'source': 'The community ended in 1655'}]",
1325,EIBERGEN,Gelderland,Holland,,jews_present,16XX,Jews were present in E. from the 17th cent.,[],[],
1326,EICH,Hesse,Germany,,community_founded,17XX,Established in the 18th cent.,[],[],
1327,EICHENHAUSEN,Lower Franconia,Germany,,community_present,17MX,A J. community existed in the mid-18th cent.,[],[],
1328,EICHSTAETT,Middle Franconia,Germany,,first_mention,12LX,Jews are known from the late 13th cent.,[],"[{'event': 'Rindfleisch massacres', 'year': '1298', 'impact': 'killed or expelled; settlement renewed soon after', 'source': 'They were killed or expelled in the Rindfleisch massacres of 1298'}]",
1329,EICHSTETTEN,Baden,Germany,,jews_arrived,1716,first permanent settlers in 1716,[],[],
1330,EICHTERSHEIM,Baden,Germany,,community_present,17XX,A J. community with a synagogue and cemetery was present in the 18th cent.,[],[],
1331,EIMELROD,Hesse-Nassau,Germany,,community_founded,1780,Established in 1780,[],[],
1332,EINARTSHAUSEN,Hesse,Germany,,POP,1861,The community numbered 69 (16% of the total) in 1861,[],[],
1333,EINBECK,Hanover,Germany,,jews_present,12LX,There was a J. settlement at the end of the 13th cent.,[],"[{'event': 'disturbances', 'year': '1297–1298', 'impact': '15 Jews killed', 'source': 'reports about the death of 15 Jews during disturbances in 1297-98'}]",
1334,EINDHOVEN,Noord-Brabant,Holland,,jews_arrived,1771,Until 1771 Jews were not allowed to settle in E.,[],[],
1335,EISENACH,Thuringia,Germany,,first_mention,1241,Earliest evidence of the presence of Jews in E. dates from 1241,[],"[{'event': 'Black Death persecutions', 'year': '1348–1349', 'impact': 'all or most killed or expelled', 'source': 'In the course of the Black Death persecutions of 1348-49, all or mo'}]",
1336,EISENSTADT,Burgenland,Austria,,community_present,16LX,from the end of the 17th ... one of the most important J. communities,[],[],
1337,EISLEBEN,Saxony,Germany,,jews_arrived,1809,Resettlement did not occur until 1809,[],"[{'event': 'expulsion', 'year': '1547', 'impact': 'medieval Jews expelled', 'source': 'expulsion in 1547'}]",
1338,EITERFELD,Hesse-Nassau,Germany,,community_present,1861,maintained an elementary school (1861-1933),[],[],
1339,EJSZYSZKI,Nowogrodek,Poland,Belarus,jews_arrived,11XX,Karaite Jews probably settled in the 12th cent.,[],[],
1340,ELBING,East Prussia,Germany,Poland,jews_arrived,1783,the first Jew being allowed to settle there in 1783,"[{'lang': 'pol', 'name': 'Elblag'}]",[],
1341,ELBURG,Gelderland,Holland,,jews_arrived,1700,Jews first settled there in 1700,[],[],
1342,ELDAGSEN,Hanover,Germany,,jews_arrived,17EX,Jews began to settle in the second decade of the 18th cent.,[],[],
1343,EL-HAMMA,Gabes,Tunisia,,community_founded,15XX,"According to tradition, settlement was renewed in the 16th",[],"[{'event': 'Almohad disturbances', 'year': '1150', 'impact': 'settlement destroyed', 'source': 'It was destroyed in 1150 in the Almohad disturbances'}]",
1344,ELISTA,Kalmytskaya ASSR,Russia,,jews_arrived,19XX,Jews probably settled in the late 1920s or early 1930s,[],[],
1345,ELLAR,Hesse-Nassau,Germany,,community_founded,1740,Established around 1740,[],[],
1346,ELLINGEN,Middle Franconia,Germany,,first_mention,1542,Jews are first mentioned in 1542,[],[],
1347,ELLWANGEN,Wuerttemberg,Germany,,jews_arrived,12XX,Jews settled in the 13th cent.,[],"[{'event': 'Rindfleisch massacres', 'year': '1298', 'impact': '15 Jews murdered', 'source': '15 were murdered in the Rindfleisch massacres of 1298'}]",
1348,ELMSHORN,Schleswig-Holstein,Germany,,community_founded,1685,first letter of protection... heralded the establishment of a J. community,[],[],
1349,ELNIA,Smolensk,Russia,,jews_arrived,18LX,Jews probably settled in the late 19th cent.,[],[],
1350,ELSDORF,Rhineland,Germany,,jews_present,1703,Jews were present in 1703,[],[],
1351,ELTVILLE,Hesse-Nassau,Germany,,community_founded,1780,A permanent community was only established in 1780,[],"[{'event': 'Black Death persecutions', 'year': '1348–1349', 'impact': 'Jews fell victim', 'source': 'fell victim to the Black Death persecutions of 1348-49'}]",
1352,EMBKEN,Rhineland,Germany,,jews_arrived,1783,The first Jew settled in E. in 1783,[],[],
1353,EMDEN,Hanover,Germany,,jews_arrived,1571,The first Jews to arrive were Hochdeutsch Ashkenazim (1571),[],[],
1354,EMES,Nikolaiev,Ukraine,,community_founded,,E. was founded as a J. colony,[],[],
1355,EMILCHINO,Zhitomir,Ukraine,,jews_arrived,18EX,Jews settled in the early 19th cent.,[],"[{'event': 'Petlyura pogroms', 'year': '1919', 'impact': 'rampage of murder and rape', 'source': 'On the eve of Passover 1919 the Petlyura gangs went on a rampage of murder, rape'}]",
1356,EMMEN,Drenthe,Holland,,community_present,18LX,An independent J. community developed in the second half of the 19th cent.,[],[],
1357,EMMENDINGEN,Baden,Germany,,jews_present,15MX,Jews were present in the mid-16th cent.,[],"[{'event': 'expulsion', 'year': '17EX', 'impact': 'Jews expelled', 'source': 'after expulsion in the early 17th'}]",
1358,EMMERICH,Rhineland,Germany,,community_present,15LX,A modern J. settlement developed from the end of the 16th cent.,[],[],
1359,EMOD,Borsod,Hungary,,jews_arrived,18EX,Jews settled in the first half of the 19th cent.,[],[],
1361,ENCS,Abauj-Torna,Hungary,,jews_arrived,18MX,Jews settled in about the mid-19th cent.,[],[],
1362,ENCSENCS,Szabolcs,Hungary,,first_mention,1747,Jews are first mentioned in 1747,[],[],
1363,ENDINGEN,Baden,Germany,,jews_present,13LX,Medieval J. communities ended in the Black Death persecutions of 1348-49,[],"[{'event': 'Black Death persecutions', 'year': '1348–1349', 'impact': 'medieval communities ended', 'source': 'ended in the Black Death persecutions of 1348-49'}, {'event': 'expulsion', 'year': '1462', 'impact': 'expulsion after execution of rabbi and brother', 'source': 'expulsion in 1462 following the execution of the rabbi and his brother'}]",
1364,ENDROD,Bekes,Hungary,,POP,,Jews numbered 182 in 1880,[],[],
1365,ENFIDAVILLE,Sousse,Tunisia,,community_present,19EX,A small J. community originated in the 1920s,[],[],
1366,ENGHIEN-LES-BAINS,Val-d'Oise,France,,community_founded,1889,The synagogue was inaugurated in 1889,[],[],
1367,ENKHUIZEN,Noord-Holland,Holland,,jews_present,16XX,Jews lived in E. from the 17th cent.,[],[],
1368,ENSCHEDE,Overijssel,Holland,,jews_present,16MX,The J. presence dates back to the mid-17th cent.,[],[],
1369,ENYING,Veszprem,Hungary,,jews_arrived,18EX,Jews arrived in the first half of the 19th cent.,[],"[{'event': 'White Terror', 'year': '1919–1921', 'impact': 'several Jews murdered', 'source': 'Several were murdered during the White Terror of 1919-21'}]",
1370,EPERNAY,Marne,France,,jews_present,13XX,During the Middle Ages the Jews occupied three streets,[],"[{'event': 'Expulsion edicts (France)', 'year': '1306 and 1394', 'impact': 'community ceased to exist', 'source': 'ceased to exist after the expulsion edicts issued in France in the 14th cent. (1306 and 1394)'}]",
1371,EPINAL,Vosges,France,,community_founded,18EX,community was established in the first half of the 19th cent.,[],[],
1372,EPPELSHEIM,Hesse,Germany,,POP,1828,numbering 70 (5% of the total) in 1828,[],[],
1373,EPPERTSHAUSEN,Hesse,Germany,,POP,1828,numbering 63 (7.3% of the total) in 1828,[],[],
1374,EPPINGEN,Baden,Germany,,jews_arrived,1381,Settlement was renewed in 1381,[],"[{'event': 'Black Death persecutions', 'year': '1348–1349', 'impact': 'settlement destroyed', 'source': 'destroyed in the Black Death persecutions of 1348-49'}]",
1375,ERBENDORF,Upper Palatinate,Germany,,POP,,"The J. pop. in 1933 was 23 (total 1,782)",[],[],
1376,ERBESBUEDESHEIM,Hesse,Germany,,POP,1880,"Numbering only 39 (4.7% of the total) in 1880, the community had its own synagogue and burial ground",[],[],
1377,ERCSI,Fejer,Hungary,,first_mention,1778,Jews are mentioned in 1778,[],[],
1378,ERD,Fejer,Hungary,,jews_arrived,,Jews settled under the Turks,[],[],
1379,ERDOBENYE,Zemplen,Hungary,,jews_arrived,17EX,Jews settled in the early 18th cent.,[],[],
1380,ERFELDEN,Hesse,Germany,,community_founded,1875,the community was not established until 1875,[],[],
1381,ERFURT,Saxony,Germany,,jews_arrived,11LX,settlement in E. from the second half of the 12th century,[],[],
1382,ERKELENZ,Rhineland,Germany,,jews_arrived,18MX,only in the mid-19th cent. did Jews settle again,[],"[{'event': 'Black Death persecutions', 'year': '1348–1349', 'impact': 'all Jews massacred; community destroyed', 'source': 'All were massacred in the Black Death persecutions of 1348-49'}]",
1383,ERLANGEN,Middle Franconia,Germany,,first_mention,1432,Jews are first mentioned in 1432,[],"[{'event': 'Expulsion', 'year': '1515', 'impact': 'Jews expelled', 'source': 'were expelled in 1515 in the general expulsion from the principality'}]",
1384,ERLENBACH,Palatinate,Germany,,jews_present,17XX,few J. families living in E. in the 18th cent.,[],[],
1385,ERMERSHAUSEN,Lower Franconia,Germany,,community_present,17LX,An organized community existed in the late 18th cent.,[],[],
1386,ERMETZHOFEN,Middle Franconia,Germany,,jews_present,15XX,Jews were present in the 16th cent.,[],[],
1387,ERMREUTH,Upper Franconia,Germany,,jews_present,15MX,Jews were present in the mid-16th cent.,[],[],
1388,ERNSBACH,Wuerttemberg,Germany,,jews_arrived,1680,J. settlement commenced in 1680,[],"[{'event': 'community dismantled', 'year': '1925', 'impact': 'community dismantled; two remaining joined Berlichingen congregation', 'source': 'The community was dismantled in 1925 when the two remaining Jews joined the Berlichingen congregation.'}]",
1389,ERSHTMAYSK,,Ukraine,,community_founded,18EX,a J. colony founded in the first half of the 19th cent.,[],[],
1390,ERSTEIN,Bas-Rhin,France,,jews_arrived,18MX,Jews from small nearby localities settled in E. in the middle of the 19th cent.,[],[],
1391,ERWITTE,Westphalia,Germany,,jews_arrived,1660,Two Jews settled there in 1660,[],[],
1392,ERZVILKAS,Taurage,Lithuania,,jews_arrived,18EX,J. settlement started here early in the 19th cent.,"[{'lang': 'yid', 'name': 'Erzhvilik'}]",[],
1393,ESCHAU,Lower Franconia,Germany,,community_founded,1810,A synagogue was built in 1810,[],[],
1394,ESCHWEGE,Hesse-Nassau,Germany,,first_mention,12LX,mentioned from the end of the 13th cent.,[],[],
1395,ESCHWEILER,Rhineland,Germany,,first_mention,1750,Jews are first mentioned in 1750,[],[],
1396,ESENS,Hanover,Germany,,jews_arrived,1637,allowed Jews from Emden to settle there in 1637,[],[],
1397,ESSEN,Rhineland,Germany,,first_mention,1291,Jews are first mentioned in 1291,[],"[{'event': 'Black Death persecutions', 'year': '1348–1349', 'impact': 'expelled from the city', 'source': 'expelled from the city during the Black Death persecutions of 1348–49'}]",
1398,ESSENHEIM,Hesse,Germany,,jews_present,1725,Jews were living there in 1725,[],[],
1399,ESSEN-STEELE,Rhineland,Germany,,first_mention,1491,Jews are first mentioned in 1491,[],[],
1400,ESSLINGEN,Wuerttemberg,Germany,,jews_arrived,12EX,Jews settled in the early 13th cent.,[],"[{'event': 'persecution', 'year': '', 'impact': 'most burned alive in the synagogue', 'source': 'Most were burned alive in the synagogue'}]",
1401,ESSWEILER,Palatinate,Germany,,POP,1848,The J. pop. was 96 (20 families) in 1848,[],[],
1402,ESTENFELD,Lower Franconia,Germany,,POP,1814,The J. pop. was 53 in 1814,[],[],
1403,ESZTERGOM,Esztergom,Hungary,,community_present,09XX,Jews arrived... before the 11th cent. and an organized J. community existed from that time,[],"[{'event': 'exile', 'year': '', 'impact': 'most exiled to Turkey', 'source': 'Most were exiled to Turkey after the Ottoman c'}]",
1404,ETAIN,Meuse,France,,community_founded,1877,The synagogue dates from 1877,[],"[{'event': 'World War I destruction', 'year': '1914–1918', 'impact': 'town and synagogue almost entirely destroyed', 'source': 'During the war, the town was almost entirely destroyed, including the synagogue'}]",
1405,ETTENHEIM,Baden,Germany,,jews_arrived,13XX,The J. settlement began in the 14th cent.,[],"[{'event': 'Armleder massacres', 'year': '1336–1339', 'impact': 'many Jewish victims', 'source': 'Many Jews were victims of the Armleder massacres of 1336-39'}, {'event': 'Black Death persecutions', 'year': '1348–1349', 'impact': 'most burned alive', 'source': 'most were burned alive in the Black Death persecutions of 1348-49'}]",
1406,ETTLINGEN,Baden,Germany,,jews_present,13EX,A J. settlement existed in the early 14th cent.,[],"[{'event': 'Black Death persecutions', 'year': '1348–1349', 'impact': 'settlement destroyed', 'source': 'It was destroyed in the Black Death persecutions of 1348-49'}, {'event': 'community renewed', 'year': '1526', 'impact': '', 'source': 'renewed in 1526'}, {'event': 'expulsion', 'year': '1584', 'impact': 'community expelled', 'source': 'The community was expelled in 1584'}]",
1407,EUBIGHEIM,Baden,Germany,,jews_arrived,16MX,Jews were allowed to settle after the Thirty Years War (1618-48),[],[],
1408,EUERBACH,Lower Franconia,Germany,,community_present,16EX,A J. community existed in the early 17th cent.,[],[],
1409,EUSKIRCHEN,Rhineland,Germany,,jews_present,1349,Jews were living on their own street in 1349,[],"[{'event': 'Black Death persecutions', 'year': '1349', 'impact': 'Jews murdered', 'source': 'they were murdered in the same year during the Black Death persecutions'}]",
1410,EYDTKUHNEN,East Prussia,Germany,Russia,community_founded,1870,It maintained a synagogue built in 1870,"[{'lang': 'rus', 'name': 'Chernyshevskoye'}]",[],
1411,FABIANHAZA,Szatmar,Hungary,,jews_arrived,1800,Jews settled c. 1800,[],[],
1412,FAGARAS,S. Transylvania,Rumania,,community_founded,1827,A J. community was established in 1827,"[{'lang': 'hun', 'name': 'Fogaras'}]",[],
1413,FAGET,S. Transylvania,Rumania,,community_founded,16MX,"first settled in the mid-18th cent., organizing a community","[{'lang': 'hun', 'name': 'Facsad'}, {'lang': 'hun', 'name': 'Facsed'}]",[],
1414,FALCIU,Moldavia,Rumania,,jews_arrived,16MX,Jews first settled in the mid-18th cent.,[],"[{'event': '1907 revolt', 'year': '1907', 'impact': 'homes and stores of 64 Jewish families destroyed', 'source': 'peasants destroyed the homes and stores of 64 J. families'}]",
1415,FALENICA,Warsaw,Poland,,community_founded,1900,founded a community around 1900,[],[],
1416,FALESTI,Bessarabia,Rumania,Republic of Moldova,jews_arrived,16LX,Jews first settled in the late 18th cent.,[],"[{'event': 'land grant for agriculture', 'year': '1918', 'impact': 'granted land', 'source': 'In 1918 they were granted land for agriculture'}]",
1417,FALKENBERG,Hesse-Nassau,Germany,,community_present,16MX,"Established before 1750, the J. community",[],[],
1418,FALKENBURG,Pomerania,Germany,Poland,jews_present,1720,A Jew was present in 1720,"[{'lang': 'pol', 'name': 'Złocieniec'}]",[],
1419,FALKENSTEIN (I),Hesse-Nassau,Germany,,jews_present,14MX,Jews lived in F. before they were expelled during the Black Death persecutions of 1348–49,[],"[{'event': 'Black Death persecutions', 'year': '1348–1349', 'impact': 'Jews expelled', 'source': 'expelled during the Black Death persecutions of 1348–49'}]",
1420,FALKENSTEIN (II),Saxony,Germany,,jews_present,18XX,A small J. settlement existed in the 19th cent.,[],[],
1421,FALTICENI,Moldavia,Rumania,,jews_arrived,1780,Jews founded F. under a privilege granted in 1780,[],[],
1422,FANCIKOVO,Carpatho-Russia,Czechoslovakia,Ukraine,jews_arrived,18EX,J. settlement commenced in the early 19th cent.,"[{'lang': 'hun', 'name': 'Fancsika'}]",[],
1423,FARAD,Sopron,Hungary,,jews_arrived,17XX,Permanent J. settlement commenced in the 18th cent.,[],[],
1424,FARKASD,Slovakia,Czechoslovakia,Republic of Slovakia,jews_arrived,1830,Jews probably settled in the 1830s,[],[],
1425,FARSALA,Thessaly,Greece,,jews_present,18MX,A small J. settlement in the mid-19th cent.,[],[],
1426,FASTOW,Kiev,Ukraine,,POP,1765,The J. pop. was 381 in 1765,[],"[{'event': 'Haidamak attacks', 'year': '18LX', 'impact': 'J. property pillaged and destroyed', 'source': 'In the late 18th cent., J. property was pillaged and destroyed in Haidamak attacks'}]",
1427,FAULQUEMONT,Moselle,France,,community_present,1900,The local synagogue was inaugurated in 1900,[],[],
1428,FECHENBACH,Lower Franconia,Germany,,jews_present,17EX,Jews were present in the early 18th cent.,[],[],
1430,FEGERSHEIM,Bas-Rhin,France,,community_present,1784,the J. community comprised 175 members,[],[],
1431,FEGYVERNEK,Jasz-Nagykun-Szolnok,Hungary,,jews_arrived,18EX,Jews settled in the first half of the 19th cent.,[],[],
1432,FEHERGYARMAT,Szatmar,Hungary,,jews_arrived,17LX,Jews arrived in the late 18th cent.,[],[],
1433,FELEDINCE,Slovakia,Czechoslovakia,Republic of Slovakia,jews_arrived,18MX,Jews settled in the mid-19th cent.,"[{'lang': 'hun', 'name': 'Feled'}]",[],
1434,FELLHEIM,Swabia,Germany,,jews_arrived,1670,Five J. families were among the settlers who rebuilt the village in 1670,[],[],
1435,FELSBERG,Hesse-Nassau,Germany,,community_founded,17XX,"Established in the 18th cent., the community",[],[],
1436,FELSHTIN,Kamenets-Podolski,Ukraine,,jews_arrived,16XX,Jews settled in the 17th cent.,"[{'lang': 'rus', 'name': 'Gvardeiskoye'}]","[{'event': 'pogrom', 'year': '16 Feb. 1919', 'impact': '', 'source': 'In a pogrom on 16 Feb. 1919, during the civi'}]",
1437,FELSOGALLA,Komarom,Hungary,,jews_arrived,18EX,Jews settled in the early 19th cent,[],[],
1438,FELSOGOD,Pest,Hungary,,POP,1930,The J. pop. came to 149 in 1930,[],[],
1439,FELSOZSOLCA,Borsod,Hungary,,jews_arrived,17EX,Jews arrived from Moravia and Poland in the early 18th cent.,[],[],
1440,FELSZTYN,Lwow,Poland,Ukraine,jews_present,16EX,Jews were present from the early 17th cent.,[],[],
1441,FENETRANGE,Moselle,France,,community_founded,17XX,The J. community was established in the 18th cent.,[],[],
1442,FENYESLITKE,Szabolcs,Hungary,,first_mention,1770,Jews from Carpathia are first mentioned in the census of 1770,[],[],
1443,FERRARA,,Italy,,first_mention,10LX,The J. presence in F. is recorded from the second half of the 11th cent.,[],"[{'event': 'privileges granted', 'year': '1275', 'impact': '', 'source': 'In 1275, the local Jews received privileges'}]",
1444,FERRYVILLE,Bizerta,Tunisia,,jews_arrived,19XX,Jews from Bizerta and Tunis settled in F. in the 20th cent.,"[{'lang': 'ara', 'name': 'Manzil Bourgiba'}]",[],
1445,FERTE-SOUS-JOUARRE,Seine-et-Marne,France,,community_present,1867,"In 1867, 16 members of the community bought a house for use as a synagogue",[],[],
1446,FERTOSZENTMIKLOS,Sopron,Hungary,,jews_arrived,17EX,Jews settled in the first half of the 18th cent,[],[],
1447,FESTENBERG,Lower Silesia,Germany,Poland,community_present,16MX,The J. community dates from the mid-17th cent.,"[{'lang': 'pol', 'name': 'Twardogora'}]",[],
1448,FEUCHTWANGEN,Middle Franconia,Germany,,jews_present,12LX,Jews were present in the second half of the 13th cent.,"[{'lang': 'heb', 'name': 'Vahtvank'}]","[{'event': 'Black Death persecutions', 'year': '1348–1349', 'impact': 'community destroyed', 'source': 'The community was destroyed in the Black Death persecutions of 1348-49'}]",
1449,FEUDENHEIM,Baden,Germany,,POP,1860,The J. pop. in 1860 was 125,[],[],
1450,FILAKOVO,Slovakia,Czechoslovakia,Slovakia,jews_arrived,18EX,Jews probably settled in the 1830s,"[{'lang': 'hun', 'name': 'Fulek'}]","[{'event': 'community recognized', 'year': '1872', 'impact': '', 'source': 'The community was officially recognized in 1872'}]",
1451,FILEA,N. Transylvania,Rumania,,jews_arrived,18EX,Jews settled around the early 19th cent.,"[{'lang': 'hun', 'name': 'Fulehaz'}]",[],
1452,FILIPEC,Carpatho-Russia,Czechoslovakia,Ukraine,jews_arrived,18EX,J. refugees from Galicia settled in the early 19th cent.,"[{'lang': 'hun', 'name': 'Fulopfalva'}]",[],
1453,FILIPOW,Bialystok,Poland,,jews_arrived,17XX,Jews settled in the 18th cent.,[],[],
1454,FIRLEJ,Lublin,Poland,,jews_present,15XX,Jews were among the town's first residents in the 16th cent.,[],"[{'event': 'residence privilege', 'year': '1664', 'impact': '', 'source': 'granted a privilege of unlimited residence in 1664'}]",
1455,FISCHACH,Swabia,Germany,,jews_present,15LX,A J. settlement existed in the last quarter of the 16th cent.,[],"[{'event': 'influx after expulsion', 'year': '1617', 'impact': 'augmented by Jews expelled from the Burgau margravate', 'source': 'augmented by Jews expelled from the Burgau margravate in 1617'}, {'event': 'synagogue built', 'year': '1739', 'impact': '', 'source': 'A synagogue was built in 1739'}]",
1456,FISCHBORN,Hesse-Nassau,Germany,,community_founded,1823,"Established in 1823, the community",[],"[{'event': 'synagogue built', 'year': '1868', 'impact': '', 'source': 'built a synagogue in 1868'}]",
1457,FLACHT,Hesse-Nassau,Germany,,community_founded,19EX,only managed to establish an independent community after WWI,[],[],
1458,FLAMERSHEIM,Rhineland,Germany,,jews_arrived,1659,two J. families arrived in 1659,[],"[{'event': 'cemetery opened', 'year': '1828', 'impact': '', 'source': 'A cemetery was opened in 1828'}, {'event': 'synagogue opened', 'year': '1878', 'impact': '', 'source': 'a synagogue in 1878'}]",
1459,FLATOW,Posen-West,Germany,Poland,first_mention,1564,Jews are first mentioned in 1564,"[{'lang': 'pol', 'name': 'Zlotow'}]","[{'event': 'Swedish invasion persecutions', 'year': '1655–1657', 'impact': 'a number of Jews executed', 'source': 'the Poles executed a number of Jews on trumped-up charges'}]",
1460,FLEHINGEN,Baden,Germany,,first_mention,1548,Jews are first mentioned in 1548,[],"[{'event': 'post–Thirty Years War resettlement', 'year': '1648', 'impact': 'Jews among the new settlers', 'source': 'were among the new settlers after the village was destroyed in the Thirty Years War (1618–48)'}]",
1461,FLENSBURG,Schleswig-Holstein,Germany,,jews_present,1835,Fifteen Jews were living there in 1835,[],[],
1462,FLIEDEN,Hesse-Nassau,Germany,,community_present,15XX,"Dating from the 16th cent., the community",[],"[{'event': 'expulsion', 'year': '1671', 'impact': 'community expelled', 'source': 'the community was expelled in 1671'}, {'event': 'revival', 'year': '1790', 'impact': 'grew to 25 families', 'source': 'revived and grew to 25 families in 1790'}, {'event': 'school opened', 'year': '1878', 'impact': '', 'source': 'The Jews opened a school in 1878'}, {'event': 'synagogue opened', 'year': '1885', 'impact': '', 'source': 'a new synagogue in 1885'}]",
1463,FLOERSHEIM,Hesse-Nassau,Germany,,jews_arrived,16EX,Jews settled there in the early 17th cent.,[],"[{'event': 'synagogue (oldest in Nassau)', 'year': '1718', 'impact': '', 'source': 'their synagogue (dating from 1718) was the oldest in Nassau'}]",
1464,FLONHEIM,Hesse,Germany,,jews_present,1650,Jews were living there by 1650,[],[],
1465,FLORENCE,Tuscany,Italy,,community_founded,1437,Communal life was organized in 1437,"[{'lang': 'ita', 'name': 'Firenze'}]","[{'event': 'invitation to moneylenders', 'year': '1430', 'impact': '', 'source': 'In 1430, moneylenders were officially invited to reside'}]",
1466,FLORINA,Macedonia,Greece,,community_present,16XX,A Sephardi community existed in F. in the 17th and 18th cents.,[],[],
1467,FLOSS,Upper Palatinate,Germany,,jews_arrived,1684,Four J. families received residence rights in 1684,[],[],
1468,FOCSANI,Moldavia,Rumania,,jews_arrived,16LX,Jews first settled in the late 17th cent.,[],"[{'event': 'emigration due to drought', 'year': '1900', 'impact': 'several hundred Jews left', 'source': 'In 1900, several hundred Jews left F. due to a drought'}]",
1469,FOLDES,Hajdu,Hungary,,jews_arrived,17LX,Jews arrived in the late 18th cent.,[],[],
1470,FOLTESTI,Moldavia,Rumania,,jews_arrived,18EX,Jews first settled in the early 19th cent.,[],[],
1471,FOLWARKI,Volhynia,Poland,Ukraine,jews_present,19EX,About 20 J. farm families lived there after WWI,[],[],
1472,FONTAINEBLEAU,Seine-et-Marne,France,,community_founded,1784,Jews from Alsace established the community in 1784,[],[],
1473,FORBACH,Moselle,France,,community_founded,17XX,The community was founded in the 18th cent.,[],[],
1474,FORCHHEIM,Upper Franconia,Germany,,jews_present,14XX,Jews lived in F. throughout the 15th cent.,[],"[{'event': 'Rindfleisch massacres', 'year': '1298', 'impact': 'at least 85 Jews murdered; early community destroyed', 'source': 'The early community was destroyed in the Rindfleisch massacres of 1298, with at least 85 Jews murdered'}]",
1475,FORDON,Poznan,Poland,,jews_arrived,15EX,The first Jews settled in the early 16th cent.,[],"[{'event': 'expellees from Bydgoszcz arrive', 'year': '1555', 'impact': 'community augmented', 'source': 'joined in 1555 by Jews expelled from Bydgoszcz'}]",
1476,FORRO,Abauj-Torna,Hungary,,jews_arrived,18EX,Jews settled in the early 19th cent.,[],[],
1477,FORST,Brandenburg,Germany,,community_founded,1821,A permanent settlement started up in 1821,[],"[{'event': 'expulsion', 'year': '1530s', 'impact': 'earlier settlement ended', 'source': 'A J. settlement dating from the beginning of the 16th cent. ended with expulsion in the 1530s'}]",
1478,FORTH,Middle Franconia,Germany,,jews_present,15LX,Jews were present in the late 16th cent.,[],[],
1479,FOUSSEMAGNE,Belfort,France,,community_present,1864,The local synagogue dates from 1864,[],[],
1480,FRAENKISCH-CRUMBACH,Hesse,Germany,,jews_present,17EX,Jews lived there from the early 18th cent.,[],[],
1481,FRAMERSHEIM,Hesse,Germany,,community_founded,1750,Established around 1750,[],[],
1482,FRAMPOL,Lublin,Poland,,jews_present,16EX,a small early 17th cent J. settlement,[],"[{'event': 'Cossack incursions', 'year': '1650s', 'impact': 'small early 17th-century settlement destroyed', 'source': 'Cossack incursions in the 1650s destroyed a small early 17th cent J. settlement'}]",
1483,FRANKENAU,Hesse-Nassau,Germany,,jews_present,16XX,Jews lived there from the 17th cent.,[],[],
1484,FRANKENBERG,Hesse-Nassau,Germany,,community_founded,16XX,the community dated from the 17th cent.,[],[],
1485,FRANKENSTEIN,Lower Silesia,Germany,Poland,jews_arrived,13LX,J. settlement commenced in the late 14th cent. at the latest,"[{'lang': 'pol', 'name': 'Ząbkowice Śląskie'}]",[],
1486,FRANKENTHAL,Palatinate,Germany,,jews_present,1586,present as temporary residents from at least 1586,[],[],
1487,FRANKENWINHEIM,Lower Franconia,Germany,,first_mention,17LX,Jews are known from the second half of the 18th cent.,[],[],
1488,FRANKERSHAUSEN,Hesse-Nassau,Germany,,jews_present,16XX,Jews lived there from the 17th cent.,[],[],
1489,FRANKFURT AM MAIN,Hesse-Nassau,Germany,,jews_present,10XX,visited by J. merchants from Worms in the 11th cent.,[],[],
1490,FRANKFURT AN DER ODER,Brandenburg,Germany,,community_present,12LX,A J. community existed from the second half of the 13th cent.,[],"[{'event': 'Expulsion of Jews of Brandenburg', 'year': '1510', 'impact': 'community came to an end', 'source': 'came to an end in the two expulsions of the Jews of Brandenburg in 1510 and 1573'}, {'event': 'Expulsion of Jews of Brandenburg', 'year': '1573', 'impact': 'community came to an end', 'source': 'came to an end in the two expulsions of the Jews of Brandenburg in 1510 and 1573'}]",
1491,FRANTISKOVY LAZNE,Bohemia,Czechoslovakia,,jews_arrived,18LX,In the late 19th cent. Jews arrived,[],[],Sudetenland
1492,FRASIN,Bukovina,Rumania,,jews_arrived,18MX,Jews settled in the mid-19th cent.,[],[],
1493,FRAUENKIRCHEN,Burgenland,Austria,,community_founded,1678,The community ... was founded in 1678,[],[],
1494,FRAULAUTERN,Saar,Germany,,POP,1895,The J. pop. was 45 in 1895,[],[],
1495,FRAUSTADT,Posen-West,Germany,Poland,community_present,15LX,"At the end of the 16th cent., there was a J. community","[{'lang': 'pol', 'name': 'Wschowa'}]",[],
1496,FRAYDORF (I),Crimea,Russia,Ukraine,community_founded,1926,founded in 1926 as a J. agricultural settlement,"[{'lang': 'rus', 'name': 'Novoshelovskoye'}]",[],
1497,FRAYDORF (II),Zaporozhe,Ukraine,,community_founded,1920–1924,colony was probably founded in the first half of the 1920s,[],[],
1498,FRAYFELD,Crimea,Russia,Ukraine,jews_arrived,19LX,J. settlement probably commenced in the late 1920s within the framework of organized J. agricultural settlement,[],[],
1499,FRAYLEBEN,Nikolaiev,Ukraine,,community_founded,,F. was founded as a J. colony,[],[],
1500,FRECHEN,Rhineland,Germany,,jews_present,17EX,J. settlement dates from at least the first half of the 18th cent.,[],[],
1501,FREIBERG,Saxony,Germany,,jews_present,13LX,Jews were living in F. probably in the second half of the 14th cent.,[],[],
1502,FREIBURG,Baden,Germany,,first_mention,1230,Jews are first mentioned in 1230,[],[],
1503,FREIENWALDE,Pomerania,Germany,Poland,jews_present,1705,There was a Jew living in F. in 1705,"[{'lang': 'pol', 'name': 'Chociewel'}]",[],
1504,"FREIENWALDE AN DER ODER, BAD",Brandenburg,Germany,,first_mention,1674,Evidence of a Jew in F. dates from 1674,[],[],
1505,FREISING,Upper Bavaria,Germany,,jews_present,12XX,Jews were possibly present in the 13th–14th cent.,[],[],
1506,FREISTETT,Baden,Germany,,jews_present,16XX,A J. settlement existed from the 17th cent.,[],[],
1507,FREREN,Hanover,Germany,,jews_present,1724,Jews lived there in 1724,[],[],
1508,FREUDENBERG,Baden,Germany,,community_founded,1442,A new settlement was founded in 1442,[],"[{'event': 'Rindfleisch massacres', 'year': '1298', 'impact': 'first community destroyed', 'source': 'The first J. community was destroyed in the Rindfleisch massacres of 1298'}, {'event': 'Disabilities imposed', 'year': '', 'impact': 'series of disabilities under local pressure', 'source': 'Under local pressure, a series of disabilities was imposed'}]",
1509,FREUDENBURG,Rhineland,Germany,,community_founded,1785,a synagogue erected in 1785,[],[],
1510,FREUDENTAL,Wuerttemberg,Germany,,jews_present,17XX,in the 18th cent. lived in F. under a liberal letter of protection,[],[],
1511,FREYSTADT,East Prussia,Germany,Poland,community_present,16XX,The consecration of a J. cemetery in the 17th cent. indicates the presence of a community,"[{'lang': 'pol', 'name': 'Kisielice'}]",[],
1512,FRICKHOFEN,Hesse-Nassau,Germany,,POP,1843,"Numbering 47 in 1843, the Jews had a synagogue",[],[],
1513,FRIEDBERG,Hesse,Germany,,jews_present,1241,Jews were living there in 1241,[],"[{'event': 'Ransom exactions', 'year': '', 'impact': 'Jews often held for ransom', 'source': 'the Jews were often held for ransom'}]",
1514,FRIEDEBERG,Brandenburg,Germany,Poland,jews_present,12XX,A ritual bath (mikve) indicates that Jews were living in F. in the 13th cent.,"[{'lang': 'pol', 'name': 'Strzelce Krajenskie'}]",[],
1515,FRIEDLAND,East Prussia,Germany,Russia,POP,19EX,The J. pop. was 51 in 1880,"[{'lang': 'rus', 'name': 'Pravdinsk'}]",[],
1516,FRIEDRICHSTADT,Schleswig-Holstein,Germany,,jews_arrived,1674,Jews began to settle there in 1674,[],[],
1517,FRIELENDORF,Hesse-Nassau,Germany,,community_founded,1812,"Established around 1812, the community",[],[],
1518,FRIESENHEIM,Baden,Germany,,jews_present,16MX,Jews were present by the mid-17th cent.,[],[],
1519,FRIESHEIM,Rhineland,Germany,,jews_present,16LX,Two to five J. families lived in F. from the second half of the 17th cent.,[],[],
1520,FRILING (I),Crimea,Russia,Ukraine,community_founded,1925,founded F. in 1925 as a J. settlement,[],[],
1521,FRILING (II),Odessa,Ukraine,,community_founded,19EX,F. was founded in the early 1920s as a J. colony,[],[],
1522,FRIMMERSDORF,Rhineland,Germany,,jews_present,18EX,Jews were present from the early 19th cent.,[],[],
1523,FRITZLAR,Hesse-Nassau,Germany,,jews_present,1348,Jews living there fell victim to the Black Death persecutions (1348-49),"[{'lang': 'yid', 'name': 'Virshlar'}]","[{'event': 'Black Death persecutions', 'year': '1348–1349', 'impact': 'community suffered persecutions', 'source': 'fell victim to the Black Death persecutions (1348-49)'}]",
1524,FRONHAUSEN,Hesse-Nassau,Germany,,community_present,1878,was based in F. after 1878,[],[],
1525,FRUMUSICA,Moldavia,Rumania,,jews_present,1832,"In 1832, there were 82 Jews in F.",[],[],
1526,FRUNZOVKA,Odessa,Ukraine,,jews_present,1897,"The J. pop. in 1897 was 1,732",[],[],
1527,FRYDEK-MISTEK,Moravia,Czechoslovakia,,community_founded,18LX,Two communities were formed in the two towns in the latter half of the 19th cent.,[],[],
1528,FRYSZTAK,Lwow,Poland,,community_founded,16MX,The organized J community dates from the mid-17th cent.,[],[],
1529,FUERFELD,Hesse,Germany,,jews_present,18EX,Jews lived there from the beginning of the 19th cent.,[],[],
1530,FUERSTENAU (I),Westphalia,Germany,,first_mention,1683,A protected Jew is mentioned in 1683.,[],[],
1531,FUERSTENAU (II),Hanover,Germany,,community_founded,1844,established a district community numbering 45 in 1844,[],[],
1532,FUERSTENWALDE,Brandenburg,Germany,,first_mention,1379,Evidence of a J. presence dates back to 1379,[],"[{'event': 'Persecution', 'year': '1379', 'impact': 'a Jew burned to death', 'source': 'an account of a Jew being burned to death'}]",
1533,FUERTH,Middle Franconia,Germany,,community_founded,15EX,a new community was founded in the first half of the 16th,[],"[{'event': 'Expulsion', 'year': '15XX', 'impact': 'Jews expelled', 'source': 'The Jews present in the 15th cent. were apparently expelled'}]",
1534,FULDA,Hesse-Nassau,Germany,,jews_present,1096,their pop. only became substantial after the First Crusade (1096),[],"[{'event': 'Blood libel', 'year': '1235', 'impact': '32 martyred', 'source': 'A blood libel in 1235 led to the martyrdom of 32'}]",
1535,FULESD,Szatmar,Hungary,,jews_arrived,17LX,Jews settled in the late 18th cent.,[],[],
1536,FULUPSZALLAS,Pest-Pilis-Solt-Kiskun,Hungary,,jews_arrived,1830,Jews arrived c. 1830,[],"[{'event': 'White Terror', 'year': '', 'impact': 'antisemitic violence', 'source': 'suffering in the post-WWI White Terror'}]",
1537,FUZESABONY,Heves,Hungary,,jews_arrived,18LX,Jews were only allowed to settle in F. in the late 19th cent.,[],[],
1538,FUZESGYARMAT,Bekes,Hungary,,jews_arrived,18LX,Jews settled in the late 19th cent.,[],[],
1539,GABES,Gabes,Tunisia,,first_mention,8XX,Jews are first mentioned in the ninth cent.,[],[],
1540,GACH,Bialystok,Poland,,community_founded,18EX,"Dating from the early 19th cent., the community",[],[],
1541,GACSALY,Szatmar,Hungary,,jews_arrived,18EX,Jews settled in the early 19th cent.,[],[],
1542,GAENSERNDORF,Lower Austria,Austria,,jews_arrived,18MX,J. settlement began in the middle of the 19th cent.,[],[],
1543,GAESTI,Moldavia,Rumania,,jews_arrived,18LX,Jews first settled in the 1880s.,[],[],
1544,GAFSA,Gafsa,Tunisia,,community_present,9XX,An important J. community apparently existed by the tenth cent.,[],"[{'event': 'Almohads persecution', 'year': '1149–1150', 'impact': 'community destroyed', 'source': 'The community was destroyed by the Almohads in 1149-50'}]",
1545,GAILINGEN,Baden,Germany,,jews_arrived,1655,The first Jews settled in 1655,[],[],
1546,GAIVORON,Odessa,Ukraine,,POP,1939,The J. pop. in 1939 was 841,[],[],
1547,GAJARY,Slovakia,Czechoslovakia,Republic of Slovakia,first_mention,16XX,Jews are mentioned in the 17th cent.,[],[],
1548,GALANTA,Slovakia,Czechoslovakia,Republic of Slovakia,jews_arrived,16EX,Jews settled under the protection of Count Esterhazy at the turn of the 17th cent.,[],[],
1549,GALATI,Moldavia,Rumania,,jews_arrived,15LX,Jews first settled in the late 16th cent.,[],[],
1550,GALGAU,N. Transylvania,Rumania,,jews_arrived,18EX,Jews settled in the early 19th cent.,"[{'lang': 'hun', 'name': 'Galgo'}]",[],
1551,GAMBACH,Hesse,Germany,,community_founded,1705,The modern community dates from 1705,[],[],
1552,GANDERSHEIM,Brunswick,Germany,,community_founded,1785,"Established by 1785, the community grew",[],"[{'event': 'Medieval community', 'year': '1252–1447', 'impact': 'Jews lived there; community disappeared', 'source': 'Jews lived there in medieval times (1252-1447) but eventually disappeared'}]",
1553,GANGELT,Rhineland,Germany,,POP,1871,"Jews numbered 63 (total 2,495) in 1871",[],[],
1554,GANICE,Carpatho-Russia,Czechoslovakia,Ukraine,jews_arrived,17LX,J. settlement probably began in the late 18th cent.,"[{'lang': 'hun', 'name': 'Ganya'}]",[],
1555,GARBATKA,Kielce,Poland,,POP,1921,"The J. pop. was 111 (total 1,739) in 1921",[],[],
1556,GARDELEGEN,Saxony,Germany,,jews_present,1344,Jews were living in G. already in 1344,[],"[{'event': 'Expulsion after Host Desecration trial', 'year': '1510', 'impact': 'expulsions took place', 'source': 'Expulsions took place in 1510 after the Host Desecration trial in Berlin'}]",
1557,GARGZDAI,Kretinga,Lithuania,,jews_arrived,14XX,Jews first settled in the 15th cent.,"[{'lang': 'yid', 'name': 'Gorzd'}]","[{'event': 'Royal privilege', 'year': '1639', 'impact': 'letter of privileges granted', 'source': 'In 1639, King Wladyslaw IV granted Jews a letter of privileges'}, {'event': 'Privilege reconfirmed', 'year': '1742', 'impact': 'privileges reconfirmed', 'source': 'reconfirmed by King Augustus III in 1742'}]",
1558,GARLELE-GAZARIEI,Moldavia,Rumania,,jews_present,18EX,In the early 19th cent. Jews provided supplies... at the J.-owned oil refineries,[],[],
1559,GARLIAVA,Kaunas,Lithuania,,jews_arrived,18EX,Jews were among the town's first settlers at the beginning of the 19th cent.,"[{'lang': 'yid', 'name': 'Gudleve'}]",[],
1560,GARTZ AN DER ODER,Pomerania,Germany,,first_mention,1481,Jews are first mentioned in G. in 1481,[],"[{'event': 'Modern settlement', 'year': 'after 1812', 'impact': 'modern J. settlement started', 'source': 'modern J. settlement started only after 1812'}]",
1561,GARWOLIN,Lublin,Poland,,community_present,16XX,A J. community existed by the 17th cent.,[],[],
1562,GARZWEILER,Rhineland,Germany,,first_mention,1703,Jews are first mentioned in 1703,[],[],
1563,GASPRA,Crimea,Russia,Ukraine,jews_present,1903,Jews were only granted formal residence rights in 1903,[],[],
1564,GAU-ALGESHEIM,Hesse,Germany,,community_founded,16LX,community was reestablished 350 years later,[],"[{'event': 'Black Death persecutions', 'year': '1348–1349', 'impact': 'community annihilated', 'source': 'Annihilated in the Black Death persecutions of 1348-49'}]",
1565,GAU-ODERNHEIM,Hesse,Germany,,community_founded,13XX,Established by protected Jews (Schutzjuden) in the 14th cent.,[],[],
1566,GAUKOENIGSHOFEN,Lower Franconia,Germany,,community_founded,17EX,settlers formed a community with their own rabbi in the early 18th cent.,[],[],
1567,GAVA,Szabolcs,Hungary,,first_mention,1770,Jews are mentioned in 1770,[],[],
1568,GAYCHUR,Zaporozhe,Ukraine,,jews_arrived,18LX,A number of Jews settled after the coming of the railroad... in the late 1890s,"[{'lang': 'rus', 'name': 'Ternovatoye'}]",[],
1569,GAYSIN,Vinnitsa,Ukraine,,POP,1765,Jews numbered 62 in 1765,"[{'lang': 'yid', 'name': 'Haysin'}]","[{'event': 'Russian civil war pogroms', 'year': '1918–1921', 'impact': 'attacked four times', 'source': 'In the Russian civil war (1918-21), the Jews were attacked four times'}, {'event': 'Pogrom', 'year': '12 May 1919', 'impact': '390 murdered', 'source': 'on 12 May 1919, 390 were...'}]",
1570,GBELY,Slovakia,Czechoslovakia,Republic of Slovakia,community_present,1869,The J. community numbered 183 in 1869,[],[],
1571,GDANSK,Pomerania,Poland,,jews_present,14MX,J. merchants were active in the city from the mid-15th cent.,"[{'lang': 'ger', 'name': 'Danzig'}]","[{'event': 'Teutonic Order ban', 'year': '', 'impact': 'trade without permanent residence', 'source': 'despite the ban imposed by the Teutonic Order. They continued to trade without permanent resi'}]",
1572,GDOV,Leningrad,Russia,,jews_arrived,18MX,Jews probably settled in the mid-19th cent.,[],[],
1573,GDOW,Cracow,Poland,,POP,1880,The J. pop. numbered 376 in 1880,[],"[{'event': 'Pogroms', 'year': '1918–1919', 'impact': 'Jews beaten and property pillaged', 'source': 'local peasants and demobilized soldiers went on a rampage, beating Jews and pillaging their prop'}]",
1574,GDYNIA,Pomerania,Poland,,jews_present,1921,A few dozen Jews were living in G. in 1921,[],[],
1575,GEBE,Szatmar,Hungary,,jews_arrived,18EX,Jews settled in the first half of the 19th cent.,[],[],
1576,GEDERN,Hesse,Germany,,community_founded,16LX,Established before 1700,[],[],
1577,GEERTRUIDENBERG,Noord-Brabant,Holland,,community_founded,1810,A community was organized around 1810,[],[],
1578,GEGENY,Szabolcs,Hungary,,first_mention,1770,Jews are first mentioned in 1770,[],"[{'event': 'White Terror', 'year': '1919–1921', 'impact': 'premises of the Goldstein trading firm were burned', 'source': 'premises ... were burned in the post-WWI White Terror'}]",
1579,GEHAUS,Thuringia,Germany,,jews_arrived,17EX,Jews settled in G. in the early 18th cent.,[],[],
1580,GEILENKIRCHEN,Rhineland,Germany,,first_mention,17MX,Five J. families are known from the mid-18th cent.,[],[],
1581,GEINSHEIM,Palatinate,Germany,,POP,18EX,The J. pop. was 31 in the early 19th cent.,[],[],
1582,GEISIG,Hesse-Nassau,Germany,,POP,1871,Numbering 24 (7% of the total) in 1871,[],[],
1583,GEISTINGEN,Rhineland,Germany,,jews_present,1791,Three J. livestock dealers and their families were living in G. in 1791,[],[],
1584,GELDERN,Rhineland,Germany,,first_mention,1096,"In 1096, during the First Crusade, the Jews were forcibly converted",[],"[{'event': 'First Crusade persecutions', 'year': '1096', 'impact': 'forcible conversions', 'source': 'the Jews were forcibly converted'}]",
1585,GELNHAUSEN,Hesse-Nassau,Germany,,jews_present,1242,Jews lived there in 1242,[],"[{'event': 'Black Death persecutions', 'year': '1348–1349', 'impact': 'Jews were massacred', 'source': 'During the Black Death persecutions of 1348-49 they were massacred'}]",
1586,GELNICA,Slovakia,Czechoslovakia,Republic of Slovakia,jews_arrived,18LX,Jews arrived in the 1850s,"[{'lang': 'hun', 'name': 'Golnicbanya'}]",[],
1587,GELSENKIRCHEN,Westphalia,Germany,,jews_arrived,17EX,Jews settled in the early 18th cent.,[],[],
1588,GELVONAI,Ukmerge,Lithuania,,jews_arrived,16XX,Jews began settling here in the 17th cent.,"[{'lang': 'yid', 'name': 'Gelvan'}]",[],
1589,GEMEN,Westphalia,Germany,,first_mention,1567,Jews are mentioned in 1567,[],[],
1590,GEMMINGEN,Baden,Germany,,jews_present,18XX,their presence is only known for certain from the 18th cent.,[],[],
1591,GEMUEND,Rhineland,Germany,,jews_present,17EX,Jews were present from the early 18th cent.,[],[],
1592,GEMUENDEN,Lower Franconia,Germany,,jews_arrived,17MX,Jews appeared in the mid-17th cent.,[],"[{'event': 'Rindfleisch massacres', 'year': '1298', 'impact': 'medieval community destroyed', 'source': 'The medieval J. community was destroyed in the Rindfleisch massacres of 1298'}]",
1593,GEMUENDEN AN DER WOHRA,Hesse-Nassau,Germany,,community_founded,18EX,Jews only established a community there in the early 19th cent.,[],[],
1594,GEMUENDEN I. HUNSRUECK,Rhineland,Germany,,community_present,18EX,A J. community of about 100 existed in the early 19th cent.,[],[],
1595,GEMZSE,Szabolcs,Hungary,,first_mention,1770,Jews are mentioned in 1770,[],[],
1596,GENDRINGEN,Gelderland,Holland,,jews_present,17XX,Jews lived there from the 18th cent.,[],[],
1597,GENGENBACH,Baden,Germany,,POP,1875,The J. pop. in 1875 was 42.,[],[],
1598,GENICHESK,Zaporozhe,Ukraine,,POP,1897,"In 1897, the J. pop. was 2,816",[],"[{'event': 'pogrom', 'year': '1905', 'impact': 'three-day pogrom', 'source': 'In fall 1905, a three-day pogrom was staged against the Jews.'}]",
1599,GENNEP,Limburg,Holland,,community_present,18XX,The community dated from the 19th cent.,[],[],
1600,GENOA,Liguria,Italy,,jews_present,5XX,The J. presence dates back to the sixth century.,[],[],
1601,GENSINGEN,Hesse,Germany,,community_founded,1804,"Established in 1804, the community",[],[],
1602,GENTHIN,Saxony,Germany,,jews_arrived,17LX,A continuous J. settlement began only at the end of the 18th cent.,[],"[{'event': 'Black Death persecutions', 'year': '1349', 'impact': 'Jews expelled', 'source': 'In 1349, Jews living in G. were expelled during the Black Death persecutions.'}]",
1603,GEOAGIU,S. Transylvania,Rumania,,community_present,18LX,A J. community existed here in the late 19th cent.,"[{'lang': 'hun', 'name': 'Algyogyfalu'}]",[],
1604,GEORGENSGMUEND,Middle Franconia,Germany,,jews_present,15LX,Jews were present in the late 16th cent.,[],[],
1605,GERA,Thuringia,Germany,,jews_present,13XX,evidence of sporadic settlement ... since the 14th cent.,[],"[{'event': 'expulsions', 'year': '', 'impact': 'sporadic expulsions', 'source': 'evidence of ... expulsion of Jews from G. since the 14th cent.'}]",
1606,GERGELYIUGORNYA,Bereg,Hungary,,community_founded,18XX,A small Orthodox community was organized in the 19th cent.,[],[],
1607,GERMANOWKA,Kiev,Ukraine,,POP,1775,Jews numbered ten in 1775,[],"[{'event': 'riots', 'year': '1919-08-29 and 1919-09-28', 'impact': 'Jews attacked in riots', 'source': 'On 29 Aug. and 28 Sept. 1919, the Jews were attacked in riots.'}]",
1608,GERMERSHEIM,Palatinate,Germany,,first_mention,1343,"On 26 April 1343, they were burned at the stake",[],"[{'event': 'blood libel', 'year': '1343-04-26', 'impact': 'Jews burned at the stake', 'source': 'On 26 April 1343, they were burned at the stake following a blood libel.'}]",
1609,GERNSBACH,Baden,Germany,,jews_arrived,1683,Jews first settled in 1683,[],[],
1610,GERNSHEIM,Hesse,Germany,,community_founded,17LX,Founded in the late 18th cent.,[],[],
1611,GERODA,Lower Franconia,Germany,,POP,1880,The J. community numbered 63 in 1880,[],[],
1612,GEROLDSHAUSEN,Lower Franconia,Germany,,POP,1814,Jews numbered 50 in 1814,[],[],
1613,GEROLSTEIN,Rhineland,Germany,,jews_present,13MX,A few Jews were present before the Black Death persecutions of 1348–49,[],"[{'event': 'Black Death persecutions', 'year': '1348–1349', 'impact': 'Jews persecuted', 'source': 'before the Black Death persecutions of 1348–49'}, {'event': 'residence rights granted', 'year': '1719', 'impact': 'two protected Jews received residence rights', 'source': 'In 1719, two protected Jews received residence rights'}]",
1614,GEROLZHOFEN,Lower Franconia,Germany,,community_founded,16EX,The modern community dates from the first half of the 17th cent.,[],"[{'event': 'Rindfleisch massacres', 'year': '1298', 'impact': 'Jews were victims', 'source': 'Jews were victims of the Rindfleisch massacres of 1298'}, {'event': 'cemetery consecrated', 'year': '1639', 'impact': 'cemetery consecrated', 'source': 'a cemetery consecrated in 1639'}]",
1615,GERRESHEIM,Rhineland,Germany,,jews_present,17MX,"In the mid-18th cent., there were 29 Jews living in G.",[],"[{'event': 'affiliated to Duesseldorf community', 'year': '1840', 'impact': 'community affiliation', 'source': 'From 1840, the community was affiliated to the Duesseldorf community'}]",
1616,GERSFELD,Hesse-Nassau,Germany,,community_founded,1750,Established around 1750,[],"[{'event': 'new synagogue built', 'year': '1886', 'impact': 'third synagogue built after disastrous fire', 'source': 'A new synagogue (its third) was built after a disastrous fire in 1886'}]",
1617,GESEKE,Westphalia,Germany,,first_mention,1629,Jews are first mentioned in 1629,[],"[{'event': 'family quota set', 'year': '1700', 'impact': 'quota of 13 families', 'source': 'in 1700 a quota of 13 families was established for the town'}]",
1618,GESZTELY,Zemplen,Hungary,,first_mention,1736,Jews are first mentioned in 1736,[],[],
1619,GHARIAN,Tripolitania,Libya,,POP,,The J. pop. lived in three localities in the area,[],[],
1620,GHENT,East Flanders,Belgium,,jews_present,11EX,The Jews were expelled from the city as from the rest of Flanders in 1125,"[{'lang': 'nld', 'name': 'Gent'}]","[{'event': 'expulsion', 'year': '1125', 'impact': 'Jews expelled from Ghent and Flanders', 'source': 'The Jews were expelled from the city as from the rest of Flanders in 1125'}]",
1621,GHEORGHENI,N. Transylvania,Rumania,,jews_arrived,18MX,Jews settled in the mid-19th cent.,"[{'lang': 'hun', 'name': 'Gyergyoszentmiklos'}]",[],
1622,GHERLA,N. Transylvania,Rumania,,jews_arrived,18EX,Jews settled in the early 19th cent.,"[{'lang': 'hun', 'name': 'Szamosujvar'}]","[{'event': 'synagogue built', 'year': '1903', 'impact': 'synagogue seating several hundred built', 'source': 'In 1903 a synagogue seating several hundred was built'}]",
1623,GHIMES-FAGET,N. Transylvania,Rumania,,jews_arrived,18MX,Jews settled in the mid-19th cent.,"[{'lang': 'hun', 'name': 'Gyimesbukk'}]","[{'event': 'persecution', 'year': '19LX', 'impact': 'persecuted by local population', 'source': 'At the end of the cent. they were persecuted by the local pop.'}]",
1624,GIDLE,Lodz,Poland,,community_present,,Jews were involved in agriculture and services to Christian pilgrims,[],[],
1625,GIEBELSTADT,Lower Franconia,Germany,,community_present,18MX,A community is known from the mid-18th cent.,[],"[{'event': 'synagogue consecrated', 'year': '1799', 'impact': 'synagogue consecrated', 'source': 'a synagogue was consecrated in 1799'}]",
1626,GIEDRAICIAI,Ukmerge,Lithuania,,community_founded,18EX,The J. community dates to the beginning of the 19th cent.,"[{'lang': 'yid', 'name': 'Gedrevitsh'}]",[],
1627,GIELNIOW,Lodz,Poland,,POP,1857,The J.pop. in 1857 was 124.,[],[],
1628,GIESENKIRCHEN,Rhineland,Germany,,first_mention,1737,Protected Jews are known from 1737.,[],[],
1629,GIESSEN,Hesse,Germany,,jews_present,12MX,Jews lived there from the mid-13th cent.,[],"[{'event': 'Black Death persecutions', 'year': '1348–1349', 'impact': 'community annihilated', 'source': 'their community was annihilated in the Black Death persecutions of 1348-49'}, {'event': 'expulsion', 'year': '15EX', 'impact': 'banished', 'source': 'After returning early in the 15th cent., Jews were bani...'}]",
1630,GILGENBURG,East Prussia,Germany,Poland,POP,1880,The J. community numbered 119 Jews in 1880,"[{'lang': 'pol', 'name': 'Dąbrowno'}]",[],
1631,GILSERBERG,Hesse-Nassau,Germany,,community_founded,1830,Established around 1830,[],[],
1632,GIMBSHEIM,Hesse,Germany,,jews_arrived,16XX,Jews first arrived there in the 17th cent.,[],[],
1633,GINDORF,Rhineland,Germany,,jews_present,17LX,A small J. settlement existed in the second half of the 18th cent.,[],"[{'event': 'blood libel-related unrest', 'year': '1834', 'impact': 'antisemitic outbursts', 'source': 'Antisemitic outbursts followed blood libels in the area in 1834'}, {'event': 'blood libel-related unrest', 'year': '1892', 'impact': 'antisemitic outbursts (Xanten)', 'source': 'Antisemitic outbursts... in 1892 (the latter in Xanten)'}]",
1634,GIRALTOVCE,Slovakia,Czechoslovakia,Republic of Slovakia,community_founded,19MX,became organized around the mid-19th cent. when a synagogue was built,"[{'lang': 'hun', 'name': 'Giralt'}]",[],
1635,GIRKALNIS,Raseiniai,Lithuania,,POP,1897,The J. pop. was 530 in 1897,"[{'lang': 'yid', 'name': 'Girtegole'}]",[],
1636,GIULESTI,N. Transylvania,Rumania,,jews_arrived,17EX,Jews settled in the early 18th cent.,"[{'lang': 'hun', 'name': 'Maragyulafalva'}]",[],
1637,GIURGIU,Walachia,Rumania,,jews_arrived,18EX,Sephardi J. merchants came to G. from the Balkans in the 1820s,[],[],
1638,GLADBECK,Westphalia,Germany,,jews_arrived,1822,The first Jews settled in 1822,[],[],
1639,GLADENBACH,Hesse-Nassau,Germany,,community_founded,17LX,Established before 1770,[],[],
1640,GLATZ,Lower Silesia,Germany,Poland,first_mention,1300,Jews are first mentioned in 1300.,"[{'lang': 'pol', 'name': 'Kłodzko'}]","[{'event': 'expulsion', 'year': '1492', 'impact': 'all Jews expelled', 'source': 'All the Jews were expelled in 1492'}]",
1641,GLAUBERG,Hesse,Germany,,POP,1900,numbering 30 (about 5% of the total) in 1900,[],[],
1642,GLEHN,Rhineland,Germany,,jews_present,1716,Two families were present in 1716,[],[],
1643,GLEICHERWIESEN,Thuringia,Germany,,jews_arrived,1680,Jews first settled here in 1680,[],[],
1644,GLEIWITZ,Upper Silesia,Germany,Poland,jews_present,13XX,Jews were probably present in the 14th cent.,"[{'lang': 'pol', 'name': 'Gliwice'}]","[{'event': 'expulsion', 'year': '1587', 'impact': 'Jews expelled from the city', 'source': 'in 1587... they were expelled from the city'}]",
1645,GLEMBOKIE,Vilna,Poland,Belarus,jews_arrived,17XX,Jews first settled in the 18th cent,[],[],
1646,GLINIANY,Tarnopol,Poland,Ukraine,first_mention,1474,Jews are first noted from 1474 as leaseholders,"[{'lang': 'yid', 'name': 'Glina'}]","[{'event': 'Chmielnicki massacres', 'year': '1648–1649', 'impact': 'a number of Jews killed', 'source': 'A number of Jews were killed in the Chmielnicki massacres of 1648–49'}]",
1647,GLINKA,Smolensk,Russia,,jews_arrived,18XX,Jews probably arrived in the mid- or late 19th cent.,[],"[{'event': 'pogrom', 'year': '1919', 'impact': 'a few killed; Jewish homes seriously damaged', 'source': 'In 1919, a few were killed and J. homes seriously damaged in a pogrom'}]",
1648,GLINKI,Volhynia,Poland,Ukraine,POP,1921,"The J. pop. in 1921 was 317 (total 1,134)",[],[],
1650,GLINSKO,Lwow,Poland,Ukraine,POP,1921,The J. pop. in 1921 was 124,[],[],
1651,GLOD,N. Transylvania,Rumania,,community_founded,18EX,A J. community was organized in the early 19th cent.,[],[],
1652,GLOGAU,Lower Silesia,Germany,Poland,first_mention,1280,Jews are mentioned in 1280 as residents... maintaining a synagogue and cemetery,"[{'lang': 'pol', 'name': 'Glogow'}]",[],
1653,GLOGOW,Lwow,Poland,,jews_arrived,16LX,Jews apparently settled in the late 17th cent.,[],[],
1654,GLOWACZOW,Kielce,Poland,,jews_arrived,15MX,Jews settled in the mid-16th cent.,[],[],
1655,GLOWNO,Lodz,Poland,,jews_present,17LX,"From the second half of the 18th cent., Jews constituted a majority",[],"[{'event': 'cholera epidemic', 'year': '1848', 'impact': 'Jews suffered from a cholera epidemic', 'source': 'In 1848 they suffered from a cholera epidemic'}]",
1656,GLUKHOV,Sumy,Ukraine,,first_mention,17EX,Jews are mentioned in the 1720s,[],"[{'event': 'pogrom', 'year': '7 March 1918', 'impact': 'over 100 Jews killed', 'source': 'Red Army soldiers killed over 100 Jews in a pogrom'}]",
1657,GLUSHA,Mogilev,Belorussia,,POP,1926,The J. pop. was 51 in 1926,[],[],
1658,GLUSK,Lublin,Poland,,community_present,18EX,community numbered around 400 from the early 19th cent.,[],[],
1659,GLUSSK,Polesie,Belorussia,,first_mention,16XX,Jews are first mentioned in the 17th cent.,[],[],
1660,GNAZDA,Slovakia,Czechoslovakia,Republic of Slovakia,POP,,The J. pop. was about 90 with a prayer house and cemetery in use.,[],[],
1661,GNIEWOSZOW,Kielce,Poland,,jews_arrived,17LX,Jews settled in the late 18th cent.,[],"[{'event': 'World War I expulsions', 'year': '1914–1918', 'impact': 'population dropped to 585', 'source': 'dropping to 585 after the expulsions and flight of WWI'}]",
1662,GNIEZNO,Poznan,Poland,,first_mention,11XX,Jews are first mentioned in the 12th cent.,[],[],
1663,GNIVAN,Vinnitsa,Ukraine,,jews_present,18XX,Few Jews were present in the 19th cent.,[],[],
1664,GNODSTADT,Lower Franconia,Germany,,first_mention,15LX,Jews are first mentioned in the late 16th cent,[],[],
1665,GOCH,Rhineland,Germany,,jews_present,12XX,Jews were present in the 13th cent.,[],"[{'event': 'Black Death persecutions', 'year': '1348–1349', 'impact': 'community destroyed', 'source': 'following the destruction of the Black Death persecutions of 1348-49'}]",
1666,GOCHSHEIM,Lower Franconia,Germany,,community_present,15MX,An organized community with a synagogue existed in the mid-16th cent.,[],[],
1667,GODDELAU,Hesse,Germany,,POP,,"the Jews numbered 63 in 1861, dwindling to 19 in 1933",[],[],Formed one community with nearby Wolfskehlen
1669,GODOLLO,Pest-Pilis-Solt-Kiskun,Hungary,,jews_arrived,18EX,Jews settled in the first half of the 19th cent.,[],[],
1670,GOECKLINGEN,Palatinate,Germany,,first_mention,1684,Jews are first mentioned in 1684,[],[],
1671,GOEPPINGEN,Wuerttemberg,Germany,,jews_present,1348,early J. community was destroyed in the Black Death persecutions of 1348-49,[],"[{'event': 'Black Death persecutions', 'year': '1348–1349', 'impact': 'early community destroyed', 'source': 'early J. community was destroyed in the Black Death persecutions of 1348-49'}, {'event': 'expulsion', 'year': '1462', 'impact': 'Jews expelled', 'source': 'The few Jews there in 1462 were expelled soon after'}]",
1672,GOERLITZ,Lower Silesia,Germany,,jews_arrived,12EX,Jews probably arrived with the foundation of the city in the first half of the 13th cent.,[],[],
1673,GOETTINGEN,Hanover,Germany,,first_mention,1289,first evidence of a protected Jew (Schutzjude) dates from 1289,[],[],
1674,GOLANCZ,Poznan,Poland,,jews_arrived,1766,Jews first settled in 1766 under a charter of privileges,[],[],
1675,GOLAYA PRISTAN,Nikolaev,Ukraine,,jews_arrived,18EX,Jews probably settled in the early 19th cent.,[],[],
1676,GOLCUV JENIKOV,Bohemia,Czechoslovakia,,jews_present,15LX,Jews were probably present in the late 16th cent.,[],[],
1677,GOLDAP,East Prussia,Germany,Poland,POP,1843,The J. pop. was 60 in 1843,[],[],
1678,GOLDBACH,Lower Franconia,Germany,,community_present,17EX,An organized community is mentioned in the early 18th cent.,[],[],
1679,GOLINA,Lodz,Poland,,jews_present,17EX,Jews lived here in the early 18th cent. after the ban on J. settlement was lifted.,[],[],
1680,GOLLNOW,Pomerania,Germany,Poland,jews_present,1782,"In 1782, there were 62 Jews living in G.","[{'lang': 'pol', 'name': 'Goleniów'}]",[],
1681,GOLOGORY,Tarnopol,Poland,Ukraine,first_mention,1470,Jews are first mentioned in 1470,[],[],
1682,GOLOSKOV,Odessa,Ukraine,,POP,1897,"The J. pop. was 1,272 in 1897",[],"[{'event': 'riot', 'year': '1907-02-01', 'impact': 'Jewish stalls overturned and burned', 'source': 'Ukrainian rioters overturned and burned J. stalls in the market'}]",
1683,GOLOVANEVSK,Odessa,Ukraine,,jews_arrived,17MX,Jews settled in the mid-18th cent.,[],"[{'event': 'Petliura forces pogrom', 'year': '1919-08-04', 'impact': 'pogrom against Jews', 'source': 'On 4 Aug. 1919, the Petly…'}]",
1684,GOLOVCHIN,Mogilev,Belorussia,,POP,1765,The J. pop. was 280 in 1765,[],[],
1685,GOLUB-DOBRZYN,Pomerania,Poland,,community_present,16MX,They suffered greatly in the Swedish wars of the mid-17th cent.,[],"[{'event': 'Swedish wars', 'year': '17MX', 'impact': 'community suffered greatly', 'source': 'suffered greatly in the Swedish wars of the mid-17th cent.'}]",
1686,GOLUBOVKA,Voroshilovgrad,Ukraine,,POP,1939,The J. pop. in 1939 was 166,[],[],
1687,GOMBIN,Warsaw,Poland,,community_founded,17EX,only in the early 18th … did J. community life take root,[],[],
1688,GOMEL (I),Vitebsk,Belorussia,,POP,1920,The J. pop. was 129 (total 140) in 1920,[],[],
1689,GOMEL (II),Gomel,Belorussia,,community_present,1639,an organized community was already in existence in 1639,[],"[{'event': 'Chmielnicki massacres', 'year': '1648–1649', 'impact': 'about 2,000 Jews murdered', 'source': 'About 2,000 Jews were murdered during the Chmielnicki massacres of 1648–'}]",
1690,GONC,Abauj-Torna,Hungary,,jews_arrived,18LX,Jews from Carpathia arrived in the late 18th cent.,[],[],
1691,GONCRUSZKA,Abauj-Torna,Hungary,,jews_arrived,17LX,Jews probably settled in the late 18th cent.,[],[],
1692,GONIONDZ,Bialystok,Poland,Belarus,jews_present,16XX,Jews were present in the 17th-18th cent.,[],"[{'event': 'residence ban', 'year': 'until 1795', 'impact': 'ban in force until Prussian rule', 'source': 'despite the residence ban in force until Prussian rule in 1795'}]",
1693,GOOR,Overijssel,Holland,,jews_present,13XX,Jews were present in G. and neighboring Diepenheim and Markelo in the 14th cent.,[],"[{'event': 'communities united', 'year': '1821', 'impact': 'Goor, Diepenheim and Markelo united', 'source': 'The communities were united in 1821'}]",
1694,GORAJ,Lublin,Poland,,first_mention,1626,Jews are first mentioned in 1626,[],"[{'event': 'Chmielnicki massacres', 'year': '1648–1649', 'impact': 'community suffered but later recovered', 'source': 'Recovering from the Chmielnicki massacres of 1648-49'}]",
1695,GORA KALWARIA,Warsaw,Poland,,community_founded,1795,The J. community was formed under Prussian rule from 1795,"[{'lang': 'yid', 'name': 'Gur'}]",[],
1696,GORA WISNIOWA,Lodz,Poland,,POP,1921,"In 1921, 56 Jews lived in this summer resort",[],[],
1697,GORBO-PINCEHELY,Tolna,Hungary,,jews_arrived,17EX,Jews arrived in the first half of the 18th cent.,[],"[{'event': 'White Terror', 'year': '1919–1921', 'impact': 'severely persecuted', 'source': 'They were severely persecuted in the post-WWI White Terror'}]",
1698,GORINCHEM,Zuid-Holland,Holland,,jews_arrived,17LX,J. settlement began towards the end of the 18th cent.,"[{'lang': 'nld', 'name': 'Gorcum'}, {'lang': 'nld', 'name': 'Gorkum'}, {'lang': 'nld', 'name': 'Gorkom'}]","[{'event': 'community organized', 'year': 'c. 1800', 'impact': '', 'source': 'A community was organized around 1800'}]",
1699,GORIZIA,,Italy,,jews_present,1348,The J. presence in G. dates back to 1348,[],"[{'event': 'ghetto confinement', 'year': '1648', 'impact': 'Jews confined in a ghetto', 'source': 'In 1648, the Jews were confined in a ghetto'}]",
1700,GORKAYA,Zaporozhe,Ukraine,,community_founded,1850,founded G. as a J. colony in 1850,[],"[{'event': 'May 1881 pogroms', 'year': 'May 1881', 'impact': 'peasants from neighboring village attacked', 'source': 'During the May 1881 pogroms, peasants from the neighboring village'}]",
1701,GORKI,Mogilev,Belorussia,,community_present,1643,An organized J. community that existed in 1643,[],"[{'event': 'Chmielnicki massacres', 'year': '1648–1649', 'impact': 'community came to an end', 'source': 'came to an end after the Chmielnicki massacres of 1648-49'}, {'event': 'Czar Alexius’s campaign', 'year': '1654', 'impact': 'community came to an end', 'source': ""and Czar Alexius's campaign in Belorussia in 1654""}]",
1702,GORLICE,Cracow,Poland,,community_present,18EX,An independent community existed from the early 19th cent.,[],[],
1703,GORLOVKA,Stalino,Ukraine,,jews_arrived,19XX,Jews apparently began arriving only in the 20th cent.,[],[],
1704,GORNIKI,Volhynia,Poland,Ukraine,POP,1921,The J. pop. in 1921 was 52,[],[],
1705,GORNOSTIPOL,Kiev,Ukraine,,POP,1765,Jews numbered 57 in 1765,[],"[{'event': 'Petlyura pogroms', 'year': '1919', 'impact': 'Jews murdered and property pillaged', 'source': 'In 1919, the Petlyura gangs murdered Jews and pillaged their property'}]",
1706,GORODETS,Gomel,Belorussia,,POP,1847,The J. pop. was 434 in 1847,[],[],
1707,GORODOK (I),Vitebsk,Belorussia,,first_mention,17MX,The J. community is first mentioned in the mid-18th cent.,[],[],
1708,GORODOK (II),Kamenets-Podolski,Ukraine,,jews_arrived,1630,Jews settled in 1630,[],"[{'event': 'Chmielnicki massacres', 'year': '1648–1649', 'impact': 'community attacked', 'source': 'were attacked in the Chmielnicki massacres of 1648–49'}]",
1709,GORODYSHCHE,Kiev,Ukraine,,POP,1897,"Jews numbered 3,124 in 1897",[],[],
1710,GORREDIJK,Friesland,Holland,,jews_arrived,17LX,J. settlement began in the second half of the 18th cent.,[],[],
1711,GORVAL,Gomel,Belorussia,,POP,1789,The J. pop. was 104 in 1789,[],[],
1712,GORY,Mogilev,Belorussia,,POP,1897,The J. pop. was 577 (34% of the total) in 1897,[],[],
1713,GORZKOW,Lublin,Poland,,first_mention,18EX,Jews are first mentioned in the early 19th cent.,[],[],
1714,GOSLAR,Hanover,Germany,,jews_arrived,12MX,Favorable conditions induced Jews to settle there in the mid-13th cent.,[],[],
1715,GOSSMANNSDORF A. MAIN,Lower Franconia,Germany,,community_present,16MX,A J. community is known from the mid-17th cent.,[],[],
1716,GOSTINI,Zemgale,Latvia,,jews_arrived,18EX,Jews settled in the first half of the 19th cent.,"[{'lang': 'yid', 'name': 'Glazmanke'}]",[],(Courland) indicated for region
1717,GOSTOMYL,Kiev,Ukraine,,jews_arrived,17EX,Jews settled in the early 18th cent.,[],"[{'event': 'pogrom', 'year': '1905-10-20', 'impact': 'homes and stores looted and burned', 'source': 'J. homes and stores were looted and burned in a pogrom on 20 Oct. 1905'}, {'event': 'pogrom', 'year': '1919-09', 'impact': 'again pillaged', 'source': 'again pillaged in Sept. 1919'}]",
1718,GOSTYNIN,Warsaw,Poland,,jews_present,14LX,Jews lived in G. from the latter part of the 15th cent.,[],"[{'event': 'residential restriction', 'year': '1823–1862', 'impact': 'J. residence restricted to a special quarter', 'source': 'J. residence was restricted to a special quarter in 1823-62'}]",
1719,GOSZCZYN,Warsaw,Poland,,jews_arrived,18LX,Jews first settled in the late 18th cent.,[],[],
1720,GOTHA,Thuringia,Germany,,jews_present,11LX,Jews lived there at the turn of the 12th and 13th cents.,[],"[{'event': 'expulsions', 'year': 'until 16th cent.', 'impact': 'successive expulsions of the community', 'source': 'Until the 16th cent. the history ... was marked by successive expulsions'}]",
1721,GOUDA,Zuid-Holland,Holland,,jews_present,17LX,A number of Jews lived in G. at the end of the 18th cent.,[],[],
1722,GOWARCHOW,Lodz,Poland,,jews_present,1827,"By 1827, 457 Jews were living here",[],"[{'event': 'pogrom', 'year': '1918–1919', 'impact': 'pogrom broke out', 'source': 'At the end of WWI, a pogrom broke out'}]",
1723,GOWOROWO,Bialystok,Poland,,jews_present,17XX,Jews were living here in the 18th cent.,[],[],
1724,GOZHKOWICE,Lodz,Poland,,jews_present,18MX,Jews lived here from the mid-19th cent.,[],[],
1725,GRABEN,Baden,Germany,,jews_arrived,17EX,Jews settled in the early 18th cent.,[],[],
1726,GRABOW,Lodz,Poland,,jews_arrived,1764,The first Jews settled here in 1764,[],[],
1727,GRABOWIEC (I),Stanislawow,Poland,Ukraine,community_present,15XX,small J. farming community originated perhaps in the 16th cent.,[],[],
1728,GRABOWIEC (II),Lublin,Poland,,first_mention,16EX,Jews are mentioned in the first half of the 17th cent.,[],[],
1729,GRABOW NAD PROSNA,Poznan,Poland,,jews_present,15XX,Jews were present from the 16th cent.,[],[],
1730,GRADIZHSK,Poltava,Ukraine,,jews_arrived,18EX,Jews settled in the early 19th cent.,[],[],
1731,GRAEFENHAUSEN,Hesse,Germany,,POP,1861,"The community, numbering 67 (7% of the total) in 1861",[],[],
1732,GRAJEWO,Bialystok,Poland,,jews_present,16LX,Jews were present in the second half of the 17th cent.,[],[],
1733,GRANICA (I),Kielce,Poland,,jews_arrived,1850,Jews arrived from Bendzin in 1850,[],[],
1734,GRANICA (II),Kielce,Poland,,jews_arrived,18EX,J. settlement began in the early 19th cent.,[],[],
1735,GRANOV,Vinnitsa,Ukraine,,POP,1765,The J. pop. was 662 in 1765,[],[],
1736,GRAVE,Noord-Holland,Holland,,community_founded,18XX,A community was established in the 19th cent.,[],[],
1737,GRAZ,Steiermark,Austria,,jews_arrived,1261,Jews first settled in 1261,[],"[{'event': 'Expulsion', 'year': '1438–1439', 'impact': 'community expelled', 'source': 'They were expelled from G. in 1438-39'}]",
1738,GREBENAU,Hesse,Germany,,POP,1861,this community numbered 186 (27% of the total) in 1861,[],[],
1739,GREBENKI,Kiev,Ukraine,,POP,1897,numbered 551 in 1897,[],"[{'event': 'pogrom (Denikin’s White Army)', 'year': '', 'impact': 'lives lost', 'source': ""lives were lost in a pogrom staged by Anton Denikin's White Army""}]",
1740,GREBENSTEIN,Hesse-Nassau,Germany,,community_founded,17XX,a community was not established in G. until the 18th cent.,[],[],
1741,GREIFENBERG,Pomerania,Germany,Poland,first_mention,1692,A J. resident is mentioned in 1692,"[{'lang': 'pol', 'name': 'Gryfice'}]",[],
1742,GREIFENHAGEN,Pomerania,Germany,Poland,first_mention,1481,first evidence of a J. presence dates from 1481,"[{'lang': 'pol', 'name': 'Gryfino'}]",[],
1743,GREIFSWALD,Pomerania,Germany,,first_mention,12MX,evidence of J. presence ... as early as the middle of the 13th cent.,[],[],
1744,GREMBOW,Lwow,Poland,,POP,1921,The J. pop. in 1921 was 172,[],"[{'event': 'pogrom', 'year': '1918', 'impact': 'community shaken', 'source': 'A pogrom shook the community in 1918'}, {'event': 'economic restrictions', 'year': '1919', 'impact': 'commercial licenses revoked', 'source': 'in 1919 commercial licenses were revoked by the Polish authorities'}]",
1745,GRENOBLE,Isere,France,,jews_present,3XX,indications of a J. presence from the fourth cent.,[],[],
1746,GRENZHAUSEN,Hesse-Nassau,Germany,,community_present,1885,"The community, numbering 86 ... in 1885",[],[],
1747,GRESK,Minsk,Belorussia,,jews_arrived,18EX,J. settlement probably commenced in the first half of the 19th cent.,[],[],
1748,GREVENBROICH,Rhineland,Germany,,first_mention,13LX,Jews are known from the late 14th cent.,[],[],
1749,GRIEDEL,Hesse,Germany,,first_mention,1596,First mentioned in 1596,[],[],
1750,GRIESHEIM,Hesse,Germany,,jews_present,16XX,A mere handful of Jews lived there from the 17th cent.,[],[],
1751,GRIGORIOPOL,Moldavia,Ukraine,Republic of Moldova,jews_arrived,17LX,Jews probably settled with the founding of the town in the late 18th cent.,[],[],
1752,GRIJPSKERK,Groningen,Holland,,community_present,18LX,A community existed from the second half of the 19th cent.,[],[],
1753,GRINKISKIS,Kedainiai,Lithuania,,community_present,16XX,A J. community existed in the 17th cent.,"[{'lang': 'yid', 'name': 'Grinkishok'}]",[],
1754,GRISKABUDIS,Seinai,Lithuania,,jews_present,17XX,There were Jews here in the 18th cent.,"[{'lang': 'yid', 'name': 'Grishkabud'}]",[],
1755,GRITSEV,Kamenets-Podolski,Ukraine,,POP,1847,"The J. pop. was 1,194 in 1847","[{'lang': 'yid', 'name': 'Ritsov'}]","[{'event': 'pogrom', 'year': '1917-09-21', 'impact': 'Jews attacked', 'source': 'Jews were attacked in a pogrom on 21 Sept. 1917'}]",
1756,GRIVA,Zemgale,Latvia,,jews_arrived,18XX,Jews from the neighboring villages settled in the 19th cent.,[],"[{'event': 'epidemic', 'year': '1890s', 'impact': '', 'source': 'Despite a severe epidemic in the 1890s'}, {'event': 'flood', 'year': '1903', 'impact': '', 'source': 'flooding of the Dvina River in 1903'}]",
1757,GROBINA,Kurzeme,Latvia,,community_present,18EX,An organized community existed in the early 19th cent.,[],[],
1758,GRODEK JAGIELLONSKI,Lwow,Poland,Ukraine,jews_present,1445,Jews were present from at least 1445,"[{'lang': 'yid', 'name': 'Greiding'}]","[{'event': 'residence restrictions', 'year': '16XX', 'impact': '', 'source': 'continued in the 16th cent. despite residence restictions'}]",
1759,GRODEK SOKOLSKI,Bialystok,Poland,Belarus,jews_arrived,16LX,J. settlement commenced in the late 17th cent.,[],[],
1760,GRODEK WILENSKI,Vilna,Poland,Belarus,jews_arrived,18EX,Jews are presumed to have settled in the early 19th cent.,[],[],
1761,GRODNO,Bialystok,Poland,Belarus,jews_arrived,11LX,Jews arrived in the late 12th cent.,"[{'lang': 'yid', 'name': 'Horodno'}]",[],
1762,GRODZIANKA,Mogilev,Belorussia,,POP,1939,"The J. pop. was 150 (total 1,247) in 1939",[],[],
1763,GRODZIEC,Kielce,Poland,,jews_arrived,18MX,Jews first arrived in the mid-19th cent.,[],[],
1764,GRODZISK,Warsaw,Poland,,jews_arrived,16LX,Jews probably settled in the late 17th cent.,[],[],
1765,GRODZISKO DOLNE,Lwow,Poland,,jews_arrived,17LX,Jews were among the town's first settlers in the second half of 18th cent.,[],"[{'event': 'epidemic', 'year': '1918', 'impact': 'many deaths', 'source': 'A flu epidemic claimed many lives in 1918'}, {'event': 'pogrom', 'year': '1918', 'impact': 'peasants staged a pogrom', 'source': 'later in the year peasants staged a pogrom'}]",
1766,GRODZISK WIELKOPOLSKI,Poznan,Poland,,jews_arrived,15LX,Jews first settled in the late 16th cent.,[],[],
1767,GROENLO,Gelderland,Holland,,community_founded,17LX,A community was organized in the late 18th cent.,"[{'lang': 'und', 'name': 'Groenloo'}, {'lang': 'und', 'name': 'Grol'}]",[],
1768,GROETZINGEN,Baden,Germany,,community_present,16MX,establishing a permanent settlement only after the Thirty Years War (1618-48),[],[],
1769,GROJEC,Warsaw,Poland,,community_founded,17XX,An organized community dates from the 18th cent.,"[{'lang': 'yid', 'name': 'Gritze'}]",[],
1770,GROKHOLICE,Lodz,Poland,,jews_arrived,17EX,Jews settled here early in the 18th cent.,[],[],
1771,GROMBACH,Baden,Germany,,community_founded,17XX,founding a permanent settlement in the 18th cent.,[],[],
1772,GROMNIK,Cracow,Poland,,jews_present,18MX,Jews were living there in the mid-19th cent.,[],[],
1773,GROMOKLEYA,Kirovograd,Ukraine,,community_founded,18MX,founded as a J. colony in the mid-19th cent.,[],[],
1774,GRONAU,Westphalia,Germany,,jews_present,16EX,One J. family was present at the turn of the 17th cent.,[],[],
1775,GRONINGEN,Groningen,Holland,,jews_arrived,15MX,J. settlement began in the mid-16th cent.,[],[],
1776,GROSS-BIEBERAU,Hesse,Germany,,POP,1900,community declined from 87 (5% of the total) in 1900,[],[],
1777,GROSSEICHHOLZHEIM,Baden,Germany,,jews_present,1716,Jews first appeared in 1716,[],"[{'event': 'persecution', 'year': '', 'impact': 'considerable persecution', 'source': 'after suffering considerable persecution'}]",
1778,GROSSEN-BUSECK,Hesse,Germany,,community_present,1739,Established before 1739,[],[],
1779,GROSSEN-LINDEN,Hesse,Germany,,jews_present,1637,its old burial ground (1637) serving Jews throughout the region,[],[],
1780,GROSS-ENZERSDORF,Lower Austria,Austria,,community_present,17MX,A permanent J. settlement dates from the middle of the 18th cent.,[],[],
1781,GROSS-GERAU,Hesse,Germany,,community_founded,1738,"in 1738, when the town council authorized the building of a synagogue",[],[],
1782,GROSS-KACKSCHEN,East Prussia,Germany,Russia,POP,1895,The J. pop. numbered 205 in 1895,"[{'lang': 'rus', 'name': 'Sadovo'}]",[],
1783,GROSS-KARBEN,Hesse,Germany,,community_founded,16XX,Established in the 17th cent.,[],[],
1784,GROSS-KROTZENBURG,Hesse-Nassau,Germany,,jews_arrived,16XX,Jews settled there in the 17th cent.,[],[],
1785,GROSSLANGHEIM,Lower Franconia,Germany,,first_mention,1590,Jews are first mentioned in 1590,[],[],
1786,GROSSOSTHEIM,Lower Franconia,Germany,,first_mention,12LX,Jews are mentioned in connection with the Rindfleisch massacres of 1298,[],"[{'event': 'Rindfleisch massacres', 'year': '1298', 'impact': '', 'source': 'mentioned in connection with the Rindfleisch massacres of 1298'}]",
1787,GROSS-ROHRHEIM,Hesse,Germany,,community_present,1861,"The community, numbering 78 ... in 1861",[],[],
1788,GROSS-STEINHEIM,Hesse,Germany,,community_present,1828,"The community, numbering 38 ... in 1828",[],[],
1789,GROSS-STREHLITZ,Upper Silesia,Germany,Poland,jews_present,1812,no evidence of a J. presence before 1812,"[{'lang': 'pol', 'name': 'Strzelce Opolskie'}]",[],
1790,GROSSULOVO,Odessa,Ukraine,,POP,1897,"The J. pop. was 1,201 ... in 1897","[{'lang': 'rus', 'name': 'Velikaya Michaylovka'}]","[{'event': 'Soviet disenfranchisement', 'year': '', 'impact': '224 of 669 J. breadwinners stripped of rights', 'source': 'In the Soviet period, 224 of a total 669 J. breadwinners were stripped of their rights'}]",
1791,GROSS-UMSTADT,Hesse,Germany,,POP,1861,Numbering 69 ... in 1861,[],[],
1792,GROSS WARTENBERG,Lower Silesia,Germany,,jews_present,1657,community ... was present by 1657,"[{'lang': 'pol', 'name': 'Sycow'}]",[],
1793,GROSS-ZIMMERN,Hesse,Germany,,community_present,17XX,"The community, dating from the 18th cent.",[],[],
1794,GROTTKAU,Upper Silesia,Germany,,community_present,18EX,a permanent settlement is only known from the early 19th cent.,"[{'lang': 'pol', 'name': 'Grodkow'}]",[],
1795,GROZOVO,Minsk,Belorussia,,jews_present,1808,Twenty-four Jews were present in 1808,[],[],
1796,GRUDZIONDZ,Pomerania,Poland,,community_founded,16XX,The J. community was founded in the 17th cent.,"[{'lang': 'ger', 'name': 'Graudenz'}]",[],
1797,GRUENBERG,Upper Silesia,Germany,,community_present,1812,The permanent J. settlement dates from 1812,"[{'lang': 'pol', 'name': 'Zielona Gora'}]",[],
1798,GRUENSFELD,Baden,Germany,,community_founded,16XX,renewed only in the 16th cent.,[],"[{'event': 'Rindfleisch massacres', 'year': '1298', 'impact': 'community destroyed', 'source': 'The community was destroyed in the Rindfleisch massacres of 1298'}, {'event': 'Expulsion', 'year': '1576', 'impact': 'Jews expelled', 'source': 'After being expelled in 1576'}]",
1799,GRUENSTADT,Palatinate,Germany,,first_mention,15MX,Jews are mentioned in the mid- ... 16th cent.,[],[],
1800,GRUSSENHEIM,Haut-Rhin,France,,jews_present,1689,"In 1689, there were four J. families",[],[],
1801,GRUZDZIAI,Siauliai,Lithuania,,community_founded,17LX,community was founded at the end of the 18th cent.,"[{'lang': 'yid', 'name': 'Gruzd'}]",[],
1802,GRYBOW,Cracow,Poland,,community_present,17MX,A permanent settlement is known from the mid-18th cent.,[],[],
1803,GRZYMALOW,Tarnopol,Poland,Ukraine,jews_arrived,17EX,The Jews were among the first settlers in the town in the early 18th cent.,"[{'lang': 'yid', 'name': 'Rimalov'}]",[],
1804,GUBEN,Brandenburg,Germany,,community_present,13XX,There was a medieval J. community during the 14th cent.,[],"[{'event': 'Black Death persecutions', 'year': '1348–1349', 'impact': 'community persecuted', 'source': 'The community was persecuted during the Black Death disturbances of 1348-49'}]",
1805,GUDELIAI,Marijampole,Lithuania,,POP,1923,The J. pop. in 1923 was 193,"[{'lang': 'yid', 'name': 'Gudel'}]",[],
1806,GUDENSBERG,Hesse-Nassau,Germany,,community_founded,17XX,Established in the 18th cent.,[],[],
1807,GUEBWILLER,Haut-Rhin,France,,community_present,1348,"After the Black Death persecutions of 1348-49, the community ceased to exist",[],"[{'event': 'Black Death persecutions', 'year': '1348–1349', 'impact': 'community ceased to exist', 'source': 'After the Black Death persecutions of 1348-49, the community ceased to exist'}]",
1808,GUELZOW,Pomerania,Germany,Poland,first_mention,1705,A Jew is first mentioned in 1705,"[{'lang': 'pol', 'name': 'Golczewo'}]",[],
1809,GUERZENICH,Rhineland,Germany,,first_mention,17EX,Jews are mentioned in the first half of the 18th cent.,[],[],
1810,GUESSING,Burgenland,Austria,,community_founded,1770,A burial society was founded in 1770,[],[],
1811,GUESTROW,Mecklenburg-Schwerin,Germany,,jews_arrived,12LX,Jews arrived in the late 13th cent.,[],"[{'event': 'Host desecration libel', 'year': '1330', 'impact': 'Jews burned; synagogue seized; community ceased', 'source': 'In 1330, following a Host desecration libel, Jews were burned at the stake. The synagogue was seized and the community ceased'}]",
1812,GUETERSLOH,Westphalia,Germany,,first_mention,1402,Jews are first mentioned as moneylenders in 1402,[],[],
1813,GUHRAU,Lower Silesia,Germany,,first_mention,1350,A Street of the Jews was in existence in 1350,"[{'lang': 'pol', 'name': 'Gora'}]","[{'event': 'Expulsion', 'year': '1362', 'impact': 'Jews expelled; settlement discontinued until the 18th cent.', 'source': 'the Jews were expelled in 1362 and J. settlement was discontinued until the 18th cent.'}]",
1814,GULACS,Bereg,Hungary,,jews_arrived,1900,Jews settled around 1900,[],[],
1815,GULAY POLE,Zaporozhe,Ukraine,,jews_present,1881,Much J. property was destroyed in a May 1881 pogrom,[],"[{'event': 'Pogrom', 'year': 'May 1881', 'impact': 'much Jewish property destroyed', 'source': 'Much J. property was destroyed in a May 1881 pogrom'}]",
1816,GULBENE,Vidzeme,Latvia,,community_founded,19EX,The community was established after WWI,[],[],
1817,GULKEVITCH,Krasnodar territory,Russia,,,,,[],[],No pre-1930 information provided in the entry
1818,GULPEN-VAALS,Limburg,Holland,,community_founded,17XX,The Gulpen community dates from the 18th cent.,[],[],
1819,GUMBINNEN,East Prussia,Germany,Russia,jews_arrived,1765,With J. settlement beginning in 1765,"[{'lang': 'rus', 'name': 'Gusev'}]",[],
1820,GUMMERSBACH,Westphalia,Germany,,POP,1905,The J. pop. in 1905 was 45.,[],[],
1821,GUNTERSBLUM,Hesse,Germany,,POP,1861,The community numbered 138 (6% of the total) in 1861.,[],[],
1822,GUNZENHAUSEN,Middle Franconia,Germany,,first_mention,1298,Jews were victims of the Rindfleisch massacres of 1298,[],"[{'event': 'Rindfleisch massacres', 'year': '1298', 'impact': 'Jews were victims', 'source': 'Jews were victims of the Rindfleisch massacres of 1298'}, {'event': 'Black Death persecutions', 'year': '1348–1349', 'impact': 'community wiped out', 'source': 'community was wiped out in the Black Death persecutions of 1348-49'}]",
1823,GURAHONT,S. Transylvania,Rumania,,jews_arrived,18EX,Jews first settled in the early 19th cent.,"[{'lang': 'hun', 'name': 'Honczto'}]",[],
1824,GURA-HUMORULUI,Bukovina,Rumania,,jews_arrived,1835,The first Jews who settled in 1835,[],[],
1825,GUR-PUTILEI,Bukovina,Rumania,Ukraine,POP,1930,The J. pop. in 1930 was 115.,[],[],
1826,GURZUF,Crimea,Russia,,jews_present,1903,Jews were granted formal residence rights only in 1903,[],[],
1827,GUSINO,Smolensk,Russia,,jews_arrived,18LX,Jews probably settled in the late 19th cent.,[],[],
1828,GUSTORF,Rhineland,Germany,,first_mention,1721,Jews are first mentioned in 1721,[],[],
1829,GUSYATIN,Kamenets-Podolski,Ukraine,,first_mention,1578,Jews are first mentioned in 1578,[],"[{'event': 'Soldiers’ pillage', 'year': '1704', 'impact': 'property pillaged', 'source': 'In 1704, soldiers pillaged their property.'}, {'event': 'First Partition of Poland', 'year': '1772', 'impact': 'most remained in Poland', 'source': 'Most remained in Poland after the First Partition'}]",
1830,GUTA,Slovakia,Czechoslovakia,Republic of Slovakia,jews_arrived,17EX,Jews probably settled in the early 18th cent.,[],"[{'event': 'Expulsion', 'year': '17MX', 'impact': 'Jews expelled', 'source': 'after being expelled in the mid-18th cent.'}]",
1831,GUTTENTAG,Upper Silesia,Germany,Poland,jews_arrived,16XX,Jews settled in the 17th cent.,"[{'lang': 'pol', 'name': 'Dobrodzien'}]",[],
1832,GUTTSTADT,East Prussia,Germany,Poland,jews_arrived,1814,In 1814 three J. families were permitted to settle permanently.,"[{'lang': 'pol', 'name': 'Dobre Miasto'}]",[],
1833,GUXHAGEN,Hesse-Nassau,Germany,,community_founded,1809,Founded around 1809,[],[],
1834,GWOZDZIEC,Stanislawow,Poland,Ukraine,first_mention,1635,Jews are first recorded in 1635,[],"[{'event': 'World War I', 'year': '1914–1918', 'impact': 'synagogue burned down', 'source': ""the community's splendid synagogue (which burned down in WWI) dating to 1640""}]",
1835,GYMNICH,Rhineland,Germany,,jews_present,1730,Three protected J. families were present in 1730,[],[],
1836,GYOMA,Bekes,Hungary,,jews_arrived,18EX,Jews settled in the first half of the 19th cent.,[],[],
1837,GYOMORE,Pest-Pilis-Solt-Kiskun,Hungary,,jews_arrived,17EX,Jews settled in the early 18th cent.,[],[],
1838,GYOMRO,Pest-Pilis-Solt-Kiskun,Hungary,,jews_arrived,17EX,Jews settled in the early 18th cent.,[],"[{'event': 'Neologist congregation formed', 'year': '1869', 'impact': 'Neologist congregation established', 'source': 'forming a Neologist congregation in 1869'}]",
1839,GYON,Pest-Pilis-Solt-Kiskun,Hungary,,POP,1851,Jews numbered 220 in 1851 and 53 in 1930,[],[],
1840,GYONGYOS,Heves,Hungary,,jews_arrived,14XX,Jews settled here with the Turkish conquest in the 15th cent.,"[{'lang': 'yid', 'name': 'Gondish'}]","[{'event': 'Community departure', 'year': '', 'impact': 'community left with the Turks', 'source': 'They left with the Turks when the city was destroyed'}]",
1841,GYONK,Tolna,Hungary,,jews_arrived,17EX,Jews settled in the early 18th cent.,[],"[{'event': 'Yeshiva founded', 'year': '1823–1833', 'impact': 'important yeshiva of R. Moshe Kanizsa', 'source': 'An important yeshiva was founded by R. Moshe Kanizsa, who officiated in 1823-33'}, {'event': 'Synagogue consecrated', 'year': '1836', 'impact': 'synagogue consecrated', 'source': 'A synagogue was consecrated in 1836'}]",
1842,GYOR,Gyor-Moson,Hungary,,first_mention,14XX,Jews are first mentioned in the 15th cent.,[],[],
1843,GYORASSZONYFA,Gyor-Moson,Hungary,,jews_arrived,1810,Jews settled in 1810,[],[],
1844,GYORSZENTMARTON,Gyor-Moson,Hungary,,jews_arrived,18MX,Jews settled in the mid-19th cent.,[],"[{'event': 'School established', 'year': '1880', 'impact': 'Jewish school opened', 'source': 'establishing a synagogue in 1882 and a school in 1880'}, {'event': 'Synagogue established', 'year': '1882', 'impact': 'synagogue established', 'source': 'establishing a synagogue in 1882'}]",
1845,GYULA,Bekes,Hungary,,jews_arrived,18MX,Jews settled in the mid-19th cent.,[],[],
1846,GYULAHAZA,Szabolcs,Hungary,,first_mention,1747,Jews are mentioned in 1747,[],[],
1847,GYURE,Szabolcs,Hungary,,first_mention,1770,Jews are mentioned in 1770,[],"[{'event': 'Romanian occupation (WWI) persecutions', 'year': '1918–1919', 'impact': 'severe persecution', 'source': 'after severe persecution during the Rumanian occupation of WWI'}, {'event': 'White Terror', 'year': '1919–1921', 'impact': 'severe persecution', 'source': 'and then the White Terror'}]",
1848,GZHATSK,Smolensk,Russia,,jews_arrived,18MX,Jews probably settled in the mid-19th cent.,[],"[{'event': 'Prayer house permitted', 'year': '1901', 'impact': 'permission to operate a prayer house', 'source': 'In 1901, they received permission to operate a prayer house'}]",
1849,HAAKSBERGEN,Overijssel,Holland,,jews_arrived,16LX,J. settlement began in the late 17th cent.,[],[],
1850,HAAPSALU,,Estonia,,jews_present,18XX,the 19th cent. settlement,[],[],
1851,HAARLEM,Noord-Holland,Holland,,jews_arrived,1605,In 1605 three Jews received rights to settle with their families,[],[],
1852,HABITZHEIM,Hesse,Germany,,community_founded,1800,Established around 1800,[],[],
1853,HABURA,Slovakia,Czechoslovakia,Republic of Slovakia,POP,1880,The J. pop. was 135 in 1880,[],[],
1854,HACHENBURG,Hesse-Nassau,Germany,,community_founded,17LX,Established in the late 18th cent.,[],[],
1855,HADAMAR,Hesse-Nassau,Germany,,community_founded,16XX,Established in the 17th cent.,[],[],
1856,HADJEB EL-AYOUN,Kairouan,Tunisia,,community_founded,1905,arriving alone from Gabes in 1905 ... was the community's founder,[],[],
1857,HAGEN,Westphalia,Germany,,first_mention,1722,The first Jews are mentioned in 1722,[],[],
1858,HAGENBACH (I),Upper Franconia,Germany,,jews_present,16XX,Jews there in the 17th cent.,[],[],
1859,HAGENBACH (II),Palatinate,Germany,,community_present,19MX,"By the second quarter of the 19th cent, there was an organized J. community",[],[],
1860,HAGUE THE,Zuid-Holland,Holland,,jews_arrived,17EX,J. settlement began early in the 17th cent.,"[{'lang': 'nld', 'name': ""'s-Gravenhage""}, {'lang': 'nld', 'name': 'Den Haag'}]",[],
1861,HAGUENEAU,Bas-Rhin,France,,first_mention,1235,"before 1235, when a blood libel was perpetrated against them",[],"[{'event': 'blood libel', 'year': '1235', 'impact': '', 'source': 'a blood libel was perpetrated against them'}, {'event': 'Black Death persecutions', 'year': '1349', 'impact': 'community destroyed', 'source': 'In Feb. 1349, the community was destro-'}]",
1862,HAHNHEIM,Hesse,Germany,,community_present,1861,"The community, numbering 84 (11% of the total) in 1861",[],[],
1863,HAHOT,Zala,Hungary,,jews_arrived,17MX,Jews settled in the mid-18th cent.,[],[],
1864,HAIGER,Hesse-Nassau,Germany,,community_founded,1910,A community was established in 1910,[],[],
1865,HAIGERLOCH,Hohenzollern,Germany,,jews_present,14LX,They are again mentioned late in the 15th cent.,[],"[{'event': 'Black Death persecutions', 'year': '1348–1349', 'impact': 'Jews burned to death', 'source': 'burned to death in the Black Death persecutions of 1348-49'}]",
1866,HAINGRUENDAU,Hesse,Germany,,community_present,1910,This small impoverished community numbered 15 ... in 1910,[],[],
1867,HAINSFARTH,Swabia,Germany,,first_mention,12XX,Jews are mentioned in the 13th cent.,[],[],
1868,HAINSTADT,Baden,Germany,,jews_present,15XX,Jews were present in the 16th cent.,[],[],
1869,HAJDUBAGOS,Bihar,Hungary,,jews_arrived,18EX,Jews arrived in the early 19th cent.,[],[],
1870,HAJDUBOSZORMENY,Hajdu,Hungary,,jews_arrived,1822,Jews settled in 1822,[],[],
1871,HAJDUDOROG,Hajdu,Hungary,,jews_arrived,18EX,Jews probably settled in the early 19th cent.,[],[],
1872,HAJDUHADHAZ,Hajdu,Hungary,,community_founded,18MX,The J. community formed in the mid-19th cent.,[],[],
1873,HAJDUNANAS,Hajdu,Hungary,,jews_arrived,18EX,Jews settled in the first half of the 19th cent.,[],[],
1874,HAJDUSAMSON,Hajdu,Hungary,,jews_arrived,17EX,Jews arrived in the first half of the 18th cent.,[],[],
1875,HAJDUSZOBOSZLO,Hajdu,Hungary,,jews_arrived,18EX,Jews arrived in the early 19th cent.,[],[],
1876,HAJDUSZOVAT,Hajdu,Hungary,,jews_arrived,18EX,Jews settled in the first half of the 19th cent.,[],[],
1877,HAJNOWKA,Bialystok,Poland,,jews_arrived,18LX,Jews first settled in the late 19th cent.,[],[],
1878,HALBERSTADT,Saxony,Germany,,first_mention,1261,The earliest documentary evidence dates only from 1261,[],[],
1879,HALICZ,Stanislawow,Poland,Ukraine,first_mention,14XX,Jews are mentioned from the 15th cent.,[],[],
1880,HALLE,Saxony,Germany,,first_mention,11LX,first clear evidence ... second half of the 12th cent.,[],[],
1881,HALLENBERG,Westphalia,Germany,,jews_present,18EX,Twenty Jews were present in the early 19th cent.,[],[],
1882,HALMAJ,Abauj-Torna,Hungary,,jews_arrived,18EX,Jews settled in the early 19th cent.,[],[],
1883,HALMEU,N. Transylvania,Rumania,,jews_arrived,17EX,Jews from Galicia settled in the early 18th cent.,"[{'lang': 'hun', 'name': 'Halmi'}]",[],
1884,HALSDORF,Hesse-Nassau,Germany,,community_present,1856,The community opened a regional synagogue in 1856,[],[],
1885,HALTERN,Westphalia,Germany,,jews_present,1586,Two Jews received residence rights ... in 1586,[],[],
1886,HAMBORN,Rhineland,Germany,,jews_arrived,1893,J. settlement began in 1893,[],[],
1887,HAMBURG,,Germany,,jews_arrived,1575,The first Jews arrived from Portugal in 1575,[],[],
1888,HAMELN,Hanover,Germany,,first_mention,1277,Jews are first mentioned in 1277,[],"[{'event': 'Black Death persecutions', 'year': '1348–1349', 'impact': '', 'source': 'From the Black Death persecutions in 1348-49'}]",
1889,HAMM,Westphalia,Germany,,jews_present,12LX,Jews were present in the late 13th cent.,[],"[{'event': 'Killings', 'year': '1287–1288', 'impact': 'two Jews killed', 'source': 'Two were killed in 1287-88'}, {'event': 'Black Death persecutions', 'year': '1348–1349', 'impact': 'community murdered or expelled', 'source': 'the entire community was murdered or expelled during the Black Death persecutions of 1348-49'}]",
1890,HAMM A.D. SIEG,Rhineland,Germany,,first_mention,1663,Jews are first mentioned in 1663,[],[],
1891,HAMMAM EL-LIF,Tunis,Tunisia,,POP,70,The J. pop. increased following the destruction of the Second Temple,[],[],"earliest origin stated as Phoenician period, undated"
1892,HAMMAMET,Grombalia,Tunisia,,community_present,09XX,A J. settlement apparently existed in the 10th-11th cents.,[],"[{'event': 'Expulsion', 'year': '12LX', 'impact': 'community ended', 'source': 'ended in the late 13th cent. when H. was declared a holy city of Islam and the Jews were expelled'}]",
1893,HAMMELBURG,Lower Franconia,Germany,,jews_present,12LX,Jews continuously present from at least the late 13th cent.,[],"[{'event': 'Disturbances', 'year': '1298', 'impact': '', 'source': 'During disturbances in 1298, 1336, and 1349'}, {'event': 'Disturbances', 'year': '1336', 'impact': '', 'source': 'During disturbances in 1298, 1336, and 1349'}, {'event': 'Disturbances', 'year': '1349', 'impact': '', 'source': 'During disturbances in 1298, 1336, and 1349'}]",
1894,HAMMERSTEIN,Posen-West,Germany,Poland,POP,1831,The J. pop. ... numbered 142 in 1831,"[{'lang': 'pol', 'name': 'Czarne'}]","[{'event': 'Antisemitic agitation', 'year': '1881', 'impact': '', 'source': 'In 1881, antisemitic'}]",
1895,HANAU,Hesse-Nassau,Germany,,community_founded,1600,"no community existed until 1600, when J. families were invited",[],"[{'event': 'Black Death persecutions', 'year': '1348–1349', 'impact': 'community perished', 'source': 'After Jews living there perished in the Black Death persecutions of 1348-49'}]",
1896,HANCEWICZE,Polesie,Poland,Belarus,jews_arrived,1903,Jews were only allowed to settle from 1903,[],[],
1897,HANDLOVA,Slovakia,Czechoslovakia,Republic of Slovakia,jews_arrived,18LX,Jews settled in the 1870s,[],[],
1898,HANESTI,Moldavia,Rumania,,jews_arrived,18MX,Jews settled here in the mid-19th cent.,[],[],
1899,HANNOVERSCH MUENDEN,Hanover,Germany,,community_founded,16LX,A modern community dates from the second half of the 17th cent.,[],"[{'event': 'Medieval settlement', 'year': '14LX–15LX', 'impact': 'settlement existed', 'source': 'A medieval J. settlement existed from the end of the 14th cent. to the end of the 15th cent.'}]",
1900,HANOVER,Hanover,Germany,,jews_present,12XX,Evidence indicates that there were Jews in H. from the 13th cent.,[],"[{'event': 'Black Death persecutions', 'year': '1348–1349', 'impact': 'settlement probably suffered', 'source': 'The settlement probably suffered during the Black Death persecutions of 1348-49'}]",
1901,HANUSOVCE,Slovakia,Czechoslovakia,Slovakia,first_mention,1735,Jews are first mentioned in 1735.,"[{'lang': 'hun', 'name': 'Hanusfalva'}]",[],
1902,HARBURG,Swabia,Germany,,community_founded,1671,A new community was founded in 1671 by 11 Jews expelled from Hoechstaedt.,[],"[{'event': 'Black Death persecutions', 'year': '1348–1349', 'impact': 'Jews were victims', 'source': 'Jews were victims of the Black Death persecutions of 1348-49.'}, {'event': 'Arrivals from Monheim', 'year': '1741', 'impact': '', 'source': 'Jews from Monheim arrived in 1741'}]",
1903,HARBURG-WILHELMSBURG,Hanover,Germany,,first_mention,1610,Two Jews were recorded as receiving letters of protection in H. in 1610.,[],[],
1904,HARDENBERG,Overijssel,Holland,,jews_arrived,17EX,Jews first settled in H. in the early 18th cent.,[],[],
1905,HARDERWIJK,Gelderland,Holland,,jews_present,16XX,Jews first lived in H. in the 17th cent.,[],[],
1906,HARDHEIM,Baden,Germany,,community_founded,1690,The settlement was renewed by Jews from Swabia in 1690,[],"[{'event': 'Medieval settlement', 'year': '14EX', 'impact': 'settlement existed', 'source': 'A J. settlement existed in the early 14th cent.'}, {'event': 'Black Death persecutions', 'year': '1348–1349', 'impact': 'medieval settlement destroyed', 'source': 'destroyed in the Black Death persecutions of 1348-49.'}]",
1907,HAREN,Hanover,Germany,,jews_present,1842,"In 1842, 35 Jews lived in H.",[],[],
1908,HARLAU,Moldavia,Rumania,,jews_arrived,14LX,Jews settled here in the late 15th cent.,[],[],
1909,HARLINGEN,Friesland,Holland,,jews_arrived,16XX,J. settlement began in the 17th cent.,[],[],
1910,HARMUTHSACHSEN,Hesse-Nassau,Germany,,community_founded,17XX,Established in the 18th cent.,[],[],
1911,HARSANY,Borsod,Hungary,,jews_arrived,17EX,Jews settled in the first half of the 18th cent.,[],[],
1912,HASELUENNE,Hanover,Germany,,community_founded,17XX,"Established in the 18th cent., this district community",[],[],
1913,HASLACH,Baden,Germany,,jews_present,1348,The medieval J. community was destroyed in the Black Death persecutions of 1348-49.,[],"[{'event': 'Black Death persecutions', 'year': '1348–1349', 'impact': 'medieval community destroyed', 'source': 'The medieval J. community was destroyed in the Black Death persecutions of 1348-49.'}]",
1914,HASSELT,Overijssel,Holland,,jews_present,15XX,Jews lived in H. in the 16th cent.,[],[],
1915,HASSFURT,Lower Franconia,Germany,,jews_present,1298,Jews were victims of the Rindfleisch massacres of 1298,"[{'lang': 'yid', 'name': 'Asferd'}, {'lang': 'yid', 'name': 'Hamfurt'}]","[{'event': 'Rindfleisch massacres', 'year': '1298', 'impact': 'Jews victimized', 'source': 'Jews were victims of the Rindfleisch massacres of 1298'}, {'event': 'Black Death persecutions', 'year': '1348–1349', 'impact': 'Jews persecuted', 'source': 'Black Death persecutions of 1348–49'}]",
1916,HASSLOCH,Palatinate,Germany,,first_mention,17EX,Jews are first mentioned in the early 18th cent.,[],[],
1917,HAT,Carpatho-Russia,Czechoslovakia,Ukraine,jews_arrived,18LX,Jews probably settled in the late 1840s,"[{'lang': 'hun', 'name': 'Gat'}]",[],
1918,HATEG,S. Transylvania,Rumania,,jews_arrived,18EX,Jews first settled in the early 19th cent.,"[{'lang': 'hun', 'name': 'Hatszeg'}]",[],
1919,HATTEM,Gelderland,Holland,,jews_arrived,17XX,Jews first settled in the 18th cent.,[],[],
1920,HATTERSHEIM AM MAIN,Hesse-Nassau,Germany,,community_founded,16MX,"J. families lived there from the mid-17th cent., establishing a community",[],[],
1921,HATTINGEN,Westphalia,Germany,,jews_arrived,17XX,a J. settlement began only in the 18th cent.,[],[],
1922,HATTSTATT,Haut-Rhin,France,,community_present,17XX,In the 18th cent. there was a small community,[],[],
1923,HATVAN,Heves,Hungary,,jews_arrived,18LX,Jews settled in the 1840s,[],[],
1924,HAUSBERGE,Westphalia,Germany,,first_mention,15LX,Two protected Jews are mentioned in the late 16th cent.,[],[],
1925,HAVLICKUV BROD,Bohemia,Czechoslovakia,,community_founded,1848,returning only after 1848,"[{'lang': 'cze', 'name': 'Nemecky Brod'}]","[{'event': 'Expulsion', 'year': '15XX', 'impact': 'community expelled', 'source': 'were expelled in the 15th'}]",
1926,HAYNAU,Lower Silesia,Germany,Poland,community_founded,18EX,The modern community was founded in the early 19th cent.,"[{'lang': 'pol', 'name': 'Chojnow'}]",[],
1927,HEBENSHAUSEN,Hesse-Nassau,Germany,,jews_present,1600,Jews lived there from 1600,[],[],
1928,HECHINGEN,Hohenzollern,Germany,,community_founded,1701,A new community was formed in 1701,[],"[{'event': 'Persecution/expulsion', 'year': '16LX', 'impact': 'all apparently left', 'source': 'All apparently left by the late 16th cent. in the face of persecution'}]",
1929,HECHTSHEIM,Hesse,Germany,,community_founded,1841,A synagogue was built there in 1841,[],[],
1930,HECI-LESPEZI,Moldavia,Rumania,,jews_present,18MX,"In the mid-19th cent., L. Meierhofer, a Jew, bought the estate on which H. was situated",[],[],
1931,HEDDERNHEIM,Hesse-Nassau,Germany,,jews_present,15XX,scholars lived there from the 16th cent.,[],[],
1932,S-HEERENBERG,Gelderland,Holland,,jews_arrived,17XX,modern settlement dates from the 18th cent.,[],[],
1933,HEERLEN,Limburg,Holland,,jews_arrived,17EX,settlement dates from the early 18th cent.,[],[],
1934,HEHLEN,Brunswick,Germany,,community_founded,1766,"Dating from 1766, the J. community",[],[],
1935,HEIDELBERG,Baden,Germany,,community_present,13EX,community ... existed in the early 14th cent.,[],"[{'event': 'Black Death persecutions', 'year': '1348–1349', 'impact': 'community destroyed; property expropriated', 'source': 'destroyed in the Black Death persecutions of 1348-49, with all J. property expropriated'}]",
1936,HEIDELSHEIM,Baden,Germany,,POP,18MX,reached the peak of its development in the mid-19th cent.,[],[],
1937,HEIDENHEIM,Middle Franconia,Germany,,jews_present,17EX,Jews were present in the early 18th cent.,[],[],
1938,HEIDINGSFELD,Lower Franconia,Germany,,community_present,unknown,maintained a virtually continuous existence,"[{'lang': 'yid', 'name': 'Hatzfeld'}, {'lang': 'yid', 'name': 'Hertzfeld'}]",[],
1939,HEILBRONN,Wuerttemberg,Germany,,jews_present,10MX,A J. settlement existed in the mid-11th cent.,[],"[{'event': 'Rindfleisch massacres', 'year': '1298', 'impact': 'community largely destroyed', 'source': 'largely destroyed in the Rindfleisch massacres of 1298'}, {'event': 'Black Death persecutions', 'year': '1348–1349', 'impact': 'community destroyed', 'source': 'again in the Black Death'}]",
1940,HEILIGENSTADT,Upper Franconia,Germany,,jews_arrived,17XX,A few J. families settled in the 18th cent.,[],[],
1941,HEILIGENSTADT-EICHSFELD,Saxony,Germany,,jews_present,13EX,Jews lived ... from the first half of the 14th cent.,[],"[{'event': 'Black Death persecutions', 'year': '1348–1349', 'impact': 'suffered persecutions', 'source': 'suffered during the Black Death persecutions of 1348-49'}, {'event': 'Expulsion', 'year': '1574', 'impact': 'Jews expelled', 'source': 'finally expelled in 1574'}]",
1942,HEILSBERG,East Prussia,Germany,Poland,first_mention,1728,first evidence of a J. presence dates from 1728,"[{'lang': 'pol', 'name': 'Lidzbark Warmiński'}]",[],
1943,HEINEBACH,Hesse-Nassau,Germany,,community_founded,19EX,Established after 1800,[],[],
1944,HEINSBERG,Rhineland,Germany,,first_mention,1642,Jews are first mentioned in 1642,[],[],
1945,HEINSHEIM,Baden,Germany,,first_mention,1681,Jews are first mentioned in 1681,[],[],
1946,HEJOCSABA,Borsod-Gomor,Hungary,,jews_present,16MX,Jews were present by the mid-17th cent.,[],[],
1947,HELDENBERGEN,Hesse,Germany,,community_founded,1500,community is thought to have been established in 1500,[],[],
1948,HELLSTEIN,Hesse-Nassau,Germany,,community_founded,1868,opened a synagogue in 1868,[],[],
1949,HELMARSHAUSEN,Hesse-Nassau,Germany,,community_founded,1850,community established ... in 1850,[],[],
1950,HELMSTEDT,Brunswick,Germany,,community_founded,17XX,only readmitted in the 18th cent.,[],"[{'event': 'Expulsion', 'year': '1479', 'impact': 'Jews expelled', 'source': 'were expelled in 1479'}]",
1951,HEMER,Westphalia,Germany,,jews_present,18EX,A few Jews were present in the early 19th cent.,[],[],
1952,HEMMERDEN,Rhineland,Germany,,first_mention,1568,Jews are mentioned in 1568,[],[],
1953,HEMSBACH,Baden,Germany,,jews_arrived,15XX,Jews first settled in the 16th cent.,[],[],
1954,HENCIDA,Bihar,Hungary,,jews_arrived,18EX,Jews settled in the early 19th cent.,[],[],
1955,HENGELO (I),Overijssel,Holland,,jews_present,17XX,Jews lived in H. from the 18th cent.,"[{'lang': 'dut', 'name': 'Hengeloo'}]",[],
1956,HENGELO (II),Gelderland,Holland,,jews_arrived,17XX,Jews settled in the 18th cent.,[],[],
1957,HENNWEILER,Rhineland,Germany,,jews_present,16LX,A few Jews were present in the late 17th cent.,[],[],
1958,HEPPENHEIM AN DER BERGSTRASSE,Hesse,Germany,,community_founded,17EX,community was reestablished around 1700,[],"[{'event': 'Black Death persecutions', 'year': '1348–1349', 'impact': 'community annihilated', 'source': 'Annihilated during the Black Death persecutions of 1348-49'}]",
1959,HEPPENHEIM AN DER WIESE,Hesse,Germany,,POP,1861,Numbering 72 (5% of the total) in 1861,[],[],
1960,HERBEDE,Westphalia,Germany,,community_founded,19EX,synagogue (built in the 1820s),[],[],
1961,HERBORN,Hesse-Nassau,Germany,,community_founded,1680,"a permanent community was not established until about 1680, when the Jews built a synagogue",[],"[{'event': 'Black Death persecutions', 'year': '1348–1349', 'impact': 'earlier community destroyed', 'source': 'After the Black Death persecutions of 1348-49'}]",
1962,HERFORD,Westphalia,Germany,,first_mention,1306,Jews are first mentioned in 1306,[],"[{'event': 'Black Death persecutions', 'year': '1350', 'impact': 'community ended', 'source': 'The community ended in 1350 during the Black Death persecutions'}]",
1963,HERGERSHAUSEN,Hesse,Germany,,jews_present,1604,Jews lived there from 1604,[],[],
1964,HERLESHAUSEN,Hesse-Nassau,Germany,,jews_present,1640,Jews were living there in 1640,[],[],
1965,HERMANOVICZE,Vilna,Poland,Belarus,jews_present,18LX,Jews were present by the late 19th cent.,[],[],
1966,HERMANUV MESTEC,Bohemia,Czechoslovakia,,jews_arrived,14EX,Jews settled in the early 15th cent.,[],"[{'event': 'persecutions', 'year': '', 'impact': 'frequent economic persecutions', 'source': 'were frequently persecuted for economic reasons'}]",
1967,HERMESKEIL,Rhineland,Germany,,jews_arrived,18XX,Jews settled in the 19th cent.,[],[],
1968,HERNADNEMETI,Zemplen,Hungary,,jews_arrived,17LX,Jews settled in the late 18th cent.,[],[],
1969,HERNADVECSE,Abauj-Torna,Hungary,,jews_arrived,17LX,Jews settled in the late 18th cent.,[],[],
1970,HERNE,Westphalia,Germany,,jews_present,17MX,evidence of a J. presence ... from the middle of the 18th cent.,[],[],
1971,HERRLINGEN,Wuerttemberg,Germany,,community_present,19XX,best known for its J. educational institutions,[],[],
1972,HERRLISHEIM,Bas-Rhin,France,,jews_present,17EX,There were Jews in H. from the first half of the 18th cent.,"[{'lang': 'ger', 'name': 'Herlishheim'}]",[],
1973,HERSCHBERG,Palatinate,Germany,,community_present,1815,A synagogue was in use in 1815,[],[],
1975,HERTA,Moldavia,Rumania,Republic of Moldova,community_founded,17EX,Jews founded H. during the early 18th cent.,[],[],
1976,HESSDORF,Lower Franconia,Germany,,community_present,17LX,An organized community existed by the latter half of the 18th cent.,[],[],
1977,HESSISCH-OLDENDORF,Hesse-Nassau,Germany,,community_present,1871,"The community, numbering 48 ... in 1871",[],[],
1978,HESSLOCH,Hesse,Germany,,jews_present,14XX,Jews lived there from the 15th cent.,[],[],
1979,HETINA,Carpatho-Russia,Czechoslovakia,Ukraine,jews_arrived,17MX,Jews probably settled in the mid-18th cent.,"[{'lang': 'hun', 'name': 'Tiszaheteny'}]",[],
1980,HEUBACH AN DER RHOEN,Hesse-Nassau,Germany,,community_founded,1835,The community opened a synagogue in 1835,[],[],
1981,HEUCHELHEIM,Palatinate,Germany,,POP,1880,The J. pop. was 48 in 1880,[],[],
1982,HEUSENSTAMM,Hesse,Germany,,community_founded,16MX,Established before 1650,[],[],
1983,HEVES,Heves,Hungary,,community_founded,17MX,"The J. community, dating from the mid-18th cent.",[],[],
1984,HIDA,N. Transylvania,Rumania,,community_present,18EX,An organized J. community existed in the early 19th cent.,"[{'lang': 'hun', 'name': 'Hidalmas'}]",[],
1985,HILBRINGEN,Saar,Germany,,jews_arrived,17EX,Jews settled in H. at the beginning of the 18th cent.,[],[],
1986,HILCHENBACH,Westphalia,Germany,,POP,1870,The J. pop. was 11 in 1870,[],[],
1987,HILDBURGHAUSEN,Thuringia,Germany,,first_mention,1331,First mention of Jews there dates from the year 1331,[],"[{'event': 'Black Death persecutions', 'year': '1348–1349', 'impact': 'community persecuted but continued', 'source': 'Despite the Black Death persecutions (1348–49), the community continued to function'}]",
1988,HILDEN,Rhineland,Germany,,POP,1933,The J. pop. was 54 in 1933,[],[],
1989,HILDESHEIM,Hanover,Germany,,community_present,13EX,A medieval J. community existed from the first half of the 14th cent.,[],"[{'event': 'Black Death persecutions', 'year': '1348–1349', 'impact': 'persecutions; community continued', 'source': 'Despite the Black Death persecutions (1348–49), the community continued to function'}]",
1990,HILLESHEIM,Hesse,Germany,,POP,1861,Numbering 90 (13% of the total) in 1861,[],[],
1991,HILVERSUM,Noord-Holland,Holland,,community_present,17LX,A J. community existed in the second half of the 18th cent.,[],[],
1992,HIMBACH,Hesse,Germany,,POP,1900,"The community, numbering 38 (8% of the total) in 1900",[],[],
1993,HINDENBURG,Upper Silesia,Germany,Poland,jews_arrived,18EX,J. settlement commenced in the early 19th cent.,"[{'lang': 'pol', 'name': 'Zabrze'}]",[],
1994,HINTERSTEINAU,Hesse-Nassau,Germany,,POP,1754,From 13 in 1754,[],[],
1995,HIRSCHAID,Upper Franconia,Germany,,jews_present,16LX,Jews are known from the second half of the 17th cent.,[],[],
1996,HIRSCHBERG IM RIESENGEBIRGE,Lower Silesia,Germany,,jews_present,13EX,Jews were present in the first half of the 14th cent.,"[{'lang': 'pol', 'name': 'Jelenia Gora'}]",[],
1997,HIRSCHHORN,Hesse,Germany,,jews_arrived,1349,Jews were permitted to settle in 1349.,[],[],
1998,HLINIK,Slovakia,Czechoslovakia,Republic of Slovakia,jews_arrived,17EX,Jews arrived in the 1730s,"[{'lang': 'hun', 'name': 'Vagyagos'}]",[],
1999,HLINITA,Bukovina,Rumania,Ukraine,jews_arrived,18EX,Jews settled in the early 19th cent.,[],[],
2000,HLOHOVEC,Slovakia,Czechoslovakia,Republic of Slovakia,first_mention,1506,Jews are mentioned in 1506.,"[{'lang': 'hun', 'name': 'Galgoc'}, {'lang': 'yid', 'name': 'Frayshtatl'}]",[],
2002,HLUSZA WIELKA,Volhynia,Poland,Ukraine,POP,,The J. pop. in 1921 was 224.,"[{'lang': 'yid', 'name': 'Lishe'}]",[],
2003,HNIZDYCZOW,Stanislawow,Poland,Ukraine,POP,,The J. pop. in 1921 was 100.,[],[],
2004,HNUSTA,Slovakia,Czechoslovakia,Republic of Slovakia,jews_arrived,18MX,Jews settled in the mid-19th cent.,"[{'lang': 'hun', 'name': 'Nyustya'}]",[],
2005,HOCHBERG,Wurttemberg,Germany,,jews_arrived,17MX,Jews settled in the mid-18th cent.,[],[],
2006,HOCHFELDEN,Bas-Rhin,France,,community_present,1784,The J. community consisted of 71 members in 1784.,[],[],
2007,HOCHHEIM AM MAIN,Hesse-Nassau,Germany,,jews_present,16XX,Jews lived there from the 17th cent.,[],[],
2008,HOCHNEUKIRCH,Rhineland,Germany,,jews_present,1739,J. peddlers and livestock merchants lived in H. from 1739.,[],[],
2009,HOCHSPEYER,Palatinate,Germany,,jews_present,1782,Five J. families were present in 1782.,[],[],
2010,HOCKENHEIM,Baden,Germany,,jews_arrived,1510,The first Jews settled in 1510.,[],[],
2011,HODASZ,Szatmar,Hungary,,jews_arrived,18LX,Jews arrived in the late 19th cent.,[],[],
2012,HODMEZOVASARHELY,Csongrad,Hungary,,jews_arrived,17MX,Jews settled in the mid-18th cent. under the protection of Count Sandor Karolysi,[],[],
2013,HODOD,N. Transylvania,Rumania,,jews_arrived,17LX,Jews settled in the late 18th cent.,"[{'lang': 'hun', 'name': 'Hadad'}]",[],
2014,HODONIN,Moravia,Czechoslovakia,,community_present,16EX,There was a large J. community from the first half of the 17th cent.,[],"[{'event': 'fire', 'year': '1693', 'impact': 'nearly all Jewish homes destroyed', 'source': 'In 1693, fire destroyed nearly all J. homes'}]",
2015,HODUCISZKI,Vilna,Poland,Belarus,community_present,18LX,Jews from the surrounding villages joined the community in the wake of Czar Alexander III's May Laws of 1882,[],[],
2016,HOECHBERG,Lower Franconia,Germany,,community_founded,16EX,The J. community was founded in the early 17th cent.,"[{'lang': 'heb', 'name': 'Ishpurg'}]",[],
2017,HOECHHEIM,Lower Franconia,Germany,,community_present,17EX,A J. community existed in the first half of the 18th cent.,[],[],
2018,HOECHST AM MAIN,Hesse-Nassau,Germany,,jews_present,1635,Jews lived there from 1635,[],[],
2019,HOECHST AN DER NIDDER,Hesse,Germany,,community_present,1818,This community numbered 81 in 1818,[],[],
2020,HOECHST IM ODENWALD,Hesse,Germany,,community_founded,16LX,Established before 1700,[],[],
2021,HOERDE,Westphalia,Germany,,first_mention,1505,A Jew received residence rights in 1505,[],[],
2022,HOERINGHAUSEN,Hesse-Nassau,Germany,,POP,1779,Numbering 17 families in 1779,[],[],
2023,HOERSTEIN,Lower Franconia,Germany,,community_founded,17MX,The community was founded in the mid-18th cent.,[],[],
2024,HOESBACH,Lower Franconia,Germany,,community_present,17XX,A community is known from the 18th cent.,[],[],
2025,HOEXTER,Westphalia,Germany,,first_mention,1384,Jews are first mentioned in 1384,[],"[{'event': 'violence against Jews', 'year': '17XX', 'impact': 'incidents of violence', 'source': 'In the 17th cent., there were incidents of violence'}]",
2026,HOF,Upper Franconia,Germany,,first_mention,1319,Jews are first mentioned in 1319,[],"[{'event': 'Easter riot', 'year': '1515', 'impact': 'Jewish homes destroyed; Jews murdered', 'source': 'On Easter 1515, rioters destroyed J. homes and murdered'}]",
2027,HOFFENHEIM,Baden,Germany,,jews_arrived,1715,Jews were only permitted to settle after 1715,[],[],
2028,HOFGEISMAR,Hesse-Nassau,Germany,,community_present,1695,Dating from around 1695,[],[],
2029,HOFHEIM (I),Lower Franconia,Germany,,POP,,community grew from seven in 1867 to 59 in 1910,[],[],
2030,HOFHEIM (II),Hesse-Nassau,Germany,,community_founded,1590,"acquired by Jews around 1590, was turned into a synagogue",[],[],
2031,HOGYESZ,Tolna,Hungary,,jews_arrived,18EX,Jews settled in the first half of the 19th cent.,[],[],
2032,HOHEBACH,Wuerttemberg,Germany,,community_present,16XX,renewed in the 17th,[],"[{'event': 'Black Death persecutions', 'year': '1348–1349', 'impact': 'community expelled', 'source': 'expelled in the Black Death persecutions of 1348-49'}]",
2033,HOHENEMS,Vorarlberg,Austria,,jews_arrived,1617,J. settlement began in 1617,[],[],
2034,HOHENLIMBURG,Westphalia,Germany,,first_mention,1350,Jews are first mentioned in 1350,[],[],
2035,HOHENSTEIN,East Prussia,Germany,Poland,jews_present,1831,There was a small J. settlement of eight in 1831,"[{'lang': 'pol', 'name': 'Olsztynek'}]",[],
2036,HOLATIN,Carpatho-Russia,Czechoslovakia,Ukraine,jews_arrived,18EX,Jews probably settled in the early 19th cent.,"[{'lang': 'hun', 'name': 'Tarfalu'}]",[],
2037,HOLESOV,Moravia,Czechoslovakia,,first_mention,1391,Jews are mentioned in 1391,[],"[{'event': 'Fire', 'year': 'mid-16th cent.', 'impact': 'most homes destroyed', 'source': 'Fire destroyed most homes in the mid-16th cent.'}]",
2038,HOLIC,Slovakia,Czechoslovakia,Republic of Slovakia,first_mention,1593,Jews are first mentioned in 1593,[],[],
2039,HOLLABRUNN,Lower Austria,Austria,,jews_arrived,16LX,Jews first settled in H. at the end of the 17th cent.,[],[],
2040,HOLOBUDY,Bialystok,Poland,,community_founded,18LX,founded as a J. farm settlement in the late 1860s,[],[],
2041,HOLOBY,Volhynia,Poland,Ukraine,POP,,The J. pop. in 1921 was 200,[],[],
2042,HOLSZANY,Vilna,Poland,Lithuania,jews_arrived,17XX,Jews probably first settled in the 18th cent.,[],[],
2043,HOLUBICZE,Vilna,Poland,Lithuania,jews_arrived,1882,Jews settled in the wake of the May Laws of 1882,[],[],
2044,HOLUBINNE,Carpatho-Russia,Czechoslovakia,,jews_present,1768,One J. family lived in the town in 1768.,"[{'lang': 'hun', 'name': 'Galambos Holubina'}]",[],
2045,HOLYN,Stanislawow,Poland,Ukraine,POP,1921,The J. pop. in 1921 was 122.,[],[],
2046,HOLYNKA,Nowogrodek,Poland,Belarus,jews_present,15MX,A number of Jews were present in the mid-16th cent.,[],[],
2047,HOLZAPPEL,Hesse-Nassau,Germany,,community_founded,1843,"In 1843, the Jews of H., Isselbach, and three other villages established a community",[],[],
2048,HOLZHAUSEN,Hesse-Nassau,Germany,,jews_present,1553,Although Jews lived there in 1553,[],[],
2049,HOLZHAUSEN AN DER HAIDE,Hesse-Nassau,Germany,,POP,1871,Numbering 43 (6% of the total) in 1871,[],[],
2050,HOLZHAUSEN UEBER DER AAR,Hesse-Nassau,Germany,,community_present,15XX,"Dating from the 16th cent., the community",[],[],
2051,HOLZHEIM,Hesse,Germany,,jews_present,1640,Jews lived there from 1640,[],[],
2052,HOLZMINDEN,Brunswick,Germany,,community_founded,1690,a permanent community only dates from about 1690,[],[],
2053,HOMBERG,Rhineland,Germany,,jews_present,18LX,Fewer than ten Jews lived in H. in the late 19th cent.,[],[],
2054,HOMBERG AN DER EFZE,Hesse-Nassau,Germany,,jews_present,1679,Although Jews lived there from 1679,[],[],
2055,HOMBERG AN DER OHM,Hesse,Germany,,community_founded,1707,"Founded in 1707, the community",[],[],
2056,HOMBURG,Palatinate,Germany,,first_mention,1686,Jews are first mentioned in 1686,[],[],
2058,HOMBURG AM MAIN,Lower Franconia,Germany,,POP,1815,The J. pop. grew from 63 in 1815,[],[],
2060,HOOF,Hesse-Nassau,Germany,,community_founded,17XX,established one community in the 18th cent.,[],[],
2061,HOOGEVEEN,Drenthe,Holland,,jews_present,16LX,The J. presence dates back to the late 17th cent.,[],[],
2062,HOOGEZAND-SAPPEMEER,Groningen,Holland,,jews_arrived,17EX,J. settlement began in the early 18th cent.,[],[],
2063,HOORN,Noord-Holland,Holland,,jews_arrived,1622,Portuguese Jews began to settle there in 1622,[],[],
2064,HOPPSTAEDTEN,Oldenburg,Germany,,jews_present,1670,A J. family was present in 1670,[],[],
2065,HORAZDOVICE,Bohemia,Czechoslovakia,,jews_present,12XX,Jews were present from the founding of the city in the 13th cent.,[],[],
2066,HORB,Wuerttemberg,Germany,,community_present,18LX,The J. settlement was renewed in the second half of the 19th cent.,[],"[{'event': 'Black Death persecutions', 'year': '1348–1349', 'impact': 'community destroyed', 'source': 'The 14th cent. community was destroyed in the Black Death persecutions of 1348-49'}]",
2067,HORBOURG,Haut-Rhin,France,,jews_arrived,1723,in 1723 Duke Leopold Eberhard ... authorized the first J. family to settle,"[{'lang': 'ger', 'name': 'Horburg'}]",[],
2068,HORGOS,Vojvodina,Yugoslavia,,POP,1931,There were 53 Jews in 1931,[],[],
2069,HORICE,Bohemia,Czechoslovakia,,jews_arrived,1637,Jews first settled in 1637,[],[],
2070,HORINCOVO,Carpatho-Russia,Czechoslovakia,Ukraine,jews_arrived,18EX,J. settlement began in the first half of the 18th cent.,"[{'lang': 'hun', 'name': 'Herincse'}]",[],
2071,HORN (I),Lippe,Germany,,jews_present,15EX,A shortlived J. settlement existed at the beginning of the 16th cent.,[],"[{'event': 'Expulsion from Lippe', 'year': '', 'impact': 'Jews expelled', 'source': 'until the Jews were expelled from the Lippe dist. in 161...'}]",
2072,HORN (II),Lower Austria,Austria,,jews_arrived,13XX,J. settlement began in the 14th cent.,[],"[{'event': 'Host desecration accusation', 'year': '1338', 'impact': 'several Jews murdered', 'source': 'In 1338, several Jews were murdered, accused of desecrating the Host'}]",
2073,HORNE OZOROVCE,Slovakia,Czechoslovakia,Republic of Slovakia,jews_present,17EX,"Jews were present in the early 18th cent., if not before","[{'lang': 'hun', 'name': 'Felsoozor'}]",[],
2074,HORNE SALIBY,Slovakia,Czechoslovakia,Republic of Slovakia,jews_arrived,17LX,Jews appear to have settled in the late 18th cent.,"[{'lang': 'hun', 'name': 'Felso Szeli'}]",[],
2075,HOROCHOW,Volhynia,Poland,Ukraine,first_mention,1536,Jews are recorded from 1536,[],[],
2076,HORODEC,Polesie,Poland,Belarus,first_mention,15MX,Jews are first mentioned in the mid-16th cent.,[],[],
2077,HORODEK,Volhynia,Poland,Ukraine,POP,1921,The J. pop. in 1921 was 62 (total 856),[],[],
2078,HORODENKA,Stanislawow,Poland,Ukraine,first_mention,15LX,Jews are first recorded in the second half of the 16th cent.,[],[],
2079,HORODLO,Lublin,Poland,,community_founded,17EX,A new community was established in the first half of the 18th cent.,[],"[{'event': 'Chmielnicki massacres', 'year': '1648–1649', 'impact': 'community destroyed', 'source': 'destroyed in the 1648-49 Chmielnicki massacres'}]",
2080,HORODNIA,Chernigov,Ukraine,,jews_arrived,18XX,Jews settled in the 19th cent.,[],"[{'event': 'pogrom', 'year': '1905', 'impact': 'Jews attacked', 'source': 'Jews were attacked in a pogrom in 1905'}]",
2081,HORODNITSA,Zhitomir,Ukraine,,POP,19MX,The J. pop. was 427 in the mid-19th cent.,[],[],
2082,HORODNO,Polesie,Poland,Belarus,POP,1921,The J. pop. in 1921 was 583.,[],[],
2083,HORODYSZCZE,Nowogrodek,Poland,Belarus,community_present,17EX,A J. community existed in the early 18th cent.,[],"[{'event': 'World War I evacuation', 'year': '', 'impact': 'population dropped to 760 by 1921', 'source': 'dropping to 760 in 1921 after the evacuation of WWI'}]",
2084,HORODZIEJ,Nowogrodek,Poland,Belarus,jews_present,17XX,A small J. settlement existed before the Russian conquest of the late 18th cent.,[],[],
2085,HOROVICE,Bohemia,Czechoslovakia,,jews_present,14XX,Jews were present in the 15th cent.,[],"[{'event': 'residence ban', 'year': 'early 17th–mid-19th cent.', 'impact': 'Jewish residence banned', 'source': 'Their residence was banned from the early 17th cent. until the mid-19th cent.'}]",
2086,HORSOVSKY TYN,Bohemia,Czechoslovakia,,community_founded,18LX,It was renewed only in the late 19th cent.,[],"[{'event': 'disturbances', 'year': '16XX', 'impact': 'original community destroyed', 'source': 'original J. community was apparently destroyed in 16th cent. disturbances'}]",
2087,HORST-EMSCHER,Westphalia,Germany,,jews_arrived,18LX,Jews settled following the industrialization of the city in the late 19th cent.,[],[],
2088,HORSTMAR,Westphalia,Germany,,jews_present,15XX,Jews were present in the 16th cent.,[],[],
2089,HORYNGRAD-KRUPA,Volhynia,Poland,Ukraine,POP,1897,"The Jews numbered 540 (total 1,936) in 1897",[],[],
2090,HORYNIEC,Lwow,Poland,Ukraine,POP,1921,The J. pop. in 1921 was 120.,[],[],
2091,HOSSZUPALYI,Bihar,Hungary,,jews_arrived,17LX,Jews arrived in the late 18th cent.,[],[],
2092,HOSTINNE,Bohemia,Czechoslovakia,,first_mention,17LX,Jews are first mentioned in the last quarter of the 18th cent.,[],[],
2093,HOSZCZA,Volhynia,Poland,Ukraine,jews_arrived,15LX,Jews probably settled in the second half of the 16th cent.,[],[],
2094,HOTIN,Bessarabia,Rumania,Ukraine,first_mention,13LX,A Karaite community existed in the late 14th cent.,"[{'lang': 'pol', 'name': 'Chocim'}]",[],
2095,HOYA AN DER WESER,Hanover,Germany,,jews_arrived,1710,J. traders lived there from 1710,[],[],
2096,HRADEC KRALOVE,Bohemia,Czechoslovakia,,jews_present,1225,Jews were present from the founding of the city in 1225,[],[],
2097,HRANICE,Moravia,Czechoslovakia,,community_present,1644,a community in a J. quarter is only known from 1644,[],[],
2098,HRONOV,Bohemia,Czechoslovakia,,jews_present,18XX,Jews in small numbers were present from the 19th cent.,[],[],
2099,HROUBOVICE,Bohemia,Czechoslovakia,,jews_arrived,17EX,Jews first settled in the early 18th cent.,[],"[{'event': 'community dissolved', 'year': '19LX', 'impact': 'congregation dissolved', 'source': 'The J. congregation was dissolved in the late 19th cent.'}]",
2100,HRUBIESZOW,Lublin,Poland,,first_mention,14MX,Jews are mentioned in the first half of the 15th cent.,[],[],
2101,HRUSOVO,Carpatho-Russia,Czechoslovakia,Ukraine,jews_arrived,19EX,J. settlement probably began in the early 19th cent.,"[{'lang': 'hun', 'name': 'Kortvelyes'}, {'lang': 'yid', 'name': 'Hrishaf'}]",[],
2102,HRUSZOW,Lwow,Poland,Ukraine,POP,1921,The J. pop. in 1921 was 164.,[],[],
2103,HUCZKO,Lwow,Poland,Ukraine,POP,1921,The J. pop. in 1921 was 202.,[],[],
2104,HUEFFENHARDT,Baden,Germany,,community_founded,16LX,The J. community was founded after the Thirty Years War (1618–48),[],[],
2105,HUELCHRATH,Rhineland,Germany,,jews_present,17EX,Jews were present from the early 18th cent.,[],[],
2106,HUELS,Rhineland,Germany,,jews_arrived,16MX,Jews arrived in about the mid-17th cent.,[],[],
2107,HUENFELD,Hesse-Nassau,Germany,,community_founded,17XX,Established in the 18th cent.,[],[],
2108,HUERTH,Rhineland,Germany,,community_present,17XX,A small J. settlement existed in the 18th cent.,[],[],
2109,HUESTEN,Westphalia,Germany,,first_mention,1675,Jews are first mentioned in 1675,[],[],
2110,HUETTENBACH,Middle Franconia,Germany,,community_founded,1499,community was probably founded by Jews expelled from Nuremberg in 1499,[],[],
2111,HUETTENGESAESS,Hesse-Nassau,Germany,,community_present,1842,community built a new synagogue in 1842,[],[],
2112,HUETTENHEIM,Lower Franconia,Germany,,jews_present,15LX,continuous settlement from the late 16th cent.,[],[],
2113,HUKLIVY,Carpatho-Russia,Czechoslovakia,Ukraine,jews_present,1768,One J. family was present in 1768,"[{'lang': 'hun', 'name': 'Zugo'}]",[],
2114,HULEWICZE,Volhynia,Poland,Ukraine,jews_present,16MX,Up to 20 J. families resided there from the mid-17th cent.,[],[],
2115,HUMENNE,Slovakia,Czechoslovakia,Republic of Slovakia,jews_present,16LX,Jews were present in the late 17th cent.,[],[],
2116,HUMPOLEC,Bohemia,Czechoslovakia,,first_mention,1385,Jews are also mentioned in 1385,[],[],
2117,HUNCOVCE,Slovakia,Czechoslovakia,Republic of Slovakia,community_present,16XX,a major center of J. learning for 300 years,"[{'lang': 'hun', 'name': 'Hunfalu'}, {'lang': 'yid', 'name': 'Unsdorf'}]",[],
2118,HUNEDOARA,S. Transylvania,Rumania,,community_present,1860,A J. Orthodox community existed in 1860,"[{'lang': 'hun', 'name': 'Vajdahunyad'}]",[],
2119,HUNGEN,Hesse,Germany,,jews_present,14XX,Jews lived there from the 15th cent.,[],[],
2120,HUNINGUE,Haut-Rhin,France,,community_founded,18XX,A small J. community was established in the 19th cent.,[],[],
2121,HUSI,Moldavia,Rumania,,jews_arrived,16MX,Jews settled from the mid-17th cent.,[],[],
2122,HUSIATYN,Tarnopol,Poland,Ukraine,jews_arrived,16XX,Jews were among the first settlers in the town in the 16th cent.,[],[],
2123,HUSSAKOW,Lwow,Poland,Ukraine,first_mention,16XX,Jews are mentioned in H. from the 17th cent.,[],"[{'event': 'World War I', 'year': '1914–1918', 'impact': 'community population dropped by two-thirds', 'source': 'dropped by two-thirds with the sufferings of WWI'}]",
2124,HUSTOPECE,Moravia,Czechoslovakia,,jews_present,13LX,Jews were probably present in the late 14th cent.,[],[],
2125,HUTA BRONITSKA,Zhitomir,Ukraine,,POP,1939,The J. pop. in 1939 was 166,[],[],
2126,IABLONITA,Bukovina,Rumania,Ukraine,jews_arrived,18LX,Jews settled in the late 19th cent.,[],[],
2127,IASI,Moldavia,Rumania,,jews_arrived,14LX,Jews first settled in the late 15th cent.,[],[],
2128,IBANESTI,Moldavia,Rumania,,POP,,The J. pop. in 1930 was 61.,[],[],
2129,IBBENBUEREN,Westphalia,Germany,,jews_present,15LX,Jews were possibly present in the late 16th cent.,[],[],
2130,IBRANY,Szabolcs,Hungary,,jews_arrived,17LX,Jews settled in the late 18th cent.,[],[],
2131,ICHENHAUSEN,Swabia,Germany,,jews_present,15MX,Jews were present in the mid-16th cent.,[],[],
2132,ICHNIA,Chernigov,Ukraine,,jews_arrived,18MX,Jews settled in the mid-19th cent.,[],"[{'event': 'pogrom', 'year': '1881', 'impact': 'homes and stores pillaged and destroyed', 'source': 'On 16 Aug. 1881, J. homes and stores were pillaged and destroyed in a pogrom.'}]",
2133,ICLODUL MARE,N. Transylvania,Rumania,,community_present,17EX,An organized J. community existed from the early 18th cent.,"[{'lang': 'hun', 'name': 'Nagyiklod'}]",[],
2134,IDAR-OBERSTEIN,Oldenburg,Germany,,first_mention,15XX,First mentioned in the 16th cent.,[],[],
2135,IDRITSA,Kalinin,Russia,,jews_arrived,18LX,Jews probably settled in the late 19th cent.,[],[],
2136,IDSTEIN,Hesse-Nassau,Germany,,community_present,1709,David Gruenhut was appointed district rabbi in 1709,[],[],
2137,IECAVA,Zemgale,Latvia,,POP,,The J. pop. in 1935 was 46.,[],[],
2138,IERNUT,S. Transylvania,Rumania,,community_present,1887,A J. community existed here in 1887,"[{'lang': 'hun', 'name': 'Radnot'}]",[],
2139,IERNUTENI,N. Transylvania,Rumania,,POP,,The J. pop. in 1920 was 52 (14% of the total).,"[{'lang': 'hun', 'name': 'Radnotfaja'}]",[],
2140,IEUD,N. Transylvania,Rumania,,jews_arrived,17EX,Jews settled in the early 18th cent.,"[{'lang': 'hun', 'name': 'Jod'}]",[],
2141,IFFREN,Tripolitania,Libya,,community_present,,The J. settlement ... was the oldest in Tripolitania.,"[{'lang': 'eng', 'name': 'Yefren'}]",[],
2142,IGENE,Courland,Latvia,,community_present,,The J. settlement of 40 families,"[{'lang': 'ger', 'name': 'Agenhof'}]","[{'event': 'World War I', 'year': '1914–1918', 'impact': 'settlement abandoned', 'source': 'was abandoned during WWI'}]",
2143,IGLIAUKA,Marijampole,Lithuania,,POP,,The J. pop. of 51,[],[],
2144,IGNALIN,Vilna,Poland,Belarus,community_founded,19EX,formed an organized community by the early 20th cent.,[],[],
2145,IGNATOWKA,Volhynia,Poland,Ukraine,community_founded,1838,Founded as a J. farm settlement ... in 1838,[],"[{'event': 'World War I', 'year': '1914–1918', 'impact': 'emigration', 'source': 'Emigration in the WWI peri'}]",
2146,IHRINGEN,Baden,Germany,,jews_arrived,18EX,A few J. families ... were allowed to settle in I. in the early 18th cent.,[],[],
2147,IKOR,Crimea,Russia,Ukraine,community_founded,1923,founded in 1923 by about 40 J. families,[],[],
2148,ILAVA,Slovakia,Czechoslovakia,Republic of Slovakia,jews_present,16MX,Jews were present in the mid-17th cent.,[],[],
2149,ILEANDA MARE,N. Transylvania,Rumania,,community_founded,,A J. community was established,"[{'lang': 'hun', 'name': 'Nagyilonda'}]",[],
2150,ILINO,Smolensk,Russia,,jews_arrived,1840,Jews settled in the early 1840s,[],[],
2151,ILINTSY,Vinnitsa,Ukraine,,jews_arrived,16MX,J. settlement began in the mid-17th cent.,[],[],
2152,ILISESTI,Bukovina,Rumania,,jews_arrived,18MX,Jews first settled in the mid-19th cent.,[],[],
2153,ILJA,Vilna,Poland,Belarus,jews_arrived,16XX,Jews probably arrived in the 17th cent.,[],[],
2154,ILK,Szatmar,Hungary,,jews_arrived,17LX,Jews settled in the late 18th cent.,[],[],
2155,ILLEREICHEN-ALTENSTADT,Swabia,Germany,,community_founded,1719,A new community was founded in 1719,[],"[{'event': 'Post–Thirty Years War settlement', 'year': 'after 1648', 'impact': 'failed to establish a permanent community', 'source': 'first settled after the Thirty Years War ... but failed to establish a permanent community'}]",
2156,ILLINGEN,Saar,Germany,,first_mention,1717,Evidence of the first Jew dates from 1717,[],[],
2157,ILMENAU,Thuringia,Germany,,community_present,18XX,a permanent community only developed in the 19th,[],"[{'event': 'End of medieval community', 'year': '1566', 'impact': 'presence ended', 'source': 'Jews probably lived there from the 14th cent. to 1566'}]",
2158,ILNICE,Carpatho-Russia,Czechoslovakia,Ukraine,jews_arrived,18EX,Jews probably settled in the early 19th cent.,"[{'lang': 'hun', 'name': 'Ilonca'}]",[],
2159,ILNIK,Lwow,Poland,Ukraine,POP,19XX,Between the World Wars the J. community of a few hundred,[],[],
2160,ILOK,Croatia,Yugoslavia,Republic of Croatia,community_present,18LX,A J. community existed from the late 19th cent.,[],[],
2161,ILOVAYSK,Stalino,Ukraine,,POP,1939,The J. pop. in 1939 was 93,[],[],
2162,ILUKSTE,Zemgale,Latvia,,jews_arrived,17LX,Jews began to settle at the end of the 18th cent.,[],[],
2163,ILUW,Warsaw,Poland,,jews_arrived,17MX,Jews settled there in the mid-18th cent.,"[{'lang': 'yid', 'name': 'Ileve'}]",[],
2164,ILVA MARE,N. Transylvania,Rumania,,jews_arrived,18EX,Jews first settled in the early 19th cent.,"[{'lang': 'hun', 'name': 'Nagyilva'}]",[],
2165,ILVA MICA,N. Transylvania,Rumania,,jews_arrived,18EX,Jews first settled in the early 19th cent.,"[{'lang': 'hun', 'name': 'Kisilva'}]",[],
2166,ILVESHEIM,Baden,Germany,,jews_present,17XX,Jews were present from the 18th cent.,[],[],
2167,ILZA,Kielce,Poland,,jews_arrived,18EX,Jews settled in the early 19th cent.,[],[],
2168,IMBRADAS,Zarasai,Lithuania,,POP,1923,The J. pop. in 1923 was 50,"[{'lang': 'yid', 'name': 'Imbrad'}]",[],
2169,IMSTICOVO,Carpatho-Russia,Czechoslovakia,,jews_arrived,18EX,Jews probably settled in the first half of the 19th cent.,"[{'lang': 'hun', 'name': 'Misztice'}, {'lang': 'yid', 'name': 'Mystytchev'}]",[],
2170,INDRA,Latgale,Latvia,,POP,1935,The J. pop. in 1935 was 46,[],[],
2171,INDURA,Bialystok,Poland,Belarus,first_mention,1539,Jews are first mentioned in 1539,[],"[{'event': 'Lithuanian Council seat', 'year': '1720', 'impact': 'seat after breakaway from Council of the Four Lands', 'source': 'In 1720, I. was the seat of the Lithuanian Council after it broke away from the Council of the Four Lands.'}]",
2172,INEU,S. Transylvania,Rumania,,community_founded,1891,A Neologist J. community was founded in 1891,"[{'lang': 'hun', 'name': 'Borosjeno'}]",[],
2173,INGENHEIM,Palatinate,Germany,,jews_arrived,1347,Jews settled ... after the expulsion from Landau in 1347,[],[],
2174,INGOLSTADT,Upper Bavaria,Germany,,jews_arrived,12LX,Jews ... arrived in the late 13th cent.,[],[],
2175,INGULETS,Dnepropetrovsk,Ukraine,,community_founded,1809,founded as a J. colony in 1809,[],[],
2176,INGWILLER,Bas-Rhin,France,,first_mention,1604,J. presence dates from 1604,"[{'lang': 'ger', 'name': 'Ingweiler'}]",[],
2177,INNSBRUCK,Tyrol,Austria,,jews_present,12XX,Jews maintained a continuous presence... from the 13th cent.,[],"[{'event': 'Black Death persecutions', 'year': '1348–1349', 'impact': 'community suffered', 'source': 'During the Black Death persecutions (1348-49), the community suff...'}]",
2178,INOWLODZ,Lodz,Poland,,jews_arrived,1537,Jews first settled here in 1537,[],[],
2179,INOWROCLAW,Poznan,Poland,,first_mention,1447,Jews are first mentioned in 1447,[],"[{'event': 'Swedish invasion and pogrom', 'year': '1656', 'impact': 'pogrom by troops of Stefan Czarn...', 'source': 'The Swedish invasion of 1656 and the subsequent pogrom'}]",
2180,INSTERBURG,East Prussia,Germany,Russia,jews_arrived,1834,The first Jew settled in I. in 1834,"[{'lang': 'rus', 'name': 'Chernyakhovsk'}]",[],
2181,INTURKE,Utena,Lithuania,,community_founded,17XX,The J. community began in the 18th cent.,[],[],
2182,IORDANESTI,Bukovina,Rumania,Ukraine,jews_arrived,18LX,Jews settled in the late 19th cent.,[],[],Belonged to the Storojineti community; no independent institutions
2183,IPATI,Thessaly,Greece,,community_present,1821,It numbered about 300 in 1821,"[{'lang': 'gre', 'name': 'Ypati'}]","[{'event': 'Greek Revolution', 'year': '1821', 'impact': 'J. quarter destroyed', 'source': 'The J. quarter was destroyed in the Greek revol...'}]",
2184,IRAKLIO,Crete,Greece,,jews_present,11XX,Jews were present in the 12th cent.,[],[],
2185,IREGSZEMCSE,Tolna,Hungary,,POP,1880,Jews numbered 160 in 1880,[],[],
2186,IRPEN,Kiev,Ukraine,,POP,1939,The J. pop. in 1939 was 247,[],[],
2187,IRSAVA,Carpatho-Russia,Czechoslovakia,,jews_arrived,17EX,Jews probably settled in the first half of the 18th cent.,"[{'lang': 'hun', 'name': 'Ilosva'}]",[],
2188,ISASZEG,Pest-Pilis-Solt-Kiskun,Hungary,,jews_arrived,17EX,Jews settled in the early 18th cent.,[],[],
2189,ISERLOHN,Westphalia,Germany,,first_mention,1230,A J. resident is first mentioned in 1230,[],"[{'event': 'Attacks by Lutherans', 'year': '18EX', 'impact': 'Jews attacked repeatedly', 'source': 'In the early 18th cent., Jews were attacked time and again by Lutheran'}]",
2190,ISLAN-TEREK,Crimea,Russia,,jews_arrived,19EX,Jews settled in the town in the 1920s,[],[],
2191,ISMAIL,Bessarabia,Rumania,Ukraine,jews_arrived,17LX,Jews first settled in the late 18th cent.,[],"[{'event': 'riot', 'year': '1872', 'impact': 'Jews attacked with support of authorities', 'source': 'On 24 Jan. 1872, Jews were accused of stealing goods and attacked by the local pop. with the support of the authori'}]",
2192,ISOLA,Slovenia,Yugoslavia,Republic of Slovenia,jews_arrived,1420,J. bankers settled in I. in 1420.,[],"[{'event': 'community disappeared', 'year': '1663', 'impact': 'none remained by 1663', 'source': 'none remained by 1663.'}]",
2193,ISPAS,Bukovina,Rumania,Ukraine,jews_arrived,18LX,Jews settled in the late 19th cent.,[],[],
2194,ISTRA,Moscow,Russia,,POP,,"In 1939, there were 117 Jews in the area, mostly in I.",[],[],
2195,ITCHKI,Crimea,Russia,Ukraine,community_present,19EX,"J. settlement here is connected with J. agricultural settlement in the area as a whole, which included Bet Lekhem, founded in 1924",[],[],
2196,ITTLINGEN,Baden,Germany,,jews_arrived,16LX,Jews first settled after the Thirty Years War (1618-48),[],[],
2197,IVANCICE,Moravia,Czechoslovakia,,jews_present,09XX,"According to one source, 157 Jews were already present in the tenth cent.","[{'lang': 'yid', 'name': 'Aybshitz'}]",[],
2198,IVANKOV,Kiev,Ukraine,,POP,1789,Jews numbered 73 in 1789,[],"[{'event': 'riots', 'year': '1917', 'impact': 'Jews attacked', 'source': 'In Nov. 1917, Jews were attacked in riots'}]",
2199,IVANOVICE NA HANE,Moravia,Czechoslovakia,,jews_present,15MX,Jews were present in the mid-16th cent.,[],[],
2200,IVESTI,Moldavia,Rumania,,jews_arrived,18MX,Jews settled here in the mid-19th cent.,[],"[{'event': 'evacuation', 'year': '1916', 'impact': 'Jews evacuated to Tecuci', 'source': 'In 1916 the Jews were evacuated to Tecuci'}]",
2201,IVNITSA,Zhitomir,Ukraine,,POP,1765,Jews numbered 88 in 1765,[],[],
2202,IWANIKI,Polesie,Poland,Belarus,community_founded,1851,I. was a J. farm settlement established in 1851,[],[],
2203,IWANISKA,Kielce,Poland,,community_founded,18MX,formed an organized community with its own synagogue in the mid-19th cent,[],[],
2204,IWIENIEC,Nowogrodek,Poland,Belarus,community_founded,17LX,The community dates from the late 18th cent.,[],[],
2205,IWJE,Nowogrodek,Poland,Belarus,jews_arrived,16EX,Jews settled in the early 17th cent.,[],[],
2206,IZABELIN,Bialystok,Poland,Belarus,jews_arrived,17MX,Jews settled in the mid-18th cent.,[],[],
2207,IZBICA,Lublin,Poland,,jews_arrived,17LX,The first J. families settled in the late 18th cent.,[],"[{'event': 'fire', 'year': '1863', 'impact': 'many lost homes and property', 'source': 'after many lost their homes and property in an 1863 f'}]",
2208,IZBICA KUJAWSKA,Lodz,Poland,,jews_arrived,16XX,Jews first settled here in the 17th cent.,[],[],
2209,IZDESHKOVO,Smolensk,Russia,,jews_arrived,19EX,Jews probably settled in the early 20th cent.,[],[],
2210,IZIUM,Kharkov,Ukraine,,POP,1897,Jews numbered 88 in 1897,[],[],
2211,IZKY,Carpatho-Russia,Czechoslovakia,Ukraine,jews_arrived,17LX,Jews probably arrived at the turn of the 18th cent.,"[{'lang': 'hun', 'name': 'Iszka'}]",[],
2212,IZLUCHISTOYE,Dnepropetrovsk,Ukraine,,community_founded,1822–1823,founded as a J. colony in 1822-23,[],"[{'event': 'pogroms', 'year': '', 'impact': 'many died of starvation and disease and in the pogroms', 'source': 'many dying of starvation and disease and in the pogroms'}]",
2213,IZRAILOVKA (I),Kirovograd,Ukraine,,community_founded,1807,A J. agricultural settlement was founded in 1807,[],[],
2214,IZRAILOVKA (II),Vinnitsa,Ukraine,,jews_present,1787,the village had six Jews in 1787,[],[],
2215,IZSAK,Pest-Pilis-Solt-Kiskun,Hungary,,jews_arrived,17EX,Jews settled in the early 18th cent.,[],"[{'event': 'White Terror', 'year': '1919–1921', 'impact': 'anti-Jewish gang violence', 'source': 'After WWI, during the White Terror, gang'}]",
2216,IZYASLAV,Kamenets-Podolski,Ukraine,,jews_present,16XX,Jews were present in large numbers in the 17th cent.,"[{'lang': 'eng', 'name': 'Zaslav'}]","[{'event': 'Chmielnicki massacres', 'year': '1648', 'impact': 'community suffered', 'source': ""In 1648 they suffered at the hands of Chmielnicki's Cossack troops""}, {'event': 'attacks', 'year': '1705–1708', 'impact': 'community suffered', 'source': 'in 1705-08 they'}]",
2217,JABLONEC NAD NISOU,Bohemia,Czechoslovakia,,jews_arrived,1770,Jews apparently arrived in 1770,[],[],
2218,JABLONICA,Slovakia,Czechoslovakia,Republic of Slovakia,jews_arrived,16LX,Jews arrived in the late 17th cent.,[],"[{'event': 'looting', 'year': '1848', 'impact': 'homes and stores looted by peasants', 'source': 'In 1848, local peasants looted their homes and stores'}]",
2219,JABLONKA KOSCIELNA,Bialystok,Poland,,jews_present,17XX,Jews were present from the 18th cent.,[],[],
2220,JABLONKA NIZNA,Lwow,Poland,Ukraine,POP,1921,The J. pop. in 1921 was 246,[],[],
2221,JABLONNA,Warsaw,Poland,,jews_arrived,18EX,Jews probably arrived in the early 19th cent.,[],[],
2222,JABLONOW (I),Stanislawow,Poland,Ukraine,community_present,17XX,The J. community dates from the 18th cent.,[],[],
2223,JABLONOW (II),Lwow,Poland,Ukraine,POP,1921,The J. pop. in 1921 was 103,[],[],
2224,JACOVCE,Slovakia,Czechoslovakia,Republic of Slovakia,first_mention,1746,Jews are mentioned in 1746,"[{'lang': 'hun', 'name': 'Jacz'}]",[],
2225,JADOVA,Bukovina,Rumania,,community_present,1890,A J. community existed here from 1890,"[{'lang': 'ger', 'name': 'Zadowa'}]",[],
2226,JADOW,Warsaw,Poland,,first_mention,17MX,J. settlers are mentioned in the 1760s,[],[],
2227,JAGIELNICA,Tarnopol,Poland,Ukraine,community_present,17XX,A J. community existed from the 18th cent.,[],[],
2228,JAKOWLEWO,Polesie,Poland,Belarus,community_founded,1849,was founded as a J. farm settlement in 1849,[],[],
2229,JALOWKA,Bialystok,Poland,Belarus,jews_arrived,17LX,Jews probably settled in the late 18th cent.,[],[],
2230,JANINA,Epirus,Greece,,community_present,13XX,A sizable Romaniot community ... existed in the 14th cent.,"[{'lang': 'gre', 'name': 'Ioannina'}]",[],
2231,JANK,Szatmar,Hungary,,jews_arrived,17LX,Jews settled in the late 18th cent.,[],[],
2232,JANOSHALMA,Bacs-Bodrog,Hungary,,jews_arrived,18EX,Jews settled in the early 19th cent.,[],[],
2233,JANOSHAZA,Vas,Hungary,,jews_arrived,17EX,Jews settled in the first half of the 18th cent.,[],[],
2234,JANOV,Vinnitsa,Ukraine,,POP,1765,Jews numbered 795 in 1765,[],"[{'event': 'pogrom', 'year': '11–15 July 1919', 'impact': '300 murdered', 'source': 'Three hundred were murdered in a pogrom on 11-15 July 1919'}]",
2235,JANOW (I),Lwow,Poland,Ukraine,first_mention,16EX,Jews are mentioned in the early 17th cent.,[],"[{'event': 'Chmielnicki massacres', 'year': '1648–1649', 'impact': 'community wiped out', 'source': 'wiped out in the Chmielnicki massacres of 1648-49'}]",
2236,JANOW (II),Tarnopol,Poland,Ukraine,first_mention,1628,Jews are first mentioned in 1628,[],[],
2237,JANOW (III),Lublin,Poland,,community_present,16XX,A J. community with a synagogue and cemetery existed by the 17th cent.,[],[],
2238,JANOW PODLASKI,Lublin,Poland,,community_present,17EX,"Jews were present in the early 18th cent., constituting an organized community with a synagogue and cemetery",[],[],
2239,JANOW POLESKI,Polesie,Poland,Belarus,community_founded,16MX,The J. community was formed around the mid-17th cent.,[],[],
2240,JANOW SOKOLSKI,Bialystok,Poland,,jews_arrived,17EX,The first Jews arrived in the early 18th cent.,[],[],
2241,JANOWIEC (I),Poznan,Poland,,POP,1871,The 19th cent. community reached a peak pop. of 199 ... in 1871.,[],[],
2242,JANOWIEC (II),Kielce,Poland,,jews_arrived,15MX,Jews settled in the mid-16th cent.,[],"[{'event': 'Swedish invasion', 'year': '1656', 'impact': 'Jews fled', 'source': 'fled ... following the Swedish invasion of 1656'}]",
2243,JARCZOW,Lublin,Poland,,POP,1863,Jews numbered 203 ... in 1863,[],[],
2244,JARMI,Szatmar,Hungary,,jews_arrived,17LX,Jews arrived at the turn of the 18th cent.,[],[],
2245,JAROCIN,Poznan,Poland,,jews_arrived,17LX,invited the Jews to settle in the second half of the 18th cent.,[],[],
2246,JAROSLAW,Lwow,Poland,,first_mention,1464,Jews are ... mentioned in 1464,[],[],
2247,JARYCZOW NOWY,Lwow,Poland,Ukraine,community_founded,17EX,a community was reestablished in the early 18th cent.,[],"[{'event': 'Tartar invasion', 'year': '1578', 'impact': 'first Jewish settlement destroyed', 'source': 'first J. settlement was destroyed in the Tartar invasion of 1578'}]",
2248,JASIENICA ROSIELNA,Lwow,Poland,,POP,1900,The J. pop. reached a peak of 546 ... in 1900,[],[],
2249,JASIENOW POLNY,Stanislawow,Poland,Ukraine,POP,1921,The J. pop. in 1921 was 109,[],[],
2250,JASINA,Carpatho-Russia,Czechoslovakia,Ukraine,jews_arrived,17MX,Jews probably settled in the first half of the 18th cent.,"[{'lang': 'hun', 'name': 'Korosmezo'}]",[],
2251,JASIONOWKA,Bialystok,Poland,Belarus,jews_arrived,16LX,Jews first settled in the latter 17th cent.,[],[],
2252,JASLISKA,Lwow,Poland,,jews_arrived,18EX,The first Jews settled in the early 19th cent.,[],[],
2253,JASLO,Cracow,Poland,,first_mention,13XX,Jews are mentioned in the 14th cent.,[],[],
2254,JASNOGORODKA,Kiev,Ukraine,,POP,1784,Jews numbered 60 in 1784,[],"[{'event': 'Pogrom', 'year': '1919-07-15', 'impact': 'Ukrainian gangs attacked Jews', 'source': 'On 15 July 1919, Ukrainian gangs attacked the Jews'}]",
2255,JASTROW,Posen-West,Germany,Poland,community_present,1771,By 1771 there was a J. community,"[{'lang': 'pol', 'name': 'Jastrowie'}]",[],
2256,JASZALSOSZENTGYORGY,Jasz-Nagykun-Szolnok,Hungary,,jews_arrived,1830,Jews arrived c. 1830,[],[],
2257,JASZAPATI,Jasz-Nagykun-Szolnok,Hungary,,jews_arrived,18EX,Jews settled in the 1830s,[],[],
2258,JASZAROKSZALLAS,Jasz-Nagykun-Szolnok,Hungary,,jews_arrived,18LX,Jews settled in the late 19th cent.,[],[],
2259,JASZBERENY,Jasz-Nagykun-Szolnok,Hungary,,jews_present,15XX,Jews lived in J. under the Turkish occupation in the 16th–17th cents.,[],[],
2260,JASZFENYSZARU,Jasz-Nagykun-Szolnok,Hungary,,community_present,18EX,A permanent J. settlement existed by the early 19th cent.,[],[],
2261,JASZKARAJENO,Pest-Pilis-Solt-Kiskun,Hungary,,jews_arrived,18MX,Jews settled in the mid-19th cent.,[],[],
2262,JASZKISER,Jasz-Nagykun-Szolnok,Hungary,,jews_arrived,1830,Jews arrived in 1830,[],[],
2263,JASZLADANY,Jasz-Nagykun-Szolnok,Hungary,,jews_arrived,1848,Jews were only allowed to settle in J. after 1848,[],[],
2264,JAUER,Lower Silesia,Germany,Poland,first_mention,1364,The first mention of Jews and a synagogue is in 1364,"[{'lang': 'pol', 'name': 'Jawor'}]",[],
2265,JAUNIJELGAVA,Zemgale,Latvia,,jews_arrived,1795,began to settle under Russian rule after 1795,"[{'lang': 'yid', 'name': 'Neyra'}]",[],
2266,JAWORNIK POLSKI,Lwow,Poland,,jews_present,18XX,Jews engaged mainly in farming in the 19th cent.,[],[],
2267,JAWORNIK RUSKI,Lwow,Poland,Ukraine,POP,1921,The J. pop. in 1921 was 105.,[],[],
2268,JAWOROW,Lwow,Poland,Ukraine,first_mention,15MX,Jews are mentioned from the mid-16th cent.,[],[],
2269,JAWORZNO,Cracow,Poland,,community_present,18MX,The J. settlement began to grow only in the mid-19th cent.,[],[],
2270,JAZLOWIEC,Tarnopol,Poland,Ukraine,community_present,15XX,The J. community dating from the 16th cent.,[],[],
2271,JEDLICZE,Lwow,Poland,/null,community_founded,19EX,The J. community became organized in the early 20th cent.,[],"[{'event': 'Pogrom', 'year': '/null', 'impact': '14 J. homes burned; J. stores looted', 'source': 'Rampaging peasants and army deserters burned 14 J. homes and looted J. stores'}]",/null
2272,JEDLINSK,Kielce,Poland,/null,community_founded,17LX,A small J. community attached to Radom was formed in the late 18th cent.,[],[],/null
2273,JEDWABNE,Bialystok,Poland,/null,community_present,17LX,A J. community began to develop in the late 18th cent.,[],[],/null
2274,JEJSE,Vilna,Poland,Belarus,jews_arrived,18MX,Twentyfive J. families settled on village farm land in the mid-19th cent.,[],[],/null
2275,JEKABPILS,Zemgale,Latvia,/null,jews_arrived,1795,only with the annexation to Russia in 1795 did J. merchants begin to settle,[],"[{'event': 'Expulsion', 'year': '1739', 'impact': 'few Jews present expelled', 'source': 'The few Jews who were present despite a residence ban were expelled in 1739'}]",/null
2276,JELENIEWO,Bialystok,Poland,/null,jews_present,1880,In 1880 about half the town's 659 inhabitants were Jews,[],[],/null
2277,JELGAVA,Zemgale,Latvia,/null,jews_present,16LX,a permanent settlement in the late 17th cent.,"[{'lang': 'yid', 'name': 'Mitau'}]",[],/null
2278,JELKA,Slovakia,Czechoslovakia,Republic of Slovakia,jews_arrived,18EX,Jews arrived in the early 18th cent.,"[{'lang': 'hun', 'name': 'Joka'}]",[],/null
2279,JELSAVA,Slovakia,Czechoslovakia,Republic of Slovakia,jews_arrived,18MX,Jews settled in the mid-19th cent. after residence restrictions were lifted,[],[],/null
2280,JEMNICE,Moravia,Czechoslovakia,/null,first_mention,1336,The community is first mentioned in 1336,[],"[{'event': 'Armleder massacres', 'year': '1336–1339', 'impact': 'community affected', 'source': 'in connection with the Armleder massacres of 1336-39'}]",/null
2281,JENA,Thuringia,Germany,/null,jews_present,14MX,Jews lived in J. from the mid-14th century,[],"[{'event': 'Residence ban', 'year': '1536–1790', 'impact': 'Jews not allowed to settle', 'source': 'From 1536 to 1790, Jews were not allowed to settle in J.'}]",/null
2282,JENDRZEJOW,Kielce,Poland,/null,jews_arrived,1862,Jews first settled after Czar Alexander lifted residence restrictions in 1862,[],[],/null
2283,JEREMICHE,Nowogrodek,Poland,Belarus,jews_arrived,15LX,Jews presumably settled in the late 16th cent.,[],[],/null
2284,JESBERG,Hesse-Nassau,Germany,/null,community_founded,17XX,Established in the 18th cent.,[],[],/null
2285,JESSNITZ,Anhalt,Germany,/null,first_mention,1680,first evidence... is the establishment of a cemetery in 1680,[],[],/null
2286,JEVER,Oldenburg,Germany,/null,community_founded,1779–1780,only permitted to establish a religious community in 1779-80,[],[],/null
2287,JEVICKO,Moravia,Czechoslovakia,,jews_present,13XX,Jews are believed to have been present in the 14th cent.,[],[],
2288,JEZIERNA,Tarnopol,Poland,Ukraine,jews_arrived,18LX,The permanent J. settlement began to develop in the second half of the 19th cent.,"[{'lang': 'yid', 'name': 'Azierna'}]",[],
2289,JEZIERNICA,Nowogrodek,Poland,Belarus,jews_present,17XX,Jews lived there in the 18th cent.,[],[],
2290,JEZIERZANKA,Tarnopol,Poland,Ukraine,POP,,The J. pop. in 1921 was 160.,[],[],
2291,JEZIERZANY,Tarnopol,Poland,Ukraine,jews_arrived,17LX,The permanent J. settlement dates from around the end of the 18th cent.,"[{'lang': 'yid', 'name': 'Aziran'}]",[],
2292,JEZIEZANY,Volhynia,Poland,Ukraine,jews_present,1700,Jews were present by 1700,[],[],
2293,JEZIORNA KROLEWSKA,Warsaw,Poland,,community_present,18XX,A J. community is known from the 19th cent.,[],[],
2294,JEZIORY,Bialystok,Poland,Belarus,jews_arrived,16LX,J. settlement commenced in the late 17th cent.,[],[],
2295,JEZOW,Lodz,Poland,,community_present,18XX,The J. community developed in the 19th cent.,[],[],
2296,JEZOWE,Lwow,Poland,,POP,,"The Jews numbered 161 (total 4,818) in 1921.",[],[],
2297,JEZUPOL,Stanislawow,Poland,Ukraine,community_founded,17MX,An organized J. community dates from the mid-18th cent.,"[{'lang': 'yid', 'name': 'Azipoli'}]",[],
2298,JIBOU,N. Transylvania,Rumania,,community_founded,18MX,A J. community was organized here in the 1840s.,"[{'lang': 'hun', 'name': 'Zsibo'}]",[],
2299,JICIN,Bohemia,Czechoslovakia,,first_mention,1362,A Street of the Jews is mentioned in 1362.,[],"[{'event': 'Expulsion', 'year': '1542', 'impact': 'expelled with the rest of the Jews in the state', 'source': 'The Jews were expelled in 1542 with the rest of the Jews in the state'}, {'event': 'Return', 'year': '1549', 'impact': 'began to return', 'source': 'began to return in 1549'}]",
2300,JIDOVITA,N. Transylvania,Rumania,,jews_arrived,16EX,Galician Jews settled here in the early 17th cent.,"[{'lang': 'hun', 'name': 'Entradam'}, {'lang': 'yid', 'name': 'Unterdam'}]",[],
2301,JIEZNAS,Alytus,Lithuania,,jews_arrived,18EX,Jews first settled here in the beginning of the 19th cent.,"[{'lang': 'yid', 'name': 'Yezne'}]","[{'event': 'World War I expulsion', 'year': '1914–1918', 'impact': 'expelled; most returned after the war', 'source': 'During WWI the Jews were expelled; most returned after the war.'}]",
2302,JIHLAVA,Moravia,Czechoslovakia,,first_mention,1249,Jews are mentioned in 1249,[],[],
2303,JIMBOLIA,S. Transylvania,Rumania,,community_founded,1870,The J. community was founded in 1870.,"[{'lang': 'hun', 'name': 'Szombolya'}]",[],
2304,JINDRICHUV HRADEC,Bohemia,Czechoslovakia,,jews_arrived,12LX,Jews settled in the late 13th cent.,[],"[{'event': 'Residence restriction', 'year': '15XX', 'impact': 'limited to four families', 'source': 'Residence was restricted to four families in the 15th cent.'}]",
2305,JODLOWA,Cracow,Poland,,jews_arrived,17LX,Jews settled in the late 18th cent.,[],"[{'event': 'Looting', 'year': '1919', 'impact': 'looting spree against Jews', 'source': 'A spree of looting in 1919'}]",
2306,JODY,Vilna,Poland,Belarus,jews_arrived,1903,Jews apparently arrived only in 1903 owing to a previous residence ban.,[],[],
2307,JOEHLINGEN,Baden,Germany,,jews_arrived,17EX,The first J. settlers arrived in the first half of the 18th cent.,[],"[{'event': '1848 revolution riots', 'year': '1848', 'impact': 'Jewish homes attacked', 'source': 'J. homes were attacked in the rioting during the 1848 revolution.'}]",
2308,JOHANNISBURG,East Prussia,Germany,Poland,jews_arrived,18EX,Jews settled in J. in the first half of the 19th cent.,"[{'lang': 'pol', 'name': 'Pisz'}]",[],
2309,JONAVA,Kaunas,Lithuania,,jews_arrived,17XX,Jews first settled in the 18th cent.,[],"[{'event': 'Fire', 'year': '1893', 'impact': 'two synagogues destroyed', 'source': ""In 1893 a conflagration destroyed the J. community's two synagogues.""}]",
2310,JONISKELIS,Birzai,Lithuania,,jews_arrived,17XX,Jews first settled in the 18th cent.,"[{'lang': 'yid', 'name': 'Yonishkel'}]",[],
2311,JONISKIS (I),Utena,Lithuania,,jews_arrived,17XX,Jews first settled here in the 18th cent.,"[{'lang': 'yid', 'name': 'Yanishok'}]",[],
2312,JONISKIS (II),Siauliai,Lithuania,,jews_arrived,17XX,Jews first settled in the 18th cent.,"[{'lang': 'yid', 'name': 'Yanishok'}]",[],
2313,JORDANOW,Cracow,Poland,,community_present,18EX,An organized J. community existed in the early 19th cent.,[],[],
2314,JOSEFOW NAD WISLA,Lublin,Poland,,jews_arrived,1765,Jews settled when J. received municipal status in 1765.,[],[],
2315,JOSVAINIAI,Kedainiai,Lithuania,,jews_arrived,16XX,Jews first settled here in the 17th cent.,"[{'lang': 'yid', 'name': 'Yosven'}]",[],
2316,JOVRA,Carpatho-Russia,Czechoslovakia,Ukraine,jews_arrived,17EX,Jews probably settled in the first half of the 18th cent.,"[{'lang': 'hun', 'name': 'Odar ma'}, {'lang': 'hun', 'name': 'Darma'}, {'lang': 'yid', 'name': 'Jure'}]",[],
2317,JOZEFIN,Volhynia,Poland,Ukraine,POP,1921,"The J. pop. in 1921 was 322 (total 1,227).",[],[],
2318,JOZEFOW,Lublin,Poland,,community_present,16LX,A small J. community existed in the late 17th cent.,[],[],
2319,JUDENDORF,Nikolaiev,Ukraine,,community_founded,1871,founded as a J. colony in 1871,"[{'lang': 'rus', 'name': 'Chkalovo'}]",[],
2320,JUECHEN,Rhineland,Germany,,first_mention,1679,first Jew ... received a letter of protection in 1679,[],[],
2321,JUELICH,Rhineland,Germany,,first_mention,12XX,martyrs are mentioned in the 13th cent.,[],"[{'event': 'Black Death persecutions', 'year': '1349', 'impact': 'community destroyed; property expropriated', 'source': 'destroyed in 1349 during the Black Death persecutions and its property expropriated'}]",
2322,JUGENHEIM,Hesse,Germany,,POP,1861,Numbering 67 (6% of the total) in 1861,[],"[{'event': 'antisemitism', 'year': '1880s', 'impact': 'community declined', 'source': 'fell victim to antisemitism in the 1880s'}, {'event': 'community disbanded', 'year': '1927', 'impact': 'community disbanded', 'source': 'disbanded in 1927'}]",
2323,JUODUPE,Rokiskis,Lithuania,,POP,1923,The J. pop. in 1923 was 194,"[{'lang': 'yid', 'name': 'Yodupis'}]",[],
2324,JURBARKAS,Raseiniai,Lithuania,,jews_arrived,16XX,Jews first settled in the 17th cent.,[],[],
2325,KABA,Hajdu,Hungary,,jews_arrived,18EX,Jews settled in the early 19th cent.,[],[],
2326,KADAN,Bohemia,Czechoslovakia,,first_mention,13EX,mentioned in the first half of the 14th cent.,[],[],
2327,KADARKUT,Somogy,Hungary,,jews_arrived,17LX,Jews arrived in the late 18th cent.,[],[],
2328,KADINO,Smolensk,Russia,,jews_arrived,16XX,settlement probably commenced in the 17th cent.,[],[],
2329,KADZIDLO,Bialystok,Poland,,jews_arrived,18EX,settlement began in the early 19th cent.,[],[],
2330,KAGANOVICHI-KHABNOYE,Kiev,Ukraine,,POP,1765,Jews numbered 80 in 1765,[],"[{'event': 'attack by White Army (Denikin)', 'year': 'March 1918', 'impact': 'Jews attacked', 'source': ""attacked by Anton Denikin's White Army troops""}, {'event': 'Petlyura gangs pogrom', 'year': '30 July 1919', 'impact': 'Jews attacked', 'source': 'on 30 July 1919 by the Petlyura gangs'}]",
2331,KAGAROLIK,Kiev,Ukraine,,POP,1765,Jews numbered 21 in 1765,[],"[{'event': 'cemetery destruction', 'year': 'Fall 1917', 'impact': 'Jewish cemetery destroyed', 'source': 'local villagers destroyed the J. cemetery'}, {'event': 'attack by White Army (Denikin)', 'year': 'Aug. 1919', 'impact': 'Jews beaten and robbed', 'source': ""Anton Denikin's White Army troops beat and robbed""}]",
2332,KAHOVKA,Nikolaiev,Ukraine,,jews_arrived,18EX,probably settled in the first half of the 19th cent.,[],[],
2333,KAIROUAN,Kairouan,Tunisia,,jews_arrived,670,arrived from Egypt with the founding of the city in 670,[],[],
2334,KAISERSESCH,Rhineland,Germany,,jews_present,1856,first available demographic evidence 13 Jews were living in K. in 1856,[],[],
2335,KAISERSLAUTERN,Palatinate,Germany,,first_mention,1293,Jews are first mentioned in 1293,[],"[{'event': 'attacks and expulsion', 'year': '1349', 'impact': 'Jews attacked and expelled', 'source': 'attacked and expelled from the city in the disturbances of 1349'}, {'event': 'attacks and expulsion', 'year': '1383', 'impact': 'Jews attacked and expelled', 'source': 'attacked and expelled from the city in the disturbances of 1383'}, {'event': 'ban', 'year': '1395', 'impact': 'Jews permanently banned', 'source': 'in 1395 were permanently banned'}]",
2336,KAISIADORYS,Troki,Lithuania,,jews_arrived,18LX,Jews settled... shortly after it was founded in the second half of the 19th cent.,"[{'lang': 'yid', 'name': 'Koshedar'}]",[],
2337,KAL,Heves,Hungary,,POP,1930,The J. pop. was 130 in 1930,[],[],
2338,KALDENKIRCHEN,Rhineland,Germany,,first_mention,1721–1722,The first Jew is mentioned in 1721-22,[],[],
2339,KALININ,Kalinin,Russia,,jews_arrived,18MX,Jews settled in the mid-19th cent,"[{'lang': 'rus', 'name': 'Tver'}]",[],
2340,KALININDORF (I),Crimea,Russia,Ukraine,community_founded,1920s,founded... in the 1920s as a J. agricultural settlement,[],[],
2341,KALININDORF (II),Nikolaiev,Ukraine,,community_founded,1790,founded in 1790 as the first J. colony in the Ukraine,"[{'lang': 'heb', 'name': 'Sede Menuha'}]",[],
2342,KALINKOVICHI,Polesie,Belorussia,,POP,1811,The J. pop. was 108 in 1811,[],[],
2343,KALINOVKA,Vinnitsa,Ukraine,,jews_present,1765,Four Jews were present in 1765,[],"[{'event': 'pogrom', 'year': 'March 1919', 'impact': 'Jews attacked', 'source': 'Jews were attacked in a pogrom in March 1919'}]",
2344,KALINY,Carpatho-Russia,Czechoslovakia,Ukraine,jews_arrived,17EX,Jews probably settled in the first half of the 18th cent.,"[{'lang': 'hun', 'name': 'Alsokalinfalva'}]",[],
2345,KALISZ,Lodz,Poland,,jews_arrived,1139,Jews... settled in K. in 1139,[],[],
2346,KALKAR,Rhineland,Germany,,jews_present,13XX,Jews were living in K. in the 14th cent.,[],[],
2347,KALL,Rhineland,Germany,,POP,18MX,The J. pop. was about two dozen from the mid-19th cent.,[],[],
2348,KALLIES,Pomerania,Germany,Poland,jews_present,1770,Three J. families were living in K. in 1770,"[{'lang': 'pol', 'name': 'Kalisz Pomorski'}]",[],
2349,KALLOSEMJEN,Szabolcs,Hungary,,jews_arrived,17MX,Jews arrived in the mid-18th cent.,[],[],
2350,KALNIBOLOTA,Kirovograd,Ukraine,,jews_arrived,18EX,Jews probably settled in the first half of the 19th cent.,[],[],
2351,KALNIK,Carpatho-Russia,Czechoslovakia,Ukraine,jews_arrived,18EX,J. settlement commenced in the early 19th cent.,"[{'lang': 'hun', 'name': 'Beregsarret'}]",[],
2352,KALOCSA,Pest-Pilis-Solt-Kiskun,Hungary,,community_founded,1853,an organized community only existed from 1853,[],[],
2353,KALTINENAI,Taurage,Lithuania,,jews_arrived,18MX,Jews first settled in the middle of the 19th cent.,"[{'lang': 'yid', 'name': 'Kaltinan'}]",[],
2354,KALUGA,Tula,Russia,,jews_arrived,18MX,Jews probably settled toward the mid-19th cent.,[],[],
2355,KALUS,Kamenets-Podolski,Ukraine,,POP,1765,Jews numbered 30 in 1765,[],"[{'event': 'Cossack attack', 'year': 'April 1920', 'impact': 'Jews attacked', 'source': 'In April 1920 Cossacks attacked the Jews.'}]",
2356,KALUSKA WOLA,Warsaw,Poland,,POP,1921,The J. pop. in 1921 was 299 (total 604).,[],[],
2357,KALUSZ,Stanislawow,Poland,Ukraine,jews_arrived,15MX,J. settlement dates from the mid-16th cent.,[],[],
2358,KALUSZYN,Warsaw,Poland,,community_present,17EX,A J. community is known from the early 18th cent.,[],[],
2359,KALVARIJA,Marijampole,Lithuania,,jews_arrived,16XX,Jews first settled by the 17th cent.,"[{'lang': 'yid', 'name': 'Kalvarye'}]",[],
2360,KALWARIA ZEBRZYDOWSKA,Cracow,Poland,,community_present,,Jews numbered ...,[],[],
2361,KAMAJAI,Rokiskis,Lithuania,,jews_arrived,16XX,Jews first settled in the 17th cent.,"[{'lang': 'yid', 'name': 'Kamai'}]",[],
2362,KAMEN (I),Vitebsk,Belorussia,,POP,1811,Jews numbered 38 in 1811,[],[],
2363,KAMEN (II),Westphalia,Germany,,community_founded,17XX,The modern community began in the 18th century.,[],[],
2364,KAMENETS-PODOLSKI,Kamenets-Podolski,Ukraine,,first_mention,1447,Jews are first mentioned in 1447.,[],"[{'event': 'Chmielnicki massacres', 'year': '1648–1649', 'impact': 'about 10,000 Jews sought refuge in the fortress', 'source': 'About 10,000 Jews sought refuge in the local fortress during the Chmielnicki massacres of 1648-49.'}]",
2365,KAMENKA (I),,Moldavia,Republic of Moldova,POP,1897,"The J. pop. was 2,902 (total 6,746) in 1897",[],[],
2366,KAMENKA (II),Kirovograd,Ukraine,,jews_arrived,17EX,Jews settled in the first half of the 18th cent. or slightly thereafter,[],"[{'event': 'Pogrom', 'year': '', 'impact': '', 'source': 'In a pogrom on 6 N'}]",
2368,KAMENNI-BROD,Zhitomir,Ukraine,,jews_present,17XX,Small numbers of Jews resided in K. in the 18th cent.,[],"[{'event': 'pogrom', 'year': '1919-07-10', 'impact': 'about 250 murdered', 'source': 'About 250 were murdered in a pogrom on 10 July 1919'}]",
2369,KAMENSK-SHAKHTYNSKI,Rostov,Russia,,jews_arrived,19EX,Jews probably settled in the early 20th cent.,[],[],
2370,KAMIEN,Lwow,Poland,,POP,1921,"The J. pop. in 1921 was 201 (total 4,703)",[],[],
2371,KAMIENCZYK,Warsaw,Poland,,jews_present,15XX,Small numbers of Jews lived in K. from the 16th cent.,[],[],
2372,KAMIENICA,Silesia,Poland,,POP,1921,The J. pop. in 1921 was 118,[],[],
2373,KAMIENIEC LITEWSKI,Polesie,Poland,Belarus,jews_present,15EX,Jews were present from the early 16th cent.,[],[],
2374,KAMIEN KOSZYRSKI,Volhynia,Poland,Ukraine,first_mention,1569,Jews are first mentioned in 1569,[],"[{'event': 'fire', 'year': '1904', 'impact': 'most Jewish homes destroyed', 'source': 'Most of their homes were destroyed by fire in 1904'}]",
2375,KAMIENSK,Lodz,Poland,,jews_arrived,17LX,Jews settled here in late 18th cent.,[],[],
2376,KAMIONKA (I),Tarnopol,Poland,Ukraine,POP,1921,The J. pop. in 1921 was 103,[],[],
2377,KAMIONKA (II),Bialystok,Poland,Belarus,jews_present,18LX,Jews formed a majority in the late 19th cent.,[],"[{'event': 'concession canceled', 'year': '1929', 'impact': 'Polish government canceled their concession', 'source': 'Until the Polish government canceled their concession in 1929'}]",
2378,KAMIONKA (III),Lublin,Poland,,jews_present,14LX,A few Jews were present in the late 15th cent.,[],"[{'event': 'Swedish invasion', 'year': 'mid-17th cent.', 'impact': 'most Jewish homes burned; community growth curtailed', 'source': 'The growth of the community was curtailed by the Swedish invasion of the mid-17th cent., with most J. homes being bu'}]",
2379,KAMIONKA STRUMILOWA,Tarnopol,Poland,Ukraine,first_mention,1456,Jews are first mentioned in 1456,[],"[{'event': 'privileges granted', 'year': 'late 16th cent.', 'impact': 'unrestricted residence and commercial rights', 'source': 'in the late 16th cent. received unrestricted residence and commercial rights'}]",
2380,KAMPEN,Overijssel,Holland,,jews_present,13XX,Jews were present in the 14th cent. (until 1349-50),[],"[{'event': 'Black Death persecutions', 'year': '1349–1350', 'impact': 'community ended', 'source': 'until 1349-50'}, {'event': 'equal civil rights granted', 'year': 'mid-17th cent.', 'impact': 'Portuguese Jews received equal civil rights; community soon disappeared', 'source': 'in the mid-17th cent. when Portuguese Jews received equal civil rights. This community soon disappeared'}]",
2381,KAMYANKA,Dnepropetrovsk,Ukraine,,community_founded,1809,K. was founded as a J. colony in 1809,[],[],
2382,KAMYK,Kielce,Poland,,jews_present,18EX,There were 27 J. families here in the early 19th cent.,[],"[{'event': 'synagogue erected', 'year': '1882', 'impact': '', 'source': 'A synagogue was erected in 1882'}]",
2383,KANCZUGA,Lwow,Poland,,jews_present,1597,Jews were present from 1597,[],[],
2384,KANDAVA,Courland,Latvia,:null,jews_arrived,1795,Jews settled shortly after the Russian annexation in 1795,"[{'lang': 'ger', 'name': 'Kandau'}]",[],:null
2385,KANIEW,Kiev,Ukraine,:null,POP,1765,Jews numbered 98 in 1765,[],"[{'event': 'Haidamak attacks', 'year': '1768', 'impact': 'community emptied; no Jews remained', 'source': 'following attacks by the Haidamaks, not a single Jew remained'}]",:null
2386,KANTAKUZOVKA,Odessa,Ukraine,:null,POP,1897,"Jews numbered 912 (total 2,132) in 1897",[],"[{'event': 'pogrom', 'year': '14–16 April 1897', 'impact': ':null', 'source': 'A pogrom was staged on 14-16 April 1897'}]",:null
2387,KANTORJANOSI,Szatmar,Hungary,:null,jews_arrived,17LX,Jews settled in the late 18th cent.,[],"[{'event': 'World War I losses', 'year': '1914–1918', 'impact': '50 perished', 'source': 'In WWI, 50 perished'}]",:null
2388,KAPCIAMIESTIS,Sejny,Lithuania,:null,jews_arrived,18EX,Jews probably first settled at the beginning of the 19th,"[{'lang': 'yid', 'name': 'Koptsheve'}]",[],:null
2389,KAPLAVA,Courland,Latvia,:null,POP,1935,The J. pop. in 1935 was ten,[],[],:null
2390,KAPOLNASNYEK,Fejer,Hungary,:null,jews_arrived,18EX,Jews from Buda settled in the early 19th cent.,[],[],:null
2391,KAPOSVAR,Somogy,Hungary,:null,jews_present,18MX,The J. settlement began to develop in the mid-19th cent.,[],[],:null
2392,KAPUVAR,Sopron,Hungary,:null,jews_arrived,17EX,Jews arrived ... in the early 18th cent.,[],[],:null
2393,KARACHEV,Oriol,Russia,:null,jews_arrived,18LX,Jews probably arrived in the late 19th cent.,[],[],:null
2394,KARAD,Somogy,Hungary,:null,jews_arrived,17EX,A few Jews settled in the first half of the 18th cent.,[],[],:null
2395,KARASUBAZAR,Crimea,Russia,Ukraine,community_present,13XX,A J. community existed in the 14th cent.,[],[],:null
2396,KARBACH,Lower Franconia,Germany,:null,first_mention,1726,Jews are mentioned in 1726,[],[],:null
2397,KARCAG,Jasz-Nagykun-Szolnok,Hungary,:null,jews_arrived,1820,Jews settled c. 1820,[],[],:null
2398,KARCZEW,Warsaw,Poland,:null,jews_arrived,15EX,Jews settled in the early 16th cent.,[],[],:null
2399,KARDITSA,Cardisas,Greece,:null,jews_present,1928,"In 1928, 49 Jews lived in K.",[],[],:null
2400,KARLOVAC,/,Yugoslavia,Republic of Croatia,community_founded,1852,A J. community was established in 1852,"[{'lang': 'ger', 'name': 'Karlstadt'}]",[],
2401,KARLOVY VARY,Bohemia,Czechoslovakia,/,jews_present,1839,there were 71 Jews present in K. in 1839,[],[],
2402,KARLSRUHE,Baden,Germany,/,jews_arrived,1715,Jews arrived with a promise of equal rights when the city was founded in 1715,[],[],
2403,KARLSTADT,Lower Franconia,Germany,/,community_founded,18LX,The modern settlement commenced in the late 19th cent.,[],"[{'event': 'Rindfleisch massacres', 'year': '1298', 'impact': 'Jews were victims', 'source': 'Jews were victims of the Rindfleisch massacres of 1298'}]",
2404,KARPILOVKA,Polesie,Belorussia,/,POP,1789,Jews numbered 25 in 1789,[],[],
2405,KARPILOWKA,Volhynia,Poland,Ukraine,POP,1921,The J. pop. in 1921 was 92,[],[],
2406,KARSAVA,Latgale,Latvia,/,community_founded,18EX,The J. community was founded in the late 1820s,[],"[{'event': 'expulsion', 'year': '1843', 'impact': 'community expelled (~700 Jews)', 'source': ""they were expelled in 1843 by the proprietor of the town's lands""}]",
2407,KARVINA,Silesia,Czechoslovakia,/,jews_arrived,18XX,Jews settled ... in the 19th cent.,[],[],
2408,KASEJOVICE,Bohemia,Czechoslovakia,/,jews_present,1570,Jews were present in 1570,[],[],
2409,KASSEL,Hesse-Nassau,Germany,/,first_mention,1262,K. already had a J. quarter (Judengasse) in 1262,[],"[{'event': 'Black Death persecutions', 'year': '1348–1349', 'impact': 'most Jews perished', 'source': 'Most of the Jews perished in the Black Death persecutions of 1348-49'}]",
2410,KASSERINE,Kasserine,Tunisia,/,community_founded,19EX,A community of about 15 J. families ... was established in the 1920s,[],[],
2411,KASTELLAUN IM HUNSRUECK,Rhineland,Germany,/,first_mention,1862,"In the modern period, they are first mentioned in 1862",[],"[{'event': 'expulsion', 'year': '1380s', 'impact': 'apparently expelled', 'source': 'Jews were present in the 14th cent. and apparently expelled in the 1380s'}]",
2412,KASTORIA,Macedonia,Greece,/,jews_arrived,05XX,J. settlement in K. dates back to the sixth cent. ce,[],"[{'event': 'population transfer to Istanbul', 'year': '1453', 'impact': 'most of the Romaniot community transferred', 'source': 'In 1453, the Ottomans transferred most of the Romaniot community to Istanbul'}]",
2413,KASZOWKA,Volhynia,Poland,Ukraine,jews_present,16MX,Jews were present before the Chmielnicki massacres of 1648-49,[],"[{'event': 'World War I', 'year': '1914–1918', 'impact': 'most fled; 15 remained afterward', 'source': 'numbered fewer than 500 in the late 19th cent. and 15 after most fled in WWI'}]",
2414,KATERBURG,Volhynia,Poland,Ukraine,POP,1897,Jews numbered 693 in 1897,[],[],
2415,KATERINI,Pierias,Greece,/,POP,1904,The J. pop. in 1904 was 80,[],[],
2416,KATERYNYPOL,Kiev,Ukraine,,POP,1897,"Jews numbered 1,980 ... in 1897","[{'lang': 'rus', 'name': 'Yekaterynopol'}]",[],
2417,KATHERINOVKA,Zaporozhe,Ukraine,,community_present,20XX,A neighboring J. kolkhoz ... provided employment for some of the Jews of K.,[],[],
2418,KATOWICE,Silesia,Poland,,first_mention,1825,first mentioned ... in K. itself in 1825,"[{'lang': 'ger', 'name': 'Kattowitz'}]",[],
2419,KATSCHER,Upper Silesia,Germany,Poland,POP,1787,The J. pop. was 36 in 1787,"[{'lang': 'pol', 'name': 'Kietrz'}]",[],
2420,KAUKEHMEN,East Prussia,Germany,Russia,POP,1925,It had 73 members in 1925,"[{'lang': 'rus', 'name': 'Yasnoye'}]",[],
2421,KAUNAS,Kaunas,Lithuania,,jews_arrived,13LX,Jews first settled in the late 14th cent.,"[{'lang': 'yid', 'name': 'Kovno'}]",[],
2422,KAUNATA,Latgale,Latvia,,jews_arrived,19EX,Jews were probably among the town's original settlers in the early 20th cent.,"[{'lang': 'yid', 'name': 'Kovnat'}]",[],
2423,KAVALA,Macedonia,Greece,,jews_arrived,15XX,"settlement began in the 16th cent., when ... transferred Jews from Budapest",[],[],
2424,KAVARSKAS,Ukmerge,Lithuania,,jews_arrived,17LX,Jews first settled at the end of the 18th cent.,"[{'lang': 'yid', 'name': 'Kovarsk'}]",[],
2425,KAWECZYN SEDZISZOWSKI,Cracow,Poland,,POP,1921,The J. pop. in 1921 was 190,[],[],
2426,KAYDANOVO,Carpatho-Russia,Czechoslovakia,Ukraine,jews_arrived,18EX,J. settlement probably began in the early 19th cent.,"[{'lang': 'hun', 'name': 'Kajdano'}]",[],
2427,KAZANOW,Kielce,Poland,,POP,1857,Jews numbered 469 in 1857,[],[],
2428,KAZATIN,Vinnitsa,Ukraine,,jews_present,1765,Four Jews were present in 1765,[],[],
2429,KAZIMIERZA WIELKA,Kielce,Poland,,community_present,1921,A community of 293 Jews ... existed in 1921,[],[],
2430,KAZIMIERZ DOLNY,Lublin,Poland,,community_present,13MX,maintained an organized community during the reign of King Casimir the Great (1333–70),"[{'lang': 'yid', 'name': 'Kuzmir'}]",[],
2431,KAZLU-RUDA,Marijampole,Lithuania,,community_present,18LX,A J. community existed by the second half of the 19th cent.,"[{'lang': 'yid', 'name': 'Kazlove-Rude'}]",[],
2432,KCYNIA,Poznan,Poland,,jews_arrived,16XX,Jews settled in the 16th cent.,[],"[{'event': 'Destruction by Stefan Czarniecki’s troops', 'year': '17MX', 'impact': 'community destroyed', 'source': 'The community was destroyed by the troops of Stefan Czarniecki … in the mid-'}]",
2433,KEBILI,Southern Tunisia,Tunisia,,jews_arrived,19EX,"J. settlement in the early 20th cent., the first Jews coming from Gabes",[],"[{'event': 'Population', 'year': '1909', 'impact': 'community numbered 90 (18% of total)', 'source': 'By 1909, the J. community numbered 90 (18% of the total'}]",
2434,KECEL,Pest-Pilis-Solt-Kiskun,Hungary,,first_mention,17LX,Jews are mentioned in the late 18th cent.,[],"[{'event': 'Community organized', 'year': '1868', 'impact': 'community organized; synagogue later', 'source': 'The community organized in 1868, establishing a synagogue in 1882'}]",
2435,KECEROVSKE PEKLANY,Slovakia,Czechoslovakia,Republic of Slovakia,POP,18MX,The J. pop. was about 150 in the mid-19th cent.,[],"[{'event': 'Population', 'year': '1929', 'impact': 'population 50', 'source': 'dropping to 50 in 1929'}]",
2436,KECSKEMET,Pest-Pilis-Solt-Kiskun,Hungary,,jews_present,15XX,Jews were present under the Turks in the 16th cent.,[],"[{'event': 'Economic privilege', 'year': '1746', 'impact': 'exclusive rights to buy hides', 'source': 'In 1746, Jews were given exclusive rights to buy up hides'}]",
2437,KEDAINIAI,Kedainiai,Lithuania,,jews_arrived,14LX,Jews first settled at the late 15th cent.,"[{'lang': 'yid', 'name': 'Keidan'}]","[{'event': 'Expulsion', 'year': '', 'impact': 'expelled briefly, later allowed to return', 'source': 'They were expelled for a short time and then allowed to return.'}, {'event': 'Privileges granted', 'year': '16XX', 'impact': 'granted by Prince Radziwill', 'source': 'In the 17th cent. Prince Radziwill granted'}]",
2438,KEFALONIA,Ionian Islands,Greece,,jews_arrived,11XX,The first Jews to settle … lived in the 12th-13th cents.,[],"[{'event': 'Resettlement', 'year': '16XX', 'impact': 'Jews were brought to the island', 'source': 'Jews were brought to K. in the 17th cent'}]",
2439,KEHL AM RHEIN,Baden,Germany,,jews_arrived,1862,Jews first settled in 1862 after emancipation,[],"[{'event': 'Community founded', 'year': '1881', 'impact': 'community officially formed', 'source': 'A community was officially formed in 1881'}, {'event': 'Synagogue consecrated', 'year': '', 'impact': 'synagogue consecrated', 'source': 'a synagogue was consecrated in 18'}]",
2440,KELME,Raseiniai,Lithuania,,jews_arrived,15XX,Jews first settled in the 16th cent.,"[{'lang': 'yid', 'name': 'Kelm'}]",[],
2441,KELSTERBACH,Hesse,Germany,,POP,18MX,the community numbered 82 (7% of the total) in 1861,[],[],
2442,KEMECSE,Szabolcs,Hungary,,jews_arrived,17MX,Jews settled in the mid-18th cent.,[],[],
2443,KEMPEN,Rhineland,Germany,,community_present,1288,A J. community existed there before 1288,[],"[{'event': 'Oberwesel blood libel aftermath', 'year': '1288', 'impact': '20 local Jews murdered', 'source': 'In that year, 20 local Jews were murdered in the wake of the Oberwesel blood libel of 1287.'}, {'event': 'Black Death persecutions', 'year': '1348–1349', 'impact': 'community attacked', 'source': 'They were attacked again during the Black Death'}]",
2444,KEMPNO,Poznan,Poland,,jews_arrived,1674,Jews settled in 1674,[],"[{'event': 'Synagogue erected', 'year': '1689', 'impact': 'synagogue renowned for original design', 'source': 'The synagogue erected in 1689 became famous throughout Poland'}]",
2445,KEMPTEN,Swabia,Germany,,first_mention,13LX,Jews are mentioned in the late 14th … cents.,[],"[{'event': 'Community founded', 'year': '1870s', 'impact': 'modern community founded', 'source': 'The modern community was founded in the 1870s'}, {'event': 'Population', 'year': '1910', 'impact': '91 (total 21,001)', 'source': 'numbering 91 in 1910 (total 21,001)'}]",
2446,KERCH,Crimea,Russia,Ukraine,jews_arrived,18EX,Jews settled in the 1830s,[],"[{'event': 'Population', 'year': '1847', 'impact': '91 Jews', 'source': 'numbered 91 in 1847'}, {'event': 'Population', 'year': '1897', 'impact': '4,774 (total 33,347)', 'source': 'Their number then grew to 4,774 (total 33,347) in 1897'}, {'event': 'Institutions', 'year': '19MX', 'impact': 'talmud torah founded; later a library', 'source': 'A talmud torah was founded in the mid-19th cent. and later a library'}]",
2447,KERECKY,Carpatho-Russia,Czechoslovakia,,jews_arrived,18EX,Jews probably settled in the first half of the 19th cent.,"[{'lang': 'hun', 'name': 'Kerecke'}]","[{'event': 'Population', 'year': '1840', 'impact': '9 Jews', 'source': 'numbering nine in 1840'}, {'event': 'Population', 'year': '1880', 'impact': '75 (total 1,561)', 'source': '75 (total 1,561) in 1880'}, {'event': 'Population', 'year': '1921', 'impact': '252', 'source': 'In 1921 their pop. rose to 252'}]",
2448,KERPEN,Rhineland,Germany,,jews_present,1096,"During the First Crusade massacres of 1096, K. served as a place of refuge for Jews",[],"[{'event': 'Black Death persecutions', 'year': '1348–1349', 'impact': 'community destroyed', 'source': 'The J. community was destroyed in the Blac'}]",
2449,KESTRICH,Hesse,Germany,,community_present,1861,"The community, numbering 100 (25% of the total) in 1861",[],[],
2450,KESZTHELY,Zala,Hungary,,jews_arrived,17EX,J. merchants from Rohonc arrived in the early 18th cent.,[],[],
2451,KETHELY,Somogy,Hungary,,first_mention,1746,Jews are mentioned in the census of 1746,[],[],
2452,KETTENBACH,Hesse-Nassau,Germany,,community_founded,1760,The community built a synagogue in 1760,[],[],
2453,KETTWIG,Rhineland,Germany,,jews_arrived,17LX,Jews settled in the late 18th cent.,[],[],
2454,KETY,Cracow,Poland,,jews_arrived,1860,Permanent settlement commenced after the lifting of the residence ban in 1860,[],[],
2455,KEZMAROK,Slovakia,Czechoslovakia,Republic of Slovakia,jews_arrived,18MX,Jews settled in the mid-19th cent.,[],[],
2456,KHARKOV,Kharkov,Ukraine,,jews_arrived,19MX,Cantonists released from the Czar's army were allowed to settle,[],[],
2457,KHARTSIZK,Stalino,Ukraine,,jews_arrived,19EX,Jews settled in the early 20th cent.,[],[],
2458,KHASHCHEVATOYE,Odessa,Ukraine,,jews_arrived,17LX,Jews settled in the late 18th cent.,[],"[{'event': 'pogrom', 'year': '1918-04-22', 'impact': 'nine Jews injured', 'source': 'In a pogrom on 22 April 1918, nine Jews were injured'}]",
2459,KHERSON,Nikolaiev,Ukraine,,jews_arrived,17LX,About 220 Jews settled here in the late 18th cent.,[],[],
2460,KHISLAVICHI,Smolensk,Russia,,community_present,17MX,An organized community was already in existence in the mid-18th cent.,[],"[{'event': 'fire', 'year': '1880', 'impact': '100 Jewish families affected', 'source': 'A fire in 1880 left 100 J. fam'}]",
2461,KHMELEVOE,Kirovograd,Ukraine,,jews_arrived,18LX,Jews probably settled in the late 19th cent.,[],[],
2462,KHMELNIK,Vinnitsa,Ukraine,,jews_arrived,1565,J. settlement commenced in 1565,[],"[{'event': 'pogrom', 'year': '1919-07', 'impact': 'a number of Jewish lives lost', 'source': 'A number of J. lives were lost in a pogrom in July 1919'}]",
2463,KHODAKI,Zhitomir,Ukraine,,jews_present,17EX,A few Jews were present in the first half of the 18th cent.,[],"[{'event': 'Civil War violence', 'year': '1918–1921', 'impact': 'Jews were robbed', 'source': 'During the civil war (1918-21) Jews were robbed'}]",
2464,KHODORKOV,Zhitomir,Ukraine,,jews_arrived,1720,Jews appeared after the settlement ... was rebuilt in 1720,[],"[{'event': 'Chmielnicki massacres', 'year': '1648–1649', 'impact': 'settlement destroyed', 'source': 'settlement destroyed by Chmielnecki in the mid-17th cent.'}]",
2465,KHOINIKI,Polesie,Belorussia,,jews_arrived,17EX,Jews probably settled in the early 18th cent.,[],"[{'event': 'Balakhovich pogrom', 'year': '1920', 'impact': '', 'source': 'the Balakhovich brigade staged a pogrom in which 4'}]",
2466,KHOLM,Kalinin,Russia,,jews_arrived,19MX,Jews settled in the mid-19th cent.,[],[],
2467,KHOLMI,Chernigov,Ukraine,,jews_present,18LX,A few Jews were present in the late 19th cent.,[],[],
2468,KHOLMICH,Gomel,Belorussia,,jews_arrived,16LX,Jews probably settled in the late 17th cent.,[],[],
2469,KHOLOPENICHI,Minsk,Belorussia,,jews_arrived,1783,Jews began arriving after the town received economic privileges in 1783,[],[],
2470,KHOMS,Tripolitania,Libya,,jews_present,193,Jews were present in the Roman period during the reigns of Septimius Severus (193–211 C.E.),"[{'lang': 'ara', 'name': 'Homs'}]",[],
2471,KHOROL,Poltava,Ukraine,,jews_arrived,18EX,Jews settled in the early 19th cent.,[],[],
2472,KHOTIMSK,Mogilev,Belorussia,,community_founded,17LX,A synagogue was erected in the late 18th cent.,[],[],
2473,KHOTOVIZH,Mogilev,Belorussia,,POP,1880,The J. pop. was 122 (total 584) in 1880,[],[],
2475,KIBLITCH,Vinnitsa,Ukraine,,POP,1897,"The J. pop. in 1897 was 1,067",[],"[{'event': 'Pogrom', 'year': '1919', 'impact': 'violence in May 1919', 'source': 'A pogrom was staged in May 1919'}]",
2476,KIEL,Schleswig-Holstein,Germany,,POP,1766,"Numbering 37 in 1766, this ... J. community",[],[],
2477,KIELCE,Kielce,Poland,,jews_arrived,1819,Jews began settling in 1819,[],[],
2478,KIELCZYGLOW,Lodz,Poland,,jews_present,18MX,Jews were living here in the 1840s,[],[],
2479,KIEMIELISZKI,Vilna,Poland,Belarus,jews_arrived,18LX,Jews settled in the late 19th cent.,[],[],
2480,KIERNOZIA,Warsaw,Poland,,first_mention,18EX,Jews are mentioned in the early 19th cent.,[],[],
2481,KIEV,,Ukraine,,community_present,8EX,A Khazar community... existed in the first half of the ninth cent.,[],[],
2482,KIKINDA,Vojvodina,Yugoslavia,,jews_arrived,17MX,Jews arrived from the mid-18th cent.,"[{'lang': 'hun', 'name': 'Nagy-Kikinda'}]",[],
2483,KIKOL,Warsaw,Poland,,community_founded,18EX,An organized community existed from the first half of the 19th cent.,[],[],
2484,KILIKIEV,Kamenets-Podolski,Ukraine,,POP,1847,The J. pop. was 267 in 1847,[],[],
2485,KINGISEPP,Leningrad,Russia,,jews_arrived,19EX,Jews probably settled in the early 20th cent.,[],[],
2486,KIPPENHEIM,Baden,Germany,,first_mention,1654,Jews are first mentioned in 1654,[],"[{'event': ""Nine Years' War upheaval"", 'year': '1689', 'impact': 'Jews abandoned the village', 'source': 'abandoning the village in 1689 on the approach of the French in the Nine Years War'}]",
2487,KIRCHBERG I. HUNSRUECK,Rhineland,Germany,,community_present,12XX,A J. settlement existed in the 13th cent.,[],"[{'event': 'Persecution', 'year': '1287', 'impact': 'local Jews persecuted', 'source': 'subjected to several persecutions in 1287'}, {'event': 'Persecution', 'year': '1340', 'impact': 'local Jews persecuted', 'source': 'subjected to several persecutions in... 1340'}, {'event': 'Persecution', 'year': '1348–1349', 'impact': 'local Jews persecuted', 'source': 'subjected to several persecutions in... 1348-49'}]",
2488,KIRCHEN,Baden,Germany,,jews_arrived,1736,The first J. families arrived in 1736,[],"[{'event': 'Expulsion from Switzerland', 'year': '1736', 'impact': 'first families arrived after expulsion', 'source': 'arrived in 1736 after being expelled from Switzerland'}]",
2489,KIRCHHAIN,Hesse-Nassau,Germany,,jews_present,16XX,Jews lived there from the 17th cent.,[],[],
2490,KIRCHHEIM A. D. ECK,Palatinate,Germany,,community_present,18EX,A J. community... existed at the outset of the 19th cent.,[],[],
2491,KIRCHHEIMBOLANDEN,Palatinate,Germany,,jews_present,17EX,"In the early 18th cent., three J. families were permitted to reside",[],[],
2492,KIRF,Rhineland,Germany,,community_founded,18MX,"By mid-cent., an independent community was established",[],[],
2493,KIRN,Rhineland,Germany,,community_present,12XX,J. settlement already existed in the 13th cent.,[],"[{'event': 'Riots (Oberwesel blood libel aftermath)', 'year': '1287', 'impact': 'six Jews killed; Jews left the town', 'source': 'six were killed in riots in 1287... Jews left'}]",
2494,KIROV,Smolensk,Russia,,jews_arrived,18LX,Jews probably settled at the turn of the 19th cent.,[],[],
2495,KIROVOGRAD,Kirovograd,Ukraine,,jews_arrived,17EX,Jews settled in the early 18th cent.,[],[],
2496,KIRTORF,Hesse,Germany,,POP,1880,Numbering 66 (7% of the total) in 1880,[],[],
2497,KISBER,Kamarom,Hungary,,community_founded,1851,The community organized in 1851,[],[],
2499,KISIELIN,Volhynia,Poland,Ukraine,POP,1897,Jews numbered 873 in 1897,[],[],
2500,KISKOROS,Pest-Pilis-Solt-Kiskun,Hungary,,jews_arrived,17LX,Jews arrived ... in the late 18th cent.,[],[],
2501,KISKUNFELEGYHAZA,Pest-Pilis-Solt-Kiskun,Hungary,,jews_arrived,18MX,The first Jews arrived ... in the mid-19th cent.,[],[],
2502,KISKUNHALAS,Pest-Pilis-Solt-Kiskun,Hungary,,jews_arrived,17EX,J. settlement began in the early 18th cent.,[],[],
2503,KISKUNLACHAZA,Pest,Hungary,,community_founded,1860,The community was founded in 1860,[],[],
2504,KISKUNMAJSA,Pest-Pilis-Solt-Kiskun,Hungary,,jews_arrived,1840,Jews arrived in 1840,[],[],
2505,KISLETA,Szabolcs,Hungary,,first_mention,1747,Jews are mentioned in 1747,[],[],
2506,KISLOVODSK,Stavropol territory,Russia,,jews_arrived,18LX,Jews probably settled at the turn of the 19th cent.,[],[],
2507,KISPEST,,Hungary,,jews_arrived,18LX,Jews settled in the late 19th cent.,[],[],suburb of Budapest
2509,KISTARCSA,Pest-Pilis-Solt-Kiskun,Hungary,,jews_arrived,18LX,Jews settled in the late 19th cent.,[],[],
2510,KISTELEK,Csongrad,Hungary,,jews_present,17XX,Jews were present in the 18th cent.,[],[],
2511,KISTERENYE,Nograd,Hungary,,POP,1930,The J. pop. stood at 87 in 1930,[],[],
2512,KISUJSZALLAS,Jasz-Nagykun-Szolnok,Hungary,,jews_arrived,18LX,Jews were allowed to settle ... in the late 19th cent.,[],[],
2513,KISVARDA,Szabolcs,Hungary,,first_mention,1730,Jews are first mentioned in 1730,[],[],
2514,KISVARSANY,Szabolcs,Hungary,,jews_arrived,17LX,Jews settled in the late 18th cent.,[],[],
2515,KITAIGOROD (I),Vinnitsa,Ukraine,,POP,,"The J. pop. was 469 in 1765 and 735 (total 2,794) in 1897. In 1926, the J. pop. grew to 1,571.",[],[],
2516,KITAIGOROD (II),Kamenets-Podolski,Ukraine,,community_founded,16XX,"Jews settled in the 17th cent., forming an organized community.",[],[],
2517,KITTSEE,Burgenland,Austria,,community_founded,1600,when a synagogue and a J. cemetery were consecrated,[],[],
2518,KITZINGEN,Lower Franconia,Germany,,community_present,11MX,An organized J. community existed in the mid-12th cent.,[],[],
2519,KIWERCE,Volhynia,Poland,Ukraine,jews_arrived,19EX,Jews settled with the coming of the railroad in the early 20th cent.,[],[],
2520,KLADNO,Bohemia,Czechoslovakia,,jews_arrived,18EX,Jews settled in the early 19th cent.,[],[],
2521,KLAGENFURT,Carinthia,Austria,,first_mention,1162,A J. quarter (Judendorf) ... is first mentioned in 1162,[],[],
2522,KLATOVY,Bohemia,Czechoslovakia,,first_mention,13XX,Jews are mentioned in the 14th cent.,[],"[{'event': 'Residence ban', 'year': '', 'impact': 'residence banned until the mid-19th cent.', 'source': 'their residence was banned until the mid-19th cent.'}]",
2523,KLECK,Nowogrodek,Poland,Belarus,first_mention,1529,Jews are first mentioned in 1529.,[],[],
2524,KLECZEW,Lodz,Poland,,jews_arrived,17MX,J. settlement began in the mid-18th cent.,[],[],
2525,KLEINBARDORF,Lower Franconia,Germany,,first_mention,1574,Jews are first mentioned in 1574.,[],[],
2526,KLEINBOCKENHEIM,Palatinate,Germany,,jews_present,1848,Ten J. families (41 Jews) were present in 1848,[],[],
2527,KLEINEIBSTADT,Lower Franconia,Germany,,community_present,17MX,A J. community existed in the mid-18th cent.,[],[],
2528,KLEINEICHHOLZHEIM,Baden,Germany,,jews_present,17EX,Jews were present from the first quarter of the 18th cent.,"[{'lang': 'yid', 'name': 'Ikoldsheim'}]",[],
2529,KLEINHEUBACH,Lower Franconia,Germany,,first_mention,1349,Jews are first known from 1349,[],"[{'event': 'Black Death persecutions', 'year': '1349', 'impact': 'one Jew killed', 'source': 'when one was killed in the Black Death persecutions'}]",
2530,KLEIN-KROTZENBURG,Hesse,Germany,,POP,1880,"At its height, in 1880, the community numbered 37",[],[],
2531,KLEINLANGHEIM,Lower Franconia,Germany,,first_mention,1415,Jews are first mentioned in 1415,[],[],Subsequently formed a single community with Grosslangheim until the late 18th cent.
2532,KLEINSTEINACH,Lower Franconia,Germany,,first_mention,1453,Jews are first mentioned in 1453,[],[],"From the late 16th cent., the cemetery served numerous communities; in the 17th cent. it was the seat of the Grabf..."
2533,KLEINWALLSTADT,Lower Franconia,Germany,,community_present,17EX,A J. community existed in the early 18th cent.,[],[],
2534,KLENOVEC,Slovakia,Czechoslovakia,Republic of Slovakia,POP,1900,The J. pop. was 72 in 1900,[],[],
2535,KLESOW,Volhynia,Poland,Ukraine,jews_arrived,18LX,Jews settled near the new railroad station in the late 19th cent.,[],[],
2536,KLESZCZELE,Bialystok,Poland,,jews_arrived,15XX,Jews first arrived in the 16th cent.,[],"[{'event': 'de non tolerandis Judaeis privilege', 'year': '1688', 'impact': 'Jews continued to live there in small numbers', 'source': 'even after the de non tolerandis Judaeis privilege granted to the town in 1688'}]",
2537,KLESZCZOW,Lodz,Poland,,jews_present,17MX,Jews lived here from the mid-18th cent.,[],"[{'event': 'World War I expulsion', 'year': '1914–1918', 'impact': 'expelled by the Russians during WWI', 'source': 'They were expelled by the Russians during WWI'}]",
2538,KLETNYIA,Oriol,Russia,,jews_arrived,1881,Jews settled in 1881,"[{'lang': 'rus', 'name': 'Ludinka'}]",[],
2539,KLEVE,Rhineland,Germany,,jews_arrived,16XX,J. settlement was renewed in the 17th cent.,[],"[{'event': 'Black Death persecutions', 'year': '1349', 'impact': 'Jews expelled from the city', 'source': 'The Jews were expelled from the city in 1349 during the Black Death persecutions'}]",
2540,KLEWAN,Volhynia,Poland,Ukraine,jews_arrived,15XX,Jews settled in the 16th cent.,[],[],
2541,KLICANOVO,Carpatho-Russia,Czechoslovakia,Ukraine,jews_present,1768,Three J. families were present in 1768,"[{'lang': 'hun', 'name': 'Klacsano'}, {'lang': 'yid', 'name': 'Klitshanif'}]",[],
2542,KLICHEV,Mogilev,Belorussia,,POP,1794,The J. pop. was 97 in 1794,[],[],
2543,KLIMONTOW,Kielce,Poland,,jews_present,1655,They suffered grievously in the Swedish invasion of 1655,[],"[{'event': 'Swedish invasion', 'year': '1655', 'impact': ""community suffered grievously, attacks by Czarniecki's irregulars"", 'source': ""suffered grievously in the Swedish invasion of 1655, particularly from the depredations of Stefan Czarniecki's irregular""}]",
2544,KLIMOVICHI,Mogilev,Belorussia,,jews_arrived,17XX,J. settlement probably began in the 18th cent.,[],[],
2545,KLIMOVO,Oriol,Russia,,jews_present,17LX,Jews were present in the late 18th cent.,[],[],
2554,KNIAZDWOR,Stanislawow,Poland,Ukraine,POP,1921,The J. pop. in 1921 was 126.,[],[],
2555,KNIAZE,Stanislawow,Poland,Ukraine,POP,1921,The J. pop. in 1921 was 126.,[],[],
2556,KNIHYNICZE,Stanislawow,Poland,Ukraine,jews_arrived,17XX,The J. settlement dating from the 18th cent.,[],"[{'event': 'WWI emigration', 'year': '1914–1918', 'impact': 'emigration during WWI reduced the community', 'source': 'emigration during WWI su-'}]",
2563,KOBRYN,Polesie,Poland,Belarus,jews_present,1503,Jews were present before the expulsion from Lithuania in 1503,[],"[{'event': 'Chmielnicki massacres', 'year': '1648–1649', 'impact': 'many Jews killed', 'source': 'Many were killed by the Cossacks in the Chmielnicki massacres of 1648-49'}]",
2564,KOBYLECKA POLANA,Carpatho-Russia,Czechoslovakia,,jews_arrived,18MX,Jews probably settled in the mid-19th cent,"[{'lang': 'hun', 'name': 'Gyertyanliget'}]",[],
2565,KOBYLIN,Poznan,Poland,,community_present,1827,An organized community is mentioned in 1827,[],[],
2566,KOBYLNIK,Vilna,Poland,Belarus,jews_arrived,1807,Jews from the neighboring villages arrived in 1807–20,[],[],
2567,KOCBOROWO,Pomerania,Poland,,jews_present,17EX,A number of Jews were present in the early 18th cent.,[],[],
2568,KOCK,Lublin,Poland,,jews_arrived,16LX,Jews settled in the late 17th cent.,[],[],
2569,KOCSORD,Szatmar,Hungary,,jews_arrived,17LX,Jews settled in the late 18th cent.,[],[],
2570,KODEN,Lublin,Poland,,jews_arrived,17LX,Jews settled in the late 18th cent.,[],[],
2571,KODNIA,Zhitomir,Ukraine,,first_mention,1593,Jews are first mentioned in 1593,[],"[{'event': 'Chmielnicki massacres', 'year': '1648–1649', 'impact': 'Jews attacked', 'source': 'They were attacked in the Chmielnicki massacres of 1648-49'}]",
2572,KODRY,Kiev,Ukraine,,jews_present,18XX,A few dozen Jews lived in K. during the 19th cent.,[],"[{'event': 'Petlyura pogroms', 'year': '1919-07-13', 'impact': 'Jews attacked', 'source': 'On 13 July 1919, the Petlyura gangs attacked the Jews here'}]",
2573,KODYMA,Moldavia,Moldavia,Ukraine,community_present,18EX,A J. community existed by the early 19th cent.,[],[],
2574,KOENEN,Rhineland,Germany,,first_mention,1808,Jews are first mentioned in 1808,[],[],
2575,KOENIGHEIM,Baden,Germany,,community_founded,16LX,a community was only formed after the Thirty Years' War,[],"[{'event': 'Rindfleisch massacres', 'year': '1298', 'impact': '13th cent. community destroyed', 'source': 'The 13th cent. community was destroyed in the Rindfleisch massacres of 1298'}]",
2576,KOENIGSBACH,Baden,Germany,,jews_arrived,1699,The first three J. families settled in 1699,[],[],
2577,KOENIGSBERG,East Prussia,Germany,Russia,jews_arrived,16MX,J. settlement... began in the middle of the 17th [cent.],"[{'lang': 'rus', 'name': 'Kaliningrad'}]",[],
2578,KOENIGSBERG IN DER NEUMARK,Brandenburg,Germany,Poland,jews_present,1351,Jews were living... before 1351,"[{'lang': 'pol', 'name': 'Chojna'}]","[{'event': 'Persecution', 'year': '1351', 'impact': 'fell victim to persecution', 'source': 'in that year fell victim to persecution'}]",
2579,KOENIGSHOFEN-IM-GRABFELD,Lower Franconia,Germany,,first_mention,12LX,Jews were victims of the Rindfleisch massacres of 1298,[],"[{'event': 'Rindfleisch massacres', 'year': '1298', 'impact': 'Jews victimized', 'source': 'Jews were victims of the Rindfleisch massacres of 1298'}, {'event': 'Black Death persecutions', 'year': '1348–1349', 'impact': 'Jews victimized', 'source': 'Black Death disturbances of 1348-49'}]",
2580,KOENIGSTEIN,Hesse—Nassau,Germany,,first_mention,1301,"In 1301, ten J. families are mentioned",[],"[{'event': 'emigration/decline', 'year': '15XX', 'impact': 'Jews left for Frankfurt', 'source': 'Jews lived in the town in the 15th cent. but ultimately left for Frankfurt'}]",
2581,KOENIGSWINTER,Rhineland,Germany,,first_mention,1146,Jews are first mentioned in 1146,[],"[{'event': 'synagogue built', 'year': '1754', 'impact': 'first synagogue built', 'source': 'The first synagogue was built in 1754'}]",
2582,KOERDORF,Hesse-Nassau,Germany,,community_founded,1842,"Established in 1842, the community",[],"[{'event': 'synagogue renovated', 'year': '1844–1845', 'impact': 'old synagogue renovated', 'source': 'renovated its old synagogue in 1844-45'}]",
2583,KOESLIN,Pomerania,Germany,Poland,first_mention,1699,The first J. family was living in K. in 1699,"[{'lang': 'pol', 'name': 'Koszalin'}]","[{'event': 'prayer room', 'year': '1755', 'impact': 'prayer room existed', 'source': 'There was a prayer room in 1755'}]",
2584,KOETHEN,Anhalt,Germany,,jews_present,1620–1621,first evidence of a modern J. settlement with five families dates from 1620-21,[],"[{'event': 'community officially recognized', 'year': '1777', 'impact': 'officially recognized community', 'source': 'an officially recognized community was'}]",
2585,KOJETIN,Moravia,Czechoslovakia,,jews_arrived,11XX,"According to tradition, Jews arrived in the 12th cent.",[],"[{'event': 'community existing', 'year': '16MX', 'impact': 'community of several hundred by mid-16th cent.', 'source': 'By the mid-16th cent., a community of several hundred was in existence'}, {'event': 'Chmielnicki massacres', 'year': '1648–1649', 'impact': 'refugees arrived', 'source': 'Refugees fleeing the Chmielnicki massacr'}]",
2586,KOKA,Pest-Pilis-Solt-Kiskun,Hungary,,jews_arrived,18EX,Jews arrived in the early 19th cent.,[],"[{'event': 'synagogue established', 'year': '20EX', 'impact': 'Neologist community established a synagogue', 'source': 'The Neologist community established a synagogue in the beginning of the 20th cent.'}]",
2587,KOKAVA,Slovakia,Czechoslovakia,Republic of Slovakia,POP,1900,Jews numbered 111 in 1900,[],[],
2588,KOKHANOVO,Vitebsk,Belorussia,,POP,1897,The J. pop. was 637 (total 984) in 1897,[],[],
2589,KOKNESE,Livonia,Latvia,,POP,1935,The J. pop. in 1935 was 16,"[{'lang': 'ger', 'name': 'Kokenhausen'}]",[],
2590,KOLACZYCE,Cracow,Poland,,jews_present,18LX,Jews were present from the second half of the 19th cent.,"[{'lang': 'yid', 'name': 'Koloshitz'}]","[{'event': 'anti-Jewish riots', 'year': '1892', 'impact': 'riots shook the community', 'source': 'Anti-J. riots shook the community in 1892'}, {'event': 'anti-Jewish riots', 'year': '1898', 'impact': 'riots shook the community', 'source': 'Anti-J. riots shook the community in 1892 and 1898'}]",
2591,KOLAY,Crimea,Russia,Ukraine,jews_present,18LX,Jews were only accorded temporary residence rights in the late 19th cent.,[],"[{'event': 'residence rights expanded', 'year': '1903', 'impact': 'allowed to set...', 'source': 'In 1903, they were allowed to set'}]",
2592,KOLBERG,Pomerania,Germany,Poland,first_mention,1261,Jews are first mentioned in 1261,"[{'lang': 'pol', 'name': 'Kolobrzeg'}]","[{'event': 'community ended', 'year': '15XX', 'impact': '15th cent. community ended', 'source': 'The 15th cent. community came to an end when Jews'}]",
2593,KOLBIEL,Warsaw,Poland,,jews_arrived,17LX,Jews probably settled in the late 18th cent.,[],[],
2594,KOLBUSZOWA,Lwow,Poland,,jews_present,15EX,Jews were present from the beginning of the settlement in the early 16th cent.,"[{'lang': 'yid', 'name': 'Kolbsow'}]",[],
2595,KOLIN,Bohemia,Czechoslovakia,,community_present,,In the Middle Ages K. was one of the four J. communities,[],[],
2596,KOLKI,Volhynia,Poland,Ukraine,jews_arrived,15MX,Jews settled in the mid-16th cent.,[],"[{'event': 'Chmielnicki massacres', 'year': '1648–1649', 'impact': 'community destroyed', 'source': 'The community was destroyed in the Chmielnicki massacres of 1648-1649'}]",
2597,KOLNO,Bialystok,Poland,Belarus,jews_present,17MX,A few J. families were present in the mid-18th cent.,[],[],
2598,KOLO,Lodz,Poland,,jews_arrived,15XX,Jews first settled in the 16th cent.,"[{'lang': 'yid', 'name': 'Koyl'}]",[],
2599,KOLOCAVA,Carpatho-Russia,Czechoslovakia,Ukraine,jews_arrived,17MX,J. settlement probably began in the mid-18th cent.,"[{'lang': 'hun', 'name': 'Alsokalocsa'}]",[],
2600,KOLODNIYA,Smolensk,Russia,,jews_arrived,19EX,Jews probably arrived in the early 20th cent.,[],[],
2601,KOLOMYJA,Stanislawow,Poland,Ukraine,community_present,15XX,The J. community began to develop in the 16th cent.,[],[],
2602,KOLONIA IZAAKA,Bialystok,Poland,Belarus,community_founded,1849,K. was settled as a J. colony by 26 J. families in 1849,[],[],
2603,KOLONJA SYNAJSKA,Nowogrodek,Poland,Belarus,community_founded,1849,K. was founded in 1849 by eight J. families as a farm settlement,[],[],
2604,KOLTA,Slovakia,Czechoslovakia,Republic of Slovakia,jews_arrived,17EX,Jews probably settled in the early 18th cent.,[],[],
2605,KOLTYNIANY,Vilna,Poland,Belarus,community_present,18LX,numbered 23 families by the late 19th cent.,[],[],
2606,KOLUMNA,Lodz,Poland,,community_present,,"In the 1930s, the Radoshits hasidic rabbi had his court at this vacation resort",[],[],
2607,KOLUSZKI,Lodz,Poland,,jews_present,17XX,Jews lived here from the 18th cent.,[],[],
2608,KOLYSHKI,Vitebsk,Belorussia,,jews_arrived,17MX,J. settlement dates back to the mid-18th cent.,[],[],
2609,KOMADI,Bihar,Hungary,,jews_arrived,18EX,Jews were only allowed to settle in the early 19th cent.,[],[],
2610,KOMARGOROD,Vinnitsa,Ukraine,,POP,1765,Jews numbered 86 in 1765,[],[],
2611,KOMARICHI,Oriol,Russia,,jews_arrived,18MX,Jews probably settled in the mid-19th cent.,[],[],
2612,KOMARIN,Polesie,Belorussia,,POP,1897,The J. pop. was 547 (total 550) in 1897.,[],[],
2613,KOMARNO (I),Lwow,Poland,Ukraine,jews_arrived,15MX,Jews apparently settled in the 1530s,[],"[{'event': 'Chmielnicki siege', 'year': '1648', 'impact': 'Jews helped defend the town', 'source': ""defenders during the unsuccessful siege of 1648 by Chmielnicki's Cossack forces""}]",
2614,KOMARNO (II),Slovakia,Czechoslovakia,Republic of Slovakia,jews_present,,"Jews were apparently present in the Middle Ages, though not uninterruptedly.","[{'lang': 'hun', 'name': 'Komarom'}]",[],
2615,KOMAROM,Komarom,Hungary,,jews_arrived,8XX,dating from the Magyar conquest of the ninth cent.,[],[],
2616,KOMAROW,Lublin,Poland,,community_present,18EX,An organized community with a synagogue and cemetery existed by the first half of the 19th cent.,[],[],
2617,KOMAROWKA,Lublin,Poland,,jews_present,1883,Fifteen Jews were present in 1883,[],[],
2618,KOMJATICE,Slovakia,Czechoslovakia,Republic of Slovakia,jews_present,1738,One J. family was present in 1738,[],[],
2619,KOMOTINI,Thrace,Greece,,jews_arrived,15EX,settlement in K. began in the early 16th cent. when Jews from Adrianople and Salonika arrived,[],[],
2620,KOMSOMOLSKOYE,Vinnitsa,Ukraine,,first_mention,1648,Jews are first mentioned in 1648,[],"[{'event': 'Chmielnicki attack', 'year': '1648', 'impact': 'murdered a number of Poles and Jews', 'source': ""Chmielnicki's Cossacks attacked the local fortress and murdered a number of Poles and Jews""}]",
2621,KOMZETOVKA,Odessa,Ukraine,,community_founded,19EX,founded in the early 1920s as a J. colony,[],[],
2622,KONETSPOL,Odessa,Ukraine,,jews_present,1784,Nine Jews were present in 1784,[],[],
2623,KONIECPOL,Lodz,Poland,,jews_present,1764,"In 1764, 110 J. families inhabited 70 houses",[],[],
2624,KONIN,Lodz,Poland,,jews_arrived,14XX,About 180 Jews settled in the 15th cent.,[],[],
2625,KONOTOP,Sumy,Ukraine,,jews_present,18EX,About 80 Jews were present in the early 19th cent.,[],"[{'event': 'pogrom', 'year': '1881-04-29', 'impact': 'one Jew killed', 'source': 'In a pogrom occurring on 29 April 1881, one Jew was killed'}]",
2626,KONSKIE,Lodz,Poland,,jews_arrived,15XX,Jews first settled in the 16th cent.,[],[],
2627,KONSKOWOLA,Lublin,Poland,,jews_present,16XX,Jews were present in the 17th cent.,[],[],
2628,KONSTADT,Upper Silesia,Germany,Poland,POP,1787,The J. pop. was 86 in 1787,"[{'lang': 'pol', 'name': 'Wolczyn'}]",[],
2629,KONSTANCINEK,Warsaw,Poland,,POP,1921,The J. pop. in 1921 was 399,[],[],
2630,KONSTANTYNOW,Lodz,Poland,,jews_arrived,1830,Jews were granted permission to settle from 1830,[],[],
2631,KONSTANTYNOWO (I),Polesie,Poland,Ukraine,community_founded,1848,This J. farm settlement founded in 1848,[],[],
2632,KONSTANTYNOWO (II),Lublin,Poland,,community_present,17LX,An established community appears to have existed in the second half of the 18th cent.,[],[],
2633,KONSTANZ,Baden,Germany,,jews_arrived,12EX,Jews apparently settled in the first half of the 13th cent.,"[{'lang': 'yid', 'name': 'Kashnitz'}]","[{'event': 'persecution/expulsion', 'year': '1312', 'impact': '', 'source': 'In 1312 and again a few years later they wer'}]",
2634,KONYAR,Bihar,Hungary,,community_founded,1840,The community organized in 1840,[],[],
2635,KOPACZEWKA,Volhynia,Poland,Ukraine,POP,1921,The J. pop. in 1921 was 274,[],[],
2636,KOPASNOVO,Carpatho-Russia,Czechoslovakia,,jews_arrived,17LX,Jews apparently settled in the late 18th cent.,"[{'lang': 'hun', 'name': 'Gyernyes'}, {'lang': 'yid', 'name': 'Kapashne'}]",[],
2637,KOPATKEVICHI,Polesie,Belorussia,,POP,1811,The J. pop. was 54 in 1811,[],"[{'event': 'pogroms', 'year': '1920–1921', 'impact': '144 Jews murdered; many homes looted', 'source': 'In 1920- 21, 144 Jews were murdered and many J. homes l'}]",
2638,KOPAYGOROD,Vinnitsa,Ukraine,,POP,1765,The J. pop. was 337 in 1765,[],[],
2639,KOPRIVNICA,Croatia,Yugoslavia,Republic of Croatia,jews_arrived,16LX,J. settlement in K. began at the end of the 17th cent.,"[{'lang': 'hun', 'name': 'Kaproncza'}]",[],
2640,KOPRZYWNICA,Kielce,Poland,,jews_arrived,17LX,Jews settled under Austrian rule in the late 18th cent.,[],"[{'event': 'cholera epidemic', 'year': '1893', 'impact': 'many died', 'source': 'Many died in an 1893 cholera epidemic'}]",
2641,KOPTSEVICHI,Polesie,Belorussia,,POP,1926,"The J. pop. was 279 (total 1,056) in 1926",[],[],
2642,KOPYCZYNCE,Tarnopol,Poland,Ukraine,jews_arrived,16LX,Jews apparently settled in the late 17th cent.,[],[],
2643,KOPYL,Minsk,Belorussia,,first_mention,1720,Jews are first mentioned in 1720,"[{'lang': 'yid', 'name': 'Kopulia'}]","[{'event': 'Fire', 'year': 'April 1886', 'impact': 'hundreds of homes destroyed', 'source': 'the one in April 1886 destroyed hundreds of homes'}]",
2644,KOPYS,Vitebsk,Belorussia,,jews_arrived,16MX,Jews settled in the mid-17th cent.,[],"[{'event': 'Printing press founded', 'year': '1818', 'impact': 'very active J. printing press', 'source': 'A very active J. printing press was founded in 1818'}]",
2645,KORBACH,Hesse-Nassau,Germany,,POP,1782,Numbering 65 in 1782,[],[],
2646,KORCZYNA,Lwow,Poland,,jews_arrived,16EX,Jews settled in the first half of the 17th cent.,[],[],
2647,KORELICZE,Nowogrodek,Poland,Belarus,jews_arrived,16XX,J. settlement probably commenced in the 17th cent.,[],[],
2648,KORENOVSKAYA,Krasnodar territory,Russia,,community_present,19XX,J. families from the village,[],[],
2649,KORIUKOVKA,Chernigov,Ukraine,,jews_arrived,18XX,Jews settled in the 19th cent.,[],"[{'event': 'Pogrom', 'year': '1917', 'impact': '', 'source': 'A pogrom was staged in 1917'}]",
2650,KORMA,Gomel,Belorussia,,POP,1847,"The J. pop. was 1,175 in 1847",[],[],
2651,KORMEND,Vas,Hungary,,jews_present,1300,Jews enjoying equal rights were present by 1300,[],[],
2652,KORNIK,Poznan,Poland,,first_mention,16LX,Jews are first mentioned in the late 17th cent.,[],[],
2653,KORNIN,Zhitomir,Ukraine,,first_mention,1618,Jews are mentioned in 1618,[],"[{'event': 'Chmielnicki massacres', 'year': '1648–1649', 'impact': 'all Jews murdered', 'source': 'All were murdered in the Chmielnicki massacres of 1648-49'}, {'event': 'Pogrom', 'year': 'Aug. 1919', 'impact': '', 'source': ""In an Aug. 1919 pogrom, Petlyura's""}]",
2654,KORNITSA,Kamenets-Podolski,Ukraine,,jews_arrived,16XX,Jews settled in the 17th cent.,[],"[{'event': 'Tartar raid', 'year': '1649', 'impact': 'Jews massacred', 'source': 'In 1649, Tartars massacred the Jews of K. in a raid'}]",
2655,KOROLIVKA,Vinnitsa,Ukraine,,community_founded,1848,This J. colony was founded in 1848 by 235 settlers,[],"[{'event': 'Pogrom', 'year': 'April 1919', 'impact': 'many murdered', 'source': 'Many were murdered in a pogrom in April 1919'}]",
2656,KOROLOWKA,Tarnopol,Poland,Ukraine,jews_arrived,16LX,The J. settlement dates from the late 17th cent.,[],[],
2657,KORONOWO,Poznan,Poland,,jews_arrived,1772,Jews apparently settled only after the Prussian annexation in 1772,[],[],
2658,KOROP,Chernigov,Ukraine,,jews_present,1897,"The J. pop. was 673 (total 6,262) in 1897",[],"[{'event': 'Pogrom', 'year': '1917', 'impact': '', 'source': 'A pogrom was staged in 1917'}]",
2659,KOROPIEC,Tarnopol,Poland,Ukraine,first_mention,1635,Jews are first mentioned in 1635,[],[],
2660,KOROSLADANY,Bekes,Hungary,,jews_arrived,18LX,Jews settled in the late 19th cent.,[],[],
2661,KOROSTEN,Zhitomir,Ukraine,,first_mention,1618,"In 1618, a Jew is mentioned as the leaseholder",[],[],
2662,KOROSTISHEV,Zhitomir,Ukraine,,jews_arrived,15LX,Jews settled in the late 16th cent.,[],[],
2663,KORSCHENBROICH,Rhineland,Germany,,first_mention,1761,Jews are first mentioned as moneylenders in 1761,[],[],
2664,KORSHEVATA,Kiev,Ukraine,,jews_present,1763,Jews were present by 1763,[],[],
2665,KORSUN,Kiev,Ukraine,,jews_arrived,16XX,Jews settled in the 17th cent.,[],"[{'event': 'Cossack massacre', 'year': '1702', 'impact': 'about a quarter escaped', 'source': 'About a quarter of the community escaped a Cossack massacre in 1702'}, {'event': 'Haidamak attacks', 'year': '1734', 'impact': '27 murdered; property pillaged', 'source': 'In 1734, Haidamaks murdered 27 and pillaged J. property'}]",
2666,KORTELISY,Volhynia,Poland,Ukraine,POP,,60 J. families,[],[],
2667,KORYCIN,Bialystok,Poland,Belarus,jews_present,16EX,Jews were living in K. by the early 17th cent.,[],[],
2668,KORYTNICA,Volhynia,Poland,Ukraine,jews_arrived,15XX,Jews settled in the 16th cent.,[],"[{'event': 'Chmielnicki massacres', 'year': '1648–1649', 'impact': 'community suffered greatly', 'source': 'suffered greatly in the Chmielnicki massacres of 1648-49'}]",
2669,KORZEC,Volhynia,Poland,Ukraine,jews_arrived,15XX,Jews settled in the 16th cent.,"[{'lang': 'yid', 'name': 'Korets'}]","[{'event': 'Chmielnicki massacres', 'year': '1648–1649', 'impact': 'community suffered severely', 'source': 'suffered severely in the Chmielnicki massacres of 1648- 1649'}]",
2670,KOS,Dodecanese Islands,Greece,,jews_present,13XX,In the 14th cent. Romaniot Jews lived there,[],"[{'event': 'Expulsion', 'year': '1502', 'impact': 'Jews expelled', 'source': 'were expelled in 1502'}]",
2671,KOSELOVO,Carpatho-Russia,Czechoslovakia,Ukraine,jews_arrived,17LX,J. settlement probably began in the late 18th cent.,"[{'lang': 'hun', 'name': 'Keselymezo'}, {'lang': 'yid', 'name': 'Kasheli'}]",[],
2672,KOSHNYTSHA WIELIKAYA,Vinnitsa,Ukraine,,jews_present,1765,Four Jews were present in 1765,[],[],
2673,KOSICE,Slovakia,Czechoslovakia,Slovakia,jews_present,14XX,Jews were present in the 15th cent.,"[{'lang': 'yid', 'name': 'Kashoi'}, {'lang': 'hun', 'name': 'Kassa'}]",[],
2674,KOSINO,Carpatho-Russia,Czechoslovakia,Ukraine,jews_arrived,17EX,Jews from Galicia settled in the first half of the 18th cent.,"[{'lang': 'hun', 'name': 'Mezokaszony'}, {'lang': 'yid', 'name': 'Kasan'}]",[],
2675,KOSOVSKAYA POLYANA,Carpatho-Russia,Czechoslovakia,Ukraine,jews_arrived,18MX,Jews probably settled in the mid-19th cent.,"[{'lang': 'hun', 'name': 'Kaszomezo'}, {'lang': 'yid', 'name': 'Polien Kossovitski'}]",[],
2676,KOSOW (I),Stanislawow,Poland,Ukraine,first_mention,1635,Jews are first mentioned in 1635.,[],[],
2677,KOSOW (II),Lublin,Poland,,jews_present,17LX,A J. settlement existed in the late 18th cent.,[],[],
2678,KOSOW POLESKI,Polesie,Poland,Belarus,jews_arrived,15LX,J. settlement began in the late 16th cent.,[],[],
2679,KOSSEWO,Bialystok,Poland,,POP,1921,The J. pop. in 1921 was 143,[],[],
2680,KOSTELEC NAD ORLICI,Bohemia,Czechoslovakia,,jews_present,1841,The Jews were expelled in 1841,[],"[{'event': 'Expulsion', 'year': '1841', 'impact': 'Jews expelled', 'source': 'The Jews were expelled in 1841'}]",
2681,KOSTOPOL,Volhynia,Poland,Ukraine,jews_present,19LX,settlement began to grow ... in the late 19th cent.,[],[],
2682,KOSTYUKOVICHI,Mogilev,Belorussia,,jews_arrived,17XX,Jews settled in the 18th cent.,[],[],
2683,KOSZEG,Vas,Hungary,,jews_present,1532,privilege ... extended as a reward for fighting off the Turks in 1532,[],[],
2684,KOSZYCE,Kielce,Poland,,jews_arrived,1827,24 J. merchants settled in 1827,[],[],
2685,KOTAJ,Szabolcs,Hungary,,jews_arrived,1800,Jews settled in 1800,[],[],
2687,KOTELNIA,Zhitomir,Ukraine,,jews_present,17EX,Jews were present from the early 18th cent.,[],"[{'event': 'Lootings/pogroms', 'year': '1917', 'impact': 'local peasants looted Jewish property on several occasions', 'source': 'On several occasions in fall 1917, local peasants looted J. property'}]",
2688,KOTESOVA,Slovakia,Czechoslovakia,Republic of Slovakia,POP,1835,The J. pop. was 108 in 1835,[],[],
2689,KOTOVSK,Moldavia,Moldavia,Ukraine,jews_arrived,18EX,Jews settled in the early 19th cent.,[],"[{'event': 'Pogrom', 'year': '1905', 'impact': 'Jews attacked', 'source': 'In 1905, they were attacked in a pogrom.'}]",
2690,KOTOVSKOYE,Odessa,Ukraine,,community_founded,19EX,founded in the 1920s as a J. colony,"[{'lang': 'yid', 'name': 'Kotovsk'}]",[],
2691,KOTUN,Lublin,Poland,,POP,,The J. pop. was 138 in 1921 (total 712),[],[],
2692,KOVCHITSY,Polesie,Belorussia,,community_founded,1847,founded in 1847 as a J. farming colony,[],[],
2693,KOWAL,Warsaw,Poland,,jews_arrived,15EX,Jews probably settled in the first half of the 16th cent.,[],[],
2694,KOWALE PANSKIE,Lodz,Poland,,jews_present,19EX,Few Jews lived in this agricultural area before WWI,[],[],
2695,KOWEL,Volhynia,Poland,Ukraine,jews_arrived,1518,J. settlement commenced after K. was accorded urban status in 1518,[],[],
2696,KOZANGRODEK,Polesie,Poland,Belarus,jews_arrived,16XX,The J. settlement dates from the 17th cent.,[],[],
2697,KOZELETS,Chernigov,Ukraine,,jews_arrived,17LX,J. settlement probably commenced in the late 18th cent.,[],"[{'event': 'pogrom', 'year': '1905-10-22', 'impact': 'J. stores looted', 'source': 'In a pogrom on 22 Oct. 1905, J. stores were looted'}]",
2698,KOZELSK,Smolensk,Russia,,jews_arrived,19EX,Jews probably settled in the early 20th cent.,[],[],
2699,KOZIANY,Vilna,Poland,Belarus,community_present,18XX,In the 19th cent. the community supported itself mainly in trade,[],[],
2700,KOZIEGLOWY,Kielce,Poland,,jews_arrived,1862,Jews settled after 1862,[],[],
2701,KOZIENICE,Kielce,Poland,,jews_arrived,16EX,Jews settled in the early 17th cent. under a royal privilege,"[{'lang': 'yid', 'name': 'Kozienitz'}]",[],
2702,KOZIN,Volhynia,Poland,Ukraine,jews_arrived,15MX,The J. settlement dates from the mid-16th cent.,[],"[{'event': 'Chmielnicki massacres', 'year': '1648–1649', 'impact': 'settlement destroyed', 'source': 'It was destroyed in the Chmielnicki massacres of 1648-49'}]",
2703,KOZLOVICHI VTORYE,Polesie,Belorussia,,community_founded,1844,founded in 1844 as a J. colony,[],[],
2704,KOZLOW,Tarnopol,Poland,Ukraine,community_present,17LX,The J. community began to develop in the late 18th cent.,[],[],
2705,KOZLOWSZCZYZNA,Nowogrodek,Poland,Belarus,jews_arrived,18LX,Jews settled around the turn of the 19th cent.,[],[],
2706,KOZMIN,Poznan,Poland,,jews_arrived,14XX,The J. settlement dates from the 15th cent.,[],"[{'event': 'Swedish invasion', 'year': '1655', 'impact': 'community suffered greatly', 'source': 'They suffered greatly during the Swedish invasion of 1655'}]",
2707,KOZMINEK,Lodz,Poland,,jews_present,17LX,Jews were living here in the late 18th cent.,[],[],
2708,KOZOWA,Tarnopol,Poland,Ukraine,jews_arrived,16LX,Jews arrived in the late 17th cent.,[],"[{'event': 'fire', 'year': '1906', 'impact': '300 Jewish families homeless', 'source': 'A great fire in 1906 left 300 J. families homeless.'}]",
2709,KRAISK,Minsk,Belorussia,,jews_arrived,17EX,Jews probably settled at the turn of the 18th cent.,[],[],
2710,KRAJNO,Kielce,Poland,,POP,1921,The J. pop. was 108 in 1921,[],[],
2711,KRAKES,Keidani,Lithuania,,jews_arrived,16MX,Jews first settled in the mid-17th cent.,"[{'lang': 'yid', 'name': 'Krok'}]",[],
2712,KRAKOWIEC,Lwow,Poland,Ukraine,jews_present,16XX,The 17th cent. community,[],[],
2713,KRALOVO,Carpatho-Russia,Czechoslovakia,Ukraine,jews_arrived,18MX,Jews probably began to settle in the 1840s,"[{'lang': 'hun', 'name': 'Kiralyhaza'}]",[],
2714,KRALOVSKY CHLUMEC,Slovakia,Czechoslovakia,Republic of Slovakia,first_mention,1746,Jews are first mentioned in 1746,"[{'lang': 'hun', 'name': 'Kiralyhelmec'}]",[],
2715,KRALUPY NAD VLTAVOU,Bohemia,Czechoslovakia,,community_founded,1870,The J. community was founded in 1870,[],[],
2716,KRAMATORSK,Stalino,Ukraine,,jews_arrived,19XX,The influx of Jews commenced in the Soviet period,[],[],
2717,KRANOARMIEYSK,Zhitomir,Ukraine,,POP,1897,"The J. pop. was 1,168 in 1897",[],[],
2718,KRASILOV,Kamenets-Podolski,Ukraine,,community_present,17XX,An organized community existed from the 18th cent.,[],"[{'event': 'pogroms', 'year': '', 'impact': '15 Jews murdered', 'source': 'Fifteen Jews were murdered in pogroms'}]",
2719,KRASLAVA,Latgale,Latvia,,community_founded,1764,The community was founded in 1764 when a few dozen families arrived,[],[],
2720,KRASNAYA GORA,Oriol,Russia,,jews_arrived,18MX,Jews settled in the mid-19th cent.,[],[],
2721,KRASNAYA SLOBODA,Minsk,Belorussia,,jews_arrived,18EX,J. settlement probably began in the first half of the 19th cent.,[],[],
2722,KRASNE (I),Volhynia,Poland,Ukraine,POP,1921,The J. pop. in 1921 was 312 in the farm settlement and 92 in the village,[],[],
2723,KRASNE (II),Vilna,Poland,Lithuania,jews_arrived,18EX,Jews probably settled in the first half of the 19th cent.,[],[],
2724,KRASNICZYN,Lublin,Poland,,first_mention,1618,Jews are first mentioned in 1618.,[],[],
2725,KRASNIK,Lublin,Poland,,community_present,15LX,the community that developed afterwards,[],"[{'event': 'Chmielnicki massacres', 'year': '1648–1649', 'impact': 'community destroyed', 'source': 'destroyed in the Chmielnicki massacres of 1648-49'}]",
2727,KRASNIYE OKNA,Moldavia,Ukraine,Republic of Moldova,jews_arrived,18EX,J. settlement began in the early 19th cent.,[],"[{'event': 'pogrom', 'year': '1882', 'impact': 'Jews attacked', 'source': 'In 1882, the Jews were attacked in a pogrom.'}]",
2728,KRASNOARMEISK,Stalino,Ukraine,,jews_arrived,18LX,Jews settled in the latter half of the 19th cent.,[],[],
2729,KRASNOBROD,Lublin,Poland,,jews_arrived,15LX,Jews settled in the late 16th cent.,[],[],
2730,KRASNODAR,Krasnodar territory,Russia,,jews_arrived,18LX,Jews probably settled in the late 19th cent.,[],[],
2733,KRASNOGRAD,Kharkov,Ukraine,,jews_arrived,18EX,Jews settled in the early 19th cent.,[],[],
2734,KRASNOGVARDEYSK,Leningrad,Russia,,jews_arrived,18LX,Jews probably settled in the late 19th cent.,[],[],
2735,KRASNOLUKI,Minsk,Belorussia,,jews_arrived,17LX,Jews probably settled in the late 18th cent.,[],"[{'event': 'pogrom', 'year': '1905', 'impact': 'Jews attacked', 'source': 'In 1905, Jews were attacked in a pogrom.'}]",
2736,KRASNOPEREKOPSK,Crimea,Russia,Ukraine,community_founded,1930,"J. settlement commenced in 1930, apparently with the founding of the settlement.",[],[],
2737,KRASNOPOLE,Mogilev,Belorussia,,jews_arrived,17EX,Jews arrived in the early 18th cent. as lessees.,[],[],
2738,KRASNOSELKA,Zaporozhe,Ukraine,,community_founded,1845,founded K. as a J. colony in 1845,[],"[{'event': 'May 1881 pogroms', 'year': '1881', 'impact': 'peasants attacked the colony', 'source': 'During the May 1881 pogroms, peasants from the'}]",
2739,KRASNOSIELC,Warsaw,Poland,,jews_present,18XX,Fifty J. families were present by the 19th cent.,[],[],
2740,KRASNOSTAV,Kamenets-Podolski,Ukraine,,POP,1847,The J. pop. was 246 in 1847,[],"[{'event': 'Civil war violence', 'year': '1918–1921', 'impact': '31 Jews injured', 'source': 'Thirty-one Jews were injured in the civil war (1918-21)'}]",
2741,KRASNOYE (I),Vinnitsa,Ukraine,,first_mention,1648,Jews are first mentioned in 1648 when they fled to Bar,[],"[{'event': 'Chmielnicki massacres', 'year': '1648–1649', 'impact': 'Jews fled to Bar', 'source': 'when they fled to Bar during the Chmielnicki massacres'}]",
2742,KRASNOYE (II),Smolensk,Russia,,jews_arrived,18XX,Jews settled in the 19th cent.,[],[],
2743,KRASNOYE SELO,Leningrad,Russia,,jews_arrived,19EX,Jews probably settled in the early 20th cent.,[],[],
2744,KRASNY LUCH,Voroshilovgrad,Ukraine,,jews_arrived,19EX,Jews probably settled in the early 20th cent. as the city developed,"[{'lang': 'rus', 'name': 'Krindachevka'}]",[],
2745,KRASNYSTAW,Lublin,Poland,,jews_present,14LX,J. merchants visited the town from at least the late 15th cent.,[],"[{'event': 'De non tolerandis Judaeis privilege', 'year': '', 'impact': 'virtually excluded Jewish settlement', 'source': 'a de non tolerandis Judaeis privilege virtually excluded J. settlement'}]",
2746,KRAUTHEIM,Baden,Germany,,community_present,12XX,The 13th cent. community,[],"[{'event': 'Rindfleisch massacres', 'year': '1298', 'impact': 'community wiped out; 19 Jews murdered', 'source': 'wiped out in the Rindfleisch massacres of 1298 when 19 Jews were murdered'}, {'event': 'Armleder massacres', 'year': '', 'impact': 'revived community destroyed', 'source': 'destroyed in the Armleder massacres'}]",
2747,KRAZIAI,Raseiniai,Lithuania,,jews_arrived,16XX,Jews first settled in the 17th cent.,"[{'lang': 'yid', 'name': 'Krozh'}]","[{'event': 'Fire', 'year': '1848', 'impact': 'large fire', 'source': 'A large fire in 1848'}, {'event': 'Railway bypassed town', 'year': '1880', 'impact': 'economic situation deteriorated', 'source': 'construction of a railway that bypassed K. caused the economic situation in 1880 to d...'}]",
2748,KRECHOWICE,Stanislawow,Poland,Ukraine,POP,1921,The Jews numbered 175 in 1921,[],[],
2749,KREFELD,Rhineland,Germany,,first_mention,1617,First mention of a Jew receiving residence rights dates from 1617,[],[],
2750,KREKENAVA,Panevezys,Lithuania,,jews_arrived,16LX,Jews first settled at the end of the 17th cent.,"[{'lang': 'yid', 'name': 'Krakinove'}]",[],
2751,KREMENCHUG,Poltava,Ukraine,,first_mention,1782,Jews are first mentioned in 1782,[],[],
2752,KREMNICA,Slovakia,Czechoslovakia,Republic of Slovakia,jews_present,13XX,A number of J. mintmasters were present in the 14th cent.,"[{'lang': 'hun', 'name': 'Kormocbanya'}]",[],
2753,KREMS,Lower Austria,Austria,,jews_present,12XX,Jews were present in K. from the 13th to the 15th cents.,[],"[{'event': 'Expulsions', 'year': '', 'impact': 'Jews expelled several times', 'source': 'were expelled several times'}]",
2754,KRETINGA,Kretinga,Lithuania,,jews_arrived,16EX,Jews first settled in the early 17th cent.,"[{'lang': 'yid', 'name': 'Kretinge'}]","[{'event': 'Privileges granted', 'year': '18MX', 'impact': 'large-scale settlement', 'source': 'After receiving privileges from the Polish king, large-scale settlement occurred in the mid-18th cent.'}]",
2755,KREUZBURG,Upper Silesia,Germany,Poland,first_mention,1414,Jews are first mentioned in 1414,"[{'lang': 'pol', 'name': 'Kluczbork'}]",[],
2756,KREWO,Vilna,Poland,Belarus,POP,1847,"In 1847, 438 Jews were registered in the town",[],[],
2757,KRICHEV,Mogilev,Belorussia,,first_mention,1494,Jews are first mentioned in 1494,[],"[{'event': 'riots', 'year': '1744', 'impact': '', 'source': 'In 1744, rioting pea...'}]",
2758,KRICHOVO,Carpatho-Russia,Czechoslovakia,Ukraine,first_mention,1746,Jews are first mentioned in 1746,"[{'lang': 'hun', 'name': 'Kricsfalva'}, {'lang': 'yid', 'name': 'Kritshif'}]",[],
2759,KRIEGSHABER,Swabia,Germany,,community_founded,13XX,The community was probably founded in the 14th cent.,[],"[{'event': 'Black Death persecutions', 'year': '1348–1349', 'impact': 'Augsburg Jews fled here; community probably founded', 'source': 'fleeing the Black Death persecutions of 1348-49'}, {'event': 'Augsburg expulsions', 'year': '1438–1440', 'impact': 'others expelled from Augsburg arrived', 'source': 'others expelled from Augsburg arrived in 1438-40'}]",
2760,KRILOV,Kirovograd,Ukraine,,jews_present,16XX,A few Jews were probably present in the 17th cent.,[],[],
2761,KRIUKAI,Seinai,Lithuania,,jews_present,18EX,Jews were here at the beginning of the 19th cent.,"[{'lang': 'yid', 'name': 'Kruk'}]",[],
2762,KRIUKIAI,Siauliai,Lithuania,,jews_arrived,18EX,Jews first settled in the early 19th cent.,[],"[{'event': 'large fire and economic decline', 'year': 'late 19th cent.', 'impact': 'many emigrated to the U.S. and South America', 'source': 'following a large fire and a declining economic situation, many emigrated'}]",
2763,KRIUKOV,Poltava,Ukraine,,jews_arrived,17LX,Jews probably settled in the late 18th cent.,[],"[{'event': 'May Laws expulsions', 'year': '1880s', 'impact': 'Jews expelled; residence and trade restricted', 'source': 'They were expelled in the wake of the May Laws of the 1880s restricting J. residence and trade'}]",
2764,KRIVE,Carpatho-Russia,Czechoslovakia,Ukraine,jews_arrived,17LX,Jews settled in the latter half of the 18th cent.,"[{'lang': 'hun', 'name': 'Nagykirva'}]",[],
2765,KRIVOY ROG,Dnepropetrovsk,Ukraine,,jews_arrived,18LX,Jews settled in the late 19th cent.,[],"[{'event': 'pogrom', 'year': '1883', 'impact': '', 'source': 'A pogrom was staged in 1883'}, {'event': 'pogroms', 'year': '1905', 'impact': 'two pogroms', 'source': 'Another two pogroms occurred in 1905'}]",
2766,KRIZEVCI,Croatia,Yugoslavia,Republic of Croatia,community_founded,1844,a community was established in 1844,"[{'lang': 'hun', 'name': 'Koros'}, {'lang': 'ger', 'name': 'Kreuz'}]",[],
2767,KROJANKE,Posen-West,Germany,Poland,first_mention,1557,Jews are first mentioned in 1557,"[{'lang': 'pol', 'name': 'Krajenka'}]",[],
2768,KROLEVIETS,Sumy,Ukraine,,jews_present,17XX,Jews were present in small numbers during the 18th cent.,[],[],
2769,KROLEWSZCZYZNE,Vilna,Poland,Belarus,jews_arrived,19EX,Jews arrived in the early 20th cent.,[],[],
2771,KROMERIZ,Moravia,Czechoslovakia,,jews_present,1322,Jews lived under the protection of the Church from 1322,[],"[{'event': ""Thirty Years' War"", 'year': '1643', 'impact': '', 'source': 'In 1643, during the Thirty Years War, the Swedish General Torste...'}]",
2772,KROMOLOW,Kielce,Poland,,jews_arrived,15XX,Jews settled in the 16th cent.,[],[],
2773,KROMPACHY,Slovakia,Czechoslovakia,Slovakia,jews_arrived,18MX,Jews first settled in the 1850s,"[{'lang': 'hun', 'name': 'Korompa'}]",[],
2774,KRONACH,Upper Franconia,Germany,,first_mention,1298,Ten Jews were murdered during the Rindfleisch massacres of 1298,[],"[{'event': 'Rindfleisch massacres', 'year': '1298', 'impact': 'ten Jews murdered', 'source': 'Ten Jews were murdered during the Rindfleisch massacres of 1298'}]",
2775,KROSCIENKO (I),Lwow,Poland,Ukraine,POP,1921,The Jews numbered 241 in 1921,[],[],
2776,KROSCIENKO (II),Cracow,Poland,,jews_present,17LX,Jews were present in the second half of the 18th cent.,[],"[{'event': 'violence and pillage', 'year': '', 'impact': 'Jews beaten and pillaged', 'source': 'Jews were beaten and pillaged'}]",
2777,KROSNIEWICE,Lodz,Poland,,jews_present,1568,Jews were living here in 1568,[],[],
2778,KROSNO,Lwow,Poland,,community_founded,19EX,The organized J. community dates from the early 20th cent.,[],[],
2779,KROTOSZYN,Poznan,Poland,,jews_present,13XX,Jews were present in the 14th cent.,[],"[{'event': 'Swedish wars', 'year': '', 'impact': 'community decimated', 'source': 'The community was decimated in the Swedish wars'}, {'event': 'massacres by Czarniecki’s troops', 'year': '', 'impact': 'massacres', 'source': 'Massacres by the troops of the Polish irregular leader Stefan Czarniecki'}]",
2780,KRUCHA,Mogilev,Belorussia,,POP,1880,Jews numbered 186 in 1880,[],[],
2781,KRUGLOYE,Mogilev,Belorussia,,POP,1847,The J. pop. was 381 in 1847,[],[],
2782,KRUKIENICE,Lwow,Poland,Ukraine,POP,1921,The Jews numbered 231 in 1921,[],[],
2783,KRUMBACH-HUERBEN,Swabia,Germany,,first_mention,1504,Jews are first mentioned in 1504,[],[],
2784,KRUONIS,Troki,Lithuania,,jews_arrived,15XX,Jews first settled in the 16th cent.,"[{'lang': 'yid', 'name': 'Kron'}]","[{'event': 'expulsion order', 'year': '1882', 'impact': 'order canceled', 'source': ""An 1882 order expelling K.'s Jews was canceled""}]",
2785,KRUPIEC,Volhynia,Poland,Ukraine,POP,pre-1914,abandoned by its 100 J. families before WWI,[],[],
2786,KRUPINA,Slovakia,Czechoslovakia,Slovakia,jews_arrived,18MX,Jews probably first settled in the 1840s,"[{'lang': 'hun', 'name': 'Korpona'}]",[],
2787,KRUPKI,Minsk,Belorussia,,first_mention,1678,Individual Jews are mentioned in 1678,[],[],
2788,KRUSTPILS,Latgale,Latvia,,community_founded,16LX,community ... formed by Jews from nearby Courland in the late 17th cent.,"[{'lang': 'yid', 'name': 'Kreizburg'}]",[],
2789,KRYCZYLSK,Volhynia,Poland,Ukraine,POP,1921,The J. pop. in 1921 was 100.,[],[],
2790,KRYLOW,Lublin,Poland,,first_mention,1550,Jews are first mentioned in 1550,[],"[{'event': 'World War I', 'year': '1914–1918', 'impact': 'many left; pop. 750 remained', 'source': 'Many left in WWI, leaving 750'}]",
2791,KRYMNO,Volhynia,Poland,Ukraine,community_present,,The 70 or so J. families,[],[],
2792,KRYNICA ZDROJ,Cracow,Poland,,jews_arrived,19EX,Jews first settled in the early 19th cent.,"[{'lang': 'yid', 'name': 'Krenitz'}]",[],
2793,KRYNKI,Bialystok,Poland,,first_mention,1639,Jews are first mentioned in 1639,[],[],
2794,KRYSTYNOPOL,Lwow,Poland,Ukraine,jews_arrived,1692,Jews settled soon after the town was founded in 1692,"[{'lang': 'yid', 'name': 'Krasnipali'}]",[],
2795,KRYVOYE OZERO,Odessa,Ukraine,,jews_present,1765,Nine Jews were present in 1765.,[],[],
2796,KRYZHOPOL,Vinnitsa,Ukraine,,jews_present,1765,Three Jews were present in 1765,[],[],
2797,KRZEMIENIEC,Volhynia,Poland,Ukraine,jews_present,1503,The J. settlement began to develop after 1503.,[],[],
2798,KRZEPICE,Kielce,Poland,,community_present,16MX,an organized community existed by the mid-17th cent.,[],[],
2799,KRZESZOW,Lublin,Poland,,community_founded,18XX,only renewed in the 18th cent.,[],"[{'event': 'Chmielnicki massacres', 'year': '1648–1649', 'impact': 'small J. settlement wiped out', 'source': 'wiped out in the Chmielnicki massacres of 1648-49'}]",
2800,KRZESZOWICE,Cracow,Poland,,community_present,19LX,The J. settlement started growing in the late 19th cent.,[],[],
2801,KRZYWCZA,Lwow,Poland,Ukraine,community_founded,18LX,An organized community developed in the late 18th cent.,"[{'lang': 'yid', 'name': 'Kriptsh'}]",[],
2802,KRZYWCZE GORNE,Tarnopol,Poland,Ukraine,jews_present,17MX,A J. settlement apparently existed from the mid-18th cent.,"[{'lang': 'yid', 'name': 'Krivtsch'}]",[],
2803,KRZYWICZE,Vilna,Poland,Belarus,jews_present,16XX,Jews may have been present in the 17th cent.,[],[],
2804,KSANTHI,Ksanthi,Greece,,community_founded,1913,in 1913 established a community,"[{'lang': 'gre', 'name': 'Xanthi'}, {'lang': 'fre', 'name': 'Xanthie'}, {'lang': 'tur', 'name': 'Eskedje'}]",[],
2805,KSIONZ WIELKI,Kielce,Poland,,jews_arrived,15EX,Jews probably settled at the turn of the 16th cent.,[],[],
2806,KUBLICHI,Vitebsk,Belorussia,,POP,1847,The J. pop. was 181 in 1847,[],[],
2807,KUDIRKOS-NAUMIESTIS,Seinai,Lithuania,,jews_arrived,17EX,Jews first settled in the beginning of the 18th cent.,"[{'lang': 'yid', 'name': 'Naishtot-Shaki'}]",[],
2808,KUELSHEIM,Baden,Germany,,community_founded,1378,It was renewed in 1378,[],"[{'event': 'Rindfleisch massacres', 'year': '1298', 'impact': 'medieval community decimated', 'source': 'decimated in the Rindfleisch massacres of 1298'}, {'event': 'Black Death persecutions', 'year': '1348–1349', 'impact': 'community completely wiped out', 'source': 'completely wiped out in the Black Death massacres of 1348-49'}]",
2809,KUENZELSAU,Wuerttemberg,Germany,,jews_present,1298,Jews fell victim to the Rindfleisch massacres of 1298,[],"[{'event': 'Rindfleisch massacres', 'year': '1298', 'impact': 'Jews fell victim', 'source': 'Jews fell victim to the Rindfleisch massacres of 1298'}, {'event': 'Disturbances', 'year': '1304', 'impact': 'further disturbances', 'source': 'further disturbances in 1304'}, {'event': 'Expulsion', 'year': 'late 16th cent.', 'impact': 'forced to leave the town', 'source': 'were forced to leave K. in the late 16th cent.'}]",
2810,KUESTRIN,Brandenburg,Germany,Poland,jews_arrived,1815,A J. settlement developed in 1815,"[{'lang': 'pol', 'name': 'Kostrzyn'}]",[],
2811,KUKTISKES,Utena,Lithuania,,POP,1923,The J. pop. of 172 in 1923,"[{'lang': 'yid', 'name': 'Kuktishok'}]",[],
2812,KULA,Vojvodina,Yugoslavia,,jews_arrived,16XX,Jews settled in the 17th cent.,[],[],
2813,KULACZKOWCE,Stanislawow,Poland,Ukraine,first_mention,1637,Jews are mentioned from 1637,[],[],
2814,KULAUTUVA,Kaunas,Lithuania,,POP,1930,In the beginning of the 1930s there were 16 J. families,"[{'lang': 'yid', 'name': 'Kalatove'}]",[],
2815,KULCHIN,Kamenets-Podolski,Ukraine,,POP,1765,Jews numbered 177 in 1765,[],[],
2816,KULDIGA,Kurzeme,Latvia,,jews_arrived,16LX,settled in the area in the late 17th cent.,[],[],
2817,KULESZE KOSCIELNE,Bialystok,Poland,,POP,1921,The J. pop. in 1921 was 185,[],[],
2818,KULIAI,Kretinga,Lithuania,,jews_arrived,17XX,Jews first settled in the 18th cent.,[],[],
2819,KULIKOW,Lwow,Poland,Ukraine,first_mention,1544,Jews are first mentioned in 1544,[],[],
2820,KULMBACH,Upper Franconia,Germany,,jews_present,13LX,Jews were present in the second half of the 14th cent.,[],"[{'event': 'Expulsion', 'year': '1584', 'impact': 'Jews expelled by the local count', 'source': 'In 1584 they were expelled by the local count.'}]",
2821,KUNAGOTA,Csanad,Hungary,,jews_arrived,18MX,Jews settled in the mid-19th cent.,[],[],
2822,KUNEV,Kamenets-Podolski,Ukraine,,POP,1765,The J. pop. was 173 in 1765,[],[],
2823,KUNHEGYES,Jasz-Nagykun-Szolnok,Hungary,,jews_arrived,1848,Jews settled after 1848.,[],[],
2824,KUNMADARAS,Jasz-Nagykun-Szolnok,Hungary,,jews_arrived,1840,Jews arrived c. 1840.,[],[],
2825,KUNOW,Kielce,Poland,,community_present,1827,A community of 115 in 1827,[],[],
2826,KUNSZENTMARTON,Jasz-Nagykun-Szolnok,Hungary,,jews_arrived,1848,The Jews were only allowed to settle after 1848.,[],[],
2827,KUNSZENTMIKLOS,Pest-Pilis-Solt-Kiskun,Hungary,,jews_arrived,18EX,Jews settled in the early 19th cent.,[],"[{'event': 'White Terror desecration', 'year': '1919–1921', 'impact': 'synagogue desecrated', 'source': 'A synagogue, built in 1898, was desecrated in the White Terror of 1919-21.'}]",
2828,KUPEL,Kamenets-Podolski,Ukraine,,jews_arrived,17XX,J. settlement commenced in the 18th cent.,[],[],
2829,KUPIANSK,Kharkov,Ukraine,,jews_arrived,18EX,Jews settled in small numbers in the early 19th cent.,[],[],
2831,KUPIN,Kamenets-Podolski,Ukraine,,POP,1765,The J. pop. was 405 in 1765,[],[],
2832,KUPISKIS,Panevezys,Lithuania,,jews_present,17EX,earliest graves date from the beginning of the 18th cent.,"[{'lang': 'yid', 'name': 'Kupishok'}]",[],
2833,KUPPENHEIM,Baden,Germany,,community_present,16XX,The 16th cent. community,[],"[{'event': 'Expulsion', 'year': '1584', 'impact': 'community expelled with most Jews of the principality', 'source': 'The 16th cent. community was expelled in 1584 together with most of the Jews of the principality.'}, {'event': 'Resettlement', 'year': '1618–1648', 'impact': 'Jewish settlement renewed after the Thirty Years War', 'source': 'The J. settlement was renewed after the Thirty Years War (1618-1648)'}]",
2834,KURESSAARE,,Estonia,,jews_arrived,18MX,Jews settled in the mid-19th cent.,[],[],island port city
2836,KURIMA,Slovakia,Czechoslovakia,Republic of Slovakia,jews_arrived,17EX,Jews settled in the early 18th cent.,[],[],
2837,KURKLIAI,Ukmerge,Lithuania,,jews_arrived,17LX,Jews first settled at the end of the 18th cent.,"[{'lang': 'yid', 'name': 'Kurkle'}]",[],
2838,KURMAN,Crimea,Russia,Ukraine,jews_present,18LX,A few J. grain merchants lived ... in the 1880s.,[],"[{'event': 'expulsion', 'year': '1895', 'impact': 'Jews expelled', 'source': 'They were expelled in 1895'}]",
2839,KUROW,Lublin,Poland,,jews_present,15LX,A few J. families were present in the late 16th cent.,[],"[{'event': 'Chmielnicki massacres', 'year': '1648–1649', 'impact': 'community suffered', 'source': 'later on the Chmielnicki massacres of 1648–49'}]",
2840,KUROZWENKI,Kielce,Poland,,jews_arrived,15MX,Jews settled in the mid-16th cent.,[],[],
2841,KURSENAI,Siauliai,Lithuania,,jews_arrived,18XX,Jews first settled in the 19th cent.,"[{'lang': 'yid', 'name': 'Kurshan'}]",[],
2842,KURSK,Kursk,Russia,,jews_present,17LX,A small number of Jews was apparently living in K. in the late 18th cent.,[],[],
2843,KURYLOWKA,Lwow,Poland,,POP,1921,The J. pop. in 1921 was 101,[],[],
2844,KURZELOW,Kielce,Poland,,first_mention,18EX,Jews are first mentioned in the early 19th cent.,[],[],
2845,KURZENIEC,Vilna,Poland,Belarus,community_present,18MX,"By the 1860s, K. was a center of Lubavich Hasidism.",[],[],
2846,KUSEL,Palatinate,Germany,,jews_present,13XX,Jews lived in K. from the 14th cent. on.,[],"[{'event': 'Black Death persecutions', 'year': '1348–1349', 'impact': 'community suffered', 'source': 'They suffered in the Black Death persecutions of 1348-49'}, {'event': 'expulsion', 'year': '1543', 'impact': 'Jews expelled from town and Duchy of Zweibrücken', 'source': 'finally expelled in 1543 with all the Jews of the Duchy of Zweibru'}]",
2847,KUSNICE,Carpatho-Russia,Czechoslovakia,Ukraine,jews_present,1768,Three J. families were living in the town in 1768.,"[{'lang': 'hun', 'name': 'Kovacsret'}]",[],
2848,KUTINA,Croatia,Yugoslavia,Republic of Croatia,jews_arrived,16XX,"In the 17th cent., Jews settled in K.",[],[],
2849,KUTNA HORA,Bohemia,Czechoslovakia,,jews_present,18LX,Jews were not accorded residence rights until the late 19th cent.,[],[],
2850,KUTNO,Lodz,Poland,,community_present,14MX,A J. community existed in the mid-15th cent.,[],[],
2851,KUTY,Stanislawow,Poland,Ukraine,jews_arrived,1715,Jews settled with full rights on the founding of K. in 1715.,"[{'lang': 'yid', 'name': 'Kitev'}]",[],
2852,KUZMIN (I),Kamenets-Podolski,Ukraine,,POP,1765,Jews numbered 208 in 1765,[],[],
2853,KUZMIN (II),Kamenets-Podolski,Ukraine,,POP,1847,Jews numbered 641 in 1847,[],"[{'event': 'pogrom', 'year': '7 July 1918', 'impact': 'pogrom during civil war', 'source': 'A pogrom was staged on 7 July 1918, during the civil war'}]",
2854,KUZMINO,Carpatho-Russia,Czechoslovakia,Ukraine,jews_arrived,18EX,Jews probably settled in the early 19th cent.,"[{'lang': 'hun', 'name': 'Beregszilvas'}]",[],
2855,KUZNICA,Bialystok,Poland,Belarus,community_present,1623,A small J. community attached to Grodno existed from 1623,[],[],
2856,KVASY,Carpatho-Russia,Czechoslovakia,Ukraine,jews_arrived,18MX,Jews probably arrived in the mid-19th cent.,"[{'lang': 'hun', 'name': 'Tiszaborkut'}]",[],
2857,KVEDARNA,Taurage,Lithuania,,jews_arrived,16XX,Jews first settled here in the 17th cent.,"[{'lang': 'yid', 'name': 'Khveidan'}]",[],
2858,KVIETISKIS,Marijampole,Lithuania,,POP,1923,The J. pop. in 1923 was 97,"[{'lang': 'yid', 'name': 'Kvetishok'}]",[],
2859,KYBARTAI,Vilkaviskis,Lithuania,,jews_arrived,18MX,Jews first settled in the 1860s,"[{'lang': 'yid', 'name': 'Kibart'}]",[],
2860,KYJOV,Moravia,Czechoslovakia,,community_founded,1603,The J. community was most probably established in 1603,"[{'lang': 'yid', 'name': 'Gaya'}]",[],
2861,KYLLBURG,Rhineland,Germany,,jews_arrived,18XX,Jews first settled in the 19th cent.,[],[],
2862,KYSUCKE NOVE MESTO,Slovakia,Czechoslovakia,Republic of Slovakia,jews_arrived,17EX,Jews probably settled at the turn of the 18th cent.,"[{'lang': 'hun', 'name': 'Kiszuczaujhely'}]",[],
2863,LAASPHE,Westphalia,Germany,,jews_arrived,16MX,allowed to settle there permanently from the mid-17th cent.,[],[],
2864,LABES,Pomerania,Germany,Poland,first_mention,1705,The first Jews are mentioned in 1705,"[{'lang': 'pol', 'name': 'Lobez'}]",[],
2865,LABIAU,East Prussia,Germany,Russia,community_founded,18LX,The community established a synagogue in the beginning of the 1870s,"[{'lang': 'pol', 'name': 'Polessk'}]",[],
2866,LABINSKAYA,Krasnodar territory,Russia,,jews_arrived,18LX,Jews settled in the late 19th cent.,[],"[{'event': 'Civil war violence', 'year': '1918–1921', 'impact': 'robbed and beaten by White Russian gangs', 'source': 'During the civil war (1918-21), they were robbed and beaten by White Russian gangs'}]",
2867,LABISZYN,Poznan,Poland,,jews_arrived,1564,The first Jews settled in 1564,[],"[{'event': 'Swedish war', 'year': 'mid-17th cent.', 'impact': 'many Jews died', 'source': 'Many died in the Swedish war of the mid-17th cent.'}, {'event': 'Plague', 'year': '1707–1711', 'impact': 'many died; most others left', 'source': 'and the plague of 1707-11, with most of the others leaving'}]",
2868,LABOWA,Cracow,Poland,,POP,1921,The Jews numbered 221 (total 876) in 1921,[],[],
2869,LABUN,Kamenets-Podolski,Ukraine,,first_mention,1705,Jews are first mentioned in 1705,[],"[{'event': 'Cossack and Polish attacks', 'year': '17EX', 'impact': 'attacks on Jews', 'source': 'In the early 17th cent. they were attacked by Cossacks and Polish soldiers'}]",
2870,LA CHEBBA,Sfax,Tunisia,,jews_arrived,19XX,Jews arrived from Sfax and Sousse,[],[],
2871,LACHEN,Palatinate,Germany,,POP,1875,"The J. pop. was 46 (of a total 2,184) in 1875",[],[],
2872,LACHOWICZE,Nowogrodek,Poland,Belarus,first_mention,1623,A J. community is first mentioned in 1623,[],[],
2873,LACHWA,Polesie,Poland,Belarus,community_founded,1655,An organized community existed from 1655,[],[],
2874,LACKENBACH,Burgenland,Austria,,jews_arrived,1527,J. settlement began in 1527,[],[],
2875,LACKIE SZLACHECKIE,Stanislawow,Poland,Ukraine,POP,1921,The J. pop. in 1921 was 133,[],[],
2876,LACKO,Cracow,Poland,,POP,1921,"The J. community numbered 232 (total 2,001) in 1921",[],[],
2877,LADENBURG,Baden,Germany,,first_mention,1291,Jews are first mentioned in 1291,[],"[{'event': 'Black Death persecutions', 'year': '1348–1349', 'impact': 'community destroyed', 'source': 'The community was destroyed in the Black Death persecutions of 1348-49'}, {'event': 'Expulsion', 'year': '1391', 'impact': 'new settlers expelled', 'source': 'new settlers were expelled in 1391'}]",
2878,LADOMIROVA,E Slovakia,Czechoslovakia,Republic of Slovakia,jews_arrived,18EX,Jews from Poland settled in the early 18th cent.,[],[],
2880,LADYZHENKA,Kiev,Ukraine,,POP,1790,Jews numbered 35 in 1790,[],"[{'event': 'Pogrom', 'year': '1919-05-14', 'impact': '100 Jews murdered; rape and looting', 'source': 'On 14 May 1919, gangs murdered 100 Jews, raped J. women, and looted J. property'}]",
2881,LADYZHYN,Vinnitsa,Ukraine,,jews_arrived,16MX,Jews settled in the mid-17th cent.,[],[],
2882,LA GOULETTE,Tunis,Tunisia,,community_founded,18XX,The permanent J. settlement was probably founded in the 19th cent.,[],[],
2883,LAGOW,Kielce,Poland,,jews_present,1827,Sixty Jews were present in 1827,[],[],
2884,LAHR,Baden,Germany,,jews_present,13XX,The small 14th cent. community,[],"[{'event': 'Black Death persecutions', 'year': '1348–1349', 'impact': 'community destroyed', 'source': 'destroyed in the Black Death persecutions of 1348-49'}]",
2885,LAIZUVA,Mazeikiai,Lithuania,,jews_arrived,17EX,Jews first settled here in the early 18th cent.,[],"[{'event': 'fire', 'year': '1884', 'impact': '', 'source': 'After a fire in 1884'}]",
2886,LAJOSMIZSE,Pest-Pilis-Solt-Kiskun,Hungary,,jews_arrived,18LX,Jews settled in the late 19th cent.,[],"[{'event': 'paramilitary violence (Hejjas gangs)', 'year': '', 'impact': '', 'source': 'terrorized by the gangs of Ivan Hejjas after WWI'}]",
2887,LAKHOVTSY,Kamenets-Podolski,Ukraine,,jews_present,1629,In 1629 the town numbered 37 J.-owned houses,"[{'lang': 'rus', 'name': 'Belogorye'}]","[{'event': 'Swedish wars destruction', 'year': '1705–1707', 'impact': 'town completely destroyed', 'source': 'in 1705–07 (the Swedish wars), the town was completely destroyed'}]",
2888,LA MARSA,Tunis,Tunisia,,community_founded,18LX,not heard from again until the late 19th cent.,[],[],
2889,LAMBSHEIM,Palatinate,Germany,,jews_present,1343,A few J. families were present in 1343,[],"[{'event': 'blood libel', 'year': '1343', 'impact': 'all burned at the stake', 'source': 'all burned at the stake following a blood libel'}, {'event': 'Black Death persecutions', 'year': '1349', 'impact': 'community destroyed', 'source': 'community was again destroyed in 1349 during the Black Death persecutions'}]",
2890,LAMPERTHEIM,Hesse,Germany,,first_mention,1615,references to Jews living in L. from 1615,[],[],
2891,LANCUT,Lwow,Poland,,community_present,15LX,A J. community ... existed in the late 16th cent.,[],[],
2892,LANCZYN,Stanislawow,Poland,Ukraine,POP,1921,The small community numbered 383 ... in 1921,[],[],
2893,LANDAU,Palatinate,Germany,,first_mention,1273,First mention of a Jew dates from 1273,[],"[{'event': 'Black Death persecutions', 'year': '1348–1349', 'impact': 'Jews abandoned the town', 'source': 'The Jews abandoned the town in the Black Death persecutions of 1348-49'}]",
2894,LANDECK (II),Lower Silesia,Germany,Poland,jews_arrived,1843,they only settled in 1843,"[{'lang': 'pol', 'name': 'Lądek Zdrój'}]",[],
2895,LANDECK (I),Posen-West,Germany,Poland,first_mention,1724,Jews are first mentioned in 1724,"[{'lang': 'pol', 'name': 'Ledyczek'}]",[],
2896,LANDESHUT,Lower Silesia,Germany,,jews_arrived,1812,Jews were granted residence rights in 1812,"[{'lang': 'pol', 'name': 'Kamienna Góra'}]",[],
2897,LANDSBERG,East Prussia,Germany,Poland,POP,1858,The J. pop. stood at 211 in 1858,"[{'lang': 'pol', 'name': 'Górowo Iławeckie'}]",[],
2898,LANDSBERG AN DER WARTHE,Brandenburg,Germany,Poland,jews_present,13MX,Jews were probably living in L. in the middle of the 14th cent.,"[{'lang': 'pol', 'name': 'Gorzów Wielkopolski'}]",[],
2899,LANDSHUT,Lower Bavaria,Germany,,community_present,12XX,The 13th cent. J. community,[],"[{'event': 'massacre aftermath (Deggendorf)', 'year': '1338', 'impact': 'community destroyed', 'source': 'destroyed in 1338 in the wake of the massacre of the Jews in nearby Deggendorf'}, {'event': 'expulsion', 'year': '1452', 'impact': 'renewed community expelled', 'source': 'The renewed community was expelled in 1452'}]",
2900,LANDSTUHL,Palatinate,Germany,,jews_arrived,1868,"From 1868, they again lived in the town",[],"[{'event': 'expulsion', 'year': '16XX', 'impact': 'Jews expelled', 'source': 'were expelled in the 16th cent.'}]",
2901,LANGEN,Hesse,Germany,,community_founded,16LX,Founded by petty traders in the late 17th cent.,[],[],
2902,LANGENDIEBACH,Hesse-Nassau,Germany,,jews_present,16XX,Jews lived there from the 17th cent.,[],[],
2903,LANGENDORF,Upper Silesia,Germany,Poland,POP,,The J. pop. was 75 in 1900,"[{'lang': 'pol', 'name': 'Wielowies'}]",[],
2904,LANGENLONSHEIM,Rhineland,Germany,,first_mention,16LX,Jews are first mentioned in the late 17th cent.,[],[],
2905,LANGENSELBOLD,Hesse-Nassau,Germany,,community_founded,16LX,Established in the late 17th cent.,[],[],
2906,LANGERWEHE,Rhineland,Germany,,first_mention,16LX,Jews are mentioned in the second half of the 17th cent.,[],[],
2907,LANG-GOENS,Hesse,Germany,,jews_present,17LX,Jews lived there from the late 18th cent.,[],[],
2908,LANGHADA,Salonika,Greece,,community_founded,18LX,A small J. community was established... in the late 19th cent.,[],[],
2909,LANGSDORF,Hesse,Germany,,POP,,Numbering 65 (7% of the pop.) in 1880,[],[],
2910,LANOWCE,Volhynia,Poland,Ukraine,jews_arrived,1569,Jews probably settled after 1569,[],[],
2911,LAPANOW,Cracow,Poland,,POP,,The Jews numbered 230 in 1880,[],[],
2912,LAPICHI,Mogilev,Belorussia,,POP,,Jews numbered 24 in 1811,[],[],
2913,LAPY,Bialystok,Poland,,community_founded,18XX,A small community was formed in the 19th cent.,[],[],
2914,L'ARIANA,Tunis,Tunisia,,jews_arrived,16XX,Jews from Andalusia reached A. in the 17th cent.,"[{'lang': 'ara', 'name': 'al-Ariana'}]",[],
2915,LARINDORF,Crimea,Russia,Ukraine,community_founded,19EX,probably founded in the 1920s as a farm settlement,[],[],
2916,LARINO,Dnepropetrovsk,Ukraine,,community_founded,1923,L. was a J. farm settlement founded in 1923,[],[],
2917,LARISSA,Thessaly,Greece,,jews_arrived,4XX,Jews first settled in L. in the fifth cent.,"[{'lang': 'gre', 'name': 'Larisa'}, {'lang': 'tur', 'name': 'Yenisehir'}]",[],
2918,LASK,Lodz,Poland,,jews_present,15XX,"In the 16th cent., Jews were granted permission",[],[],
2919,LASKARZEW,Lublin,Poland,,jews_arrived,17LX,Jews settled in the late 18th cent.,[],[],
2920,LASKOD,Szabolcs,Hungary,,jews_arrived,17LX,Jews settled in the late 18th cent.,[],[],
2921,LASKOWCE,Tarnopol,Poland,,POP,1921,The J. pop. in 1921 was 126.,[],[],
2922,LASOCIN,Kielce,Poland,,jews_present,18MX,Jews were present by the first half of the 19th cent.,[],[],
2923,LASZCZOW,Lublin,Poland,,jews_present,16MX,Jews were present by the first half of the 17th cent.,[],"[{'event': 'Pogrom by Cossacks', 'year': '1920', 'impact': 'violent pogrom', 'source': 'In Sept. 1920, rampaging Cossacks staged a violent pogrom'}]",
2924,LATHEN,Hanover,Germany,,jews_arrived,1822,After settling there in 1822,[],[],
2925,LATOWICZ,Warsaw,Poland,,community_founded,18MX,The community was reestablished in the first half of the 19th cent.,[],"[{'event': 'Expulsion order', 'year': '1599', 'impact': 'few remained', 'source': 'with few remaining after an expulsion order in 1599'}]",
2926,LAUBACH-RUPPERTSBURG,Hesse,Germany,,community_present,17EX,"The community, dating from the early 18th cent.",[],[],
2927,LAUBAN,Lower Silesia,Germany,Poland,jews_arrived,18MX,J. settlement began no earlier than the mid-19th cent.,"[{'lang': 'pol', 'name': 'Luban'}]",[],
2928,LAUDENBACH (I),Wuerttemberg,Germany,,jews_present,1336,The community suffered in the Armleder massacres of 1336-39,[],"[{'event': 'Armleder massacres', 'year': '1336–1339', 'impact': 'community suffered', 'source': 'suffered in the Armleder massacres of 1336-39'}, {'event': 'Thirty Years War', 'year': '1618–1648', 'impact': 'community suffered', 'source': 'and in the Thirty Years War (1618-1648)'}]",
2929,LAUDENBACH (II),Lower Franconia,Germany,,community_founded,16MX,The J. community was founded in the first half of the 17th cent.,"[{'lang': 'yid', 'name': 'Ladboch'}, {'lang': 'yid', 'name': 'Loytibach'}]",[],
2930,LAUDONA,Livonia,Latvia,,POP,1930,The J. pop. in 1930 was 47.,[],[],
2931,LAUENBURG,Pomerania,Germany,Poland,jews_present,1752,"In 1752, there were 15 Jews living in L.","[{'lang': 'pol', 'name': 'Lebork'}]",[],
2932,LAUFENSELDEN,Hesse-Nassau,Germany,,community_founded,1712,Established around 1712,[],[],
2933,LAUFERSWEILER,Rhineland,Germany,,jews_present,16XX,Individual Jews were probably present in the 17th cent.,[],[],
2934,LAUKUVA,Taurage,Lithuania,,jews_arrived,17XX,Jews first settled in the 18th cent.,[],[],
2935,LAUPHEIM,Wuerttemberg,Germany,,jews_arrived,1742,The settlement was renewed in 1742,[],"[{'event': 'Black Death persecutions', 'year': '1348–1349', 'impact': 'early settlement ended', 'source': 'ended in the Black Death persecutions of 1348-49'}]",
2936,LAUTERBACH,Hesse,Germany,,community_founded,1898,only established a community in 1898,[],[],
2937,LAUTERBOURG,Bas-Rhin,France,,first_mention,12XX,first mentioned in the 13th cent.,"[{'lang': 'ger', 'name': 'Lauterburg'}]","[{'event': 'Black Death persecutions', 'year': '1348–1349', 'impact': 'suffered persecution', 'source': 'They suffered during the Black Death persecutions of 1348-49'}]",
2938,LAWOCZNE,Stanislawow,Poland,Ukraine,POP,,The J. pop. in 1921 was 140,[],[],
2939,LAZDIJAI,Saini,Lithuania,,jews_arrived,1689,Jews first settled in 1689,"[{'lang': 'yid', 'name': 'Lazdai'}]",[],
2940,LAZY,Kielce,Poland,,POP,,The J. pop. in 1921 was 234,[],[],
2941,LEBEDIN,Sumy,Ukraine,,POP,19EX,Jews numbered about 250 in the early 20th cent.,[],"[{'event': 'Pogrom', 'year': '1919', 'impact': 'Jews attacked', 'source': 'In 1919, they were attacked in a pogrom'}]",
2942,LEBEDZIOW,Vilna,Poland,Belarus,community_present,1847,A community of 470 Jews existed by 1847,[],"[{'event': 'World War I turmoil', 'year': '1914–1918', 'impact': 'most left; many killed', 'source': 'Most left during WWI, when many were killed'}]",
2943,LECHENICH,Rhineland,Germany,,jews_present,12XX,Jews lived in L. from the 13th cent. on,[],"[{'event': 'Oberwesel blood libel riots', 'year': '1287', 'impact': 'persecution', 'source': 'They suffered persecution in the riots following the Oberwesel blood libel of 1287'}, {'event': 'Black Death persecutions', 'year': '1348–1349', 'impact': 'persecution', 'source': 'and in the Black Death'}]",
2944,LECHNITA,N. Transylvania,Rumania,,jews_arrived,18MX,Jews settled in the 1850s,"[{'lang': 'hun', 'name': 'Szaszlekence'}, {'lang': 'ger', 'name': 'Lechnitz'}]",[],
2945,LEEHEIM,Hesse,Germany,,community_founded,1780,Established around 1780,[],[],
2946,LEEK,Groningen,Holland,,community_founded,18LX,A J. community was organized in the late 18th cent.,[],[],
2947,LEER,Hanover,Germany,,community_founded,1637,by 1637 Jews had established a community there,[],[],
2948,LEEUWARDEN,Friesland,Holland,,community_present,1700,community activity began by 1700,"[{'lang': 'fry', 'name': 'Ljouwert'}]",[],
2949,LEGHORN,Tuscany,Italy,,community_founded,15LX,community ... constituted after 1500 following an official invitation issued in 1593,"[{'lang': 'ita', 'name': 'Livorno'}]",[],
2950,LEGYESBENYE,Zemplen,Hungary,,jews_arrived,17LX,Jews arrived in the late 18th cent.,[],[],
2951,LEHRBERG,Middle Franconia,Germany,,community_founded,15LX,The community was founded in the late 16th cent.,[],[],
2952,LEHRENSTEINSFELD,Wuerttemberg,Germany,,jews_arrived,16XX,Jews settled in the 17th cent.,[],[],
2953,LEIDEN,Zuid-Holland,Holland,,first_mention,15XX,A J. presence ... is recorded in the 16th cent.,[],[],
2954,LEIHGESTERN,Hesse,Germany,,jews_present,17MX,Jews were living there by the mid-18th cent.,[],[],
2955,LEIMEN,Baden,Germany,,jews_arrived,17EX,Jews settled in the early 18th cent.,[],"[{'event': 'community dissolved', 'year': '1905', 'impact': 'community ceased to exist', 'source': 'community ceasing to exist in 1905'}]",
2956,LEIMERSHEIM,Palatinate,Germany,,jews_present,17EX,Two J. families were present in the early 18th cent.,[],[],
2957,LEIPALINGIS,Saini,Lithuania,,jews_arrived,18XX,Jews first settled in the 19th cent.,"[{'lang': 'yid', 'name': 'Leipun'}]","[{'event': 'Jewish colony established', 'year': '1847', 'impact': 'colony built on granted land', 'source': 'A J. colony was built ... in 1847'}]",
2958,LEIPZIG,Saxony,Germany,,community_present,12EX,"In the first half of the 13th cent., there was a community ... with a synagogue",[],[],
2959,LEIWEN,Rhineland,Germany,,jews_present,15LX,Jews apparently lived in L. before 1592,[],"[{'event': 'expulsion', 'year': '1592', 'impact': 'expelled from principality of Trier', 'source': 'they were among those expelled from the principality of Trier'}]",
2960,LEJASCIEMS,Livonia,Latvia,,community_founded,1867,A community with its own synagogue and cemetery was founded in 1867,"[{'lang': 'ger', 'name': 'Neuhof'}, {'lang': 'ger', 'name': 'Aahof'}]","[{'event': 'community abandoned', 'year': '', 'impact': 'abandoned a few years later', 'source': 'abandoned a few years later'}]",
2961,LE KEF,Le Kef,Tunisia,,jews_present,06XX,A J. settlement may have existed before the seventh cent. Moslem conquest.,[],[],
2962,LEKERT,Dnepropetrovsk,Ukraine,,community_present,19XX,L. was a J. colony attached to the Stalindorf J. Autonomous Region.,[],[],
2963,LELCHITSY,Polesie,Belorussia,,jews_arrived,17LX,Jews probably settled in the late 18th cent.,[],"[{'event': 'pogrom', 'year': '1919', 'impact': '1 Jew murdered; many homes looted', 'source': 'In a 1919 pogrom, the Balakhovich brigade murdered one Jew and looted many J. homes'}]",
2964,LELES,,Czechoslovakia,Republic of Slovakia,jews_arrived,18EX,Permanent J. settlement probably commenced in the 1830s,[],[],
2965,LELIUNAI,Utena,Lithuania,,POP,1897,The J. pop. was 140 in 1897,"[{'lang': 'yid', 'name': 'Lelion'}]",[],
2966,LELOW,Lublin,Poland,,first_mention,18LX,Jews are first mentioned in the late 18th cent.,[],[],
2967,LEMESANY,Slovakia,Czechoslovakia,Republic of Slovakia,community_founded,18EX,community was apparently founded in the early 19th cent.,[],[],
2968,LEMFOERDE,Hanover,Germany,,community_present,1700,"Dating from 1700, the community",[],[],
2969,LEMGO,Lippe,Germany,,community_present,13XX,established one of the nine J. communities in Westphalia in the 14th cent.,[],[],
2970,LENCZNA,Lublin,Poland,,jews_present,15LX,Present in the late 16th cent.,[],[],
2971,LENCZYCA,Lodz,Poland,,first_mention,1453,Jews are first mentioned in 1453,[],[],
2972,LENDERSHAUSEN,Lower Franconia,Germany,,first_mention,17MX,Jews are first mentioned in the mid-18th cent.,[],[],
2973,LENGERICH,Westphalia,Germany,,first_mention,1576,Jews are first mentioned in 1576,[],[],
2974,LENGFELD,Hesse,Germany,,POP,1861,"The community, numbering 57 (6% of the total) in 1861",[],[],
2975,LENIN,Polesie,Poland,Belorus,jews_arrived,17EX,Jews from Slutsk and Lachwa settled in the early 18th cent.,[],[],
2976,LENINDORF,Nikolaiev,Ukraine,,jews_arrived,19XX,"In the Soviet period, J. settlement began here",[],[],
2977,LENINGRAD,Leningrad,Russia,,jews_arrived,18EX,The first Jews ... arrive(d),"[{'lang': 'rus', 'name': 'St. Petersburg'}, {'lang': 'rus', 'name': 'Petrograd'}]",[],
2978,LENINGRADSKAYA,Krasnodar territory,Russia,,,,,[],[],
2979,LENINO (I),Minsk,Belorussia,,jews_arrived,18EX,Jews probably settled in the early 19th cent.,"[{'lang': 'rus', 'name': 'Romanovo'}]",[],
2980,LENINO (II),Mogilev,Belorussia,,POP,1897,The J. pop. was 634 (64% of the total) in 1897,"[{'lang': 'rus', 'name': 'Romanovo'}]",[],
2981,LENS,Pas-de-Calais,France,,community_founded,19LX,established a J. community after WWI,[],[],
2982,LEOBSCHUETZ,Upper Silesia,Germany,Poland,first_mention,1360,J. settlement is known from 1360,"[{'lang': 'pol', 'name': 'Glubczyce'}]","[{'event': 'expulsion', 'year': '1539', 'impact': 'Jews expelled', 'source': 'In 1539, the Jews were expelled'}]",
2983,LEONCIN,Warsaw,Poland,,POP,1921,The J. pop. in 1921 was 149,[],[],
2984,LEONOPOL,Vilna,Poland,Belarus,jews_arrived,18EX,Jews settled in the first half of the 19th cent.,[],[],
2985,LEORDINA,N. Transylvania,Rumania,,community_present,1850,An organized J. community existed in 1850,"[{'lang': 'yid', 'name': 'Lerdene'}]",[],
2986,LEOVA,Bessarabia,Rumania,Republic of Moldova,POP,1930,"The J. pop. in 1930 was 2,326",[],[],
2987,LEPEL,Vitebsk,Belorussia,,POP,1847,"The J. pop. was 1,509 in 1847",[],[],
2988,LEPJUNY,Vilna,Poland,Belarus,community_founded,1847,founded as a J. farming settlement in 1847,[],[],
2989,LEROS,Dodecanese Islands,Greece,,jews_present,18LX,No more than a dozen Jews lived in L. in the late 19th cent.,[],[],
2990,LESBOS,North Aegean Islands,Greece,,first_mention,11XX,"Benjamin of Tudela, the 12th cent. J. traveler, recorded a J. community","[{'lang': 'gre', 'name': 'Lesvos'}, {'lang': 'gre', 'name': 'Mytilini'}, {'lang': 'gre', 'name': 'Mytilene'}, {'lang': 'gre', 'name': 'Metelin'}, {'lang': 'tur', 'name': 'Midilli'}]",[],
2991,LESHCHIN,Zhitomir,Ukraine,,jews_arrived,17EX,Jews probably settled in the first half of the 18th cent.,[],[],
2992,LESKO,Lwow,Poland,Ukraine,first_mention,15XX,Jews are first reported in the 16th cent.,"[{'lang': 'yid', 'name': 'Linsk'}]",[],
2993,LESKOVAC,Serbia,Yugoslavia,,community_present,18XX,A Sephardi community existed by the 19th cent.,[],[],
2994,LESZNIOW,Tarnopol,Poland,Ukraine,jews_present,16EX,Jews were present from the early 17th cent.,[],[],
2995,LESZNO (I),Poznan,Poland,,jews_arrived,1534,Jews may have settled as early as 1534,"[{'lang': 'yid', 'name': 'Lissa'}]","[{'event': 'Chmielnicki massacres', 'year': '1648–1649', 'impact': '', 'source': 'In the Chmielnicki massacres of 1648-49'}]",
2996,LESZNO (II),Warsaw,Poland,,POP,1930,The J. pop. was 146 in 1930,[],[],
2997,LETICHEV,Kamenets-Podolski,Ukraine,,jews_arrived,1581,J. settlement commenced in 1581,[],"[{'event': 'Pogroms', 'year': '1881–1882', 'impact': 'Jews attacked', 'source': 'In 1881-82, Jews were attacked in pogroms'}]",
2998,LEUTERSHAUSEN (I),Middle Franconia,Germany,,jews_present,14MX,Jews were present with full civil rights in the mid-15th cent.,[],[],
2999,LEUTERSHAUSEN (II),Baden,Germany,,first_mention,15MX,Jews are mentioned in the mid-16th cent.,[],[],
3000,LEVELEK,Szabolcs,Hungary,,jews_present,17MX,Jews were present in the mid-18th cent.,[],[],
3001,LEVERKUSEN,Rhineland,Germany,,community_present,20EX,The J. community only developed in the Weimar period,[],[],
3002,LEVICE,Slovakia,Czechoslovakia,Republic of Slovakia,jews_arrived,17EX,Jews settled in the early 18th cent.,"[{'lang': 'hun', 'name': 'Leva'}]",[],
3003,LEVOCA,Slovakia,Czechoslovakia,Republic of Slovakia,jews_arrived,18MX,Jews settled in the mid-19th cent.,"[{'lang': 'hun', 'name': 'Locse'}]",[],
3004,LEZAJSK,Lwow,Poland,Ukraine,jews_present,1521,Jews lived permanently in L. from at least 1521,"[{'lang': 'yid', 'name': 'Lyzhansk'}]",[],
3005,LGOV,Kursk,Russia,,jews_arrived,18LX,Jews probably settled in the late 19th cent.,[],[],
3006,LIBEREC,Bohemia (Sudetenland),Czechoslovakia,,jews_present,14XX,Jews were present in small numbers in the 14th or 15th cent.,[],[],
3007,LIBUCHORA,Lwow,Poland,Ukraine,POP,1921,The J. pop. in 1921 was 210,[],[],
3008,LICH,Hesse,Germany,,first_mention,1622,Jews are mentioned from 1622,[],[],
3009,LICHENROTH,Hesse—Nassau,Germany,,community_founded,1833,The community established a synagogue in 1833,[],[],now part of Birstein
3010,LICHTENAU,Baden,Germany,,community_present,17EX,forming a permanent settlement only from the early 18th,[],[],
3011,LICHTENFELS,Upper Franconia,Germany,,first_mention,12XX,The 13th cent. community,[],"[{'event': 'Rindfleisch massacres', 'year': '1298', 'impact': 'community expelled', 'source': 'expelled during the Rindfleisch massacres of 1298'}, {'event': 'Expulsion', 'year': '1499', 'impact': 'community expelled again after reestablishing itself in 1447', 'source': 'and again in 1499 after reestablishing itself in 1447'}]",
3012,LIDA,Nowogrodek,Poland,Belarus,community_founded,1579,King Stephen Bathory authorized the erection of a synagogue,[],[],
3013,LIDZBARK,Pomerania,Poland,,jews_arrived,1772,Jews probably settled after the annexation to Prussia in 1772,[],[],
3014,LIEBLOS,Hesse-Nassau,Germany,,POP,1835,"Numbering 29 in 1835, the J. community",[],[],
3015,LIEBSTADT,East Prussia,Germany,Poland,POP,1880–1925,The J. pop. numbered 110 in 1880; 86 in 1905; and 32 in 1925,"[{'lang': 'pol', 'name': 'Miłakowo'}]",[],
3016,LIEGE,Liege,Belgium,,community_present,1808,"in 1808, under French rule, belonged to the consistory of Krefeld","[{'lang': 'nld', 'name': 'Luik'}]",[],
3017,LIEGNITZ,Lower Silesia,Germany,Poland,first_mention,1301,Jews are first mentioned in 1301,"[{'lang': 'pol', 'name': 'Legnica'}]",[],
3018,LIEPAJA,Kurzeme,Latvia,,jews_arrived,1799,some Jews were allowed to live in L. from 1799,[],[],
3019,LIGATNE,Vidzeme,Latvia,,POP,1935,The J. pop. in 1935 was 11,[],[],
3020,LILLE,Nord,France,,community_founded,18XX,The J. community was founded in the 19th cent.,"[{'lang': 'fra', 'name': ""L'Isle""}, {'lang': 'fra', 'name': 'Lisle'}]",[],
3021,LIMANOWA,Cracow,Poland,,community_founded,18XX,The community became organized in the 19th cent.,[],"[{'event': 'anti-Jewish riots', 'year': '1898', 'impact': '', 'source': 'Anti-J. riots erupted in 1898'}, {'event': 'anti-Jewish riots', 'year': '1918', 'impact': '', 'source': 'Anti-J. riots erupted in ... 1918'}]",
3022,LIMBAZI,Vidzeme,Latvia,,jews_arrived,18MX,Jews began settling in the 1860s,[],[],
3023,LIMBURG,Hesse-Nassau,Germany,,community_present,13MX,fell victim to the Black Death persecutions of 1348-49,[],"[{'event': 'Black Death persecutions', 'year': '1348–1349', 'impact': 'community perished', 'source': 'fell victim to the Black Death persecutions of 1348-49'}]",
3024,LIMOGES,Haute-Vienne,France,,jews_present,9XX,The J. presence dates back to the tenth cent.,[],[],
3025,LINDHEIM,Hesse,Germany,,community_present,1910,In 1910 the community numbered 44,[],[],
3026,LINGEN,Hanover,Germany,,jews_arrived,16LX,Jews arrived in the late 17th cent.,[],[],
3027,LINGOLSHEIM,Bas-Rhin,France,,community_present,17XX,The J. community in L. ... dates from the 18th cent.,[],[],
3028,LINKMENYS,Utena,Lithuania,,jews_arrived,18MX,Jews first settled in the mid-19th cent.,"[{'lang': 'yid', 'name': 'Lingmian'}]",[],
3029,LINKUVA,Siauliai,Lithuania,,jews_arrived,17EX,Jews first settled in the beginning of the 18th cent.,[],[],
3030,LINNICH,Rhineland,Germany,,jews_present,1348,Jews were probably expelled during the Black Death persecutions of 1348–49,[],"[{'event': 'Black Death persecutions', 'year': '1348–1349', 'impact': 'probable expulsion', 'source': 'probably expelled during the Black Death persecutions of 1348–49'}]",
3031,LINOWA,Polesie,Poland,Belarus,jews_present,19EX,Jews were present from the early 20th cent.,[],[],
3032,LINTFORT,Rhineland,Germany,,POP,19XX,The J. pop. in 1933 was 41.,[],[],
3033,LINZ (I),Rhineland,Germany,,first_mention,1218,Jews are first mentioned in 1218–1222,[],"[{'event': 'Black Death persecutions', 'year': '1348–1349', 'impact': 'community destroyed', 'source': 'The community was destroyed in the Black Death persecutions of 1348–49'}]",
3034,LINZ (II),Upper Austria,Austria,,jews_present,12XX,Jews were present in the 13th cent.,[],"[{'event': 'Host desecration libels; expulsions and arrests', 'year': '1420', 'impact': 'many expelled or arrested; others beaten', 'source': 'In 1420, following Host desecration libels, many Jews were expelled or arrested. Others were beaten'}]",
3035,LIOZNO,Vitebsk,Belorussia,,POP,1766,Jews numbered 82 in 1766,[],[],
3036,LIPCA,Carpatho-Russia,Czechoslovakia,Ukraine,jews_arrived,17MX,Jews probably settled in the mid-18th cent.,"[{'lang': 'hun', 'name': 'Lipcse'}, {'lang': 'yid', 'name': 'Lipsha'}]",[],
3037,LIPCANI,Bessarabia,Rumania,Republic of Moldova,jews_arrived,16MX,Jews settled in the mid-17th cent.,[],[],
3038,LIPECKA POLANA,Carpatho-Russia,Czechoslovakia,Ukraine,jews_arrived,19EX,J. settlement probably began at the turn of the 19th cent.,"[{'lang': 'hun', 'name': 'Lipcsemezo'}, {'lang': 'yid', 'name': 'Palyien-Lipsha'}]",[],
3039,LIPEN,Mogilev,Belorussia,,jews_arrived,17LX,Jews settled in the late 18th cent.,"[{'lang': 'rus', 'name': 'Kholui'}]",[],
3040,LIPIANY,Slovakia,Czechoslovakia,Republic of Slovakia,jews_arrived,17EX,Jews probably arrived in the early 18th cent.,"[{'lang': 'hun', 'name': 'Hethars'}]",[],
3041,LIPNIK NAD BECVOU,Moravia,Czechoslovakia,,jews_arrived,1454,J. refugees arrived from Olomouc and Znojmo in 1454,[],[],
3042,LIPNISZKI,Nowogrodek,Poland,Belarus,jews_arrived,16LX,J. settlement apparently commenced at the turn of the 17th cent.,[],[],
3043,LIPNO,Warsaw,Poland,,jews_present,17XX,A J. settlement apparently existed in the 18th cent.,[],"[{'event': 'Confinement edict', 'year': '1824', 'impact': 'Jews confined to a special quarter', 'source': 'confined to a special quarter by an 1824 edict'}]",
3044,LIPOVA,S. Transylvania,Rumania,,community_founded,1860,A J. community was founded in 1860,"[{'lang': 'hun', 'name': 'Lippa'}]",[],
3045,LIPOVETS,Vinnitsa,Ukraine,,first_mention,1747,Jews in L. are first mentioned in 1747.,[],[],
3046,LIPPEHNE,Brandenburg,Germany,Poland,community_present,18XX,The J. pop. was 70-85 throughout the 19th cent.,"[{'lang': 'pol', 'name': 'Lipiany'}]",[],
3047,LIPPSTADT,Westphalia,Germany,,jews_present,13LX,Jews may have been present before the Black Death persecutions of 1348-49.,[],"[{'event': 'Black Death persecutions', 'year': '1348–1349', 'impact': '', 'source': 'before the Black Death persecutions of 1348-49'}]",
3048,LIPSKO (I),Lwow,Poland,Ukraine,jews_arrived,16XX,Jews settled in the 17th cent.,[],[],
3049,LIPSKO (II),Kielce,Poland,,jews_present,17EX,Jews were present by the first half of the 18th cent.,[],[],
3050,LIPTOVSKY HRADOK,Slovakia,Czechoslovakia,Republic of Slovakia,jews_present,17EX,Jews were present in the first half of the 18th cent.,"[{'lang': 'hun', 'name': 'Liptoujvar'}]",[],
3051,LIPTOVSKY SVATY MIKULAS,Slovakia,Czechoslovakia,Republic of Slovakia,jews_arrived,17EX,Jews settled under the protection of Count Pongrac in the early 18th cent.,"[{'lang': 'hun', 'name': 'Liptoszentmiklos'}]",[],
3052,LISBERG,Upper Franconia,Germany,,community_present,1810,The community numbered 95 in 1810,[],"[{'event': 'community attached/ended', 'year': '1904', 'impact': 'community ended; attached to Trabelsdorf', 'source': 'ended officially in 1904 when it was attached to Trabelsdorf'}]",
3053,LISIATYCZE,Stanislawow,Poland,Ukraine,,,,[],[],
3054,LISICHANSK,Voroshilovgrad,Ukraine,,jews_arrived,18LX,Jews probably settled... in the late 19th cent.,"[{'lang': 'rus', 'name': 'Lisichya Balka'}, {'lang': 'rus', 'name': 'Lisichi Buyerak'}]",[],
3055,LISNIAKI,Poltava,Ukraine,,,,,[],[],
3056,LITENE,Livonia,Latvia,,POP,1930,The J. pop. in 1930 was 16.,[],[],
3057,LITENI,Moldavia,Rumania,,jews_arrived,18MX,Jews settled in the mid-19th cent.,[],[],
3058,LITIN,Vinnitsa,Ukraine,,first_mention,1578,Jews are first mentioned in 1578,[],[],
3059,LITOMERICE,Bohemia,Czechoslovakia,,first_mention,10MX,J. wine and salt merchants are mentioned in the mid-11th cent.,[],[],
3060,LIUBAN (I),Minsk,Belorussia,,jews_arrived,19EX,Jews probably settled in the early 19th cent.,[],[],
3061,LIUBAN (II),Leningrad,Russia,,jews_arrived,18LX,Jews probably settled around the turn of the 19th cent.,[],[],
3062,LIUDINOVO,Oriol,Russia,/,jews_arrived,18LX,Jews probably settled in the late 19th cent.,[],[],/
3063,LIUDVINAVAS,Marijampole,Lithuania,/,jews_arrived,1742,Jews began settling here in 1742.,"[{'lang': 'yid', 'name': 'Ludvinove'}]","[{'event': 'World War I', 'year': '1914–1918', 'impact': 'many Jews left', 'source': 'Fires and WWI caused many Jews to leave.'}]",/
3064,LIVADA,N. Transylvania,Rumania,/,jews_arrived,17LX,Jews settled in the late 18th cent.,"[{'lang': 'hun', 'name': 'Sarkoz'}]",[],/
3065,LIVANI,Latgale,Latvia,/,community_present,18EX,A small community existed in the first half of the 19th cent.,[],[],/
3066,LIVNY,Oriol,Russia,/,jews_arrived,18LX,J. settlement dates from the late 19th cent.,[],[],/
3067,LIW,Lublin,Poland,/,jews_present,16EX,Jews were present by the early 17th cent.,[],[],/
3068,LJUBLJANA,Slovenia,Yugoslavia,Republic of Slovenia,community_present,11LX,A J. community existed at the end of the 12th cent.,"[{'lang': 'ger', 'name': 'Laibach'}]","[{'event': 'Expulsion', 'year': '1515', 'impact': 'Jews expelled', 'source': 'Under Austro-Hungarian rule the Jews were expelled in 1515.'}]",/
3069,LJUTA,Carpatho-Russia,Czechoslovakia,Ukraine,jews_arrived,18EX,Jews probably settled in the early 19th cent.,"[{'lang': 'hun', 'name': 'Havaskoz'}, {'lang': 'yid', 'name': 'Lita'}]",[],/
3070,LOBZENICA,Poznan,Poland,/,jews_arrived,14LX,Jews apparently settled in the late 15th cent.,[],"[{'event': 'Swedish war', 'year': 'mid-17th cent.', 'impact': 'Jews suffered greatly', 'source': 'They suffered greatly in the Swedish war of the mid-17th cent.'}, {'event': 'Depredations of Stefan Czarniecki', 'year': 'mid-17th cent.', 'impact': 'heavy depredations', 'source': 'particularly from the depredations of Stefan Czarniecki'}]",/
3071,LOCHEM,Gelderland,Holland,/,first_mention,13XX,A J. presence is recorded in the 14th cent.,[],[],/
3072,LODZ,Lodz,Poland,/,jews_arrived,17LX,Jews first settled at the end of the 18th cent.,[],[],/
3073,LOERRACH,Baden,Germany,/,jews_arrived,16MX,Jews first settled after the Thirty Years War (1618–48),[],[],/
3074,LOETZEN,East Prussia,Germany,Poland,community_founded,1813,A small group of Jews from Flatow established a permanent settlement in 1813.,"[{'lang': 'pol', 'name': 'Gizycko'}]",[],/
3075,LOEV,Gomel,Belorussia,/,jews_arrived,15XX,Jews probably settled in the 16th cent.,[],[],/
3076,LOEWEN,Lower Silesia,Germany,Poland,POP,1849,"The J. pop. was 28 (total 1,600) in 1849 and 80 in 1880.","[{'lang': 'pol', 'name': 'Lewin Brzeski'}]",[],/
3077,LOEWENBERG,Lower Silesia,Germany,Poland,jews_present,13MX,Jews inhabited a Street of the Jews by the mid-14th cent.,"[{'lang': 'pol', 'name': 'Lwowek Slaski'}]","[{'event': 'Imprisonment and expulsion', 'year': '1453', 'impact': 'Jews imprisoned and expelled', 'source': 'In 1453, the Jews of L. were imprisoned and then expelled from the city'}]",/
3078,LOGOYSK,Minsk,Belorussia,,jews_arrived,17EX,Jews probably settled in the first half of the 18th cent.,[],[],
3079,LOHISZYN,Polesie,Poland,Belarus,POP,1897,"The J. pop. numbered 1,587 in 1897",[],[],
3080,LOHRA,Hesse,Germany,,POP,1933,the L. community numbered 35 ... in 1933,[],[],
3081,LOHR-AM-MAIN,Lower Franconia,Germany,,jews_present,1298,Jews were victims of the Rindfleisch massacres of 1298,[],"[{'event': 'Rindfleisch massacres', 'year': '1298', 'impact': 'Jews were victims', 'source': 'Jews were victims of the Rindfleisch massacres of 1298'}]",
3082,LOHRHAUPTEN,Hesse-Nassau,Germany,,community_present,17XX,"Dating from the 18th cent., the J. community",[],[],
3083,LOKACZE,Volhynia,Poland,Ukraine,first_mention,1569,Jews are first recorded in 1569,[],"[{'event': 'Chmielnicki massacres', 'year': '1648–1649', 'impact': 'Jews fled', 'source': 'fleeing during the Chmielnicki massacres of 1648-49'}]",
3084,LOKHVITSA,Poltava,Ukraine,,jews_arrived,16EX,Jews settled in the first half of the 17th cent.,[],"[{'event': 'Cossack raid', 'year': '1636', 'impact': 'Many Jews killed', 'source': 'Many were killed in a Cossack raid in 1636'}]",
3085,LOKNYA,Kalinin,Russia,,jews_arrived,18LX,Jews probably settled at the turn of the 19th cent.,[],[],
3086,LOLLAR,Hesse,Germany,,POP,1871,Numbering 62 in 1871,[],[],
3087,LOMAZY,Lublin,Poland,,jews_arrived,15LX,Jews probably settled in the late 16th cent.,[],[],
3088,LOMIANKI GORNE,Warsaw,Poland,,POP,1921,The J. pop. in 1921 was 130,[],[],
3089,LOMNA,Lwow,Poland,Ukraine,community_present,18XX,The small 19th cent. community,[],[],
3090,LOMZHA,Bialystok,Poland,,community_present,1494,An organized community ... already existed by 1494,[],[],
3091,LONDORF,Hesse,Germany,,jews_arrived,1650,Jews first settled in 1650,[],[],
3092,LONKA RUSTYKALNA,Lwow,Poland,Ukraine,POP,1921,The J. pop. in 1921 was 150,[],[],
3093,LOPATYN,Tarnopol,Poland,Ukraine,jews_arrived,18EX,Jews arrived around the beginning of the 19th cent.,[],[],
3094,LOPIANKA,Lublin,Poland,,POP,1921,The J. pop. was 224 (total 421) in 1921.,[],[],
3095,LOPUSZNO,Kielce,Poland,,jews_present,18XX,Jews formed a majority of the pop. in the 19th cent.,[],[],
3096,LORINCI,Nograd,Hungary,,jews_arrived,18EX,Jews settled in the early 19th cent.,[],[],
3097,LORSCH,Hesse,Germany,,community_founded,18EX,Established before 1750,[],[],
3098,LOSHA,Minsk,Belorussia,,POP,1808,The J. pop. was 16 in 1808,[],[],
3099,LOSIACZ,Tarnopol,Poland,Ukraine,POP,1921,The J. pop. in 1921 was 104.,[],[],
3100,LOSICE,Lublin,Poland,,jews_present,15EX,Jews were present by the early 16th cent.,[],[],
3101,LOSTICE,Moravia,Czechoslovakia,,first_mention,1544,Seven J. families are mentioned in 1544.,[],[],
3102,LOTOWA,Polesie,Poland,Belarus,community_founded,1847,"This J. farm community, founded in 1847",[],[],
3103,LOUNY,Bohemia,Czechoslovakia,,community_present,13XX,"By the 14th cent., Jews inhabited their own quarter and maintained a synagogue and cemetery.",[],[],
3104,LOVASBERENY,Fejer,Hungary,,jews_present,16XX,Jews were probably present under the Turks in the 17th cent.,[],[],
3105,LOVIN,Chernigov,Ukraine,,community_founded,1837,founded in 1837 as a J. farm settlement,[],[],
3106,LOVOSICE,Sudetenland,Czechoslovakia,,community_founded,1541,community is believed to have been founded by Jews expelled from Litomerice in 1541,[],[],
3107,LOWICZ,Lodz,Poland,,jews_present,17LX,Permission for Jews to live in L. was granted only at the end of the 18th cent.,[],[],
3108,LOZA,Carpatho-Russia,Czechoslovakia,Ukraine,jews_arrived,17MX,J. settlement probably began in the mid-18th cent.,"[{'lang': 'hun', 'name': 'Fuzesmezo'}]",[],
3109,LOZOVAYA,Kharkov,Ukraine,,POP,1897,"Jews numbered 813 (total 3,717) in 1897",[],[],
3110,LUBACZOW,Lwow,Poland,Ukraine,first_mention,1498,Jews are mentioned from 1498.,[],"[{'event': 'Chmielnicki massacres', 'year': '1648–1649', 'impact': 'community suffered grievously', 'source': 'The community suffered grievously in the Chmielnicki massacres of 1648-49.'}]",
3111,LUBANA,Vidzeme,Latvia,,POP,1935,The J. pop. in 1935 was 53.,[],[],
3112,LUBAR,Zhitomir,Ukraine,,jews_arrived,16EX,J. settlement commenced in the early 17th cent.,[],"[{'event': 'Chmielnicki massacres', 'year': '1648–1649', 'impact': 'community suffered', 'source': 'The community suffered in the Chmielnicki massacres of 1648-49.'}]",
3113,LUBARTOW,Lublin,Poland,,community_founded,17XX,was only reestablished in the 18th cent.,[],"[{'event': 'Chmielnicki massacres', 'year': '1648–1649', 'impact': 'community destroyed', 'source': 'the community was destroyed in the Chmielnicki massacres of 1648-49'}]",
3114,LUBCZA,Nowogrodek,Poland,Belarus,community_present,16XX,A J. community apparently existed by the 17th cent.,[],[],
3115,LUBELLA,Lwow,Poland,Ukraine,POP,1921,The J. pop. in 1921 was 112.,[],[],
3117,LUBICZ,Warsaw,Poland,,community_present,18XX,A J. community existed in the 19th cent.,[],[],
3118,LUBIEN,Warsaw,Poland,,jews_arrived,17LX,Jews probably settled in the second half of the 18th cent.,[],[],
3119,LUBIEN WIELKI,Lwow,Poland,Ukraine,POP,1921,A small J. community of 197 residents in 1921,[],[],
3120,LUBIESZOW,Volhynia,Poland,Ukraine,jews_present,16MX,The Jews of L. fled in the Chmielnicki massacres of 1648-49.,[],"[{'event': 'Chmielnicki massacres', 'year': '1648–1649', 'impact': 'Jews fled', 'source': 'The Jews of L. fled in the Chmielnicki massacres of 1648-49.'}]",
3121,LUBLIN (I),Bessarabia,Rumania,Republic of Moldova,community_founded,1842,This J. settlement was first established in 1842,[],[],
3122,LUBLIN (II),Lublin,Poland,,first_mention,14XX,First mentioned in the 15th cent.,[],[],
3123,LUBLINIEC,Silesia,Poland,,jews_arrived,17XX,Jews arrived in the 18th cent.,[],[],
3124,LUBNY,Poltava,Ukraine,,jews_arrived,16EX,Jews settled in the first half of the 17th cent.,[],"[{'event': 'Pavliuk revolt', 'year': '', 'impact': 'Jews among defenders and victims', 'source': ""Jews were among the town's defenders and victims in the Pavliuk revolt""}]",
3125,LUBOML,Volhynia,Poland,Ukraine,first_mention,1370–1382,Jews are recorded in 1370-82.,[],[],
3126,LUBOTIN,Kharkov,Ukraine,,,,,[],[],
3127,LUBRANIEC,Warsaw,Poland,,first_mention,16LX,Jews are known from the late 17th cent.,[],[],
3128,LUBYCZA KROLEWSKA,Lwow,Poland,Ukraine,POP,1900,"Jews comprised as much as 90% of the pop., numbering 821 in 1900.",[],"[{'event': 'World War I impacts', 'year': '1914–1918', 'impact': '60 orphans; homes ruined', 'source': 'WWI left the community with 60 orphans and ruined homes'}]",
3129,LUCENEC,Slovakia,Czechoslovakia,Republic of Slovakia,jews_arrived,17XX,Jews settled in the 18th cent.,"[{'lang': 'hun', 'name': 'Losonc'}]",[],
3130,LUCHINETS,Vinnitsa,Ukraine,,POP,1765,The J. pop. was 432 in 1765,[],[],
3131,LUCK,Volhynia,Poland,,jews_present,14EX,Jews were living in L. in the early 15th cent.,[],[],
3132,LUCKENWALDE,Brandenburg,Germany,,jews_arrived,1763,Uninterrupted J. settlement began only in 1763.,[],[],
3133,LUDBREG,Croatia,Yugoslavia,Republic of Croatia,community_present,18LX,A J. community was active from the second half of the 19th cent.,[],[],
3134,LUDENEVICHI,Polesie,Belorussia,,POP,1897,The J. pop. was 167 (total 985) in 1897.,[],[],
3135,LUDUS,S. Transylvania,Rumania,,community_founded,1872,A J. community was founded in 1872.,"[{'lang': 'hun', 'name': 'Marosludas'}]",[],
3136,LUDWIGSBURG,Wuerttemberg,Germany,,jews_arrived,1725,The first Jews to settle in 1725 were Court Jews,[],[],
3137,LUDWIGSHAFEN,Palatinate,Germany,,jews_arrived,18MX,The J. settlement developed with the growth of the city from the mid-19th cent.,[],[],
3138,LUDWIPOL,Volhynia,Poland,Ukraine,POP,1897,"The Jews numbered 1,210 (of a total 1,498) in 1897",[],[],
3139,LUDZA,Latgale,Latvia,,community_present,15XX,"According to tradition, a small community existed in the 16th cent.","[{'lang': 'yid', 'name': 'Lutsin'}]","[{'event': 'Ivan the Terrible’s campaign', 'year': '1577', 'impact': 'community fled', 'source': ""the Jews fleeing on the approach of Ivan the Terrible's soldiers in 1577""}]",
3140,LUEBBECKE,Westphalia,Germany,,community_present,13MX,The medieval J. community was destroyed in the Black Death persecutions of 1348–49.,[],"[{'event': 'Black Death persecutions', 'year': '1348–1349', 'impact': 'medieval community destroyed', 'source': 'destroyed in the Black Death persecutions of 1348–49.'}, {'event': 'Expulsion', 'year': '16XX', 'impact': 'all Jews apparently expelled', 'source': 'A few J. merchants were present in the 16th cent. but all Jews were apparently expell…'}]",
3141,LUEBBEN,Brandenburg,Germany,,community_founded,1857,In 1857 an independent community was set up,[],[],
3142,LUEBECK,Free Hanseatic city,Germany,,jews_present,16MX,No Jews were admitted ... (1230–1535) and for over 100 years thereafter. Of the two J. families permitted to live,[],[],
3143,LUEDENSCHEID,Westphalia,Germany,,first_mention,1690,Jews are first mentioned in 1690,[],[],
3144,LUEDINGHAUSEN,Westphalia,Germany,,jews_arrived,19EX,Jews settled in the early 19th cent.,[],[],
3145,LUELSFELD,Lower Franconia,Germany,,POP,1816,Jews numbered 68 in 1816,[],[],
3146,LUENEBURG,Hanover,Germany,,community_present,12XX,A J. community existed in the 13th cent.,[],"[{'event': 'Black Death persecutions', 'year': '1348–1349', 'impact': 'community destroyed', 'source': 'it was destroyed in the Black Death persecutions of 1348–49'}]",
3147,LUENEN,Westphalia,Germany,,first_mention,1660,Jews are first mentioned in 1660,[],[],
3148,LUETZELSACHSEN,Baden,Germany,,community_present,1825,A J. community of nearly 100 was present in 1825,[],[],
3149,LUGA,Leningrad,Russia,,jews_arrived,19MX,J. settlement probably commenced in the mid-19th cent.,[],[],
3150,LUGINI,Zhitomir,Ukraine,,jews_present,16MX,Jews were present before the Chmielnicki massacres of 1648–49,[],"[{'event': 'Chmielnicki massacres', 'year': '1648–1649', 'impact': '20 fled', 'source': '20 fleeing on the approach of the Cossacks'}]",
3151,LUGOJ,S. Transylvania,Rumania,,jews_arrived,18EX,Jews first settled in the early 18th cent.,"[{'lang': 'hun', 'name': 'Lugos'}]",[],
3152,LUJENI,Bukovina,Rumania,,jews_arrived,17XX,Jews settled in the 18th cent.,[],[],
3153,LUKASHEVKA,Vinnitsa,Ukraine,,POP,1765,Jews numbered 35 in 1765,[],[],
3154,LUKOML,Vitebsk,Belorussia,,POP,1766,The J. pop. was 131 in 1766,[],[],
3155,LUKOV,Slovakia,Czechoslovakia,Republic of Slovakia,community_founded,19MX,The community is believed to have been founded in the mid-19th cent.,[],[],
3156,LUKOW,Lublin,Poland,,jews_present,12MX,Jews may have been present by the mid-13th cent.,[],[],
3157,LUKOWA,Lublin,Poland,,jews_present,19XX,Jews were present in the 19th cent.,[],[],
3158,LUKY,Slovakia,Czechoslovakia,Slovakia,jews_arrived,17EX,"Jews probably settled in the early 18th cent., possibly before.",[],[],
3159,LUNCA BRADULUI,N. Transylvania,Rumania,,jews_arrived,18LX,Jews settled in the late 19th cent.,"[{'lang': 'hun', 'name': 'Palotailva'}]",[],
3160,LUNCA DE JOS,N. Transylvania,Rumania,,community_present,19EX,An organized J. community existed in the early 20th cent.,"[{'lang': 'hun', 'name': 'Gyimeskozeplak'}]",[],
3161,LUNEVILLE,Meurthe-et-Moselle,France,,first_mention,1470,Several Jews are mentioned in L. in 1470-72.,[],[],
3162,LUNINIEC,Polesie,Poland,Belarus,community_founded,1895,The first synagogue was built in 1895,[],[],
3163,LUNNA,Bialystok,Poland,Belarus,community_present,18MX,A small organized community existed in the mid-19th cent.,[],[],
3164,LUNOCHARSKOE,Vitebsk,Belorussia,,jews_present,19MX,Thirty-one J. farming families were present in the mid-1920s.,[],[],
3165,LUOKE,Telsai,Lithuania,,jews_arrived,16XX,Jews first settled here in the 17th cent.,"[{'lang': 'yid', 'name': 'Luknik'}]","[{'event': 'Fire', 'year': '1887', 'impact': 'devastating fire', 'source': 'A devastating fire in 1887'}, {'event': 'Blood libel', 'year': '1888', 'impact': 'accusation led to unrest', 'source': 'a blood libel ... in 1888'}, {'event': 'Pogrom', 'year': '1888', 'impact': 'pogrom followed the blood libel', 'source': 'the resulting pogrom in 1888'}]",
3166,LUPENI,S. Transylvania,Rumania,,jews_arrived,18LX,Jews first settled in 1870-80.,"[{'lang': 'hun', 'name': 'Lupeny'}]","[{'event': 'World War I', 'year': '1914–1918', 'impact': 'most Jews fled; others arrived from elsewhere', 'source': 'During WWI, most Jews fled and J. families from other areas settled.'}]",
3167,LUPOLOVO,Mogilev,Belorussia,,jews_present,1930,employed 33 J. families in 1930,[],[],
3168,LUTOMIERSK,Lodz,Poland,,community_founded,17LX,In the 1780s a wooden synagogue was built,[],[],
3169,LUTOWISKA,Lwow,Poland,Ukraine,jews_arrived,19EX,Jews settled in the early 19th cent.,[],"[{'event': 'World War I', 'year': '1914–1915', 'impact': 'most fled before the Russians', 'source': 'Most fled before the Russians in WWI'}]",
3171,LUXEMBOURG,,Luxembourg,,first_mention,1279,Jews are first mentioned in 1279.,[],"[{'event': 'Black Death persecutions', 'year': '1349', 'impact': 'local Jews massacred; remainder expelled from the cities', 'source': 'In 1349, during the Black Death persecutions, local Jews were massacred and the remainder expelled'}]",
3172,LUZE,Bohemia,Czechoslovakia,,first_mention,1620,Jews are mentioned in 1620,[],[],
3173,LUZHKI,Vilna,Poland,,community_present,17MX,A small community existed in the mid-18th cent.,[],[],
3174,LVOVO,Nikolaiev,Ukraine,,community_founded,1841,founded as a J. colony in 1841 by Jews from the Vitebsk and Mogilev regions,[],[],
3175,LWOW,Lwow,Poland,Ukraine,jews_arrived,09XX,The first Jews to settle in L. arrived... in the tenth cent.,"[{'lang': 'rus', 'name': 'Lvov'}, {'lang': 'ger', 'name': 'Lemberg'}]",[],
3176,LWOWEK,Poznan,Poland,,jews_arrived,15LX,Jews settled in the late 16th cent.,[],"[{'event': 'community organized', 'year': '17XX', 'impact': '', 'source': 'forming an organized community in the 17th'}]",
3177,LYADY,Vitebsk,Belorussia,,first_mention,17MX,Jews are first mentioned in the mid-18th cent.,[],[],
3178,LYANTSKORUN,Kamenets-Podolski,Ukraine,,POP,1765,The J. pop. was 609 in 1765,"[{'lang': 'ukr', 'name': 'Zarechanka'}]",[],
3179,LYCK,East Prussia,Germany,Poland,jews_present,1698,as early as 1698 there is evidence of the presence of J. traders,"[{'lang': 'pol', 'name': 'Elk'}]",[],
3180,LYDUVENAI,Raseiniai,Lithuania,,jews_present,1662,There were several Jews here in 1662,"[{'lang': 'yid', 'name': 'Lidevian'}, {'lang': 'yid', 'name': 'Lidovian'}]",[],
3181,LYGUMAI,Siauliai,Lithuania,,jews_arrived,17XX,Jews first settled in the 18th cent.,[],[],
3182,LYNGMIANY,Vilna,Poland,Belarus,jews_arrived,18MX,Jews probably settled in the 1850s,[],[],
3183,LYNTOPY,Vilna,Poland,Belarus,jews_arrived,18EX,Jews probably settled in the first half of the 19th cent.,[],[],
3184,LYON,Rhone,France,,community_present,08EX,There was a flourishing J. community in the beginning of the ninth cent.,[],"[{'event': 'expulsion', 'year': '1250', 'impact': 'Jews expelled; absent for ~a century', 'source': 'The Jews were expelled in 1250 and for a century they were'}]",
3185,LYSIANKA,Kiev,Ukraine,,jews_arrived,16LX,Jews settled in the late 17th cent.,[],"[{'event': 'Haidamak attack', 'year': '1702', 'impact': 'looting of Jewish property', 'source': 'The Haidamaks looted J. property in 1702'}, {'event': 'Haidamak attack', 'year': '1768', 'impact': 'looting with a number of fatalities', 'source': 'again in 1768 with a number of fatalities'}]",
3186,LYSIEC,Stanislawow,Poland,Ukraine,community_present,17XX,The community began to grow in the 18th cent.,[],"[{'event': 'World War I destruction', 'year': '1914–1918', 'impact': 'town virtually destroyed', 'source': 'The town was virtually destroyed in WWI by the Russ'}]",
3187,LYSKOW,Bialystok,Poland,Belarus,jews_arrived,15XX,Jews are believed to have settled in the 16th cent.,[],[],
3188,LYSAIA GORA,Odessa,Ukraine,,jews_arrived,,Jews settled,[],[],
3189,LYSOBYKI,Lublin,Poland,,jews_present,17EX,"Jews, present from the mid-18th cent.",[],[],
3190,LYSZKOWICE,Lodz,Poland,,POP,1897,The J. pop. in 1897 was 373,"[{'lang': 'yid', 'name': 'Liskewitz'}]",[],
3191,LYTOMYSL,Bohemia,Czechoslovakia,,jews_arrived,18LX,Jews apparently settled only in the late 19th cent.,[],[],
3192,LYUBASHEVKA,Odessa,Ukraine,,,,,[],[],
3193,LYUBAVICHI,Smolensk,Russia,,community_present,,L. became famous as the center of Habad Hasidism after R. Dov Baer ... transferred his seat there,[],[],
3194,LYUBONICHI,Mogilev,Belorussia,,POP,1819,The J. pop. was 247 in 1819,[],"[{'event': 'riot/assault by soldiers', 'year': '', 'impact': 'Jews beaten and robbed', 'source': 'Rioting Polish soldiers beat and robbed Jews in March'}]",
3195,MAASSLUIS,Zuid-Holland,Holland,,community_founded,17XX,A J. community was established in the 18th cent.,[],[],
3196,MAASTRICHT,Limburg,Holland,,community_founded,17LX,Settlement began again after the mid-18th cent. and a communi-,[],"[{'event': 'community destroyed', 'year': '14th cent.', 'impact': 'medieval community destroyed', 'source': 'was destroyed in the 14th cent.'}]",
3197,MACIEJOW,Volhynia,Poland,Ukraine,first_mention,1563,Jews are first recorded in 1563,[],[],
3198,MACIEJOWICE,Lublin,Poland,,community_present,18EX,The J. community developed in the first half of the 19th cent.,[],[],
3199,MACZULKI,Volhynia,Poland,Ukraine,POP,1921,The J. pop. in 1921 was 103,[],[],
3200,MAD,Zemplen,Hungary,,jews_arrived,17EX,Jews from Moravia and Poland settled in the first half of the 18th cent.,"[{'lang': 'hun', 'name': 'Hegyalja-Mad'}]",[],
3201,MADFELD,Westphalia,Germany,,jews_present,17EX,One J. family was present in the first quarter of the 18th cent.,[],[],
3202,MADONA,Vidzeme,Latvia,,,,,[],[],
3203,MAERKISCH-FRIEDLAND,Posen-West,Germany,Poland,community_present,17MX,An organized J. community ... existed in the mid-18th century,"[{'lang': 'pol', 'name': 'Miroslawiec'}]",[],
3204,MAGDEBURG,Saxony,Germany,,first_mention,965,Jews are first mentioned in M. in 965,[],[],
3205,MAGIEROW,Lwow,Poland,Ukraine,jews_present,15XX,Jews were present from the 16th cent.,[],[],
3206,MAGLOD,Pest-Pilis-Solt-Kiskun,Hungary,,jews_arrived,17EX,Jews settled in the early 18th cent.,[],[],
3207,MAGNUSZEW,Kielce,Poland,,jews_arrived,18EX,Jews settled in the early 19th cent.,[],[],
3208,MAGOCS,Baranya,Hungary,,jews_arrived,1769,"In 1769, a J. family was allowed to settle",[],[],
3209,MAGYARBANHEGYES,Csanad,Hungary,,jews_arrived,18LX,Jews settled in the late 19th cent.,[],[],
3210,MAHARES,Sfax,Tunisia,,jews_arrived,19EX,Jews settled in the early 20th cent.,[],"[{'event': 'emigration', 'year': '', 'impact': 'most left', 'source': 'Most left after WWI.'}]",
3211,MAHDIA,Mahdia,Tunisia,,jews_arrived,09XX,settlement commenced soon after the founding of the town in the tenth cent.,[],[],
3212,MAINBERNHEIM,Lower Franconia,Germany,,first_mention,13LX,Jews are first mentioned in the late 14th cent.,[],[],
3213,MAINSTOCKHEIM,Lower Franconia,Germany,,first_mention,1594,Jews are first mentioned in 1594.,[],"[{'event': 'refugee settlement', 'year': '1771', 'impact': 'refugees from Kitzingen settled', 'source': 'In 1771 refugees from Kitzingen settled there.'}]",
3214,MAINZ,Hesse,Germany,,community_founded,09EX,Established by Italian immigrants in the early tenth cent.,"[{'lang': 'fra', 'name': 'Mayence'}, {'lang': 'heb', 'name': 'Magentsa'}]","[{'event': 'banishment', 'year': '1012', 'impact': 'community temporarily banished', 'source': 'was temporarily banished in 1012'}]",
3215,MAJDAN (I),Lwow,Poland,,community_present,18MX,An organized J. community existed in the mid-19th cent.,[],[],
3216,MAJDAN (II),Carpatho-Russia,Czechoslovakia,Ukraine,jews_arrived,18EX,J. settlement probably began at the turn of the 19th cent.,"[{'lang': 'hun', 'name': 'Majdanka'}]",[],
3217,MAKAROV,Kiev,Ukraine,,POP,1765,The J. pop. included 217 taxpayers in 1765,[],"[{'event': 'White Army attack', 'year': '1918', 'impact': 'attack on Jews', 'source': ""In 1918, General Denikin's White Army troops attacked""}]",
3218,MAKEYEVKA,Stalino,Ukraine,,jews_arrived,18LX,Jews probably settled in the late 19th cent.,[],[],
3219,MAKO,Csanad,Hungary,,community_founded,1740,The modern community dates from 1740.,"[{'lang': 'heb', 'name': 'Makava'}]",[],
3220,MAKOV,Kamenets-Podolski,Ukraine,,jews_present,1787,The J. pop. in 1787 was 117,[],[],
3221,MAKOW MAZOWIECKI,Warsaw,Poland,,jews_present,15LX,A J. settlement is known from the second half of the 16th cent.,[],"[{'event': 'devastating fire', 'year': '1620', 'impact': 'community struck by fire', 'source': 'The community was struck by a devastating fire in 1620'}, {'event': 'mid-17th century hardships', 'year': 'mid-17th cent.', 'impact': 'suffered grievously', 'source': 'suffered grievously in the mid-cent.'}]",
3222,MAKOW PODHALANSKI,Cracow,Poland,,community_present,18LX,A community of 100-200 Jews existed from the late 19th cent.,[],"[{'event': 'interwar antisemitism', 'year': 'between the World Wars', 'impact': 'antisemitism frequent', 'source': 'Antisemitism was frequent between the World Wars'}]",
3223,MALACKY,Slovakia,Czechoslovakia,Republic of Slovakia,jews_arrived,17EX,Jews probably settled in the 1730s,[],[],
3224,MALA DOBRON,Carpatho-Russia,Czechoslovakia,Ukraine,jews_arrived,18EX,Jews probably arrived in the early 19th cent.,"[{'lang': 'hun', 'name': 'Kis-Dobron'}, {'lang': 'yid', 'name': 'Klayn Dobron'}]",[],
3225,MALAYA VISHERA,Leningrad,Russia,,jews_arrived,18MX,Jews settled in the mid-19th cent.,[],[],
3226,MALAYA VISKA,Kirovograd,Ukraine,,jews_arrived,18LX,Jews probably settled in the late 19th cent.,[],[],
3227,MALECZ,Polesie,Poland,Belarus,jews_arrived,15LX,Jews settled in the late 16th cent.,[],[],
3228,MALE LOTWA,Nowogrodek,Poland,Belarus,POP,19XX,The J. pop. was about 100 between the World Wars,[],[],
3229,MALE SARLUZKY,Slovakia,Czechoslovakia,Republic of Slovakia,POP,19EX,The J. pop. was over 100 in the early 20th cent.,[],[],
3230,MALE SIEDLISZCZE,Volhynia,Poland,Ukraine,community_founded,1851,founded as a J. farm settlement in 1851,[],[],
3231,MALI IDJOS,Vojvodina,Yugoslavia,,community_present,18XX,A community existed from the 19th cent.,[],[],
3232,MALIN,Zhitomir,Ukraine,,POP,1847,"The J. pop. was 1,064 in 1847 and 4,256 in 1897",[],[],
3233,MALKINIA GORNA,Bialystok,Poland,,community_present,18LX,An independent community existed from the late 19th cent.,[],[],
3234,MALOGOSZCZ,Kielce,Poland,,jews_present,1897,"In 1897, 465 Jews were present",[],[],
3235,MALOIAROSLAVETS,Moscow,Russia,,jews_arrived,19EX,Jews probably settled in the early 20th cent.,[],[],
3236,MALORYTA,Polesie,Poland,Belarus,jews_arrived,18LX,Jews settled in the late 19th cent.,[],[],
3237,MALSCH BEI KARLSRUHE,Baden,Germany,,jews_arrived,16MX,Jews first settled during the Thirty Years War (1618–48),[],[],
3238,MALSCH BEI WIESLOCH,Baden,Germany,,jews_arrived,16LX,The first Jews settled in the late 17th cent.,[],[],
3239,MALTA,Latgale,Latvia,:null,jews_present,1873,Five J. families were present in 1873,"[{'lang': 'lav', 'name': 'Silmala'}]",[],:null
3240,MALY BEREZNY,Carpatho-Russia,Czechoslovakia,Ukraine,jews_arrived,17MX,Jews arrived in the mid-18th cent.,"[{'lang': 'hun', 'name': 'Kisberezna'}, {'lang': 'yid', 'name': 'Klayn Berezna'}]",[],:null
3241,MANDEL,Rhineland,Germany,:null,jews_present,18EX,Ten to 30 Jews lived in M. during the first half of the 19th cent.,[],[],:null
3242,MANDOK,Szabolcs,Hungary,:null,first_mention,1770,Jews are mentioned in 1770,[],[],:null
3243,MANIEWICZE,Volhynia,Poland,Ukraine,POP,1921,The Jews numbered 462 (total 813) in 1921,[],[],:null
3244,MANKOVKA,Kiev,Ukraine,:null,jews_present,17XX,A small number of Jews were present in the 18th cent.,[],[],:null
3245,MANNHEIM,Baden,Germany,:null,jews_arrived,1650,Five J. families ... settled in 1650,[],[],:null
3246,MANSBACH,Hesse-Nassau,Germany,:null,community_founded,1717,large synagogue dating from 1717,[],[],:null
3247,MANTUA,Lombardy,Italy,:null,jews_present,11XX,The J. presence dates back to the 12th cent.,[],[],:null
3248,MARASESTI,Moldavia,Rumania,:null,jews_present,19EX,Early in the 20th cent. a Jew established a chemical factory,[],[],:null
3249,MARBURG,HESSE-NASSAU,Germany,:null,community_present,1317,Jews had a community there in 1317,[],"[{'event': 'Black Death persecutions', 'year': '1348–1349', 'impact': 'community suffered massacres', 'source': 'fell victim to the Black Death massacres of 1348-49'}, {'event': 'Expulsion', 'year': 'before 1452', 'impact': 'Jews expelled', 'source': 'were expelled before 1452'}]",:null
3250,MARCALI,Somogy,Hungary,:null,jews_arrived,17EX,Jews settled in the early 18th cent.,[],[],:null
3251,MARCKOLSHEIM,Bas-Rhin,France,:null,community_present,1784,The J. community numbered 47 members in 1784,"[{'lang': 'ger', 'name': 'Markolsheim'}]",[],:null
3252,MARCULESTI-COLONIE,Bessarabia,Rumania,Republic of Moldova,community_founded,1837,established by migrants from the Ukraine in 1837,[],[],:null
3253,MARDORF,Hesse-Nassau,Germany,:null,community_founded,1860,The J. community had a synagogue in 1860,[],[],:null
3254,MARENICENI,Bukovina,Rumania,Ukraine,POP,1930,The J. pop. in 1930 was 15-20 families,[],[],:null
3255,MARGANETS,Dnepropetrovsk,Ukraine,,jews_arrived,19XX,Jews apparently settled in the 1920s,[],[],
3256,MARGHITA,N. Transylvania,Rumania,,community_present,17MX,An organized J. community existed in the mid-18th cent.,"[{'lang': 'hun', 'name': 'Margita'}, {'lang': 'yid', 'name': 'Margareten'}]",[],
3257,MARIAMPOL,Stanislawow,Poland,Ukraine,jews_arrived,16LX,Jews settled in the second half of the 17th cent.,[],"[{'event': 'great fire', 'year': '1912', 'impact': '', 'source': 'A great fire in 1912'}]",
3258,MARIANSKE LAZNE,Bohemia,Czechoslovakia,,jews_arrived,1820,Jews settled from 1820,"[{'lang': 'ger', 'name': 'Marienbad'}]",[],
3259,MARIAPOCS,Szabolcs,Hungary,,first_mention,1770,Jews are mentioned in 1770,[],[],
3260,MARIBOR,Slovenia,Yugoslavia,Republic of Slovenia,jews_present,11XX,Jews lived in M. from the 12th cent.,"[{'lang': 'ger', 'name': 'Marburg'}]",[],
3261,MARIENBURG,East Prussia,Germany,Poland,jews_arrived,1815,Jews settled in 1815,"[{'lang': 'pol', 'name': 'Malbork'}]",[],
3262,MARIENTHAL,Palatinate,Germany,,POP,,The J. pop. was 110 ... in 1848,[],[],
3263,MARIENWERDER,East Prussia,Germany,Poland,jews_arrived,1798,The first J. family settled in 1798,"[{'lang': 'pol', 'name': 'Kwidzyn'}]",[],
3264,MARIJAMPOLE,Marijampole,Lithuania,,jews_arrived,17XX,Jews first settled in the 18th cent.,"[{'lang': 'yid', 'name': 'Mariampol'}]",[],
3265,MARIKOVA,Slovakia,Czechoslovakia,Republic of Slovakia,POP,,The J. pop. was 150 in 1840 with a synagogue and cemetery in use,[],[],
3266,MARINA GORKA,Minsk,Belorussia,,jews_arrived,18EX,Jews apparently settled at the turn of the 19th cent.,[],[],
3267,MARITEI,Bukovina,Rumania,,POP,,The J. pop. in 1930 was 64,[],[],
3268,MARIUPOL,Stalino,Ukraine,,jews_arrived,18XX,Jews arrived ... in the 19th cent.,[],[],
3269,MARKELSHEIM,Wuerttemberg,Germany,,jews_present,1348,Jews fell victim to the Black Death persecutions of 1348–49,[],"[{'event': 'Black Death persecutions', 'year': '1348–1349', 'impact': '', 'source': 'Jews fell victim to the Black Death persecutions of 1348–49'}]",
3270,MARKI-PUSTELNIK,Warsaw,Poland,,community_founded,18XX,formed a single community in the 19th cent.,"[{'lang': 'yid', 'name': 'Markes'}]",[],
3271,MARKOEBEL,Hesse-Nassau,Germany,,POP,1750,Numbering 33 in 1750,[],[],
3272,MARKOVKA,Vinnitsa,Ukraine,,jews_present,1765,Four Jews were present in 1765,[],[],
3273,MARKOWA,Lwow,Poland,,POP,1921,The J. pop. in 1921 was 126,[],[],
3274,MARKT BEROLZHEIM,Middle Franconia,Germany,,community_present,16EX,A J. community is known from the early 17th cent.,[],[],
3275,MARKTBREIT,Lower Franconia,Germany,,jews_arrived,1636,They settled again from 1636,[],"[{'event': 'Expulsion', 'year': '1553', 'impact': 'Jews expelled', 'source': 'were expelled in 1553'}]",
3276,MARKT ERLBACH,Middle Franconia,Germany,,jews_present,1298,The community suffered in the Rindfleisch massacres of 1298,[],"[{'event': 'Rindfleisch massacres', 'year': '1298', 'impact': 'community suffered', 'source': 'The community suffered in the Rindfleisch massacres of 1298'}]",
3277,MARKTSTEFT,Lower Franconia,Germany,,first_mention,1532,Jews are first mentioned in 1532,[],[],
3278,MARKUSOVCE,Slovakia,Czechoslovakia,Republic of Slovakia,POP,1910,The J. pop. was 114 in 1910,[],[],
3279,MARKUSZOW,Lublin,Poland,,community_present,1766,An independent J. community existed by 1766,[],[],
3280,MAROLDSWEISACH,Lower Franconia,Germany,,community_founded,17EX,The community was founded no later than the first half of the 18th cent.,[],[],
3281,MARSEILLE,Bouches-du-Rhone,France,,first_mention,574,The earliest evidence of a J. presence is from 574,"[{'lang': 'lat', 'name': 'Massalia'}]","[{'event': 'Forced conversion attempt', 'year': '591', 'impact': 'attempt to convert Jews; papal intervention', 'source': 'Bishop Theodore of Marseille attempted to convert the Jews, but Pope Gregory I...'}]",
3282,MARTONVASAR,Fejer,Hungary,,first_mention,1778,Jews are mentioned in 1778,[],[],
3283,MARTYNOVKA (I),Mogilev,Belorussia,,community_founded,1847,M. was founded as a J. colony on private land in 1847,[],[],
3284,MARTYNOVKA (II),Smolensk,Russia,,community_founded,1849,M. was founded as a J. colony in 1849,[],[],
3285,MASSBACH,Lower Franconia,Germany,,community_founded,17EX,community was most likely founded in the early 18th cent.,[],[],
3286,MASSENBACH,Wuerttemberg,Germany,,first_mention,1556,Jews are first recorded in 1556,[],[],
3287,MASSOW,Pomerania,Germany,Poland,first_mention,1705,Jews are mentioned in M. from 1705,"[{'lang': 'pol', 'name': 'Maszewo'}]",[],
3288,MATESZALKA,Szatmar,Hungary,,jews_arrived,17MX,Jews settled in the mid-18th cent.,[],[],
3289,MATEUR,Bizerte,Tunisia,,jews_arrived,15XX,"According to tradition, the first Jews arrived in the 16th cent.",[],[],
3290,MATMATA,Matmata,Tunisia,,community_founded,18EX,an organized community was only established in the early 19th cent.,[],[],
3291,MATTERSDORF,Burgenland,Austria,,jews_present,13MX,By the middle of the 14th c.,[],[],
3292,MAYEN,Rhineland,Germany,,jews_arrived,13XX,Jews first arrived in the 14th cent.,[],"[{'event': 'Black Death persecutions', 'year': '1348–1349', 'impact': 'community came to an end; property expropriated', 'source': 'During the Black Death persecutions of 1348-49, a number of Jews were murdered and the community came to an end, its property expropriate'}]",
3293,MAYFELD,Crimea,Russia,Ukraine,community_founded,1923,founded as a J. agricultural settlement in 1923 by 100 Hehalutz members,[],[],
3294,MAYIAKI,Odessa,Ukraine,,POP,,"Jews numbered 648 (total 4,575) in 1897 and 178 under the Soviets in 1926",[],[],
3295,MAYKOP,Krasnodar territory,Russia,,jews_arrived,18LX,Jews probably settled in the late 19th cent.,[],[],
3296,MAZEIKIAI,Mazeikiai,Lithuania,,jews_arrived,1870,Jews first settled in the 1870s,"[{'lang': 'yid', 'name': 'Mazheik'}]",[],
3297,MECHETYNSKAYA,Rostov,Russia,,community_present,19XX,comprising local residents and refugees,[],[],
3298,MECKENHEIM,Rhineland,Germany,,first_mention,1598,First evidence of J. settlement dates back to 1598,[],[],
3299,MECKESHEIM,Baden,Germany,,jews_arrived,1700,Jews arrived in 1700,[],[],
3300,MEDDERSHEIM,Rhineland,Germany,,POP,1855,"In 1855, the J. pop. reached a peak of 55",[],[],
3301,MEDEBACH,Westphalia,Germany,,jews_present,1871,Fifty-one Jews were present in 1871,[],[],
3302,MEDEMBLIK,Noord-Holland,Holland,,jews_arrived,17XX,Small-scale J. settlement began in the 18th cent.,[],[],
3303,MEDENICE,Lwow,Poland,Ukraine,POP,19XX,The community never exceeded 200 (about 10% of the total),[],"[{'event': 'flood', 'year': '1927', 'impact': '90% homeless', 'source': 'A great flood in 1927 left 90% homeless'}]",
3304,MEDENINE,Orgama,Tunisia,,jews_arrived,18MX,J. settlement commenced in the mid-19th cent.,[],[],
3305,MEDGYESEGYHAZA,Csanad,Hungary,,jews_arrived,18LX,Jews settled in the late 19th cent.,[],[],
3306,MEDIAS,S. Transylvania,Rumania,,community_founded,1875,A J. community was founded in 1875,"[{'lang': 'hun', 'name': 'Medgyes'}]",[],
3307,MEDIASUL AURIT,N. Transylvania,Rumania,,jews_arrived,17MX,Jews settled in the mid-18th cent.,"[{'lang': 'hun', 'name': 'Aranyomeggyes'}]",[],
3308,MEDJEZ EL-BAB,Medjez el-Bab,Tunisia,,first_mention,18LX,A J. community is known from the early days of the French Protectorate in the late 19th cent.,[],[],
3309,MEDVEDOVKA,Kirovograd,Ukraine,,jews_arrived,18EX,Jews probably settled in the early 19th cent.,[],[],
3310,MEDYKA,Lwow,Poland,Ukraine,POP,1921,The J. pop. in 1921 was 132,[],[],
3311,MEDZHIBOZH,Kamenets-Podolski,Ukraine,,first_mention,1509,Jews are first mentioned in 1509,[],[],
3312,MEDZILABORCE,Slovakia,Czechoslovakia,Republic of Slovakia,jews_present,17EX,The Jews were apparently present in the early 18th cent.,[],[],
3313,MEERHOLZ,Hesse—Nassau,Germany,,community_founded,17XX,Established in the 18th cent.,[],[],
3314,MEERSSEN,Limburg,Holland,,community_founded,17LX,A community was established at the end of the 18th cent.,[],[],
3315,MEGYASZO,Zemplen,Hungary,,jews_arrived,17LX,Jews settled in the late 18th cent.,[],[],
3316,MEHLEM,Rhineland,Germany,,jews_present,1663,Jews were present in 1663,[],[],
3317,MEHLINGEN,Palatinate,Germany,,POP,1848,The J. pop. was 73 (13 families) in 1848,[],[],
3318,MEHRING,Rhineland,Germany,,community_present,18EX,A J. community developed in the first half of the 19th cent.,[],[],
3319,MEIMBRESSEN,Hesse-Nassau,Germany,,community_present,16MX,Survivors of the Chmielnicki massacres of 1648–49 reinforced the community,[],[],
3320,MEINERZHAGEN,Westphalia,Germany,,first_mention,1806,Jews are first mentioned in 1806,[],[],
3321,MEININGEN,Thuringia,Germany,,jews_present,12XX,The Jews of M. suffered various persecutions in the 13th cent.,[],"[{'event': 'Black Death persecutions', 'year': '1348–1349', 'impact': 'severe persecutions', 'source': 'notably during the Black Death disturbances of 1348–49'}]",
3322,MEISENHEIM,Rhineland,Germany,,first_mention,1551,The first Jew is mentioned in 1551,[],[],
3323,MEISSEN,Saxony,Germany,,community_present,11LX,There was a J. community with a synagogue in the last decade of the 12th cent.,[],"[{'event': 'Black Death persecutions', 'year': '1348–1349', 'impact': 'community came to an end', 'source': 'came to an end in the Black Death persecutions of 1348–49'}]",
3324,MEJSZAGOLA,Vilna,Poland,Lithuania,community_present,1865,A J. community of 354 was present by 1865,[],[],
3325,MELITOPOL,Zaporozhe,Ukraine,,POP,1897,"In 1897, the J. pop. was 6,563",[],"[{'event': 'pogrom attempt thwarted', 'year': '1905-04-18–19', 'impact': '40 stores burned', 'source': 'self-defense units stopped a pogrom but not before 40 stores were burned'}]",
3326,MELLRICHSTADT,Lower Franconia,Germany,,jews_present,12LX,Jews are known from the late 13th cent.,[],"[{'event': 'burnings', 'year': '1283', 'impact': 'four Jews burned', 'source': 'Four were burned in 1283'}, {'event': 'Rindfleisch massacres', 'year': '1298', 'impact': 'victims among local Jews', 'source': 'others fell victim to the Rindfleisch massacres of 1298'}]",
3327,MELNIK,Bohemia,Czechoslovakia,,first_mention,1402,Jews are mentioned in 1402,[],[],
3328,MEKHOVOE,Vitebsk,Belorussia,,POP,19XX,M. was oc-,[],[],
3329,MELSUNGEN,Hesse-Nassau,Germany,,community_founded,1776,Established around 1776,[],[],
3330,MELYKUT,Bacs-Bodrog,Hungary,,POP,1909,The J. pop. was 113 in 1909,[],[],
3331,MEMEL,Memel,Lithuania,,jews_present,1567,In 1567 the Jews of M. were expelled,"[{'lang': 'lit', 'name': 'Klaipeda'}]","[{'event': 'expulsion', 'year': '1567', 'impact': 'Jews expelled', 'source': 'the Jews of M. were expelled'}, {'event': 'readmission', 'year': '1662', 'impact': 'Jews invited back', 'source': ""In 1662 Jews were invited back to help develop M.'s economy""}]",
3332,MEMMELSDORF,Lower Franconia,Germany,,jews_arrived,16MX,Jews first arrived during the Thirty Years War (1618–48),[],[],
3333,MEMMINGEN,Swabia,Germany,,first_mention,12LX,Jews are first mentioned in the second half of the 13th cent.,[],"[{'event': 'Black Death persecutions', 'year': '1348–1349', 'impact': 'community destroyed; Jews burned alive', 'source': 'The community was destroyed in the Black Death persecutions of 1348–49 when the Jews were burned alive'}]",
3334,MENA,Chernigov,Ukraine,,jews_arrived,18XX,Jews settled in the 19th cent.,[],[],
3335,MENDELDORF,Nikolaiev,Ukraine,,POP,19XX,(no pre-1930 details in fragment),[],[],
3336,MENDEN,Westphalia,Germany,,jews_present,16MX,Jews are known from the mid-17th cent.,[],[],
3337,MENGERINGHAUSEN,Hesse,Germany,,community_founded,1800,Established around 1800,[],[],now part of Arolsen
3338,MENZEL BOU-ZELFA,Grombalia,Tunisia,,jews_arrived,18XX,Jews from Nabeul and Tunis settled in the 19th cent.,[],[],
3339,MENZHINSKOYE,Stavropol territory,Russia,,community_founded,1928,founded by Mountain Jews (Tats) as a farm settlement in 1928,"[{'lang': 'rus', 'name': 'Ganshtakovka'}]",[],until 1936 known as Ganshtakovka
3340,MENZINGEN,Baden,Germany,,jews_present,15XX,Jews were present in the 16th cent.,[],[],
3341,MEPPEL,Drenthe,Holland,,jews_arrived,17EX,Jews began to arrive in the early 18th cent.,[],[],
3342,MEPPEN,Hanover,Germany,,jews_present,17XX,A J. family lived in M. in the 18th century,[],[],
3343,MERANO,,Italy,,jews_arrived,1830,"presence dates from 1830, when merchants from Central Europe settled",[],[],
3344,MERCHINGEN,Baden,Germany,,jews_arrived,1648,first Jews settled after the Thirty Years War (1618–48),[],[],
3345,MERCUREA CIUC,N. Transylvania,Rumania,,jews_arrived,17LX,Jews settled in the late 18th cent.,"[{'lang': 'hun', 'name': 'Csikszereda'}]",[],
3346,MERCUREA NIRAJULUI,N. Transylvania,Rumania,,jews_arrived,18MX,Jews settled in the mid-19th cent.,"[{'lang': 'hun', 'name': 'Nyaradszereda'}]",[],
3347,MEREFA,Kharkov,Ukraine,,POP,1939,The J. pop. in 1939 was 124,[],[],
3349,MERK,Szatmar,Hungary,,jews_arrived,18LX,Jews settled in the late 19th cent.,[],[],
3350,MERKINE,Alytus,Lithuania,,jews_arrived,14XX,Jews first settled in the 15th cent.,"[{'lang': 'yid', 'name': 'Meretch'}]",[],
3351,MERSEBURG,Saxony,Germany,,jews_present,973,Jews were living in M. already in 973–74,[],"[{'event': 'Black Death persecutions', 'year': '1348–1349', 'impact': 'community suffered', 'source': 'suffering during the Black Death persecutions of 1348–49'}]",
3352,MERTZWILLER,Bas-Rhin,France,,community_present,1784,The J. community numbered 73 members in 1784,"[{'lang': 'ger', 'name': 'Merzweiler'}]",[],
3353,MERXHEIM,Rhineland,Germany,,jews_present,18EX,J. settlement numbered 37 in the early 19th cent.,[],[],
3354,MERZHAUSEN,Hesse-Nassau,Germany,,POP,1861,community... numbered 147 in 1861,[],[],
3355,MERZIG,Saar,Germany,,jews_present,13XX,Evidence of J. settlement dates back to the 14th cent.,[],[],
3356,MESCHEDE,Westphalia,Germany,,first_mention,1802,Six J. families are mentioned in 1802,[],[],
3357,MESERITZ,Posen-West,Germany,Poland,first_mention,1507,first documented reference to Jews dates from 1507,"[{'lang': 'pol', 'name': 'Międzyrzecz'}]","[{'event': 'expulsions', 'year': '16th–17th cent.', 'impact': 'recurring expulsions', 'source': 'reports in the 16th and 17th cents. of recurring expulsions'}]",
3358,MESHCHOVSK,Smolensk,Russia,,jews_arrived,19EX,Jews probably settled in the early 20th cent.,[],[],
3359,MESSEL,Hesse,Germany,,jews_arrived,17EX,Jews settled at the beginning of the 18th cent.,[],[],
3360,MESSELHAUSEN,Baden,Germany,,community_founded,18LX,The J. community was founded in the late 19th cent.,[],[],
3361,MESSURATA,Tripolitania,Libya,,community_founded,11XX,community was apparently reestablished immediately after the Almohad disturbances of the 12th cent.,[],"[{'event': 'Almohad disturbances', 'year': '12th cent.', 'impact': 'community disrupted; later reestablished', 'source': 'after the Almohad disturbances of the 12th cent.'}]",
3362,METELIAI,Alytus,Lithuania,,POP,1923,The J. pop. in 1923 was 62,[],[],
3363,METTERNICH,Rhineland,Germany,,POP,1858,The J. pop. was 67 in 1858,[],[],
3364,METZ,Moselle,France,,jews_present,8XX,The J. presence in M. dates back to the ninth cent.,[],"[{'event': 'First Crusade', 'year': '1096', 'impact': '22 Jews murdered', 'source': 'in 1096... 22 Jews were murdered'}]",
3365,MEUDT,Hesse-Nassau,Germany,,jews_present,1750,Prohibitive taxation impoverished the Jews for almost a century (1750-1845),[],"[{'event': 'oppressive taxation', 'year': '1750–1845', 'impact': 'community impoverished for almost a century', 'source': 'Prohibitive taxation impoverished the Jews for almost a century (1750-1845)'}]",
3366,MEZHA,Vitebsk,Belorussia,,community_present,19EX,"During the Soviet period, a Yiddish-language elementary school... was in operation",[],[],
3367,MEZHERICH,Zaporozhe,Ukraine,,community_founded,1846,founded M. as a J. colony in 1846,[],[],
3368,MEZHYROV,Vinnitsa,Ukraine,,jews_arrived,17MX,Jews settled in the mid-18th cent.,[],[],
3369,MEZOBERENY,Bekes,Hungary,,jews_arrived,18MX,Jews settled in the mid-19th cent.,[],[],
3370,MEZOCSAT,Borsod,Hungary,,jews_present,17MX,Jews were present in the mid-18th cent.,[],[],
3371,MEZOKERESZTES,Borsod,Hungary,,community_present,1880,A community of 215 existed in 1880,[],[],
3372,MEZOKOVACSHAZA,Csanad,Hungary,,jews_present,1840,Jews were present in 1840,[],[],
3373,MEZOKOVESD,Borsod,Hungary,,community_founded,18EX,The modern J. community was formed in the early 19th cent.,[],[],
3374,MEZOLADANY,Szabolcs,Hungary,,jews_arrived,18EX,Jews settled in the early 19th cent.,[],[],
3375,MEZOSZILAS,Veszprem,Hungary,,community_present,1880,A J. community of 151 existed in 1880,"[{'lang': 'hun', 'name': 'Szilasbalhas'}]","[{'event': 'White Terror', 'year': '', 'impact': 'Most J. families left', 'source': 'Most J. families left following the White Ter'}]",
3376,MEZOTUR,Jasz-Nagykun-Szolnok,Hungary,,jews_arrived,18EX,Jews arrived in the first half of the 19th cent.,[],[],
3377,MGLIN,Oriol,Russia,,jews_arrived,18EX,Jews probably settled in the early 19th cent.,[],"[{'event': 'Pogrom', 'year': '1882', 'impact': '', 'source': 'Pogroms were staged in 1882'}, {'event': 'Pogrom', 'year': '1918', 'impact': '', 'source': 'and late 1918'}]",
3378,MIADZIOL-NOVY,Vilna,Poland,Belarus,jews_arrived,18EX,Jews apparently settled in the first half of the 19th cent.,[],[],
3379,MIASTKOVKA,Vinnitsa,Ukraine,,POP,1765,Jews numbered 604 in 1765,[],[],
3380,MICHALANY,Slovakia,Czechoslovakia,Republic of Slovakia,first_mention,1746,Jews are mentioned in 1746,"[{'lang': 'hun', 'name': 'Alsomihalyi'}]",[],
3381,MICHALISZKI,Vilna,Poland,Belarus,community_present,1765,A community of 396 taxpaying Jews was present in 1765,[],[],
3382,MICHALOVCE,Slovakia,Czechoslovakia,Republic of Slovakia,first_mention,1726,One J. family is mentioned in the census of 1726,"[{'lang': 'hun', 'name': 'Nagymihaly'}]",[],
3383,MICHALOWO-NIEZABUDKA,Bialystok,Poland,,jews_arrived,18MX,Jews first settled in the mid-19th cent.,[],[],
3384,MICHAYLOVSKAYA,Krasnodar territory,Russia,,community_present,1917,"In 1917, there were four prayer houses in the village",[],[],
3385,MICHELBACH AN DER LUECKE,Württemberg,Germany,,jews_arrived,1519,The first Jews were apparently refugees from Rothenburg (1519–20),[],[],
3386,MICHELFELD,Baden,Germany,,community_present,15LX,A community existed from the late 16th cent.,[],[],
3387,MICHELSTADT,Hesse,Germany,,community_founded,17MX,Established around 1740,[],[],
3388,MICHOW,Lublin,Poland,,first_mention,16LX,Jews are first mentioned in the second half of the 17th cent.,[],[],
3389,MICULA,N. Transylvania,Rumania,,jews_arrived,17LX,Jews settled in the late 18th cent.,"[{'lang': 'hun', 'name': 'Mikola'}]",[],
3390,MIDDELBURG,Zeeland,Holland,,jews_present,16EX,Portuguese J. traders lived there in the early 17th cent.,[],[],
3391,MIDDELHARNIS,Zuid-Holland,Holland,,community_founded,1800,A community was formed with neighboring villages in 1800,[],[],
3392,MIECHOW,Kielce,Poland,,first_mention,1862,Jews are not mentioned before 1862,[],[],
3393,MIEDZESZYNEK,Warsaw,Poland,,community_present,19EX,The J. community only began to develop after WWI,[],[],
3394,MIEDZNA,Lublin,Poland,,jews_arrived,16LX,Jews probably settled in the late 17th cent.,[],"[{'event': 'Attacks', 'year': '1920', 'impact': 'attacked by Polish soldiers and peasants', 'source': 'In 1920 they were attacked by Polish soldiers and peasants.'}]",
3395,MIEDZNO,Kielce,Poland,,jews_present,1880,About 90 Jews were present in the village in 1880,[],[],
3396,MIEHLEN,Hesse-Nassau,Germany,,jews_present,1780,Jews lived there from 1780,[],[],
3397,MIELEC,Cracow,Poland,,community_present,17XX,The community began to develop in the 18th cent.,[],[],
3398,MIELIGIANY,Vilna,Poland,Belarus,jews_arrived,1903,The first Jews apparently arrived in 1903,[],[],
3399,MIELNICA (I),Tarnopol,Poland,Ukraine,jews_present,17LX,Jews were present from the second half of the 18th cent.,[],[],
3400,MIELNICA (II),Volhynia,Poland,Ukraine,jews_arrived,1569,Jews probably settled after the granting of the municipal charter in 1569,[],[],
3401,MIELNICZNE,Lwow,Poland,Ukraine,POP,1921,The J. pop. in 1921 was 110.,[],[],
3402,MIELNIK,Bialystok,Poland,Belarus,jews_arrived,15XX,Jews arrived in the 16th cent. as tax collectors.,[],[],
3403,MIENDZYRZEC KORECKI,Volhynia,Poland,Ukraine,first_mention,1569,Jews are recorded from 1569.,"[{'lang': 'yid', 'name': 'Mezhirech'}]","[{'event': 'Chmielnicki massacres', 'year': '1648–1649', 'impact': 'town suffered', 'source': 'The town suffered in the Chmielnicki massacres of 1648-49.'}, {'event': 'Destruction', 'year': '18EX', 'impact': 'town destroyed', 'source': 'and was destroyed in the early 18th c'}]",
3404,MIENDZYRZEC PODLASKI,Lublin,Poland,,jews_arrived,15XX,Jews first settled in the 16th cent.,"[{'lang': 'yid', 'name': 'Mezhirech'}, {'lang': 'yid', 'name': 'Mezrich'}]",[],
3405,MIHAILENI,Moldavia,Rumania,,jews_arrived,17LX,Jews settled in the late 18th cent.,[],[],
3406,MIHOVA,Bukovina,Rumania,Ukraine,jews_arrived,18LX,Jews settled in the late 19th cent.,[],[],
3407,MIKASZEWICZE,Polesie,Poland,Belarus,community_present,18LX,The community dates from the late 19th cent.,[],[],
3408,MIKHALPOL,Kamenets-Podolski,Ukraine,,jews_arrived,17EX,Jews settled in the first half of the 18th cent.,[],[],
3409,MIKHAYLOVKA,Zaporozhe,Ukraine,,jews_arrived,1903,J residence was permitted from 1903.,[],[],
3410,MIKOLAJOW (I),Stanislawow,Poland,Ukraine,jews_present,16EX,Jews were present from the early 17th cent.,[],"[{'event': 'Residence restrictions', 'year': '', 'impact': 'until the 19th century', 'source': 'but suffered from residence restrictions until the 19th.'}]",
3411,MIKOLAJOW (II),Lwow,Poland,Ukraine,community_present,18LX,Present from the late 19th cent.,[],[],
3412,MIKSTAT,Poznan,Poland,,community_founded,1815,The community was established after the reannexation to Prussia in 1815,[],[],
3413,MIKULICZYN,Stanislawow,Poland,Ukraine,jews_arrived,18LX,J. settlement began in the late 19th cent.,[],[],
3414,MIKULINCE,Tarnopol,Poland,Ukraine,first_mention,17EX,Jews are first mentioned in the early 18th cent.,[],[],
3415,MIKULINO,Smolensk,Russia,,POP,1847,The J. pop. was 530 in 1847,[],[],
3416,MIKULOV,Moravia,Czechoslovakia,,community_founded,1420,the community was probably founded in 1420 by refugees from Vienna,"[{'lang': 'yid', 'name': 'Nikolsburg'}]",[],
3417,MILAN,Lombardy,Italy,,first_mention,1320,"In 1320, the local Jews were expelled.",[],"[{'event': 'Expulsion', 'year': '1320', 'impact': 'local Jews expelled', 'source': 'In 1320, the local Jews were expelled.'}, {'event': 'Privileges granted', 'year': '1387', 'impact': 'Duke granted privileges', 'source': 'In 1387, Duke Gian Galeazzo Visconti granted the Jews of Lombardy privileges'}]",
3418,MILANOWICZE,Volhynia,Poland,Ukraine,POP,,The J. pop. in 1921 was 91 (total 436).,[],[],
3419,MILATYN,Volhynia,Poland,Ukraine,POP,,The J. pop. in 1921 was 82 (total 366).,[],[],
3420,MILEJCZYCE,Bialystok,Poland,,jews_arrived,15XX,The first Jews arrived in the 16th cent.,[],[],
3421,MILEVSKO,Bohemia,Czechoslovakia,,jews_arrived,16MX,The first J. family settled around the mid-17th cent.,[],[],
3422,MILIE,Bukovina,Rumania,Ukraine,jews_arrived,18LX,Jews settled in the late 19th cent.,[],[],
3423,MILITSCH,Lower Silesia,Germany,Poland,community_founded,18EX,the modern community was only founded in the early 19th cent.,"[{'lang': 'pol', 'name': 'Milicz'}]",[],
3424,MILLAU,Aveyron,France,,community_present,13EX,"Around 1300, there was a J. community of about 30 Jews",[],"[{'event': 'yellow badge decree', 'year': '', 'impact': 'Jews forced to wear the Rouelle', 'source': 'forced to wear the yellow badge (Rouelle)'}]",
3425,MINDEN,Westphalia,Germany,,first_mention,1270,Jews are first mentioned in 1270,[],"[{'event': 'Black Death persecutions', 'year': '1350', 'impact': 'persecutions', 'source': 'In 1350, in the Black Death persecutions'}]",
3426,MILOSLAVICHI,Mogilev,Belorussia,,POP,,The J. pop. was 410 in 1847 and 628 in 1897.,[],"[{'event': 'antisemitic attack attempt', 'year': '1905', 'impact': 'attack attempted; thwarted by Christians', 'source': 'peasants ... tried to attack Jews but Christians prevented them'}]",
3427,MILOSNA,Warsaw,Poland,,jews_arrived,18LX,A few J. families settled at the turn of the 19th cent.,[],[],
3428,MILOWKA,Cracow,Poland,,POP,,"The Jews numbered 116 (total 2,059) in 1890 and 163 in 1921.",[],"[{'event': 'antisemitic disturbances', 'year': '', 'impact': 'periodic, sometimes violent', 'source': 'Periodic antisemitic disturbances occasionally reached violent dimensions.'}]",
3429,MILTENBERG,Lower Franconia,Germany,,jews_arrived,13XX,Jews settled in the 14th cent.,[],"[{'event': 'Armleder massacres', 'year': '1336–1339', 'impact': 'Jews victimized', 'source': 'victims of the Armleder massacres of 1336-39'}, {'event': 'Black Death persecutions', 'year': '1348–1349', 'impact': 'persecutions; community affected', 'source': 'the Black Death persecutions of 1348-49'}]",
3431,MINDEN,Westphalia,Germany,,first_mention,1270,Jews are first mentioned in 1270,[],"[{'event': 'Black Death persecutions', 'year': '1350', 'impact': 'persecutions', 'source': 'In 1350, in the Black Death persecutions'}]",
3432,MINDSZENT,Csongrad,Hungary,,first_mention,1727,Jews are mentioned in 1727,[],"[{'event': 'White Terror', 'year': '1919–1921', 'impact': 'many left', 'source': 'Many left during the White Terror attacks (1919-21)'}]",
3433,MINKOVTSY,Kamenets-Podolski,Ukraine,,POP,,"The J. pop. was 378 in 1765 and 2,196 in 1897.",[],[],
3434,MINSK,Minsk,Belorussia,,jews_arrived,1495,settlement ... commenced ... with the arrival of Jews expelled from Lithuania in 1495,[],[],
3435,MINSK MAZOWIECKI,Warsaw,Poland,,jews_arrived,18EX,The J. settlement probably dates from the early 19th cent.,[],[],
3436,MIORY,Vilna,Poland,Belarus,jews_present,1903,Jews were officially accorded residence rights in 1903,[],[],
3437,MIR,Nowogrodek,Poland,Belarus,jews_arrived,16EX,Jews probably settled in the early 17th cent.,[],[],
3438,MIRGOROD,Poltava,Ukraine,,community_founded,17LX,an organized community was only formed in the late 18th cent.,[],[],
3439,MIRONOWKA,Kiev,Ukraine,,jews_present,18XX,A few dozen Jews lived in M. during the 19th cent.,[],"[{'event': 'Denikin pogrom', 'year': '1919-08-24', 'impact': 'Jews attacked by White Army soldiers', 'source': ""On 24 Aug. 1919, they were attacked by General Denikin's White Army soldiers""}]",
3440,MIROPOL,Zhitomir,Ukraine,,first_mention,1721,Jews are first mentioned in 1721,[],[],
3441,MIROSLAV,Moravia,Czechoslovakia,,jews_arrived,14MX,Jews expelled from Znojmo apparently arrived after 1454,[],"[{'event': 'Chmielnicki massacres (impact on migration)', 'year': '1648–1649', 'impact': 'additional arrivals after massacres', 'source': 'Others arrived after the Chmielnicki massacres of 1648-49'}]",Sudetenland
3442,MIROSLAVAS,Alytus,Lithuania,,jews_present,18EX,Jews lived here from the early 19th cent.,"[{'lang': 'yid', 'name': 'Miraslov'}]",[],
3443,MISKHOR,Crimea,Russia,Ukraine,jews_present,1903,Jews received formal residence rights in 1903,[],[],
3444,MISKOLC,Borsod,Hungary,,jews_arrived,17LX,Jews settled in the late 18th cent.,[],[],
3445,MISTELBACH,Lower Austria,Austria,,jews_present,16XX,"In the 17th cent., Jews were allowed to attend the",[],"[{'event': 'Medieval community extinction', 'year': 'early 14th cent.', 'impact': 'settlement ceased to exist', 'source': 'medieval J. settlement ... ceased to exist in the beginning of the 14th cent.'}]",
3446,MITTELSINN,Lower Franconia,Germany,,community_founded,17EX,community was probably founded in the early 18th cent.,[],[],
3447,MIZOCZ,Volhynia,Poland,Ukraine,jews_arrived,17XX,Jews settled in the 18th cent.,[],"[{'event': 'World War I disturbances', 'year': '1914–1918', 'impact': 'population declined by 1921', 'source': '845 ... in 1921 after the disturbances of the WWI period'}]",
3448,MIZUN STARY,Stanislawow,Poland,Ukraine,POP,1921,The J. pop. in 1921 was 182.,[],[],
3449,MLADA BOLESLAV,Bohemia,Czechoslovakia,,community_present,16XX,one of the four important Bohemian J. communities,"[{'lang': 'yid', 'name': 'Bumsla'}]",[],
3450,MLADA VOZICE,Bohemia,Czechoslovakia,,community_founded,17EX,community dates from the early 18th cent.,[],[],
3451,MLAWA,Warsaw,Poland,,jews_present,15XX,Small numbers of Jews were present in the 16th and 17th cents.,[],[],
3452,MLIECNO,Slovakia,Czechoslovakia,Republic of Slovakia,jews_present,16LX,A few Jews were present in the late 17th cent.,"[{'lang': 'hun', 'name': 'Tejfalu'}]",[],
3453,MLYNOW,Volhynia,Poland,,jews_arrived,17LX,Jews settled from the late 18th cent.,[],[],
3454,MNISZEW,Kielce,Poland,,POP,,The J. pop. was 164 (total 722) in 1921.,[],[],
3455,MOCENOK,Slovakia,Czechoslovakia,Republic of Slovakia,jews_arrived,17MX,Jews settled in the mid-18th cent.,[],[],
3456,MOCIU,S. Transylvania,Rumania,,jews_arrived,1860s,Jews first settled in the 1860s.,"[{'lang': 'hun', 'name': 'Mocs'}]",[],
3457,MODENA,Emilia,Italy,,community_founded,1393,a J. community was established in M. only in 1393,[],[],
3458,MODLIBORZYCE,Lublin,Poland,,first_mention,16MX,Jews are first mentioned in the mid-17th cent.,[],[],
3459,MODRA,Slovakia,Czechoslovakia,Republic of Slovakia,jews_present,16XX,Jews were present in the 17th cent.,"[{'lang': 'hun', 'name': 'Modor'}]",[],
3460,MODRY KAMEN,Slovakia,Czechoslovakia,Republic of Slovakia,jews_arrived,1860s,Jews apparently settled in the 1860s,"[{'lang': 'hun', 'name': 'Kekko'}]",[],
3461,MODZELE WYGODA,Bialystok,Poland,,POP,,The J. pop. in 1921 was 173 (total 291).,[],[],
3462,MOEDLING,Lower Austria,Austria,,jews_arrived,13EX,Jews first settled in the beginning of the 14th cent.,[],"[{'event': 'Wiener Gesera persecutions', 'year': '1421', 'impact': 'Jews expelled', 'source': 'In 1421, during the Wiener Gesera persecutions, they were expelled.'}]",
3463,MOENCHENGLADBACH,Rhineland,Germany,,first_mention,1337,first mentioned in 1337 as moneylenders,[],"[{'event': 'Black Death persecutions', 'year': '1349', 'impact': 'community ended', 'source': 'The community ended in 1349'}]",
3464,MOENCHENGLADBACH-RHEYDT,Rhineland,Germany,,first_mention,1571,A J. merchant is mentioned in 1571,[],[],
3465,MOENCHSDEGGINGEN,Swabia,Germany,,jews_present,15XX,Jews are known from the 16th cent.,[],[],
3466,MOENCHSROTH,Middle Franconia,Germany,,jews_present,15LX,Jews were present in the late 16th cent.,[],[],
3467,MOERFELDEN,Hesse,Germany,,jews_present,15XX,Jews first lived there in the 16th cent.,[],[],
3468,MOERS,Rhineland,Germany,,jews_present,16EX,Jews were present from the early 17th cent.,[],[],
3469,MOGENDOREF,Hesse-Nassau,Germany,,community_founded,18XX,Established around 1820,[],[],
3470,MOGIELNICA,Warsaw,Poland,,jews_arrived,17LX,The first Jews probably arrived in the late 18th cent.,[],[],
3471,MOGILEV,Mogilev,Belorussia,,first_mention,1522,"In 1522, a Lithuanian Jew, Mikhail Ezofovich, leased taxes and inns in M.",[],"[{'event': 'attempted expulsion', 'year': '1583', 'impact': 'petition to ban Jewish residence', 'source': 'Local townsmen petitioned the Polish king in 1583 to ban J. residence'}]",
3472,MOGILEV-PODOLSKI,Vinnitsa,Ukraine,,first_mention,1713,Jews are first mentioned in 1713,[],[],
3473,MOGILNO (I),Poznan,Poland,,jews_arrived,1772,Jews first settled after the annexation to Prussia in 1772,[],[],
3474,MOGILNO (II),Minsk,Belorussia,,jews_arrived,17EX,J. settlement probably began at the turn of the 18th cent.,[],[],
3475,MOHACS,Baranya,Hungary,,jews_arrived,1840,Jews from Bonyhad arrived in 1840,[],[],
3476,MOHELNICE,Moravia,Czechoslovakia,,jews_present,18LX,Jews probably settled only in the late 19th cent.,[],[],
3477,MOINESTI,Moldavia,Rumania,,jews_arrived,17EX,Jews first settled in the early 18th cent.,[],[],
3478,MOISEU,N. Transylvania,Rumania,,community_present,18EX,An organized J. community existed in the early 19th cent.,"[{'lang': 'hun', 'name': 'Majszin'}, {'lang': 'yid', 'name': 'Mosif'}]",[],
3479,MOKNINE,Sousse,Tunisia,,jews_arrived,1550,Jews from Mahdia seeking refuge from the Spanish siege of 1550 settled in M.,[],[],
3480,MOKOBODY,Lublin,Poland,,jews_present,18EX,Jews were present by the early 19th cent.,[],[],
3481,MOKRAJA KALAGIRKA,Kiev,Ukraine,,POP,,"The J. pop. was 1,677 in 1897 and 537 in 1926",[],[],
3482,MOKROWO-SIENKIEWICZE,Polesie,Poland,,POP,1930,About 250 Jews lived in the two villages ... in the 1930s.,[],[],
3483,MOL,Vojvodina,Yugoslavia,,jews_arrived,18LX,Jews settled there in the late 19th cent.,[],[],
3484,MOLCZADZ,Nowogrodek,Poland,Belarus,jews_arrived,15EX,Jews settled in the first half of the 16th cent.,[],"[{'event': 'synagogue built', 'year': '1648', 'impact': 'synagogue built', 'source': 'building a synagogue in 1648'}, {'event': 'community independence', 'year': '1691', 'impact': 'became an independent community', 'source': 'becoming an independent community in 1691'}]",
3485,MOLDAVA,Slovakia,Czechoslovakia,Republic of Slovakia,jews_arrived,17EX,Jews apparently arrived in the early 18th cent.,"[{'lang': 'hun', 'name': 'Szepsi'}]","[{'event': 'expulsion', 'year': 'mid-1740s', 'impact': 'Jews expelled', 'source': 'seem to have been expelled in the mid-1740s'}]",
3486,MOLDOVITA,Bukovina,Rumania,,community_founded,1930,An independent community was founded in 1930,[],[],
3487,MOLETAI,Utena,Lithuania,,jews_arrived,17XX,Jews first settled in the 18th cent.,"[{'lang': 'yid', 'name': 'Maliat'}]",[],
3488,MOLIATICHI,Mogilev,Belorussia,,POP,1880,The J. pop. was 139 in 1880,[],[],
3489,MOLOCHANSK,Zaporozhe,Ukraine,,POP,1939,The J. pop. in 1939 was 249,"[{'lang': 'ger', 'name': 'Halbstadt'}]",[],
3490,MOLODECZNO,Vilna,Poland,Belarus,jews_arrived,17EX,Jews first settled in the early 18th cent.,[],[],
3491,MOLOTOV,Nikolaiev,Ukraine,,community_founded,19XX,M. was probably founded in the late 1920s,[],[],
3492,MOLSHEIM,Bas-Rhin,France,,first_mention,1308,"In 1308, Emperor Henry VII ""gave"" the Jews of M. to the Church of Strasbourg.",[],"[{'event': 'prayer permitted', 'year': '1343', 'impact': 'Jews permitted to hold prayer services', 'source': 'in 1343 the Jews were permitted to hold prayer services'}]",
3493,MOMMENHEIM,Bas-Rhin,France,,community_present,1784,The J. community numbered 167 in 1784,[],[],
3494,MONASTERZYSKA,Tarnopol,Poland,Ukraine,first_mention,1625,Jews are recorded from 1625,[],[],
3495,MONASTIR,Sousse,Tunisia,,jews_present,7XX,Jews were present ... (8th—11th cent.),[],"[{'event': 'decline', 'year': '12th cent.', 'impact': 'community declined', 'source': 'The community declined in the 12th cent.'}]",
3496,MONASTYRISHCHE,Vinnitsa,Ukraine,,POP,1765,Jews numbered 107 in 1765,[],"[{'event': 'pogrom', 'year': '19 Nov. 1917', 'impact': '3 Jews murdered', 'source': 'Three were murdered in a pogrom on 19 Nov. 1917'}]",
3497,MONASTYRSCHINA,Smolensk,Russia,,POP,1847,The J. pop. was 864 in 1847,[],[],
3498,MONCHOCICE,Kielce,Poland,,POP,1921,The J. pop was 113 ... in 1921.,[],[],
3499,MONNIKENDAM,Noord-Holland,Holland,,community_founded,1787,A J. community was organized by 1787,[],[],
3500,MONOK,Zemplen,Hungary,,first_mention,1735,Jews are mentioned in 1735,[],[],
3501,MONOR,Pest-Pilis-Solt-Kiskun,Hungary,,jews_arrived,18EX,Jews settled in the first half of the 19th cent.,[],[],
3502,MONSHEIM,Hesse,Germany,,POP,1861,"The community, numbering 46 ... in 1861",[],[],
3503,MONTABAUR,Hesse-Nassau,Germany,,jews_present,13EX,Jews lived there in the early 14th cent.,[],"[{'event': 'Armleder massacres', 'year': '', 'impact': '', 'source': 'fell victim to the Armleder massacres'}]",
3504,MONTPELLIER,Herault,France,,first_mention,1121,Jews are first mentioned in 1121,[],[],
3505,MONTREUIL-SOUS-BOIS,Seine-Saint-Denis,France,,jews_arrived,18LX,Jews settled in M. in the 1880s,[],[],
3506,MOR,Fejer,Hungary,,first_mention,1735,Jews are first mentioned in 1735,[],[],
3507,MORAVSKE BUDEJOVICE,Moravia,Czechoslovakia,,first_mention,1386,Jews are mentioned in 1386,[],[],
3508,MORAVSKE LIESKOVE,Slovakia,Czechoslovakia,Republic of Slovakia,POP,18MX,Jews numbered 200 in the mid-19th cent.,[],[],
3509,MORAVSKY KRUMLOV,Moravia,Czechoslovakia,,first_mention,1402,Jews are mentioned in 1402,"[{'lang': 'yid', 'name': 'Kromenoi'}]",[],
3510,MORAVSKY SVATY JAN,Slovakia,Czechoslovakia,Republic of Slovakia,POP,1828,The J. pop. was 190 in 1828 with a synagogue and cemetery in use,[],[],
3511,MORDY,Lublin,Poland,,jews_present,16LX,Jews were probably present in the late 17th cent.,[],[],
3512,MORENI,Walachia,Rumania,,jews_arrived,19EX,Jews first settled in the early 20th cent.,[],[],
3513,MORINGEN,Hanover,Germany,,jews_present,15XX,some Jews lived there from the 16th cent.,[],[],
3514,MOROZOVSK,Rostov,Russia,,jews_arrived,1920s,Jews arrived in the late 1920s,[],[],
3516,MOSBACH,Baden,Germany,,community_present,12XX,A J. community existed by the 13th cent.,[],"[{'event': 'Rindfleisch massacres', 'year': '1298', 'impact': '55 Jews murdered', 'source': 'Fifty-five Jews were murdered in the Rindfleisch massacres of 1298'}, {'event': 'Attack on the community', 'year': '1343', 'impact': 'community attacked', 'source': 'The community was again attacked in 1343'}, {'event': 'Black Death persecutions', 'year': '1348–1349', 'impact': 'community wiped out', 'source': 'wiped out in the Black'}]",
3517,MOSCISKA,Lwow,Poland,Ukraine,jews_present,15MX,The J. presence dates from the mid-16th cent.,[],"[{'event': 'Chmielnicki massacres', 'year': '1648–1649', 'impact': 'town destroyed', 'source': 'the town was destroyed in the Chmielnicki massacres of 1648-49'}]",
3518,MOSEDIS,Kretinga,Lithuania,,jews_arrived,16XX,Jews first settled in the 17th cent.,"[{'lang': 'yid', 'name': 'Maisiad'}]","[{'event': 'Privileges granted', 'year': '1742', 'impact': 'numbers increased', 'source': 'numbers increased after they received privileges in 1742'}]",
3519,MOSHNY,Kiev,Ukraine,,POP,1784,Jews numbered 130 in 1784,[],"[{'event': 'Fire', 'year': '1881', 'impact': '60 Jewish homes destroyed', 'source': 'a fire destroyed 60 J. homes'}, {'event': 'White Army violence', 'year': 'Aug. 1919', 'impact': '', 'source': ""General Denikin's White Army soldiers a""}]",
3520,MOSKALOWKA,Stanislawow,Poland,,POP,1921,The J. pop. in 1921 was 158,[],[],
3521,MOSONMAGYAROVAR,Gyor-Moson,Hungary,,jews_arrived,17EX,J. settlement commenced in the early 18th cent.,[],[],
3522,MOST,Bohemia,Czechoslovakia,,community_founded,1861,The modern community was established in 1861,[],"[{'event': 'Medieval Jewish quarter', 'year': '1356', 'impact': 'Street of the Jews probably existed', 'source': 'A Street of the Jews probably existed from 1356'}, {'event': 'Expulsion', 'year': '1453', 'impact': 'Jews expelled', 'source': 'with the Jews expelled in 1453'}]",Region note: (Sudetenland) omitted per rule
3523,MOSTAR,Bosnia-Hercegovina,Yugoslavia,Republic of Bosnia,first_mention,15XX,The first records of Jews date from the 16th cent.,[],[],
3524,MOSTOVOE,Odessa,Ukraine,,POP,1897,"The J. pop. was 862 (total 1,607) in 1897",[],[],
3525,MOSTY,Bialystok,Poland,,jews_present,1738,building a new prayer house in 1738,[],[],
3526,MOSTY MALE,Lwow,Poland,Ukraine,POP,1921,The J. pop. in 1921 was 147,[],[],
3527,MOSTY WIELKIE,Lwow,Poland,Ukraine,jews_present,15MX,"Jews, mainly from Belz, were present from the mid-16th cent.",[],[],
3528,MOZDOK,Stavropol territory,Russia,,jews_arrived,18LX,Jews settled in the late 19th cent.,[],"[{'event': 'Russian Civil War', 'year': '1918–1921', 'impact': '', 'source': 'During the civil war (1918-21), many Mountain Je'}]",
3529,MOZHAYSK,Moscow,Russia,,jews_arrived,1917,Jews probably settled after the Oct. 1917 Revolution,[],[],
3530,MOZYR,Polesie,Belorussia,,first_mention,15XX,Jews are first mentioned in the 16th cent.,[],"[{'event': 'Chmielnicki massacres', 'year': '1648–1649', 'impact': 'many Jews robbed and murdered', 'source': 'Many were robbed and murdered in the Chmielnicki massacres of 1648–49'}]",
3531,MROZY,Warsaw,Poland,,jews_arrived,18LX,J. settlement apparently commenced in the late 19th cent.,[],[],
3532,MSCIBOW,Bialystok,Poland,,jews_present,15XX,Jews appeared in the 16th cent.,[],[],
3533,MSELLATA,Tripolitania,Libya,,community_present,11XX,The medieval J. community,"[{'lang': 'ara', 'name': 'Qusbat'}]","[{'event': 'Almohad persecutions', 'year': '12XX', 'impact': 'medieval community destroyed; Jews fled to Djerba', 'source': 'destroyed in the Almohad persecutions of the 12th cent. The Jews fled to the island of Djerba'}]",
3534,MSTISLAVL,Mogilev,Belorussia,,jews_arrived,15XX,Jews first settled in the 16th cent.,[],"[{'event': ""pogrom by Peter the Great's soldiers"", 'year': '', 'impact': '', 'source': ""Peter the Great's soldiers staged a pogrom""}]",
3535,MSTIZH,Minsk,Belorussia,,jews_arrived,18XX,Jews settled in the 19th cent.,[],[],
3536,MSTOW,Kielce,Poland,,jews_present,17LX,The few Jews probably present before the Third Partition of Poland in 1795,"[{'lang': 'yid', 'name': 'Emstow'}]",[],
3537,MSZANA DOLNA,Cracow,Poland,,first_mention,18LX,Jews are first mentioned in the late 19th cent.,[],"[{'event': 'antisemitic agitation and disturbances', 'year': '', 'impact': '', 'source': 'Anti-J. agitation and disturbances marked the period between the World...'}]",
3538,MSZCZONOW,Warsaw,Poland,,jews_arrived,16LX,Jews probably settled in the late 17th cent.,"[{'lang': 'yid', 'name': 'Amshinov'}]","[{'event': 'fire', 'year': '', 'impact': '100 homes destroyed', 'source': 'a fire that destroyed 100 hom...'}]",
3539,MTZENSK,Oriol,Russia,,jews_arrived,18LX,J. settlement probably began in the late 19th cent.,[],[],
3540,MUEHLHAUSEN (I),East Prussia,Germany,Poland,jews_present,18EX,Evidence of a J. presence dates from the early 19th cent.,"[{'lang': 'pol', 'name': 'Mlynary'}]",[],
3541,MUEHLHAUSEN (II),Saxony,Germany,,first_mention,1278,first definite evidence of a J. presence... dates from 1278,[],[],
3542,MUEHLHEIM AM MAIN,Hesse,Germany,,jews_arrived,1815,Jews settled there in 1815,[],[],
3543,MUEHLHEIM AN DER RUHR,Rhineland,Germany,,first_mention,1620,Jews are mentioned for the first time in 1620,[],[],
3544,MUEHRINGEN,Wuerttemberg,Germany,,jews_arrived,15XX,Jews arrived during the Reformation,[],[],
3545,MUELHAUSEN,Upper Franconia,Germany,,community_present,16EX,The community suffered grievously during the Thirty Years War (1618–48),[],"[{'event': 'Thirty Years War', 'year': '1618–1648', 'impact': 'community fled to Hochstadt in 1631', 'source': 'fleeing to Hochstadt in 1631'}]",
3546,MUELHEIM,Rhineland,Germany,,first_mention,1456,"evidence of a ""Jews' Alley"" in 1456",[],[],
3547,MUELLHEIM,Baden,Germany,,jews_arrived,1716,Four J. families from Stuehlingen and Switzerland arrived in 1716,[],[],
3548,MUENCHEBERG,Brandenburg,Germany,,jews_present,1674,There is evidence of Jews living in M. from 1674,[],"[{'event': 'Expulsion from Brandenburg', 'year': '1510', 'impact': 'all Jews expelled; medieval presence ended', 'source': 'expulsion of all the Jews of Brandenburg in 1510'}]",
3549,MUENSTER (I),Hesse,Germany,,POP,,The community numbered 48 in 1861,[],[],
3550,MUENSTER (II),Westphalia,Germany,,jews_arrived,1130,Two Jews arrived c. 1130 to collect a debt,[],[],
3551,MUENSTEREIFEL,Rhineland,Germany,,jews_present,1349,Jews were victimized in 1349 during the Black Death persecutions,[],"[{'event': 'Black Death persecutions', 'year': '1349', 'impact': 'Jews victimized', 'source': 'victimized in 1349 during the Black Death persecutions'}]",
3552,MUENSTERMAIFELD,Rhineland,Germany,,jews_present,1287,Ninety Jews were murdered in M. on 17 July 1287,[],"[{'event': 'Oberwesel blood libel (aftermath)', 'year': '1287', 'impact': '90 Jews murdered', 'source': 'Ninety Jews were murdered in M. on 17 July 1287 in the wake of the Oberwesel blood libel'}, {'event': 'Attacks on Jews', 'year': '1337', 'impact': 'Jews attacked', 'source': 'Jews were attacked again in 1337'}, {'event': 'Black Death persecutions', 'year': '1348–1349', 'impact': 'Jews persecuted', 'source': 'in the Black Death persecutions of 1348-49'}]",
3553,MUENZENBERG,Hesse,Germany,,jews_present,1188,blood libel against the medieval community in 1188,[],"[{'event': 'Blood libel', 'year': '1188', 'impact': 'accusation against the Jewish community', 'source': 'Townsfolk instigated a blood libel against the medieval community in 1188'}, {'event': 'Third Crusade refugees', 'year': '1189–1192', 'impact': 'Jews from Mainz, Worms, and Speyer found temporary shelter', 'source': 'Jews from Mainz, Worms, and Speyer found temporary shelter there during the Third Crusade (1189–92)'}]",
3554,MUENZESHEIM,Baden,Germany,,jews_present,16XX,Jews were present from the 17th cent.,[],[],
3555,MUGGENSTURM,Baden,Germany,,POP,,The J. pop. in 1875 was 80,[],[],
3556,MUKACEVO,Carpatho-Russia,Czechoslovakia,Ukraine,jews_arrived,16LX,Jews probably arrived in the latter half of the 17th cent.,"[{'lang': 'hun', 'name': 'Munkacs'}]",[],
3557,MULHOUSE,Haut-Rhin,France,,first_mention,1290,The earliest reference to Jews in M. dates from 1290,"[{'lang': 'ger', 'name': 'Muelhausen'}]","[{'event': 'Massacre', 'year': '1337', 'impact': 'Jews massacred', 'source': 'There was a massacre of Jews in 1337'}, {'event': 'Black Death persecutions', 'year': '1348–1349', 'impact': 'Jews persecuted', 'source': 'persecution during the Black Death disturbances of 1348-49'}]",
3558,MUNICH,Upper Bavaria,Germany,,jews_present,12EX,Jews were present in the early 13th cent.,"[{'lang': 'ger', 'name': 'Muenchen'}]",[],
3559,MURAFA,Vinnitsa,Ukraine,,jews_arrived,17EX,Jews settled in the early 18th cent.,[],"[{'event': 'Haidamak attacks', 'year': '1735', 'impact': 'several Jews murdered; ten Jewish homes burned', 'source': 'In 1735, the Haidamaks murdered several and ten J. homes were burned'}]",
3560,MURAWICA,Volhynia,Poland,Ukraine,first_mention,1569,Jews were present from at least 1569,[],"[{'event': 'World War I destruction', 'year': '1914–1918', 'impact': 'town destroyed', 'source': 'The town was destroyed in WWI'}]",
3561,MUROVANYE KURILOVTSY,Vinnitsa,Ukraine,,POP,,"The J. pop. was 1,410 in 1897",[],[],
3562,MURSKA SOBOTA,Slovenia,Yugoslavia,Republic of Slovenia,community_founded,18EX,A J. community was established in the early 19th cent.,"[{'lang': 'hun', 'name': 'Muraszombat'}, {'lang': 'ger', 'name': 'Delsnitz an der Mur'}]",[],
3563,MUSNINKAI,Ukmerge,Lithuania,,jews_arrived,17XX,Jews first settled in the 18th cent.,[],[],
3564,MUSTVEE,,Estonia,,jews_present,18LX,dozen J. artisans there in the latter 19th cent.,[],[],
3565,MUSZYNA,Cracow,Poland,,jews_arrived,18LX,Jews first settled in the second half of the 19th cent.,[],[],
3566,MUTTERSTADT,Palatinate,Germany,,first_mention,1719–1722,Jews are first mentioned in 1719-22.,[],[],
3567,MUTZIG,Bas-Rhin,France,,jews_present,13XX,medieval J. community dates back to before the 14th cent.,[],"[{'event': 'Ritual murder accusation and expulsion', 'year': '1328', 'impact': 'community fled to Colmar', 'source': 'In 1328 Jews were accused of a ritual murder and forced to find refuge in Colmar.'}]",
3568,MUZIJOVO,Carpatho-Russia,Czechoslovakia,Ukraine,jews_arrived,18EX,Jews apparently settled in the early 19th cent.,"[{'lang': 'hun', 'name': 'Nagymuzsaly'}]",[],
3569,MYJAVA,Slovakia,Czechoslovakia,Republic of Slovakia,jews_present,16EX,Jews may have been present at the turn of the 17th cent.,[],[],
3570,MYSLENICE,Cracow,Poland,,jews_arrived,1860,Jews began to settle with the end of residence restrictions in 1860,[],[],
3571,MYSLOWICE,Silesia,Poland,,jews_arrived,16XX,Jews first arrived in the 17th cent.,[],[],
3572,MYSZKOW NOWY,Kielce,Poland,,jews_present,18LX,Jews were present in the late 19th cent.,[],[],
3573,MYSZYNIEC,Bialystok,Poland,,community_present,18EX,A J. community is known from the early 19th cent.,[],[],
3574,NABBURG,Upper Palatinate,Germany,,POP,1933,The J. pop. in 1933 was eight,[],[],
3575,NABEUL,Grombalia,Tunisia,,jews_arrived,17EX,first Jews arrived in the early 18th cent.,[],[],
3576,NACHOD,Bohemia,Czechoslovakia,,first_mention,1455,The community is first mentioned in 1455,[],[],
3577,NACINA VES,Slovakia,Czechoslovakia,Republic of Slovakia,jews_arrived,17EX,Galician refugees settled in the first half of the 18th cent.,"[{'lang': 'hun', 'name': 'Natafalva'}]",[],
3578,NADARZYN,Warsaw,Poland,,jews_arrived,15EX,Jews apparently settled in the first half of the 16th cent.,[],"[{'event': 'devastating fire', 'year': '1902', 'impact': 'many left', 'source': 'Many left after a devastating fire in 1902.'}]",
3579,NADAS,Slovakia,Czechoslovakia,Republic of Slovakia,jews_arrived,16XX,Moravian refugees settled in the 17th cent.,[],[],
3580,NADEZHNAIA,Zaporozhe,Ukraine,,community_founded,1855,founded N. as a J. colony in 1855,"[{'lang': 'yid', 'name': 'Hofnung'}]",[],Initially called Vilner
3581,NADLAC,S. Transylvania,Rumania,,jews_arrived,17MX,Jews settled here in the mid-18th cent.,"[{'lang': 'hun', 'name': 'Nagylak'}]",[],
3582,NADUDVAR,Hajdu,Hungary,,first_mention,1770,Jews are mentioned in 1770.,[],[],
3583,NADWORNA,Stanislawow,Poland,Ukraine,community_present,17LX,The J. community developed from the late 18th cent.,[],[],
3584,NAGARTAV,Nikolaiev,Ukraine,,community_founded,1807–1809,founded as a J. colony in 1807-09,[],[],
3585,NAGORZANKA,Tarnopol,Poland,Ukraine,POP,1921,The J. pop. in 1921 was 232.,[],[],
3586,NAGOVO,Carpatho-Russia,Czechoslovakia,Ukraine,jews_arrived,17XX,after settling there in the 18th cent.,"[{'lang': 'hun', 'name': 'Nyagova'}]",[],
3587,NAGYATAD,Somogy,Hungary,,first_mention,1746,Jews are mentioned in 1746,[],[],
3588,NAGYBAJOM,Somogy,Hungary,,first_mention,1746,Jews are mentioned in 1746.,[],[],
3589,NAGYDOBOS,Szatmar,Hungary,,jews_arrived,18EX,Jews settled in the first half of the 19th cent.,[],[],
3590,NAGYDOROG,Tolna,Hungary,,POP,1880,Jews numbered 79 in 1880,[],[],
3591,NAGYECSED,Szatmar,Hungary,,jews_arrived,17LX,Jews settled in the late 18th cent.,[],[],
3592,NAGYHALASZ,Szabolcs,Hungary,,first_mention,17MX,Jews are first mentioned in the mid-18th cent,[],[],
3593,NAGYKALLO,Szabolcs,Hungary,,community_founded,1800,A synagogue was founded in 1800,[],[],Jews were present in the Middle Ages
3594,NAGYKANIZSA,Zala,Hungary,,jews_arrived,17EX,Jews settled in the early 18th cent.,[],[],
3595,NAGYKATA,Pest-Pilis-Solt-Kiskun,Hungary,,jews_arrived,1849,Jews from Tapiobicske settled in N. after 1848,[],[],
3596,NAGYKOROS,Pest-Pilis-Solt-Kiskun,Hungary,,jews_arrived,17LX,Jews settled in the late 18th cent.,[],[],
3597,NAGYLETA,Bihar,Hungary,,jews_arrived,18EX,Jews probably settled in the first half of the 19th cent.,[],[],
3598,NAGYOROSZI,Nograd-Hont,Hungary,,jews_arrived,18EX,Jews settled in the early 19th cent.,[],[],
3599,NAGYRABE,Bihar,Hungary,,jews_arrived,18EX,Jews settled in the first half of the 19th cent.,[],[],
3600,NAGYSIMONYI,Vas,Hungary,,jews_arrived,17EX,Jews settled in the early 18th cent.,[],[],
3601,NAGYTETENY,Pest,Hungary,,jews_arrived,1737,dating back to 1737 when Jews from Moravia arrived,[],[],
3602,NAGYVAZSONY,Veszprem,Hungary,,first_mention,1722,Jews are first mentioned in 1722,[],[],
3603,NAHACZOW,Lwow,Poland,Ukraine,POP,1921,The J. pop. in 1921 was 123,[],[],
3604,NAKLO,Poznan,Poland,,community_present,15XX,A small J. community with a synagogue existed in the 16th cent.,[],[],
3605,NALBACH,Saar,Germany,,jews_present,17EX,Jews were present by the early 18th cent.,[],[],
3606,NALCHIK,Kabardino-Balkar ASSR,Russia,,jews_arrived,18EX,J. settlement probably began in the early 19th cent.,[],[],
3607,NALENCZOW,Lublin,Poland,,jews_arrived,18XX,Jews settled in the 19th cent.,[],[],
3608,NALIBOKI,Nowogrodek,Poland,Belarus,jews_present,18XX,Individual Jews were present by the 19th cent.,[],[],
3609,NAMESTOVO,Slovakia,Czechoslovakia,Republic of Slovakia,jews_arrived,17LX,Jews apparently settled in the 1780s,[],[],
3610,NAMSLAU,Lower Silesia,Germany,Poland,jews_present,13EX,Jews inhabited a Street of the Jews no later than the early 14th cent.,"[{'lang': 'pol', 'name': 'Namysłów'}]",[],
3611,NAMUR,,Belgium,,community_founded,18XX,A small community was established in the 19th cent.,"[{'lang': 'nld', 'name': 'Namen'}]",[],
3612,NANCY,Meurthe-et-Moselle,France,,jews_present,1470,The dozen J. families residing in N. around 1470,[],"[{'event': 'Expulsion', 'year': '1476', 'impact': 'dozen families expelled', 'source': 'were expelled in 1476'}]",
3613,NANTES,Loire-Atlantique,France,,jews_present,1235,a Crusader massacre in 1235,[],"[{'event': 'Crusader massacre', 'year': '1235', 'impact': 'massacre of local Jews', 'source': 'a Crusader massacre in 1235'}, {'event': 'Expulsion', 'year': '1240', 'impact': 'Jews expelled', 'source': 'An expulsion decree in 1240'}]",
3615,NAPKOR,Szabolcs,Hungary,,jews_arrived,17EX,Jews settled in the first half of the 18th cent.,[],[],
3616,NAPLES,,Italy,,jews_present,01BCE,J. tombstones from the first cent. B.C.E. indicate the presence of Jews,[],[],
3617,NAPRASNOVKA,Mogilev,Belorussia,,community_founded,18XX,N. was founded as a J. colony in the 19th cent.,[],[],
3618,NARAJOW,Tarnopol,Poland,Ukraine,jews_present,17LX,Jews were present in the late 18th cent.,[],[],
3619,NAREV,Bialystok,Poland,Belarus,jews_present,15XX,A few Jews were present in the 16th cent.,[],"[{'event': 'Blood libel', 'year': '1564', 'impact': 'execution of Jews', 'source': 'a blood libel in 1564 and the execution'}]",
3620,NAREWKA MALA,Bialystok,Poland,,jews_arrived,17LX,Jews settled in the late 18th cent.,[],[],
3621,NARODICHI,Zhitomir,Ukraine,,first_mention,1629,Four tax-paying J. householders were present in 1629,[],"[{'event': 'Chmielnicki massacres', 'year': '1648–1649', 'impact': 'community destroyed; later reestablished', 'source': 'The community was reestablished after the Chmielnicki massacres of 1648-49'}]",
3622,NARO-FOMINSK,Moscow,Russia,,jews_arrived,1917,Jews probably settled after the Oct. 1917 Revolution,[],[],
3623,NAROL,Lwow,Poland,,community_present,16XX,A flourishing community developed in the 17th cent.,[],"[{'event': 'Chmielnicki massacres', 'year': '1648–1649', 'impact': 'community wiped out', 'source': 'wiped out in a Cossack massacre during the Chmielnicki disturbances of 1648-49'}]",
3624,NAROVLYA,Polesie,Belorussia,,jews_present,1765,The number of J. poll-tax payers in N. and its environs was 316 in 1765,[],[],
3625,NARVA,,Estonia,,community_founded,18MX,The J. community was founded by Cantonists in the mid-19th cent.,[],[],
3626,NARVA-JOESSU,,Estonia,,jews_present,19EX,Around 65 J. families lived here between the World Wars,[],[],
3627,NASAUD,N. Transylvania,Rumania,,jews_arrived,18MX,Jews settled in the mid-19th cent.,"[{'lang': 'hun', 'name': 'Naszod'}]",[],
3628,NASICE,Croatia,Yugoslavia,Republic of Croatia,jews_arrived,18XX,Jews first settled in the 19th cent.,[],[],
3629,NASIELSK,Warsaw,Poland,,first_mention,16XX,Jews are first mentioned in the 17th cent.,[],[],
3630,NASSAU,Hesse-Nassau,Germany,,community_founded,1856,Established in 1856,[],[],
3631,NASTAETTEN,Hesse-Nassau,Germany,,jews_present,1664,Jews lived here from 1664,[],[],
3632,NASTASHKA,Kiev,Ukraine,,jews_present,17XX,A small number of Jews lived in N. during the 18th cent.,[],[],
3633,NAUEN,Brandenburg,Germany,,first_mention,1315,There is evidence of Jews in N. in 1315,[],[],
3634,NAUGARD,Pomerania,Germany,Poland,first_mention,1692,A Jew under a letter of protection ... is mentioned in 1692,"[{'lang': 'pol', 'name': 'Nowogard'}]",[],
3635,NAUHEIM,Hesse,Germany,,community_present,1861,In 1861 the community numbered 34,[],[],
3636,NAUMBURG,Hesse-Nassau,Germany,,community_founded,17XX,Established in the 18th cent.,[],[],
3637,NAUTRENI,Latgale,Latvia,,POP,1930,The J. pop. in 1930 was 26.,[],[],
3638,NAVLIA,Oriol,Russia,,jews_arrived,18LX,Jews probably settled in the late 19th cent.,[],[],
3639,NAWARIA,Lwow,Poland,Ukraine,community_present,16XX,A community ... existed from the 17th cent.,[],[],
3640,NAY BROYIT,Crimea,Russia,Ukraine,community_founded,19EX,founded in the 1920s as a J. farm settlement,[],[],
3641,NAYLAND,Odessa,Ukraine,,community_founded,1924,founded as a J. colony in 1924 by 24 J. families,[],[],
3642,NEA,Thrace,Greece,,jews_arrived,1918,Jews settled in N. at the end of wwi,"[{'lang': 'gre', 'name': 'Orestias'}, {'lang': 'gre', 'name': 'Orestiada'}]",[],
3643,NECHAYEVKA,Zaporozhe,Ukraine,,community_founded,1853,founded N. as a J. colony in 1853,[],"[{'event': 'pogrom', 'year': '6 May 1881', 'impact': '', 'source': 'In a pogrom staged on 6 May 1881'}]",
3644,NECKARBISCHOFSHEIM,Baden,Germany,,jews_present,16XX,Jews were present in the 17th cent.,[],[],
3645,NECKARSTEINACH,Hesse,Germany,,community_founded,17EX,Established in the early 18th cent.,[],[],
3646,NECKARZIMMERN,Baden,Germany,,first_mention,15MX,Jews are first mentioned in the mid-16th cent.,[],[],
3647,NEDED,Slovakia,Czechoslovakia,Republic of Slovakia,jews_arrived,18MX,Jews probably settled in the 1840s,"[{'lang': 'hun', 'name': 'Negyed'}]",[],
3648,NEDVEZHYNO,Minsk,Belorussia,,community_founded,1842,founded in 1842 as a J. agricultural colony,[],[],
3649,NEFTA,Tozeur,Tunisia,,community_present,18MX,A small community existed in the mid-19th cent.,[],[],
3650,NEGRESTI (I),Moldavia,Rumania,,jews_arrived,18MX,Jews settled in the 1830s,[],"[{'event': 'Peasant revolt', 'year': '1907', 'impact': '173 Jewish families left destitute', 'source': 'During the 1907 peasant revolt, 173 J. families were left destitute'}]",
3651,NEGRESTI (II),N. Transylvania,Rumania,,community_present,18EX,A J. community existed here in the early 19th cent.,"[{'lang': 'hun', 'name': 'Avasfelsofalu'}]",[],
3652,NEGROVEC,Carpatho-Russia,Czechoslovakia,Ukraine,jews_arrived,17LX,Jews probably settled in the latter part of the 18th cent.,"[{'lang': 'hun', 'name': 'Negroc'}]",[],
3653,NEGROVO,Carpatho-Russia,Czechoslovakia,Ukraine,jews_arrived,18EX,Jews probably settled in the early 19th cent.,"[{'lang': 'hun', 'name': 'Maszarfalva'}]",[],
3654,NEHEIM,Westphalia,Germany,,first_mention,1651,Jews are first mentioned in 1651,[],[],
3655,NEHOIU,Walachia,Rumania,,jews_arrived,19EX,Jews first settled in the early 20th cent.,[],[],
3656,NEIDENBURG,East Prussia,Germany,Poland,first_mention,17LX,The first protected Jew was allowed to live in N. in the second half of the 18th cent.,"[{'lang': 'pol', 'name': 'Nidzica'}]",[],
3657,NEIDENSTEIN,Baden,Germany,,jews_present,15XX,Jews were present from the 16th cent.,[],[],
3658,NEISSE,Upper Silesia,Germany,Poland,jews_arrived,13EX,Jews arrived in the first half of the 14th cent.,"[{'lang': 'pol', 'name': 'Nysa'}]","[{'event': 'Black Death persecutions', 'year': '', 'impact': '', 'source': 'During the Black Death persecutions of 13'}]",
3659,NELIDOVO,Kalinin,Russia,,jews_arrived,18LX,Jews probably settled in the late 19th cent.,[],[],
3660,NELIPENO,Carpatho-Russia,Czechoslovakia,Ukraine,jews_arrived,17LX,Jews probably settled in the late 18th cent.,"[{'lang': 'hun', 'name': 'Harsfalva'}]",[],
3661,NEMAKSCIAI,Raseiniai,Lithuania,,jews_arrived,16XX,Jews first settled in the 17th cent.,"[{'lang': 'yid', 'name': 'Nemoksht'}]",[],
3662,NEMESDED,Somogy,Hungary,,jews_arrived,1780,Jews settled c. 1780 at the encouragement of estate owners,[],[],
3663,NEMESSZALOK,Veszprem,Hungary,,jews_arrived,17EX,Jews settled in the first half of the 18th cent.,[],[],
3664,NEMIROV,Vinnitsa,Ukraine,,community_founded,15LX,The J. community originated around the turn of the 16th cent.,[],"[{'event': 'Chmielnicki massacres', 'year': '20 June 1648', 'impact': 'about 6,000 Jews massacred', 'source': ""Chmielnicki's Cossacks massacred about 6,000 Jews in the area on 20 June 1648""}]",
3665,NEMUNAITIS,Alytus,Lithuania,,POP,1897,The J. pop. in 1897 was 361,"[{'lang': 'yid', 'name': 'Nemoneitz'}]",[],
3666,NEMUNELIO-RADVILISKIS,Birzai,Lithuania,,community_founded,19EX,A secular J. community was established in the beginning of the 20th cent.,"[{'lang': 'yid', 'name': 'Nai-Radvilshok'}, {'lang': 'yid', 'name': 'Nemonelis-Radvilishkis'}]",[],
3668,NENTERSHAUSEN,Hesse-Nassau,Germany,,community_present,17XX,Dating from the 18th cent.,[],[],
3669,NENZENHEIM,Middle Franconia,Germany,,community_present,17LX,The J. community dates from the late 18th cent.,[],[],
3670,NERESNICE,Carpatho-Russia,Czechoslovakia,Ukraine,jews_arrived,17LX,Jews probably settled at the turn of the 18th cent.,"[{'lang': 'hun', 'name': 'Alsoneresznice'}]",[],
3671,NERETA,Zemgale,Latvia,,POP,1935,The J. pop. in 1935 was 54,[],[],
3672,NESSELROEDEN,Hesse-Nassau,Germany,,community_founded,1776,Established around 1776,[],[],
3673,NETRA,Hesse-Nassau,Germany,,community_founded,1776,Established around 1776,[],[],
3674,NETTESHEIM,Rhineland,Germany,,jews_present,1685,Jews were present in 1685,[],[],
3675,NEUBRANDENBURG,Mecklenburg-Strelitz,Germany,,first_mention,1440,Jews are first mentioned in N. in 1440.,[],"[{'event': 'Host desecration persecutions', 'year': '1492', 'impact': 'settlement ended; Jews burned', 'source': 'came to an end in 1492 when the Jews of Mecklenburg were accused of desecrating the Host and burned'}]",
3676,NEUBUKOW,Mecklenburg-Schwerin,Germany,,jews_arrived,1778,Jews apparently arrived in 1778,[],[],
3677,NEUDENAU,Baden,Germany,,first_mention,12MX,Jews are mentioned from the mid-13th cent.,[],"[{'event': 'Rindfleisch massacres', 'year': '1298', 'impact': 'victims', 'source': 'were victims of the Rindfleisch massacres of 1298'}, {'event': 'Black Death persecutions', 'year': '1348–1349', 'impact': 'victims', 'source': 'and the Black Death persecutions of 1348-49'}]",
3679,NEUENHAUS,Hanover,Germany,,first_mention,1685,The first recorded J. settlement dates back to 1685.,[],[],
3680,NEUHOF,Hesse-Nassau,Germany,,POP,1905,established a rural community numbering 70 (3% of the total) in 1905,[],[],
3681,NEUILLY-SUR-SEINE,Seine,France,,community_founded,1878,The synagogue was dedicated in 1878.,[],[],
3682,NEU ISENBURG,Hesse,Germany,,POP,1900,the Jews numbered 40 (0.5% of the total) in 1900,[],[],
3683,NEUKIRCHEN,Hesse-Nassau,Germany,,jews_present,16XX,Jews lived in N. from the 17th cent.,[],[],
3684,NEULEININGEN,Palatinate,Germany,,first_mention,16EX,Jews are known from the early 17th cent.,[],[],
3685,NEUMAGEN,Rhineland,Germany,,first_mention,1351,Jews are first mentioned in 1351.,[],[],
3686,NEUMARKT (I),Upper Palatinate,Germany,,first_mention,12XX,The 13th cent. community,[],"[{'event': 'Rindfleisch massacres', 'year': '1298', 'impact': 'community destroyed', 'source': 'The 13th cent. community was destroyed in the Rindfleisch massacres of 1298'}, {'event': 'Black Death persecutions', 'year': '1348–1349', 'impact': 'new communities ended', 'source': 'New communities were ended in the Black Death persecutions of 1348-49'}]",
3687,NEUMARKT (II),Lower Silesia,Germany,Poland,jews_present,13EX,Jews in significant numbers were present by the early 14th cent.,"[{'lang': 'pol', 'name': 'Sroda Slaska'}]","[{'event': 'Residence ban', 'year': '1455', 'impact': 'residence banned', 'source': 'their residence was banned in 1455'}, {'event': 'Residence renewed', 'year': '1812', 'impact': 'residence renewed', 'source': 'and only renewed in 1812'}]",
3688,NEUMORSCHEN,Hesse-Nassau,Germany,,POP,1861,Numbering 38 (6% of the total) in 1861,[],[],
3689,NEUMUENSTER,Schleswig-Holstein,Germany,,jews_present,1842,Jews were living there in 1842,[],[],
3690,NEUNKIRCHEN (I),Saar,Germany,,first_mention,1777,Jews are first mentioned in 1777.,[],"[{'event': 'Residence limitation', 'year': '1790', 'impact': 'limited to ten families', 'source': 'In 1790 their residence was limited to ten families.'}]",
3691,NEUNKIRCHEN (II),Lower Austria,Austria,,jews_present,1343,Jews were present in 1343.,[],"[{'event': 'Expulsion', 'year': '1496', 'impact': 'Jews expelled', 'source': 'They were expelled by the Landtag of Bruck an der Mur in 1496'}, {'event': 'Resettlement', 'year': '1504', 'impact': 'resettled', 'source': 'but resettled in 1504'}]",
3692,NEURUPPIN,Brandenburg,Germany,,first_mention,1362,synagogue (first mentioned in 1362),[],"[{'event': 'Expulsions from Brandenburg', 'year': '1510 and 157', 'impact': 'community ended', 'source': 'The community ended with the two expulsions of the Jews from Brandenburg in 1510 and 157'}]",
3693,NEUSALZ,Lower Silesia,Germany,Poland,POP,1925,The J. pop. was 71 in 1925,"[{'lang': 'pol', 'name': 'Nowa Sol'}]",[],
3694,NEUSS,Rhineland,Germany,,jews_arrived,1096,Jews from Cologne ... arrived in 1096,[],"[{'event': ""Massacre on St. John's Day"", 'year': '1096', 'impact': 'a number were massacred', 'source': ""a number were massacred on St. John's Day in the same year""}]",
3695,NEUSTADT (I),Palatinate,Germany,,jews_present,12XX,A J. presence in the 13th cent. is indicated by the remains of a synagogue,[],"[{'event': 'Persecutions', 'year': '', 'impact': 'Some were burned', 'source': 'Some were burned'}]",
3696,NEUSTADT (II),Upper Silesia,Germany,Poland,jews_present,1534,"In 1534, the J. pop. was 25","[{'lang': 'pol', 'name': 'Prudnik'}]",[],
3697,NEUSTADT (IID),Hesse-Nassau,Germany,,jews_present,1646,Jews lived there from 1646,[],[],
3699,NEUSTADT AM RUEBENBERGE,Hanover,Germany,,jews_arrived,16LX,"Arriving there before 1700, Jews acquired a burial ground",[],[],
3700,NEUSTADT AN DER AISCH,Middle Franconia,Germany,,jews_present,1298,"In the Rindfleisch massacres of 1298, 71 Jews were murdered",[],"[{'event': 'Rindfleisch massacres', 'year': '1298', 'impact': '71 Jews murdered', 'source': 'In the Rindfleisch massacres of 1298, 71 Jews were murdered'}, {'event': 'Black Death persecutions', 'year': '1348–1349', 'impact': 'community destroyed', 'source': 'in the Black Death persecutions of 1348-49 the community was destroyed'}]",
3701,NEUSTADT IM ODENWALD,Hesse,Germany,,community_present,1871,"The community, numbering 93 ... in 1871",[],[],
3702,NEUSTETTIN,Pomerania,Germany,Poland,jews_present,1718,In 1718 there were three J. families,"[{'lang': 'pol', 'name': 'Szczecinek'}]",[],
3703,NEU-ULM,Swabia,Germany,,POP,1880,numbering 109 in 1880,[],[],
3704,NEUWIED,Rhineland,Germany,,jews_arrived,1661,Jews arrived in 1661,[],[],
3705,NEVARENAI,Telsai,Lithuania,,community_present,19LX,The J. community became consolidated here in the late 19th cent.,"[{'lang': 'yid', 'name': 'Naveran'}]",[],
3706,NEVEKLOV,Bohemia,Czechoslovakia,,community_present,1657,An organized community existed by 1657,[],[],
3707,NEVEL,Kalinin,Russia,,jews_arrived,17MX,J. settlement probably began in the mid-18th cent.,[],[],
3708,NICE,Alpes-Maritimes,France,,first_mention,3XX,The first reference to Jews in N. dates to the fourth cent.,"[{'lang': 'ita', 'name': 'Nizza'}]","[{'event': 'Discriminatory statutes', 'year': '1342', 'impact': '', 'source': 'The Statutes of N., enacted in 1342, ... compelled the Jews'}]",
3709,NIDDA,Hesse,Germany,,community_founded,17XX,a community was not established until the 18th cent.,[],[],
3710,NIEBYLEC,Lwow,Poland,,jews_arrived,16LX,Jews first settled around the end of the 17th cent.,[],"[{'event': 'Pogroms', 'year': '1919', 'impact': '', 'source': 'Pogroms in 1919'}]",
3711,NIEDENSTEIN,Hesse-Nassau,Germany,,jews_arrived,1648,The founder of the community... settled... at the end of the Thirty Years War (1618–48).,[],[],
3712,NIEDERAULA,Hesse-Nassau,Germany,,community_founded,1735,Established in 1735,[],[],
3713,NIEDERBRONN-LES-BAINS,Bas-Rhin,France,,jews_present,1766,"In 1766, there were 26 Jews in N.","[{'lang': 'ger', 'name': 'Niederbronn'}]",[],
3714,NIEDER-FLORSTADT,Hesse,Germany,,POP,1861,"The community, numbering 148 (12% of the total) in 1861",[],[],
3715,NIEDER-GEMUENDEN,Hesse,Germany,,POP,1861,"The community, numbering 51 (10% of the total) in 1861",[],[],
3716,NIEDERHOCHSTADT,Palatinate,Germany,,first_mention,1685,Jews are mentioned in 1685.,[],[],
3717,NIEDERKLEIN,Hesse-Nassau,Germany,,POP,1861,Numbering 63 (6% of the total) in 1861,[],[],
3718,NIEDERMARSBERG,Westphalia,Germany,,first_mention,1844,The J. community is first mentioned in 1844.,[],"[{'event': 'Fire', 'year': '1849', 'impact': 'synagogue destroyed', 'source': 'In 1849, the synagogue was destroyed in a devastating fire.'}]",
3719,NIEDERMENDIG,Rhineland,Germany,,first_mention,1760,Jews are first mentioned in 1760.,[],[],
3720,NIEDER-MOCKSTADT,Hesse,Germany,,POP,1861,Numbering 89 (13% of the total) in 1861,[],[],
3721,NIEDER-OHMEN,Hesse,Germany,,community_founded,17XX,Established in the 18th cent.,[],[],
3722,NIEDER-OLM,Hesse,Germany,,first_mention,1236,A Torah scroll dating from 1236... is preserved,[],[],
3723,NIEDER-SAULHEIM,Hesse,Germany,,POP,1861,Numbering 71 (4% of the total) in 1861,[],[],
3724,NIEDERSTETTEN,Wuerttemberg,Germany,,jews_present,16XX,In the 17th cent. Jews were living in N. under a letter of protection.,[],"[{'event': 'Rindfleisch massacres', 'year': '1298', 'impact': 'medieval settlement destroyed', 'source': 'The medieval J. settlement was destroyed in the Rindfleisch massacres of 1298.'}]",
3725,NIEDERWEIDBACH,Hesse-Nassau,Germany,,POP,1885,"Numbering 43 (10% of the total) in 1885, the community had a synagogue",[],[],
3726,NIEDER-WEISEL,Hesse,Germany,,community_present,1861,The community numbered 104 (6% of the total) in 1861,[],[],
3727,NIEDERWERRN,Lower Franconia,Germany,,community_founded,16LX,community was established no later than the second half of the 17th cent.,[],[],
3728,NIEDER-WIESEN,Hesse,Germany,,community_founded,17EX,"community, established in the early 18th cent.",[],[],
3729,NIEDER-WOELLSTADT,Hesse,Germany,,community_founded,1725,Established around 1725,[],[],
3730,NIEDERZISSEN,Rhineland,Germany,,first_mention,1752,Jews are first mentioned in 1752,[],[],
3731,NIEDZWIEDZICA,Nowogrodek,Poland,Belarus,community_founded,18LX,An organized community existed in the late 19th cent.,[],[],
3732,NIEGORELOYE,Minsk,Belorussia,,jews_arrived,18LX,Jews probably settled in the late 19th cent.,[],[],
3733,NIEHEIM,Westphalia,Germany,,first_mention,16LX,Jews are first mentioned after the Thirty Years War (1618-48),[],"[{'event': 'natural disasters', 'year': '1698–1744', 'impact': 'community struck repeatedly', 'source': 'community was struck by a number of natural disasters between 1698 and 1744'}]",
3734,NIEHNIEWICZE,Nowogrodek,Poland,Belarus,jews_present,17LX,A J. settlement existed from around the late 18th cent.,[],[],
3735,NIEMCE,Lublin,Poland,,POP,1921,"The J. pop. was 105 (total 1,579) in 1921","[{'lang': 'yid', 'name': 'Nimches'}]",[],
3736,NIEMENCZYN,Vilna,Poland,Lithuania,jews_arrived,18LX,Jews probably settled in the late 19th cent.,[],[],
3737,NIEMIROW (I),Lwow,Poland,Ukraine,jews_arrived,15LX,Jews were among the town's first settlers in the late 16th cent.,[],[],
3738,NIEMIROW (II),Bialystok,Poland,Belarus,POP,1807,Jews numbered 107 in 1807,[],[],
3739,NIEMOWICZE,Volhynia,Poland,Ukraine,POP,1921,The J. pop. in 1921 was 94,[],[],
3740,NIENBURG AN DER WESER,Hanover,Germany,,first_mention,1681,"In 1681, the first protected Jew (Schutzjude) was living in N.",[],[],
3741,NIEPOLOMICE,Cracow,Poland,,jews_present,17MX,Jews are known from the mid-18th cent.,[],[],
3742,NIESUCHOJEZE,Volhynia,Poland,Ukraine,first_mention,1569,Jews are first mentioned in 1569.,"[{'lang': 'yid', 'name': 'Neskhizh'}]",[],
3743,NIESWIEZ,Nowogrodek,Poland,Belarus,jews_arrived,15EX,The J. settlement commenced in the early 16th cent.,[],[],
3744,NIESZAWA,Warsaw,Poland,,community_founded,17MX,J. communal life began in the mid-18th cent.,[],"[{'event': 'forced quarter', 'year': '1826–1862', 'impact': 'Jews forced to live in a special quarter', 'source': 'Between 1826 and 1862 the Jews were forced to live in a special quarter.'}]",
3745,NIEUWESCHANS,Groningen,Holland,,jews_present,16XX,Jews lived there from the 17th cent.,"[{'lang': 'nld', 'name': 'Nieuwe Schans'}]",[],
3746,NIEVERN,Hesse-Nassau,Germany,,POP,1843,numbered fewer than 20 Jews (1843-1933),[],[],
3747,NIEZHIN,Chernigov,Ukraine,,jews_arrived,16EX,Jews settled in the early 17th cent.,[],"[{'event': 'Chmielnicki massacres', 'year': '1648–1649', 'impact': 'community destroyed', 'source': 'The community was destroyed in the Chmielnicki massacres of 1648-49.'}]",
3748,NIJKERK,Gelderland,Holland,,first_mention,16XX,Records of Jews in N. date back to the 17th cent.,[],[],
3749,NIJMEGEN,Gelderland,Holland,,jews_arrived,13MX,settlement was renewed soon after,[],"[{'event': 'Black Death persecutions', 'year': '1349', 'impact': 'community came to an end', 'source': 'It came to an end in 1349 during the Black Death persecutions'}]",
3750,NIKITOVKA,Stalino,Ukraine,,POP,1939,The J. pop. in 1939 was 375,[],[],
3751,NIKOLAIEV,Nikolaiev,Ukraine,,jews_arrived,17LX,Jews settled with the founding of the city in the late 18th cent.,[],"[{'event': 'pogroms', 'year': 'May 1881 and April 18', 'impact': 'Jews attacked', 'source': 'Jews were attacked in pogroms in May 1881 and April 18'}]",
3752,NIKOLAIKEN,East Prussia,Germany,Poland,community_founded,19XX,The J. community was apparently established in the 19th cent.,"[{'lang': 'pol', 'name': 'Mikołajki'}]",[],
3753,NIKOLAYEV,Kamenets-Podolski,Ukraine,,jews_present,15LX,Jews were present from the late 16th cent.,[],"[{'event': 'Chmielnicki massacres', 'year': '1648–1649', 'impact': 'Jews murdered', 'source': 'They were murdered in the Chmielnicki massacres of 1648-49.'}]",
3754,NIKOPOL,Dnepropetrovsk,Ukraine,,first_mention,17LX,Jews are first mentioned in the 1780s.,[],"[{'event': 'pogrom', 'year': '1905', 'impact': 'Jews attacked', 'source': 'In 1905, they were attacked in a pogrom.'}]",
3755,NIMES,Gard,France,,community_founded,9LX,A J. community was established during the second half of the tenth cent.,"[{'lang': 'fra', 'name': 'Nismes'}]",[],
3756,NIMIGEA DE JOS,N. Transylvania,Rumania,,jews_arrived,18EX,Jews settled in the early 19th cent.,"[{'lang': 'hun', 'name': 'Magyarnemegye'}, {'lang': 'yid', 'name': 'Nimizshe'}]",[],
3757,NIRZA,Latgale,Latvia,,POP,1925,The J. pop in 1925 was 45,[],[],
3758,NIS,Serbia,Yugoslavia,,jews_arrived,16XX,Sephardi Jews arrived in the 17th cent.,[],[],
3759,NISKO,Lwow,Poland,,jews_arrived,17LX,Jews first settled in the late 18th cent.,[],"[{'event': 'World War I destruction', 'year': '1914', 'impact': 'most of the town burned down', 'source': 'The Russians burned down most of the town at the outset of WWI'}]",
3760,NITRA,Slovakia,Czechoslovakia,Republic of Slovakia,community_present,14XX,The J. community dating back to the Middle Ages,[],[],
3761,NIWKA,Kielce,Poland,,jews_arrived,18LX,Sixty J. families settled in the late 19th cent.,[],[],
3762,NIWKI,Vilna,Poland,Belarus,community_founded,1848,founded as a J. farm settlement for 15 families in 1848,[],[],
3763,NIZANKOWICE,Lwow,Poland,Ukraine,first_mention,1602,Jews are mentioned from 1602,[],[],
3764,NIZHNEDNEPROVSK,Dnepropetrovsk,Ukraine,,jews_arrived,18LX,Jews settled in the latter half of the 19th cent.,"[{'lang': 'rus', 'name': 'Amur'}]",[],
3765,NIZNI APSA,Carpatho-Russia,Czechoslovakia,Ukraine,jews_arrived,17MX,J. settlement probably commenced in the mid-18th cent.,"[{'lang': 'hun', 'name': 'Alsoapsa'}, {'lang': 'yid', 'name': 'Unter Apsa'}]",[],
3766,NIZNI BYSTRY,Carpatho-Russia,Czechoslovakia,Ukraine,jews_arrived,18EX,Jews probably settled in the early 19th cent.,"[{'lang': 'hun', 'name': 'Alsobisztra'}, {'lang': 'yid', 'name': 'Unter Bystra'}]",[],
3767,NIZNIOW,Stanislawow,Poland,Ukraine,jews_arrived,16XX,Jews settled with the founding of the town in the 17th cent.,"[{'lang': 'yid', 'name': 'Nizhneve'}]",[],
3768,NIZNI SELISTE,Carpatho-Russia,Czechoslovakia,Ukraine,jews_arrived,17MX,Jews probably settled in the mid-18th cent.,"[{'lang': 'hun', 'name': 'Alsoszelistye'}]",[],
3769,NIZNI STUDENY,Carpatho-Russia,Czechoslovakia,Ukraine,jews_arrived,17LX,Jews probably settled in the late 18th cent.,"[{'lang': 'hun', 'name': 'Alsohidegpatak'}]",[],
3770,NIZNI VERECKY,Carpatho-Russia,Czechoslovakia,Ukraine,jews_arrived,17XX,Jews probably settled in the 18th cent.,"[{'lang': 'hun', 'name': 'Alsovereczke'}]",[],
3771,NIZNY KOMARNIK,Slovakia,Czechoslovakia,Republic of Slovakia,POP,1880,Jews numbered 121 in 1880,[],[],
3772,NOERDLINGEN,Swabia,Germany,,first_mention,11XX,Jews are known from the 12th cent.,[],"[{'event': 'massacre', 'year': '1290', 'impact': 'hundreds of Jews slaughtered; medieval community ended', 'source': 'medieval community ended in 1290 when hundreds of Jews were slaughtered'}]",
3773,NOERENBERG,Pomerania,Germany,Poland,jews_present,1717,"In 1717, there were three J. families","[{'lang': 'pol', 'name': 'Insko'}]",[],
3774,NOGAYSK,Zaporozhe,Ukraine,,POP,1897,Jews numbered 508 ... in 1897,[],[],
3775,NOMME,,Estonia,,jews_present,19EX,A few Jews were present in the early 20th cent.,[],"[{'event': 'World War I displacement', 'year': '1914–1918', 'impact': 'some escaped to the Soviet Union; others were sent to Tallinn', 'source': 'In Wwi, some escaped to the Soviet Union while the others were sent to Tallinn by an Estonian ""self-defense"" unit'}]",
3776,NONNENWEIER,Baden,Germany,,jews_arrived,17EX,Jews helped resettle the town after it was destroyed in the War of the Spanish Succession (1701-1714),[],[],
3777,NORDECK,Hesse-Nassau,Germany,,jews_present,1733,Jews lived there from 1733,[],[],
3778,NORDEN,Hanover,Germany,,community_founded,1569,"In 1569, Jews established a community under the local ruler's protection",[],[],
3779,NORDENBURG,East Prussia,Germany,Russia,jews_arrived,19EX,Jews probably came to N. only after 1810,"[{'lang': 'rus', 'name': 'Krylovo'}]",[],
3780,NORDENHAM-BRAKE,Oldenburg,Germany,,community_present,19XX,"formed a congregation which, until the early 20th cent., was centered in Ovelgoenne",[],[],
3781,NORDHAUSEN,Saxony,Germany,,first_mention,1290,The first definite evidence of Jews in N. dates from 1290,[],"[{'event': 'Black Death persecutions', 'year': '1348–1349', 'impact': 'community attacked', 'source': 'the community ... was attacked several times, as in the Black Death p'}]",
3782,NORDHEIM V.D. RHOEN,Lower Franconia,Germany,,jews_arrived,19EX,Jews settled around the turn of the 19th cent.,[],[],
3783,NORDHORN,Hanover,Germany,,first_mention,1694,Jews are recorded as living here from 1694,[],[],
3784,NORDSTETTEN,Wuerttemberg,Germany,,community_present,15XX,The J. community began to develop in the 16th cent.,"[{'lang': 'yid', 'name': 'Narshalin'}]","[{'event': 'Great fire', 'year': '1821', 'impact': 'many Jews died', 'source': 'Many died in a great fire in 1821'}]",
3785,NORINSK,Zhitomir,Ukraine,,jews_arrived,16EX,Jews settled in the early 17th cent.,[],"[{'event': 'Chmielnicki massacres', 'year': '1648–1649', 'impact': 'community destroyed', 'source': 'The community was destroyed during the Chmielnicki massacres of 1648-49'}]",
3786,NORTHEIM,Brunswick,Germany,,first_mention,1305,The first mention of Jews is in 1305,[],[],
3787,NOSOVICHI,Gomel,Belorussia,,POP,1847,Jews numbered 382 in 1847,[],"[{'event': 'Pogrom/riots', 'year': '1905-10-17', 'impact': 'Jewish property damaged', 'source': 'On 17 Oct. 1905, J. property was damaged in ri'}]",
3788,NOSOVKA,Chernigov,Ukraine,,jews_present,19EX,A few Jews were probably present in the first half of the 19th cent.,[],[],
3789,NOUA-SULITA,Bessarabia,Rumania,Republic of Moldova,jews_arrived,17LX,Jews first settled at the end of the 18th cent.,[],[],
3790,NOVA BANA,Slovakia,Czechoslovakia,Republic of Slovakia,jews_arrived,18MX,Jews arrived in the 1850s,"[{'lang': 'hun', 'name': 'Ujbanya'}]",[],
3791,NOVA CEREKEV,Bohemia,Czechoslovakia,,community_present,16LX,a community with a synagogue and cemetery are known from the late 17th cent.,[],[],
3792,NOVA CHARTORIYA,Zhitomir,Ukraine,,POP,17MX,The J. pop. was 49 in the mid-18th cent.,[],[],
3793,NOVA GORICA,Slovenia,Yugoslavia,Republic of Slovenia,jews_present,12XX,Jews lived there from the 13th cent.,[],"[{'event': 'Ghettoization and discrimination', 'year': '16XX', 'impact': 'lived in a ghetto; discrimination', 'source': 'From the 17th cent. they lived in a ghetto and suffered discrimination.'}]",
3794,NOVA GRADISKA,Croatia,Yugoslavia,Republic of Croatia,jews_arrived,17LX,Jews settled there from the end of the 18th cent.,[],[],
3795,NOVAKY,Slovakia,Czechoslovakia,Republic of Slovakia,jews_arrived,18EX,returning only in the early 19th cent.,[],"[{'event': 'Expulsion', 'year': '17MX', 'impact': 'Jews expelled', 'source': 'were apparently expelled at mid-cent.'}]",
3796,NOVAYA ODESSA,Nikolaiev,Ukraine,,jews_arrived,18LX,Jews settled in the late 19th cent.,[],[],
3797,NOVAYA PRAGA,Kirovograd,Ukraine,,jews_arrived,18EX,J. settlement probably commenced in the first half of the 19th cent.,[],"[{'event': 'Pogrom', 'year': '1882-04-04', 'impact': 'Jews attacked', 'source': 'On 4 April 1882, they were attacked in a pogrom.'}]",
3798,NOVAYA PRILUKA,Vinnitsa,Ukraine,,jews_arrived,17EX,Jews settled in the early 18th cent.,[],"[{'event': 'Pogrom', 'year': '1917-01-10', 'impact': 'a number of Jews were killed', 'source': 'A number of Jews were killed in a pogrom on 10 Jan. 1917.'}]",
3799,NOVAYA USHITSA,Kamenets-Podolski,Ukraine,,POP,1765,The J. pop. was 229 in 1765,[],[],
3800,NOVE BAROVO,Carpatho-Russia,Czechoslovakia,Ukraine,jews_arrived,18EX,Jews probably arrived in the early 19th cent.,"[{'lang': 'hun', 'name': 'Ujbard'}, {'lang': 'yid', 'name': 'Vybaryf'}]",[],
3801,NOVE DAVIDKOVO,Carpatho-Russia,Czechoslovakia,Ukraine,jews_arrived,18LX,J. settlement probably began in the late 19th cent.,"[{'lang': 'hun', 'name': 'Ujdavidhaza'}]",[],
3802,NOVE MESTO NAD VAHOM,Slovakia,Czechoslovakia,Republic of Slovakia,jews_arrived,,one of the oldest... with settlement commencing in the M,"[{'lang': 'hun', 'name': 'Vagujhely'}]",[],
3803,NOVE SELO,Carpatho-Russia,Czechoslovakia,Ukraine,jews_arrived,18EX,Jews probably settled in the early 19th cent.,"[{'lang': 'hun', 'name': 'Ujfalu'}, {'lang': 'yid', 'name': 'Novoshelits'}]",[],
3804,NOVE ZAMKY,Slovakia,Czechoslovakia,Republic of Slovakia,community_founded,,The community was probably only renew...,"[{'lang': 'hun', 'name': 'Ersekujvar'}]","[{'event': 'Expulsion', 'year': '1725', 'impact': 'Jews expelled', 'source': 'were apparently expelled in 1725'}]",
3805,NOVGOROD,Leningrad,Russia,,jews_present,18EX,Jews probably settled in the first half of the 19th cent.,[],[],
3806,NOVGOROD-SEVERSKI,Chernigov,Ukraine,,jews_arrived,17LX,the Jews returning only in the late 18th cent.,[],"[{'event': 'Chmielnicki massacres', 'year': '1648–1649', 'impact': 'community destroyed', 'source': 'The community was destroyed in the Chmielnicki massacres of 1648-49'}]",
3807,NOVI BECEJ,Vojvodina,Yugoslavia,,community_founded,1845,A J. community was established in 1845,"[{'lang': 'hun', 'name': 'Torok Becse'}]",[],
3808,NOVI KNEZEVAC,Vojvodina,Yugoslavia,,jews_arrived,17EX,Jews first settled in the early 18th cent.,"[{'lang': 'hun', 'name': 'Torok Kanyizsa'}]",[],
3809,NOVI PAZAR,Serbia,Yugoslavia,,community_founded,17XX,A J. community was established in the 18th cent.,[],[],
3810,NOVI SAD,Vojvodina,Yugoslavia,,community_founded,17EX,In the early 1740s a community was established,"[{'lang': 'ger', 'name': 'Neusatz'}, {'lang': 'hun', 'name': 'Ujvidek'}]",[],
3811,NOVOARKHANGELSK,Kirovograd,Ukraine,,jews_present,18LX,Jews probably settled in the late 19th cent.,[],"[{'event': 'Pogrom by White Army (Denikin)', 'year': '1919', 'impact': 'pogrom against Jews', 'source': ""In 1919, General Denikin's White Army staged a pogrom against the Jews.""}]",
3812,NOVO BERISLAV,Nikolaiev,Ukraine,,community_founded,18LX,N. was a J. colony founded in the latter 19th cent.,[],[],
3813,NOVOCHERKASSK,Rostov,Russia,,jews_arrived,20EX,did not begin to arrive until the early 1920s,[],[],
3814,NOVODAROVKA,Zaporozhe,Ukraine,,community_founded,1855,founded N. as a J. colony in 1855,"[{'lang': 'rus', 'name': 'Bogodarovka'}]",[],
3817,NOVOGEORGIEVSK,Kirovograd,Ukraine,,jews_arrived,18MX,J. settlement commenced in the mid-19th cent.,[],[],
3818,NOVOGRAD-VOLINSKII,Zhitomir,Ukraine,,community_founded,16LX,Survivors ... probably founded the J. settlement in the late 17th cent.,[],[],
3819,NOVO-KONSTANTINOV,Kamenets-Podolski,Ukraine,,jews_present,1765,The J. pop. was 694 in 1765,[],"[{'event': 'Chmielnicki massacres', 'year': '1648–1649', 'impact': 'community destroyed', 'source': 'The 17th cent. community was destroyed in the Chmielnicki massacres of 1648-49'}]",
3821,NOVOMIRGOROD,Kirovograd,Ukraine,,jews_present,1821,Jews along with other residents were expelled in 1821,[],"[{'event': 'Expulsion', 'year': '1821', 'impact': 'Jews expelled with other residents', 'source': 'Jews along with other residents were expelled in 1821 for military reasons.'}]",
3822,NOVOMOSKOVSK,Dnepropetrovsk,Ukraine,,jews_arrived,17LX,Jews began settling in the late 18th cent.,[],[],
3823,NOVOPAVLOVKA,Odessa,Ukraine,,POP,1897,"The J. pop. was 953 (total 1,581) in 1897",[],[],
3824,NOVOPAVLOVSKOYE,Krasnodar territory,Russia,,,,,[],[],
3825,NOVOPODOLSK,Dnepropetrovsk,Ukraine,,community_founded,1849,N. was founded as a J. colony in 1849,[],[],
3826,NOVO POLTAVKA,Nikolaiev,Ukraine,,community_founded,1840,founded N. in 1840 as a J. farm settlement,[],[],
3827,NOVOROSSYISK,Krasnodar territory,Russia,,jews_arrived,18MX,Jews probably settled in the mid-19th cent.,[],[],
3828,NOVORZHEV,Kalinin,Russia,,jews_arrived,18MX,Jews probably settled in the mid-19th cent.,[],[],
3829,NOVOSELICE,Carpatho-Russia,Czechoslovakia,Ukraine,jews_arrived,18EX,Jews probably arrived in the early 19th cent.,"[{'lang': 'hun', 'name': 'Taracujfalu'}]",[],
3830,NOVOSOKOLNIKI,Kalinin,Russia,,jews_arrived,18LX,Jews probably settled at the turn of the 19th cent.,[],[],
3831,NOVOUKRAINKA,Kirovograd,Ukraine,,jews_arrived,18MX,Jews settled in the mid-19th cent.,[],[],
3832,NOVOVITEBSK,Dnepropetrovsk,Ukraine,,community_founded,18EX,N. was founded as a J. colony in the 1820s,[],[],
3833,NOVO VORONTSOVKA,Nikolaiev,Ukraine,,POP,1897,"Jews numbered 1,685 (total 5,188) in 1897",[],[],
3834,NOVOYE KOVNO,Dnepropetrovsk,Ukraine,,community_founded,1849,N. was founded as a J. colony in 1849,[],[],
3835,NOVOZHITOMIR,Dnepropetrovsk,Ukraine,,community_founded,18MX,N. was a J. colony founded in the mid-19th cent.,[],[],
3836,NOVOZHYBKOV,Oriol,Russia,,jews_arrived,17EX,J. settlement probably dates from the early 18th cent.,[],[],
3837,NOVO ZLATOPOL,Zaporozhe,Ukraine,,community_founded,18LX,founded N. as a J. colony in the late 1840s,[],[],
3838,NOVY BYDZOV,Bohemia,Czechoslovakia,,first_mention,1432,Jews are mentioned in 1432 and 1514,[],"[{'event': 'expulsion', 'year': '1715', 'impact': 'Jews expelled following an epidemic', 'source': 'In 1715 the Jews were expelled following an epidemic'}]",
3839,NOVY BYKHOV,Mogilev,Belorussia,,POP,,The J. pop. was 560 in 1847 and 490 in 1897,[],[],
3840,NOVY FASTOV,Vinnitsa,Ukraine,,jews_present,1775,Eight Jews were present in 1775,[],"[{'event': 'pogrom', 'year': '1919-07-11', 'impact': 'pogrom staged', 'source': 'A pogrom was staged on 11 July 1919'}]",
3841,NOVYI BUG,Nikolaiev,Ukraine,,jews_arrived,19LX,Jews settled in the late 19th cent.,[],"[{'event': 'pogrom', 'year': '1919-05-19', 'impact': 'pogrom staged', 'source': 'A pogrom was staged on 19 May 1919'}]",
3842,NOVY JICIN,Moravia,Czechoslovakia,,community_founded,18MX,The modern community was only established after the 184…,[],"[{'event': 'expulsion', 'year': '1562', 'impact': 'Jews expelled', 'source': 'In 1562, they were expelled'}]",
3843,NOWA MYSZ,Nowogrodek,Poland,Belarus,jews_arrived,15MX,Jews probably settled in the mid-16th cent.,[],[],
3844,NOWE MIASTO (I),Lodz,Poland,,jews_arrived,17LX,Jews first settled in the late 18th cent.,"[{'lang': 'yid', 'name': 'Neishtat'}]",[],
3845,NOWE MIASTO (II),Lwow,Poland,Ukraine,community_present,18XX,only reviving in the 19th cent.,"[{'lang': 'yid', 'name': 'Neistat'}]","[{'event': 'Chmielnicki massacres', 'year': '1648–1649', 'impact': '17th cent. community wiped out', 'source': 'wiped out in the Chmielnicki massacres of 1648-49'}]",
3846,NOWE MIASTO (III),Warsaw,Poland,,jews_arrived,15XX,Jews first arrived in the 16th cent.,"[{'lang': 'yid', 'name': 'Neishtat'}]",[],
3847,NOWE SIOLO (I),Lwow,Poland,,POP,,The J. pop. in 1921 was 125,[],[],
3848,NOWE SIOLO (II),Tarnopol,Poland,Ukraine,POP,,The J. pop. was 109 in 1921,[],[],
3849,NOWINY POKARCZMISKA,Lublin,Poland,,POP,,The J. pop. stood at 113 (total 210) in 1921,[],[],
3850,NOWOGROD,Bialystok,Poland,,jews_arrived,14XX,The J. settlement dates from the 15th cent.,[],[],
3851,NOWOGRODEK,Nowogrodek,Poland,Belarus,jews_arrived,14LX,Jews probably settled in the second half of the 15th cent.,"[{'lang': 'yid', 'name': 'Novaredok'}]",[],
3852,NOWOJELNIA,Nowogrodek,Poland,Belarus,jews_arrived,1903,Jews first settled in about 1903,[],[],
3853,NOWO-SWIENCIANY,Vilna,Poland,Lithuania,jews_arrived,18MX,J. settlement commenced in the 1850s,[],[],
3854,NOWY DWOR (I),Nowogrodek,Poland,Belarus,jews_arrived,18EX,Jews probably settled in the early 19th cent.,[],[],
3855,NOWY DWOR (II),Bialystok,Poland,Belarus,jews_present,18XX,Jews lived there in the 19th cent.,[],[],
3856,NOWY DWOR (III),Warsaw,Poland,,jews_arrived,17XX,Jews settled in the 18th cent.,"[{'lang': 'yid', 'name': 'Neihof'}]",[],
3857,NOWY DWOR (IV),Bialystok,Poland,Belarus,jews_arrived,15EX,Jews settled in the first half of the 16th cent.,[],[],
3858,NOWY KORCZYN,Kielce,Poland,,first_mention,14XX,Jews are first mentioned in the 15th cent.,[],"[{'event': 'residence restrictions', 'year': '15XX', 'impact': 'restricted to residence outside the town walls', 'source': 'they were restricted to residence outside the town walls'}]",
3859,NOWY POHOST,Vilna,Poland,Belarus,community_present,1859,A community of 50 Jews existed by 1859,[],[],
3860,NOWY SONCZ,Cracow,Poland,,first_mention,14LX,Jews are recorded from the end of the 15th cent.,"[{'lang': 'yid', 'name': 'Zanz'}]",[],
3861,NOWY TARG,Cracow,Poland,,jews_present,17LX,Few Jews were present until the late 18th cent.,"[{'lang': 'yid', 'name': 'Neimarkt'}]",[],
3862,NUR,Bialystok,Poland,,community_founded,18EX,"The J. community, dating from the early 19th cent.",[],[],
3863,NUREMBERG,Middle Franconia,Germany,,first_mention,11LX,A J. community is first mentioned in the last third of the 12th cent.,"[{'lang': 'ger', 'name': 'Nuernberg'}]",[],
3864,NUSFALAU,N. Transylvania,Rumania,,jews_arrived,18EX,Jews settled in the early 19th cent.,"[{'lang': 'hun', 'name': 'Szilagynagyfalu'}]",[],
3865,NUSSLOCH,Baden,Germany,,jews_arrived,1743,The first three J. families arrived in 1743,[],"[{'event': 'anti-Jewish riots', 'year': '1848', 'impact': 'riots during the revolution', 'source': 'Anti-J. riots broke out during the 1848 revolution'}]",
3866,NYEKLADHAZA,Borsod,Hungary,,jews_arrived,17EX,Jews arrived in the first half of the 18th cent.,[],[],
3867,NYIRABRANY,Szabolcs,Hungary,,jews_arrived,17LX,Jews settled in the late 18th cent.,[],"[{'event': 'White Terror attacks', 'year': '1919–1921', 'impact': 'Jews suffered attacks after WWI', 'source': 'They suffered during the White Terror attacks (1919-21)'}]",
3868,NYIRACSAD,Szabolcs,Hungary,,jews_arrived,17MX,Jews settled in the 1730s,[],[],
3869,NYIRADONY,Szabolcs,Hungary,,jews_arrived,18EX,Jews arrived in the first half of the 19th cent.,[],[],
3870,NYIRBATOR,Szabolcs,Hungary,,jews_arrived,17LX,Jews settled in the late 18th cent.,[],[],
3871,NYIRBELTEK,Szabolcs,Hungary,,jews_arrived,17EX,Jews settled in the early 18th cent.,[],[],
3872,NYIRBOGAT,Szabolcs,Hungary,,first_mention,1747,Jews are first mentioned in 1747,[],[],
3873,NYIRBOGDANY,Szabolcs,Hungary,,first_mention,1770,Jews are first mentioned in 1770,[],[],
3874,NYIRCSAHOLY,Szatmar,Hungary,,jews_arrived,18EX,"In the early 19th cent., estate owners encouraged the Jews to settle",[],[],
3875,NYIRDERZS,Szatmar,Hungary,,jews_arrived,17LX,Jews settled in the late 18th cent.,[],[],
3876,NYIREGYHAZA,Szabolcs,Hungary,,jews_arrived,1840,Jews arrived c. 1840,[],"[{'event': 'Tiszaeszlar blood libel trial', 'year': '1883', 'impact': 'anti-J. agitation; organization of Jewish defense', 'source': 'From 17 June to 3 Aug. 1883, the Tiszaeszlar blood libel trial ... leading to anti-J. agitation and the organization of J. defen'}]",
3877,NYIRGALSA,Szabolcs,Hungary,,jews_arrived,17MX,Jews settled in the mid-18th cent.,[],[],
3878,NYIRGYULAJ,Szabolcs,Hungary,,jews_arrived,17LX,Jews settled in the second half of the 18th cent.,[],[],
3879,NYIRJAKO,Szabolcs,Hungary,,first_mention,1747,Jews are first mentioned in 1747,[],"[{'event': 'Post-WWI and White Terror attacks', 'year': '', 'impact': 'anti-Jewish attacks by demobilized soldiers and White Terror gangs', 'source': 'Following WWI, they suffered from anti-J. attacks by demobilized soldiers as well as from White Terror gangs'}]",
3880,NYIRKARASZ,Szabolcs,Hungary,,jews_arrived,17EX,Jews settled in the early 18th cent.,[],"[{'event': 'White Terror attacks', 'year': '', 'impact': 'community suffered attacks', 'source': 'They suffered from the White Terror attacks'}]",
3881,NYIRLUGOS,Szabolcs,Hungary,,jews_arrived,17EX,Jews arrived in the first half of the 18th cent.,[],[],
3882,NYIRMADA,Szabolcs,Hungary,,jews_arrived,18MX,J. settlement commenced in the mid-19th cent.,[],[],
3883,NYIRMARTONFALVA,Szabolcs,Hungary,,jews_arrived,18LX,Jews settled in the late 19th cent,[],[],
3884,NYIRMEGGYES,Szatmar,Hungary,,jews_arrived,17EX,Jews settled in the first half of the 18th cent.,[],[],
3885,NYIRMIHALYDI,Szabolcs,Hungary,,jews_arrived,17EX,Jews settled in the first half of the 18th cent.,[],[],
3886,NYIRTASS,Szabolcs,Hungary,,jews_arrived,17EX,"Jews settled in the early 18th cent., under the protection of the Esterhazy family",[],[],
3887,NYMBURK,Bohemia,Czechoslovakia,,community_founded,1875,A J. community was founded only in 1875,[],[],
3888,NYRSKO,Bohemia,Czechoslovakia,,jews_present,14XX,Jews were probably present in the 15th cent.,[],[],
3889,OBBACH,Lower Franconia,Germany,,community_present,17XX,A J. community is known from the 18th cent.,"[{'lang': 'heb', 'name': 'Affikh'}]",[],
3890,OBCHUGA,Minsk,Belorussia,,jews_arrived,18EX,J. settlement probably commenced in the first half of the 19th cent.,[],[],
3891,OBELIAI,Rokiskis,Lithuania,,community_present,15XX,Tombstones indicate that the J. community was over 400 years old,"[{'lang': 'yid', 'name': 'Avel'}]",[],
3892,OBERALTERTHEIM,Lower Franconia,Germany,,community_founded,16EX,The community probably began in the first half of the 17th cent.,[],[],
3893,OBERASPHE,Hesse,Germany,,POP,,The community numbered 41 (13% of the total) in 1871,[],[],
3894,OBERAULA,Hesse-Nassau,Germany,,jews_present,16XX,Jews lived there from the 17th cent.,[],[],
3895,OBERDOLLENDORF,Rhineland,Germany,,community_present,16EX,An independent community existed around the turn of the 17th cent.,[],[],
3896,OBERDORF,Wuerttemberg,Germany,,jews_arrived,1510,Jews first settled in 1510,[],[],
3897,OBERELSBACH,Lower Franconia,Germany,,community_present,17MX,A J. community is known from the mid-18th cent.,[],[],
3898,OBERGIMPERN,Baden,Germany,,jews_present,15LX,Jews were expelled in the late 16th cent.,[],"[{'event': 'Expulsion', 'year': '', 'impact': 'Jews expelled', 'source': 'Jews were expelled in the late 16th cent.'}]",
3899,OBER-GLEEN,Hesse,Germany,,POP,,The community numbered 58 (8% of the total) in 1880,[],[],
3900,OBERGLOGAU,Upper Silesia,Germany,Poland,community_present,18EX,a permanent settlement is known only from the early 19th cent.,"[{'lang': 'pol', 'name': 'Glogowek'}]",[],
3901,OBERGROMBACH,Baden,Germany,,community_present,1632,synagogue and cemetery dating from 1632,[],[],
3902,OBERHAUSEN,Rhineland,Germany,,jews_arrived,18MX,Jews settled in the 1850s,[],[],
3903,OBERHAUSEN-WALLHALBEN,Palatinate,Germany,,jews_present,1804,In 1804 a few Jews lived in O. and 65 in W.,[],[],
3904,OBER-INGELHEIM,Hesse,Germany,,community_founded,17EX,Founded in the early 18th cent.,[],[],
3905,OBER-KLINGEN,Hesse,Germany,,community_present,1861,"The community, numbering 62 (9% of the total) in 1861",[],[],
3906,OBERLAHNSTEIN,Hesse-Nassau,Germany,,jews_present,1287,Jews living there in medieval times fell victim to a blood libel in 1287,[],"[{'event': 'Blood libel', 'year': '1287', 'impact': 'Jews victimized', 'source': 'fell victim to a blood libel in 1287'}, {'event': 'Black Death persecutions', 'year': '1348–1349', 'impact': 'persecutions of Jews', 'source': 'the Black Death persecutions of 1348-49'}]",
3907,OBERLAURINGEN,Lower Franconia,Germany,,community_founded,17EX,The J. community was founded by the early 18th cent.,[],[],
3908,OBERLUSTADT,Palatinate,Germany,,community_present,1824,A cemetery was opened in 1824,[],"[{'event': 'Cemetery desecration', 'year': '1828', 'impact': 'cemetery desecrated', 'source': '(and desecrated in 1828)'}]",
3909,OBER-MOCKSTADT,Hesse,Germany,,community_present,1861,The community numbered 43 (6% of the total) in 1861,[],[],
3910,OBERMOSCHEL,Palatinate,Germany,,jews_present,1786,Four J. families were present in 1786,[],[],
3911,OBERNAI,Bas-Rhin,France,,first_mention,1215,The first evidence of the presence of Jews dates from 1215,"[{'lang': 'ger', 'name': 'Oberehnheim'}]","[{'event': 'Persecution', 'year': '1336', 'impact': 'Jews persecuted', 'source': 'They were persecuted in 1336'}, {'event': 'Massacre', 'year': '1349', 'impact': 'Jews massacred', 'source': 'massacred in 1349'}]",
3912,OBERNBREIT,Lower Franconia,Germany,,jews_present,15XX,Jews were present in the 16th cent. under letters of protection,[],[],
3913,OBERNKIRCHEN,Hesse-Nassau,Germany,,community_present,1861,The community numbered 91 (4% of the total) in 1861,[],[],
3914,OBER-OLM,Hesse,Germany,,community_present,1900,"The community, numbering 43 (3% of the total) in 1900",[],[],
3915,OBER-RAMSTADT,Hesse,Germany,,POP,1871,Numbering 95 (over 3% of the total) in 1871,[],[],
3916,OBERSEEMEN,Hesse,Germany,,community_founded,17XX,Established in the 18th cent.,[],[],
3917,OBERTHULBA,Lower Franconia,Germany,,community_present,18XX,The 19th cent. community,[],[],
3918,OBERTYN,Stanislawow,Poland,,jews_arrived,16LX,J. settlement probably dates from the late 17th cent.,[],[],
3919,OBERURSEL,Hesse-Nassau,Germany,,community_founded,16XX,Established in the 17th cent.,[],[],
3920,OBERWALDBEHRUNGEN,Lower Franconia,Germany,,jews_arrived,17MX,Jews settled in the mid-18th cent.,[],[],
3921,OBERWARTH,Burgenland,Austria,,community_founded,1868,A J. settlement was founded only in 1868.,[],[],
3922,OBERWEILERSBACH,Upper Franconia,Germany,,community_present,1810,A J. community of 81 ... existed in 1810,[],"[{'event': 'community dissolved', 'year': '1876', 'impact': 'community disbanded', 'source': 'but was disbanded in 1876'}]",
3923,OBERWESEL,Rhineland,Germany,,community_present,12MX,A J. community was already in existence in the mid-13th cent.,[],"[{'event': 'blood libel riots', 'year': '1287', 'impact': '40 Jews from Oberwesel and Boppard murdered', 'source': 'Forty Jews ... were murdered in 1287 in riots brought on by a blood libel'}]",
3924,OBODOVKA,Vinnitsa,Ukraine,,POP,1865,Jews numbered 33 in 1865,[],"[{'event': 'pogrom (Zeleny gang)', 'year': 'May 1919', 'impact': 'Jews attacked', 'source': 'Jews were attacked in a pogrom by the Zeleny gang in May 1919'}]",
3925,OBOLTSY,Vitebsk,Belorussia,,POP,1897,The J. pop. was 421 in 1897,[],[],
3926,OBORNIKI,Poznan,Poland,,jews_arrived,15EX,Jews first settled in the first half of the 16th cent.,[],[],
3927,OBOYAN,Kursk,Russia,,jews_arrived,19EX,J. settlement probably began in the early 20th cent.,[],[],
3928,OBRZYCKO,Poznan,Poland,,community_present,1793,A J. community of 476 existed at the time of the annexation to Prussia in 1793,[],[],
3929,OBUDA,Pest-Pilis-Solt-Kiskun,Hungary,,community_present,14XX,prosperous J. community in ... during the 15th cent.,[],"[{'event': 'Turkish conquest', 'year': '1526', 'impact': 'community ended', 'source': 'it ended with the Turkish conquest in 1526'}]",
3930,OBUKHOW,Kiev,Ukraine,,jews_arrived,18EX,Jews settled in the early 19th cent.,[],"[{'event': 'pogrom', 'year': '1881', 'impact': '186 Jewish families had homes looted and destroyed', 'source': 'In an 1881 pogrom, 186 J. families had their homes looted and destroyed'}]",
3931,OCHAKOV,Nikolaiev,Ukraine,,jews_arrived,17XX,Jews settled in the 18th cent.,[],[],
3932,OCHOTNICA,Cracow,Poland,,POP,1921,The J. pop. in 1921 was 103,[],[],
3933,OCHTRUP,Westphalia,Germany,,jews_present,1720,One J. family was present in 1720,[],[],
3934,OCKENHEIM,Hesse,Germany,,community_founded,1750,Established around 1750,[],[],
3935,OCNA SUGATAG,N. Transylvania,Rumania,,jews_arrived,18LX,Jews settled in the late 19th cent.,"[{'lang': 'hun', 'name': 'Aknasugatag'}]",[],
3936,OCSA,Pest-Pilis-Solt-Kiskun,Hungary,,community_founded,1904,The community was formed in 1904,[],[],
3937,ODELSK,Bialystok,Poland,Belarus,jews_arrived,16LX,Jews first settled in the late 17th cent.,[],[],
3938,ODENBACH,Palatinate,Germany,,POP,1804,The J. pop. was 25 in 1804 and 124 in 1848.,[],[],
3939,ODENHEIM,Baden,Germany,,first_mention,1548,Jews are mentioned in 1548,[],[],
3940,ODENKIRCHEN,Rhineland,Germany,,first_mention,1346,Jews are first mentioned in 1346.,[],[],
3941,ODESSA,Odessa,Ukraine,,jews_present,1789,Five Jews were present when the Russians captured the Turkish fortress of Khadzhibei in 1789.,[],[],
3942,ODOBESTI,Moldavia,Rumania,,jews_arrived,1820,Jews first settled in this vineyard area in 1820.,[],[],
3943,ODOREU,N. Transylvania,Rumania,,jews_arrived,17LX,Jews from Galicia settled in the late 18th cent.,"[{'lang': 'hun', 'name': 'Szatmarudvari'}]",[],
3944,ODORHEI,N. Transylvania,Rumania,,jews_arrived,18MX,Jews settled in the 1850s,"[{'lang': 'hun', 'name': 'Szekeluudvarhely'}]",[],
3945,ODRZYWOL,Lodz,Poland,,POP,1897,The J. pop. was 342 in 1897,[],[],
3946,OEDHEIM,Wuerttemberg,Germany,,jews_arrived,1805,Jews arrived only after it was annexed in 1805 by the kingdom of Wuerttem...,[],[],
3947,OEDT,Rhineland,Germany,,jews_present,16XX,Jews were present by the 17th cent.,[],[],
3948,OEHRINGEN,Wuerttemberg,Germany,,jews_arrived,18MX,the J. settlement was only renewed in the mid-19th cen,[],"[{'event': 'Black Death persecutions', 'year': '1348–1349', 'impact': 'all murdered; settlement destroyed', 'source': 'All were murdered in the Black Death persecutions of 1348-49'}]",
3949,OELDE,Westphalia,Germany,,jews_present,15LX,Jews are known from the late 16th cent.,[],[],
3950,OELS,Lower Silesia,Germany,Poland,jews_present,1329,J. settlement commenced no later than 1329.,"[{'lang': 'pol', 'name': 'Olesnica'}]","[{'event': 'Expulsion', 'year': '1535', 'impact': 'Jews expelled; synagogue converted into an armory', 'source': 'In 1535, the Jews were expelled and the synagogue was converted into an armory.'}]",
3951,OESTRINGEN,Baden,Germany,,jews_arrived,17EX,Jews probably settled in the early 18th cent.,[],[],
3952,OETTINGEN,Swabia,Germany,,jews_present,13LX,Jews were present again in the late 14th cent.,[],"[{'event': 'Rindfleisch massacres', 'year': '1298', 'impact': 'community virtually destroyed', 'source': 'The community was virtually destroyed in the Rindfleisch massacres of 1298'}, {'event': 'Black Death persecutions', 'year': '1348–1349', 'impact': 'community virtually destroyed', 'source': 'and the Black Death persecutions of 1348-49'}]",
3953,OFEHERTO,Szabolcs,Hungary,,jews_arrived,18LX,Jews settled in the late 18th cent.,[],[],
3954,OFFENBACH A. GLAN,Rhineland,Germany,,POP,18EX,The J. pop. was 50-100 in the first half of the 19th cent.,[],[],
3955,OFFENBACH AM MAIN,Hesse,Germany,,community_founded,1706,no independent community was established until 1706,[],"[{'event': 'Black Death persecutions', 'year': '1348–1349', 'impact': 'Jews living there fell victim', 'source': 'After the Jews living there fell victim to the Black Death persecutions of 1348-49'}]",
3956,OFFENBURG,Baden,Germany,,jews_present,12EX,Jews are known from the early 13th cent.,[],"[{'event': 'Anti-Jewish riots', 'year': '1243', 'impact': 'Jews were victims', 'source': 'In 1243 they were victims of anti-J. riots'}, {'event': 'Black Death persecutions', 'year': '1348–1349', 'impact': 'substantial community ended', 'source': 'community ... ended in the Black Death pers'}]",
3957,OGRE,Vidzeme,Latvia,,POP,,The J. pop. in 1935 was 50,[],[],
3958,OGULIN,Croatia,Yugoslavia,Republic of Croatia,jews_present,1921,In 1921 59 Jews lived in the province and 21 in the town,[],[],
3959,OHLAU,Lower Silesia,Germany,Poland,jews_arrived,1358,Jews settled no later than 1358,"[{'lang': 'pol', 'name': 'Olawa'}]","[{'event': 'Expulsion', 'year': '1363', 'impact': 'Jews expelled', 'source': 'were apparently expelled in 1363'}]",
3960,OKANY,Bihar,Hungary,,jews_arrived,18MX,Jews settled in the mid-19th cent.,[],"[{'event': 'WWI/aftermath attacks', 'year': '', 'impact': 'attacked by demobilized soldiers and White Terror gangs', 'source': 'Accused of profiteering during WWI, they were attacked by demobilized soldiers and White Terror gangs'}]",
3961,OKRZEJA,Lublin,Poland,,jews_present,1921,The J. pop was 133 in 1921,[],[],
3962,OKTIABER,Crimea,Russia,Ukraine,community_founded,1922,A Hehalutz group founded O. in 1922 as an agricultural settlement,"[{'lang': 'heb', 'name': 'Tel Khai'}]",[],
3963,OKTIABERFELD,Zaporozhe,Ukraine,,community_present,1929,The J. colony of O. was attached ... in 1929,[],[],
3964,OKUNIEW,Warsaw,Poland,,jews_arrived,18LX,Jews settled in the late 18th cent.,[],[],
3965,OLASZLISZKA,Zemplen,Hungary,,jews_arrived,17EX,Jews settled in the first half of the 18th cent.,[],[],
3966,OLDENBURG,Oldenburg,Germany,,jews_present,13MX,After the Black Death persecutions of 1348-49,[],"[{'event': 'Black Death persecutions', 'year': '1348–1349', 'impact': 'no Jews settled for over 400 years after', 'source': 'After the Black Death persecutions of 1348-49, no Jews settled there for over 400 years'}]",
3967,OLDENZAAL,Overijssel,Holland,:null,jews_present,13XX,Jews were present in the 14th cent.,[],[],:null
3968,OLESKO,Tarnopol,Poland,Ukraine,jews_present,15EX,The beginnings of J. life can be traced to the early 16th cent.,[],[],:null
3969,OLESZNO,Kielce,Poland,:null,jews_arrived,18LX,Jews first settled at the end of the 19th cent.,[],[],:null
3970,OLESZYCE,Lwow,Poland,Ukraine,first_mention,1576,Jews are recorded from the founding of the town in 1576,"[{'lang': 'yid', 'name': 'Halshitz'}]",[],:null
3971,OLEVSK,Zhitomir,Ukraine,:null,first_mention,1750,Jews are first mentioned in 1750,[],[],:null
3972,OLGOPOL,Vinnitsa,Ukraine,:null,first_mention,1799,Jews are first mentioned in 1799,[],[],:null
3973,OLIZARKA,Volhynia,Poland,Ukraine,community_founded,1849,Founded as a J. farm settlement in 1849,[],[],:null
3974,OLKIENIKI,Vilna,Poland,Belarus,jews_arrived,15LX,Jews are thought to have settled in the second half of the 16th cent.,[],[],:null
3975,OLKUSZ,Kielce,Poland,:null,jews_present,13XX,Jews were leasing mines in the area in the 14th cent.,"[{'lang': 'yid', 'name': 'Elkish'}]",[],:null
3976,OLNHAUSEN,Wuerttemberg,Germany,:null,jews_arrived,16MX,Jews settled in the mid-17th cent. after the Thirty Years War,[],[],:null
3977,OLOMOUC,Moravia,Czechoslovakia,:null,first_mention,906,Jews are mentioned in 906,"[{'lang': 'yid', 'name': 'Olmitze'}, {'lang': 'yid', 'name': 'Olmuntz'}]","[{'event': 'Restrictions', 'year': '1060', 'impact': 'confined to a special quarter; forced to wear a yellow badge', 'source': 'In 1060 they were confined to a special quarter and forced to wear a yellow badge.'}, {'event': 'Expulsion', 'year': '1454', 'impact': 'expelled', 'source': 'In 1454 they were expelled by Kin'}]",:null
3978,OLPINY,Cracow,Poland,:null,POP,1921,The J. pop. in 1921 was 185,[],[],:null
3979,OLSHANA,Kiev,Ukraine,:null,POP,1765,Jews numbered 26 in 1765,[],"[{'event': 'Civil war pogroms', 'year': '1918–1921', 'impact': 'J. homes and property were attacked', 'source': 'During the civil war (1918-21), J. homes and property wer'}]",:null
3980,OLSZTYN,Kielce,Poland,:null,first_mention,1764,Jews are first mentioned in 1764,[],[],:null
3981,OLTENITA,Walachia,Rumania,:null,jews_arrived,1860,The first ten Jews settled in 1860,[],[],:null
3982,OLYKA,Volhynia,Poland,Ukraine,jews_present,15MX,Jews were present from the mid-16th cent.,[],"[{'event': 'Chmielnicki massacres', 'year': '1648', 'impact': 'Jews found refuge in the fortress', 'source': 'During the sack of the town by Chmielnicki in 1648 they found refuge in the local fortress.'}]",:null
3983,OMMEN,Overijssel,Holland,,jews_arrived,17EX,Jews settled in the early 18th cent.,[],[],
3984,ONESTI,Moldavia,Rumania,,jews_arrived,18LX,Jews settled in the 1890s.,[],"[{'event': 'Expulsion', 'year': '1907', 'impact': 'Jews expelled', 'source': 'In 1907 Jews were expelled'}]",
3985,ONGA,Abauj-Torna,Hungary,,jews_arrived,18MX,Jews settled in the first half of the 19th cent.,[],[],
3986,ONOD,Borsod,Hungary,,community_present,17MX,A J. community existed by the mid-18th cent.,[],[],
3987,ONOK,Carpatho-Russia,Czechoslovakia,Ukraine,jews_arrived,17EX,J. settlement probably began at the turn of the 18th cent.,"[{'lang': 'hun', 'name': 'Ilonokujfalu'}, {'lang': 'yid', 'name': 'Alyne'}]",[],
3988,ONUSKIS (II),Rokiskis,Lithuania,,jews_arrived,17MX,J. settlement began in the mid-18th cent.,"[{'lang': 'yid', 'name': 'Anushishak'}]",[],
3989,ONUSKIS (I),Troki,Lithuania,,POP,1897,The J. pop. in 1897 was 217,"[{'lang': 'yid', 'name': 'Anushishak'}]",[],
3990,OPALIN,Volhynia,Poland,Ukraine,jews_present,16XX,Jews were present from the 17th cent.,[],[],
3991,OPALYI,Szatmar,Hungary,,jews_arrived,17LX,Jews settled in the late 18th cent.,[],[],
3992,OPATIJA,Croatia,Yugoslavia,Republic of Croatia,jews_arrived,18LX,Jews first settled in the late 19th cent.,"[{'lang': 'ita', 'name': 'Abbazia'}]",[],
3993,OPATOW,Kielce,Poland,,jews_arrived,15XX,Jews settled in the 16th cent.,"[{'lang': 'yid', 'name': 'Apta'}]",[],
3994,OPATOWIEC,Kielce,Poland,,community_present,1827,A J. community of a few dozen existed by 1827,[],[],
3995,OPAVA,Silesia,Czechoslovakia,,jews_present,18MX,returning only in the first half of the 19th cent.,[],"[{'event': 'Expulsion', 'year': '1523', 'impact': 'final expulsion', 'source': 'were expelled a final time in 1523'}]",
3996,OPOCHKA,Kalinin,Russia,,jews_arrived,18MX,Jews probably settled in the mid-19th cent.,[],[],
3997,OPOCZNO,Lodz,Poland,,jews_present,1588,In 1588 Sigismund II authorized the municipality to expel all Jews,[],"[{'event': 'Expulsion authorized', 'year': '1588', 'impact': 'authorization to expel all Jews', 'source': 'authorized the municipality to expel all Jews'}]",
3998,OPOLE,Lublin,Poland,,jews_arrived,15LX,J. settlement commenced in the late 16th cent.,"[{'lang': 'yid', 'name': 'Apla'}]","[{'event': 'Chmielnicki massacres', 'year': '1648–1649', 'impact': 'most J. homes burned; many Jews murdered', 'source': 'In the Chmielnicki massacres of 1648-49, most J. homes were burned and many Jews murdered'}]",
3999,OPPELN,Upper Silesia,Germany,Poland,jews_present,1396,A number of J. families were present in 1396,"[{'lang': 'pol', 'name': 'Opole'}]","[{'event': 'pogrom', 'year': '', 'impact': 'Jews murdered', 'source': 'They were evidently murdered by their neighbors'}]",
4000,OPPENHEIM,Hesse,Germany,,first_mention,12XX,"In the 13th cent., local Jews were part of the group headed by R. Meir ben Barukh",[],[],
4001,OPSA,Vilna,Poland,Belarus,first_mention,1790,Jews are first mentioned in 1790,[],[],
4002,OR,Szabolcs,Hungary,,first_mention,1770,Jews are first mentioned in 1770,[],[],
4003,ORADEA MARE,N. Transylvania,Rumania,,jews_arrived,16LX,Jews settled again at the end of the 17th cent.,"[{'lang': 'hun', 'name': 'Nagyvarad'}, {'lang': 'ger', 'name': 'Grosswardein'}]",[],
4004,ORASTIE,S. Transylvania,Rumania,,community_present,1852,A community existed here in 1852,"[{'lang': 'hun', 'name': 'Szaszvaros'}]",[],
4005,ORASUL NOU,N. Transylvania,Rumania,,jews_arrived,17LX,Jews first settled in late 18th cent.,"[{'lang': 'hun', 'name': 'Avasujvaros'}]",[],
4006,ORATOV,Vinnitsa,Ukraine,,POP,1765,Jews numbered nine in 1765,[],[],
4007,ORAVITA,S. Transylvania,Rumania,,community_founded,1860,A J. community was founded in 1860,"[{'lang': 'hun', 'name': 'Oravicabanya'}, {'lang': 'ger', 'name': 'Orawitza'}]",[],
4009,ORDZHONIKIDZE,Stalino,Ukraine,,jews_present,19XX,J. residence was banned until the 20th cent. In the Soviet period...,"[{'lang': 'rus', 'name': 'Rikov'}, {'lang': 'rus', 'name': 'Yenakievo'}]",[],
4012,OREKHOV,Zaporozhe,Ukraine,,jews_present,1881,J. property was seriously damaged in a May 1881 pogrom,[],"[{'event': 'pogrom', 'year': '1881', 'impact': 'property seriously damaged', 'source': 'J. property was seriously damaged in a May 1881 pogrom'}]",
4013,ORHEI,Bessarabia,Rumania,Republic of Moldova,first_mention,15XX,Records of Jews living here in the 16th cent. exist in rabbinical literature,[],[],
4014,ORININ,Kamenets-Podolski,Ukraine,,first_mention,1582,Jews were first present in 1582,[],[],
4015,ORIOL,Oriol,Russia,,jews_arrived,18MX,Jews probably settled in the mid-19th cent.,[],[],
4016,ORKENY,Pest-Pilis-Solt-Kiskun,Hungary,,jews_arrived,18EX,Jews settled in the first half of the 19th cent.,[],"[{'event': 'Synagogue built', 'year': '1890', 'impact': '', 'source': 'building a synagogue in 1890'}]",
4017,ORLA (I),Bialystok,Poland,Belarus,first_mention,16EX,Jews are first mentioned in the early 17th cent.,[],"[{'event': 'Swedish war', 'year': 'mid-17th cent.', 'impact': 'many lost their homes', 'source': 'In the mid-cent. Swedish war, many lost their homes'}]",
4018,ORLA (II),Nowogrodek,Poland,Belarus,first_mention,1657,Jews are first mentioned in 1657,"[{'lang': 'yid', 'name': 'Orlova'}]",[],
4019,ORLEANS,Loiret,France,,jews_present,05XX,Jews lived here before 585,[],"[{'event': 'Church council restrictions', 'year': '533', 'impact': 'protested against mixed marriages', 'source': 'The second (533) Council of O. protested against mixed marriages'}, {'event': 'Church council restrictions', 'year': '538', 'impact': 'protested against mixed marriages', 'source': 'the third (538) Council of O. protested against mixed marriages'}]",
4020,ORLOVA,Silesia,Czechoslovakia,,community_founded,18LX,The late-19th cent. community erected Orthodox and Reform synagogues,[],[],
4021,OROS,Szabolcs,Hungary,,jews_present,15XX,Jews were apparently present in the 16th cent.,[],[],
4022,OROSHAZA,Bekes,Hungary,,jews_arrived,19EX,Jews probably settled in the early 19th cent.,[],"[{'event': 'Synagogue built', 'year': '1890', 'impact': 'Neologist style', 'source': 'building a splendid synagogue in the Neologist style in 1890'}]",
4023,OROSZVAR,Zichy estate,Hungary,,community_present,1725,An organized community existed by 1725,[],[],
4024,OROW,Lwow,Poland,Ukraine,POP,1921,The J. pop. in 1921 was 101,[],[],
4025,ORSHA,Vitebsk,Belorussia,,first_mention,15XX,Jews are first mentioned in the 16th cent.,[],[],
4026,ORSOVA,S. Transylvania,Rumania,,jews_arrived,19EX,Jews from Slovakia first settled in the early 19th cent.,[],"[{'event': 'Joined Neologist association', 'year': '1876', 'impact': '', 'source': 'in 1876 the community joined the Neologist association'}]",
4027,ORTELSBURG,East Prussia,Germany,Poland,jews_arrived,1768,The first Jews were allowed to settle in O. in 1768,"[{'lang': 'pol', 'name': 'Szczytno'}]","[{'event': 'Cemetery established', 'year': '', 'impact': '', 'source': 'A cemetery was established in 1'}]",
4028,ORTENBERG,Hesse,Germany,,community_founded,16XX,no organized community was established until the 17th cent.,[],"[{'event': 'Synagogue dedicated (third)', 'year': '1861', 'impact': '', 'source': 'It numbered 102 (9% of the total) in 1861 and dedicated its third syn'}]",
4029,ORZECHOVNO,Vilna,Poland,Belarus,POP,1921,The J. pop. in 1921 was 101 (total 301),[],[],
4030,OSANN,Rhineland,Germany,,POP,1833,The J. pop. was 77 in 1833,[],"[{'event': 'Synagogue consecrated', 'year': '1899', 'impact': '', 'source': 'In 1899, a new one was consecrated'}]",
4031,OSCHERSLEBEN,Saxony,Germany,,jews_arrived,1650,Jews settled in O. about 1650,[],"[{'event': 'Synagogue established', 'year': '1718', 'impact': '', 'source': 'There were two synagogues, established in 1718 and 1856'}, {'event': 'Synagogue established', 'year': '1856', 'impact': '', 'source': 'There were two synagogues, established in 1718 and 1856'}, {'event': 'Cemetery established', 'year': '1678', 'impact': '', 'source': 'two cemeteries (1678 and 1905)'}]",
4032,OSIAKOW,Lodz,Poland,,community_founded,17LX,A community was established here in the second half of the 18th cent.,[],[],
4033,OSIECK,Lublin,Poland,,community_present,18EX,A small community existed in the early 19th cent.,[],"[{'event': 'antisemitic riots', 'year': '', 'impact': '', 'source': 'Anti-J. riots and agitation occasionally erupted.'}]",
4034,OSIEK (I),Cracow,Poland,,community_present,18LX,An organized J. community of around 50 families ... existed through the second half of the 19th cent.,[],[],
4035,OSIEK (II),Lublin,Poland,,jews_arrived,18EX,Jews settled in the first half of the 19th cent.,[],[],
4036,OSIENCINY,Warsaw,Poland,,jews_arrived,17LX,J. settlement began in the late 1700s.,[],[],
4037,OSIJEK,Croatia,Yugoslavia,Republic of Croatia,community_founded,18MX,The J. community was organized in the mid-19th cent.,[],[],
4038,OSIPENKO,Zaporozhe,Ukraine,,jews_arrived,,J. settlement commenced shortly after the founding of this important Azov Sea port city.,[],[],
4039,OSIPOVICHI,Mogilev,Belorussia,,jews_arrived,18LX,Jews settled in the 1880s after the local railway station ... was completed.,[],[],
4040,OSLANY,Slovakia,Czechoslovakia,Republic of Slovakia,community_founded,1851,in 1851 a community was constituted,[],[],
4041,OSLAW BIALY,Stanislawow,Poland,Ukraine,POP,,The J. pop. in 1921 was 187.,[],[],
4042,OSLO,,Norway,,first_mention,,"During the 17th and 18th cents., when Denmark and Norway were united, most regulations concerning the Jews of Denmark applied to those of Norway.",[],[],
4043,OSNABRUECK,Hanover,Germany,,first_mention,1267,A J. moneylender is mentioned in 1267,[],[],
4044,OSOJ,Carpatho-Russia,Czechoslovakia,Ukraine,jews_arrived,18MX,J. settlement probably commenced in the mid-19th cent.,"[{'lang': 'hun', 'name': 'Szajkofalva'}]",[],
4045,OSOWA WYSZKA,Volhynia,Poland,Ukraine,community_founded,1836,"founded as a J. farm settlement in 1836 when 137 Jews purchased around 7,000 acres",[],[],
4046,OSS,Noord-Brabant,Holland,,jews_present,,Jews lived in O. in the Middle Ages,[],[],
4047,OSTEND,West Flanders,Belgium,,jews_arrived,17LX,"In the second half of the 18th cent., Jews settled in O.","[{'lang': 'nld', 'name': 'Oostende'}]",[],
4048,OSTER,Chernigov,,,jews_present,16XX,J. lessees appeared in the 17th cent.,[],"[{'event': 'White Army pogroms', 'year': '', 'impact': '', 'source': ""General Denikin's White Army staged""}]",
4049,OSTERBERG,Swabia,Germany,,first_mention,15MX,Jews are mentioned in the mid-16th cent.,[],[],
4050,OSTERODE,East Prussia,Germany,Poland,jews_arrived,17EX,Jews settled in O. at the beginning of the 18th cent.,"[{'lang': 'pol', 'name': 'Ostroda'}]",[],
4051,OSTERODE AM HARZ,Hanover,Germany,,community_founded,1697,established the community in 1697,[],[],
4052,OSTHOFEN,Hesse,Germany,,community_founded,1722,"Established in 1722, the community",[],[],
4053,OSTRAVA,Moravia,Czechoslovakia,,community_founded,1832,The first minyan was formed in 1832,"[{'lang': 'ces', 'name': 'Moravska Ostrava'}]",[],
4054,OSTROG,Volhynia,Poland,Ukraine,jews_arrived,13LX,Jews began to settle in the late 14th cent.,"[{'lang': 'heb', 'name': 'Ostraha'}]",[],
4055,OSTROGOZHSK,Voronezh,Russia,,jews_arrived,18LX,Jews probably settled in the late 19th cent.,[],[],
4056,OSTROH,Moravia,Czechoslovakia,,community_present,13XX,Organized J. life is attested from the 14th cent.,"[{'lang': 'ces', 'name': 'Uhersky'}, {'lang': 'yid', 'name': 'Shtaynitz'}]",[],
4057,OSTROLENKA,Bialystok,Poland,,community_founded,17LX,Towards the end of the 18th cent. Jews established a community,[],"[{'event': 'residential restrictions', 'year': '1826–1862', 'impact': 'restricted to a special quarter', 'source': 'from 1826 to 1862 were restricted to a special quarter'}]",
4058,OSTROPOL,Kamenets-Podolski,,,POP,1765,"In 1765, the J. pop. was 58",[],"[{'event': 'Chmielnicki massacres', 'year': '1648–1649', 'impact': 'community destroyed', 'source': 'The community was destroyed in the Chmielnicki massacres of 1648-49'}]",
4059,OSTROSHITSKI GORODOK,Minsk,Belorussia,,jews_arrived,18EX,Jews probably settled in the first half of the 19th cent.,[],[],
4060,OSTROV,Leningrad,Russia,,jews_arrived,18MX,Jews probably settled in the mid-19th cent.,[],[],
4061,OSTROVNO,Vitebsk,Belorussia,,jews_arrived,16LX,Jews settled in the late 17th cent.,[],[],
4062,OSTROW,Lublin,Poland,,jews_arrived,16LX,Jews settled in the late 17th cent.,[],[],
4063,OSTROWIEC,Kielce,Poland,,jews_present,15LX,Jews were present in small numbers in the late 16th cent.,"[{'lang': 'yid', 'name': 'Ostrovtsa'}]",[],
4064,OSTROWIEC-LOSZY,Vilna,Poland,Belarus,jews_present,1886,A few Jews were present by 1886,[],[],
4065,OSTROW-MAZOWIECKA,Bialystok,Poland,,jews_arrived,17XX,Jews in small numbers settled in the 18th cent.,[],[],
4066,OSTROW WIELKOPOLSKI,Poznan,Poland,,community_founded,1724,Twelve Jews were granted residence and trade rights in 1724 and the community was permitted to consecrate a synagogue and cemetery,[],[],
4067,OSTROZEC,Volhynia,Poland,Ukraine,jews_present,15XX,Jews were present with various privileges from the 16th cent.,[],[],
4068,OSTRYNA,Nowogrodek,Poland,Belarus,jews_present,15LX,Jews were probably present in the late 16th cent.,[],"[{'event': 'Wars', 'year': '17th–18th centuries', 'impact': 'community dwindled', 'source': 'The community dwindled with the wars of the 17th-18th cents.'}]",
4069,OSTRZESZOW,Poznan,Poland,,jews_present,16MX,Jews were probably present by the mid-17th cent.,[],[],
4070,OSVEYA,Vitebsk,Belorussia,,POP,1765,The J. pop. was 316 in 1765,[],[],
4071,OSWIENCIM,Cracow,Poland,,jews_arrived,1564,Jews arrived before the town's annexation to the Polish kingdom in 1564,"[{'lang': 'ger', 'name': 'Auschwitz'}, {'lang': 'yid', 'name': 'Ushpizin'}]","[{'event': 'Residence restrictions', 'year': '', 'impact': 'restrictions imposed on Jews', 'source': 'were soon saddled with residence restrictions'}]",
4072,OSZMIANA,Vilna,Poland,Belarus,first_mention,1765,Jews are first mentioned in 1765,[],[],
4073,OTRADNAYA,Krasnodar territory,Russia,,,,,[],[],
4074,OTTENSOOS,Middle Franconia,Germany,,community_present,14XX,The J. community dates from the 15th cent.,[],"[{'event': 'Thirty Years War', 'year': '1618–1648', 'impact': 'economic position undermined', 'source': 'Heavy taxation and looting during the Thirty Years War (1618-1648) undermined its economic position'}]",
4075,OTTERSTADT,Palatinate,Germany,,jews_arrived,17XX,Jews settled in the 18th cent.,[],[],
4076,OTTRAU,Hesse—Nassau,Germany,,community_founded,17XX,Established in the 18th cent.,[],[],
4077,OTTWEILER,Saar,Germany,,first_mention,17LX,Jews are first mentioned in the late 18th cent.,[],[],
4078,OTTYNIA,Stanislawow,Poland,Ukraine,first_mention,1635,Jews are first mentioned in 1635,[],[],
4079,OTWOCK,Warsaw,Poland,,community_present,19EX,The J. community grew ... in the early 20th cent.,[],[],
4080,OUD-BEIJERLAND,Zuid-Holland,Holland,,jews_arrived,17MX,J. settlement began in the mid-18th cent.,[],[],
4081,OVENHAUSEN,Westphalia,Germany,,first_mention,1702,Jews are first mentioned in 1702,[],[],
4082,OVIDIOPOL,Odessa,Ukraine,,POP,1897,The J. pop. was 394 ... in 1897,[],"[{'event': 'pogrom', 'year': '1905', 'impact': 'Jews attacked', 'source': 'Jews were attacked in a pogrom in 1905'}]",
4083,OVRUCH,Zhitomir,Ukraine,,jews_present,1629,Three J. families were present in 1629,[],[],
4084,OZARICHI,Polesie,Belorussia,,POP,1811,Jews numbered 93 in 1811,[],[],
4085,OZARINTSY,Vinnitsa,Ukraine,,POP,1784,The J. pop. was 148 in 1784,[],"[{'event': 'post-1917 decline', 'year': 'after 1917', 'impact': 'population fell to 600', 'source': 'After the Oct. 1917 Revolution, the J. pop. fell to 600'}]",
4086,OZAROW,Kielce,Poland,,jews_arrived,17XX,The first Jews arrived in the 18th cent.,[],[],
4087,OZD,Borsod,Hungary,,jews_arrived,18LX,J. settlement developed around a ... metal factory founded in the late 19th cent.,[],[],
4088,OZDZIUTYCZE,Volhynia,Poland,Ukraine,community_present,16MX,A small community existed after the Chmielnicki massacres of 1648-49,[],[],
4089,OZLYIANY,Minsk,Belorussia,,jews_arrived,17LX,Jews probably settled in the late 18th cent.,[],[],
4090,OZORA,Tolna,Hungary,,jews_arrived,17EX,Jews settled in the early 18th cent.,[],[],
4091,OZORKOW,Lodz,Poland,,jews_present,18EX,in the 1830s ... Jews became prominent in the cotton industry,[],[],
4092,PABIANICE,Lodz,Poland,,jews_arrived,18EX,Jews settled in the early 19th cent.,[],[],
4093,PACANOW,Kielce,Poland,,jews_arrived,15MX,Jews settled in the mid-16th cent.,[],"[{'event': 'Swedish war', 'year': 'mid-17th century', 'impact': 'community decimated', 'source': 'The community was decimated in the Swedish war of the mid-17th cent.'}]",
4094,PACKANOVO,Carpatho-Russia,Czechoslovakia,Ukraine,jews_arrived,18EX,Jews probably settled in the early 19th cent.,"[{'lang': 'hun', 'name': 'Patakos'}, {'lang': 'yid', 'name': 'Peckenyf'}]",[],
4095,PACOV,Bohemia,Czechoslovakia,,jews_arrived,15MX,Jews apparently arrived in the mid-16th cent.,[],[],
4096,PACSA,Zala,Hungary,,jews_arrived,17MX,Jews settled in the mid-18th cent.,[],[],
4097,PADERBORN,Westphalia,Germany,,first_mention,1285,Jews are first mentioned as moneylenders in 1285,[],"[{'event': 'Black Death persecutions', 'year': '1350', 'impact': 'most Jews massacred', 'source': 'Most were apparently massacred in 1350 during the disturbances accompanying the Black Death'}]",
4098,PADUA,Padua province,Italy,,jews_present,12XX,The J. presence in P. dates back to the 13th cent.,[],[],
4099,PAGIRIAI,Ukmerge,Lithuania,,community_founded,18EX,The J. community was formed in the beginning of the 19th cent.,"[{'lang': 'yid', 'name': 'Pagir'}]",[],
4100,PAIDE,,Estonia,,POP,1934,The J. pop. in 1934 was 18,"[{'lang': 'ger', 'name': 'Weissenstein'}]",[],
4101,PAJENCZNO,Lodz,Poland,,jews_present,17XX,Jews lived there from the 18th cent.,[],[],
4102,PAJURIS,Taurage,Lithuania,,jews_present,19EX,"Prior to WWI, about 50 J. families lived in P.","[{'lang': 'yid', 'name': 'Payure'}]",[],
4103,PAKRAC,Croatia,Yugoslavia,Republic of Croatia,community_founded,1875,"In 1875, when a synagogue was opened",[],[],
4104,PAKRUOJUS,Siauliai,Lithuania,,jews_arrived,15EX,Jews first settled in the beginning of the 16th cent.,"[{'lang': 'yid', 'name': 'Pokroi'}]",[],
4105,PAKS,Tolna,Hungary,,jews_present,15MX,Jews were present under the Turks in the mid-16th cent.,[],[],
4106,PALANGA,Kretinga,Lithuania,,jews_arrived,14XX,Jews first settled in the 15th cent.,"[{'lang': 'yid', 'name': 'Palongen'}]",[],
4107,PALERMO,Sicily,Italy,,first_mention,5XX,The first documented evidence dates from the sixth cent.,[],[],
4108,PANCEVO,Serbia,Yugoslavia,,jews_arrived,17LX,Jews first settled in P. at the end of the 18th cent.,[],[],
4109,PANCIU,Moldavia,Rumania,,jews_arrived,18EX,Jews first settled in the early 19th cent.,[],[],
4110,PANCOTA,S. Transylvania,Rumania,,community_founded,1860,A J. community was founded in 1860,"[{'lang': 'hun', 'name': 'Pankota'}]",[],
4111,PANDELYS,Rokiskis,Lithuania,,jews_arrived,16LX,Jews first settled at the end of the 17th cent.,"[{'lang': 'yid', 'name': 'Ponedel'}]",[],
4112,PANEMUNELIS,Rokiskis,Lithuania,,jews_arrived,18XX,Jews first settled in the 19th cent. following the construction of a railroad station,"[{'lang': 'yid', 'name': 'Panemunek'}]",[],
4113,PANEMUNIS,Rokiskis,Lithuania,,POP,1923,The J. pop. in 1923 was 387 (62% of the total),"[{'lang': 'yid', 'name': 'Panemun'}]",[],
4114,PANEVEZYS,Panevezys,Lithuania,,jews_present,13LX,From the end of the 14th cent. ... a Karaite community ... was present,"[{'lang': 'yid', 'name': 'Ponivezh'}, {'lang': 'yid', 'name': 'Ponevezh'}]",[],
4115,PANOSISKES,Troki,Lithuania,,community_founded,1849,Jews first settled and formed an organized agricultural settlement in 1849,"[{'lang': 'yid', 'name': 'Panasishok'}, {'lang': 'yid', 'name': 'Zhidkaimis'}]",[],
4116,PAPA,Veszprem,Hungary,,first_mention,1698,Jews are first mentioned in 1698,[],[],
4117,PAPENBURG,Hanover,Germany,,jews_arrived,17XX,"During the 18th cent., Jews settled in P. and nearby Aschendorf",[],[],
4118,PAPILE,Siauliai,Lithuania,,jews_arrived,17MX,Jews first settled in the mid-18th cent.,"[{'lang': 'yid', 'name': 'Popelian'}]",[],
4119,PAPPENHEIM,Middle Franconia,Germany,,community_present,13EX,The J. community dates from at least the early 14th cent.,[],[],
4120,PARABUC,Vojvodina,Yugoslavia,,jews_arrived,18EX,Jews first settled there in the early 19th cent.,[],[],
4121,PARADYZ,Lodz,Poland,,POP,1921,The J. pop. was 177 in 1921 (37% of the total),[],[],
4122,PARAFIANOW,Vilna,Poland,Belarus,jews_present,1866,"In 1866, 24 J. farming families lived in P. and seven neighboring villages",[],"[{'event': 'May Laws expulsions', 'year': '1882', 'impact': '24 J. farming families expelled; return permitted in 1903', 'source': 'All were expelled under the 1882 May Laws and allowed to return only in 1903'}]",
4123,PARAMYTHIA,Epirus,Greece,,jews_present,11XX,Excavations indicate a J. presence ... in the 12th cent.,[],[],
4124,PARANESTION,Thrace,Greece,,,,,[],[],
4125,PARCHIM,Mecklenburg-Schwerin,Germany,,jews_arrived,1754,Jews returned in 1754 and slowly gained a foothold in the city,[],"[{'event': 'Medieval community', 'year': '14EX–14LX', 'impact': 'community existed then lapsed', 'source': 'A J. community is known ... between the early 14th and late 15th cents.'}]",
4126,PARCZEW,Lublin,Poland,,first_mention,1494,Jews are first mentioned in 1494,[],"[{'event': 'Swedish invasion', 'year': 'mid-17th cent.', 'impact': 'community suffered', 'source': 'They suffered in the Swedish invasion of the mid-17th cent.'}, {'event': 'Massacre by Czarniecki’s troops', 'year': '1656', 'impact': 'Jews massacred', 'source': 'were massacred in 1656 by the irregular Polish troops of Stefan Czarniecki'}]",
4127,PARDUBICE,Bohemia,Czechoslovakia,,first_mention,1492,Jews are mentioned in 1492,[],"[{'event': 'Expulsion by Emperor Leopold I', 'year': '1662', 'impact': 'all Jews who had settled after 1618 expelled', 'source': 'In 1662, Emperor Leopold expelled all Jews who had settled after 1618'}, {'event': 'Expulsion by Maria Theresa', 'year': '1744', 'impact': 'Jews of P. expelled', 'source': 'In 1744, Maria Theresa expelled the Jews of P.'}]",
4128,PARGA,Epirus,Greece,,jews_present,14XX,Jews lived in P. from the 15th.,[],[],
4129,PARICHI,Polesie,Belorussia,,first_mention,17XX,Jews are first mentioned in the 18th cent.,[],[],
4130,PARINCEA,Moldavia,Rumania,,POP,1899,The J. pop. in 1899 was 336,[],[],
4131,PARIS,,France,,community_founded,582,Their first synagogue was built in 582.,[],"[{'event': 'Ritual murder accusations', 'year': '', 'impact': '', 'source': 'During the Crusader era, they were accused of ritual murders.'}]",
4133,PARKAN,Slovakia,Czechoslovakia,Republic of Slovakia,jews_arrived,16LX,They then returned in the late 17th cen.,[],[],
4134,PARLITA,Bessarabia,Rumania,Republic of Moldova,jews_arrived,18LX,The settlement was founded mainly by Jews in the late 19th cent.,"[{'lang': 'yid', 'name': 'Perlitz'}]",[],
4135,PARMA,Emilia Romagna,Italy,,jews_present,13XX,indications of a J. presence in P. from the 14th cent.,[],"[{'event': 'Black Death persecutions', 'year': '1348', 'impact': 'Jews persecuted', 'source': 'In 1348, Jews were persecuted for supposedly causing the Black Death.'}]",
4136,PARTENHEIM,Hesse,Germany,,POP,1855,Numbering 165 at its height in 1855,[],[],
4137,PARYSOW,Lublin,Poland,,jews_present,16LX,A few Jews were present around the turn of the 18th cent.,[],"[{'event': 'Hasidic court founded', 'year': 'mid-19th cent.', 'impact': 'attracted followers', 'source': 'R. Yehoshua Asher Rabinowicz of Zelechow founded an opulent hasidic court in P.'}]",
4138,PARZENCZEW,Lodz,Poland,,jews_arrived,17XX,Jews settled here in the 18th cent.,"[{'lang': 'yid', 'name': 'Parenchav'}]",[],
4139,PASCANI,Moldavia,Rumania,,jews_present,1859,The 86 Jews living here in 1859,[],[],
4140,PASEWALK,Pomerania,Germany,,first_mention,13EX,Evidence of a J. presence in P. dates from the first half of the 14th cent.,[],[],
4141,PASIECZNA,Stanislawow,Poland,Ukraine,POP,1921,The J. pop. in 1921 was 135.,[],[],
4142,PASSAU,Lower Bavaria,Germany,,community_present,10XX,the J. quarter dates from at least the 11th cent.,[],[],
4143,PASUSVYS,Kedainiai,Lithuania,,POP,1923,The J. pop. in 1923 was 100 (39% of the total).,"[{'lang': 'yid', 'name': 'Pashushve'}]",[],
4144,PASVALYS,Birzai,Lithuania,,jews_arrived,17MX,Rabbanite Jews first settled in the mid-18th cent.,"[{'lang': 'yid', 'name': 'Posvol'}]","[{'event': 'Karaite community', 'year': '1643–', 'impact': 'gradually disappeared', 'source': 'A Karaite community existing in 1643 gradually disappeared'}]",
4145,PASVITINYS,Siauliai,Lithuania,,jews_arrived,17LX,Jews first settled at the end of the 18th cent.,"[{'lang': 'yid', 'name': 'Pashvitin'}]","[{'event': 'synagogue established', 'year': '1860s', 'impact': '', 'source': 'establishing a synagogue in the 1860s'}]",
4146,PASZTO,Heves,Hungary,,jews_present,14EX,Jews were present in the early 15th cent.,[],"[{'event': 'synagogue erected', 'year': '1840', 'impact': '', 'source': 'A synagogue was erected in 1840'}]",
4147,PATRAS,Peloponnesus,Greece,,jews_arrived,323–281 BCE,The first Jews to settle in P. arrived from Syria between 323 and 281 Bc,[],"[{'event': 'traveler’s report', 'year': '12MX', 'impact': 'community recorded by Benjamin of Tudela', 'source': 'In the 12th cent., Benjamin of Tudela recorded the presence'}]",
4148,PATROHA,Szabolcs,Hungary,,jews_arrived,17MX,Jews arrived in the mid-18th cent.,[],[],
4149,PATTENSEN,Hanover,Germany,,community_founded,18EX,the modern community only began in the first half of the 19th cent.,[],"[{'event': 'earliest evidence', 'year': '14XX', 'impact': 'evidence of Jewish presence', 'source': 'evidence of the presence of Jews in P. in the 14th cent.'}]",
4150,PAU,Basses Pyrenees,France,,community_present,18EX,The J. community dates from the beginning of the 19th cent.,[],"[{'event': 'cemetery created', 'year': '1822', 'impact': '', 'source': 'cemetery was created in accordance with a royal decree in 1822'}]",
4151,PAVILOSTA,Kurzeme,Latvia,,jews_present,19EX,The J. settlement antedated WWI,[],[],
4152,PAVLOGRAD,Dnepropetrovsk,Ukraine,,jews_arrived,17LX,Jews probably settled in the late 18th cent.,[],[],
4153,PAVLOVCE NAD UHOM,Slovakia,Czechoslovakia,Republic of Slovakia,jews_arrived,17EX,Jews apparently settled in the early 18th cent.,"[{'lang': 'hun', 'name': 'Paloc'}]",[],
4154,PAVOLOCH,Zhitomir,Ukraine,,first_mention,1629,J. taxpayers are mentioned in 1629,[],"[{'event': 'Haidamak revolt', 'year': '18XX', 'impact': 'about 35 Jews murdered; property losses enormous', 'source': 'In the 18th cent. Haidamak revolt, about 35 Jews were murdered and property losses were enormous'}]",
4155,PAWLOWO,Polesie,Poland,Belarus,community_founded,1850,P. was a J. farm settlement founded in 1850 by 30 families,[],"[{'event': 'emigration to Eretz Israel', 'year': '1884', 'impact': '11 families emigrated', 'source': '11 emigrated to Eretz Israel in 1884'}]",
4156,PECEL,Pest-Pilis-Solt-Kiskun,Hungary,,jews_arrived,17EX,Jews settled in the first half of the 18th cent.,[],"[{'event': 'synagogue established', 'year': '1828', 'impact': '', 'source': 'A synagogue was established in 1828'}]",
4157,PECHERA,Vinnitsa,Ukraine,,POP,1765,Jews numbered 135 in 1765,[],"[{'event': 'pogrom', 'year': '1919-07-20', 'impact': '', 'source': 'On 20 July 1919, the Petlyura gangs attacked the Jews'}]",
4158,PECHISHCHE,Polesie,Belorussia,,community_founded,1862,P. was founded in 1862 as a J. colony,[],"[{'event': 'agricultural employment', 'year': 'mid-1920s', 'impact': '~400 Jews, over 300 in agriculture', 'source': 'In the mid-1920s, about 400 Jews were living there, over 300 employed in agriculture'}, {'event': 'became a kolkhoz', 'year': '1930', 'impact': '', 'source': 'In 1930, the settlement became a kolk'}]",
4159,PECOVSKA NOVA VES,Slovakia,Czechoslovakia,Republic of Slovakia,jews_present,17EX,"Jews were apparently present in the early 18th cent., with nine families","[{'lang': 'hun', 'name': 'Pecsujfalu'}, {'lang': 'yid', 'name': 'Petcheneydorf'}]",[],
4160,PECS,Baranya,Hungary,,jews_arrived,17LX,Jews settled in the late 18th cent.,[],[],
4161,PECSVARAD,Baranya,Hungary,,POP,1930,The J. pop. stood at 126 in 1930.,[],[],
4162,PECZENIZYN,Stanislawow,Poland,Ukraine,jews_present,17XX,Jews were present in the 18th cent.,[],[],
4163,PEINE,Hanover,Germany,,community_founded,1603,The nucleus of a community was established in 1603,[],[],
4164,PEISKRETSCHAM,Upper Silesia,Germany,Poland,jews_arrived,13XX,J. settlement began in the 14th cent.,"[{'lang': 'pol', 'name': 'Pyskowice'}]",[],
4165,"PEKELA, OUDE EN NIEUWE",Groningen,Holland,,jews_present,16LX,Jews first lived there in the late 17th cent.,[],[],
4166,PELHRIMOV,Bohemia,Czechoslovakia,,community_founded,18LX,The modern community was founded in the late 19th cent.,[],[],
4167,PENESZLAK,Szatmar,Hungary,,jews_arrived,18EX,Jews settled in the first half of the 19th cent.,[],[],
4168,PERBENIK,Slovakia,Czechoslovakia,Republic of Slovakia,jews_present,17XX,Jews may have been present in the 18th cent.,[],[],
4169,PERED,Slovakia,Czechoslovakia,Republic of Slovakia,jews_arrived,17EX,J. settlement probably commenced at the turn of the 18th cent.,[],[],
4170,PEREHINSKO,Stanislawow,Poland,Ukraine,POP,1921,The Jews numbered 612 in 1921,[],[],
4171,PEREKOP,Crimea,Russia,Ukraine,jews_present,1803,Three Jews were present in 1803,[],[],
4172,PERETZ FELD,Crimea,Russia,Ukraine,community_founded,19EX,Founded in the 1920s as a J. agricultural settlement,[],[],
4173,PERIGUEUX,Dordogne,France,,first_mention,1302,The Jews were expelled from the city in 1302,[],"[{'event': 'Expulsion', 'year': '1302', 'impact': 'Jews expelled from the city', 'source': 'The Jews were expelled from the city in 1302'}]",
4174,PERNU,,Estonia,,community_founded,1859,The permanent J. settlement was founded in 1859 by four Cantonists,[],[],
4175,PERUGIA,Umbria,Italy,,first_mention,1279,Decrees expelling local Jews in 1279 indicate the presence of a prior J. settlement,[],"[{'event': 'Expulsion', 'year': '1279', 'impact': 'local Jews expelled', 'source': 'Decrees expelling local Jews in 1279'}]",
4176,PERVOMAYSK (I),Zhitomir,Ukraine,,POP,,"had a J. pop. of 279 (total 3,580) in 1939","[{'lang': 'rus', 'name': 'Tokarovka'}]",[],
4177,PERVOMAYSK (II),Voroshilovgrad,Ukraine,,jews_arrived,19EX,Jews probably settled in the early 20th cent. after the development of the local coal mines,"[{'lang': 'rus', 'name': 'Petro-Marievka'}]",[],
4178,PERVOMAYSK (III),Odessa,Ukraine,,jews_present,1799,"In 1799, 253 Jews were present in two of the towns",[],"[{'event': 'pogrom', 'year': '', 'impact': '', 'source': 'A pogrom was staged in Golta'}]",
4179,PESCHANAYA,Vinnitsa,Ukraine,,jews_arrived,18EX,J. settlement commenced in the early 19th cent.,"[{'lang': 'rus', 'name': 'Peschanka'}]",[],
4180,PESCHANNAYA,Moldavia,Moldavia,Republic of Moldova,jews_arrived,18EX,Jews settled in the early 19th cent.,[],[],
4181,PESTSZENTERZSEBET,Pest-Pilis-Solt-Kiskun,Hungary,,jews_arrived,18LX,Jews arrived in the late 19th cent.,[],[],
4182,PESTSZENTLORINC,Pest-Pilis-Solt-Kiskun,Hungary,,jews_arrived,18LX,Jews settled in the late 19th cent.,[],[],
4183,PESTUJHELY,Pest-Pilis-Solt-Kiskun,Hungary,,jews_arrived,19EX,Jews arrived in the early 20th cent.,[],[],
4184,PETERGOF,Leningrad,Russia,,jews_arrived,18LX,Jews probably settled around the turn of the 19th cent.,"[{'lang': 'rus', 'name': 'Petrodvorets'}]",[],
4185,PETERSHAGEN,Westphalia,Germany,,jews_present,1551,A J. family was present in 1551 under the local bishop's protection,[],[],
4186,PETERVASARA,Heves,Hungary,,jews_arrived,18EX,Jews settled in the early 19th cent.,[],[],
4187,PETNEHAZA,Szabolcs,Hungary,,first_mention,1770,Jews are mentioned in 1770,[],[],
4188,PETRAUTI,Bukovina,Rumania,,community_present,1916,A J. community existed in 1916,"[{'lang': 'ger', 'name': 'Petrautz'}]",[],
4189,PETRIKOV,Polesie,Belorussia,,jews_present,1765,included 282 tax payers in 1765,[],"[{'event': 'pogrom', 'year': '1920', 'impact': '45 Jews murdered', 'source': 'In a pogrom staged by the Balakhovich brigade in 1920, 45 Jews were murdered'}]",
4190,PETRILA,S. Transylvania,Rumania,,jews_arrived,18LX,Jews first settled in the late 19th cent.,"[{'lang': 'hun', 'name': 'Petrilla'}]",[],
4191,PETROSANI,S. Transylvania,Rumania,,community_present,18LX,The J. community began to develop in the 1870s around the coal mines,"[{'lang': 'hun', 'name': 'Petrozseny'}]",[],
4192,PETROVA,N. Transylvania,Rumania,,jews_arrived,18EX,Jews settled in the early 19th cent.,[],[],
4193,PETROVICHI,Smolensk,Russia,,jews_arrived,16EX,Jews probably settled at the turn of the 17th cent.,[],[],
4194,PETRZALKA,Slovakia,Czechoslovakia,Republic of Slovakia,jews_arrived,18LX,Jews arrived from nearby Kittsee in the late 19th cent.,"[{'lang': 'hun', 'name': 'Ligetfalu'}]",[],
4196,PEZINOK,Slovakia,Czechoslovakia,Republic of Slovakia,jews_present,12XX,Jews were apparently present in the 13th cent.,"[{'lang': 'hun', 'name': 'Bazin'}]",[],
4197,PFAFFEN-BEERFURTH,Hesse,Germany,,POP,1900,numbered 59 (12% of the total) in 1900,[],[],
4198,PFAFFENHOFFEN,Bas-Rhin,France,,jews_present,13EX,The J. presence here dates from the beginning of the 14th cent.,[],"[{'event': 'Right of residence granted', 'year': '1626', 'impact': '', 'source': 'the Hanau-Lichtenberg family granted Jews the right of residence'}]",
4199,PFEDDERSHEIM,Hesse,Germany,,jews_present,15XX,Jews lived here from the 16th cent.,[],[],
4200,PFLAUMLOCH,Wuerttemberg,Germany,,community_present,16XX,The 17th cent. community,[],[],
4201,PFORZHEIM,Baden,Germany,,community_present,12XX,The 13th cent. J. community,[],"[{'event': 'Blood libel', 'year': '1267', 'impact': 'Jews tortured on the rack and hanged', 'source': 'victimized in a blood libel in 1267, with Jews tortured on the rack and hanged'}, {'event': 'Black Death persecutions', 'year': '1348–1349', 'impact': '', 'source': 'suffered in the Black Death persecutions of 1348'}]",
4202,PFUNGSTADT,Hesse,Germany,,community_founded,17XX,Established in the 18th cent.,[],"[{'event': 'Synagogue built', 'year': '1820', 'impact': '', 'source': 'the community built a synagogue in 1820'}]",
4203,PHILIPPSBURG,Baden,Germany,,jews_present,16EX,Jews were again present in the first half of the 17th cent.,[],"[{'event': 'Black Death persecutions', 'year': '1348–1349', 'impact': 'community destroyed', 'source': 'The 14th cent. J. community was destroyed in the Black Death persecutions of 1348-49'}]",
4204,PHILIPPE THOMAS,Gafsa,Tunisia,,community_founded,1886,A small J. community of merchants arose with the discovery of phosphates in 1886,[],[],
4205,PIASECZNO (I),Volhynia,Poland,Ukraine,POP,1921,The J. pop. was 101 in 1921,[],[],
4206,PIASECZNO (II),Warsaw,Poland,,jews_arrived,1689,Jews were permitted to settle in P. in 1689,[],"[{'event': 'Expulsion order', 'year': '1837', 'impact': 'not implemented', 'source': 'Expulsion orders (1837, 1839, and 1847) were not implemented'}, {'event': 'Expulsion order', 'year': '1839', 'impact': 'not implemented', 'source': 'Expulsion orders (1837, 1839, and 1847) were not implemented'}, {'event': 'Expulsion order', 'year': '1847', 'impact': 'not implemented', 'source': 'Expulsion orders (1837, 1839, and 1847) were not implemented'}]",
4207,PIASKI,Bialystok,Poland,Belarus,jews_present,15XX,Jews may have been present in the 16th cent.,[],[],
4208,PIASKI LUTERSKIE,Lublin,Poland,,first_mention,1699,Jews are first mentioned in 1699.,[],[],
4209,PIASKOVKA,Kiev,Ukraine,,jews_present,17XX,A small number of Jews were present in the 18th cent.,[],[],
4210,PIATEK,Lodz,Poland,,jews_arrived,17MX,Jews settled here from the mid-18th cent.,[],[],
4211,PIATIGORSK,Stavropol territory,Russia,,jews_arrived,18MX,Jews probably settled in the mid-19th cent.,[],[],
4212,PIATIGORY,Kiev,Ukraine,,POP,1765,Jews numbered 138 in 1765.,[],"[{'event': 'Haidamak violence', 'year': '1768', 'impact': 'beatings, robbery, several Jews murdered', 'source': 'In 1768, the Haidamaks beat and robbed Jews and murdered several.'}]",
4213,PIATKA,Zhitomir,Ukraine,,jews_present,17MX,The J. pop. was 78 in the mid-18th cent.,[],[],
4214,PIATKOWA,Lwow,Poland,Ukraine,POP,1921,The J. pop. was 108 in 1921.,[],[],
4215,PIATNICA,Bialystok,Poland,,jews_arrived,15XX,J. settlement began in the 16th cent.,[],[],
4216,PIATRA-NEAMT,Moldavia,Rumania,,first_mention,17LX,Documentary evidence of J. settlement first appears in the late 18th cent.,[],"[{'event': 'Blood libel accusation', 'year': '1841', 'impact': '48 Jews from nearby villages brought to Piatra-Neamt', 'source': 'In 1841, 48 Jews from nearby villages were brought to P. after being accused in a blood…'}]",
4217,PIATYKHATKA,Dnepropetrovsk,Ukraine,,jews_arrived,18LX,J. settlement commenced at the turn of the 19th cent.,[],[],
4218,PIEDRUJA,Latgale,Latvia,,jews_present,17MX,Jews were probably present in the mid-18th cent.,"[{'lang': 'yid', 'name': 'Fridroisk'}]",[],
4219,PIENIONZKI,Bialystok,Poland,Belarus,POP,1921,The J. pop. was 108 in 1921 (total 278).,[],[],
4220,PIEREJASLAV,Kiev,Ukraine,,jews_arrived,16EX,J. settlement commenced in the early 17th cent.,[],"[{'event': 'Chmielnicki massacres', 'year': '1648–1649', 'impact': 'most Jews murdered', 'source': 'Most Jews were murdered in the Chmielnicki massacres of 1648-49.'}]",
4221,PIERZCHNICA,Kielce,Poland,,POP,1921,"The J. pop. was 180 in 1921 (total 1,070).",[],[],
4222,PIESOCHIN,Kharkov,Ukraine,,POP,1939,"The J. pop. in 1939 was 551 (total 9,917).",[],[],
4223,PIESTANY,Slovakia,Czechoslovakia,Republic of Slovakia,jews_arrived,17EX,Jews probably settled in the early 18th cent.,"[{'lang': 'hun', 'name': 'Posteny'}]",[],
4224,PIKELIAI,Mazeikiai,Lithuania,/null,jews_arrived,17LX,Jews first settled at the end of the 18th cent.,"[{'lang': 'yid', 'name': 'Pikeln'}]",[],/null
4225,PIKOV,Vinnitsa,Ukraine,/null,first_mention,1713,Jews are first mentioned in 1713 in connection with a Cossack raid.,[],[],/null
4226,PILAWA,Lublin,Poland,/null,jews_present,20EX,Few J. families were present before WWI.,[],[],/null
4227,PILDA,Latgale,Latvia,/null,jews_present,18XX,A few dozen J. families lived there in the 19th cent.,[],[],/null
4228,PILICA,Kielce,Poland,/null,jews_present,16EX,A small J. settlement existed in the early 17th cent.,"[{'lang': 'yid', 'name': 'Piltz'}]","[{'event': 'Synagogue seized and converted', 'year': '1662', 'impact': 'synagogue turned into a church', 'source': 'in 1662 Christians took over the J. synagogue and turned it into a church.'}]",/null
4229,PILIS,Pest,Hungary,/null,first_mention,1784,Jews are mentioned in 1784.,[],[],/null
4230,PILISVOROSVAR,Pest-Pilis-Solt-Kiskun,Hungary,/null,jews_present,17EX,Three J. families were present in the early 18th cent.,[],[],/null
4231,PILSEN,Bohemia,Czechoslovakia,/null,jews_present,1315,present by 1315,[],"[{'event': 'Host desecration libel expulsion', 'year': '1505', 'impact': 'Jews expelled', 'source': 'In 1505 they were expelled in a Host desecration libel'}]",/null
4232,PILTENE,Kurzeme,Latvia,/null,first_mention,1708,A synagogue is mentioned from 1708,[],[],/null
4233,PILVISKIAI,Vilkaviskis,Lithuania,/null,jews_arrived,17LX,Jews first settled in the second half of the 18th cent.,"[{'lang': 'yid', 'name': 'Pilvishok'}]",[],/null
4234,PILYAVA,Kamenets-Podolski,Ukraine,/null,jews_present,17LX,Fifty Jews resided in P. in the 1780s,[],[],/null
4235,PILZNO,Cracow,Poland,/null,jews_arrived,1860,residence ban was lifted in 1860 under the Austrians,[],[],/null
4236,PINCZOW,Kielce,Poland,/null,first_mention,15EX,Jews are first mentioned in the early 16th cent.,[],[],/null
4237,PINIAVA,Panevezys,Lithuania,/null,POP,1923,The J. pop. in 1923 was 58 (46% of the total).,"[{'lang': 'yid', 'name': 'Piniave'}]",[],/null
4238,PINSK,Polesie,Poland,Belarus,jews_arrived,1506,about a dozen J. families ... were granted,[],[],/null
4239,PIOTRKOWICE,Kielce,Poland,/null,POP,1921,The J. pop. in 1921 was 248 (total 782).,[],[],/null
4240,PIOTRKOW KUJAWSKI,Warsaw,Poland,,community_founded,18LX,Founded in the 1760s,[],[],
4241,PIOTRKOW TRYBUNALSKI,Lodz,Poland,,jews_arrived,15EX,Jews first settled in the early 16th cent.,[],"[{'event': 'massacre by soldiers', 'year': '1657', 'impact': '50 families massacred; synagogue destroyed', 'source': 'in 1657 the 50 families living there were massacred by soldiers and the synagogue was destroyed'}]",
4242,PIR,N. Transylvania,Rumania,,jews_arrived,18LX,Jews settled in the 1770s,"[{'lang': 'hun', 'name': 'Szilagyper'}]","[{'event': 'blood libel accusation', 'year': '1791', 'impact': 'innkeeper acquitted', 'source': 'a J. innkeeper charged with slaying a Christian child was proved innocent'}]",
4243,PIRIATIN,Poltava,Ukraine,,jews_present,16EX,Jews were present in the first half of the 17th cent.,[],"[{'event': 'Chmielnicki massacres', 'year': '1648–1649', 'impact': 'Jews murdered', 'source': 'were murdered in the Chmielnicki massacres of 1648–49'}]",
4244,PIRICSE,Szabolcs,Hungary,,community_founded,17MX,The community organized in the mid-18th cent.,[],[],
4245,PIRMASENS,Palatinate,Germany,,jews_present,1767,A Jew was granted a letter of protection in 1767,[],[],
4246,PIRNA,Saxony,Germany,,community_present,1870,a permanent settlement started only in 1870,[],[],
4247,PIROT,Serbia,Yugoslavia,,community_present,15LX,A J. community was active in the late 16th cent.,"[{'lang': 'yid', 'name': 'Sharkoi'}]","[{'event': 'annexation to Serbia', 'year': '1878', 'impact': 'many fled', 'source': 'Many fled when P. was annexed to Serbia in 1878'}, {'event': 'blood libel accusations', 'year': '', 'impact': 'victims of libels', 'source': 'The Jews were victims of libels from time to time'}]",
4248,PISA,Tuscany,Italy,,first_mention,1160,Benjamin of Tudela... around 1160 and mentioned 20 J. families,[],[],
4249,PISCOLT,N. Transylvania,Rumania,,jews_arrived,18LX,Jews settled in the late 18th cent.,[],[],
4250,PISEK,Bohemia,Czechoslovakia,,first_mention,13LX,mentioned in P. in the late 14th cent.,[],"[{'event': 'sumptuary laws', 'year': '1610', 'impact': '', 'source': 'In 1610, they were subjected to sumptuary laws'}, {'event': 'looting by soldiers', 'year': '1742', 'impact': '', 'source': 'in 1742 soldiers looted'}]",
4251,PISTYN,Stanislawow,Poland,Ukraine,jews_arrived,17XX,Jews arrived with the founding of the town in the 18th cent.,[],[],
4252,PISZCZAC,Lublin,Poland,,first_mention,18LX,Jews are first mentioned in the late 18th cent.,[],"[{'event': 'WWI expulsion by Russians', 'year': '1914–1918', 'impact': 'many expelled', 'source': 'many were expelled by the Russians in WWI'}]",
4253,PITESTI,Walachia,Rumania,,jews_arrived,18EX,Jews first settled in the early 19th cent.,[],[],
4254,PITIGLIANO,Tuscany,Italy,,community_present,1576,"In 1576, the community comprised 50 Jews",[],[],
4255,PITSCHEN,Upper Silesia,Germany,Poland,POP,,The J. pop. was 13 in 1787 and reached a peak of 105 in 1852,"[{'lang': 'pol', 'name': 'Byczyna'}]",[],
4256,PIWNICZNA,Cracow,Poland,,jews_present,17MX,Jews lived there from the mid-18th cent.,[],[],
4257,PLATELIAI,Kretinga,Lithuania,,jews_arrived,17LX,Jews first settled at the end of the 18th cent.,"[{'lang': 'yid', 'name': 'Plotel'}]",[],
4258,PLATTLING,Lower Bavaria,Germany,,jews_present,19XX,Around a dozen Jews ... lived here in the 20th cent.,[],[],
4259,PLATZ,Lower Franconia,Germany,,jews_present,16LX,Jews were present in the late 17th cent.,[],[],
4260,PLAUEN,Saxony,Germany,,community_founded,1870,A settlement was reestablished in 1870.,[],"[{'event': 'expulsion', 'year': '1484–1485', 'impact': 'Jews expelled', 'source': 'when the Jews were expelled'}]",
4261,PLAVINASI,Livonia,Latvia,,,,,[],[],
4262,PLAWNO,Lodz,Poland,,community_present,17XX,A small J. community existed here in the 18th cent.,[],[],
4263,PLESHCHENITSY,Minsk,Belorussia,,jews_arrived,17LX,Jews probably settled in the late 18th cent.,[],[],
4264,PLESIVEC,Slovakia,Czechoslovakia,Republic of Slovakia,jews_arrived,18MX,Jews settled in the mid-19th cent.,"[{'lang': 'hun', 'name': 'Pelsoc'}]",[],
4265,PLESZEW,Poznan,Poland,,jews_arrived,1793,kept out of the city itself until the beginning of Prussian rule in 1793,[],[],
4266,PLETTENBERG,Westphalia,Germany,,community_present,1834,The J. community numbered 25-35 in 1834-50,[],[],
4267,PLISKOV,Vinnitsa,Ukraine,,jews_present,1765,Six were present in 1765,[],"[{'event': 'pogroms', 'year': '1918', 'impact': 'attacks in May and Aug.', 'source': 'In May and Aug. 1918, Jews were attacked in pogroms.'}]",
4268,PLISSA,Vilna,Poland,Belarus,jews_present,18XX,Jews were presumably present by the 19th cent.,[],[],
4269,PLOCK,Warsaw,Poland,,first_mention,1237,Jews are first mentioned in 1237,[],[],
4270,PLOIESTI,Walachia,Rumania,,jews_arrived,16LX,Jews first settled in the late 17th cent.,[],[],
4271,PLOKSCIAI,Seinai,Lithuania,,POP,1923,The J. pop. in 1923 was 39,"[{'lang': 'yid', 'name': 'Plokshtsh'}]",[],
4272,PLONSK,Warsaw,Poland,/,first_mention,1446,Jews are first mentioned in 1446.,[],[],/
4273,PLOPANA,Moldavia,Rumania,/,jews_arrived,1844,Jews settled with the establishment of P. in 1844.,[],[],/
4274,PLOSCA,Bukovina,Rumania,Ukraine,jews_arrived,18LX,Jews settled in the late 19th cent.,[],[],/
4275,PLOTNICA,Polesie,Poland,Belarus,jews_arrived,19EX,Jews settled in the early 20th cent.,[],[],/
4276,PLUNGE,Telsiai,Lithuania,/,jews_arrived,15XX,Jews first settled in the 16th cent.,"[{'lang': 'yid', 'name': 'Plungian'}]","[{'event': 'synagogue established', 'year': '1719', 'impact': '/', 'source': 'establishing the first synagogue in 1719.'}, {'event': 'emigration wave', 'year': '1880s', 'impact': 'many emigrated, mainly to South Africa, some to the U.S.', 'source': 'In the 1880s many emigrated, mainly to South Africa, some to the U.S.'}]",/
4277,PLUSY,Vilna,Poland,Belarus,jews_present,18XX,Jew were present in the 19th cent.,"[{'lang': 'yid', 'name': 'Palush'}]",[],/
4278,PLUZHNOYE,Kamenets-Podolski,Ukraine,/,POP,1939,The J. pop. was 145 in 1939.,[],[],/
4279,PNIEWNO,Volhynia,Poland,Ukraine,POP,1921,The J. pop. was 143 in 1921.,[],[],/
4280,PNIEWY,Poznan,Poland,/,community_present,13XX,A J. settlement with a cemetery existed from the 14th cent.,[],"[{'event': 'privileges charter', 'year': '16XX', 'impact': 'community began to develop', 'source': 'began to develop in the 16th cent. under a charter of privileges'}]",/
4281,PNIOW,Stanislawow,Poland,Ukraine,POP,1921,The J. pop. was 286 in 1921.,[],[],/
4282,POBEREZE,Stanislawow,Poland,/,POP,1921,The J. pop. was 144 in 1921.,[],[],/
4283,POBEZOVICE,Bohemia - Sudetenland,Czechoslovakia,/,jews_arrived,15XX,Jews settled in the 16th cent,[],"[{'event': 'synagogue established', 'year': '1816', 'impact': '/', 'source': 'erecting a synagogue in 1816'}]",/
4284,POBOLOVO,Gomel,Belorussia,/,first_mention,1826,In 1826 there were 82 J. poll tax payers in P.,[],[],/
4285,POCHEP,Oriol,Russia,/,jews_present,16XX,Jews were present in the 17th cent.,[],"[{'event': 'Chmielnicki massacres', 'year': '1648', 'impact': 'most Jews massacred', 'source': ""Most were massacred when Chmielnicki's Cossacks attacked the town in 1648.""}, {'event': 'fire', 'year': '1882', 'impact': 'about 100 houses and 120 stalls belonging to Jews burned', 'source': 'In 1882, about 100 houses and 120 stalls belonging to Jews bu[...]'}]",/
4286,POCHINOK,Smolensk,Russia,/,jews_arrived,16LX,Jews probably settled at the turn of the 18th cent.,[],[],/
4287,POCSAJ,Bihar,Hungary,/,jews_arrived,18EX,Jews settled in the first half of the 19th cent.,[],[],/
4288,POCZAJOW,Volhynia,Poland,Ukraine,jews_arrived,1763,Jews only settled after 1763,[],[],
4289,PODBORANY,Bohemia,Czechoslovakia,,community_founded,1890,community was formally established in 1890,[],[],
4290,PODBRODZIE,Vilna,Poland,Lithuania,jews_arrived,18EX,Jews arrived in the early 19th cent.,[],[],
4291,PODBUZ,Lwow,Poland,,community_present,18XX,The 19th cent. community,[],[],
4292,PODDEMBICE,Lodz,Poland,,jews_arrived,17LX,Jews first settled here in the 1770s,[],[],
4293,PODDOBRIANKA,Gomel,Belorussia,,POP,1847,The J. pop. was 481 in 1847,[],[],
4294,PODEBRADY,Bohemia,Czechoslovakia,,jews_present,14EX,evidence of a J. presence in the early 15th cent.,[],[],
4295,PODHAJCE,Tarnopol,Poland,Ukraine,jews_present,14EX,Jews were present in the early 15th cent.,[],[],
4296,PODHORANY,Carpatho-Russia,Czechoslovakia,Ukraine,jews_present,17XX,A few J families were present in the 18th cent.,"[{'lang': 'hun', 'name': 'Orhegyalja'}, {'lang': 'yid', 'name': 'Pitharn'}]",[],
4297,PODHORODYSZCZE,Lwow,Poland,Ukraine,POP,1921,The J. pop. in 1921 was 186,[],[],
4298,PODIVIN,Moravia,Czechoslovakia,,jews_present,1618,Four J. families were present during the Thirty Years War (1618-48),[],"[{'event': 'synagogue built', 'year': 'c. 1630', 'impact': 'synagogue constructed', 'source': 'A synagogue was constructed c. 1630'}]",
4299,PODKAMIEN (I),Tarnopol,Poland,Ukraine,jews_arrived,17XX,Jews settled in P. in the 17th cent.,[],"[{'event': 'community independence', 'year': '18LX', 'impact': 'gained independence from Lwow community', 'source': 'until becoming independent in the second half of the 18th c.'}]",
4300,PODKAMIEN (II),Stanislawow,Poland,Ukraine,POP,1921,The J. pop. in 1921 was 104,[],[],
4301,PODOLINEC,Slovakia,Czechoslovakia,Republic of Slovakia,jews_arrived,18MX,Jews probably settled in the mid-19th cent.,[],[],
4302,PODRAVSKA SLATINA,Croatia,Yugoslavia,Republic of Croatia,jews_arrived,17XX,Jews first settled in the 18th cent.,[],[],
4303,PODUL-ILOAEI,Moldavia,Rumania,,jews_present,16EX,owned the local inn during the early 17th cent.,"[{'lang': 'rum', 'name': 'Podul Leloaei'}]",[],
4304,PODUL-TURCULUI,Moldavia,Rumania,,community_founded,1835,organizing a community in 1835,[],[],
4305,PODVYSOKOE,Kirovograd,Ukraine,,jews_present,17LX,A few dozen Jews were present in the late 18th cent.,[],[],
4306,PODWOLOCZYSKA,Tarnopol,Poland,Ukraine,jews_arrived,18MX,Jews were among the founders of the town in the 1860s,[],[],
4307,POEMBSEN,Westphalia,Germany,,first_mention,1704,A J. family is mentioned in 1704,[],[],
4308,POGAR,Oriol,Russia,,jews_arrived,17LX,Jews probably settled in the late 18th cent.,[],[],
4309,POGOST (I),Minsk,Belorussia,,jews_arrived,17MX,J. settlement apparently commenced in the mid-18th cent.,[],[],
4310,POGOST (II),Mogilev,Belorussia,,POP,1794,Jews numbered 215 in 1794,[],[],
4311,POGREBISHCHE,Vinnitsa,Ukraine,,first_mention,16EX,Jews are first mentioned in the early 17th cent.,[],"[{'event': 'Chmielnicki massacres', 'year': '1648–1649', 'impact': 'all Jews killed', 'source': 'All were killed in the Chmielnicki massacres of 1648-49'}]",
4312,POHL-GOENS,Hesse,Germany,,POP,1900,Numbering 48 (8% of the total) in 1900,[],[],
4313,POHORELICE,Moravia,Czechoslovakia,,community_present,16XX,The community was perhaps the oldest in Moravia,[],[],
4314,POHOST ZAHORODZKI,Polesie,Poland,Belarus,jews_arrived,18EX,The J. settlement dates from the early 19th cent.,[],[],
4315,POHOST ZARZECZNY,Polesie,Poland,Belarus,POP,1921,The J. pop. in 1921 was 264,[],[],
4316,POIENILE DE SUB MUNTE,N. Transylvania,Rumania,,jews_arrived,17EX,Galician Jews settled in the early 18th cent.,"[{'lang': 'hun', 'name': 'Havasmezo'}, {'lang': 'hun', 'name': 'Ruszpolyana'}]",[],
4318,POKOTILOVO,Kirovograd,Ukraine,,jews_arrived,17LX,Jews probably settled at the turn of the 18th cent.,[],"[{'event': 'fire', 'year': '1901', 'impact': 'hundreds homeless', 'source': 'A fire left hundreds homeless in 1901'}]",
4319,POLANIEC,Kielce,Poland,,jews_present,16XX,In the 17th cent. the Jews were living under a royal privilege,[],[],
4320,POLCH,Rhineland,Germany,,jews_present,18EX,The J. pop was about 20 in the first quarter of the 19th cent.,[],[],
4321,POLGAR,Szabolcs,Hungary,,jews_arrived,18MX,Jews settled in the mid-19th cent.,[],[],
4322,POLGARDI,Fejer,Hungary,,POP,1930,The J. pop. was 56 in 1930.,[],[],
4323,POLNA,Bohemia,Czechoslovakia,,first_mention,1532,Jews are mentioned ... in the city itself in 1532.,[],"[{'event': 'Ghetto established', 'year': '1676', 'impact': '', 'source': 'A ghetto was established in 1676'}, {'event': 'Synagogue erected', 'year': '1684', 'impact': '', 'source': 'a synagogue was erected in 1684'}]",
4324,POLOGI,Zaporozhe,Ukraine,,jews_arrived,19EX,Jews probably settled in the early 20th cent.,"[{'lang': 'rus', 'name': 'Tchubarovka'}]",[],
4325,POLONKA,Nowogrodek,Poland,Belarus,jews_arrived,15LX,Jews probably arrived in the second half of the 16th cent.,[],[],
4326,POLONNOYE,Kamenets-Podolski,Ukraine,,first_mention,1601,Jews are first mentioned in 1601.,[],"[{'event': 'Chmielnicki massacres', 'year': '1648', 'impact': '', 'source': ""In 1648, during Chmielnicki's siege of the city, 12,000 Jews fo""}]",
4327,POLOTSK,Vitebsk,Belorussia,,first_mention,1551,Jews are first mentioned in 1551,[],"[{'event': 'Livonian War persecution', 'year': '1563', 'impact': '', 'source': 'In 1563, during the Livonian war, ... Ivan the Terrible, ordered 300'}]",
4328,POLTAVA,Poltava,Ukraine,,jews_present,16EX,Jews were probably present in the first half of the 17th cent.,[],"[{'event': 'Chmielnicki massacres', 'year': '1648–1649', 'impact': 'community ended', 'source': 'The community ended in the Chmielnicki'}]",
4329,POMAZ,Pest-Pilis-Solt-Kiskun,Hungary,,jews_arrived,18EX,Jews arrived in the early 19th cent. from Moravia,[],"[{'event': 'Synagogue erected', 'year': '1910', 'impact': '', 'source': 'erecting a synagogue in 1910'}]",
4330,POMIECHOWEK,Warsaw,Poland,,jews_arrived,18XX,Jews settled there in the 19th cent.,"[{'lang': 'yid', 'name': 'Ponikhove'}]",[],
4331,POMORZANY,Tarnopol,Poland,Ukraine,first_mention,1605,Jews are first mentioned in 1605,"[{'lang': 'yid', 'name': 'Pomarin'}]",[],
4332,POMOSCHNAYA,Kirovograd,Ukraine,,,,,[],[],
4333,PONINKA,Kamenets-Podolski,Ukraine,,community_present,1870,The J. community grew with the opening of a paper factory in 1870.,[],[],
4334,POPELNIA,Zhitomir,Ukraine,,jews_present,19EX,J. residence was banned until the early 20th cent.,[],[],
4335,POPOVTSY,Vinnitsa,Ukraine,,POP,1784,The J. pop. included 57 poll tax payers in 1784,[],[],
4336,POPOWO KOSCIELNE,Warsaw,Poland,,community_founded,15XX,The first synagogue... was probably built before the 17th cent.,[],[],
4337,POPPENLAUER,Lower Franconia,Germany,,community_present,17MX,A J. community existed in the mid-18th cent.,[],[],
4338,POPRAD,Slovakia,Czechoslovakia,Republic of Slovakia,jews_arrived,1840,"After residence restrictions were lifted in 1840, Jews... began to settle.",[],[],
4339,PORCSALMA,Szatmar,Hungary,,jews_arrived,18EX,Jews settled in the early 19th cent.,[],[],
4340,POREMBA-KOTSEMBY,Warsaw,Poland,,POP,1921,these twin communities (numbering 251 in 1921),[],[],
4341,PORKHOV,Leningrad,Russia,,jews_arrived,18EX,J. settlement probably began around the turn of the 19th cent.,[],[],
4342,POROHY,Stanislawow,Poland,Ukraine,POP,1921,The J. pop. in 1921 was 150.,[],[],
4343,POROMBKA,Kielce,Poland,,jews_arrived,18MX,Jews settled in the mid-19th cent.,[],[],
4344,POROSZLO,Heves,Hungary,,jews_arrived,18EX,Jews arrived in the early 19th cent.,[],[],
4345,POROZORKI,Vilna,Poland,Belarus,jews_arrived,1882,Jews probably settled in 1882 after being expelled... by the May Laws.,[],"[{'event': 'May Laws expulsions', 'year': '1882', 'impact': 'arrivals after expulsions from nearby villages', 'source': 'settled in 1882 after being expelled from nearby villages by the May Laws'}]",
4346,POROZOW,Bialystok,Poland,Belarus,jews_arrived,15LX,Jews are believed to have arrived in the late 16th cent.,[],[],
4347,PORUMBESTI,N. Transylvania,Rumania,,jews_arrived,17LX,Jews settled in the late 18th cent.,"[{'lang': 'hun', 'name': 'Kokenyesd'}]",[],
4348,PORYCK,Volhynia,Poland,Ukraine,first_mention,1569,Jews are first mentioned in 1569,[],"[{'event': 'WWI pogrom', 'year': '1914', 'impact': 'pogrom against Jews', 'source': 'With the outbreak of WWI, they were subjected to a pogrom.'}]",
4349,PORZECZE,Bialystok,Poland,Belarus,jews_arrived,18XX,Jews settled in the 19th cent. after a railroad station... was built,[],[],
4350,POSTAWY,Vilna,Poland,Belarus,jews_present,18EX,A few dozen Jews were living in the village in the early 19th cent.,[],"[{'event': 'WWI displacement', 'year': '', 'impact': 'Jews fled; ~850 returned after WWI', 'source': 'After fleeing in WWI, about 850 returned'}]",
4351,POSTOLOPRTY,Bohemia,Czechoslovakia,,first_mention,1671,Jews are first mentioned in 1671,[],"[{'event': 'fire', 'year': '1781', 'impact': 'Jewish quarter burned down', 'source': 'The J. quarter burned down in 1781'}]",
4352,POTOK ZLOTY,Tarnopol,Poland,Ukraine,first_mention,1635,Jews are first mentioned in 1635,[],[],
4353,POTSDAM,Brandenburg,Germany,,first_mention,1691,The first evidence of a J. family dates from 1691,[],[],
4354,POTYLICZ,Lwow,Poland,Ukraine,jews_present,14LX,Jews are known from the late 15th cent.,[],[],
4355,POVAZSKA BYSTRICA,Slovakia,Czechoslovakia,Republic of Slovakia,jews_present,16MX,Jews were present in the mid-17th cent.,"[{'lang': 'hun', 'name': 'Vagbeszterce'}]",[],
4356,POWURSK,Volhynia,Poland,Ukraine,POP,20EX,The J. pop. numbered over 200 in the 1930s,[],[],
4357,POZDISOVCE,Slovakia,Czechoslovakia,Republic of Slovakia,jews_arrived,16LX,Jews probably arrived in the late 17th cent.,"[{'lang': 'hun', 'name': 'Pazdics'}]",[],
4358,POZNAN,Poznan,Poland,,jews_arrived,10EX,J. refugees may have arrived from Germany after ... the First Crusade,"[{'lang': 'ger', 'name': 'Posen'}]",[],
4359,PRAGUE,,Czechoslovakia,,jews_arrived,09XX,Jews first settled there in the tenth cent.,"[{'lang': 'ces', 'name': 'Praha'}]","[{'event': 'Crusades persecutions', 'year': '', 'impact': 'murders and forced conversions', 'source': 'During the Crusades, Jews were murdered and others forced to convert'}]",
4360,PRAID,N. Transylvania,Rumania,,jews_arrived,18MX,Jews settled in the 1850s,"[{'lang': 'hun', 'name': 'Parajd'}]",[],
4361,PRASZKA,Lodz,Poland,,jews_arrived,16EX,first settled in the early 17th cent.,[],[],
4362,PRAVIENISKES,Kaunas,Lithuania,,POP,19XX,No pre-1930 information provided,"[{'lang': 'yid', 'name': 'Pravenishok'}]",[],
4363,PREILI,Latgale,Latvia,,jews_present,18EX,present from the beginnings of the town in the early 19th cent.,"[{'lang': 'yid', 'name': 'Preil'}]",[],
4364,PRENZLAU,Brandenburg,Germany,,first_mention,1309,Evidence of Jews dates from 1309,[],[],
4365,PREROV,Moravia,Czechoslovakia,,jews_present,13EX,Jews are known from the first half of the 14th cent.,"[{'lang': 'yid', 'name': 'Prera'}]",[],
4366,PRESOV,Slovakia,Czechoslovakia,Republic of Slovakia,jews_arrived,1785,The first Jew to settle was ... in 1785,"[{'lang': 'hun', 'name': 'Eperjes'}]",[],
4367,PRESTICE,Bohemia,Czechoslovakia,,jews_present,16XX,Jews were present before 1685,[],[],
4368,PRETZFELD,Upper Franconia,Germany,,first_mention,13XX,Jews are mentioned in the 14th cent.,[],"[{'event': 'occupational restrictions', 'year': '1719', 'impact': 'restricted to the cattle trade', 'source': 'In 1719 they were restricted to the cattle trade'}]",
4369,PREUSSISCH-FRIEDLAND,Posen-West,Germany,Poland,jews_present,18EX,"At the beginning of the 19th cent., 14 J. families were living in the town","[{'lang': 'pol', 'name': 'Debrzno'}]",[],
4370,PREUSSISCH-HOLLAND,East Prussia,Germany,Poland,jews_arrived,16LX,Jews settled in P. towards the end of the 17th cent.,"[{'lang': 'pol', 'name': 'Paslek'}]",[],
4371,PREVEZA,Prevezis,Greece,,jews_arrived,18MX,"disappeared... until the mid-19th cent., when Jews arrived from Janina, Arta, and Corfu",[],"[{'event': 'earlier community', 'year': '16XX', 'impact': 'Jews present; later disappeared', 'source': 'Jews were present in P. in the 16th cent. but then disappeared from the town'}]",
4372,PRIBETA,Slovakia,Czechoslovakia,Republic of Slovakia,jews_arrived,18EX,Jews probably arrived in the 1820s,[],[],
4373,PRIBOR,Moravia,Czechoslovakia,,jews_present,18EX,A few J. families were present in the first half of the 19th cent.,[],[],
4374,PRIBRAM,Bohemia,Czechoslovakia,,jews_present,14XX,Jews were probably present in the 14th-15th cents.,[],"[{'event': 'synagogue built', 'year': '1874', 'impact': '', 'source': 'A synagogue was erected in 1874'}]",
4375,PRICHSENSTADT,Lower Franconia,Germany,,jews_present,1462,Jews were present in 1462,[],"[{'event': 'letters of protection', 'year': '1528', 'impact': '', 'source': 'were living under various letters of protection from 1528'}]",
4376,PRIEKOPA,Slovakia,Czechoslovakia,Republic of Slovakia,jews_arrived,17XX,J. settlement probably began in the 18th cent.,[],"[{'event': 'refugee influx from Galicia', 'year': '18MX', 'impact': 'community grew steadily', 'source': 'After the arrival of refugees from Galicia in the mid-19th cent., the community grew steadily'}]",
4377,PRIEKULE,Kurzeme,Latvia,,jews_present,19EX,A few dozen Jews lived there after WWI,[],[],
4378,PRIENAI,Marijampole,Lithuania,,jews_arrived,14XX,Jews first settled in the 15th cent.,"[{'lang': 'yid', 'name': 'Pren'}]","[{'event': 'antisemitic riots', 'year': '1882', 'impact': 'many Jews injured', 'source': 'In antisemitic riots on 15 Aug. 1882, many Jews were injured'}]",
4379,PRIEVIDZA,Slovakia,Czechoslovakia,Republic of Slovakia,jews_arrived,1808,Jews first settled in 1808,"[{'lang': 'hun', 'name': 'Privigye'}]","[{'event': 'community constituted', 'year': '18MX', 'impact': '', 'source': 'with a community constituted at mid-cent.'}]",
4380,PRIJEDOR,Bosnia-Hercegovina,Yugoslavia,Republic of Bosnia,jews_arrived,18LX,Jews first settled there in the late 19th cent.,[],[],
4381,PRILUKI,Chernigov,Ukraine,,community_founded,16LX,It was renewed at the end of the cent.,[],"[{'event': 'earlier community', 'year': '16XX', 'impact': 'Jews present before destruction', 'source': 'Jews were present in the 16th cent.'}, {'event': 'Chmielnicki massacres', 'year': '1648–1649', 'impact': 'community ended', 'source': 'the community ended in the Chmielnicki massacres of 1648-49'}]",
4382,PRISLOP,Carpatho-Russia,Czechoslovakia,Ukraine,jews_arrived,17LX,Jews probably arrived in the late 18th cent.,"[{'lang': 'hun', 'name': 'Nagypriszlog'}]",[],
4383,PRISTINA,Serbia,Yugoslavia,,community_founded,1897,In 1897 a synagogue was built,[],[],
4384,PRIUTNOYE,Zaporozhe,Ukraine,:null,community_founded,1848,founded P. as a J. colony in 1848,[],[],:null
4385,PROBUZNA,Tarnopol,Poland,Ukraine,jews_present,17LX,Jews were present from the late 18th cent.,[],[],:null
4386,PROLETARSK,Voroshilovgrad,Ukraine,:null,POP,1939,The J. pop. in 1939 was 109,[],[],:null
4387,PROLETARSKOYE,Zaporozhe,Ukraine,:null,community_founded,1848,founded P. as a J. colony in 1848,"[{'lang': 'rus', 'name': 'Grafskaya'}]",[],:null
4388,PROPOISK,Mogilev,Belorussia,:null,jews_arrived,15XX,Jews settled in the 16th cent.,[],[],:null
4389,PROSKUROV,Kamenets-Podolski,Ukraine,:null,first_mention,1629,Jews are first mentioned in 1629,[],"[{'event': 'Chmielnicki Cossack raids', 'year': '17MX', 'impact': 'pillaged', 'source': ""They were pillaged by Chmielnicki's Cossacks in the mid-17th""}]",:null
4390,PROSTEJOV,Moravia,Czechoslovakia,:null,first_mention,1445,Jews are mentioned in 1445,"[{'lang': 'yid', 'name': 'Prostich'}]",[],:null
4391,PROSTKEN,East Prussia,Germany,Poland,POP,1905,"In 1905, the J. pop. of P. was 82","[{'lang': 'pol', 'name': 'Prostki'}]",[],:null
4392,PROSTYN,Lublin,Poland,:null,jews_arrived,18LX,Jews probably arrived in the late 19th cent.,[],[],:null
4393,PROSZOWICE,Kielce,Poland,:null,first_mention,19EX,first mentioned only in the early 19th cent.,[],[],:null
4394,PRUCHNIK,Lwow,Poland,:null,first_mention,1563,Jews are first recorded in 1563,[],[],:null
4395,PRUDNOYE,Tula,Russia,:null,community_present,19XX,Jews from P. and the neighboring villages,[],[],:null
4396,PRUNDUL BARGAULUI,N. Transylvania,Rumania,:null,jews_arrived,18MX,Jews settled in the mid-19th cent.,"[{'lang': 'hun', 'name': 'Borgoprund'}]",[],:null
4397,PRUSKE,Slovakia,Czechoslovakia,Republic of Slovakia,jews_arrived,17EX,Jews from Moravia apparently settled in the early 18th cent.,[],[],:null
4398,PRUSZKOW,Warsaw,Poland,:null,jews_arrived,18LX,J. settlement began in the second half of the 19th cent.,[],[],:null
4399,PRUZHANA,Polesie,Poland,Belarus,jews_arrived,14MX,Jews began to settle around the mid-15th cent.,[],[],:null
4400,PRZASNYSZ,Warsaw,Poland,,jews_arrived,15XX,Jews first settled in the 16th cent.,"[{'lang': 'yid', 'name': 'Proshnitz'}]",[],
4401,PRZECLAW,Cracow,Poland,,jews_arrived,17EX,Jews first arrived in the early 18th cent.,[],[],
4402,PRZEDBORZ,Lodz,Poland,,jews_arrived,15LX,J. settlement began in the late 16th cent.,[],[],
4403,PRZEDECZ,Warsaw,Poland,,jews_arrived,13XX,Jews apparently settled in P. in the 14th cent.,[],[],
4404,PRZEMYSL,Lwow,Poland,,jews_present,14EX,a permanent J. settlement probably existed ... before the annexation to Poland in 1340,[],[],
4405,PRZEMYSLANY,Tarnopol,Poland,Ukraine,first_mention,15LX,Jews are first mentioned in the late 16th cent.,[],[],
4406,PRZEROSL,Bialystok,Poland,,jews_arrived,17XX,Jews first settled in P. in the 18th cent.,[],[],
4407,PRZEWORSK,Lwow,Poland,,jews_arrived,15EX,Jews settled in the early 16th cent.,[],[],
4408,PRZYBOROWICE GORNE,Warsaw,Poland,,POP,1915,The J. pop. was 130 in 1915,[],[],
4409,PRZYBYSZEW,Warsaw,Poland,,POP,1921,The J. pop. was 104 in 1921,[],[],
4410,PRZYGLOW,Lodz,Poland,,POP,1921,The J. pop. ... was 50 ... in 1921,[],[],
4411,PRZYROW,Kielce,Poland,,first_mention,17LX,Jews are first mentioned in the late 18th cent.,[],[],
4412,PRZYSUCHA,Lodz,Poland,,POP,1827,"The increase in the J. pop. from 1,658 in 1827","[{'lang': 'yid', 'name': 'Pshischa'}]",[],
4413,PRZYTYK,Kielce,Poland,,jews_arrived,14MX,Jews first settled in the mid-15th cent.,[],[],
4414,PSKOV,Leningrad,Russia,,jews_arrived,18MX,Jews probably settled in the mid-19th cent.,[],[],
4415,PSZCZYNA,Silesia,Poland,,jews_arrived,16XX,Jews from Bohemia first settled in the 17th cent.,"[{'lang': 'yid', 'name': 'Pels'}]",[],
4416,PTICH,Polesie,Belorussia,,jews_arrived,1903,Jews were only permitted to settle in 1903,[],[],
4417,PTYCZA,Volhynia,Poland,,POP,1921,Five Jews lived in P. in 1921,[],[],
4418,PUCHOV,Slovakia,Czechoslovakia,Republic of Slovakia,first_mention,16XX,Jews are first mentioned in the 17th cent.,"[{'lang': 'hun', 'name': 'Pucho'}]",[],
4419,PUDERBACH,Rhineland,Germany,,POP,1817,The J. pop. was 22 in 1817,[],[],
4420,PUESTI,Moldavia,Rumania,,jews_arrived,18MX,Jews first settled in the mid-19th cent.,[],[],
4421,PUKHOVICHI,Minsk,Belorussia,,first_mention,15LX,Jews are first mentioned in the late 16th cent.,[],[],
4422,PULA,,Yugoslavia,,jews_present,14XX,Jews lived in P. in the 15th-19th cents.,[],[],
4423,PULAWY,Lublin,Poland,,jews_arrived,1795,Jews arrived shortly after the Third Partition of Poland in 1795,[],[],
4424,PULTUSK,Warsaw,Poland,,community_present,18LX,A community developed from the late 18th cent.,[],[],
4425,PUMPENAI,Birzai,Lithuania,,jews_arrived,16XX,Jews first settled in the 17th cent.,"[{'lang': 'yid', 'name': 'Pumpian'}]",[],
4426,PUNGESTI,Moldavia,Rumania,,jews_present,18LX,"At the end of the 19th cent., over 500 Jews were living here",[],[],
4427,PUNSK,Bialystok,Poland,,POP,1921,Jews numbered 228 (51% of the pop.) in 1921,[],[],
4428,PUSALOTAS,Panevezys,Lithuania,,jews_arrived,19EX,Rabbanite Jews first settled at the beginning of the 19th cent.,"[{'lang': 'yid', 'name': 'Pushalot'}]",[],
4429,PUSHKIN,Leningrad,Russia,,jews_arrived,18EX,J. settlement probably began in the first half of the 19th cent. when demobilized J. soldiers arrived,"[{'lang': 'rus', 'name': 'Tsarskoye Selo'}, {'lang': 'rus', 'name': 'Detskoye Selo'}]",[],
4430,PUSPOKLADANY,Hajdu,Hungary,,jews_arrived,18EX,Jews settled in the early 19th cent.,[],[],
4431,PUSTOSHKA,Kalinin,Russia,,jews_arrived,18LX,Jews probably settled in the latter half of the 19th cent. after officially receiving residence rights,[],[],
4432,PUSZTADOBOC,Szaboles,Hungary,,jews_arrived,18LX,Jews settled in the late 19th cent.,[],[],
4433,PUTILA,Bukovina,Rumania,Ukraine,jews_arrived,18LX,Jews settled in the late 19th cent.,[],[],
4434,PUTIVL,Sumy,Ukraine,,POP,1926,Jews numbered 341 in 1926,[],[],
4435,PUTNOK,Borsod-Gomor,Hungary,,first_mention,1746,Jews are mentioned in 1746,[],[],
4436,PYRITZ,Pomerania,Germany,Poland,first_mention,1481,Jews are first mentioned in P. in 1481,"[{'lang': 'pol', 'name': 'Pyrzyce'}]",[],
4438,PYSZNICA,Lwow,Poland,,POP,1921,The J. pop. in 1921 was 191,[],[],
4439,PYZDRY,Lodz,Poland,,jews_present,1387,Jews were living in P. in 1387,"[{'lang': 'yid', 'name': 'Pyzer'}]",[],
4440,QUAKENBRUECK,Hanover,Germany,,community_founded,1816,three J. families had a prayer house in 1816,[],[],
4441,QUATZENHEIM,Bas-Rhin,France,,community_founded,18XX,A small J. community was established in the village during the 19th cent.,[],[],
4442,QUEDLINBURG,Saxony,Germany,,jews_present,12XX,evidence of Jews from the 13th cent.,[],[],
4443,RAALTE,Overijssel,Holland,,community_present,17XX,The J. community dates back to the 18th cent.,[],[],
4444,RABKA,Cracow,Poland,,jews_arrived,18LX,Jews arrived in the second half of the 19th cent.,[],[],
4445,RACACIUNI,Moldavia,Rumania,,jews_arrived,18LX,Jews first settled in the second half of the 19th cent.,[],"[{'event': 'Peasant revolt and antisemitic outbursts', 'year': '1907', 'impact': 'forced the Jews to leave', 'source': 'Antisemitic outbursts and a peasant revolt in 1907 forced the Jews to leave'}]",
4446,RACALMAS,Fejer,Hungary,,jews_arrived,17EX,Jews settled in the early 18th cent.,[],"[{'event': 'White Terror attacks', 'year': '', 'impact': '', 'source': 'During the White Terror attac'}]",
4447,RACHMANOWO,Volhynia,Poland,Ukraine,POP,1921,"In 1921, 62 Jews remained",[],[],
4448,RACIONZH,Warsaw,Poland,,jews_present,17MX,A J. settlement existed by the 1740s,[],[],
4449,RACISTORF,Slovakia,Czechoslovakia,Republic of Slovakia,community_founded,18EX,Jews probably founded a community in the early 19th cent.,"[{'lang': 'hun', 'name': 'Recse'}]",[],
4450,RACKEVE,Pest-Pilis-Solt-Kiskun,Hungary,,jews_arrived,18EX,Jews arrived in the early 19th cent.,[],[],
4451,RACZKI,Bialystok,Poland,,jews_arrived,16LX,The J. settlement began in the late 17th cent.,[],[],
4452,RADAUTI,Bukovina,Rumania,,jews_arrived,17LX,Jews settled in the late 18th cent.,"[{'lang': 'yid', 'name': 'Radewitz'}]",[],
4453,RADEBEUL,Saxony,Germany,,community_present,1925,small J. community was affiliated to the Dresden community and numbered 65 individuals in 1925,[],[],
4454,RADGOSZCZ,Cracow,Poland,,POP,1875,Jews numbered 363 in 1875,[],[],
4455,RADLOW,Cracow,Poland,,POP,1921,Jews numbered 174 in 1921,[],[],
4456,RADOM,Kielce,Poland,,first_mention,1568,Jews are first mentioned in 1568,[],"[{'event': 'de non tolerandis Judaeis privilege', 'year': '1633', 'impact': 'Jews excluded from residence', 'source': 'excluded from residence by a de non tolerandis Judaeis privilege granted ... in 1633'}]",
4457,RADOMSKO,Lodz,Poland,,community_present,1822,A J. community existed here from 1822,[],[],
4458,RADOMYSL,Zhitomir,Ukraine,,first_mention,1764,Jews are first mentioned in 1764,[],[],
4459,RADOMYSL NAD SANEM,Cracow,Poland,,first_mention,1765,Jews are first recorded in 1765,[],[],
4460,RADOMYSL WIELKI,Cracow,Poland,,jews_present,,Jews were at first restricted to the outskirts of the town and worked the land,[],[],
4461,RADOSINA,Slovakia,Czechoslovakia,Slovakia,jews_present,17EX,Jews were present in the early 18th cent.,[],[],
4462,RADOSOVCE,Slovakia,Czechoslovakia,Slovakia,POP,1840,Jews numbered about 150 in 1840,[],[],
4463,RADOSZKOWICZE,Vilna,Poland,Belarus,jews_arrived,17LX,Jews probably arrived in the late 18th cent.,[],[],
4464,RADOSZYCE,Lodz,Poland,,POP,1897,"The J. pop. in 1897 was 1,728",[],[],
4465,RADUCANENI,Moldavia,Rumania,,jews_arrived,18EX,Jews settled in the early 19th cent.,[],"[{'event': 'attempted expulsion', 'year': '1908', 'impact': 'city council attempt failed', 'source': 'In 1908, the city council attempted but failed to expel'}]",
4466,RADUN,Grodno,Poland,Belarus,POP,1897,"The J. pop. in 1897 was 896 (total 1,621).",[],[],
4467,RADVILISKIS,Siauliai,Lithuania,,jews_arrived,18EX,Jews first settled in the beginning of the 19th cent.,"[{'lang': 'yid', 'name': 'Radvilishok'}]","[{'event': 'WWI expulsion', 'year': '', 'impact': 'expelled', 'source': 'During WWI, the Jews were expelled'}]",
4468,RADYANSKOYE,Vinnitsa,Ukraine,,POP,1897,"Jews numbered 1,040 (total 1,094) in 1897",[],[],
4469,RADYMNO,Lwow,Poland,,jews_arrived,1772,settlement renewed only when the Austrians lifted residence restrictions in 1772,"[{'lang': 'yid', 'name': 'Redem'}]","[{'event': 'expulsion', 'year': '1711', 'impact': 'few Jews expelled', 'source': 'The few Jews allowed to settle in the town were expelled in 1711'}]",
4470,RADZANOW,Warsaw,Poland,,jews_present,17EX,Jews appeared in the early 18th cent.,[],[],
4471,RADZIECHOW,Tarnopol,Poland,Ukraine,jews_present,17XX,Jews were present when the town was founded in the 18th cent.,[],[],
4472,RADZIEJOW,Warsaw,Poland,,first_mention,17MX,Jews are first mentioned in the mid-18th cent.,[],[],
4473,RADZILOW,Bialystok,Poland,,jews_present,16XX,A small J. settlement existed in the 17th cent.,[],[],
4474,RADZIWILOW,Volhynia,Poland,Ukraine,first_mention,1578,Jews are first mentioned in 1578,[],[],
4475,RADZYMIN,Warsaw,Poland,,jews_arrived,1475,Jews probably settled with the founding of the town in 1475,[],[],
4476,RADZYN,Lublin,Poland,,first_mention,15XX,Jews are first mentioned in the 16th cent.,[],[],
4477,RAESFELD,Westphalia,Germany,,jews_present,1575,Jews were present in 1575,[],"[{'event': 'expulsion', 'year': '1683', 'impact': 'two families expelled', 'source': 'the two J. families there were expelled'}]",
4478,RAFALOWKA,Volhynia,Poland,Ukraine,community_present,16EX,An organized J. community existed in Old R. in the first half of the 17th cent.,[],[],
4479,RAGELIAI,Rokiskis,Lithuania,,POP,1923,The J. pop. in 1923 was about 70 (30% of the total).,"[{'lang': 'yid', 'name': 'Ragole'}]",[],
4480,RAGUVA,Panevezys,Lithuania,,jews_arrived,16XX,Jews first settled in the 17th cent.,"[{'lang': 'yid', 'name': 'Rogeve'}]","[{'event': 'WWI exile', 'year': '', 'impact': 'exiled; only half returned', 'source': 'In WWI the Jews were exiled to Russia; only half returned'}]",
4481,RAHDEN,Westphalia,Germany,,POP,1821,"In 1821, the J. pop. was 217.",[],[],
4482,RAIGORODOK,Zhitomir,Ukraine,,jews_arrived,17EX,Jews arrived in the early 18th cent.,[],[],
4483,RAIPOLE,Latgale,Latvia,,POP,,pre-WWI community of 220; eight Jews remained on the eve of WWI,[],[],
4484,RAJCZA,Cracow,Poland,,jews_present,18MX,The Jews lived there from the mid-19th cent.,[],"[{'event': 'antisemitic disturbances', 'year': '', 'impact': 'periodic occurrences', 'source': 'Antisemitic disturbances were a periodic occurrence'}]",
4485,RAJEC,Slovakia,Czechoslovakia,Republic of Slovakia,jews_present,17EX,Jews were present in the early 1720s,[],[],
4486,RAJGROD,Bialystok,Poland,,first_mention,1587,Jews are known from 1587,[],[],
4487,RAJKA,Gyor-Moson,Hungary,,jews_arrived,1706,Jews settled in 1706,[],[],
4488,RAKAMAZ,Szabolcs,Hungary,,jews_arrived,18LX,Jews from Maramarossziget and Galicia arrived in the late 18th cent.,[],[],
4489,RAKHOV,Carpatho-Russia,Czechoslovakia,Ukraine,jews_arrived,18LX,refugees from Galicia probably settled in the late 1840s,"[{'lang': 'hun', 'name': 'Raho'}]",[],
4490,RAKOSCSABA,Pest-Pilis-Solt-Kiskun,Hungary,,jews_arrived,18EX,Jews settled in the first half of the 19th cent.,[],[],
4491,RAKOSKERESZTUR,Budapest,Hungary,,jews_present,1784,Jews were present by 1784,[],[],
4492,RAKOSLIGET,Pest-Pilis-Solt-Kiskun,Hungary,,jews_arrived,19EX,"From the beginning of the 20th cent., Budapest Jews settled in R.",[],[],
4493,RAKOSPALOTA,Pest-Pilis-Solt-Kiskun,Hungary,,jews_arrived,18LX,Jews settled in the late 19th cent.,[],[],
4494,RAKOSSZENTMIHALY,Pest-Pilis-Solt-Kiskun,Hungary,,jews_arrived,18LX,Jews settled in the late 19th cent.,[],[],
4495,RAKOVNIK,Bohemia,Czechoslovakia,,first_mention,1441,Jews are mentioned in 1441,[],[],
4496,RAKOW (I),Vilna,Poland,,community_founded,1628,received a sizable contribution ... in 1628 to construct a synagogue,[],[],
4497,RAKOW (II),Kielce,Poland,,first_mention,16EX,Jews are first mentioned in the early 17th cent.,[],[],
4498,RAKVERE,,Estonia,,jews_arrived,18MX,The first J. settlers were Cantonists arriving in the 1850s,[],[],
4499,RAMNICU-SARAT,Moldavia,Rumania,,community_present,1710,A J. community existed in 1710,[],[],
4500,RAMNICU-VALCEA,Oltenia,Rumania,,community_founded,18LX,a J. community developed only at the end of the 19th cent.,[],[],
4501,RAMYGALA,Panevezys,Lithuania,,jews_arrived,15LX,Jews first settled at the end of the 16th cent.,"[{'lang': 'yid', 'name': 'Remigole'}]","[{'event': 'WWI expulsion', 'year': '', 'impact': 'Jews expelled by Russian army', 'source': 'During WWI, the Russian army expelled the Jews'}]",
4502,RANDEGG,Baden,Germany,,jews_arrived,1656,The first six J. families settled in 1656,[],[],
4503,RANIZOW,Lwow,Poland,,POP,,The J. pop. stood at around 350 until WwI,"[{'lang': 'yid', 'name': 'Raisnov'}]","[{'event': 'peasant rioting', 'year': '1918–1919', 'impact': 'population dropped to 278', 'source': 'in the wake of wartime tribulations and the peasant rioting in Nov. 1918 and May 191…'}]",
4504,RASEINIAI,Raseiniai,Lithuania,,jews_arrived,16XX,Jews first settled in the 17th cent.,"[{'lang': 'yid', 'name': 'Rasayn'}]",[],
4505,RASHKOV,Moldavia,Moldavia,Republic of Moldova,jews_arrived,17EX,Jews settled in the early 18th cent.,[],"[{'event': 'Haidamak pogrom', 'year': '1738', 'impact': 'community attacked; later recovered', 'source': 'After a Haidamak pogrom in 1738, the community recovered'}]",
4506,RASLAVICE,Slovakia,Czechoslovakia,Republic of Slovakia,jews_arrived,17EX,Jews settled in the first half of the 18th cent.,"[{'lang': 'hun', 'name': 'Totraszlavica'}]",[],
4507,RASTATT,Baden,Germany,,community_founded,16LX,established a new community after 1683,[],"[{'event': 'expulsion', 'year': '1584', 'impact': 'Jews expelled', 'source': 'following expulsions in 1584'}, {'event': 'expulsion', 'year': '1615', 'impact': 'Jews expelled', 'source': 'following expulsions in 1584 and 1615'}]",
4508,RASTENBURG,East Prussia,Germany,Poland,jews_arrived,19EX,Jews settled in R. in the early 19th cent.,"[{'lang': 'pol', 'name': 'Kętrzyn'}]",[],
4509,RASTOACE,Bukovina,Rumania,Ukraine,jews_arrived,18LX,Jews first settled in the late 19th cent.,"[{'lang': 'ukr', 'name': 'Rostocki'}]",[],
4510,RATHENOW,Brandenburg,Germany,,jews_arrived,1700,A new settlement developed c. 1700,[],"[{'event': 'expulsion of Jews of Brandenburg', 'year': '1571', 'impact': 'community expelled', 'source': 'until the expulsion of the Jews of Brandenburg in 1571'}]",
4511,RATIBOR,Upper Silesia,Germany,,first_mention,1367,Jews are first mentioned in 1367,"[{'lang': 'pol', 'name': 'Racibórz'}]",[],
4512,RATKOVA,Slovakia,Czechoslovakia,Republic of Slovakia,community_present,19XX,The small community maintained a synagogue and cemetery,[],[],
4513,RATNO,Volhynia,Poland,Ukraine,first_mention,1516,Jews are first recorded in 1516,[],[],
4514,RATZEBUHR,Pomerania,Germany,Poland,jews_present,1737,"In 1737, there were three J. families living in R.","[{'lang': 'pol', 'name': 'Okonek'}]",[],
4515,RAUDONE,Raseiniai,Lithuania,,POP,1923,In 1923 there were 80 Jews in R.,[],[],
4516,RAUSCHENBERG,Hesse-Nassau,Germany,,community_founded,1810,Established around 1810,[],[],
4517,RAVENSBURG,Wuerttemberg,Germany,,community_founded,1835,The community was reestablished in 1835,[],"[{'event': 'Black Death persecutions', 'year': '1348–1349', 'impact': '14th-cent. community burned alive; community destroyed', 'source': 'burned alive in the Black Death persecutions of 1348-49'}]",
4518,RAWA MAZOWIECKA,Lodz,Poland,,first_mention,1547,The Jews were victims of a blood libel in 1547,[],"[{'event': 'Blood libel', 'year': '1547', 'impact': 'Jews left the town soon after', 'source': 'victims of a blood libel in 1547 and left the town soon after'}]",
4519,RAWA RUSKA,Lwow,Poland,Ukraine,jews_arrived,1624,The first Jews arrived with the founding of the town in 1624,[],"[{'event': 'Austrian restrictions and taxes', 'year': '18XX', 'impact': 'restrictions and heavy taxes', 'source': 'In the 18th cent. they were subjected to restrictions and to heavy taxes under the Austrians'}]",
4520,RAWICZ,Poznan,Poland,,jews_arrived,16EX,Two J. families settled in the first half of the 17th cent.,[],"[{'event': 'Restrictions on settlement', 'year': '18EX', 'impact': 'another dozen under various disabilities', 'source': 'another dozen, under various disabilities, in the early 18th'}]",
4521,RAYGOROD,Vinnitsa,Ukraine,,POP,1765,Jews numbered 211 in 1765,[],"[{'event': 'Pogrom', 'year': '20 May 1919', 'impact': 'pogrom against the Jews', 'source': 'A pogrom was staged against the Jews on 20 May 1919'}, {'event': 'Population change', 'year': '1926', 'impact': 'J. pop. dropped to 497', 'source': 'in 1926 the J. pop. dropped to 497'}]",
4522,RAZDELNOYE,Odessa,Ukraine,,POP,1926,The J. pop. was 139 in 1926,[],[],
4523,RECA,Slovakia,Czechoslovakia,Republic of Slovakia,jews_arrived,17EX,J. refugees from Moravia arrived in the early 18th cent.,"[{'lang': 'hun', 'name': 'Rete'}]","[{'event': 'Synagogue built', 'year': 'late 18th cent.', 'impact': 'first synagogue built', 'source': 'They built the first synagogue in the late 18th cent.'}]",
4524,RECHITSA,Gomel,Belorussia,,jews_arrived,15LX,Jews settled in the late 16th cent.,[],"[{'event': 'Chmielnicki massacres', 'year': '1648–1649', 'impact': 'Jews murdered', 'source': 'They were murdered in the Chmielnicki massacres of 1648-49'}]",
4525,RECHNITZ,Burgenland,Austria,,jews_arrived,1527,Jews first settled in 1527,[],"[{'event': 'Synagogue maintained', 'year': '1649', 'impact': 'small synagogue maintained', 'source': 'By 1649 they maintained a small synagogue'}, {'event': 'Synagogue inaugurated', 'year': '1718', 'impact': 'larger synagogue inaugurated', 'source': 'inaugurating a larger one in 1718'}]",
4526,RECKENDORF,Lower Franconia,Germany,,jews_arrived,16LX,Jews began settling... after the Thirty Years War (1618-48),[],"[{'event': 'Riots', 'year': '1696', 'impact': 'riots against Jews', 'source': 'They suffered from riots in 1696'}, {'event': 'Blood libel', 'year': '', 'impact': 'blood libel case', 'source': 'and a blood libel in 174'}]",
4527,RECKLINGHAUSEN,Westphalia,Germany,,jews_present,1418,They were again present by 1418,[],"[{'event': 'Black Death persecutions', 'year': '1348–1349', 'impact': 'earlier Jews apparently perished', 'source': 'They apparently perished in the Black Death persecutions of 1348-49'}]",
4528,REDKI,Polesie,Belorussia,,community_founded,1849,R. was founded in 1849 as a J. farm settlement,[],"[{'event': 'Became Jewish kolkhoz', 'year': 'late 1920s', 'impact': '28 families employed', 'source': 'it became a J. kolkhoz where 28 families were employed'}]",
4529,REES,Rhineland,Germany,,community_founded,17XX,A permanent settlement was established in the 18th cent.,[],[],
4530,REGENSBURG,Upper Palatinate,Germany,,first_mention,981,first mentioned in 981,"[{'lang': 'heb', 'name': 'Gushpurk'}, {'lang': 'yid', 'name': 'Rushpruk'}]",[],
4531,REGENWALDE,Pomerania,Germany,Poland,first_mention,1692,evidence from 1692 of a Jew receiving a letter of protection (Schutzbrief),"[{'lang': 'pol', 'name': 'Resko'}]",[],
4532,REGGIO EMILIA,Emilia,Italy,,first_mention,1413,presence of Jews is first recorded in 1413,[],[],
4533,REGHIN,N. Transylvania,Rumania,,community_founded,18MX,A J. community was founded in the 1840s,"[{'lang': 'hun', 'name': 'Szaszregen'}]",[],
4534,REICHELSHEIM,Hesse,Germany,,community_founded,17XX,Established in the 18th cent.,[],"[{'event': 'anti-Jewish riots', 'year': '', 'impact': '', 'source': 'Anti-J. riots broke'}]",
4535,REICHENBACH (I),Hesse,Germany,,community_founded,1829,"community, established by 1829",[],[],
4536,REICHENBACH (II),Lower Silesia,Germany,,community_founded,19XX,community was reestablished only in the 19th cent.,"[{'lang': 'pol', 'name': 'Dzierzoniow'}]","[{'event': 'expulsion', 'year': '1453–1454', 'impact': 'Jews expelled; community ended', 'source': 'were expelled in 1453-54'}]",
4537,REICHENBERG,Lower Franconia,Germany,,community_founded,17MX,community was founded no later than the mid-18th cent.,[],[],
4538,REICHENSACHSEN,Hesse-Nassau,Germany,,community_founded,17EX,Established before 1730,[],[],
4539,REICHMANNSDORF,Upper Franconia,Germany,,first_mention,1779,Jews are mentioned in 1779,[],[],
4540,REICHSHOFEN,Bas-Rhin,France,,community_founded,19XX,A small community was established during the 19th cent.,[],"[{'event': 'WWI expulsion', 'year': '1914–1918', 'impact': 'community expelled during war', 'source': 'During WWI, they were expelled'}]",
4541,REILINGEN,Baden,Germany,,jews_arrived,17XX,The first Jews settled in the 18th cent.,[],[],
4542,REIMS,Marne,France,,jews_present,11XX,The J. presence dates from the 12th cent.,"[{'lang': 'eng', 'name': 'Rheims'}]",[],
4543,REINHEIM,Hesse,Germany,,POP,,The community numbered 86 (4% of the total) in 1900,[],[],
4544,REISKIRCHEN,Hesse,Germany,,POP,,Numbering 42 (4% of the total) at its height in 1925,[],[],
4545,REJOWIEC,Lublin,Poland,,jews_arrived,15MX,Jews settled in the mid-16th cent.,"[{'lang': 'yid', 'name': 'Reyvitch'}]",[],
4546,REMAGEN,Rhineland,Germany,,community_present,18EX,The modern community numbered 20–35 in the early 19th cent.,[],"[{'event': 'Black Death persecutions', 'year': '1348–1349', 'impact': 'medieval community destroyed', 'source': 'The medieval J. community was destroyed in the Black Death persecutions of 1348–49'}]",
4547,REMBERTOW,Warsaw,Poland,,jews_present,1918,The J. settlement began to grow after WWI,[],[],
4548,REMETI,N. Transylvania,Rumania,,community_present,18MX,A J. community existed in the mid-19th cent.,"[{'lang': 'hun', 'name': 'Palosremete'}, {'lang': 'yid', 'name': 'Remit'}]",[],
4549,REMSCHEID,Rhineland,Germany,,first_mention,1864,Nine J. residents are mentioned in 1864,[],[],
4550,RENDSBURG,Schleswig-Holstein,Germany,,community_founded,1695,establishment of a community there in 1695,[],[],
4551,RENI,Bessarabia,Rumania,Republic of Moldova,jews_present,1847,In 1847 there were 22 J. families living in R.,[],[],
4552,REPINE,Carpatho-Russia,Czechoslovakia,Ukraine,jews_arrived,18EX,Jews probably settled in the early 19th cent.,"[{'lang': 'hun', 'name': 'Repenye'}]",[],
4553,REPKI,Chernigov,Ukraine,,POP,1897,"Jews numbered 3,049 (total 3,336) in 1897",[],[],
4554,RESITA,S. Transylvania,Rumania,,community_founded,1871,The J. community was founded in 1871,"[{'lang': 'hun', 'name': 'Resicabanya'}]",[],
4555,RETEAG,N. Transylvania,Rumania,,community_present,17MX,A J. community existed in the mid-18th cent.,"[{'lang': 'hun', 'name': 'Retteg'}]",[],
4556,REUTLINGEN,Wuerttemberg,Germany,,community_present,18XX,The settlement was renewed in the 19…,[],"[{'event': 'Black Death persecutions', 'year': '1348–1349', 'impact': 'Jews attacked', 'source': 'The Jews were attacked in the Black Death persecutions of 1348–49'}, {'event': 'Expulsion', 'year': '1495', 'impact': 'Jews expelled', 'source': 'and expelled in 1495'}]",
4557,REVUCA,Slovakia,Czechoslovakia,Republic of Slovakia,jews_arrived,18MX,Jews apparently arrived in the 1850s,"[{'lang': 'hun', 'name': 'Nagyrocze'}]",[],
4558,REXINGEN,Wuerttemberg,Germany,,jews_arrived,1648–1649,first permanent J. settlers were refugees… of 1648–49,[],[],
4559,REZEKNE,Latgale,Latvia,,jews_arrived,17LX,settled in R. in the late 18th cent.,"[{'lang': 'yid', 'name': 'Rezhitze'}]",[],
4560,RHAUNEN,Rhineland,Germany,,POP,19XX,The J. pop. was 80–100 … down through the 19th cent.,[],[],
4561,RHEDA,Westphalia,Germany,,jews_present,1576,Jews were present from 1576,[],"[{'event': 'Expulsion', 'year': '1689', 'impact': 'Jews expelled', 'source': 'until their expulsion in 1689'}]",
4562,RHEINBACH,Rhineland,Germany,,first_mention,1345,The first Jew is mentioned in 1345,[],[],
4563,RHEINBISCHOFSHEIM,Baden,Germany,,jews_arrived,16MX,The first Jews settled in the mid-17th cent.,[],[],
4564,RHEINDAHLEN,Rhineland,Germany,,first_mention,1637,Jews are first mentioned in 1637,[],[],
4565,RHEINE,Westphalia,Germany,,first_mention,1343,Jews are first mentioned in 1343,[],"[{'event': 'Black Death persecutions', 'year': '1350', 'impact': 'victimized', 'source': 'victimized in the disturbances associated with Black Death in 1350'}]",
4566,RHEINHAUSEN,Rhineland,Germany,,POP,1933,The J. pop. in 1933 was 65,[],[],
4567,RHINA,Hesse-Nassau,Germany,,community_founded,1682,immigrants from Bavaria established a community in 1682,[],[],
4568,RHODEN,Hesse-Nassau,Germany,,POP,1847,Numbering 70 in 1847,[],[],
4569,RHODES,Dodecanese Islands,Greece,,community_present,11XX,Benjamin of Tudela recorded a J. co[mmunity],"[{'lang': 'gre', 'name': 'Rhodos'}, {'lang': 'gre', 'name': 'Rodos'}]",[],
4570,RIASNA,Mogilev,Belorussia,,POP,1847,The J. pop. was 551 in 1847,[],[],
4571,RIBEAUVILLE,Haut-Rhin,France,,jews_present,1689,In 1689 there were over ten J. families,[],[],
4572,RICHELSDORF,Hesse-Nassau,Germany,,POP,1871,Numbering 63 (11% of the total) in 1871,[],[],
4573,RICHEN,Baden,Germany,,first_mention,1722,J. settlers are first mentioned in 1722,[],"[{'event': 'Anti-Jewish rioting', 'year': '1848', 'impact': 'rioting during the revolutionary disturbances', 'source': 'Anti-J. rioting broke out during the revolutionary disturbances of 1848'}]",
4574,RICKA,Carpatho-Russia,Czechoslovakia,Ukraine,jews_arrived,18EX,Jews probably settled in the early 19th cent.,"[{'lang': 'hun', 'name': 'Kispatak'}]",[],
4575,RICSE,Zemplen,Hungary,,jews_present,1811,Jews were present by 1811,[],[],
4576,RIEBENI,Latgale,Latvia,,jews_arrived,18EX,A few dozen Jews settled on estate lands in the early 19th cent.,"[{'lang': 'yid', 'name': 'Riebinishki'}]",[],
4577,RIENECK,Lower Franconia,Germany,,first_mention,1298,Jews suffered during the Rindfleisch massacres of 1298,[],"[{'event': 'Rindfleisch massacres', 'year': '1298', 'impact': 'Jews suffered', 'source': 'Jews suffered during the Rindfleisch massacres of 1298'}, {'event': 'Expulsion', 'year': '', 'impact': 'Jews expelled', 'source': 'were expelled at around the beginning of the Thirty Years War'}]",
4578,RIESENBURG,East Prussia,Germany,Poland,jews_present,17EX,Individual Jews lived in R. already around 1700,"[{'lang': 'pol', 'name': 'Prabuty'}]",[],
4579,RIETAVAS,Telsiai,Lithuania,,jews_arrived,15XX,Jews first settled in the 16th cent.,"[{'lang': 'yid', 'name': 'Riteve'}]",[],
4580,RIGA,Vidzeme,Latvia,,jews_present,15XX,J. merchants began to appear in the city in the 16th cent.,[],[],
4581,RIJEKA,Croatia,Yugoslavia,Croatia,community_founded,17LX,A J. community was established in the late 18th cent.,"[{'lang': 'ita', 'name': 'Fiume'}]",[],
4582,RIMAVSKA SEC,Slovakia,Czechoslovakia,Slovakia,jews_arrived,18MX,Jews settled in the 1850s,"[{'lang': 'hun', 'name': 'Rimaszecz'}]",[],
4583,RIMAVSKA SOBOTA,Slovakia,Czechoslovakia,Slovakia,jews_arrived,18MX,Jews settled in the mid-19th cent.,"[{'lang': 'hun', 'name': 'Rimaszombat'}]",[],
4584,RIMBACH,Hesse,Germany,,community_founded,1774,"The community, established in 1774",[],[],
4585,RIMBECK-SCHERFEDE,Westphalia,Germany,,community_present,1853,It maintained a synagogue from 1853,[],[],
4586,RIMPAR,Lower Franconia,Germany,,jews_present,17EX,The J. settlement dates from no later than the first half of the 18th cent.,[],[],
4587,RINTELN,Hesse-Nassau,Germany,,community_founded,18XX,Founded in the 19th cent.,[],[],
4588,RIPICENI,Moldavia,Rumania,,jews_arrived,18LX,Jews first settled in the late 19th cent.,[],[],
4589,ROANNE,Loire,France,,community_present,1919,The J. community developed between 1919 and 1939,[],[],
4590,ROCKENHAUSEN,Palatinate,Germany,,jews_present,12LX,Jews were present in the latter half of the 13th cent.,[],"[{'event': 'Oberwesel blood libel aftermath', 'year': '1287', 'impact': 'some beaten and forcibly converted', 'source': 'Some were beaten and forcibly converted in the aftermath of the Oberwesel blood libel of 1287'}]",
4591,RODALBEN,Palatinate,Germany,,POP,1802,The J. pop. was 100 in 1802,[],[],
4592,RODENBERG,Hesse-Nassau,Germany,,community_present,1861,"The J. community, numbering 93 (5% of the total) by 1861",[],[],
4593,RODHEIM VOR DER HOEHE,Hesse,Germany,,POP,1900,"Numbering 88 (6% of the total) in 1900, the community",[],[],
4594,RODNA,N. Transylvania,Rumania,,jews_arrived,19EX,Jews first settled in the 1820s,"[{'lang': 'hun', 'name': 'Oradna'}, {'lang': 'yid', 'name': 'Rogne'}]",[],
4595,RODNIA,Mogilev,Belorussia,,POP,1847,Jews numbered 305 in 1847,[],[],
4596,ROEDELHEIM,Hesse-Nassau,Germany,,community_founded,1680,Established around 1680,[],[],
4597,ROEDELSEE,Lower Franconia,Germany,,first_mention,14XX,A J. cemetery is known from before the 15th cent.,[],[],
4598,ROERMOND,Limburg,Holland,,jews_arrived,19EX,Settlement was renewed in the early 19th cent.,[],"[{'event': 'Medieval community ended', 'year': '16MX', 'impact': 'Jews present until the mid-16th cent.', 'source': 'Jews were present in the Middle Ages, until the mid-16th cent.'}]",
4599,ROESSEL,East Prussia,Germany,Poland,community_present,19EX,evidence of a J. community from the early 19th cent.,"[{'lang': 'pol', 'name': 'Reszel'}]",[],
4600,ROGACHEYV (I),Gomel,Belorussia,,POP,1766,There were 200 J. poll tax payers in 1766,[],[],
4601,ROGACHEYV (II),Zhitomir,Ukraine,,POP,1847,The J. pop. was 404 in 1847,[],"[{'event': 'Civil war pogroms', 'year': '1918–1921', 'impact': 'attacks; population dropped', 'source': 'As a result of attacks during the civil war (1918-21) ... their pop. dropped'}]",
4602,ROGATICA,Bosnia-Hercegovina,Yugoslavia,Republic of Bosnia,POP,1931,numbering 47 in 1931,[],[],
4603,ROGOZNO,Poznan,Poland,,jews_arrived,13XX,J. settlement probably dates from the 14th cent.,"[{'lang': 'yid', 'name': 'Rogozhin'}]",[],
4604,ROHATYN,Stanislawow,Poland,Ukraine,community_present,15MX,The J. community dates from the mid-16th cent.,[],[],
4605,ROHRBACH,Hesse,Germany,,POP,1880,The community numbered 86 ... in 1880,[],[],
4606,ROKISKIS,Rokiskis,Lithuania,,jews_arrived,17LX,Jews first settled in the late 18th cent.,"[{'lang': 'yid', 'name': 'Rakishok'}]",[],
4607,ROKITNO,Volhynia,Poland,Ukraine,POP,1901,In 1901 there were 105 Jews in R.,[],[],
4608,ROKITNOYE,Kiev,Ukraine,,POP,1897,"Jews numbered 2,073 (total 5,818) in 1897",[],"[{'event': 'Anti-Jewish riots', 'year': '1905', 'impact': 'rioting railroad workers attacked Jews', 'source': 'In 1905, rioting railroad workers attacked Jews'}]",
4609,ROKOSOV,Carpatho-Russia,Czechoslovakia,Ukraine,jews_arrived,19MX,Jews returned in the mid-19th cent.,"[{'lang': 'hun', 'name': 'Rakasz'}]","[{'event': 'Earlier short-lived presence', 'year': '1768', 'impact': 'three J. families present for a short period', 'source': 'Three J. families were present in 1768 for a short period of time'}]",
4610,ROKYCANY,Bohemia,Czechoslovakia,,jews_arrived,18LX,Jews settled in the late 19th cent.,[],[],
4611,ROMADAN,Poltava,Ukraine,,jews_present,19EX,A few dozen Jews resided here in the early 20th cent.,[],"[{'event': 'pogrom', 'year': 'March 1918', 'impact': 'two Jews murdered', 'source': 'Two were murdered in a pogrom in March 1918.'}]",
4612,ROMAN,Moldavia,Rumania,,jews_arrived,17EX,Jews first settled in the early 18th cent.,[],"[{'event': 'blood libel', 'year': '1714', 'impact': '', 'source': 'In 1714 the Jews were subjected to a blood libel.'}, {'event': 'cemetery desecration', 'year': '1867', 'impact': 'city council desecrated and destroyed Jewish cemetery', 'source': 'city council desecrated and destroyed the J. cemetery in 1867'}]",
4613,ROMANOV,Zhitomir,Ukraine,,first_mention,1787,Jews are first mentioned in 1787,"[{'lang': 'rus', 'name': 'Dzerzhinsk'}]",[],
4614,ROMANOVKA (I),Nikolaiev,Ukraine,,community_founded,18LX,founded R. as a J. colony in the 1840s,[],"[{'event': 'immigration/expansion', 'year': '1860s', 'impact': '20 new Jewish families established adjacent settlement', 'source': 'Twenty new J. families arrived in the 1860s and established an adjacent settlement.'}]",
4615,ROMANOVKA (II),Zhitomir,Ukraine,,community_founded,1830,founded as a J. farm settlement on leased land in 1830,[],[],
4616,ROMANSWILLER,Bas-Rhin,France,,community_founded,17XX,A small J. community was established in the 18th cent.,[],[],
4617,ROME,Lazio,Italy,,jews_arrived,01XX,uninterrupted J. presence... since the first cent. B.c.e.,[],[],
4619,ROMMERSKIRCHEN,Rhineland,Germany,,community_founded,1696,The local synagogue dates back to 1696,[],[],
4620,ROMNY,Sumy,Ukraine,,jews_arrived,17LX,Jews settled in the late 18th cent.,[],"[{'event': 'pogrom', 'year': '3 May 1881', 'impact': 'Jewish property destroyed', 'source': 'J. property was destroyed in a pogrom on 3 May 1881.'}, {'event': 'pogrom', 'year': '19–20 Oct. 1905', 'impact': '', 'source': 'In another pogrom on 19-20 Oct. 1905'}]",
4621,ROMROD,Hesse,Germany,,first_mention,1871,"The community, numbering 74 in 1871",[],[],
4622,ROMSTHAL-ECKARDROTH,Hesse-Nassau,Germany,,community_present,18XX,the community had a synagogue in E. and a combined pop. of 162 in 18…,[],[],
4623,ROMULI,N. Transylvania,Rumania,,community_present,18MX,A J. community existed in the mid-19th cent.,"[{'lang': 'rum', 'name': 'Romuli Stramba'}, {'lang': 'hun', 'name': 'Romoly'}, {'lang': 'yid', 'name': 'Strimba'}]",[],
4624,RONA DE JOS,N. Transylvania,Rumania,,jews_arrived,17EX,Jews first settled in the early 18th cent.,"[{'lang': 'hun', 'name': 'Alsorona'}, {'lang': 'yid', 'name': 'Unterrine'}]",[],
4625,RONA DE SUS,N. Transylvania,Rumania,,jews_arrived,17EX,Jews first settled in the early 18th cent.,"[{'lang': 'hun', 'name': 'Felsorona'}, {'lang': 'yid', 'name': 'Oiberrine'}]",[],
4626,RONDORF,Rhineland,Germany,,first_mention,1871,From 54 members in 1871,[],[],
4627,ROPCZYCE,Lwow,Poland,Ukraine,first_mention,15LX,Jews are recorded from the late 16th cent.,"[{'lang': 'yid', 'name': 'Ropshits'}]",[],
4628,ROS,Bialystok,Poland,,jews_present,16EX,Jews were present in the first half of the 17th cent.,[],[],
4629,ROSASNA,Vitebsk,Belorussia,,jews_present,20MX,Twenty-eight J. families were living in R. in the mid-1920s.,[],[],
4630,ROSBACH A. D. SIEG,Rhineland,Germany,,jews_arrived,18LX,A few J. cattle dealers and butchers settled in the latter half of 19th cent.,[],[],
4631,ROSENBERG (I),Upper Silesia,Germany,Poland,POP,1787,The J. pop. was 112 in 1787,"[{'lang': 'pol', 'name': 'Olesno'}]",[],
4632,ROSENBERG (II),East Prussia,Germany,Poland,jews_present,1811,Jews were present from 1811.,"[{'lang': 'pol', 'name': 'Susz'}]",[],
4633,ROSENHEIM,Upper Bavaria,Germany,,POP,1910,The community ... numbered 56 in 1910,[],[],
4634,ROSENTHAL,Hesse-Nassau,Germany,,jews_present,16XX,Jews lived there from the 17th cent.,[],[],
4635,ROSHEIM,Bas-Rhin,France,,jews_present,12XX,Jews were living in R. at least from the 13th cent.,[],"[{'event': 'Black Death persecutions', 'year': '1348–1349', 'impact': 'community suffered', 'source': 'They suffered during the Black Death persecutions of 1348-49.'}]",
4636,ROSIORI-DE-VEDE,Walachia,Rumania,,community_founded,1880,A J. community ... was founded in 1880,[],[],
4637,ROSITSA,Vitebsk,Belorussia,,POP,1897,The J. pop. was 529 ... in 1897,[],[],
4638,ROSKOSHNAYA,Zaporozhe,Ukraine,,community_founded,1855,founded R. as J. colony in 1855,[],[],
4639,ROSLAVL,Smolensk,Russia,,jews_arrived,18MX,"The first J. settlers, in the mid-19th cent.",[],[],
4640,ROSSDORF,Hesse,Germany,,POP,1900,The community numbered 62 ... in 1900,[],[],
4641,ROSSONY,Vitebsk,Belorussia,,POP,1897,The J. pop. was 327 ... in 1897,[],[],
4642,ROSSOSH,Voronezh,Russia,,jews_arrived,1917,Jews apparently settled after the Oct. 1917 Revolution.,[],[],
4643,ROSSOSZ,Lublin,Poland,,jews_present,17LX,A few J. families were probably present in the late 18th cent.,[],[],
4644,ROSTOCK,Mecklenburg-Schwerin,Germany,,jews_arrived,12LX,Evidence of J. settlement exists from the late 13th cent.,[],"[{'event': 'Black Death persecutions', 'year': '1348–1349', 'impact': 'Jews did not return afterward', 'source': 'Jews apparently did not return after the Black Death persecutions of 1348-49'}]",
4645,ROSTOV-ON-DON,Rostov,Russia,,jews_arrived,18EX,Jews probably settled in the early 19th cent.,[],[],
4646,ROSULNA,Stanislawow,Poland,Ukraine,POP,,The J. pop. was 154 in 1921.,[],[],
4647,ROTENBURG AN DER FULDA,Hesse-Nassau,Germany,,jews_present,1200,Jews lived in the town from its foundation (c. 1200),[],"[{'event': 'Black Death persecutions', 'year': '1348–1349', 'impact': 'no community for 350 years', 'source': 'After the Black Death massacres of 1348-49 ... no community was established for 350 years'}]",
4648,ROTH,Hesse-Nassau,Germany,,community_founded,1823,established a united community in 1823,[],[],
4649,ROTH BEI NUERNBERG,Middle Franconia,Germany,,first_mention,1414,Jews are mentioned in 1414,[],[],
4650,ROTHENBURG OB DER TAUBER,Middle Franconia,Germany,,jews_present,11EX,Jews were present in the early 12th cent.,[],[],
4651,ROTMISTROVKA,Kiev,Ukraine,,POP,1897,"The J. pop. was 1,785 ... in 1897",[],"[{'event': 'pogrom', 'year': '13–14 May 1919', 'impact': '45 Jews murdered; many injured; 60 homes burned', 'source': 'In a pogrom on 13-14 May 1919, 45 Jews were murdered, many injured, and 60 J. homes burned'}]",
4652,ROTTENDORF,Nikolaiev,Ukraine,,community_founded,1920,a J. colony apparently founded in the 1920s,[],[],
4653,ROTTERDAM,Zuid-Holland,Holland,,jews_arrived,1610,Portuguese J. traders settled in R. in 1610,[],[],
4654,ROTTWEIL,Wuerttemberg,Germany,,jews_present,13EX,Jews were living in a J. quarter in the early 14th cent.,[],"[{'event': 'Black Death persecutions', 'year': '1348–1349', 'impact': 'community destroyed', 'source': 'In the Black Death persecutions of 1348-49'}]",
4655,ROUBAIX,Nord,France,,POP,,there was a small J. pop.,[],[],
4656,ROUDNICE NAD LABEM,Bohemia,Czechoslovakia,,first_mention,1541,Jews are first mentioned in 1541,[],[],
4657,ROUEN,Seine Inferieure,France,,first_mention,,The J. record dates back to the Roman era,[],[],
4658,ROUSINOV,Moravia,Czechoslovakia,,jews_arrived,1454,Jews expelled from Brno and other royal cities in 1454 were most likely the first J. settlers,[],[],
4659,ROVENKI,Voroshilovgrad,Ukraine,,jews_arrived,18LX,Jews probably settled at the turn of the 19th cent.,[],[],
4660,ROVINE-PECICA,S. Transylvania,Rumania,,community_founded,1810,A J. community founded in 1810,"[{'lang': 'hun', 'name': 'Vilaagos-Pecska'}]",[],
4661,ROVNOPOL,Stalino,Ukraine,,community_founded,1855,founded as a J. colony in 1855,[],[],
4662,ROVNOYE,Kirovograd,Ukraine,,POP,,Jews numbered 470 in 1923,[],[],
4663,ROWNE,Volhynia,Poland,Ukraine,community_present,15MX,A J. community apparently existed by the mid-16th cent.,[],"[{'event': 'Chmielnicki massacres', 'year': '1648–1649', 'impact': 'only six Jewish houses left standing', 'source': 'Only six J. houses were left standing after the Chmielnicki massacres of 1648-49'}]",
4664,ROZALIMAS,Panevezys,Lithuania,,jews_arrived,18XX,The Jews first settled in the 19th cent.,"[{'lang': 'yid', 'name': 'Rozalye'}]","[{'event': 'WWI expulsion', 'year': '', 'impact': '', 'source': 'In WWI, the Jews were expelled'}]",
4665,ROZAN,Warsaw,Poland,,first_mention,17EX,A J. settlement is known from the early 18th cent.,[],[],
4666,ROZAVLEA,N. Transylvania,Rumania,,community_present,18MX,A J. community existed in the mid-19th cent.,"[{'lang': 'hun', 'name': 'Rozalia'}]",[],
4667,ROZDOL,Stanislawow,Poland,,jews_present,16EX,Jews were present in the early 17th cent.,"[{'lang': 'yid', 'name': 'Razleh'}]","[{'event': 'Great fire', 'year': '1880', 'impact': 'many emigrated', 'source': 'a major fire caused many to emigrate'}]",
4668,ROZHANA,Polesie,Poland,Belarus,community_present,16EX,A community existed in the early 17th cent.,[],[],
4669,ROZHANKA,Nowogrodek,Poland,Belarus,jews_present,1847,"In 1847, there were 202 Jews in R.",[],[],
4670,ROZHANOVCE,Slovakia,Czechoslovakia,Republic of Slovakia,jews_arrived,17EX,Jews settled in the early 18th cent,"[{'lang': 'hun', 'name': 'Rozgony'}]",[],
4671,ROZHEV,Kiev,Ukraine,,POP,1787,Jews numbered 25 in 1787,[],"[{'event': 'Pogrom', 'year': 'July 1919', 'impact': '', 'source': 'they were attacked in a pogrom'}]",
4672,ROZNAVA,Slovakia,Czechoslovakia,Republic of Slovakia,jews_arrived,18MX,Jews settled in the mid-19th cent.,"[{'lang': 'hun', 'name': 'Rozsnyo'}]",[],
4673,ROZNIATOW,Stanislawow,Poland,Ukraine,community_present,17XX,The J. community grew throughout the 18th and 19th cents.,[],[],
4674,ROZNOV,Moldavia,Rumania,,jews_arrived,18MX,Jews settled in the mid-19th cent.,[],"[{'event': 'Peasant revolt', 'year': '1907', 'impact': '', 'source': 'During the 1907 peasant revol-'}]",
4675,ROZNOW,Stanislawow,Poland,Ukraine,POP,1921,"stood at 418 (total 6,426) in 1921",[],[],
4676,ROZOVKA,Zaporozhe,Ukraine,,POP,19XX,The J. pop. in 1939 was 238,[],[],
4677,ROZPRZA,Lodz,Poland,,jews_arrived,16XX,Jews first settled here in the 17th cent.,[],[],
4678,ROZWADOW,Lwow,Poland,,jews_arrived,17XX,Few Jews settled until the 18th cent.,[],[],
4679,ROZYSZCZE,Volhynia,Poland,Ukraine,jews_arrived,17LX,Jews settled in the late 18th cent.,[],[],
4680,RUBENE,Courland,Latvia,,POP,19XX,The J. pop. in 1935 was 12,[],[],
4681,RUBEZHNOYE,Voroshilovgrad,Ukraine,,jews_arrived,19XX,Jews settled in the Soviet period,[],[],
4682,RUBIEL,Polesie,Poland,Belarus,jews_present,18LX,A settlement of 100 J. families is known from the 1880s,[],[],
4683,RUBIEZHOWICZE,Nowogrodek,Poland,Belarus,jews_arrived,17LX,Jews apparently began to settle in the late 18th cent.,[],[],
4684,RUDAMINA,Seini,Lithuania,,jews_arrived,17XX,Jews first settled in the 18th cent.,"[{'lang': 'yid', 'name': 'Rudamin'}]",[],
4685,RUDA PABIANICKA,Lodz,Poland,,POP,1921,The J. pop. in 1921 was 237,[],[],
4686,RUDA SLASKA,Silesia,Poland,,jews_present,18MX,throughout the community's existence from the mid-19th cent.,[],[],
4687,RUDENSK,Minsk,Belorussia,,jews_present,19EX,"In the 1920s, under the Soviets, 12 J. families",[],[],
4688,RUDKA,Lublin,Poland,,POP,1921,The J. pop. was 600 in 1921,[],[],
4689,RUDKI,Lwow,Poland,Ukraine,jews_arrived,17EX,Jews settled from the early 18th cent.,"[{'lang': 'yid', 'name': 'Ridik'}]",[],
4690,RUDNIK,Lwow,Poland,,community_present,16LX,The J. community dates from the second half of the 17th cent.,[],[],
4691,RUDNIYA,Smolensk,Russia,,community_present,17XX,The 18th cent. community had its own rabbi,[],[],
4692,RUECKINGEN,Hesse—Nassau,Germany,,community_present,16XX,"The community, dating from the 17th cent.",[],[],
4693,RUEDESHEIM AM RHEIN,Hesse-Nassau,Germany,,jews_present,1096,"After their evacuation to R., 60 Jews from Mainz... during the First Crusade (1096)",[],"[{'event': 'First Crusade persecutions', 'year': '1096', 'impact': 'about 60 Jews martyred or slaughtered', 'source': '60 Jews from Mainz chose martyrdom or were slaughtered during the First Crusade (1096)'}, {'event': 'Expulsion', 'year': '1470', 'impact': 'Jews expelled', 'source': 'Expelled in 1470'}]",
4694,RUEGENWALDE,Pomerania,Germany,Poland,jews_arrived,1701,first evidence of a Jew allowed to settle... dates from 1701,"[{'lang': 'pol', 'name': 'Darłowo'}]",[],
4695,RUELZHEIM,Palatinate,Germany,,POP,1750,Jews numbered eight families in 1750,[],[],
4696,RUESSELSHEIM,Hesse,Germany,,community_founded,17EX,Established in the early 18th cent.,[],[],
4697,RUETHEN,Westphalia,Germany,,first_mention,12XX,Jews are mentioned from the 13th cent.,[],[],
4698,RUGAJI,Latgale,Latvia,,jews_arrived,20EX,Jews settled from early in the 20th cent.,[],[],
4699,RUJIENA,Vidzeme,Latvia,,jews_arrived,19LX,Jews settled in the late 19th cent.,[],[],
4700,RUMA,Vojvodina,Yugoslavia,,jews_arrived,17XX,Jews settled in the 18th cent.,[],[],
4701,RUMBURK,Bohemia (Sudetenland),Czechoslovakia,,jews_arrived,17LX,J. settlement dates from the late 18th cent.,[],[],
4702,RUMMELSBURG,Pomerania,Germany,Poland,first_mention,1728,A J. family in R. is first mentioned in 1728,"[{'lang': 'pol', 'name': 'Miastko'}]",[],
4703,RUMSISKES,Kaunas,Lithuania,,jews_arrived,19XX,Jews first settled in the 19th cent.,"[{'lang': 'yid', 'name': 'Rumshishok'}]","[{'event': 'WWI expulsion', 'year': '', 'impact': 'Russian army expelled the Jews; about half (50 families, 42%) returned', 'source': 'During WWI, the Russian army expelled the Jews. About half (50 families, or 42% of the total) returned'}]",
4704,RUNDENI,Latgale,Latvia,,POP,1935,The J. pop. in 1935 was five,[],[],
4705,RUSCOVA,N. Transylvania,Rumania,,jews_arrived,17EX,Jews first settled in the early 18th cent.,"[{'lang': 'hun', 'name': 'Visooroszi'}]",[],
4706,RUSKE POLE,Carpatho-Russia,Czechoslovakia,Ukraine,jews_arrived,17EX,Jews settled in the first half of the 18th cent.,"[{'lang': 'hun', 'name': 'Urmezo'}, {'lang': 'yid', 'name': 'Vermezhayf'}]",[],
4707,RUSSKA MOKRA,Carpatho-Russia,Czechoslovakia,Ukraine,jews_arrived,18MX,Jews probably settled in the mid-19th cent.,"[{'lang': 'hun', 'name': 'Oroszmokra'}]",[],
4708,RUST,Baden,Germany,,jews_present,16XX,present during the Thirty Years War (1618-1648),[],[],
4709,RUTKA,Warsaw,Poland,,POP,1921,The J. pop. in 1921 was 141,[],[],
4710,RUTKI-KOSSAKI,Bialystok,Poland,,community_present,18XX,A J. community existed in the 19th cent.,[],[],
4711,RUZA,Moscow,Russia,,POP,1939,"In 1939 there were 165 Jews in the Mozhaisk prov., most in R.",[],[],
4712,RUZHIN,Zhitomir,Ukraine,,jews_arrived,17EX,Jews probably settled in the early 18th cent.,[],[],
4713,RUZOMBEROK,Slovakia,Czechoslovakia,Republic of Slovakia,jews_arrived,18LX,Jews first settled in the 1820s,"[{'lang': 'hun', 'name': 'Rozsahegy'}]",[],
4714,RYBNIK (I),Lwow,Poland,Ukraine,POP,1921,The J. pop. in 1921 was 103,[],[],
4715,RYBNIK (II),Silesia,Poland,,community_present,18XX,The J. settlement began to develop in the 19th cent.,[],[],
4716,RYBNITSA,Moldavia,,Republic of Moldova,POP,1897,"The J. pop. was 1,574 (total 4,029) in 1897",[],"[{'event': 'pogrom', 'year': '1917', 'impact': '', 'source': 'In 1917, Jews were attacked in a pogrom'}]",
4717,RYBOTYCZE,Lwow,Poland,Ukraine,first_mention,1630,Jews are first mentioned in 1630,[],[],
4718,RYCHNOV NAD KNEZNOU,Bohemia,Czechoslovakia,,jews_present,15EX,Jews were present in the first half of the 16th cent.,[],"[{'event': 'fire', 'year': '1782', 'impact': 'synagogue and most Jewish homes burned', 'source': 'The synagogue and most J. homes went up in flames in 1782'}]",
4719,RYCHWAL,Lodz,Poland,,jews_present,17XX,Jews lived there from the 18th cent.,[],[],
4720,RYCZYWOL,Poznan,Poland,,jews_arrived,15XX,Jews probably arrived in the 16th cent,[],[],
4721,RYGLICE,Cracow,Poland,,jews_arrived,17LX,Jews settled in the second half of the 18th cent.,[],[],
4722,RYIASNOPOL,Odessa,Ukraine,,community_present,1927,"In 1927, the Jews numbered about 40 families (150 people)",[],[],
4723,RYKI,Lublin,Poland,,first_mention,15LX,Jews are first mentioned in the late 16th cent.,[],"[{'event': 'residential restrictions', 'year': '18LX', 'impact': ""Jewish residence restricted to town's periphery"", 'source': ""Toward the end of the 18th cent., J. residence was restricted to the town's periphery""}]",
4724,RYLSK,Kursk,Russia,,jews_arrived,18LX,Jews probably settled at the turn of the 19th cent.,[],[],
4725,RYMANOW,Lwow,Poland,,first_mention,15LX,Jews are known from the late 16th cent.,[],[],
4726,RYMSZANY,Vilna,Poland,Belarus,POP,,The J. pop. in 1921 was 151 (total 290).,[],[],
4727,RYNDINO,Tula,Russia,,POP,,No earlier presence data; wartime note only.,[],[],
4728,RYPIN,Warsaw,Poland,,first_mention,15XX,Jews are known from the 16th cent.,[],[],
4729,RYZHNOVKA,Kiev,Ukraine,,POP,,"In 1897, the J. pop. was 1,374 (total 4,132).",[],"[{'event': 'pogrom', 'year': '1918', 'impact': 'homes and stores looted; a number of Jews murdered', 'source': 'In 1918, a Ukrainian gang looted J. homes and stores and murdered a number of Jews.'}]",
4730,RZECZYCA,Lwow,Poland,Ukraine,POP,,The J. pop. in 1921 was 120.,[],[],
4731,RZEPIENNIK-STRZYZEWSKI,Cracow,Poland,,POP,,"The J. pop. numbered 224 (total 1,802) after WWI.",[],"[{'event': 'pogrom', 'year': '1918-11', 'impact': 'caused some to leave', 'source': 'a pogrom in Nov. 1918 caused some to leave'}]",
4732,RZESZOW,Lwow,Poland,,jews_present,13XX,Jews may have been present before the annexation of the city to Poland in 1340.,"[{'lang': 'yid', 'name': 'Raishe'}]",[],
4733,RZHEV,Kalinin,Russia,,jews_arrived,18LX,Jews settled in the late 19th cent.,[],[],
4734,RZHISHCHEV,Kiev,Ukraine,,POP,18EX,Jews numbered 94 in 1784,[],[],
4735,SAALFELD (I),East Prussia,Germany,Poland,community_present,18EX,The J. community dates back to the early 19th cent.,"[{'lang': 'pol', 'name': 'Zalewo'}]",[],
4736,SAALFELD (II),Thuringia,Germany,,jews_present,13EX,There were Jews living in S. at the beginning of the 14th cent.,[],[],
4737,SAARBRUECKEN,Saar,Germany,,first_mention,13EX,Jews are mentioned in neighboring St. Johann in 1321.,[],[],
4738,SAARLOUIS,Saar,Germany,,jews_arrived,16LX,Jews from Wallerfangen settled when Louis XIV built S. ... in 1680.,[],"[{'event': 'expulsion', 'year': '1710', 'impact': 'Jews expelled; returned in 1715', 'source': 'They were expelled in 1710 at the instigation of the guilds but returned in 1715'}]",
4739,SAARWELLINGEN,Saar,Germany,,first_mention,1750,Jews are first mentioned in 1750,[],[],
4740,SABAC,Serbia,Yugoslavia,,jews_arrived,18EX,Jews settled in the first half of the 19th cent.,[],[],
4741,SABILE,Kurzeme,Latvia,,jews_present,18EX,Jews were present from the early 19th cent.,"[{'lang': 'yid', 'name': 'Sabile'}]",[],
4742,SABINKA,Lublin,Poland,,POP,1921,The J. pop. stood at 139 (total 239) in 1921,[],[],
4743,SABINOV,Slovakia,Czechoslovakia,Republic of Slovakia,jews_arrived,18LX,Jews probably settled in the early 1780s,"[{'lang': 'hun', 'name': 'Kisszeben'}]",[],
4744,SACEL,N. Transylvania,Rumania,,jews_arrived,18MX,Jews settled in the mid-19th cent.,"[{'lang': 'hun', 'name': 'Izaszacsal'}]",[],
4745,SACHSENHAGEN,Hesse-Nassau,Germany,,jews_present,17XX,Jews lived there from the 18th cent.,[],[],
4746,SADAGURA,Bukovina,Rumania,Ukraine,community_founded,1770,"In 1770, Jews ... were among the founders of S.","[{'lang': 'yid', 'name': 'Sadigora'}, {'lang': 'ger', 'name': 'Sadagora'}]","[{'event': 'Austrian settlement policy', 'year': '1774', 'impact': 'Austrians called on Jews to settle', 'source': 'In 1774 the Austrians called on Jews to'}]",
4747,SADOWA WISZNIA,Lwow,Poland,Ukraine,jews_present,15MX,Jews were present from the mid-16th cent.,[],[],
4748,SADOWNE,Lublin,Poland,,jews_arrived,18LX,Jews probably settled in the late 19th cent.,[],[],
4749,SADZAWKA,Stanislawow,Poland,,POP,1921,The J. pop. was 100 in 1921,[],[],
4750,SAFOV,Moravia,Czechoslovakia,,first_mention,1670,Jews are mentioned in 1670,[],"[{'event': 'Fire destroyed Jewish quarter', 'year': '1821', 'impact': 'quarter destroyed; new synagogue consecrated 1822', 'source': 'after a fire destroyed the J. quarter a year earlier'}]",Sudetenland removed from region parentheses
4751,SAGAN,Lower Silesia,Germany,Poland,community_founded,18EX,only establishing a modern community in the early 19th cent.,"[{'lang': 'pol', 'name': 'Zagan'}]","[{'event': 'Expulsion', 'year': '1462', 'impact': 'Jews expelled', 'source': 'The Jews were expelled in 1462'}]",
4752,SAGAYDAK,Kirovograd,Ukraine,,jews_arrived,18EX,Jews probably settled in the first half of the 19th cent.,[],[],
4753,SAHY,Slovakia,Czechoslovakia,Republic of Slovakia,jews_arrived,1840,"after 1840, opening stores and founding a commu","[{'lang': 'hun', 'name': 'Ipolysag'}]",[],
4754,SAINT-AVOLD,Moselle,France,,community_founded,1860,A synagogue was built in 1860,"[{'lang': 'ger', 'name': 'Sankt Avold'}]",[],
4755,SAINT-DENIS,Seine,France,/,jews_arrived,14LX,a royal decree enabled five J. families to settle in 1353,[],[],/
4756,SAINT-DIE,Vosges,France,/,community_founded,19XX,A small J. community was formed in the 19th cent.,[],[],/
4757,SAINT-ETIENNE,Loire,France,/,community_founded,19EX,established the community after the Franco-Prussian war of 1870-71,[],[],/
4758,SAJOKAZA,Borsod,Hungary,/,jews_arrived,17MX,Jews arrived in the mid-18th cent.,[],[],/
4759,SAJOKAZINC,Borsod,Hungary,/,jews_arrived,1747,The first Jews settled in 1747,[],[],/
4760,SAJOSZENTPETER,Borsod-Gomor,Hungary,/,jews_arrived,18LX,Jews settled in the late 18th cent.,[],[],/
4761,SAKI,Crimea,Russia,Ukraine,community_present,19LX,"With the establishment of J. kolkhozes in the 1920s, a large J. kolkhoz was set up",[],[],/
4762,Seinai,Sikiai,Lithuania,/,jews_arrived,18XX,Jews first settled in the 18th cent.,"[{'lang': 'yid', 'name': 'Shaki'}]",[],/
4763,SAKSAGAN,Dnepropetrovsk,Ukraine,/,jews_arrived,18LX,Jews settled in the 1880s,[],[],/
4764,SALA,Slovakia,Czechoslovakia,Republic of Slovakia,jews_present,18EX,Jews probably settled at the turn of the 18th cent.,"[{'lang': 'hun', 'name': 'Vagsellye'}]",[],/
4765,SALAKAS,Zarasai,Lithuania,/,jews_present,17XX,one of the first J. settlements in Lithuania,"[{'lang': 'yid', 'name': 'Salok'}]",[],/
4766,SALANKI,Carpatho-Russia,Czechoslovakia,Ukraine,jews_arrived,18EX,J. settlement began in the early 18th cent.,"[{'lang': 'hun', 'name': 'Salank'}, {'lang': 'yid', 'name': 'Salanyie'}]",[],/
4767,SALANTAI,Kretinga,Lithuania,/,jews_arrived,16XX,Jews first settled in the 17th cent.,"[{'lang': 'yid', 'name': 'Salant'}]",[],/
4768,SALDOBOS,Carpatho-Russia,Czechoslovakia,Ukraine,community_present,19LX,only in the latter part of the 19th cent. that the community grew,"[{'lang': 'hun', 'name': 'Szaldobos'}]",[],/
4769,SALDUS,Kurzeme,Latvia,/,jews_present,19LX,settlement dates from the second half of the 19th cent.,"[{'lang': 'yid', 'name': 'Froienburg'}]","[{'event': 'Expulsion', 'year': '1915', 'impact': 'Jews expelled', 'source': 'The Jews were expelled in 1915'}]",/
4770,SALGOTARJAN,Nograd,Hungary,/,jews_arrived,19EX,Jews settled in the early 19th cent.,[],[],/
4771,SALISTEA DE SUS,N. Transylvania,Rumania,,community_founded,17LX,A J. community was organized in the late 18th cent.,"[{'lang': 'hun', 'name': 'Felsoszeliste'}, {'lang': 'yid', 'name': 'Selisht'}]",[],
4772,SALMUENSTER,Hesse-Nassau,Germany,,jews_present,1384,Jews lived there in 1384,[],"[{'event': 'community_founded', 'year': '1865', 'impact': 'synagogue opened', 'source': 'community was founded centuries later, opening a synagogue in 1865'}]",
4773,SALNITSA,Vinnitsa,Ukraine,,jews_arrived,16LX,Jews probably settled after the Chmielnicki massacres of 1648-49,[],[],
4774,SALOCIAI,Birzai,Lithuania,,community_present,16XX,Between the 17th and 19th cents. there was a Karaite community here,"[{'lang': 'yid', 'name': 'Salat'}]","[{'event': 'WWI expulsion', 'year': '1914–1918', 'impact': 'Jews expelled; some returned later', 'source': 'During WWI the Jews were expelled. Some returned late'}]",
4775,SALONIKA,Macedonia,Greece,,jews_arrived,-140,record of J. settlement... begins around 140 B.C.,"[{'lang': 'und', 'name': 'Salonica'}, {'lang': 'und', 'name': 'Thessaloniki'}]",[],
4776,SALONTA,N. Transylvania,Rumania,,community_present,1872,A J. school was founded in 1872,"[{'lang': 'und', 'name': 'Salonta Mare'}, {'lang': 'hun', 'name': 'Nagyszalonta'}, {'lang': 'yid', 'name': 'Salanta'}]","[{'event': 'synagogue consecrated', 'year': '1886', 'impact': '', 'source': 'In 1886 the community concecrated a synagogue'}]",
4777,SALSK,Rostov,Russia,,jews_arrived,1917,Jews were only allowed to settle after the Feb. 1917 Revolution,[],[],
4778,SALUZZO,Piedmont,Italy,,jews_arrived,1484,The first Jews arrived in S. in 1484,[],"[{'event': 'cemetery purchased', 'year': '1590', 'impact': 'small number of Jews bought land for cemetery', 'source': 'a small number of Jews... purchased a piece of land for a cemetery'}, {'event': 'passed to France', 'year': '1548', 'impact': '', 'source': 'In 1548, S. passed to France'}]",
4779,SALY,Borsod,Hungary,,jews_arrived,17EX,Jews arrived in the first half of the 18th cent.,[],[],
4780,SALZBURG,,Austria,,first_mention,08EX,Jews are first recorded in the beginning of the ninth cent.,[],"[{'event': 'Black Death persecutions', 'year': '1348–1349', 'impact': 'community suffered', 'source': 'During the Black Death per'}, {'event': 'community flourished', 'year': '13XX', 'impact': 'moneylending and banking', 'source': 'In the 13th cent. the J. community flourished'}]",
4781,SALZKOTTEN,Westphalia,Germany,,jews_arrived,17LX,Jews settled in the late 18th cent.,[],"[{'event': 'synagogue consecrated', 'year': '1825', 'impact': '', 'source': 'A synagogue was consecrated in 1825'}, {'event': 'cemetery established', 'year': '1837', 'impact': '', 'source': 'and a cemetery in 1837'}]",
4782,SALZWEDEL,Saxony,Germany,,first_mention,13EX,Jews are first mentioned at the beginning of the 14th cent.,[],"[{'event': 'Black Death persecutions', 'year': '1348–1349', 'impact': 'community suffered', 'source': 'The community suffered in the Black Death persecutions of 1348-49'}, {'event': 'expulsion', 'year': '1510', 'impact': 'Jews expelled', 'source': 'The Jews of S. were expelled in 1510'}]",
4783,SAMBOR,Lwow,Poland,Ukraine,first_mention,1447,The J. settlement is first mentioned in 1447,[],"[{'event': 'residence rights revoked', 'year': '1542', 'impact': 'Jews lost residence rights', 'source': 'the Jews lost their residence rights in 1542'}]",
4784,SAMEZHEVO,Minsk,Belorussia,,POP,,"In 1897, the J. pop. was 288",[],[],
4785,SAMHORODOK,Vinnitsa,Ukraine,,POP,,"The J. pop. was 1,334 (total 3,605) in 1897",[],"[{'event': 'pogrom', 'year': '1919', 'impact': 'pogrom staged', 'source': 'A pogrom was staged in 1919'}]",
4786,SAMOKHVALOVICHI,Minsk,Belorussia,,jews_arrived,17LX,Jews apparently settled at the turn of the 18th cent.,[],[],
4787,SAMORIN,Slovakia,Czechoslovakia,Republic of Slovakia,jews_arrived,1840,Jews... settled after residence restrictions were lifted in 1840,"[{'lang': 'hun', 'name': 'Samorja'}]",[],
4788,SAMOTEVICHI,Mogilev,Belorussia,,POP,,"The J. pop. was 96 in 1880 and 263... in 1897, dropping to 378 in 1926",[],[],A four-year J. elementary school opened in early 1920s
4789,SAMOTHRAKI,North Aegean Islands,Greece,,jews_present,12XX,A J. settlement existed in the 12th-13th cents.,[],[],
4790,SANDHAUSEN,Baden,Germany,,jews_arrived,1743,The first J. family settled in 1743,[],[],
4791,SANDOMIERZ,Kielce,Poland,,first_mention,1367,joined the Cracow and Lwow communities in 1367 in petitioning King Casimir,"[{'lang': 'yid', 'name': 'Tsuzmir'}]",[],
4792,SANDROVO,Carpatho-Russia,Czechoslovakia,Ukraine,jews_arrived,17LX,Jews probably settled at the turn of the 18th cent.,"[{'lang': 'hun', 'name': 'Osandorfalva'}, {'lang': 'yid', 'name': 'Shandrif'}]",[],
4793,SANGEORGIUL DE PADURE,N. Transylvania,Rumania,,jews_arrived,18LX,Jews settled in the late 18th cent.,"[{'lang': 'hun', 'name': 'Erdoszentgyorgy'}]",[],
4794,SANGEORZ-BAI,N. Transylvania,Rumania,,community_present,19LX,An organized J. community existed from the late 19th cent.,"[{'lang': 'hun', 'name': 'Olahszentgyorg'}]",[],
4795,SANISLAU,N. Transylvania,Rumania,,community_founded,19MX,A J. community was organized in the mid-19th cent.,"[{'lang': 'hun', 'name': 'Szaniszlo'}]",[],J. pop. in 1920 was 184 (4%)
4796,SANKT GOAR,Rhineland,Germany,,first_mention,1383,Jews are first mentioned in 1383,[],[],
4797,SANKT GOARSHAUSEN,Hesse-Nassau,Germany,,community_present,17XX,A permanent settlement of one to two J. families dates from the 17th cent.,[],[],
4798,SANKT INGBERT,Palatinate,Germany,,jews_arrived,1811,The first Jew arrived in 1811,[],[],
4799,SANKT POELTEN,Lower Austria,Austria,,jews_present,1299,A few Jews were present in S. in 1299,[],"[{'event': 'Anti-Jewish violence', 'year': '1306', 'impact': 'houses looted; some murdered', 'source': 'In 1306, J. houses were looted and some Jews were murdered'}]",
4800,SANKT TOENIS,Rhineland,Germany,,community_founded,1735,A community was in existence by 1735,[],[],Arrival possibly in first half of 18th cent.
4801,SANKT WENDEL,Saar,Germany,,jews_present,13XX,Jews were present in the 14th cent.,[],"[{'event': 'Black Death persecutions', 'year': '1348–1349', 'impact': 'community victims', 'source': 'fell victim to the Black Death persecutions of 1348-49'}, {'event': 'Expulsion', 'year': '1418', 'impact': 'expelled', 'source': 'again expelled in 1418 as part'}]",Returned in 1358
4802,SAN-NICOLAUL-MARE,S. Transylvania,Rumania,,jews_arrived,18MX,Jews first settled in the mid-18th cent.,"[{'lang': 'hun', 'name': 'Nagy-Szentmiklos'}, {'lang': 'ger', 'name': 'Gross-Sannikolaus'}]",[],Synagogue built 1794; new synagogue 1911
4803,SANNIKI,Warsaw,Poland,,jews_arrived,18MX,Jews settled here from the mid-19th cent.,[],[],
4804,SANOK,Lwow,Poland,,jews_arrived,15EX,Jews settled in the early 16th cent.,[],[],
4805,SAN REMO,Genoa,Italy,,community_founded,19LX,"In 1937, a small J. community was established",[],[],
4806,SANSKI MOST,Bosnia-Hercegovina,Yugoslavia,Republic of Bosnia,POP,,The community had 63 members in 1931,[],[],
4807,SAPANTA,N. Transylvania,Rumania,,jews_arrived,17EX,Jews settled in the early 18th cent.,"[{'lang': 'hun', 'name': 'Szaplonca'}, {'lang': 'yid', 'name': 'Spinka'}]",[],
4808,SAPEZHNIKI,Mogilev,Belorussia,,community_founded,1851,founded as a J. agricultural colony on state land in 1851,[],[],
4809,SARAJEVO,Bosnia-Hercegovina,Yugoslavia,Republic of Bosnia,jews_present,15XX,Jews lived in S. from the 16th cent.,[],"[{'event': 'Synagogue built', 'year': '1581', 'impact': 'special quarter and synagogue', 'source': 'In 1581 they resided in a special quarter and built a synagogue'}]",
4810,SARASAU,N. Transylvania,Rumania,,jews_arrived,17EX,Jews settled in the early 18th cent.,"[{'lang': 'hun', 'name': 'Szarvaszo'}]",[],
4811,SARBI,N. Transylvania,Rumania,,community_present,17EX,A J. community existed here from the early 18th cent.,"[{'lang': 'hun', 'name': 'Szerfalva'}]",[],
4812,SARBOGARD,Fejer,Hungary,,first_mention,1753,Jews are first mentioned in 1753,[],[],
4813,SARGHIENI,Bukovina,Rumania,Ukraine,jews_arrived,18LX,Jews settled in the late 19th cent.,[],[],
4814,SARISSKE LUKY,,Czechoslovakia,Republic of Slovakia,jews_arrived,18EX,J. merchants from Galicia ... settled,"[{'lang': 'hun', 'name': 'Sebeskellemes'}]",[],Region not specified beyond Slovakia.
4815,SARKAD,Bihar,Hungary,,community_founded,1840,The community organized in 1840,[],[],
4816,SARMAS,S. Transylvania,Rumania,,jews_arrived,18LX,Jews first settled in the 1880s,"[{'lang': 'hun', 'name': 'Nagysarmas'}]",[],
4817,SARMASELUL,S. Transylvania,Rumania,,community_present,19XX,The Jews of S. were attached to the Sarmas community,"[{'lang': 'hun', 'name': 'Kissarmas'}]",[],
4818,SARNAKI,Lublin,Poland,,first_mention,17LX,Jews are first mentioned in the late 18th cent.,[],[],
4819,SARNY (I),Volhynia,Poland,Ukraine,jews_arrived,1903,Official J. settlement was permitted by ministerial decree in 1903,[],[],
4820,SARNY (II),Vinnitsa,Ukraine,,jews_arrived,1845,Jews were permitted to settle from 1845,[],[],
4821,SAROSPATAK,Zemplen,Hungary,,jews_arrived,17EX,Jews settled in the early 18th cent.,[],[],
4822,SAROWO,Polesie,Poland,Belarus,community_founded,1850,a J. farm settlement founded by 24 families in 1850,[],[],
4823,SARREBOURG,Moselle,France,,community_present,19XX,The J. community was established in the 19th cent.,[],[],
4824,SARREGUEMINES,Moselle,France,,community_present,19XX,The J. community was established in the 19th cent.,[],[],
4825,SARRETUDVARI,Bihar,Hungary,,jews_arrived,18EX,Jews settled in the early 19th cent.,[],[],
4826,SARRE-UNION,Bas-Rhin,France,,community_present,17XX,A small J. community was established in the 18th cent.,[],[],
4827,SARVAR,Vas,Hungary,,first_mention,1656,Jews are mentioned in 1656,[],[],
4828,SARZHABAN,Thrace,Greece,,POP,,"Under Bulgarian rule in WWII, the 12 Jews of S. were arrested","[{'lang': 'unk', 'name': 'Hirsofolo'}, {'lang': 'unk', 'name': 'Chrysupolis'}]",[],
4829,SASCUT,Moldavia,Rumania,,jews_present,18EX,There were a few Jews in the early 19th cent.,[],"[{'event': 'community_founded', 'year': '1918', 'impact': 'community founded', 'source': 'A community was founded in 1918'}]",
4830,SASD,Baranya,Hungary,,jews_arrived,18LX,Jews settled in the late 18th cent.,[],[],
4831,SASHALOM,Pest-Pilis-Solt-Kiskun,Hungary,,jews_arrived,20EX,J. settlement commenced in the early 20th cent.,[],[],
4832,SASOW,Tarnopol,Poland,Ukraine,jews_arrived,16EX,Jews were apparently among the first settlers in the early 17th cent.,[],[],
4833,SASTIN,Slovakia,Czechoslovakia,Republic of Slovakia,jews_present,15XX,evidence of J. settlement in the 16th cent.,"[{'lang': 'hun', 'name': 'Sasvar'}]",[],
4834,SASUOLIAI,Ukmerge,Lithuania,,POP,1897,The pop. of S. in 1897 included 29 Jews,"[{'lang': 'lit', 'name': 'Sesuoliai'}, {'lang': 'yid', 'name': 'Sheshol'}]",[],
4835,SATANOV,Kamenets-Podolski,Ukraine,,first_mention,1532,Jews are first mentioned in 1532,[],"[{'event': 'Chmielnicki massacres', 'year': '1648–1649', 'impact': '', 'source': 'Its development was curtailed in the Chm'}]",
4836,SATORALJAUJHELY,Zemplen,Hungary,,first_mention,18EX,Jews are mentioned in the early 18th cent.,[],[],
4837,SATU MARE,N. Transylvania,Rumania,,community_founded,1842,A J. community was organized in 1842,"[{'lang': 'hun', 'name': 'Szatbarnemeti'}, {'lang': 'yid', 'name': 'Satmar'}, {'lang': 'yid', 'name': 'Sakmer'}]",[],
4838,SAUKENAI,Siauliai,Lithuania,,jews_arrived,18XX,Jews first settled ... in the 18th cent.,"[{'lang': 'yid', 'name': 'Shukian'}]",[],
4839,SAUKOTAS,Kedainiai,Lithuania,,POP,,The J. pop. in 1929 numbered 30 families,"[{'lang': 'yid', 'name': 'Shakot'}]",[],
4840,SAVENI,Moldavia,Rumania,,jews_arrived,1816,Jews settled in 1816,[],[],
4841,SAVERNE,Bas-Rhin,France,,community_present,14LX,one of the ancient communities ... After the Black Death persecutions of 1348-49,[],"[{'event': 'Black Death persecutions', 'year': '1348–1349', 'impact': 'Jews not admitted for three centuries', 'source': 'For three centuries after the Black Death persecutions of 1348-49, Jews were not admitted'}]",
4842,SAVRAN,Odessa,Ukraine,,POP,1765,The J. pop. was 150 in 1765,[],"[{'event': 'Pogrom', 'year': '1918', 'impact': 'two members of a J. self-defense group were killed', 'source': 'Local peasants staged a pogrom ... spring 1918'}]",
4843,SAWIN,Lublin,Poland,,POP,1921,"In 1921, the J. pop. ... was 236",[],[],
4844,SBETLA,Kasserine,Tunisia,,jews_arrived,19EX,Jews from Gabes settled in the early 20th cent.,[],[],
4845,SCHAAFHEIM,Hesse,Germany,,community_founded,19EX,Established in the early 19th cent.,[],[],
4846,SCHALBACH,Moselle,France,,community_present,19XX,There was a small J. community during the 19th cent.,[],[],
4847,SCHARMBECK-OSTERHOLZ,Hanover,Germany,,jews_arrived,1730,Jews settled in S. in the 1730s,[],[],
4848,SCHEINFELD,Middle Franconia,Germany,,jews_arrived,1499,The community began with the expulsion of the Jews of Nuremberg in 1499,[],[],
4849,SCHENKLENGSFELD,Hesse-Nassau,Germany,,community_present,1673,Established by 1673,[],[],
4850,SCHERMEISEL,Brandenburg,Germany,Poland,POP,1840,The J. pop. in 1840 was 231,"[{'lang': 'pol', 'name': 'Trzemeszno Lubuskie'}]",[],
4851,SCHESSLITZ,Upper Franconia,Germany,,jews_present,13XX,Jews are known from the 14th cent.,[],[],
4852,SCHIERSTEIN,Hesse-Nassau,Germany,,community_present,18LX,The community... engaged J. teachers and numbered 70 in 1895,[],[],now part of Wiesbaden; had members in nearby Frauenstein
4853,SCHIFFERSTADT,Palatinate,Germany,,jews_present,17XX,Jews were present intermittently in the 18th cent.,[],[],
4854,SCHIPPENBEIL,East Prussia,Germany,Poland,community_present,19EX,"In 1868, a J. ... (affiliations and numbers given by 1880)","[{'lang': 'pol', 'name': 'Sępopol'}]",[],
4855,SCHIVELBEIN,Pomerania,Germany,Poland,first_mention,17LX,Mention of the first J. family... after 1700,"[{'lang': 'pol', 'name': 'Świdwin'}]",[],
4856,SCHLANGEN,Lippe,Germany,,jews_present,1756,"In 1756, four protected Jews... were living in S.",[],[],
4857,SCHLAWE,Pomerania,Germany,Poland,jews_arrived,1718,The first Jew settled in S. about 1718,"[{'lang': 'pol', 'name': 'Sławno'}]",[],
4858,SCHLEUSINGEN,Saxony,Germany,,jews_present,1298,Jews in S. were murdered in 1298,[],"[{'event': 'Massacre', 'year': '1298', 'impact': 'Jews murdered', 'source': 'Jews in S. were murdered in 1298'}, {'event': 'Black Death persecutions', 'year': '1349', 'impact': 'suffered persecutions', 'source': 'suffered in the Black Death persecutions of 1349-49'}, {'event': 'Expulsion', 'year': '1563', 'impact': 'expelled', 'source': 'They were expelled in 1563'}, {'event': 'Return', 'year': '1660', 'impact': 'Jews returned', 'source': 'and only returned in 1660'}]",
4859,SCHLITZ,Hesse,Germany,,community_founded,1880,Established in 1880,[],[],
4860,SCHLOCHAU,Posen-West,Germany,Poland,community_present,19EX,"In 1831, 364 Jews were living in S.","[{'lang': 'pol', 'name': 'Człuchów'}]",[],
4861,SCHLOPPE,Posen-West,Germany,Poland,first_mention,1674,documentary evidence of 28 Jews... in 1674,"[{'lang': 'pol', 'name': 'Człopa'}]",[],
4862,SCHLUCHTERN,Baden,Germany,,jews_arrived,1722,The first J. family settled in 1722,[],[],
4863,SCHLUECHTERN,Hesse-Nassau,Germany,,jews_present,13XX,Jews were encouraged to settle... (1250-1300),[],"[{'event': 'Black Death refuge', 'year': '1348–1349', 'impact': 'others found refuge in S.', 'source': 'others found refuge in S. during the Black Dea'}]",Patrons of Suesskind von Trimberg (1250-1300)
4864,SCHMALKALDEN,Hesse-Nassau,Germany,,first_mention,1348,Accused of poisoning wells... during the Black Death persecutions of 1348-49,[],"[{'event': 'Black Death persecutions', 'year': '1348–1349', 'impact': '18 Jews murdered', 'source': '18 Jews were murdered... during the Black Death persecutions of 1348-49'}]","Later community dates from 1622, numbered 120 (1%)"
4865,SCHMALLENBERG,Westphalia,Germany,,jews_present,1685,Residence rights were granted to a protected Jew in 1685,[],[],
4866,SCHMALNAU,Hesse—Nassau,Germany,,POP,1871,"Numbering 72... in 1871, the community affiliated with the rabbinate of Fulda",[],[],now part of Ebersberg; members in Hettenhausen and Weyhers
4867,SCHMIEHEIM,Baden,Germany,,first_mention,1709,Jews are mentioned in 1709,[],[],
4868,SCHNAITTACH,Middle Franconia,Germany,,jews_arrived,1499,Jews arrived from Nuremberg after the 1499 expulsion,[],[],
4869,SCHNEIDEMUEHL,Posen-West,Germany,Poland,community_present,15XX,A J. community existed in the 16th cent.,"[{'lang': 'pol', 'name': 'Piła'}]",[],
4870,SCHODNICA,Lwow,Poland,,POP,,"their pop. growing from 122 (total 988) in 1880 to 689 (total 2,726) in 1921",[],[],
4871,SCHOELLKRIPPEN,Lower Franconia,Germany,,community_present,17LX,A J. community is known from the late 18th cent.,[],[],
4872,SCHOENEBECK,Saxony,Germany,,first_mention,1230,a Jew engaged in the salt trade about 1230,[],"[{'event': 'expulsion', 'year': '1614', 'impact': 'all the Jews were expelled from Lippe', 'source': 'ended in 1614, when all the Jews were expelled from Lippe'}]",
4873,SCHOENINGEN,Brunswick,Germany,,community_present,1520,A community briefly existed between 1520 and 1582,[],[],
4874,SCHOENLANKE,Posen-West,Germany,Poland,jews_arrived,1730,Jews first settled in S. in 1730,"[{'lang': 'pol', 'name': 'Trzcianka'}]",[],
4875,SCHOETMAR,Lippe,Germany,,first_mention,17EX,mentioned at the beginning of the 17th century,[],"[{'event': 'expulsion', 'year': '1614', 'impact': 'all Jews expelled from Lippe', 'source': 'ended in 1614, when all the Jews were expelled from Lippe'}]",
4876,SCHOONHOVEN,Zuid-Holland,Holland,,community_present,18MX,The community dates from the mid-18th cent.,[],[],
4877,SCHOPFLOCH,Middle Franconia,Germany,,community_founded,14EX,probably founded by Jews expelled from Dinkelsbuehl in 1400,[],[],
4878,SCHORNSHEIM,Hesse,Germany,,POP,,Numbering 103 (9% of the total) in 1880,[],[],
4879,SCHOTTEN,Hesse,Germany,,jews_present,16XX,Jews lived there from the 17th cent.,[],[],
4880,SCHRIESHEIM,Baden,Germany,,jews_present,15XX,Jews were again present in the 15th cent.,[],"[{'event': 'Black Death persecutions', 'year': '1348–1349', 'impact': 'most of the 14th cent. community massacred; survivors expelled', 'source': 'Most of the 14th cent. community was massacred in the Black Death persecutions of 1348-49 and the survivors were expelled'}]",
4881,SCHUPBACH,Hesse—Nassau,Germany,,POP,19MX,numbered around 180 in 1864,[],[],
4882,SCHWABACH,Middle Franconia,Germany,,community_present,14XX,The 14th cent. community,[],"[{'event': 'local riots', 'year': '1384', 'impact': 'community destroyed', 'source': 'The 14th cent. community was destroyed in local riots in 1384'}, {'event': 'expulsions', 'year': '1560, 1585', 'impact': 'Jews expelled at least twice', 'source': 'In the 16th cent. the Jews were expelled at least twice (1560, 1585)'}]",
4883,SCHWAEBISCH GMUEND,Wuerttemberg,Germany,,first_mention,1241,Jews are first mentioned in 1241,"[{'lang': 'yid', 'name': 'Gmunda'}]",[],
4884,SCHWAEBISCH HALL,Wuerttemberg,Germany,,community_present,12XX,A J. quarter is known from the 13th cent.,"[{'lang': 'yid', 'name': 'Hall'}]","[{'event': 'Black Death persecutions', 'year': '1348-1349', 'impact': 'Jews were victims', 'source': 'Jews were victims of the Black Death persecutions of 1348-49'}, {'event': 'Expulsion', 'year': '1379', 'impact': 'Jews expelled', 'source': 'were expelled in 1379'}]",
4885,SCHWANDORF,Upper Palatinate,Germany,,POP,,The J. pop. in 1933 was 23,[],[],
4886,SCHWANENBERG,Rhineland,Germany,,POP,,"Jews numbered 61 (total 1,133) in 1871 and 24 in 1925",[],[],
4887,SCHWANFELD,Lower Franconia,Germany,,first_mention,1298,Jews are mentioned in 1298 in connection with the Rindfleisch massacres,[],[],
4888,SCHWEDT AN DER ODER,Brandenburg,Germany,,first_mention,1671,"In 1671, a protected Jew (Schutzjude) is mentioned",[],[],
4889,SCHWEGENHEIM,Palatinate,Germany,,community_founded,1834,A synagogue was built in 1834,[],[],
4890,SCHWEICH,Rhineland,Germany,,jews_present,1639,indication of a protected Jew (Schutzjude) living in S. in 1639,[],[],
4891,SCHWEIDNITZ,Lower Silesia,Germany,Poland,jews_present,1285,Jews were present no later than 1285,"[{'lang': 'pol', 'name': 'Świdnica'}]",[],
4892,SCHWEINFURT,Lower Franconia,Germany,,first_mention,12EX,Jews are known from the early 13th cent.,[],"[{'event': 'Rindfleisch massacres', 'year': '1298', 'impact': 'suffered greatly', 'source': 'suffered greatly in the Rindfleisch massacres of 1298'}, {'event': 'Black Death persecutions', 'year': '1348-1349', 'impact': 'suffered greatly', 'source': 'and the Black Death persecutions of 1348-49'}]",
4893,SCHWEINSBERG,Hesse-Nassau,Germany,,jews_present,16XX,Jews lived there from the 17th cent.,[],[],
4894,SCHWEINSHAUPTEN,Lower Franconia,Germany,,jews_present,17EX,settlement commenced no later than the first half of the 18th cent.,[],[],
4895,SCHWELM,Westphalia,Germany,,first_mention,1593,Jews are mentioned in 1593-95,[],[],
4896,SCHWERIN,Mecklenburg-Schwerin,Germany,,jews_present,13MX,Jews are mentioned in S. from the mid-14th cent.,[],[],
4897,SCHWERIN AN DER WARTHE,Posen-West,Germany,Poland,first_mention,1507,Jews are first mentioned in 1507,"[{'lang': 'pol', 'name': 'Skwierzyna'}]",[],
4898,SCHWERTE,Westphalia,Germany,,first_mention,1448,Jews are first mentioned in 1448,[],[],
4899,SCHWETZINGEN,Baden,Germany,,jews_arrived,16LX,The first Jews settled under the letter of protection... in 1698,[],[],
4900,SCHWIEBUS,Brandenburg,Germany,Poland,POP,,The J. pop. was ten in 1849 and 80 in the 1880s and 1890s,"[{'lang': 'pol', 'name': 'Świebodzin'}]",[],
4901,SCULENI,Moldavia,Rumania,Republic of Moldova,jews_arrived,18MX,Jews first settled in the early 19th cent.,[],[],
4902,SEBEZH,Kalinin,Russia,,jews_arrived,17EX,J. settlement probably began in the early 18th cent.,[],[],
4903,SEBIS,S. Transylvania,Rumania,,community_founded,1800,A J. community was established in 1800,"[{'lang': 'hun', 'name': 'Szaszsebes'}]",[],
4904,SECEMIN,Kielce,Poland,,first_mention,1763,Jews are mentioned in 1763,[],[],
4905,SECOVCE,Slovakia,Czechoslovakia,Republic of Slovakia,first_mention,17MX,Jews are mentioned in the first half of the 18th cent.,"[{'lang': 'hun', 'name': 'Galszecs'}]",[],
4906,SECURENI,Bessarabia,Rumania,Republic of Moldova,jews_arrived,18MX,Jews first settled in the early 19th cent.,[],[],
4907,SEDA,Mazeikiai,Lithuania,,jews_arrived,17LX,Jews first settled here in the mid-18th cent.,"[{'lang': 'yid', 'name': 'Shad'}]",[],
4908,SEDAN,Ardennes,France,,jews_present,1609,The J. presence in S. dates from 1609,"[{'lang': 'fra', 'name': 'Charleville'}]","[{'event': 'expulsion', 'year': '1633', 'impact': 'Jews expelled; later refoundation', 'source': 'Jews were expelled in 1633 but a new'}]",
4909,SEDLCANY,Bohemia,Czechoslovakia,,jews_present,19LX,The J. settlement developed in the late 19th cent.,[],"[{'event': 'cholera epidemic', 'year': '1866', 'impact': 'many Jews died', 'source': 'Many Jews died in an 1866 cholera epidemic'}]",
4910,SEDUVA,Panevezys,Lithuania,,jews_arrived,14XX,Jews first settled in the 15th cent.,"[{'lang': 'yid', 'name': 'Shadeve'}]",[],
4911,SEDZISZOW,Cracow,Poland,,jews_present,16LX,Few Jews were present until the late 17th cent.,[],[],
4912,SEEHEIM,Hesse,Germany,,jews_present,1700,Jews lived there from 1700,[],[],
4913,SEESEN,Brunswick,Germany,,first_mention,1456,Although Jews lived there from 1456,[],[],
4914,SEIDLISZCZE,Lublin,Poland,,community_present,18LX,organized community existing by 1780,[],[],
4915,SEINI,N. Transylvania,Rumania,,jews_arrived,17LX,Jews from Galicia settled in the 1760s,"[{'lang': 'hun', 'name': 'Szinervaralja'}]",[],
4916,SEIRIJAI,Alytus,Lithuania,,jews_arrived,17XX,"Jews first settled in the 18th cent., building a synagogue in 1726","[{'lang': 'yid', 'name': 'Serhai'}, {'lang': 'yid', 'name': 'Serai'}]",[],
4917,SEJNY,Bialystok,Poland,,jews_arrived,16XX,Jews settled in the 17th cent.,[],[],
4918,SELESTAT,Bas-Rhin,France,,jews_arrived,11LX,The first Jews settled here in the second half of the 12th cent.,[],[],
4919,SELETIN,Bukovina,Rumania,Ukraine,jews_arrived,18MX,Jews settled in the mid-19th cent.,[],[],
4920,SELETS,Mogilev,Belorussia,,community_founded,1836,founded as an agricultural colony on leased land in 1836,[],[],
4921,SELIBA,Mogilev,Belorussia,,community_founded,18LX,founded as a J. rural settlement in the late 19th cent.,[],"[{'event': 'Pogrom/rioting', 'year': '1919', 'impact': 'rioting by Polish soldiers during civil war', 'source': 'In 1919, during the civil war, rioting Polish sold…'}]",
4922,SELIBA-YAKSHITSKAYA,Mogilev,Belorussia,,community_founded,1846,founded as a J. colony on J.-owned land in 1846,[],[],
4923,SELICE,Slovakia,Czechoslovakia,Republic of Slovakia,jews_arrived,17EX,probably settled in first half of the 18th cent.,[],[],
4924,SELIGENSTADT,Hesse,Germany,,jews_present,14LX,fell victim to the Black Death persecutions of 1348-49,[],"[{'event': 'Black Death persecutions', 'year': '1348–1349', 'impact': 'Jews fell victim', 'source': 'fell victim to the Black Death persecutions of 1348-49'}, {'event': 'Banishment', 'year': '1470', 'impact': 'Jews banished', 'source': 'The Jews were banished in 1470'}]",
4925,SELLYE,Baranya,Hungary,,community_present,1880,A community of 92 existed in 1880,[],[],
4926,SELO-SLATINA,Carpatho-Russia,Czechoslovakia,Ukraine,jews_arrived,17EX,settlement probably commenced in the early 18th cent.,"[{'lang': 'hun', 'name': 'Faluszlatina'}, {'lang': 'yid', 'name': 'Slaptina'}]",[],
4927,SELTERS,Hesse-Nassau,Germany,,community_founded,19EX,Established after 1800,[],[],
4928,SELTSO,Oriol,Russia,,jews_arrived,18LX,Jews probably settled in the late 19th cent.,[],[],
4929,SEMELISKES,Troki,Lithuania,,jews_arrived,17XX,Jews first settled in the 18th cent.,"[{'lang': 'yid', 'name': 'Semilishok'}]",[],
4930,SEMIONOVKA (I),Chernigov,Ukraine,,jews_present,19LX,Fewer than 500 Jews were present in the late 19th cent.,[],"[{'event': 'Pogroms', 'year': '1905', 'impact': 'pogroms occurred', 'source': 'Pogroms occurred in 1905'}, {'event': 'Pogroms', 'year': '1919', 'impact': 'pogroms occurred', 'source': 'and in 1919'}]",
4931,SEMIONOVKA (II),Poltava,Ukraine,,POP,,"The J. pop. was 319 (total 1,487) in 1897.",[],[],
4932,SEMPOLNO,Pomerania,Poland,,jews_arrived,1644,Jews first settled in 1644 under broad residence and trade rights,[],[],
4933,SENA,Slovakia,Czechoslovakia,Republic of Slovakia,jews_arrived,18EX,Jews probably settled in the first half of the 18th cent.,[],[],
4934,SENDZISZOW,Kielce,Poland,,jews_arrived,18LX,Jews hired ... in the 1880s ... subsequently settled,[],[],
4935,SENEC,Slovakia,Czechoslovakia,Republic of Slovakia,jews_present,15XX,Jews were present in the 16th cent.,"[{'lang': 'hun', 'name': 'Szempc'}]",[],
4936,SENICA,Slovakia,Czechoslovakia,Republic of Slovakia,jews_arrived,16EX,"Jews settled in the early 17th cent., possibly before","[{'lang': 'yid', 'name': 'Semnitz'}]",[],
4937,SENNFELD,Baden,Germany,,jews_arrived,16XX,Jews first settled in the 17th cent.,[],[],
4938,SENNO,Vitebsk,Belorussia,,jews_arrived,16MX,Jews settled in the mid-17th cent.,[],[],
4939,SENSBURG,East Prussia,Germany,Poland,community_present,19EX,A cemetery was established about 1820,"[{'lang': 'pol', 'name': 'Mragowo'}]",[],
4940,SENTA,Vojvodina,Yugoslavia,,community_present,18LX,The first records of Jews and a J. community date back to the late 18th cent.,[],"[{'event': 'Hungarian revolt', 'year': '1848', 'impact': 'Jews killed', 'source': 'Jews were killed during the Hungarian revolt of 1848.'}]",
4941,SERED,Slovakia,Czechoslovakia,Republic of Slovakia,community_founded,1683,Moravian refugees apparently founded the community after the Uhersky Brod massacre in 1683,[],[],
4945,SEREDINA-BUDA,Sumy,Ukraine,,jews_arrived,19EX,Jews settled in the early 19th cent.,[],"[{'event': 'Pogrom/violence', 'year': '1918-03-19', 'impact': '25 Jews killed', 'source': 'Russian soldiers killed 25 on 19 March 1918.'}]",
4946,SEREDNE,Carpatho-Russia,Czechoslovakia,Ukraine,jews_arrived,18EX,Jews probably settled in the first half of the 18th cent.,"[{'lang': 'hun', 'name': 'Szerednye'}]",[],
4947,SEREDZIUS,Kaunas,Lithuania,,jews_arrived,17XX,Jews first settled in the 18th cent.,"[{'lang': 'yid', 'name': 'Srednik'}]",[],
4948,SEREGELYES,Fejer,Hungary,,jews_arrived,1860,Jews arrived in 1860,[],[],Congregation was Neologist
4949,SERES,Macedonia,Greece,,jews_present,11XX,Jews were present in S. in the 12th cent.,"[{'lang': 'und', 'name': 'Serres'}, {'lang': 'und', 'name': 'Serrai'}, {'lang': 'und', 'name': 'Siroz'}, {'lang': 'und', 'name': 'Siris'}]","[{'event': 'Population transfer to Istanbul', 'year': '1453', 'impact': 'most Jews transferred; formed own congregation in Istanbul', 'source': 'In 1453 the Ottomans transferred most of the Jews to Istanbul'}]",
4950,SERGO,Voroshilovgrad,Ukraine,,jews_arrived,19LX,The Jews settled in this coal mining town in the early 20th cent.,"[{'lang': 'und', 'name': 'Kadiyevka'}, {'lang': 'und', 'name': 'Stakhanov'}]",[],
4951,SERNIKI,Volhynia,Poland,Ukraine,POP,,Jews numbered 932 in 1897,[],[],Despite rural residence ban; mainly lumber industry
4952,SEROCK,Warsaw,Poland,,jews_present,16XX,Jews traded there in the 17th cent.,[],"[{'event': 'World War I impact', 'year': '', 'impact': '', 'source': 'As a result of WWI, the'}]",Organized community established early 19th cent.
4953,SEROKOMLA,Lublin,Poland,,jews_arrived,18EX,Jews settled in the early 19th cent.,[],[],
4954,SETA,Kedainiai,Lithuania,,jews_arrived,16XX,Jews first settled in the 17th cent.,"[{'lang': 'yid', 'name': 'Shat'}]",[],Karaite community existed 1664–1709; community suffered from fires in late 19th cent.
4955,SEVASTOPOL,Crimea,Russia,Ukraine,community_founded,17LX,The modern community was founded in the late 18th cent.,[],[],Ancient settlement: Jews in Khersones period; few families in 1784
4956,SEVERINOVKA,Odessa,Ukraine,,POP,,The J. pop. was 234 in 1897,"[{'lang': 'und', 'name': 'Potockoe'}]","[{'event': 'Pogrom', 'year': '1905', 'impact': 'Jews attacked', 'source': 'Jews were attacked in a pogrom in 1905'}]",
4957,SEVLUS,Carpatho-Russia,Czechoslovakia,Ukraine,jews_arrived,17MX,Jews probably settled in the first half of the 18th cent.,"[{'lang': 'hun', 'name': 'Nagyszollos'}, {'lang': 'yid', 'name': 'Szhelish'}]",[],Two Jewish families in 1768
4958,SEVSK,Oriol,Russia,,jews_arrived,19LX,Jews probably settled in the late 19th cent.,[],[],
4959,SEYTLER,Crimea,Russia,Ukraine,jews_present,1882,A few J. families were present before the publication of the May Laws of 1882,"[{'lang': 'und', 'name': 'Nizhnegorskyi'}]",[],
4960,SFANTUL GHEORGHE,N. Transylvania,Rumania,,community_founded,1787,A J. community was established in 1787,"[{'lang': 'hun', 'name': 'Sepsiszentgyorgy'}]",[],Recognized as central district community in 1867
4961,SFAX,Sfax,Tunisia,,first_mention,10XX,medieval J. community is known from the 11th cent.,[],"[{'event': 'Almohad destruction', 'year': '', 'impact': 'community destroyed', 'source': 'The Almohads destroyed the community'}]",Trade with Egypt and Syria; exported olive oil
4962,SHAKHTY,Rostov,Russia,,jews_arrived,1920s,Jews settled in the 1920s,[],[],
4963,SHALOM ALEYHEM,Nikolaiev,/,/,community_present,19LX,S. was a J. colony with 341 J. inhabitants in the late 1920s,[],[],/
4964,SHAMKI,Minsk,Belorussia,/,community_founded,18LX,founded as a J. agricultural colony in the late 19th cent.,[],[],/
4965,SHAMOVO,Mogilev,Belorussia,/,community_present,1759,An organized community was in existence by 1759,[],[],/
4966,SHARGOROD,Vinnitsa,Ukraine,/,jews_arrived,15LX,J. settlement probably commenced in the late 16th cent.,[],[],/
4967,SHAROVKA,Kamenets-Podolski,Ukraine,/,jews_arrived,15XX,Jews settled in the 16th cent.,[],[],/
4968,SHATAVA,Kamenets-Podolski,Ukraine,/,jews_arrived,15XX,J. settlement commenced in the 16th cent.,[],[],/
4969,SHATILKI,Polesie,Belorussia,/,jews_arrived,17LX,J. settlement began in the late 18th cent.,[],[],/
4970,SHATILOVO,Vitebsk,Belorussia,/,community_founded,1928,Lekert kolkhoz founded in 1928,[],[],/
4971,SHATSK,Minsk,Belorussia,/,jews_arrived,17LX,Jews probably settled at the turn of the 18th cent.,[],[],/
4972,SHCHEDRIN,Polesie,Belorussia,/,community_founded,1842,founded in 1842 as a J. farm settlement,[],[],/
4973,SHCHORS,Chernigov,Ukraine,/,community_present,16LX,town developed after a train station was built in 1874,"[{'lang': 'rus', 'name': 'Snovsk'}]",[],/
4974,SHCHORSK,Dnepropetrovsk,Ukraine,/,POP,,The J. pop. was 83 in 1939,[],[],/
4975,SHENDEROVKA,Kiev,Ukraine,/,POP,,"The J. pop. was 761 (total 3,966) in 1897",[],[],/
4976,SHEPETOVKA,Kamenets-Podolski,Ukraine,/,jews_arrived,16XX,Jews probably settled in the 17th cent.,[],[],/
4977,SHEVCHENKOVO,Kirovograd,Ukraine,/,jews_arrived,18LX,J. settlement probably commenced in the late 19th cent.,"[{'lang': 'rus', 'name': 'Dolinskaya'}]",[],/
4978,SHIRIAEVO,Odessa,Ukraine,/,community_founded,19EX,A stone synagogue was built in the first half of the 19th cent.,[],[],/
4979,SHIROKOYE,Dnepropetrovsk,Ukraine,/Ukraine,jews_arrived,18LX,Jews settled in the late 19th cent.,[],[],
4980,SHKLOV,Mogilev,Belorussia,/Belarus,jews_arrived,16EX,Jews settled in the early 17th cent.,[],[],
4981,SHLISSELBURG,Leningrad,Russia,/Russia,jews_arrived,20EX,Jews probably settled after the Oct. 1917 Revolution,"[{'lang': 'rus', 'name': 'Petrokrepost'}]",[],
4982,SHOLOKHOVO,Dnepropetrovsk,Ukraine,/Ukraine,jews_arrived,19LX,"first settled in the Soviet period, probably in the late 1920s or early 1930s",[],[],
4983,SHOSTKA,Sumy,Ukraine,/Ukraine,jews_arrived,17LX,Jews probably settled in the late 18th cent.,[],[],
4984,SHPIKOV,Vinnitsa,Ukraine,/Ukraine,POP,,Jews numbered 21 in 1765,[],[],
4985,SHPOLA,Kiev,Ukraine,/Ukraine,POP,,The J. pop. was 251 in the late 18th cent.,[],"[{'event': 'Pogrom', 'year': '1897-02-18/1897-02-19', 'impact': 'extensive looting and destruction', 'source': 'extensively looted and destroyed'}]",
4986,SHTERNDORF,Nikolaiev,Ukraine,/Ukraine,community_present,19XX,S. was a J. colony with a J. rural council and elementary school,[],[],
4987,SHTEYNGARDSKI,Krasnodar territory,Russia,/Russia,POP,,county-level entry; no settlement timing given,[],[],
4988,SHULIATINO,Vitebsk,Belorussia,/Belarus,community_founded,19EX,founded in 1852 as a J. agricultural colony,[],[],
4989,SHUMIACHI,Smolensk,Russia,/Russia,jews_arrived,16LX,Jews probably settled at the turn of the 17th cent.,[],[],
4990,SHUMILINO,Vitebsk,Belorussia,/Belarus,jews_present,18LX,Jews were only permitted to settle in the late 19th cent.,[],[],
4991,SHYROKI LUH,Carpatho-Russia,Czechoslovakia,Ukraine,jews_arrived,17XX,Jews probably settled in the 18th cent.,"[{'lang': 'hun', 'name': 'Szeleslonka'}]",[],
4992,SIANKI,Lwow,Poland,Ukraine,POP,,The J. pop. in 1921 was 119,[],[],
4993,SIAUDINE,Seinai,Lithuania,/Lithuania,POP,,The J. pop. in 1923 stood at 130,"[{'lang': 'yid', 'name': ""Sha'udine""}]",[],
4994,SIAULENAI,Siauliai,Lithuania,/Lithuania,jews_arrived,16XX,Jews first settled in the 17th cent.,"[{'lang': 'yid', 'name': 'Shavlan'}]",[],
4995,SIAULIAI,Siauliai,Lithuania,,jews_arrived,16XX,Jews first settled in the 17th cent.,"[{'lang': 'yid', 'name': 'Shavl'}]","[{'event': 'community_formalization', 'year': '1731', 'impact': 'permission to establish community', 'source': 'the community received permission to establish itself formally'}, {'event': 'synagogue_built', 'year': '1749', 'impact': 'magnificent synagogue built', 'source': 'A magnificent synagogue was built in 1749'}]",
4996,SIBIU,S. Transylvania,Rumania,,community_founded,1878,"In 1878, the J. community organized","[{'lang': 'hun', 'name': 'Nagyszeben'}, {'lang': 'ger', 'name': 'Hermannstadt'}]","[{'event': 'persecution', 'year': '1881', 'impact': '', 'source': 'In 1881, the Jews were subjec'}]",
4997,SIC,N. Transylvania,Rumania,,jews_arrived,19MX,Jews settled in the mid-19th cent.,"[{'lang': 'hun', 'name': 'Szek'}]",[],
4998,SICKENHOFEN,Hesse,Germany,,community_founded,1600,Established around 1600,[],[],
4999,SID,,Yugoslavia,Republic of Croatia,community_present,19EX,A community existed between the World Wars,[],[],
5000,SIDI BOU-ZID,Gafsa,Tunisia,,community_present,20EX,A small community... existed from the early 20th cent.,[],[],
5001,SIDRA,Bialystok,Poland,,jews_arrived,16LX,J. settlement began in the late 17th cent.,[],[],
5002,SIECIECHOW,Kielce,Poland,,jews_present,19XX,A few J. families were present in the 19th cent.,[],[],
5003,SIEDLCE,Lublin,Poland,,first_mention,1577,Jews were present by 1577,[],"[{'event': 'Chmielnicki massacres', 'year': '1648–1649', 'impact': 'community presumably destroyed', 'source': 'community was presumably destroyed in the Chmielnicki massacres of 1648-49'}]",
5004,SIEGBURG,Rhineland,Germany,,jews_arrived,1287,The first J. family settled in 1287,[],"[{'event': 'expulsion', 'year': '1440–1448', 'impact': 'Jews expelled', 'source': 'The Jews were expelled in 1440-48'}]",
5005,SIEGELSBACH,Baden,Germany,,jews_arrived,18EX,Jews settled in the early 18th cent.,[],[],
5006,SIEGEN,Westphalia,Germany,,jews_arrived,1815,A. J. couple first settled in 1815,[],[],
5007,SIELEC (I),Polesie,Poland,Belarus,community_present,1623,An organized J. settlement is known from 1623,[],[],
5008,SIELEC (II),Lwow,Poland,Ukraine,POP,,The J. pop. in 1921 was 175,[],[],
5009,SIELEC (III),Lublin,Poland,,jews_present,16LX,A community of 15 Jews is known from the late 17th cent.,[],[],
5010,SIEMIANOWICE SLASKIE,Silesia,Poland,,POP,,Jews numbered 367 in 1870... and 200 in 1913,[],[],
5011,SIEMIATYCZE,Bialystok,Poland,Belarus,jews_arrived,16LX,Jews arriving from Lithuania are mentioned in 1582,[],[],
5012,SIENA,Tuscany,Italy,,jews_present,12LX,A J. settlement existed in S. in 1229,[],"[{'event': 'Plague accusation', 'year': '1348', 'impact': 'Jews accused of bringing the plague', 'source': 'In 1348, the Jews were accused of bringing the plague to the town'}]",
5013,SIENIAWA,Lwow,Poland,Ukraine,jews_arrived,16LX,Jews were the first to settle in S. in the late 17th cent.,[],[],
5014,SIENKIEWICZOWKA,Volhynia,Poland,Ukraine,POP,,Jews numbered around 120 (total pop. 500) after WWI,[],[],
5015,SIENNICA,Warsaw,Poland,,community_founded,18EX,An organized community existed from the 1820s,[],[],
5016,SIENNO,Kielce,Poland,,jews_arrived,15XX,Jews settled in the 16th cent.,[],[],Avraham Yehoshua Heschel served as rabbi in the 19th cent.
5017,SIERADZ,Lodz,Poland,,jews_arrived,1436,Jews first settled here in 1436,[],"[{'event': 'Ghetto confinement', 'year': '1822–1862', 'impact': 'Jews confined to a ghetto; measure rescinded', 'source': 'In 1822 the Jews were confined to a ghetto but the measure was rescinded in 1862'}]",
5018,SIERPC,Warsaw,Poland,,first_mention,17MX,Jews are first mentioned in the mid-18th cent.,"[{'lang': 'yid', 'name': 'Sheps'}]",[],
5019,SIESIKIAI,Ukmerge,Lithuania,,POP,,"According to the 1926 census, there were 125 Jews in S.","[{'lang': 'yid', 'name': 'Sesik'}, {'lang': 'yid', 'name': 'Sheshik'}]",[],
5020,SIEU,N. Transylvania,Rumania,,community_founded,18EX,A J. community was founded in the early 19th cent.,"[{'lang': 'hun', 'name': 'Sajo'}]",[],
5021,SIEU MAGHERUS,N. Transylvania,Rumania,,jews_arrived,18EX,Jews first settled in the early 19th cent.,"[{'lang': 'hun', 'name': 'Sajomagyaros'}]",[],
5022,SIEWIERZ,Kielce,Poland,,community_present,19LX,Jews were banned from residence until 1862,[],[],
5023,SIGHET,N. Transylvania,Rumania,,jews_arrived,16XX,Jews first settled in the 17th cent.,"[{'lang': 'hun', 'name': 'Maramarossziget'}]",[],
5024,SIGHISOARA,S. Transylvania,Rumania,,community_founded,1860,A J. community was founded in the 1860s,"[{'lang': 'hun', 'name': 'Szgesvar'}, {'lang': 'ger', 'name': 'Schassburg'}]",[],
5025,SIGULDA,Livonia,Latvia,,POP,,In 1935 the J. pop. was 15,"[{'lang': 'ger', 'name': 'Segewald'}]",[],
5026,SIKLOS,Baranya,Hungary,,jews_present,01XX,Jews were present in the Roman period,[],[],Modern community dates from the early 19th cent.
5027,SILALE,Taurage,Lithuania,,jews_arrived,17XX,Jews first settled in the 18th cent.,"[{'lang': 'yid', 'name': 'Shilel'}]",[],
5028,SILENE,Zemgale,Latvia,,community_founded,18XX,The J. community was founded in the 19th cent.,[],"[{'event': 'WWI expulsion', 'year': '1915', 'impact': 'most reached Vitebsk after expulsion', 'source': 'In WWI most reached Vitebsk after expulsion'}]",
5029,SILIANA,Ouled Aoun,Tunisia,,community_founded,19EX,sprang up in the beginning of the 20th cent.,[],[],
5030,SILUTE,Silute,Lithuania,,jews_present,17LX,Jews lived here from the late 18th cent.,"[{'lang': 'yid', 'name': 'Haidekrug'}]",[],Ignore post-1930 persecution details
5031,SILUVA,Raseiniai,Lithuania,,jews_arrived,17XX,Jews first settled in the 18th cent.,"[{'lang': 'yid', 'name': 'Shidleve'}]",[],
5032,SIMEIZ,Crimea,Russia,,community_present,1903,Jews were accorded formal residence rights in 1903,[],[],
5033,SIMFEROPOL,Crimea,Russia,Ukraine,jews_arrived,18LX,J. settlement commenced with the founding of the city in the late 19th cent.,[],[],
5034,SIMKAICIAI,Raseiniai,Lithuania,,POP,,The J. pop. in 1940 was 30,"[{'lang': 'yid', 'name': 'Shimkaytz'}]",[],Entry provides only population (post-1930) and Holocaust; pre-1930 presence not stated
5035,SIMLEUL SILVANIEI,N. Transylvania,Rumania,,community_founded,1830,Jews founded a community in the 1830s,"[{'lang': 'hun', 'name': 'Szilagysomlyo'}]",[],
5036,SIMMERN,Rhineland,Germany,,jews_arrived,13LX,Jews probably arrived in the late 14th cent.,[],[],
5037,SIMNAS,Alytus,Lithuania,,first_mention,17XX,A J. community is first mentioned in the 18th cent.,"[{'lang': 'yid', 'name': 'Simne'}]","[{'event': 'WWI expulsion', 'year': '1915', 'impact': 'Russian army expelled the Jews', 'source': 'During WWI, the Russian army expelled the J.'}]",
5038,SIMONTORNYA,Tolna,Hungary,,jews_present,17MX,The J. settlement developed from the mid-18th cent.,[],[],
5039,SIMONYS,Panevezys,Lithuania,,POP,,The J. pop. in 1886 was approximately 34,"[{'lang': 'yid', 'name': 'Shimantz'}]",[],Presence timing not given; later Holocaust info omitted
5040,SINELNIKOVO,Dnepropetrovsk,Ukraine,,jews_arrived,18LX,Jews settled in the late 19th cent.,[],"[{'event': 'Pogrom by White Army', 'year': '1919', 'impact': ""attacked by General Denikin's soldiers"", 'source': ""In 1919, they were attacked in a pogrom by General Denikin's White Army soldiers""}]",
5041,SINGEN,Baden,Germany,,jews_arrived,1900,Jews first settled in 1900,[],[],
5042,SINGHOFEN,Hesse-Nassau,Germany,,community_founded,18EX,established a community in the early 19th cent.,[],[],
5043,SINIAWKA,Nowogrodek,Poland,Belarus,jews_present,19LX,In the late 19th cent. the Jews of S. engaged in farming and leasing,[],[],
5044,SINSHEIM,Baden,Germany,,jews_present,12LX,A J. settlement existed in the second half of the 13th cent.,"[{'lang': 'heb', 'name': 'Zonsheim'}]","[{'event': 'Black Death persecutions', 'year': '1348–1349', 'impact': '', 'source': 'During the Black Death persecutions of 1348-49, Jews from Worms and Speyer were given re'}]",
5045,SINTEREAG,N. Transylvania,Rumania,,jews_arrived,17EX,Jews first settled in early 18th cent.,"[{'lang': 'hun', 'name': 'Somkerek'}]",[],
5046,SIOFOK,Veszprem,Hungary,,jews_arrived,18EX,Jews settled in the early 19th cent.,[],[],
5047,SIRET,Bukovina,Rumania,,community_present,15MX,A J. community existed in the mid-16th cent.,"[{'lang': 'ger', 'name': 'Seret'}]",[],
5048,SIROKE,Slovakia,Czechoslovakia,Republic of Slovakia,jews_arrived,18LX,Jews settled in the late 18th cent.,[],[],
5049,SIROTINO,Vitebsk,Belorussia,,POP,,"The J. pop. was 269 in 1847 and 1,766 (89% of the total) in 1897.",[],[],
5050,SIRVINTOS,Ukmerge,Lithuania,,jews_arrived,17XX,Jews first settled in the 18th cent.,[],[],
5051,SISAK,Croatia,Yugoslavia,Republic of Croatia,jews_arrived,19EX,Jews first settled there in the 1860s,[],[],
5052,SITKOVCY,Vinnitsa,Ukraine,,jews_arrived,17MX,Jews settled in the mid-18th cent.,[],[],
5053,SITNIA,Polesie,Belorussia,,community_founded,1835,S. was a J. colony founded in 1835 on leased land.,[],[],
5054,SITTARD,Limburg,Holland,,jews_present,14XX,Jews lived in S. between 1300 and 1350.,[],"[{'event': 'Expulsion', 'year': '16LX', 'impact': 'Jews expelled at end of the century', 'source': 'at the end of the cent. the Jews were expelled.'}]",Refounded in the 17th cent.
5055,SIVAC,Vojvodina,Yugoslavia,,community_founded,19XX,A J. community was organized in the 19th cent.,[],[],
5056,SIVERSKYI,Leningrad,Russia,,jews_arrived,20EX,Jews probably first settled after the Oct. 1917 Revolution.,[],[],
5057,SKADOVSK,Nikolaiev,Ukraine,,jews_arrived,20EX,Jews settled in the early 20th cent.,[],[],
5058,SKAISTA,Latgale,Latvia,,POP,,The J. pop. in 1930 was 16.,[],[],
5059,SKAITSKALNE,Zemgale,Latvia,,community_present,18MX,An organized J. community was present in the 1840s,"[{'lang': 'yid', 'name': 'Shimberg'}]",[],
5060,SKALA (I),Tarnopol,Poland,Ukraine,first_mention,15LX,Jews are mentioned from 1570,[],"[{'event': 'Chmielnicki massacres', 'year': '1648-1649', 'impact': 'community apparently wiped out', 'source': 'community was apparently wiped out in the Chmielnicki massacres of 1648-49'}]",
5061,SKALA (II),Kielce,Poland,,jews_arrived,17LX,Jews settled in the late 18th cent.,[],[],
5062,SKALAT,Tarnopol,Poland,Ukraine,first_mention,17EX,Jews are first mentioned in 1613,[],[],
5063,SKALBMIERZ,Kielce,Poland,,jews_arrived,1880,Jews only settled here in 1880,[],[],
5064,SKALICA,Slovakia,Czechoslovakia,Republic of Slovakia,community_present,15XX,presence was nearly continuous from the Middle Ages,"[{'lang': 'hun', 'name': 'Szakolca'}]",[],
5065,SKAPISKIS,Rokiskis,Lithuania,,community_present,19MX,"By 1870, the Jews... had established a synagogue","[{'lang': 'yid', 'name': 'Skopishok'}, {'lang': 'yid', 'name': 'Skopishkis'}]",[],
5066,SKARYSZEW,Kielce,Poland,,community_founded,18LX,granted the right to found a community,[],[],
5067,SKARZYSKO-KAMIENNA,Kielce,Poland,,jews_arrived,19LX,Jews settled in the late 19th cent.,[],"[{'event': 'pogrom', 'year': '1918', 'impact': 'Jews victimized', 'source': 'In 1918, Jews were victimized in a p'}]",
5068,SKAUDVILE,Taurage,Lithuania,,jews_arrived,17XX,Jews first settled in the 18th cent.,[],[],
5069,SKAUNE,Latgale,Latvia,,jews_present,19EX,J. farmers were present for a few generations before WWI,[],[],
5070,SKAWINA,Cracow,Poland,,jews_arrived,1860,residence ban was lifted in 1860... Jews did not settle until,[],"[{'event': 'pogrom/looting', 'year': '1918', 'impact': 'J. property looted', 'source': 'J. property was looted in the'}]",
5071,SKEPE,Warsaw,Poland,,community_founded,1852,"In 1852, Jews established a community",[],[],
5072,SKIDEL,Bialystok,Poland,,jews_arrived,16LX,Jews arrived in the late 17th cent.,[],"[{'event': 'fire', 'year': '1880', 'impact': 'many homeless', 'source': 'A devastating fire in 1880 left many homeless'}]",
5073,SKIEMONYS,Utena,Lithuania,,POP,,The J. pop. was 160 in 1886 and 128 in 1923,"[{'lang': 'yid', 'name': 'Shkumian'}]",[],
5074,SKIERBIESZOW,Lublin,Poland,,community_present,14XX,"Dating back to the 15th cent., the J. community",[],[],
5075,SKIERNIEWICE,Lodz,Poland,/null/,community_present,19EX,"J. residence was restricted, the community increased threefold between 1827 and 1857",[],[],/null/
5077,SKIRSNEMUNE,Raseiniai,Lithuania,/null/,POP,19LX,The J. pop. was 171 in 1897,"[{'lang': 'yid', 'name': 'Skirsnemune'}, {'lang': 'yid', 'name': 'Skirstimman'}]",[],/null/
5078,SKOCZOW,Silesia,Poland,/null/,jews_arrived,19LX,The small number of Jews who settled ... in 1890,[],[],/null/
5079,SKOKI,Poznan,Poland,/null/,community_present,18LX,A J. community of 338 existed in 1770,[],[],/null/
5080,SKOLE,Stanislawow,Poland,Ukraine,jews_present,17EX,Jews are found from the early 18th cent.,[],[],/null/
5081,SKOLOSZOW,Lwow,Poland,/null/,POP,20EX,The J. pop. in 1921 was 188,[],[],/null/
5082,SKOPIN,Riazan,Russia,/null/,POP,20EX,The J. pop. was 104 in 1923,[],[],/null/
5083,SKOPJE,Macedonia,Yugoslavia,/null/,jews_present,13LX,Jews are mentioned again in 1337,"[{'lang': 'srp', 'name': 'Uskub'}, {'lang': 'tur', 'name': 'Uskub'}]",[],/null/
5084,SKORODNOYE,Polesie,Belorussia,Belarus,POP,19LX,The J. pop. was 422 ... in 1897,[],[],/null/
5085,SKRUDALIENE,Courland,Latvia,/null/,POP,20MX,The J. pop. was 19 in 1935,[],[],/null/
5086,SKRUNDA,Kurzeme,Latvia,/null/,community_present,20EX,The J. community included fewer than a dozen families between the World Wars,[],[],/null/
5087,SKRYGALOVO,Polesie,Belorussia,/null/,POP,18EX,Jews numbered 37 in 1811,[],"[{'event': 'pogrom', 'year': '1919-03-17', 'impact': '17 murdered; nearly all Jewish homes looted', 'source': 'Seventeen Jews ... were murdered ... in a pogrom staged by t'}]",/null/
5088,SKRYHICZYN,Lublin,Poland,/null/,jews_present,19XX,Jews lived on the estate ... in the 19th cent.,[],[],/null/
5089,SKRZYNNO,Lodz,Poland,/null/,jews_present,19XX,Jews lived there from the 19th cent.,[],[],/null/
5090,SKULSK,Lodz,Poland,/null/,community_founded,19MX,The independent community dates from the mid-19th cent.,[],[],/null/
5091,SKUODAS,Kretinga,Lithuania,/null/,jews_arrived,16XX,Jews first settled in the 17th cent.,[],[],/null/
5092,SKVIRA,Kiev,Ukraine,,jews_arrived,16LX,Jews probably settled in the late 17th cent.,[],[],
5093,SLADKOVODNOYE,Zaprozhe,Ukraine,,community_founded,1853,founded S. as a J. colony in 1853,[],[],
5094,SLANY,Bohemia,Czechoslovakia,,jews_arrived,18LX,Jews settled in the late 19th cent.,[],[],
5095,SLATINA,Walachia,Rumania,,community_founded,1880,The J. community was founded in 1880,[],[],
5096,SLAVGOROD,Dnepropetrovsk,Ukraine,,jews_arrived,18LX,Jews settled in the late 19th cent.,[],[],
5097,SLAVIANOSERBSK,Voroshilovgrad,Ukraine,,community_founded,1847,founded an organized community,[],[],
5098,SLAVKOV U BRNA,Moravia,Czechoslovakia,,first_mention,12LX,Jews are known from the late 13th cent.,"[{'lang': 'ger', 'name': 'Austerlitz'}]","[{'event': 'Expulsion from Brno influences settlement', 'year': '1454', 'impact': 'many arrived from Brno', 'source': 'Many arrived from Brno after the expulsion of 1454'}]",
5099,SLAVNOE,Vitebsk,Belorussia,,POP,,The J. pop. before WWII was about 200,[],[],
5100,SLAVONSKA POZEGA,Croatia,Yugoslavia,Republic of Croatia,jews_arrived,18MX,Jews first settled there after the mid-19th cent.,[],"[{'event': 'Antisemitic violence', 'year': '', 'impact': 'violent antisemitism broke out after WWI', 'source': 'Violent antisemitism broke out after WWI'}]",
5101,SLAVONSKI BROD,Croatia,Yugoslavia,Republic of Croatia,jews_present,1870s,In the 1870s there were 16 J. families,[],[],
5102,SLAVUTA,Kamenets-Podolski,Ukraine,,jews_present,1765,There were 246 J. poll tax payers in 1765,[],[],
5103,SLAVYANSK,Stalino,Ukraine,,jews_arrived,18EX,Jews probably settled in the early 19th cent.,[],[],
5104,SLAWATYCZE,Lublin,Poland,,jews_arrived,18LX,Jews settled in the late 18th cent.,[],[],
5105,SLAWKOW,Kielce,Poland,,jews_present,1862,before a residence ban was lifted in 1862,[],[],
5106,SLESIN,Lodz,Poland,,jews_present,18EX,Jews lived there from the early 19th cent.,[],[],
5107,SLIEDRECHT,Zuid-Holland,Holland,,community_present,18XX,The community was established in the 19th cent.,[],[],
5108,SLOBODA,Vitebsk,Belorussia,,community_founded,1831,founded as a J. farm settlement on private land in 1831,[],[],
5109,SLOBODKA (I),Vilna,Poland,Belarus,jews_arrived,18LX,Jews probably arrived with the founding of the settlement in the latter half of the 19th cent.,[],[],
5110,SLOBODKA (II),Odessa,Ukraine,,POP,,"Under the Soviets, the J. reading room ... closed down in the 1920s",[],[],
5111,SLOBODZEYA,Moldavia,Moldavia,Republic of Moldova,jews_present,19XX,The 19th cent. J. settlement received community services from neighboring Jadova,"[{'lang': 'rum', 'name': 'Slobozia'}]",[],
5112,SLOKA,Vidzeme,Latvia,,jews_present,1811,"In 1811, 429 Jews were registered as citizens of S.","[{'lang': 'yid', 'name': 'Schlok'}]",[],
5113,SLOMNIKI,Kielce,Poland,,jews_arrived,19EX,Jews settled in the early 19th cent.,[],[],
5114,SLONIM,Nowogrodek,Poland,Belarus,first_mention,14LX,Jews are first mentioned in the late 15th cent.,[],[],
5115,SLOVECHNO,Zhitomir,Ukraine,,jews_arrived,17MX,Jews arrived in small numbers in the mid-18th cent.,[],[],
5116,SLOVENI,Vitebsk,Belorussia,,POP,,The J. pop. was 446 (total 751) in 1897,[],[],
5117,SLOVENSKY MEDER,Slovakia,Czechoslovakia,Republic of Slovakia,community_present,1921,The J. pop. was over 100 in 1921 with a synagogue and cemetery in use,"[{'lang': 'hun', 'name': 'Totmegyer'}]",[],
5118,SLUPCA,Lodz,Poland,,community_founded,1870,The community was founded in the 1870s,[],[],
5119,SLUPIA NOWA,Kielce,Poland,,jews_arrived,19EX,Jews settled in the early 19th cent.,[],[],
5120,SLUTSK,Minsk,Belorussia,,first_mention,1583,Jews are first mentioned in 1583,[],[],
5121,SLUTZK,Leningrad,Russia,,jews_arrived,20EX,Jews probably settled in the early 20th cent.,[],[],
5122,SLUZEWO,Warsaw,Poland,,jews_arrived,17XX,Jews settled there in the 18th cent.,[],[],
5123,SMEDEREVO,Serbia,Yugoslavia,,jews_present,19EX,Jews lived in S. from the early 19th cent.,"[{'lang': 'und', 'name': 'Simindra'}]",[],
5124,SMIDOVICH,Crimea,Russia,Ukraine,community_founded,1926,founded S. in 1926 as a J. agricultural settlement,[],[],
5125,SMIELA,Kiev,Ukraine,,POP,,The J. pop. of S. and the surrounding settlements was 927 in 1765,[],[],
5126,SMILDE,Drenthe,Holland,,jews_arrived,17LX,Jews settled towards the end of the 18th cent.,[],[],
5127,SMILOVICHI,Minsk,Belorussia,,POP,,The J. pop. was 462 in 1765,[],"[{'event': 'Pogrom/violence by soldiers', 'year': '1920-07-07/08', 'impact': 'Jews beaten and robbed', 'source': 'retreating Polish soldiers beat and robbed Jews in S.'}]",
5128,SMILTENE,Vidzeme,Latvia,,community_founded,18LX,The J. community was formed in the 1880s,[],[],
5129,SMOLENSK,Smolensk,Russia,,jews_present,12LX,Jews were probably living in S. in the late 13th cent.,[],"[{'event': 'Ban on Jewish residence', 'year': '1611', 'impact': 'J. residence banned after capture by Poland', 'source': 'King Sigismund II of Poland banned J. residence'}]",
5130,SMOLEVICHI,Minsk,Belorussia,,first_mention,1699,Jews are first mentioned in 1699,[],[],
5131,SMOLIANY,Vitebsk,Belorussia,,first_mention,15LX,Jews are first mentioned in the late 16th cent.,[],[],
5132,SMOLNIK,Slovakia,Czechoslovakia,Republic of Slovakia,jews_arrived,18LX,Permanent J. settlement commenced in the late 19th cent.,[],[],
5133,SMORGONIE,Vilna,Poland,Belarus,jews_arrived,16XX,Jews first arrived in the 17th cent.,"[{'lang': 'yid', 'name': 'Smorgon'}]",[],
5134,SMORZE MIASTECZKO,Stanislawow,Poland,Ukraine,POP,,The J. pop. was 129 in 1921,[],[],entry truncated; excludes Holocaust data
5135,SMOTRYCH,Kamenets-Podolski,Ukraine,,community_present,1712,An organized community existed by 1712,[],[],
5136,SNEEK,Friesland,Holland,,community_founded,1817,A community was organized in 1817,"[{'lang': 'fry', 'name': 'Snits'}]",[],
5137,SNEGORKA,Kiev,Ukraine,,POP,,The J. pop. in 1939 was 147,[],[],pre-1930 data minimal; 1939 pop noted per source text but outside scope
5138,SNEGUROVKA,Nikolaiev,Ukraine,,community_founded,1931,a J. kolkhoz ... was founded next to S.,[],[],
5139,SNEZHNOYE,Stalino,Ukraine,,jews_arrived,19LX,Jews arrived in the early 20th cent.,[],[],"until 1864, Vasilievka"
5140,SNIADOWO,Bialystok,Poland,,jews_arrived,15LX,The J. settlement dates from the second half of the 16th cent.,[],[],
5141,SNIATYN,Stanislawow,Poland,Ukraine,first_mention,1563,J. settlers are mentioned in 1563,[],[],
5142,SNINA,Slovakia,Czechoslovakia,Republic of Slovakia,first_mention,1725,Jews are mentioned in the census of 1725,"[{'lang': 'hun', 'name': 'Szinna'}]",[],
5143,SNITKOVKA,Kamenets-Podolski,Ukraine,,POP,,Jews numbered 98 in 1847 and 231 in 1897,[],[],
5144,SNOW,Nowogrodek,Poland,Belarus,jews_arrived,15XX,Jews probably arrived in the 16th cent.,[],[],
5145,SNOWIDOWICZE,Volhynia,Poland,Ukraine,POP,,The J. pop. was 78 in 1921,[],[],
5146,SNYTHKOV,Vinnitsa,Ukraine,,jews_present,1765,"In 1765, 281 Jews were living in S. and the neighboring villages",[],[],
5147,SOBEDRUHY,Bohemia,Czechoslovakia,,community_present,14LX,A community with a synagogue probably existed in the late 15th cent.,[],"[{'event': 'Devastating fire and departure', 'year': 'c.1500', 'impact': 'Jews left', 'source': 'The Jews left c. 1500 after a devastating fire left them homeless'}]",
5148,SOBERNHEIM,Rhineland,Germany,,first_mention,1336,Jews are first mentioned in 1336,[],"[{'event': 'Black Death persecutions', 'year': '1348–1349', 'impact': 'victims', 'source': 'were victims of the Black Death persecutions of 1348-49'}]",
5149,SOBESLAV,Bohemia,Czechoslovakia,,community_founded,18LX,The J. community was established in the late 19th cent.,[],[],
5150,SOBIENIE JEZIORY,Lublin,Poland,,jews_arrived,18LX,Jews settled in the late 19th cent.,"[{'lang': 'yid', 'name': 'Sabin'}]",[],
5151,SOBKOW,Kielce,Poland,,jews_arrived,17LX,Jews settled in the late 18th cent.,[],[],
5152,SOBOLEVKA,Vinnitsa,Ukraine,,jews_present,1765,Twelve Jews were present in 1765,[],[],
5153,SOBOLEW-PLACE,Lublin,Poland,,jews_arrived,18EX,Jews probably settled in the early 19th cent.,[],[],
5154,SOBOTA,Lodz,Poland,,jews_arrived,15EX,Jews first settled here in the early 16th cent.,[],[],
5155,SOBOTISTE,Slovakia,Czechoslovakia,Republic of Slovakia,community_founded,1738,In 1738 a community of 18 families was formed,[],[],Synagogue mentioned
5156,SOBRANCE,,Czechoslovakia,Republic of Slovakia,jews_arrived,16LX,Jews are believed to have settled in the late 17th cent.,[],[],
5157,SOCHACZEW,Warsaw,Poland,,first_mention,1426,The first record of Jews living here is a royal document from 1426,[],[],
5158,SOCHOCIN,Warsaw,Poland,,community_present,18LX,A permanent J. settlement began to develop in the late 18th cent.,[],[],
5160,SOEGEL,Hanover,Germany,,jews_present,1771,Jews were living there in 1771,[],[],
5161,SOEST,Westphalia,Germany,,jews_arrived,12MX,Jews settled by the mid-13th cent. at the latest,[],"[{'event': 'Black Death persecutions', 'year': '1348–1349', 'impact': 'Jews expelled', 'source': 'The Jews were expelled in the Black Death pers'}]",
5162,SOETERN,Oldenburg,Germany,,community_present,16XX,"community in S., which existed prior to the Thirty Years War (1618-48)",[],[],
5163,SOFIEVKA,Dnepropetrovsk,Ukraine,,jews_arrived,18LX,Jews settled in the late 19th cent.,[],[],
5164,SOHREN,Rhineland,Germany,,jews_present,19EX,Twenty-two Jews were living in S. in the early 19th cent.,[],[],
5165,SOKAL,Lwow,Poland,Ukraine,first_mention,15EX,Jews are recorded from the early 16th cent.,"[{'lang': 'yid', 'name': 'Sikal'}]",[],
5166,SOKOLETS,Kamenets-Podolski,Ukraine,,POP,,Jews numbered 356 in 1765,[],[],
5167,SOKOLIKI GORSKIE,Lwow,Poland,Ukraine,POP,1921,The J. pop. was 292 in 1921,[],[],
5168,SOKOLKA,Bialystok,Poland,,jews_arrived,15LX,Jews possibly settled in the latter half of the 16th cent.,[],"[{'event': 'Charter of privileges', 'year': '1698', 'impact': 'freedom of worship and trade rights', 'source': 'received a wide-ranging charter of privileges from King Augustus II'}]",
5169,SOKOLOV (I),Zhitomir,Ukraine,,jews_arrived,17MX,J. settlement began in the mid-18th cent.,[],[],
5170,SOKOLOV (II),Bohemia,Czechoslovakia,,jews_present,14EX,Jews were present in the first half of the 15th cent.,[],[],
5171,SOKOLOW (I),Stanislawow,Poland,Ukraine,jews_arrived,15XX,Jews apparently settled in the 16th cent.,[],[],
5172,SOKOLOW (II),Lwow,Poland,,jews_arrived,16LX,Jews settled in the late 17th cent.,[],"[{'event': 'Fire', 'year': '1904', 'impact': 'almost all Jewish homes (600) destroyed; hundreds homeless', 'source': 'A devasting fire in 1904 destroyed almost all J. homes (600), causing hundreds'}]",
5173,SOKOLOW (III),Lublin,Poland,,jews_arrived,16EX,Jews probably settled in the early 17th cent.,[],[],
5174,SOKOLOWKA,Tarnopol,Poland,Ukraine,first_mention,1629,Jews are mentioned from 1629,[],[],
5175,SOKOLY,Bialystok,Poland,,jews_arrived,17XX,Jews probably first settled in the 18th cent.,[],[],
5176,SOKUL,Volhynia,Poland,Ukraine,jews_present,17LX,A hundred Jews were living here in the late 18th cent.,[],[],
5177,SOLDIN,Brandenburg,Germany,Poland,first_mention,13EX,Evidence of a J. presence can be found from the first half of the 14th cent.,"[{'lang': 'pol', 'name': 'Myślibórz'}]",[],
5178,SOLEC NAD WISLA,Kielce,Poland,,community_present,16XX,A small J. community existed in the 17th cent.,[],[],
5179,SOLECZNIKI WIELKIE,Vilna,Poland,Belarus,jews_arrived,17XX,Jews may have arrived in the 18th cent.,[],[],
5180,SOLENYE,Kalinin,Russia,,POP,,No presence timing; only later event given,[],[],
5181,SOLIMAN,Grombalia,Tunisia,,jews_arrived,16XX,"settlement probably dates from the 17th cent., when Spanish exiles arrived",[],[],
5182,SOLINGEN,Rhineland,Germany,,jews_arrived,17XX,Continuous J. settlement started in the 18th cent.,[],[],
5183,SOLIVAR,Slovakia,Czechoslovakia,Republic of Slovakia,POP,,The J. pop. was 103 in 1830,[],[],
5184,SOLNECHNOGORSK,Moscow,Russia,,jews_arrived,20EX,the majority apparently arriving after the Oct. 1917 Revolution,[],[],
5185,SOLOBKOVTSY,Kamenets-Podolski,Ukraine,,POP,1765,The J. pop. was 411 in 1765,[],"[{'event': 'pogroms', 'year': '', 'impact': '', 'source': 'Pogroms were staged against the Jews on 23 Nov.'}]",
5186,SOLOTWINA,Stanislawow,Poland,Ukraine,community_present,16XX,The 17th cent. community,[],[],
5187,SOLT,Pest-Pilis-Solt-Kiskun,Hungary,,jews_arrived,18EX,Jews settled in the early 19th cent.,[],"[{'event': 'White Terror attacks', 'year': '1919–1921', 'impact': 'many left', 'source': 'Many left in the wake of the post-WWI White Terror attacks (1919-21)'}]",
5188,SOLTSY,Leningrad,Russia,,jews_arrived,20EX,Jews probably settled in the early 20th cent.,[],[],
5189,SOLTVADKERT,Pest-Pilis-Solt-Kiskun,Hungary,,jews_arrived,17LX,Jews settled in the late 18th cent.,[],[],
5190,SOLY,Vilna,Poland,Belarus,community_present,1847,A community of 245 was present in 1847,[],"[{'event': 'WWI destruction', 'year': '1914–1918', 'impact': '28 Jewish homes destroyed', 'source': 'In WWI, 28 J. homes were destroyed'}]",
5191,SOMBOR,Vojvodina,Yugoslavia,,jews_arrived,17LX,Jews first settled... towards the end of the 18th cent.,[],[],
5192,SOMBORN,Hesse-Nassau,Germany,,jews_present,1707,Jews lived there from 1707,[],"[{'event': 'community established', 'year': '1905', 'impact': 'independent community established; numbered 47', 'source': 'an independent community was not established until 1905. It numbered 47 in 1905'}]",now part of Freigericht
5193,SOMCUTA MARE,N. Transylvania,Rumania,,community_founded,1820X,A J. community was founded in the 1820s,"[{'lang': 'hun', 'name': 'Nagysomkut'}]",[],
5194,SOMERSETA,Latgale,Latvia,,community_founded,19XX,The J. settlement was founded in the 19th cent.,[],"[{'event': 'WWI flight', 'year': '1914–1918', 'impact': 'many fled to the Crimea', 'source': 'Flight to the Crimea in WWI'}]",
5195,SOMMERHAUSEN,Lower Franconia,Germany,,community_present,18MX,A J. community is known from the mid-18th cent.,[],[],
5196,SOMOGYSZIL,Somogy,Hungary,,jews_arrived,17LX,Jews settled in the late 18th cent.,[],"[{'event': 'community organized', 'year': '1810', 'impact': 'community organized; synagogue 1835; school 1860; became Neologist 1869', 'source': 'They organized in 1810, founding a synagogue in 1835 and a J. school in 1860. In 1869... became Neologist'}]",
5197,SOMOTOR,Slovakia,Czechoslovakia,Republic of Slovakia,jews_arrived,18EX,Jews probably settled in the early 18th cent.,[],"[{'event': 'synagogue erected', 'year': '1890', 'impact': '', 'source': 'A synagogue was erected in 1890'}]",
5198,SOMPOLNO,Lodz,Poland,,jews_arrived,18LX,Jews lived there from the late 18th cent.,[],"[{'event': 'residence restrictions', 'year': '1823–1862', 'impact': 'allowed only by special permission', 'source': 'between 1823 and 1862 only by special permission'}]",
5199,SONDERSHAUSEN,Thuringia,Germany,,jews_present,14EX,Jews lived there in the early 14th cent.,[],"[{'event': 'Black Death persecutions', 'year': '1348–1349', 'impact': 'Jews suffered persecution', 'source': 'suffering persecution during the Black Death disturbances of 1348-49'}]",
5200,SONNEBERG,Thuringia,Germany,,jews_arrived,1860X,In the 1860s a few J. traders settled,[],"[{'event': 'community established', 'year': 'c.1900', 'impact': 'community formed by ~65 Jews from town and nearby', 'source': 'Around 1900, 40 Jews... together with 25 Jews from neighboring settlements'}]",
5201,SONTHEIM,Wuerttemberg,Germany,,jews_present,15LX,The permanent settlement dates from the second half of the 15th cent.,[],"[{'event': 'Rindfleisch massacres', 'year': '1298', 'impact': 'early settlement attacked', 'source': 'attacked in the Rindfleisch massacres of 1298'}, {'event': 'attack', 'year': '1304', 'impact': 'attacked again', 'source': 'and again in 1304'}]",
5202,SONTRA,Hesse-Nassau,Germany,,jews_present,1367,Jews first lived there in 1367,[],"[{'event': 'community established', 'year': 'c.1710', 'impact': 'permanent community established', 'source': 'a permanent community was not established until about 1710'}]",
5203,SOPOCKINIE,Bialystok,Poland,,community_founded,18LX,organized community was established in the second half of the 18th cent.,"[{'lang': 'yid', 'name': 'Sopotkin'}]","[{'event': 'WWI flight', 'year': '1914–1918', 'impact': 'many fled', 'source': 'Many fled in WWI'}]",
5204,SOPRON,Sopron,Hungary,,jews_present,13XX,The J. settlement dates from the Middle Ages,[],"[{'event': 'persecutions', 'year': '', 'impact': 'continually persecuted', 'source': 'were continually persecuted'}, {'event': 'expulsion', 'year': '1526', 'impact': 'Jews expelled', 'source': 'After the expulsion of 1526'}, {'event': 'return permitted', 'year': '1740X', 'impact': 'Jews only returned in the 1740s', 'source': 'Jews only returned to... in the 1740s'}]",
5205,SORAU,Brandenburg,Germany,Poland,jews_present,18XX,A permanent J. settlement developed only in the 18th cent.,"[{'lang': 'pol', 'name': 'Zary'}]",[],
5206,SOROCA,Bessarabia,Rumania,Republic of Moldova,jews_arrived,16XX,Jews first settled in the 17th cent.,[],[],
5207,SOROKSAR,Pest-Pilis-Solt-Kiskun,Hungary,,jews_arrived,18LX,Jews settled in the second half of the 19th cent.,[],[],Community organized 1885; school in 1872; most worked in Budapest.
5208,SOSNICA,Lwow,Poland,,POP,1921,The J. pop. was 100 in 1921.,[],[],
5209,SOSNITSA,Chernigov,Ukraine,,jews_arrived,18LX,Jews settled in the late 18th cent.,[],[],"1,842 Jews (of 7,000) in 1897; J. kolkhoz active in 1920s."
5210,SOSNOWICA,Lublin,Poland,,community_present,1897,A J. community of 514 was present in 1897,[],[],Population dropped to ~300 between the World Wars.
5211,SOSNOWIEC,Kielce,Poland,,jews_arrived,1859,The first Jew ... settled in 1859,[],[],"Authorized customs agent; others followed, including Hasidim."
5212,SOUK EL-ARBA,Souk el-Arba,Tunisia,,jews_arrived,18LX,settled ... in the late 19th cent,"[{'lang': 'ara', 'name': 'Jendouba'}]",[],"From Tunis; later joined by Jews from Nabeul, Sousse, Beja, Algeria."
5213,SOUK EL-KHEMIS,Souk el-Khemis,Tunisia,,jews_arrived,1881,in the early days of the French Protectorate (1881),[],[],50 in 1909; 78 (6%) in 1936.
5214,SOULTZ-SOUS-FORETS,Bas-Rhin,France,,community_founded,17XX,A J. community was established in the 18th cent.,[],[],164 members in 1783; 415 in 1865; synagogue inaugurated (date not provided).
5215,SOUSE,Sousse,Tunisia,,jews_present,05XX,settlement possibly dates from the Punic period,[],"[{'event': 'Vandal and Byzantine invasions', 'year': '5th–6th centuries', 'impact': 'settlement destroyed', 'source': 'destroyed in the Vandal and Byzantine invasions of the 5th–6th cents.'}]",A well-established community existed later (date not given).
5216,SOVATA,N. Transylvania,Rumania,,community_present,18LX,An organized J. community existed from the 1890s,"[{'lang': 'hun', 'name': 'Szovata'}]",[],J. pop. in 1930 was 90 (3%).
5217,SOWLINY,Cracow,Poland,,POP,1921,The J. pop. in 1921 was 120,[],[],
5218,SPANDAU,Brandenburg,Germany,,community_present,12XX,There was a J. community from the 13th cent.,[],"[{'event': 'Black Death persecutions', 'year': '1348–1350', 'impact': 'community probably suffered', 'source': 'probably suffered during the Black Death persecutions'}]",Cemetery mentioned 1324; synagogue in 1342.
5219,SPANGENBERG,Hesse-Nassau,Germany,,jews_present,16MX,Jews lived there from the mid-17th cent.,[],[],New synagogue in 1846; 133 (8%) in 1871; post-WWI J. Youth League branch.
5220,SPAS,Stanislawow,Poland,Ukraine,POP,1921,The J. pop. in 1921 was 113.,[],[],
5221,SPAS-DEMENSK,Smolensk,Russia,,jews_arrived,18LX,Jews probably settled at the turn of the 19th cent.,[],[],161 Jews in 1926; 84 in 1939.
5222,SPERMEZEU,N. Transylvania,Rumania,,community_present,18EX,A small J. community existed from the early 19th cent.,"[{'lang': 'hun', 'name': 'Ispanmezo'}]",[],
5223,SPEYER,Palatinate,Germany,,jews_arrived,11EX,"arrived in the 1070s, joined by others fleeing the Mainz riots of 1084",[],[],Invited to live in Altspeyer (truncated source).
5224,SPEZIA,Genoa,Italy,,POP,,"In 1910, there were 60 Jews residing",[],[],
5225,SPISSKA BELA,Slovakia,Czechoslovakia,Republic of Slovakia,jews_arrived,1840,Jews settled after 1840,"[{'lang': 'hun', 'name': 'Szepesbela'}]",[],
5226,SPISSKA NOVA VES,Slovakia,Czechoslovakia,Republic of Slovakia,jews_arrived,19MX,Jews settled in the mid-19th cent.,"[{'lang': 'hun', 'name': 'Iglo'}]",[],
5227,SPISSKA SOBOTA,Slovakia,Czechoslovakia,Republic of Slovakia,POP,,The J. pop. was 104 in 1940,[],[],Post-1930 population only; community under Poprad rabbinate; synagogue and cemetery maintained (truncated).
5228,SPISSKA STARA VES,Slovakia,Czechoslovakia,Republic of Slovakia,jews_arrived,18LX,J. refugees from Galicia settled in the late 18th cent.,"[{'lang': 'hun', 'name': 'Ofalu'}]",[],
5229,SPISSKA VLACHY,Slovakia,Czechoslovakia,Republic of Slovakia,jews_arrived,1848,Jews probably settled in 1848,"[{'lang': 'hun', 'name': 'Szepesolaszi'}]",[],
5230,SPISSKE PODHRADIE,Slovakia,Czechoslovakia,Republic of Slovakia,jews_arrived,1840,Jews first settled in 1840,"[{'lang': 'hun', 'name': 'Szepesvaralja'}]",[],
5231,SPITHENCY,Vinnitsa,Ukraine,,POP,,The J. pop. was 937 in 1897 and 774 in 1926,[],"[{'event': 'pogrom', 'year': '1918', 'impact': '', 'source': 'A pogrom was staged in 1918'}]",
5232,SPLIT,Croatia,Yugoslavia,Republic of Croatia,jews_present,01XX,Jews lived in the region from the second cent.,"[{'lang': 'ita', 'name': 'Spalato'}]",[],Signs of community life later (truncated).
5233,SPRENDLINGEN (I),Mainz-Bingen,Germany,,jews_present,16XX,Jews lived there in the 17th cent.,[],[],One of the largest village communities; numbered 177 in 1861 (truncated).
5234,SPRENDLINGEN (II),Offenbach (now part of Dreieich),Germany,,jews_present,1765,Jews living there from 1765,[],[],Community established in 1831 (truncated).
5235,SPROTTAU,Lower Silesia,Germany,Poland,first_mention,1380,There was a Street of the Jews in 1380,"[{'lang': 'pol', 'name': 'Szprotawa'}]","[{'event': 'expulsion', 'year': '', 'impact': 'no Jews present until early 19th cent.', 'source': 'after being expelled no Jews were present until the early 19th cent.'}]",1825 pop. mentioned (truncated).
5236,SREM,Poznan,Poland,,jews_arrived,15XX,Jews first settled in the 16th cent.,[],[],Quarter especially constructed for them.
5237,SREMSKA MITROVICA,Serbia,Yugoslavia,,community_founded,19XX,A J. community was established in the 19th cent.,[],[],1931 pop. 132; Holocaust deportations (post-1930) mentioned (truncated).
5238,SROCKO,Lodz,Poland,,jews_present,18XX,In the 19th cent. Jews leased land in the village,[],[],
5239,SRODA,Poznan,Poland,,jews_arrived,1793,Jews settled after the Prussian annexation in 1793,[],[],
5240,STACHOW,Polesie,Poland,Belarus,POP,,The J. pop. in 1921 was 140,[],[],
5241,STADEN,Hesse,Germany,,community_founded,17LX,"Established around 1700, the J. community",[],[],
5242,STADSKANAAL,Groningen,Holland,,community_present,1840X,A community developed in the 1840s,[],[],
5243,STADTHAGEN,Schaumburg-Lippe,Germany,,community_founded,1635,"no community existed until about 1635, when daily services were held",[],[],
5244,STADTLENGSFELD,Thuringia,Germany,,jews_arrived,1359,Jews settled in S. around 1359,[],"[{'event': 'Persecution/expulsion', 'year': '', 'impact': 'community disrupted', 'source': 'They were then persecuted and/or expelled'}]",
5245,STADTOLDENDORF,Braunschweig,Germany,,jews_arrived,1810,Jews settled c. 1810 after residing in the area since the 18th cent.,[],[],
5246,STAKLISKES,Alytus,Lithuania,,jews_arrived,17EX,Jews first settled at the beginning of the 18th cent.,"[{'lang': 'yid', 'name': 'Stoklishok'}]",[],
5247,STALINDORF,Dnepropetrovsk,Ukraine,,community_founded,1920X,founded in the 1920s as a J. farm settlement,[],[],
5248,STALINGRAD,Stalingrad,Russia,,jews_arrived,19LX,Jews settled in the late 19th cent.,[],[],
5249,STALINO,Stalino,Ukraine,,jews_arrived,19LX,Jews settled in the late 19th cent. following the opening of coal mines,[],[],
5250,STALLUPOENEN,East Prussia,Germany,Russia,POP,,The J. pop. numbered 57 in 1843; 132 in 1880; and 60 in 1925,"[{'lang': 'rus', 'name': 'Nesterov'}]",[],
5251,STANESTIL DE JOS,Bukovina,Rumania,Ukraine,jews_arrived,19LX,Jews from Galicia and Russia settled in the late 19th cent.,[],[],
5252,STANIN,Lublin,Poland,,POP,,The J. pop. stood at 131 in 1921,[],[],
5253,STANISIC,Vojvodina,Yugoslavia,,community_present,17MX,There was a J. community existing from the mid-18th cent.,[],[],
5254,STANISLAVCHIK,Vinnitsa,Ukraine,Ukraine,POP,18LX,Jews numbered 22 in 1765,[],[],
5255,STANISLAWCZYK,Tarnopol,Poland,Ukraine,community_present,19LX,community grew to 795 or half the pop. in 1880,[],[],
5256,STANISLAWOW (I),Stanislawow,Poland,Ukraine,jews_arrived,1654,Jews arrived with the founding of the town in 1654,"[{'lang': 'ukr', 'name': 'Stanislav'}]",[],
5257,STANISLAWOW (II),Warsaw,Poland,Poland,jews_arrived,16LX,Jews first settled in the late 17th cent.,[],[],
5258,STARA BYSTRICA,Slovakia,Czechoslovakia,Republic of Slovakia,community_founded,17MX,An independent community was founded in the mid-18th cent.,"[{'lang': 'hun', 'name': 'Obeszterce'}]",[],
5259,STARA DALA,Slovakia,Czechoslovakia,Republic of Slovakia,jews_arrived,17EX,Jews apparently settled in the first half of the 18th cent,"[{'lang': 'hun', 'name': 'Ogyalla'}]",[],
5260,STARA KANJIZA,Vojvodina,Yugoslavia,Serbia,jews_arrived,19EX,Jews first settled there in the early 19th cent,[],[],
5261,STARA LUBOVNA,Slovakia,Czechoslovakia,Republic of Slovakia,community_founded,19MX,founded an organized community at mid-cent.,"[{'lang': 'hun', 'name': 'Olublo'}]",[],
5262,STARA MORAVICA,Vojvodina,Yugoslavia,Serbia,jews_present,19XX,Jews first lived there in the 19th cent.,"[{'lang': 'hun', 'name': 'Kossulhfalva'}, {'lang': 'hun', 'name': 'Omoravicza'}]",[],
5263,STARA SOL,Lwow,Poland,Ukraine,jews_present,16EX,Jews were present from the early 17th cent.,[],[],
5264,STARA TURA,Slovakia,Czechoslovakia,Republic of Slovakia,jews_present,17EX,Two J. families from Moravia were present in the 1720s,"[{'lang': 'hun', 'name': 'Otura'}]",[],
5265,STARAYA SINYAVA,Kamenets-Podolski,Ukraine,Ukraine,first_mention,1570,Jews are first mentioned in 1570,[],"[{'event': 'Chmielnicki massacres', 'year': '1648–1649', 'impact': 'community apparently wiped out', 'source': 'community was apparently wiped out in the Chmielnicki massacres of 1'}]",
5266,STARAYA USHITSA,Kamenets-Podolski,Ukraine,Ukraine,POP,18LX,Jews numbered 202 in 1765,[],[],
5267,STARAYIA RUSSA,Leningrad,Russia,Russia,jews_arrived,19MX,Jews probably settled in the mid-19th cent.,[],[],
5268,STARGARD,Pomerania,Germany,Poland,jews_present,1665,Jews were allowed to live and trade in S. after 1665,"[{'lang': 'pol', 'name': 'Stargard Szczeciński'}]",[],
5269,STAROBELSK,Voroshilovgrad,Ukraine,Ukraine,jews_arrived,19XX,Jews settled in the 19th cent.,[],[],
5270,STAROBIN,Minsk,Belorussia,,jews_arrived,17LX,J. settlement probably dates from the turn of the 18th cent.,[],[],
5271,STARODUB,Oriol,Russia,,jews_arrived,16XX,J. settlement apparently commenced in the 17th cent.,[],"[{'event': 'Chmielnicki massacres', 'year': '1648', 'impact': 'many Jews massacred', 'source': 'Cossack troops massacred many Jews in 1648'}, {'event': 'Pogrom', 'year': '1708', 'impact': 'about 50 murdered', 'source': 'in 1708 local residents murdered about 50'}]",
5272,STAROGARD,Pomerania,Poland,,jews_arrived,1772,Jews only settled permanently after the Prussian annexation in 1772,[],[],
5273,STARO-KONSTANTINOV,Kamenets-Podolski,Ukraine,,jews_arrived,15MX,Jews settled in the mid-16th cent.,[],"[{'event': 'Cossack attacks', 'year': '1648', 'impact': 'attacked', 'source': 'They were attacked by the Cossacks in 1648'}, {'event': 'Cossack attacks', 'year': '1651', 'impact': 'attacked', 'source': 'They were attacked by the Cossacks in 1651'}, {'event': 'Cossack attacks', 'year': '1702', 'impact': 'attacked', 'source': 'They were attacked by the Cossacks in 1702'}]",
5274,STAROMINSKAYA,Krasnodar territory,Russia,,POP,,No presence timing; only later events given,[],[],
5275,STAROSELYE,Mogilev,Belorussia,,POP,,The J. pop. was 106 in 1880 and 867 in 1897,[],[],
5276,STARO-ZAKREVSKI MAYDAN,Kamenets-Podolski,Ukraine,,community_founded,1846,founded on state land in 1846 as a J. colony with 62 families,[],[],
5277,STARUNIA,Stanislawow,Poland,Ukraine,POP,,The J. pop. in 1921 was 168,[],[],
5278,STARYE DOROGI,Minsk,Belorussia,,jews_arrived,18LX,Jews probably settled in the late 19th cent.,[],[],
5279,STARYI KRYM,Crimea,Russia,Ukraine,community_present,08XX,A Khazar J. community existed in the ninth cent.,[],[],
5280,STARYI OSKOL,Kursk,Russia,,jews_arrived,19EX,J. settlement probably dates to the early 20th cent.,[],[],
5281,STARY SAMBOR,Lwow,Poland,Ukraine,first_mention,1544,Jews are first mentioned in 1544,"[{'lang': 'yid', 'name': 'Alt Stat'}]",[],
5282,STARY SONCZ,Cracow,Poland,,first_mention,1469,Jews are first mentioned in 1469,[],[],
5283,STASSFURT,Saxony,Germany,,first_mention,1434,Clear evidence of Jews in S. during the Middle Ages dates back to 1434,[],[],
5284,STASZOW,Kielce,Poland,,jews_arrived,1526,Jews settled in 1526,[],"[{'event': 'Expulsion after blood libel', 'year': '1610', 'impact': 'expelled; a number executed', 'source': 'they were expelled and a number executed after a blood libel'}]",
5285,STAUDERNHEIM,Rhineland,Germany,,POP,,The J. pop. was 45 in 1808; 71 in 1858; and 24 in 1932,[],[],
5286,STAVISHCHE,Kiev,Ukraine,,POP,,The J. pop. was 699 in 1765,[],[],
5287,STAWISKI,Bialystok,Poland,,community_founded,16MX,An organized community was formed in the mid-17th cent.,[],[],
5288,STAWISZYN,Kalisz,Poland,,community_founded,18MX,An independent community existed from the mid-19th cent.,[],[],
5289,STEBLEV,Kiev,Ukraine,,jews_present,1775,Eight Jews were present in 1775,[],[],
5290,STEBNIK,Lwow,Poland,Ukraine,jews_present,19LX,Jews lived there from the late 19th cent.,[],[],
5291,STECOWA,Stanislawow,Poland,Ukraine,POP,,The J. pop. in 1921 was 118,[],[],
5292,STEDUM EN LOPPERSUM,Groningen,Holland,,community_founded,1877,This united community was formed in 1877,[],[],included Middelstum
5293,STEENWIJK,Overijssel,Holland,,jews_arrived,16LX,J. settlement began in the late 17th cent.,[],[],
5294,STEFANESTI,Moldavia,Rumania,Republic of Moldova,jews_arrived,16EX,founded around several inns which Jews established here in the early 17th cent.,[],[],
5295,STEINACH AN DER SAALE,Lower Franconia,Germany,,community_founded,16LX,The modern community was founded no later than the second half of the 17th cent.,[],"[{'event': 'Armleder massacres', 'year': '1336', 'impact': 'Jews among the victims', 'source': 'Jews were among the victims of the Armleder massacres of 1336'}]",
5296,STEIN AM KOCHER,Baden,Germany,,jews_arrived,17XX,The first Jews settled during the Thirty Years War (1618-48),[],[],
5297,STEINAU AN DER ODER,Lower Silesia,Germany,Poland,community_present,1861,maintained a synagogue from 1861,"[{'lang': 'pol', 'name': 'Scinawa Mala'}]",[],
5298,STEINBACH A. DONNERSBERG,Palatinate,Germany,,community_present,19MX,The community maintained a synagogue and cemetery (the latter established in 1850),[],[],
5299,STEINBACH A. GLAN,Palatinate,Germany,,community_present,18XX,There was a J. community in the 18th cent.,[],[],
5300,STEINHART,Middle Franconia,Germany,,jews_present,17XX,maintained a presence through the 17th and 18th cents.,[],"[{'event': 'Expulsion', 'year': '1560', 'impact': 'Jews expelled', 'source': 'The Jews were expelled in 1560'}]",
5301,STEINHEIM,Westphalia,Germany,,first_mention,1602,Jews are first mentioned in 1602,[],[],
5302,STENDAL,Saxony,Germany,,community_present,12LX,"By the 1260s, there was already a community.",[],"[{'event': 'Black Death persecutions', 'year': '1348–1349', 'impact': 'community suffered', 'source': 'It suffered during the Black Death persecutions of 1348-49'}, {'event': 'Persecution', 'year': '1446', 'impact': 'community suffered', 'source': 'and in 1446.'}, {'event': 'Expulsion', 'year': '', 'impact': 'expelled together with those from Brandenburg', 'source': 'The Jews were expelled together with those from Brandenbur'}]",
5303,STENZHYCA,Lublin,Poland,,jews_present,1795,J. residence was officially allowed only after the Third Partition of Poland in 1795.,[],[],
5304,STEPAN,Volhynia,Poland,Ukraine,first_mention,1569,Jews are first mentioned in 1569,[],"[{'event': 'Cossack wars', 'year': '17MX', 'impact': 'few Jews remained; later recovery rapid', 'source': 'few remained after the Cossack wars of the mid-17th cent.'}]",
5305,STEPANTSY,Kiev,Ukraine,,jews_present,1765,Twelve Jews were present in 1765.,[],"[{'event': 'Expulsion', 'year': '1882', 'impact': 'all Jews expelled', 'source': 'all were expelled in 1882.'}, {'event': 'Return permitted', 'year': '1903', 'impact': 'numbered 3,389 in 1906', 'source': 'In 1903, they were allowed to return and numbered 3,389 ... in 1906'}]",
5306,STERBFRITZ,Hesse-Nassau,Germany,,community_present,19LX,"The community, numbering 169 ... in 1885",[],[],now part of Sinntal; affiliated with the rabbinate of Hanau
5307,STERDYN,Lublin,Poland,,first_mention,19EX,Jews are first mentioned in the early 19th cent.,[],[],
5308,STERKRADE,Rhineland,Germany,,jews_arrived,1830,Jews first arrived in 1830,[],[],formed a single community with Holten; community comprised residents of several surrounding locales
5309,STERNBERK,Moravia,Czechoslovakia,,POP,19EX,The J. pop. was 128 in 1880,[],"[{'event': 'Expulsion', 'year': '1577', 'impact': 'medieval community ended', 'source': 'The medieval J. community ended in expulsion in 1577.'}]",Sudetenland
5310,STETTIN,Pomerania,Germany,Poland,first_mention,1261,Jews are first mentioned in 1261,"[{'lang': 'pol', 'name': 'Szczecin'}]",[],
5311,STEYR,Upper Austria,Austria,,jews_arrived,13EX,Jews first settled in the beginning of the 14th cent.,[],"[{'event': 'Expulsion after blood libels', 'year': '1420', 'impact': 'Jews expelled', 'source': 'They were expelled in a wave of blood libels in 1420.'}, {'event': 'Return', 'year': '15XX', 'impact': 'Jews returned during the 15th cent.', 'source': 'The Jews returned during'}]",
5312,STIP,Macedonia,Yugoslavia,,jews_present,15XX,Jews lived in S. from the 15th cent.,[],"[{'event': 'Balkan wars', 'year': '1912–1913', 'impact': 'Jews suffered', 'source': 'The Jews suffered during the Balkan wars (1912-13)'}]",
5313,STITNIK,Slovakia,Czechoslovakia,Republic of Slovakia,jews_arrived,1850,Jews settled in the 1850s,"[{'lang': 'hun', 'name': 'Csetnek'}]",[],Status Quo congregation with synagogue and cemetery; population about 300 before WWI
5314,STKACIN,Slovakia,Czechoslovakia,Republic of Slovakia,community_present,1930,The community numbered 137 in 1930,[],[],maintained a synagogue and cemetery
5315,STOBYCHWA,Volhynia,Poland,,POP,19LX,The J. pop. of over 100,[],"[{'event': 'Abandonment during WWI', 'year': '1914–1918', 'impact': 'settlement apparently abandoned permanently', 'source': 'apparently abandoned the settlement permanently during WWI.'}]",
5316,STOCKERAU,Lower Austria,Austria,,jews_present,16LX,Jews were present at the end of the 17th cent.,[],[],engaged in moneylending; synagogue inaugurated in 1903
5317,STOCKSTADT AM RHEIN,Hesse,Germany,,POP,1871,"Numbering 67 ... in 1871, the J. community",[],[],
5318,STOCZEK (I),Bialystok,Poland,,POP,,The J. pop. in 1921 was 112,[],[],
5319,STOCZEK (II),Lublin,Poland,,jews_present,1856,228 Jews were present by 1856,"[{'lang': 'yid', 'name': 'Stok'}]",[],
5320,STOCZEK LUKOWSKI,Lublin,Poland,,jews_present,19LX,settlement grew rapidly in the late 19th cent.,[],[],
5321,STOD,Bohemia,Czechoslovakia,,jews_present,16XX,Jews are known from the 17th cent.,[],[],
5322,STODOLISCHE,Smolensk,Russia,,jews_arrived,19LX,J. settlement probably commenced in the late 19th cent.,[],[],
5323,STOICISZKI,Vilna,Poland,Belarus,jews_arrived,1865,Jews settled in 1865 on estate land,[],[],
5324,STOJANOW,Tarnopol,Poland,Ukraine,jews_arrived,1629,Jews first arrived in 1629,[],[],
5325,STOK,Lublin,Poland,,POP,,The J. pop. was 167 in 1921,[],[],
5326,STOLBERG,Rhineland,Germany,,community_present,19MX,grew only from the middle of the 19th cent.,[],[],
5327,STOLIN,Polesie,Poland,Belarus,jews_arrived,16MX,began to settle around the mid-17th cent.,[],[],
5328,STOLOWICZE,Nowogrodek,Poland,Belarus,jews_arrived,15LX,settled under the auspices of the Radziwills in the late 16th cent.,[],[],
5329,STOLP,Pomerania,Germany,Poland,first_mention,1705,mention of a Jew in S. in 1705,"[{'lang': 'pol', 'name': 'Slupsk'}]",[],
5330,STOLPCE,Nowogrodek,Poland,Belarus,jews_arrived,15LX,settled in the latter 16th cent.,[],"[{'event': 'Blood libel accusation', 'year': '1622', 'impact': '', 'source': 'the Lithuanian Council discussed a blood libel'}]",
5331,STOLZENAU AN DER WESER,Hanover,Germany,,community_present,1700,"Dating from 1700, the community",[],[],
5332,STOMPORKOW,Lodz,Poland,,POP,,In 1906 only three J. families lived here,[],[],
5333,STOPNICA,Kielce,Poland,,first_mention,16MX,first mentioned in the mid-17th cent.,"[{'lang': 'yid', 'name': 'Stavnich'}]",[],
5334,STORNDORF,Hesse,Germany,,community_founded,1750,"The J. community, established in 1750",[],[],
5335,STOROJINETI,Bukovina,Rumania,Ukraine,community_founded,18LX,A J. community was founded in the second half of the 19th cent.,[],[],
5336,STRAKONICE,Bohemia,Czechoslovakia,,first_mention,1499,Jews are first mentioned in 1499,[],"[{'event': 'blood libel persecution', 'year': '1509–1511', 'impact': 'two burned at the stake', 'source': 'two were apparently burned at the stake following a blood libel'}]",
5337,STRALSUND,Pomerania,Germany,,first_mention,1282,Evidence of Jews in S. dates from 1282,[],"[{'event': 'Black Death persecutions', 'year': '1348–1349', 'impact': 'medieval community expelled or murdered', 'source': 'expelled or murdered in the Black Death persecutions of 1348-49'}]",
5338,STRAMTURA,N. Transylvania,Rumania,,community_present,18EX,An organized J. community existed from the early 19th cent.,"[{'lang': 'hun', 'name': 'Szurdok'}, {'lang': 'yid', 'name': 'Strimtere'}]",[],
5339,STRANANY,Slovakia,Czechoslovakia,Republic of Slovakia,POP,,The J. pop. in 1940 was 150,[],[],
5340,STRASBOURG,Bas-Rhin,France,,first_mention,11XX,earliest evidence... dates back to the 12th cent.,"[{'lang': 'ger', 'name': 'Strassburg'}]","[{'event': 'expulsion/fleeing', 'year': '', 'impact': 'Jews fled the town', 'source': 'The Jews fled the town'}]",
5341,STRATYN,Stanislawow,Poland,Ukraine,jews_arrived,16LX,"Jews, mainly from Rohatyn, settled in the second half of the 17th cent.",[],[],
5342,STRAUBING,Lower Bavaria,Germany,,first_mention,12XX,Jews traded in the town in the 13th cent.,[],"[{'event': 'massacre', 'year': '1338-09', 'impact': 'all Jews murdered', 'source': 'The Jews were all murdered in Sept. 1338'}]",
5343,STRAUSBERG,Brandenburg,Germany,,jews_present,12XX,Jews were living in S. in the 13th and 14th cents.,[],[],
5344,STRAZ,Bohemia,Czechoslovakia,,first_mention,1331,Jews are mentioned in 1331,[],"[{'event': 'fire', 'year': '1867', 'impact': 'devastating; new synagogue built in 1882', 'source': 'A new synagogue was built in 1882 after a devastating fire in 1867'}]",
5345,STRAZNICE,Moravia,Czechoslovakia,,first_mention,1490,Jews are mentioned in 1490,[],[],
5346,STREDA NAD BODROGOM,Slovakia,Czechoslovakia,Republic of Slovakia,POP,,The J. pop. was 127 in 1930 and 115 in 1941,[],[],
5347,STREDNI APSA,Carpatho-Russia,Czechoslovakia,Ukraine,jews_arrived,17EX,Jews apparently arrived in the early 18th cent.,"[{'lang': 'hun', 'name': 'Kozepapsa'}, {'lang': 'yid', 'name': 'Mitl Apsa'}]",[],
5348,STREHLEN,Lower Silesia,Germany,Poland,jews_present,13LX,Jews were present by the end of the 14th cent.,"[{'lang': 'pol', 'name': 'Strzelin'}]",[],
5349,STRELNA,Leningrad,Russia,,POP,,The J. pop. was 41 in 1926 and 319 in 1939,[],[],
5350,STRENCI,Livonia,Latvia,,jews_arrived,19LX,Jews arrived between the World Wars,"[{'lang': 'ger', 'name': 'Stackeln'}]",[],
5351,STRESHIN,Gomel,Belorussia,,POP,,"The J. pop. was 113 in 1789 and 1,179 in 1897",[],[],
5352,STRIBRO,Bohemia,Czechoslovakia,,jews_present,14XX,Jews were present in the Middle Ages,[],[],(Sudetenland) removed from region per rule
5353,STRIEGAU,Lower Silesia,Germany,Poland,jews_present,13LX,Jews lived in S. before 1350,"[{'lang': 'pol', 'name': 'Strzegom'}]","[{'event': 'riot massacre', 'year': '1410', 'impact': '73 Jews beaten to death', 'source': 'In 1410, local rioters beat 73 Jews to death'}, {'event': 'expulsion', 'year': '1454', 'impact': 'all Jews expelled; Great Synagogue destroyed', 'source': 'In 1454, all the Jews were expelled and the Great Synagogue...'}]",
5354,STRIJEN,Zuid-Holland,Holland,,community_founded,18XX,A community was formed in the 19th cent.,[],[],
5355,STROMIEC-ZAGAJNIK,Kielce,Poland,,first_mention,19LX,Jews are first mentioned in the late 19th cent.,[],[],
5356,STROPKOV,Slovakia,Czechoslovakia,Republic of Slovakia,jews_present,16LX,Jews were present in the late 17th cent.,[],"[{'event': 'expulsion', 'year': '1700', 'impact': 'Jews expelled', 'source': 'present in the late 17th cent. and expelled in 1700'}]",
5357,STRUEMPFELBRUNN,Baden,Germany,,first_mention,1757,Jews are first mentioned in 1757,[],[],
5358,STRUNA,Vitebsk,Belorussia,,community_founded,19LX,S. was founded as a farm settlement,[],[],
5359,STRUSOW,Tarnopol,Poland,,first_mention,1624,Jews are first mentioned in 1624,[],[],
5360,STRYJ,Stanislawow,Poland,,POP,,entry truncated; no presence timing,"[{'lang': 'yid', 'name': 'Stry'}]",[],
5361,STRYAS,,Ukraine,,first_mention,1563,Jews are first mentioned in 1563,[],"[{'event': 'synagogue built', 'year': '1689', 'impact': 'synagogue within the city', 'source': 'In 1689 a synagogue was built within the city'}]",
5362,STRYKOW,Lodz,Poland,,jews_arrived,16LX,J. wool traders settled in the late 17th cent.,[],[],
5363,STRYZHAVKA,Vinnitsa,Ukraine,,POP,,Jews numbered 272 in 1765 and 795 in 1897,[],"[{'event': 'pogrom', 'year': '1918', 'impact': 'entire families wiped out', 'source': 'Entire families were wiped out in a pogrom in summer 1918'}]",
5364,STRZEGOWO,Warsaw,Poland,,jews_arrived,19LX,Jews settled in the late 19th cent.,[],[],
5365,STRZELISKA NOWE,Lwow,Poland,Ukraine,jews_arrived,16LX,Jews apparently arrived in the second half of the 17th cent.,[],"[{'event': 'fire', 'year': '1913', 'impact': 'community affected by fire', 'source': 'A fire in 1913'}]",
5366,STRZELNO,Poznan,Poland,,jews_arrived,1772,Jews first settled after the annexation to Prussia in 1772,[],"[{'event': 'community_organized', 'year': '19EX', 'impact': 'community organized', 'source': 'with a community organized in the early 19th cent.'}]",
5367,STRZELSK,Volhynia,Poland,Ukraine,POP,,community of about 30 families,[],[],
5368,STRZEMIESZYCE WIELKIE,Kielce,Poland,,jews_arrived,18LX,Jews first settled in the late 19th cent.,[],[],
5369,STRZYLKI,Lwow,Poland,Ukraine,POP,,The J. pop. in 1921 was 242,[],[],
5370,STRZYZOW,Lwow,Poland,,jews_present,14LX,Jews were present from the late 15th cent.,[],[],
5371,STUBNIANSKE TEPLICE,Slovakia,Czechoslovakia,Republic of Slovakia,jews_arrived,18LX,Jews settled in the late 19th cent.,"[{'lang': 'hun', 'name': 'Stubnyafurdo'}]",[],
5372,STUDENETS,Mogilev,Belorussia,,POP,,Jews numbered 179 (11% of the total) in 1880,[],[],
5373,STUDENITSA,Kamenets-Podolski,Ukraine,,jews_arrived,16XX,Jews probably settled in the 17th cent.,[],"[{'event': 'Cossack attack', 'year': '1703', 'impact': 'community attacked', 'source': 'In 1703, Cossacks attacked them.'}]",
5374,STUHM,East Prussia,Germany,Poland,jews_present,17XX,A J. cemetery ... indicates the presence of Jews there in the 18th cent.,"[{'lang': 'pol', 'name': 'Sztum'}]",[],
5375,STULPICANI,Bukovina,Rumania,,POP,,The Jews numbered 609 in 1910,[],[],
5376,STUPAVA,Slovakia,Czechoslovakia,Republic of Slovakia,first_mention,1600,Jews are mentioned in 1600,"[{'lang': 'hun', 'name': 'Stomfa'}]",[],
5377,STUTTGART,Wuerttemberg,Germany,,community_present,12EX,A small J. community was in existence 1n the early 13th cent.,[],[],
5378,STUTTGART-BAD CANSTATT,Wuerttemberg,Germany,,jews_arrived,1826,The J. settlement commenced in 1826,[],[],
5379,SUBACIUS,Panevezys,Lithuania,,jews_present,19XX,Jews lived in S. in the 19th cent.,"[{'lang': 'yid', 'name': 'Subotch'}]",[],
5380,SUBATA,Zemgale,Latvia,,community_present,19EX,A J. community existed in the early 19th cent.,"[{'lang': 'yid', 'name': 'Shubitz'}, {'lang': 'yid', 'name': 'Subitz'}]",[],
5381,SUBOTICA,Vojvodina,Yugoslavia,,first_mention,1743,The first records of a J. presence date back to 1743,"[{'lang': 'hun', 'name': 'Szabadka'}]",[],
5382,SUCANY,Slovakia,Czechoslovakia,Republic of Slovakia,jews_present,17EX,Jews were apparently present in the early 18th cent.,[],[],
5383,SUCEAVA,Bukovina,Rumania,,jews_arrived,14XX,Jews first settled in the 15th cent.,"[{'lang': 'yid', 'name': 'Shutz'}]",[],
5384,SUCHA,Cracow,Poland,,community_present,18LX,community began to consolidate after 1860,[],[],
5385,SUCHA BRONKA,Carpatho-Russia,Czechoslovakia,Ukraine,jews_arrived,18EX,settlement began in the early 19th cent.,"[{'lang': 'hun', 'name': 'Szuhabaranka'}]",[],
5386,SUCHEDNIOW,Kielce,Poland,,jews_arrived,18LX,Jews settled in the late 19th cent.,[],[],
5387,SUCHOSTAW,Tarnopol,Poland,Ukraine,community_present,18LX,community grew to 614 in 1880,[],[],
5388,SUCHOWOLA,Bialystok,Poland,,jews_arrived,16XX,Jews first arrived in the 17th cent.,[],"[{'event': 'Royal privileges', 'year': '1698', 'impact': 'right to set up stalls and build houses', 'source': 'in 1698 were accorded the right ... by King Augustus the Saxon'}]",
5389,SUDAK,Crimea,Russia,Ukraine,community_present,09XX,A J. community existed in the tenth cent.,[],[],Modern community probably founded late 19th cent.
5390,SUDARGAS,Seinai,Lithuania,,jews_arrived,18EX,first settled here at the turn of the 19th cent.,"[{'lang': 'yid', 'name': 'Sudarg'}]",[],
5391,SUDILKOV,Kamenets-Podolski,Ukraine,,jews_arrived,16XX,Jews settled in the 17th cent.,[],"[{'event': 'Cossack attacks', 'year': '1705–1706', 'impact': 'victimized', 'source': 'In 1705-06 they were victimized in Cossack attacks'}, {'event': 'Pogroms', 'year': '', 'impact': '', 'source': 'Pogroms were'}]",
5392,SUDZHA,Kursk,Russia,,jews_arrived,19LX,probably settled in the early 20th cent.,[],[],
5393,SUECHTELN,Rhineland,Germany,,jews_present,17EX,A protected J. family was present in 1663,[],[],
5394,SUFLION,Thrace,Greece,,jews_present,20EX,A small number of Jews lived in S. in the early 20th cent.,[],[],
5395,SUGENHEIM,Middle Franconia,Germany,,jews_present,16EX,Jews are known from the early 17th cent.,[],[],Synagogue built in 1756; Judengasse noted.
5396,SUHL,Saxony,Germany,,first_mention,1315,Evidence of Jews in S. dates from 1315,[],"[{'event': 'Expulsions', 'year': '', 'impact': 'settlement repeatedly expelled, later renewed', 'source': 'In spite of several expulsions, J. settlement was continuously renewed'}]",
5397,SUKHARI,Mogilev,Belorussia,,community_present,19XX,An organized community with a beit midrash existed in the 19th cent.,[],[],
5398,SUKHINICHI,Smolensk,Russia,,jews_arrived,18LX,probably settled in the late 19th cent.,[],[],
5399,SULEJOW,Lodz,Poland,,jews_arrived,18EX,Jews were not permitted to live in S. until the early 19th cent.,"[{'lang': 'yid', 'name': 'Silow'}]",[],
5400,SULINGEN,Hanover,Germany,,POP,,The community numbered 18 in 1814 and grew to 78 in 1871,[],[],
5401,SULITA (I),Bukovina,Rumania,,POP,,"In 1941, the J. community, numbering some 30 families",[],[],
5402,SULITA (II),Moldavia,Rumania,Republic of Moldova,community_present,1820,A J. community existed here in 1820,[],[],
5403,SULMIERZYCE,Lodz,Poland,,jews_present,1842,Thirteen J. families lived here in 1842,"[{'lang': 'yid', 'name': 'Silmarzitz'}]",[],
5404,SULZBACH,Saar,Germany,,POP,,The J. pop. was 31 in 1895 and 45 in 1927,[],[],
5405,SULZBACH-ROSENBERG,Upper Palatinate,Germany,,jews_arrived,12MX,Jews possibly arrived when the town was founded in the mid-13th cent.,[],"[{'event': 'Black Death persecutions', 'year': '1348–1349', 'impact': 'community destroyed', 'source': 'The community was destroyed in the Black Death persecutions of 1348-49'}]",
5406,SULZBUERG,Upper Palatinate,Germany,,jews_arrived,12LX,The first settlers were refugees from the Rindfleisch massacres of 1298,[],"[{'event': 'Rindfleisch massacres', 'year': '1298', 'impact': 'refugees founded settlement', 'source': 'first settlers were refugees from the Rindfleisch massacres of 1298'}]",
5407,SULZBURG,Baden,Germany,,jews_arrived,15EX,Jews arrived in the early 16th cent.,[],"[{'event': 'Expulsion', 'year': '1615', 'impact': 'Jews expelled with the rest of the region', 'source': 'were expelled in 1615 with the rest of the Jews of the region'}, {'event': 'Resettlement', 'year': '1716', 'impact': 'settlement renewed by four families', 'source': 'renewed in 1716 by four families expelled from Sw-'}]",
5408,SUMEG,Zala,Hungary,,first_mention,1699,Jews are mentioned in 1699,[],[],
5409,SUMPERK,Moravia,Czechoslovakia,,jews_present,14EX,Jews were probably present in the first half of the 15th cent.,[],"[{'event': 'Expulsion after plague', 'year': '1585', 'impact': 'Jews expelled', 'source': 'They were expelled in 1585 following an outbreak of the plague'}]",
5410,SUMY,Sumy,Ukraine,,jews_arrived,1858,began settling in 1858,[],[],
5411,SUPRASL,Bialystok,Poland,,jews_arrived,16LX,The first Jews settled in the late 17th cent.,[],[],
5412,SUPURUL DE JOS,N. Transylvania,Rumania,,jews_arrived,18LX,Jews settled in the late 19th cent.,"[{'lang': 'hun', 'name': 'Alsoszouor'}]",[],
5413,SURANY,Slovakia,Czechoslovakia,Republic of Slovakia,jews_present,16XX,Jews were apparently present in the 17th cent.,[],[],
5414,SURAZH (I),Bialystok,Poland,,first_mention,15XX,Jews first appeared in the 16th cent.,[],"[{'event': 'De non tolerandis Judaeis privilege', 'year': '17XX', 'impact': 'Jews excluded; community ceased', 'source': 'town secured a de non tolerandis Judaeis privilege in the 17th cent.'}]",
5415,SURAZH,Oriol,Russia,/Russia,jews_arrived,17LX,Jews probably settled in the late 18th cent.,[],[],
5416,SURAZHI,Vitebsk,Belorussia,/Belarus,jews_arrived,17LX,J. settlement ... commenced in the late 18th cent.,[],"[{'event': 'pogrom', 'year': '1905', 'impact': 'Jews attacked', 'source': 'In 1905, Jews were attacked in a pogrom.'}]",
5417,SURDUC,N. Transylvania,Rumania,/Romania,jews_arrived,17LX,Jews settled in the late 18th cent.,[],[],
5418,SURTY,Slovakia,Czechoslovakia,Republic of Slovakia,jews_arrived,18EX,Jews probably settled in the first half of the 18th cent.,[],[],
5419,SUSICE,Bohemia,Czechoslovakia,/Czech Republic,first_mention,1562,Jews are mentioned in 1562,[],"[{'event': 'ghettoization and badge', 'year': '1692', 'impact': 'forced to live in special quarter and wear distinctive signs', 'source': 'In 1692, the Jews were forced to live in a special quarter and wear distinctive'}]",
5420,SUVAINISKIS,Rokiskis,Lithuania,/Lithuania,jews_present,17LX,Jews lived here from the late 18th cent.,"[{'lang': 'yid', 'name': 'Suvainishok'}]",[],
5421,SUWALKI,Bialystok,Poland,/Poland,community_founded,19EX,The J. community originated in the beginning of the 19th cent.,[],[],
5422,SVALAVA,Carpatho-Russia,Czechoslovakia,Ukraine,jews_arrived,19EX,Jews probably settled in the early 19th cent.,"[{'lang': 'hun', 'name': 'Szolyva'}]",[],
5423,SVATOVO,Voroshilovgrad,Ukraine,/Ukraine,jews_arrived,20EX,Jews probably arrived in the early 20th cent.,[],[],
5424,SVATY BENADIK,Slovakia,Czechoslovakia,Republic of Slovakia,POP,,Jews numbered over 100 in the 1880s,[],[],
5425,SVATY JUR,Slovakia,Czechoslovakia,Republic of Slovakia,first_mention,15XX,There is evidence of J. settlement in the Middle Ages,"[{'lang': 'hun', 'name': 'Szentgyorgy'}, {'lang': 'yid', 'name': 'Yergen'}]","[{'event': 'expulsion after blood libel', 'year': '1529', 'impact': 'Jews expelled', 'source': 'In 1529, the Jews were expelled following a blood'}]",
5426,SVATY KRIZ,Slovakia,Czechoslovakia,Republic of Slovakia,community_founded,18LX,forming an organized Neologist community in the 1880s,"[{'lang': 'hun', 'name': 'Garamszentkereszt'}]",[],
5427,SVEDASAI,Utena,Lithuania,/Lithuania,community_present,17XX,By the 18th cent. there existed an established J. community,"[{'lang': 'yid', 'name': 'Svadushtsh'}]",[],
5428,SVEKSNA,Taurage,Lithuania,/Lithuania,jews_arrived,16XX,Jews first settled in the 17th cent.,"[{'lang': 'yid', 'name': 'Shvekshne'}]",[],
5429,SVERDLOVKA,Dnepropetrovsk,Ukraine,/Ukraine,community_present,1934,a village with 115 J. families ... in 1934,[],[],
5430,SVERZHEN,Gomel,Belorussia,/Belarus,POP,,The J. pop. was 405 in 1847 and 635 in 1897,[],[],
5431,SVETLA NAD SAZAVOU,Bohemia,Czechoslovakia,,jews_arrived,16LX,Jews probably settled at the turn of the 17th cent.,[],[],
5432,SVETLOVICHI,Gomel,Belorussia,,POP,,The J. pop. was 114 (total 717) in 1897.,[],[],
5433,SVIATSK,Oriol,Russia,,community_present,17LX,A J. community existed in the late 18th cent.,[],[],
5434,SVIERZEN-NOVY,Nowogrodek,Poland,Belarus,jews_present,16LX,Jews were probably present in small numbers in the second half of the 17th cent.,[],[],
5435,SVISLOCH,Mogilev,Belorussia,,jews_arrived,16XX,Jews settled in the 17th cent.,[],[],
5436,SVITAVY,Moravia,Czechoslovakia,,jews_arrived,19MX,Jews settled after 1848 when the residence ban was lifted.,[],[],
5437,SWARZENDZ,Poznan,Poland,,jews_arrived,16LX,invited to settle by the local nobility in the first half of the 17th cent.,[],[],
5438,SWIECIE,Pomerania,Poland,,community_founded,18XX,A community was organized in the 19th cent.,[],[],
5439,SWIENCIANY,Vilna,Poland,Lithuania,jews_arrived,15LX,settlement developed after the Lithuanian expulsions of 1496-1503,[],[],
5440,SWIENTA WOLA,Polesie,Poland,Belarus,POP,,The J. pop. in 1921 was 185 (total 615).,[],[],
5441,SWIERZE,Lublin,Poland,,first_mention,1550,Jews are first mentioned in 1550.,[],[],
5442,SWIETOCHLOWICE,Silesia,Poland,,POP,,Jews numbered 48 in 1861 ... and 100-115 in the early 20th cent.,[],[],
5443,SWINEMUENDE,Pomerania,Germany,Poland,community_present,18XX,A J. community developed in the 19th cent.,"[{'lang': 'pol', 'name': 'Świnoujście'}]",[],
5444,SWINIUCHY,Volhynia,Poland,Ukraine,first_mention,16LX,Jews are first recorded in the second half of the 16th cent.,[],[],
5445,SWIR,Vilna,Poland,Belarus,jews_present,17LX,Around 300 Jews were present in 1766.,[],[],
5446,SWIRZ,Tarnopol,Poland,Ukraine,first_mention,1563,Jews are first mentioned in 1563.,[],[],
5447,SWISLOCZ,Bialystok,Poland,,community_present,1713,An organized community existed by 1713,[],[],
5448,SYCHEVKA,Smolensk,Russia,,jews_arrived,18LX,Jews probably arrived in the late 19th cent.,[],[],
5449,SYKE,Hanover,Germany,,POP,1796,"Numbering 23 in 1796, the community grew",[],[],
5450,SYNOWODZKO-WYZNE,Stanislawow,Poland,Ukraine,jews_present,15LX,Jews were leasing land from the second half of the 16th cent.,[],[],
5451,SYRTE,Tripolitania,Libya,,community_founded,01LX,ancient J. settlement was apparently founded by exiles from Jerusalem after the destruction of the Second Temple,[],[],
5452,SZABADSZALLAS,Pest-Pilis-Solt-Kiskun,Hungary,,jews_arrived,1850,Jews were only allowed to settle in S. in 1850,[],[],
5453,SZABOLCSBAKA,Szabolcs,Hungary,,jews_arrived,17LX,Jews arrived in the late 18th cent.,[],[],
5454,SZACK,Volhynia,Poland,Ukraine,POP,,Jews numbered 238 in 1921,[],[],
5455,SZADEK,Lodz,Poland,,jews_arrived,17EX,Jews first settled in the early 18th cent.,[],[],
5456,SZAKOLY,Szabolcs,Hungary,,jews_arrived,17LX,Jews settled in the late 18th cent.,[],[],
5457,SZAMOSSALYI,Szatmar,Hungary,,jews_arrived,19LX,Jews were only allowed to settle in S. in the late 19th cent.,[],[],
5458,SZAMOSSZEG,Szatmar,Hungary,,jews_arrived,17LX,Jews probably settled in the late 18th cent.,[],[],
5459,SZAMOTULY,Poznan,Poland,,jews_arrived,1403,Jews first settled in 1403,[],"[{'event': 'Fire and depopulation', 'year': '1634', 'impact': 'Most left after quarter burned down', 'source': 'Most left after the J. quarter burned down in 1634'}, {'event': 'Community reestablished', 'year': '1714', 'impact': 'charter granted freedom of worship', 'source': 'reestablished in 1714 under a charter according freedom of worship'}]",
5460,SZANY,Sopron,Hungary,,jews_arrived,17LX,Jews arrived in the late 18th cent.,[],[],
5461,SZARKOWSZCZYZNA,Vilna,Poland,Belarus,community_present,1847,A community of 472 existed in 1847,[],[],
5462,SZARVAS,Bekes,Hungary,,jews_arrived,1842,Jews settled in 1842,[],[],
5463,SZATMARCSEKE,Szatmar,Hungary,,jews_arrived,17EX,Jews arrived in the early 18th cent.,[],[],
5464,SZATMAROKORITO,Szatmar,Hungary,,jews_arrived,17LX,Jews settled in the late 18th cent.,[],[],
5465,SZCZAKOWA,Cracow,Poland,,jews_arrived,17LX,Jews first arrived in the late 18th cent.,[],"[{'event': 'Looting and violence', 'year': '1918–1919', 'impact': 'J. property looted', 'source': 'J. property was looted by rampaging peasants and factory'}]",
5466,SZCZAWNICA-WYZNA,Cracow,Poland,,community_present,19LX,settlement began to grow from the 1880s,[],[],
5467,SZCZEBRZESZYN,Lublin,Poland,,first_mention,15EX,Jews are first mentioned in the early 16th cent.,"[{'lang': 'yid', 'name': 'Shrebshin'}]",[],
5468,SZCZEKOCINY,Kielce,Poland,,first_mention,14LX,Jews are first mentioned in the late 15th cent.,[],[],
5469,SZCZERCOW,Lodz,Poland,,jews_present,1790,Jews lived there from 1790,[],[],
5470,SZCZERZEC,Lwow,Poland,Ukraine,first_mention,1629,Jews are recorded from 1629,[],[],
5471,SZCZODROHOSZCZE,Volhynia,Poland,Ukraine,POP,,The J. pop. was approximately 100 in the 1930s.,"[{'lang': 'yid', 'name': 'Sedrovich'}]",[],
5472,SZCZUCIN,Cracow,Poland,,jews_arrived,17LX,Jews settled in the late 18th cent.,[],[],
5473,SZCZUCZYN (I),Bialystok,Poland,,jews_present,18XX,A few J. families were present in the 18th cent.,[],[],
5474,SZCZUCZYN (II),Nowogrodek,Poland,Belarus,community_present,1766,The Jews of S. and environs numbered 401 in 1766.,[],[],
5475,SZCZUROWA,Cracow,Poland,,POP,1921,The J. pop. in 1921 was 132,[],[],
5476,SZCZUROWICE,Tarnopol,Poland,Ukraine,first_mention,1570,Jews are first mentioned in 1570,[],[],
5477,SZECSENY,Nograd,Hungary,,jews_arrived,17EX,Jews settled in the early 18th cent.,[],[],
5478,SZEDRES,Tolna,Hungary,,jews_arrived,19MX,Jews settled in the mid-19th cent.,[],[],
5479,SZEGED,Csongrad,Hungary,,jews_arrived,1781,Jews first settled in 1781,[],[],
5480,SZEGHALOM,Bekes,Hungary,,jews_arrived,19EX,settled in the first half of the 19th cent.,[],[],Neologist congregation 1869; synagogue and school 1889
5481,SZEGI,Zemplen,Hungary,,POP,,The J. pop. was 72 in 1930,[],[],
5482,SZEGVAR,Csongrad,Hungary,,POP,,The J. pop. was 63 in 1930,[],[],
5483,SZEKESFEHERVAR,Feyjer,Hungary,,jews_arrived,12XX,Jews arrived in the 13th cent.,[],"[{'event': 'expulsion', 'year': '1688', 'impact': 'expelled with the Turks', 'source': 'Expelled with the Tur'}]",Community prospered during Ottoman period (1544–1688) with arrivals from Turkey and Buda
5484,SZEKSZARD,Tolna,Hungary,,jews_arrived,19EX,Jews settled in the first half of the 19th cent.,[],[],Neologist congregation 1869; J. school 1853
5485,SZELKOW NOWY,Warsaw,Poland,,POP,,The J. pop. in 1921 was 107,[],[],
5486,SZENDRO,Borsod,Hungary,,jews_arrived,18LX,settled in the late 18th cent.,[],"[{'event': 'synagogue established', 'year': '1780', 'impact': '', 'source': 'A synagogue was established in 1780'}]",Under Count Csaky's patronage; settlers from Germany
5487,SZENTENDRE,Pest-Pilis-Solt-Kiskun,Hungary,,community_founded,19EX,The modern community was founded in the early 19th cent.,[],[],Ancient presence with Romans in the third cent.
5488,SZENTES,Csongrad,Hungary,,jews_arrived,1742,Twenty J. families settled in 1742,[],[],J. school 1841; Neologist congregation 1869; pop. reached 919 in 1869
5489,SZENTGAL,Veszprem,Hungary,,jews_present,1735,Jews were present by 1735,[],[],Synagogue established in 1897
5490,SZENTGOTTHARD,Vas,Hungary,,jews_present,18XX,A few families were present throughout most of the 18th and 19th cents.,[],[],J. school 1904; pop. 178 in 1930
5491,SZENTLORINC,Baranya,Hungary,,jews_arrived,18LX,Jews settled in the late 18th cent.,[],[],Numbering 42 in 1880 and 210 in 1929
5492,SZERENCS,Zemplen,Hungary,,jews_present,1770,"In 1770, 215 Jews were present",[],[],Prominent as wine merchants in 19th cent.; 407 in 1880 and 955 in 1930
5493,SZERESZOW,Polesie,Poland,Belarus,first_mention,1583,Jews are first recorded in 1583,[],[],
5494,SZIGETVAR,Somogy,Hungary,,jews_present,16XX,Jews were present in the 17th cent.,[],"[{'event': 'synagogue erected', 'year': '1821', 'impact': '', 'source': 'erecting synagogues in 1821 and 1857'}, {'event': 'synagogue erected', 'year': '1857', 'impact': '', 'source': 'erecting synagogues in 1821 and 1857'}, {'event': 'Neologist congregation formed', 'year': '1869', 'impact': '', 'source': 'forming a Neologist congregation in 1869'}, {'event': 'J. school opened', 'year': '1879', 'impact': '', 'source': 'A J. school was opened in 1879'}]",R. Men... (incomplete source)
5495,SZIKSZO,Abauj-Torna,Hungary,,first_mention,1702,Jews are mentioned in 1702,[],[],Rabbis Shemuel b. David Ehrenfeld and Shaul Ehrenfeld active 1868–1905
5496,SZIL,Sopron,Hungary,,jews_arrived,1784,Jews settled in 1784,[],[],
5497,SZOB,Hont,Hungary,,jews_arrived,18LX,Jews settled after 1840,[],"[{'event': 'synagogue established', 'year': '1922', 'impact': '', 'source': 'A synagogue was established in 1922'}]",
5498,SZOLNOK,Jasz-Nagykun-Szolnok,Hungary,,jews_arrived,18LX,Jews settled after 1840,[],"[{'event': 'synagogue erected', 'year': '1858', 'impact': '', 'source': 'erecting a synagogue in 1858'}, {'event': 'community organized', 'year': '1869', 'impact': 'Neologist congregation formed', 'source': 'forming a Neologist congregation in 1869'}]",
5499,SZOMBATHELY,Vas,Hungary,,jews_arrived,18LX,Jews settled after 1840,[],"[{'event': 'school founded', 'year': '1846', 'impact': 'J. school founded', 'source': 'founding a J. school in 1846'}, {'event': 'Great Synagogue consecrated', 'year': '1880', 'impact': 'J. pop. reached 1,678 (13%)', 'source': 'consecrating a Great Synagogue in 1880, when the J. pop. reached 1,678 (13% of the total)'}]",
5500,SZRENSK,Warsaw,Poland,,jews_arrived,16LX,originating in the late 17th cent.,[],"[{'event': 'community existed', 'year': '1820s', 'impact': 'organized community existed', 'source': 'An organized community existed from the 1820s'}]",
5501,SZUBIN,Poznan,Poland,,jews_arrived,17EX,Jews settled in the first half of the 18th cent.,[],"[{'event': 'Prussian annexation', 'year': '1772', 'impact': 'community developed', 'source': 'The community developed after the Prussian annexation in 1772'}]",
5502,SZUMOWO NOWE,Bialystok,Poland,,jews_present,19EX,Jews were present in the early 19th cent.,[],[],
5503,SZUMSK,Volhynia,Poland,Ukraine,jews_present,17EX,Jews were present from the first half of the 18th cent.,[],"[{'event': 'infrastructure built', 'year': '1745', 'impact': 'beit midrash, bath house, stores built', 'source': 'In 1745 a Jew... built a beit midrash, bath house, and stores'}]",
5504,SZYDLOW,Kielce,Poland,,first_mention,1494,Jews are first mentioned in 1494,[],"[{'event': 'royal privilege', 'year': '1663', 'impact': 'lived as merchants', 'source': 'from 1663 were living under a royal privilege as merchants'}]",
5505,SZYDLOWIEC,Kielce,Poland,,community_present,16LX,in 1663 they were living under a royal privilege,[],"[{'event': 'demographic peak', 'year': '1770s', 'impact': '~90% of population', 'source': 'By the 1770s they comprised 90% of the pop.'}, {'event': 'community organized', 'year': '19EX', 'impact': 'organized in early 19th cent.', 'source': 'In the early 19th cen'}]",
5506,TAB,Somogy,Hungary,,jews_arrived,17EX,Jews arrived in the early 18th cent.,[],"[{'event': 'school opened', 'year': '1862', 'impact': 'J. public school opened', 'source': 'A J. public school was opened in 1862'}, {'event': 'synagogue opened', 'year': '1897', 'impact': '', 'source': 'a synagogue in 1897'}]",
5507,TABOR,Bohemia,Czechoslovakia,,first_mention,1548,Jews are first mentioned in 1548,[],"[{'event': 'community founded', 'year': '1621', 'impact': 'community founded; synagogue late 1630s', 'source': 'A community was founded in 1621 and a synagogue was erected in the late 1630s'}]",
5508,TACHOV,Bohemia,Czechoslovakia,,jews_present,12XX,Jews were apparently present in the 13th cent.,[],"[{'event': 'industrial role', 'year': 'after 1848', 'impact': 'led wood and glass industries', 'source': 'After the 1848 revolution, they played leading roles in establishing the wood and glass industries'}]",
5509,TACOVO,Carpatho-Russia,Czechoslovakia,Ukraine,jews_present,1728,Eight Jews were living in T. in 1728,"[{'lang': 'hun', 'name': 'Tecso'}, {'lang': 'yid', 'name': 'Tetsch'}]","[{'event': 'abandonment and return', 'year': '1820s', 'impact': 'Jews apparently returned', 'source': 'After abandoning the town, Jews apparently returned in the 1820s'}]",
5510,TAGANROG,Rostov,Russia,,first_mention,19EX,first mentioned in the first half of the 19th cent.,[],"[{'event': 'synagogue erected', 'year': '1860s–1870s', 'impact': 'old synagogue erected', 'source': 'The old synagogue... was erected in the late 1860s or'}]",
5511,TAJURA,Tripolitania,Libya,,community_present,19MX,The small modern community dates from the mid-19th cent.,"[{'lang': 'und', 'name': 'Tadjoura'}]",[],
5512,TAKTAHARKANY,Zemplen,Hungary,,first_mention,1812,Jews are mentioned in 1812,[],[],
5513,TALHEIM,Wuerttemberg,Germany,,jews_present,17LX,Few Jews resided in T. until the second half of the 18th cent.,[],[],
5514,TALKA,Minsk,Belorussia,,POP,,The Germans captured the town in early July 1941,[],[],
5515,TALLINN,,Estonia,,jews_present,13EX,Jews were present in the early 14th cent. under Danish rule,[],[],
5516,TALLYA,Zemplen,Hungary,,jews_arrived,17LX,Jews settled in the late 18th cent.,[],[],
5517,TALNOE,Kiev,Ukraine,,POP,,Jews numbered 11 in 1765,[],[],
5518,TALSI,Kurzeme,Latvia,,jews_arrived,18EX,Jews began settling in the early 19th cent.,"[{'lang': 'yid', 'name': 'Talsen'}]",[],
5519,TAMASI,Tolna,Hungary,,jews_arrived,19EX,Jews settled in the first half of the 19th cent.,[],[],
5520,TAMEZRET,Matmata,Tunisia,,jews_present,12LX,Algerian responsa indicate a J. presence in the 13th—14th cents.,[],[],Community dates from end of 19th cent.
5521,TANGERMUENDE,Saxony,Germany,,jews_present,13MX,Jews lived in T. from the first half of the 14th cent.,[],"[{'event': 'Black Death persecutions', 'year': '1348–1349', 'impact': '', 'source': 'They suffered in the Black Death persecutions of 1348-49'}, {'event': 'Host desecration trial aftermath (Berlin)', 'year': '1510', 'impact': '', 'source': 'and following the Host desecration trial in Berlin in 1510'}]",
5522,TANN,Hesse-Nassau,Germany,,community_founded,1750,Established in 1750,[],[],
5523,TAPIAU,East Prussia,Germany,Russia,community_present,19LX,The community maintained a synagogue and a cemetery,"[{'lang': 'rus', 'name': 'Gvardeysk'}]",[],
5524,TAPIOBICSKE,Pest-Pilis-Solt-Kiskun,Hungary,,jews_arrived,1746,Jews settled in 1746,[],[],
5525,TAPIOGYORGYE,Pest-Pilis-Solt-Kiskun,Hungary,,jews_arrived,17LX,Jews arrived in the late 18th cent.,[],[],
5526,TAPIOSULY,Pest-Pilis-Solt-Kiskun,Hungary,,jews_present,17LX,Jews are known from the late 18th cent.,[],[],
5527,TAPIOSZELE,Pest-Pilis-Solt-Kiskun,Hungary,,jews_arrived,17XX,Jews settled in the 18th cent.,[],[],
5528,TAPOLCA,Zala,Hungary,,jews_arrived,17XX,A few families settled in 18th cent.,[],[],
5529,TARASHCHA,Kiev,Ukraine,,POP,,"Jews numbered 134 in 1765 and 4,905 in 1897",[],"[{'event': 'Pillage/pogrom', 'year': '1917-04-23', 'impact': 'homes and stores pillaged and destroyed; injuries', 'source': 'Ukrainian gangs pillaged and destroyed J. homes and stores and injured'}]",
5530,TARCAL,Zemplen,Hungary,,first_mention,1746,Jews are first mentioned in 1746 as wine merchants,[],[],
5531,TARCZYN,Warsaw,Poland,,jews_arrived,18EX,Jews first settled in the early 19th cent.,[],[],
5532,TARDOSKED,Slovakia,Czechoslovakia,Republic of Slovakia,jews_arrived,17EX,Jews settled in the early 18th cent.,"[{'lang': 'hun', 'name': 'Tardoskedd'}]","[{'event': 'Expulsion', 'year': '18MX', 'impact': 'community expelled; later resettlement in early 19th cent.', 'source': 'again in the early 19th after their expulsion in the mid-18th cent.'}]",
5533,TARGOVISTE,Walachia,Rumania,,jews_arrived,16MX,Jews first settled in the mid-17th cent.,[],[],
5534,TARGOWICA,Volhynia,Poland,Ukraine,first_mention,1569,Jews are first recorded in 1569,[],"[{'event': 'WWI and civil war disruptions', 'year': '1918–1921', 'impact': 'population declined to 660 in 1921', 'source': 'after the rigors of WWI and the civil war (1918-21)'}]",
5535,TARGU-FRUMOS,Moldavia,Rumania,,jews_arrived,17MX,Jews settled here in the mid-18th cent.,[],[],
5536,TARGU-GLODURI,Moldavia,Rumania,,jews_arrived,1838,Jews settled here in 1838,[],[],
5537,TARGU-JIU,Oltania,Rumania,,community_founded,1890,The J. community was founded in 1890,[],"[{'event': 'Antisemitic press', 'year': 'Interwar', 'impact': 'antisemitic periodical appeared', 'source': 'An antisemitic periodical appeared between the World Wars'}]",
5538,TARGU LAPUSULUI,N. Transylvania,Rumania,,community_founded,c.1820,A J. community was founded c. 1820,"[{'lang': 'hun', 'name': 'Magyarlapos'}]",[],
5539,TARGU-MURES,N. Transylvania,Rumania,,jews_arrived,1601,Jews first settled in Naznan-Falva ... in 1601,"[{'lang': 'hun', 'name': 'Marosvasarhely'}, {'lang': 'ger', 'name': 'Neumark am Maros'}]",[],"formerly Uj-Szekelyvasar, Ujvasar, Szekely-vasarhely"
5540,TARGU-NEAMT,Moldavia,Rumania,,first_mention,14LX,Jews were granted the right to settle here in the late 15th cent.,[],"[{'event': 'Expulsion', 'year': '1579', 'impact': 'Jews expelled', 'source': 'In 1579 they were expelled'}, {'event': 'Readmission', 'year': '17EX', 'impact': 'permitted to return', 'source': 'They were permitted to return in the early 17th cent.'}]",
5541,TARGU-OCNA,Moldavia,Rumania,,jews_arrived,18LX,Jews settled in the late 18th cent.,[],[],
5542,TARGU SACUIESC,N. Transylvania,Rumania,,community_founded,18LX,A J. community was organized in the 1880s,"[{'lang': 'hun', 'name': 'Kezdivasarhely'}]",[],
5543,TARHUNA,Tripolitania,Libya,,jews_arrived,1923,settlement ... commenced with the entrenchment of Italian rule in 1923,[],[],
5544,TARLOW,Kielce,Poland,,jews_arrived,15LX,Jews settled in the late 16th cent.,[],[],
5545,TARNA MARE,N. Transylvania,Rumania,,community_founded,18MX,A J. community was organized here in the mid-19th cent.,"[{'lang': 'hun', 'name': 'Nagytarna'}]",[],
5546,TARNAVENI,S. Transylvania,Rumania,,community_founded,1868,A J. community was established in 1868,"[{'lang': 'hun', 'name': 'Discoszentmarton'}]",[],Attached to the Adamus community; early settlers included Sephardim from Alba-Iulia
5548,TARNAWA NIZNA,Lwow,Poland,Ukraine,POP,,The J. pop. in 1921 was 115,[],[],
5549,TARNOBRZEG-DZIKOW,Lwow,Poland,,jews_arrived,16LX,Jews settled permanently in the second half of the 17th cent.,[],[],
5550,TARNOGORA,Lublin,Poland,,community_present,18XX,A 1743 residence ban retarded the growth of the J. community,[],[],"Community attached to Izbica; remained small even after 1862 emancipation; 1921 numbered 1,097"
5551,TARNOGROD,Lublin,Poland,,first_mention,1569,receiving a royal privilege of unrestricted residence in 1569,[],"[{'event': 'Chmielnicki massacres', 'year': '1648–1649', 'impact': 'many murdered', 'source': 'Many were murdered in the Chmielnicki massacres of 1648-49'}]",
5552,TARNOPOL,Tarnopol,Poland,Ukraine,jews_arrived,1540,J. settlement began with the founding of the town in 1540,[],[],
5553,TARNORUDA,Tarnopol,Poland,Ukraine,community_founded,19XX,"Founded in the 19th cent., this community of tradesmen",[],[],
5554,TARNOW,Cracow,Poland,,jews_arrived,14XX,first J. settlers were apparently among the Germans invited into the country in the 14th and 15th cents.,[],[],
5555,TARNOWSKIE GORY,Silesia,Poland,,first_mention,1732,Jews are first mentioned in 1732,"[{'lang': 'yid', 'name': 'Tarnovich'}]",[],"By 1815 organized as an independent community; settlers from Germany, people of means"
5556,TARPA,Bereg,Hungary,,jews_arrived,18LX,Jews arrived in the late 18th cent.,[],[],Community maintained a school and other institutions
5557,TARSOLT,N. Transylvania,Rumania,,jews_arrived,18LX,Jews settled in the late 18th cent.,"[{'lang': 'hun', 'name': 'Tartolez'}]",[],
5558,TARTAKOW,Lwow,Poland,Ukraine,community_present,17EX,By the early 18th cent. they maintained an organized,[],[],Most of the first settlers were apparently Jews; town known for yearly fairs
5559,TARTU,,Estonia,,jews_present,15XX,J. peddlers and merchants were present from the 16th cent.,[],"[{'event': 'Expulsion', 'year': '1743', 'impact': '18 Jews expelled', 'source': 'In 1743, 18 Jews were expelled'}]",
5560,TARUTINO,Bessarabia,Rumania,Republic of Moldova,jews_arrived,1832,Jews first settled in 1832,"[{'lang': 'yid', 'name': 'Anciokrak'}]",[],
5561,TASNAD,N. Transylvania,Rumania,,jews_arrived,17LX,Jews settled at the end of the 18th cent.,[],[],
5562,TATAOUINE,Tataouine,Tunisia,,jews_arrived,1881,Jews settled after the establishment of the French Protectorate in 1881,"[{'lang': 'und', 'name': 'Foum Tatahouine'}]",[],
5563,TATAROW,Stanislawow,Poland,Ukraine,POP,,The J. pop. in 1921 was 129,[],[],
5564,TATARSK,Smolensk,Russia,,community_present,17MX,An organized community existed by the mid-18th cent.,[],[],
5565,TATA-TOVAROS,Komarom,Hungary,,jews_present,12XX,Jews were present in the 13th cent.,[],"[{'event': 'Turkish wars', 'year': '1529–1570', 'impact': 'most Jews killed', 'source': 'Most were killed in the Turkish wars of 1529-70'}, {'event': 'modern settlement established', 'year': '1711', 'impact': 'settlement under protection of Count', 'source': 'The modern J. settlement was established in 1711 under the protection of Count'}]",
5566,TAUBERBISCHOFSHEIM,Baden,Germany,,first_mention,1235,Jews are first mentioned in 1235,[],"[{'event': 'Crusades persecutions', 'year': '1096, 1146', 'impact': 'may have been victims of Rhineland massacres', 'source': 'may have been among the victims of the Rhineland massacres during the first two Crusades'}]",
5567,TAUBERRETTERSHEIM,Lower Franconia,Germany,,community_present,18EX,A J. community is known from the early 19th cent.,[],[],
5568,TAURAGE,Taurage,Lithuania,,jews_arrived,17XX,Jews first settled in the 18th cent.,"[{'lang': 'yid', 'name': 'Tavrig'}]",[],
5569,TAURAGENAI,Utena,Lithuania,,jews_arrived,17XX,Jews first settled here in the 18th cent.,"[{'lang': 'yid', 'name': 'Taragin'}, {'lang': 'yid', 'name': 'Toragin'}]",[],
5570,TAUTENI,Bukovina,Rumania,Ukraine,POP,1930,In 1930 the J. pop. was 80,[],[],
5571,TCZEW,Pomerania,Poland,,jews_present,14LX,J. merchants were present from the late 15th cent.,[],"[{'event': 'settlement permitted after annexation to Prussia', 'year': '1772', 'impact': 'Jews allowed to settle; first settlers traded mainly in grain', 'source': 'Jews were only allowed to settle after the annexation to Prussia in 1772. The first settlers traded mainly in grain'}]",
5572,TEACA,N. Transylvania,Rumania,,jews_arrived,18LX,Jews settled in the 1820s,"[{'lang': 'hun', 'name': 'Teke'}, {'lang': 'ger', 'name': 'Teckendorf'}]",[],
5573,TEBOURBA,Tunis,Tunisia,,jews_arrived,19LX,Jews from Tunis settled in the late 19th cent.,[],[],
5574,TEBOURSOUK,Teboursouk,Tunisia,,jews_arrived,20EX,Jews from Tunis settled in the early 20th cent.,[],[],
5575,TECUCI,Moldavia,Rumania,,jews_arrived,18LX,Jews settled in the late 18th cent.,[],"[{'event': 'refugee influx', 'year': '1899', 'impact': 'J. pop. grew to 1,606', 'source': 'In 1899 refugees from neighboring villages and hamlets settled here and the J. pop. grew to 1,606'}]",
5576,TEGLAS,Hajdu,Hungary,,jews_arrived,17LX,Jews settled in the late 18th cent.,[],[],
5577,TELSIAI,Telsiai,Lithuania,,jews_arrived,14XX,Jews first settled here in the 15th cent.,"[{'lang': 'yid', 'name': 'Telz'}, {'lang': 'yid', 'name': 'Telzh'}]",[],
5578,TEIUS,S. Transylvania,Rumania,,community_present,18MX,A J. community existed in the 1870s,"[{'lang': 'hun', 'name': 'Tovis'}]",[],
5579,TEKOVSKE SARLUHY,Slovakia,Czechoslovakia,Republic of Slovakia,jews_arrived,18LX,probably settled in the 1830s,"[{'lang': 'hun', 'name': 'Nagysallo'}]",[],
5580,TELC,Moravia,Czechoslovakia,,community_present,16MX,A J. community existed in the first half of the 17th cent.,[],[],
5581,TELCIU,N. Transylvania,Rumania,,jews_arrived,18EX,Jews settled in the early 19th cent.,"[{'lang': 'hun', 'name': 'Telcs'}]",[],
5582,TELECHANY,Polesie,Poland,,jews_arrived,17EX,Jews settled in the first half of the 18th cent.,[],[],
5583,TELEPINO,Kirovograd,Ukraine,,jews_arrived,17LX,Jews probably settled in the late 18th cent.,[],"[{'event': 'pogrom', 'year': '1919', 'impact': 'Jewish population dropped to 54 by 1926', 'source': 'dropping to 54 in 1926, conceivably as a result of a pogrom in 1919'}]",
5584,TELESNICA OSZWAROWA,Lwow,Poland,Ukraine,POP,,The J. pop. in 1921 was 100.,[],[],
5585,TELSIAI,Telsiai,Lithuania,,jews_arrived,14XX,Jews first settled here in the 15th cent.,"[{'lang': 'yid', 'name': 'Telz'}, {'lang': 'yid', 'name': 'Telzh'}]",[],
5588,TEMPELBURG,Pomerania,Germany,Poland,jews_arrived,18EX,Jews arrived here only in the early 19th cent.,"[{'lang': 'pol', 'name': 'Czaplinek'}]",[],
5589,TEOFIPOL,Kamenets-Podolski,Ukraine,,jews_arrived,17XX,Jews settled in the 18th cent.,[],[],
5590,TEPLICE,Bohemia,Czechoslovakia,,first_mention,1414,Jews are first mentioned in 1414,[],[],
5591,TEPLIK,Vinnitsa,Ukraine,,jews_arrived,17EX,J. settlement commenced in the early 18th cent.,[],"[{'event': 'Petlyura pogroms', 'year': '1919', 'impact': 'as many as 400 Jews died', 'source': 'as many as 400 Jews died as a result of Petlyura g[angs] in 1919'}]",
5592,TER APEL,Groningen,Holland,,community_founded,1880,A J. community was formed in 1880,[],[],
5593,TERBORG,Gelderland,Holland,,jews_arrived,17LX,J. settlement began in the early 18th cent.,[],[],
5594,TEREBLA,Carpatho-Russia,Czechoslovakia,Ukraine,jews_present,17EX,A number of Jews were present in the first half of the 18th cent.,"[{'lang': 'hun', 'name': 'Talaborfalu'}]","[{'event': 'Expulsion/forced departure', 'year': '', 'impact': 'Jews forced to leave', 'source': 'they were forced to leave'}]",
5595,TEREKHOVKA,Gomel,Belorussia,,POP,,"In 1939, under the Soviets, the J. pop. was 101",[],[],
5596,TERESPOL,Lublin,Poland,,jews_present,17EX,Jews were present without restrictions in the early 18th cent.,[],[],
5597,TERESVA,Carpatho-Russia,Czechoslovakia,Ukraine,jews_arrived,17EX,J. settlement apparently commenced in the first quarter of the 18th cent.,"[{'lang': 'hun', 'name': 'Tarackoz'}, {'lang': 'yid', 'name': 'Tersif'}]",[],
5598,TERLICA,Vinnitsa,Ukraine,,first_mention,1765,Eight Jews were present in 1765,[],[],
5599,TERNOVKA,Vinnitsa,Ukraine,,first_mention,1765,Four Jews were present in 1765,[],[],
5600,TESCHENMOSCHEL,Palatinate,Germany,,POP,19EX,The J. pop. was 22 in the early 19th cent.,[],[],
5601,TESTOUR,Majaz al-Bab,Tunisia,,first_mention,16EX,the early 17th cent.,[],[],"Grave of R. Fraji Chaouat, pilgrimage site for Jews"
5602,TET,Gyor-Moson,Hungary,,jews_arrived,17LX,Jews probably arrived in the late 18th cent.,[],[],
5603,TETETLEN,Hajdu,Hungary,,jews_arrived,19EX,Jews settled in the first half of the 19th cent.,[],[],
5604,TETERIN,Mogilev,Belorussia,,POP,1897,The J. pop. was 286 (total 602) in 1897,[],[],
5605,TETIEV,Kiev,Ukraine,,POP,1765,Jews numbered 708 in 1765,[],"[{'event': 'Pogroms/violence', 'year': '', 'impact': 'Cossack attacks', 'source': 'Cossack g'}]",
5606,THALA,Thala,Tunisia,,jews_arrived,20EX,Jews moved to T. with its development in the beginning of the 20th cent.,[],[],
5607,THALFANG,Rhineland,Germany,,jews_present,17LX,Three to eight J. families were living in T. in the late 18th cent.,[],[],
5608,THALMAESSING,Middle Franconia,Germany,,first_mention,1531,Jews are first mentioned in 1531,[],"[{'event': 'Expulsions', 'year': '1560', 'impact': 'Jews expelled', 'source': 'were expelled in 1560'}, {'event': 'Expulsions', 'year': '1569', 'impact': 'Jews expelled', 'source': 'and 1569'}]",
5609,THANN,Haut-Rhin,France,,community_founded,19XX,The J. community was established in the 19th cent.,[],[],"Synagogue founded 1862; pop. 630 (1885), 551 (1895), 451 (1910)"
5610,THUENGEN,Lower Franconia,Germany,,jews_arrived,16LX,settlement was started in the second half of the 17th cent. by Jews expelled,[],[],"Pop. 350 (1837, total 880); new synagogue built (date not given)"
5610,THUENGEN,,,,community_present,1305,constructed. In 1926 the community consisted of 224 Jews,[],[],
5611,THASOS,North Aegean island,Greece,,jews_present,13XX,Jews lived in T. in the 14th cent.,"[{'lang': 'ell', 'name': 'Thassos'}]",[],
5612,THEILHEIM,Lower Franconia,Germany,,community_present,16LX,A J. community existed by the late 17th cent.,[],[],Synagogue built 1751
5613,THEMAR,Thuringia,Germany,,jews_present,12XX,There were Jews living in T. in the 13th cent.,[],"[{'event': 'Persecutions of 1298', 'year': '1298', 'impact': 'community ceased; no mention until mid-19th cent.', 'source': 'After the persecutions of 1298, there is no mention ... until the mid-19th cent.'}, {'event': 'Community reestablished', 'year': '1865–1867', 'impact': 'local ... (organizations) established', 'source': 'In 1865 and 1867, the loca'}]",
5614,THEODOSIA,Crimea,Russia,Ukraine,community_present,09XX,A J. community existed in the tenth cent.,"[{'lang': 'rus', 'name': 'Feodosiya'}]",[],Modern community established in late 18th cent.; two synagogues
5615,THIONVILLE,Moselle,France,,first_mention,1546,Jews are recorded as living in T. from 1546,[],[],About 20 families in 1780; synagogue founded (year not fully given)
5616,THOLEY,Saar,Germany,,first_mention,1729,A J. butcher is mentioned in 1729,[],[],"Pop. 23 c. 1829; 91 in 1895; maintained cemetery, prayer room"
5617,THUENGEN,Lower Franconia,Germany,,jews_arrived,16LX,settlement was started in the second half of the 17th cent. by Jews expelled,[],[],"Pop. 350 (1837, total 880); new synagogue built (date not given)"
5617,THUENGEN,,,,community_present,1305,constructed. In 1926 the community consisted of 224 Jews,[],[],
5618,TIARLEVO,Leningrad,Russia,,jews_arrived,19EX,Jews probably settled in the early 20th cent.,[],[],"Pop. 216 (1939, total 5,794)"
5619,TIBANA,Moldavia,Rumania,,jews_arrived,1859,Jews first settled in T. in 1859,[],[],Pop. 122 (1899); 86 (12%) in 1930
5620,TIBAVA,Slovakia,Czechoslovakia,Republic of Slovakia,jews_present,17EX,A number of Jews ... were present in the early 18th cent.,"[{'lang': 'hun', 'name': 'Tiba'}]",[],"Pop. 174 (1880, total 4..)"
5624,TIGANASI,Moldavia,Rumania,,community_founded,1856,T. was founded by Jews in 1856,[],[],
5625,TIGHINA,Bessarabia,Rumania,Republic of Moldova,jews_arrived,17LX,Jews first settled in the late 18th cent.,"[{'lang': 'hun', 'name': 'Bendery'}]",[],
5626,TIKHINICHI,Gomel,Belorussia,,jews_arrived,17LX,Jews settled in the late 18th cent.,[],[],
5627,TIKHORETSK,Krasnodar territory,Russia,,jews_arrived,18EX,Jews probably settled in the early 19th cent.,[],[],
5628,TIKHVIN,Leningrad,Russia,,jews_arrived,18LX,J. settlement probably began in the late 19th cent.,[],[],
5629,TILBURG,Noord-Brabant,Holland,,jews_arrived,17LX,began settling in T. in the late 18th cent.,[],[],
5630,TILSIT,East Prussia,Germany,Russia,jews_arrived,19EX,Jews settled in T. at the beginning of the 19th cent.,"[{'lang': 'rus', 'name': 'Sovetsk'}]",[],
5631,TILZA,Latgale,Latvia,,POP,,The J. pop. in 1935 was 61,[],[],
5632,TIMISOARA,S. Transylvania,Rumania,,jews_arrived,16LX,J. exiles from Spain ... settled c. 1515,"[{'lang': 'hun', 'name': 'Temesvar'}, {'lang': 'ger', 'name': 'Temesvar'}]",[],
5633,TIMKOVICHI,Minsk,Belorussia,,jews_arrived,18EX,Jews probably settled at the turn of the 18th cent.,[],[],
5634,TIMOSHEVTS (SOVKHOZ),Krasnodar territory,Russia,,,,On 17 Aug. 1942 the Germans murdered 21 Jews,[],[],
5635,TINCA,S. Transylvania,Rumania,,jews_arrived,18LX,Jews first settled in the late 19th cent.,"[{'lang': 'hun', 'name': 'Tenke'}]",[],
5636,TINNYE,Pest,Hungary,,community_present,1840,A community of 216 existed in 1840,[],[],
5637,TIRASPOL,Moldavia,,Republic of Moldova,jews_arrived,17LX,Jews settled in the late 18th cent.,[],"[{'event': 'pogroms', 'year': '', 'impact': '', 'source': 'The Jews suffered during pog'}]",
5638,TIRKSLIAI,Mazeikiai,Lithuania,,jews_arrived,17XX,Jews first settled here in the 18th cent.,"[{'lang': 'yid', 'name': 'Tirkshle'}]","[{'event': 'expulsion', 'year': '1915', 'impact': 'Jews expelled; only some returned', 'source': 'In 1915 the Jews were expelled and only some'}]",
5639,TIRSCHTIEGEL,Posen-West,Germany,Poland,first_mention,1745,A 1745 document ... indicates that Jews had been living,"[{'lang': 'pol', 'name': 'Trzciel'}]",[],
5640,TIRZA,Courland,Latvia,,community_present,19XX,The small 19th cent. community,"[{'lang': 'yid', 'name': 'Tarzik'}]",[],
5641,TISOVEC,.,Czechoslovakia,Republic of Slovakia,jews_arrived,18MX,Jews settled c. 1850,"[{'lang': 'hun', 'name': 'Tiszolc'}]",[],
5642,TISZABERCEL,Szabolcs,Hungary,,first_mention,1770,Jews are first mentioned in 1770,[],[],
5643,TISZABEZDED,Szabolcs,Hungary,,first_mention,1747,Jews are first mentioned in 1747,[],"[{'event': 'Anti-Jewish riots', 'year': '1938', 'impact': 'savagely attacked', 'source': 'In 1938, they were savagely attacked by rioters'}]",
5644,TISZABO,Jasz-Nagykun-Szolnok,Hungary,,jews_arrived,16EX,Jews probably settled in the early 17th cent.,[],[],
5645,TISZABUD,Szabolcs,Hungary,,jews_present,1770,Jews were present in 1770,[],[],
5646,TISZACSEGE,Hajdu,Hungary,,POP,,The J. pop. was 135 in 1930,[],[],
5647,TISZADADA,Szabolcs,Hungary,,jews_arrived,17LX,Jews arrived in the late 18th cent.,[],[],
5648,TISZADOB,Szabolcs,Hungary,,jews_arrived,17LX,Jews settled in the late 18th cent.,[],[],
5649,TISZADOROGMA,Borsod,Hungary,,jews_arrived,19EX,Jews settled in the early 19th cent.,[],[],
5650,TISZAESZLAR,Szabolcs,Hungary,,jews_arrived,19EX,Jews settled in the early 19th cent.,[],"[{'event': 'Blood libel accusation', 'year': '1882', 'impact': '13 Jews implicated', 'source': 'infamous blood libel of 1882, in which 13 Jews were implicated'}]",
5651,TISZAFOLDVAR,Jasz-Nagykun-Szolnok,Hungary,,first_mention,1853,Jews are first mentioned in 1853,[],[],
5652,TISZAFURED,Heves,Hungary,,jews_arrived,17LX,Jews settled in the late 18th cent.,[],[],
5653,TISZALOK,Szabolcs,Hungary,,jews_present,16EX,Jews were present in the early 17th cent.,[],[],
5654,TISZALUC,Zemplen,Hungary,,jews_present,16XX,Jews are known from the 17th cent.,[],[],
5655,TISZAROFF,Jasz-Nagykun-Szolnok,Hungary,,jews_arrived,19EX,Jews settled in the first half of the 19th cent.,[],[],
5656,TISZASZALKA,Bereg,Hungary,,first_mention,19MX,first mentioned in the mid-19th cent.,[],[],
5657,TISZASZENTIMRE,Jasz—Nagykun-Szolnok,Hungary,,jews_arrived,18EX,Jews arrived in the early 19th cent.,[],"[{'event': 'antisemitic attacks', 'year': '1920–1922', 'impact': 'Jews suffered attacks', 'source': 'The Jews suffered from attacks in the early 1920s'}]",
5658,TISZASZENTMARTON,Szabolcs,Hungary,,first_mention,1770,Jews are mentioned in 1770,[],[],
5659,TITEL,Vojvodina,Yugoslavia,,community_founded,18LX,community was established in the second half of the 19th cent.,[],[],
5660,TIVROV,Vinnitsa,Ukraine,,POP,,Jews numbered 353 in 1765,[],[],
5661,TLUMACZ,Stanislawow,Poland,Ukraine,first_mention,15LX,Jews are first recorded in the late 16th cent.,[],"[{'event': 'community destruction', 'year': '17XX', 'impact': 'community destroyed', 'source': 'The community was destroyed in the 17th cent.'}]",
5662,TLUMACZYK,Stanislawow,Poland,Ukraine,POP,,The J. pop. in 1921 was 127,[],"[{'event': 'antisemitism', 'year': '1921', 'impact': 'facing severe antisemitism', 'source': 'facing severe antisemitism'}]",
5663,TLUSTE,Tarnopol,Poland,Ukraine,jews_arrived,16LX,Jews first settled in T. in the late 17th cent.,"[{'lang': 'yid', 'name': 'Toist'}]",[],
5664,TLUSTE WIES,Tarnopol,Poland,Ukraine,POP,,The J. pop. in 1921 was 185,[],[],
5665,TLUSZCZ,Warsaw,Poland,,community_founded,19EX,The J. settlement was founded in the early 20th cent.,[],[],
5666,TOKAJ,Zemplen,Hungary,,jews_arrived,17EX,Jews from Poland arrived in the first half of the 18th cent.,[],[],
5667,TOKOL,Pest-Pilis-Solt-Kiskun,Hungary,,jews_arrived,17LX,Jews settled in the late 18th cent.,[],[],
5668,TOLCSVA,Zemplen,Hungary,,first_mention,1723,Jews are first mentioned in 1723,[],[],
5669,TOLNA,Tolna,Hungary,,jews_arrived,15XX,arrived with the Turks in the 16th cent.,[],"[{'event': 'community refounded', 'year': '1735', 'impact': 'modern community beginning', 'source': 'the modern community beginning in 1735'}]",
5670,TOLOCHIN,Vitebsk,Belorussia,,first_mention,1717,Jews are first mentioned in 1717,[],[],
5671,TOMASHOW MAZOWIECKI,Lodz,Poland,,jews_arrived,1815,The first Jews came in 1815,[],[],
5672,TOMASHPOL,Vinnitsa,Ukraine,,POP,,The J. pop. was 531 in 1765,[],"[{'event': 'civil war pogroms', 'year': '1918–1921', 'impact': 'Petlyura and other gangs attacked Jews', 'source': 'During the civil war (1918-21), the Petlyura and other gangs attacked Jews'}]",
5673,TOMASZGOROD,Volhynia,Poland,Ukraine,POP,1921,The J. pop. in 1921 was 159,[],[],
5674,TOMASZOW LUBELSKI,Lublin,Poland,,first_mention,15LX,Jews are first mentioned in the late 16th cent.,[],[],
5675,TOPLITA,N. Transylvania,Rumania,,community_founded,18LX,A J. community was organized in the 1830s,"[{'lang': 'hun', 'name': 'Marosheviz'}]",[],
5676,TOPOLCANY,Slovakia,Czechoslovakia,Republic of Slovakia,jews_present,13XX,J. merchants were present in the city in the 14th cent.,"[{'lang': 'hun', 'name': 'Nagytapolcsany'}]",[],
5677,TOPOROW,Tarnopol,Poland,Ukraine,jews_arrived,1603,Jews appeared with the founding of T. in 1603,[],[],
5678,TOROPETZ,Kalinin,Russia,,jews_arrived,18MX,Jews probably settled in the mid-19th cent.,[],[],
5678,TOROPETZ,,,,POP,1315,TOROPETZ 1315,[],[],
5679,TORACENI,Bukovina,Rumania,Ukraine,POP,1930,The J. pop. of 61 in 1930,[],[],
5680,TORCZYN,Volhynia,Poland,Ukraine,jews_arrived,16XX,Jews settled in the 16th cent.,[],"[{'event': 'Chmielnicki massacres', 'year': '1648–1649', 'impact': 'community suffered', 'source': 'suffered in the Chmielnicki massacres of 1648-49'}]",
5681,TORGOVITSA,Kirovograd,Ukraine,,jews_arrived,17LX,Jews probably settled in the late 18th cent.,[],"[{'event': 'pogroms', 'year': '1918-12-10 and 1918-12-18', 'impact': 'pogroms were staged', 'source': 'On 10 and 18 Dec. 1918, pogroms were staged'}]",
5682,TORNALA,Slovakia,Czechoslovakia,Republic of Slovakia,jews_arrived,18MX,Jews may have arrived in the mid-19th cent.,[],[],
5683,TORNYOSPALCA,Szabolcs,Hungary,,first_mention,1770,Jews are mentioned in 1770,[],[],
5684,TOROKBALINT,Pest-Pilis-Solt-Kiskun,Hungary,,jews_arrived,18LX,Jews settled in the late 19th cent.,[],[],
5685,TOROKSZENTMIKLOS,Jasz-Nagykun-Szolnok,Hungary,,community_founded,1840,Jews were allowed to settle in T. in 1840,[],[],
5686,TOROPETZ,Kalinin,Russia,,jews_arrived,18MX,Jews probably settled in the mid-19th cent.,[],[],
5686,TOROPETZ,,,,POP,1315,TOROPETZ 1315,[],[],
5687,TORUN (I),Pomerania,Poland,,jews_present,17XX,by the 18th cent. a few J. families had settled,"[{'lang': 'ger', 'name': 'Thorn'}]",[],
5688,TORUN (II),Carpatho-Russia,Czechoslovakia,Ukraine,jews_arrived,17LX,settlement apparently began at the turn of the 18th cent.,"[{'lang': 'hun', 'name': 'Toronya'}]",[],
5689,TOTKOMLOS,Bekes,Hungary,,jews_arrived,18LX,Jews settled in the late 19th cent.,[],[],
5690,TOULON,Var,France,,community_present,12XX,The J. community dates from the 13th cent.,[],"[{'event': 'Black Death persecutions', 'year': '1348–1349', 'impact': 'community destroyed; Jewish quarter attacked, houses pillaged', 'source': 'community was destroyed during the Black Death persecutions in 1348-49 when the J. quarter was attacked, houses were pillaged'}]",
5691,TOULOUSE,Haute-Garonne,France,,first_mention,1020,The J. presence dates from 1020,[],"[{'event': 'Imprisonment of Jews', 'year': '1217', 'impact': 'all were imprisoned', 'source': 'In 1217 all were imprisoned'}]",
5692,TOURS,Indre-et-Loire,France,,community_present,05XX,The J. community dates back to the sixth cent.,[],[],
5693,TOUSTE,Tarnopol,Poland,Ukraine,jews_present,17EX,Jews lived there from the early 18th cent.,[],[],
5694,TOVACOV,Moravia,Czechoslovakia,,jews_present,15MX,Jews were probably present in the mid-15th cent.,[],"[{'event': 'Swedish destruction (Thirty Years’ War period)', 'year': '', 'impact': 'synagogue and cemetery destroyed', 'source': 'They maintained a synagogue and cemetery, both destroyed by the Swedi'}]",
5695,TOZEUR,Tozeur,Tunisia,,community_present,19EX,A J. community living in its own quarter is known from the early 20th cent.,[],[],
5696,TRABELSDORF,Upper Franconia,Germany,,jews_present,17MX,Jews are known from the mid-18th cent.,[],[],
5697,TRABY,Nowogrodek,Poland,Belarus,jews_present,17EX,A small J. settlement probably existed in the early 18th cent.,[],"[{'event': 'Fire', 'year': '', 'impact': 'about 400 Jews made homeless', 'source': 'About 400 Jews were made homeless by a'}]",
5698,TRACHENBERG,Upper Silesia,Germany,Poland,jews_present,15XX,Jews were present in the 16th and 17th cents.,"[{'lang': 'pol', 'name': 'Żmigród'}]",[],
5699,TRAKANY,Slovakia,Czechoslovakia,Republic of Slovakia,POP,,The J. pop. was 188 in 1880 and 103 in 1941.,"[{'lang': 'hun', 'name': 'Tarkany'}]",[],
5700,TRAPPSTADT,Lower Franconia,Germany,,first_mention,1686,Jews are first mentioned in 1686,[],[],
5701,TRAVNIK,Bosnia-Hercegovina,Yugoslavia,Republic of Bosnia,jews_arrived,16LX,Sephardi Jews first arrived in T. at the end of the 17th cent.,[],[],
5702,TRAWNIKI,Lublin,Poland,,jews_arrived,19LX,Jews settled in the late 19th cent.,[],[],
5703,TREBIC,Moravia,Czechoslovakia,,first_mention,09XX,Tradition speaks of a synagogue dating to the tenth cent.,[],"[{'event': 'Pulkau blood libel persecutions', 'year': '1338', 'impact': 'a number of Jews murdered', 'source': 'A number of Jews were murdered in T. during the Pulkau blood libel of 1338'}, {'event': 'Royal destruction of community', 'year': '', 'impact': 'community destroyed', 'source': 'King Matthias Corvinus destroye'}]",
5704,TREBISOV,Slovakia,Czechoslovakia,Republic of Slovakia,first_mention,1736,Jews are mentioned in 1736,"[{'lang': 'hun', 'name': 'Toketerebes'}, {'lang': 'yid', 'name': 'Terebesh'}]",[],
5705,TREBNITZ,Lower Silesia,Germany,,first_mention,1346,One Jew was present in 1346,"[{'lang': 'pol', 'name': 'Trzebnica'}]",[],
5706,TREBON,Bohemia,Czechoslovakia,,jews_arrived,18EX,Jews settled in the first half of the 19th cent.,[],[],
5707,TREBUR,Hesse,Germany,,community_founded,17XX,Founded in the 18th cent.,[],[],
5708,TREBUSANY,Carpatho-Russia,Czechoslovakia,Ukraine,jews_arrived,1840,Jews probably settled in the 1840s,"[{'lang': 'hun', 'name': 'Terebesfejerpatak'}]",[],
5709,TREIS,Rhineland,Germany,,POP,,In the first two-thirds of the 19th cent. the J. pop. was between 30 and 40,[],[],
5710,TREIS AN DER LUMDA,Hesse,Germany,,community_present,1654,"The community, dating from 1654",[],[],
5711,TREMBOWLA,Tarnopol,Poland,,jews_present,15MX,A small community was maintained from the mid-16th cent,[],[],
5712,TRENCIANSKA TEPLA,Slovakia,Czechoslovakia,Republic of Slovakia,jews_arrived,18EX,Jews probably settled in the early 19th cent.,[],[],
5713,TRECIANSKE TEPLICE,Slovakia,Czechoslovakia,Republic of Slovakia,jews_arrived,17EX,Jews arrived in the isolated village in the early 18th,[],[],
5714,TRENCIN,Slovakia,Czechoslovakia,Republic of Slovakia,community_present,14XX,"one of the oldest in Slovakia, dating back to the Middle Ages",[],[],
5715,TREPTOW AN DER REGA,Pomerania,Germany,Poland,first_mention,1695,first Jew to receive a letter of protection... is mentioned in 1695,"[{'lang': 'pol', 'name': 'Trzebiatow'}]",[],
5716,TREST,Moravia,Czechoslovakia,,community_founded,1426,Jews expelled from Jihlava in 1426 probably founded the community,[],[],
5717,TREUBURG,East Prussia,Germany,Poland,jews_present,1834,The J. presence dates from 1834,"[{'lang': 'pol', 'name': 'Olecko'}]",[],
5718,TREUCHTLINGEN,Middle Franconia,Germany,,first_mention,14LX,victims of the Black Death persecutions of 1348-49,"[{'lang': 'yid', 'name': 'Troilingen'}]","[{'event': 'Black Death persecutions', 'year': '1348–1349', 'impact': 'Jews among victims', 'source': 'Jews were among the victims of the Black Death persecutions of 1348-49'}]",
5719,TREYSA,Hesse-Nassau,Germany,,community_founded,17XX,Established in the 18th cent.,[],[],
5720,TRIER,Rhineland,Germany,,first_mention,1066,The first explicit reference to it dates from 1066,"[{'lang': 'fre', 'name': 'Treves'}]","[{'event': 'First Crusade massacres', 'year': '1096', 'impact': 'community suffered massacres', 'source': 'In 1096, during the massacres of the First Crusade'}]",
5721,TRIESTE,,Italy,,first_mention,1236,Jews are first mentioned in 1236,[],"[{'event': 'Attempted expulsion', 'year': '1583', 'impact': 'attempts failed', 'source': 'Attempts to expel the Jews in 1583 failed'}]",
5722,TRIKALA,Thessaly,Greece,,jews_present,-9XX,Jews probably lived in T. in ancient times,"[{'lang': 'und', 'name': 'Triccala'}, {'lang': 'und', 'name': 'Trikkala'}, {'lang': 'und', 'name': 'Tirhala'}]","[{'event': 'Expulsion to Istanbul', 'year': '1453', 'impact': 'Jews expelled by Turks', 'source': 'The Turks expelled the Jews to Istanbul in 1453'}]",
5723,TRINEC,Silesia,Czechoslovakia,,jews_arrived,18LX,Jews settled after 1848 following a long-standing ban on settlement,[],[],Affiliated with Cesky Tesin congregation; no independent community
5724,TRIP,N. Transylvania,Rumania,,jews_arrived,17LX,Jews settled at the end of the 18th cent.,"[{'lang': 'hun', 'name': 'Terep'}]",[],
5725,TRIPOLI,Tripoli,Libya,,jews_arrived,-9XX,"Jews first arrived as merchants in the Phoenician period, in the ninth cent. B.C.E.",[],[],Large community in Roman and Byzantine periods (pre-1930 context)
5726,TRITTENHEIM,Rhineland,Germany,,first_mention,1702,Jews are mentioned in 1702,[],[],Protected Jews accorded residence rights up to late 18th cent.; 46 residents in 1808
5727,TRNAVA,Slovakia,Czechoslovakia,Republic of Slovakia,jews_present,11XX,The J. settlement dates from the 12th cent.,"[{'lang': 'hun', 'name': 'Nagyszombat'}, {'lang': 'ger', 'name': 'Tyrnau'}]",[],
5728,TRNOVEC,Slovakia,Czechoslovakia,Republic of Slovakia,community_present,18XX,independent community with a synagogue and cemetery,"[{'lang': 'hun', 'name': 'Tornoc'}]",[],About 120 Jews in the 1880s; 54 remained in 1930
5729,TROKI,Vilna,Poland,Lithuania,jews_arrived,13LX,Karaites settling in the late 14th cent.,[],[],Karaites defined as Jews by Polish authorities; status of free residents with broad rights
5730,TRONDHEIM,,Norway,,jews_arrived,18LX,The first Jews arrived in the 1890s,[],[],Community organized in 1905 (Mosaic Religious Congregation); purchased local railroad station building in 1923 for synagogue
5731,TROSKUNAI,Panevezys,Lithuania,,community_founded,17LX,The J. community began to organize at the end of the 18th cent.,"[{'lang': 'yid', 'name': 'Trashkon'}]",[],Hasidic and Mitnaggedim synagogues; 779 Jews (61%) in 1897
5732,TROSTYANETS,Vinnitsa,Ukraine,,POP,1765,Jews numbered 119 in 1765,[],[],"2,421 Jews (of 4,421) in 1897; Jews prominent among storekeepers and artisans in late 19th cent."
5733,TROYANOV,Zhitomir,Ukraine,,jews_arrived,18XX,Jews settled in the 18th cent.,[],"[{'event': 'Epidemic deaths', 'year': '1788', 'impact': '13 Jews perished', 'source': 'Thirteen perished in an epidemic in 1788'}]","1,469 Jews (of 7,224) in 1897; Aharon David Gordon born here"
5734,TROYANOWKA,Volhynia,Poland,,jews_arrived,16LX,Jews settled in the second half of the 17th cent.,[],[],212 Jews (of 647) in 1921
5735,TROYES,Aube,France,,community_present,11XX,One of the most important centers of medieval Judaism,[],[],Birthplace of Rashi (1040–1105); founded a yeshiva later headed by his students
5736,TROYITSKOYE,Odessa,Ukraine,,POP,1897,"The J. pop. was 587 (total 3,028) in 1897",[],[],220 Jews in 1939; Jewish library and club active in 1920s
5737,TRSTENA,Slovakia,Czechoslovakia,Republic of Slovakia,jews_arrived,17LX,Jews probably settled in the 1770s,[],[],Formed a Neologist congregation after the split in 1869; synagogue built in the 1880s; school also built
5738,TRUBCHEVSK,Oriol,Russia,,jews_arrived,18MX,Jews probably settled in the mid-19th cent.,[],[],
5739,TRUDOLUBOVKA,Zaporozhe,Ukraine,,community_founded,1848,founded T. as a J. colony in 1848,[],[],
5740,TRUDY,Vitebsk,Belorussia,,POP,,"The J. pop. was 123 (total 1,463) in 1926",[],[],
5741,TRUSKAWIEC,Lwow,Poland,Ukraine,POP,,In 1880 the J. pop. stood at 58 (5% of the total),[],[],
5742,TRUSKOLASY,Kielce,Poland,,jews_present,18LX,with the development of the tourist industry in the late 19th cent.,[],[],
5743,TRUTNOV,Bohemia (Sudetenland),Czechoslovakia,,first_mention,1545,Jews are mentioned in 1545,[],[],
5744,TRYBUCHOWCE,Tarnopol,Poland,Ukraine,POP,,The J. pop. in 1921 was 138,[],[],
5745,TRYPOLE,Kiev,Ukraine,,jews_arrived,16LX,Jews settled in the late 16th cent.,[],"[{'event': 'Chmielnicki massacres', 'year': '1648–1649', 'impact': 'community murdered; later resettled in 19th cent.', 'source': 'They were murdered during the Chmielnicki massacres of 1648-49'}]",
5746,TRYSKIAI,Siauliai,Lithuania,,jews_arrived,16LX,Jews first settled at the end of the 17th cent.,"[{'lang': 'und', 'name': 'Trishik'}]",[],
5747,TRZCIANKA,Bialystok,Poland,,POP,,"The J. pop. in 1921 was 129 (total 1,143)",[],[],
5748,TRZCIANNE,Bialystok,Poland,,jews_present,17XX,Jews were present in the three villages ... in the 18th cent.,[],[],
5749,TRZEBINIA,Cracow,Poland,,jews_arrived,16LX,Jews first settled in the late 17th cent.,"[{'lang': 'yid', 'name': 'Chabin'}]",[],
5750,TSEBRIKOVKA,Odessa,Ukraine,,community_present,20XX,"During the Soviet period, dozens of J. families earned their livelihoods in a new colony nearby","[{'lang': 'und', 'name': 'Tsebrikovo'}, {'lang': 'und', 'name': 'Govnunstal'}]",[],
5751,TSURIUPINSK,Nikolaiev,Ukraine,,jews_arrived,19EX,Jews settled in the early 19th cent.,"[{'lang': 'und', 'name': 'Aleshki'}]",[],
5752,TUBRUQ,Cyrenaica,Libya,,jews_arrived,1911,Jews began to arrive ... after the Italian occupation of 1911,"[{'lang': 'und', 'name': 'Tobrouk'}]",[],
5753,TUCHOLA,Pomerania,Poland,,jews_arrived,1772,Jews settled after the annexation to Prussia in 1772,[],[],
5754,TUCHOW,Cracow,Poland,,community_present,19MX,Residence restrictions severely limited J. settlement until 1865,[],[],
5755,TUCZYN,Volhynia,Poland,Ukraine,jews_arrived,16EX,Jews probably arrived in the early 17th cent.,[],[],
5756,TUEBINGEN,Wuerttemberg,Germany,,jews_present,12XX,Jews were present in the 13th cent.,[],"[{'event': 'Black Death persecutions', 'year': '1348–1350', 'impact': 'Jews expelled', 'source': 'They were expelled in the Black Death pe'}]",
5757,TUKUMS,Zemgale,Latvia,,jews_arrived,1795,began arriving ... after the commencement of Russian rule in 1795,[],[],
5758,TULCEA,Dobruja,Rumania,,jews_arrived,19EX,Jews settled in the early 19th cent.,[],"[{'event': 'Annexation to Rumania; immigration', 'year': '1878', 'impact': 'community expanded with arrivals from southern Bessarabia', 'source': 'expanded with Jews arriving from southern Bessarabia in 1878 when T. was annexed to Rumania'}]",
5759,TULCHIN,Vinnitsa,Ukraine,,first_mention,1648,Jews are first mentioned as victims of the Chmielnicki massacres of 1648-49,[],"[{'event': 'Chmielnicki massacres', 'year': '1648–1649', 'impact': '1,500 of 2,000 Jews killed', 'source': 'when 1,500 of the 2,000 living there were killed'}]",
5760,TULGHES,N. Transylvania,Rumania,,jews_arrived,19EX,Jews settled in the early 19th cent.,"[{'lang': 'hun', 'name': 'Gyergyotolgyes'}]",[],
5761,TULISZKOW,Lodz,Poland,,jews_arrived,19EX,Jews first settled early in the 19th cent.,[],[],
5762,TUNIS,Tunis,Tunisia,,jews_arrived,09XX,settlement in T. probably commenced in the tenth cent.,[],[],
5763,TURBOV,Vinnitsa,Ukraine,,jews_present,1863,Eighteen Jews were present in 1863.,[],"[{'event': 'Pogrom', 'year': '1919-07-09', 'impact': 'pogrom staged', 'source': 'A pogrom was staged on 9 July 1919.'}]",
5764,TUNYOG,Szatmar,Hungary,,jews_arrived,19EX,Jews settled in the early 19th cent.,[],[],
5765,TURA,Pest-Pilis-Solt-Kiskun,Hungary,,jews_arrived,17MX,Jews arrived in the mid-18th cent.,[],[],
5766,TURA LUKA,Slovakia,Czechoslovakia,Republic of Slovakia,POP,,The J. pop. was over 150 in 1880.,[],[],
5767,TURANY,Slovakia,Czechoslovakia,Republic of Slovakia,POP,,The J. pop. grew from 59 in 1828 to 161 in 1880,[],[],
5768,TURBOV,Vinnitsa,Ukraine,,jews_present,1863,Eighteen Jews were present in 1863.,[],"[{'event': 'Pogrom', 'year': '1919-07-09', 'impact': 'pogrom staged', 'source': 'A pogrom was staged on 9 July 1919.'}]",
5769,TURCIANSKY SVATY MARTIN,Slovakia,Czechoslovakia,Republic of Slovakia,jews_arrived,17EX,Jews settled by the early 18th cent.,"[{'lang': 'hun', 'name': 'Turocszentmarton'}]","[{'event': 'Synagogue erected', 'year': '1820s', 'impact': 'synagogue built; Neologist community formed', 'source': 'They erected a synagogue in the 1820s and formed a Neologist'}]",
5770,TURDA,S. Transylvania,Rumania,,jews_arrived,18LX,Jews from N. Transylvania and Hungary settled in 1780-1800,"[{'lang': 'hun', 'name': 'Torda'}]",[],
5771,TUREK,Lodz,Poland,,jews_present,18XX,Jews lived there from the 19th cent.,[],[],
5772,TURIN,Piedmont,Italy,,first_mention,15EX,presence... first recorded in 1424 and again in 1430,"[{'lang': 'ita', 'name': 'Torino'}]",[],
5773,TURKA,Lwow,Poland,Ukraine,jews_arrived,1729,Jews arrived in 1729,[],[],
5774,TURKEVE,Jasz—Nagykun-Szolnok,Hungary,,jews_arrived,1848,Jews from Abony settled after 1848,[],[],
5775,TURNA NAD BODVOU,,Czechoslovakia,Republic of Slovakia,jews_arrived,19EX,Jews probably arrived in the early 19th cent.,[],[],
5776,TURNOV,Bohemia,Czechoslovakia,,community_present,1526,An organized community is first mentioned in 1526,[],[],
5777,TURNU-MAGURELE,Walachia,Rumania,,jews_arrived,1367,Jews settled here in 1367,[],[],
5778,TURNU-SEVERIN,Oltania,Rumania,,jews_arrived,1829,"Jews, mainly Sephardi from Cerneti, settled in 1829",[],[],
5779,TUROBIN,Lublin,Poland,,jews_arrived,16LX,Jews may have settled in the late 16th cent.,[],[],
5780,TUROV,Polesie,Belorussia,,community_present,1623,In 1623 the Jews of T. were under the jurisdiction of the Pinsk community,[],"[{'event': 'pogrom', 'year': '1920', 'impact': 'pogrom staged by', 'source': 'In a 1920 pogrom staged b'}]",
5781,TURT,N. Transylvania,Rumania,,community_founded,19EX,Jews from Galicia organized a community in the early 19th cent.,"[{'lang': 'hun', 'name': 'Turcz'}]",[],
5782,TURULUNG,N. Transylvania,Rumania,,jews_arrived,18LX,Jews settled in the late 18th cent.,"[{'lang': 'hun', 'name': 'Turterebes'}]",[],
5783,TURYANREMETY,Carpatho-Russia,Czechoslovakia,Ukraine,jews_arrived,19EX,Jews probably settled in the early 19th cent.,"[{'lang': 'hun', 'name': 'Turjaremete'}, {'lang': 'yid', 'name': 'Remit'}]",[],
5784,TURZA WIELKA,Stanislawow,Poland,Ukraine,POP,,The J. pop. in 1921 was 201,[],[],
5785,TURZE,Lwow,Poland,,POP,,The J. pop. in 1921 was 179,[],[],
5786,TURZEC,Nowogrodek,Poland,Ukraine,community_present,15MX,A J. community is known from the mid-16th cent.,[],[],
5787,TURZOVKA,Slovakia,Czechoslovakia,Republic of Slovakia,first_mention,1746,Jews are mentioned in 1746.,"[{'lang': 'hun', 'name': 'Turzofalva'}]",[],
5788,TURZYSK,Volhynia,Poland,Ukraine,jews_arrived,15MX,Jews settled in the mid-16th cent.,"[{'lang': 'yid', 'name': 'Trisk'}]",[],
5789,TUSZYN,Lodz,Poland,,jews_present,16XX,Jews lived there from the 17th cent.,[],[],
5790,TUZLA,Bosnia-Hercegovina,Yugoslavia,Republic of Bosnia,community_founded,1890,A Sephardi community was established in 1890.,[],[],
5791,TUZSER,Szabolcs,Hungary,,jews_arrived,17EX,Jews arrived in the first half of the 18th cent.,[],[],
5792,TVERAI,Telsiai,Lithuania,,POP,1923,The J. pop. in 1923 was 102 (18% of the total).,"[{'lang': 'yid', 'name': 'Tver'}]",[],
5793,TVRDOSIN,Slovakia,Czechoslovakia,Republic of Slovakia,jews_arrived,16EX,Jews settled in the early 17th cent,[],[],
5794,TWIERDZA,Lwow,Poland,Ukraine,POP,1921,The J. pop. in 1921 was 148 (total 512).,[],[],
5795,TWISTRINGEN,Hanover,Germany,,jews_present,1833,"By 1833, there were 31 Jews living in the town",[],"[{'event': 'community_founded', 'year': '1845', 'impact': 'community established; synagogue opened', 'source': 'a community was established in 1845... opened a synagogue'}]",
5796,TYCZYN,Lwow,Poland,,jews_arrived,14XX,Jews settled in the 15th cent.,[],[],
5797,TYKOCIN,Bialystok,Poland,,jews_arrived,1522,Ten J. families from Grodno settled in 1522 under a charter of privileges,"[{'lang': 'yid', 'name': 'Tiktin'}]",[],
5798,TYLICZ,Cracow,Poland,,jews_arrived,17LX,Jews settled in the late 18th cent.,[],[],
5799,TYN NAD VLTAVOU,Bohemia,Czechoslovakia,,first_mention,1569,Jews are mentioned in 1569,[],"[{'event': 'expulsion', 'year': '1684', 'impact': 'Jews expelled', 'source': 'In 1684, they were expelled'}]",
5800,TYRAWA WOLOSKA,Lwow,Poland,Ukraine,jews_arrived,17XX,Jews settled in the 18th cent.,[],"[{'event': 'WWI violence', 'year': '', 'impact': 'following a Russian occupation', 'source': 'In wwi, following a re'}]",
5801,TYSHKOVKA,Kirovograd,Ukraine,,POP,1939,"The J. pop. in 1939 was 138 (total 6,122).",[],[],
5802,TYSMIENICA,Stanislawow,Poland,Ukraine,first_mention,14XX,Jews are mentioned in the 15th cent.,[],[],
5803,TYSZKOWCE,Stanislawow,Poland,,POP,,The J. pop. in 1921 was 129.,[],[],
5804,TYSZOWCE,Lublin,Poland,,jews_present,15LX,Jews were present in the late 16th cent.,[],[],principal community in the Chelm-Belz region; meetings of the C...
5805,TYTUVENAI,Raseiniai,Lithuania,,jews_arrived,18XX,Jews first settled in the 19th cent.,"[{'lang': 'yid', 'name': 'Tzitevyian'}]",[],
5806,TYUKOD,Szatmar,Hungary,,jews_arrived,17LX,Jews settled in the late 18th cent.,[],[],
5807,UBLA,Slovakia,Czechoslovakia,Republic of Slovakia,jews_arrived,18EX,Jews settled in the early 19th cent.,[],[],
5808,UCHANIE,Lublin,Poland,,first_mention,1640,Jews as grain merchants are mentioned from 1640.,[],[],
5809,UCKANGE,Moselle,France,,community_founded,1730,A small J. community was established in 1730.,[],[],
5810,UDEN,Noord-Brabant,Holland,,community_present,1859,A community existed from 1859,[],[],
5811,UDINE,,Italy,,jews_present,12LX,presence ... dates from the end of the 13th cent.,[],"[{'event': 'Restrictions', 'year': '1424', 'impact': 'Jews forced to ...', 'source': 'In 1424, Jews were forced to'}]",
5812,UDOBINSKYI,Krasnodar territory,Russia,,POP,,county listing without early presence data,[],[],
5813,UEBERLINGEN,Baden,Germany,,jews_present,12XX,Jews were present in the 13th cent.,[],"[{'event': 'Black Death persecutions', 'year': '1348–1349', 'impact': 'victimized', 'source': 'Jews were victimized in the Black Death persecutions of 1348-49.'}]",
5814,UEDEM,Rhineland,Germany,,POP,,19th cent. J. community numbered 67 (1871),[],[],
5815,UEHLFELD,Middle Franconia,Germany,,community_present,15EX,A J. community existed in the first half of the 16th cent.,[],"[{'event': 'Expulsion', 'year': '1583', 'impact': 'Jews expelled', 'source': 'The Jews were expelled in 1583'}]",
5816,UELZEN,Hanover,Germany,,jews_present,1828,Two J. families were living there in 1828,[],[],
5817,UERDINGEN,Rhineland,Germany,,POP,,"population figures 1822-23, 1933",[],"[{'event': 'Black Death persecutions', 'year': '1348–1349', 'impact': 'Jews victimized', 'source': 'Jews were victimized in the Black Death persecutions of 1348-49.'}]",
5818,UFFENHEIM,Middle Franconia,Germany,,jews_present,12LX,Jews were present in the second half of the 13th cent.,[],"[{'event': 'Rindfleisch massacres', 'year': '1298', 'impact': 'Jews among the victims', 'source': 'among the victims of the Rindfleisch ... massacres in 1298'}, {'event': 'Armleder massacres', 'year': '1336', 'impact': 'Jews among the victims', 'source': 'among the victims of the ... Armleder massacres in 1336'}]",
5819,UGALE,Courland,Latvia,,POP,,The J. pop. in 1930 was 24.,[],[],
5820,UHERSKE HRADISTE,Moravia,Czechoslovakia,,first_mention,1342,Jews are mentioned in 1342.,[],"[{'event': 'Expulsion', 'year': '1514', 'impact': 'Jews expelled; community ended', 'source': 'They were expelled in 1514'}]",Returned only in the mid-19th cent.; synagogue erected in 1875.
5821,UHERSKY BROD,Moravia,Czechoslovakia,,jews_arrived,12LX,Jews probably settled in the region around 1270,[],[],First mentioned in town in 1470.
5822,UHLA,Carpatho-Russia,Czechoslovakia,Ukraine,jews_arrived,18EX,J. settlement probably dates from the early 19th cent.,"[{'lang': 'hun', 'name': 'Uglya'}, {'lang': 'yid', 'name': 'Igle'}]",[],
5823,UHLIRSKE JANOVICE,Bohemia,Czechoslovakia,,first_mention,1686,Jews are first mentioned in 1686.,[],"[{'event': 'Fire', 'year': '1904', 'impact': 'Jewish homes destroyed', 'source': 'In 1904 ... fires destroyed J. homes'}, {'event': 'Fire', 'year': '1913', 'impact': 'Jewish homes and synagogue destroyed', 'source': 'in 1913 fires destroyed J. homes, including the synagogue'}]",Jewish school opened in 1849.
5824,UHNOW,Lwow,Poland,Ukraine,community_present,15XX,A small J. community dates from the 16th cent.,"[{'lang': 'yid', 'name': 'Hivnov'}]",[],"Began to grow in the late 18th cent.; pop. 2,140 by turn of century."
5825,UHORSKA VES,Slovakia,Czechoslovakia,Republic of Slovakia,jews_present,17EX,"Jews were present in the early 18th cent., possibly before.","[{'lang': 'hun', 'name': 'Magyarfalu'}]",[],Formed a Status Quo congregation after the 1869 split.
5826,UIOARA,S. Transylvania,Rumania,,jews_arrived,19MX,Jews first settled in the mid-19th cent.,"[{'lang': 'und', 'name': 'Ocna Muresului'}, {'lang': 'hun', 'name': 'Marosuyvar'}]",[],Many worked in salt mines and related businesses.
5827,UITHOORN-MIJDRECHT,Noord-Holland-Utrecht,Holland,,jews_arrived,17LX,Jews first settled there in the late 18th cent.,[],[],Numbered 106 in 1860; 29 members in 1938.
5828,UJAZD,Lodz,Poland,,jews_arrived,16LX,Jews settled in the second half of the 17th cent.,[],[],Iron ore discovery in late 18th cent. gave employment; early 19th cent. developments.
5829,UJFEHERTO,Szabolcs,Hungary,,jews_arrived,17EX,Jews settled in the early 18th cent.,[],[],Most traded in farm produce; Hasidism of R. Shalom Eliezer Halberstam dominant; Jewish school opened 1870.
5830,UJKECSKE,Pest-Pilis-Solt-Kiskun,Hungary,,jews_arrived,1770,Jews apparently first settled in 1770,[],[],Organized community c. 1816; population data 1869 and later.
5831,UJLAK,Slovakia,Czechoslovakia,Republic of Slovakia,jews_arrived,17MX,Jews arrived by the mid-18th cent.,"[{'lang': 'hun', 'name': 'Bodzasujlak'}]",[],Probably formed independent community with synagogue and cemetery in the 1840s.
5832,UJPEST,Pest—Pilis-Solt-Kiskun,Hungary,,community_founded,1835,J. settlement began when Yitzhak Loewy ... set up a factory ... in 1835 and a synagogue in 1839.,[],[],He obtained various religious rights.
5833,UKMERGE,Ukmerge,Lithuania,,jews_arrived,16XX,Jews began settling in the 17th cent.,"[{'lang': 'yid', 'name': 'Vilkomir'}]",[],Fire in 1877; Lord Nathaniel Rothschild aided rehabilitation; major Jewish center for centuries.
5834,ULANOV,Vinnitsa,Ukraine,,jews_arrived,17EX,Jews probably settled in the early 18th cent.,[],[],
5835,ULANOW,Lwow,Poland,,community_present,17LX,the Jews soon reestablished themselves,[],"[{'event': 'Chmielnicki massacres', 'year': '1648–1649', 'impact': 'first settlement wiped out', 'source': 'The first J. settlement was wiped out in the Chmielnicki massacres of 1648-49'}]",
5836,ULASZKOWCE,Tarnopol,Poland,Ukraine,community_present,18XX,The J. community began to develop in the 19th cent.,"[{'lang': 'yid', 'name': 'Lashkavitz'}, {'lang': 'yid', 'name': 'Lashavitz'}]",[],
5837,ULAZOW,Lwow,Poland,Ukraine,POP,,The J. pop. in 1921 was 180,[],[],
5838,ULIANOVKA,Odessa,Ukraine,,community_present,19LX,"In the 1930s, under the Soviets, many Jews worked in a sugar refinery",[],[],
5839,ULLA,Vitebsk,Belorussia,,jews_arrived,17EX,Jews settled in the early 18th cent.,[],[],
5840,ULM,Wuerttemberg,Germany,,jews_arrived,12EX,Jews settled in the first half of the 13th cent.,[],"[{'event': 'Black Death persecutions', 'year': '1349', 'impact': 'Jewish quarter stormed; community destroyed', 'source': 'In 1349 the quarter was storme'}]",
5841,ULMBACH,Hesse-Nassau,Germany,,POP,19LX,Numbering 61 (5% of the total) in 1885,[],[],now part of Steinau
5842,ULMENI,N. Transylvania,Rumania,,jews_arrived,17LX,Jews settled in the late 18th cent.,"[{'lang': 'hun', 'name': 'Sulelmed'}]",[],
5843,ULRICHSTEIN,Hesse,Germany,,jews_arrived,13LX,Jews first settled there in 1347,[],[],
5844,ULRUM-LEENS,Groningen,Holland,,community_present,17XX,A J. community existed from the 18th cent.,[],[],
5845,ULUCZ,Lwow,Poland,,POP,,The J. pop. in 1921 was 210,[],[],
5846,UMAN,Kiev,Ukraine,,jews_arrived,16XX,Jews settled in the 17th cent.,[],"[{'event': 'Haidamak raid', 'year': '1729', 'impact': 'all Jews murdered', 'source': 'In 1729, all the Jews were murdered in a Haidamak raid'}, {'event': 'Haidamak uprising (Zheleznyak)', 'year': '1768', 'impact': 'massacre of Jews', 'source': 'in 1768 the Haidamaks under Zheleznyak'}]",
5847,UNETCHA,Oriol,Russia,,community_present,20EX,allowed again in 1903,[],"[{'event': 'residence ban', 'year': '1882–1903', 'impact': 'Jewish residence banned until 1903', 'source': 'J. residence was banned in 1882 but allowed again in 1903'}]",
5848,UNGEDANKEN,Hesse-Nassau,Germany,,community_founded,16LX,Established according to tradition by refugees from the Chmielnicki massacres (1648-49),[],[],now part of Fritzlar
5849,UNGURMUIZA,Latgale,Latvia,,POP,,The J. pop. in 1930 was 16,[],[],
5850,UNIEJOW,Lodz,Poland,,jews_present,17MX,Jews lived here from the mid-18th cent.,[],[],
5851,UNNA,Westphalia,Germany,,first_mention,1304,The first J. family is mentioned in 1304,[],[],
5852,UNSLEBEN,Lower Franconia,Germany,,first_mention,1571,Jews are mentioned in 1571,[],[],
5853,UNTERALTERTHEIM,Lower Franconia,Germany,,jews_present,16EX,Jews were present in the first half of the 17th cent.,[],[],
5854,UNTEREISENHEIM,Lower Franconia,Germany,,POP,,The J. pop. in 1897 was 48,[],[],
5855,UNTERERTHAL,Lower Franconia,Germany,,community_present,16EX,A J. community is known from the first half of the 17th cent.,[],"[{'event': 'Thirty Years War', 'year': '1618–1648', 'impact': 'some fled to Hammelburg', 'source': 'Some fled to Hammelburg during the Thirty Years War (1618-48)'}, {'event': 'Expulsion', 'year': '1671', 'impact': 'others were expelled', 'source': 'others were expelled in 1671'}]",
5856,UNTERGROMBACH,Baden,Germany,,jews_present,16LX,Jews were present during the Thirty Years War (1618-48),[],"[{'event': 'Restrictions by Bishop August Karl Philip', 'year': '1770s', 'impact': 'most left the region', 'source': 'Most left the region under the severe restrictions imposed by Bishop August Karl Philip in the 1770s'}]",
5857,UNTERMERZBACH,Lower Franconia,Germany,,jews_present,17LX,Jews from U. frequented the Leipzig fairs in 1685-1762,[],[],
5858,UNTERRIEDENBERG,Lower Franconia,Germany,,community_present,17LX,A J. community was present from at least the late 18th cent.,[],[],
5859,UPYNA,Taurage,Lithuania,,POP,,"Prior to WWII, there were 20-30 J. families",[],[],
5860,URBERACH,Hesse,Germany,,POP,,Numbering 44 (3% of the total) in 1880,[],[],
5861,URETCHE,Minsk,Belorussia,,jews_arrived,17LX,Jews apparently settled at the turn of the 18th cent.,[],"[{'event': 'Pogrom by retreating soldiers', 'year': '1920', 'impact': 'raid by Polish soldiers mid-July 1920', 'source': 'retreating Polish soldiers went on a ra'}]",
5862,URISOR,N. Transylvania,Rumania,,jews_arrived,17MX,Jews first settled in the mid-18th cent.,"[{'lang': 'hun', 'name': 'Alor'}]",[],
5863,URITSK,Leningrad,Russia,,POP,1925,had a J. pop. of 43 in 1925,[],[],
5864,URMIN,Slovakia,Czechoslovakia,Republic of Slovakia,jews_present,18EX,they soon returned. A synagogue was built c. 18,[],"[{'event': 'Expulsion from mining region', 'year': '1727', 'impact': 'region closed to Jews; expelled', 'source': 'in 1727 this mining region was closed to Jews and they were expelled'}]",
5865,URSPRINGEN,Lower Franconia,Germany,,jews_arrived,17EX,The first Jews settled in the early 17th cent.,[],"[{'event': 'Expulsion from Wuerzburg', 'year': '', 'impact': 'settlers arrived after expulsion', 'source': 'after their expulsion from Wuerzburg'}]",
5866,URYCZ,Stanislawow,Poland,,POP,,The J. pop. in 1921 was 151,[],[],
5867,URZENDOW,Lublin,Poland,,jews_present,17XX,Jews were present from the 18th cent.,[],[],
5868,URZICENI,Walachia,Rumania,,jews_arrived,1865,Jews settled from 1865,[],[],
5869,USCIECZKO,Tarnopol,Poland,Ukraine,community_present,17XX,A small community existed in the 18th cent.,[],[],
5870,USCIE ZIELONE,Tarnopol,Poland,Ukraine,first_mention,15MX,Jews are first mentioned in 1552,[],[],
5871,USCILUG,Volhynia,Poland,Ukraine,jews_present,16XX,Jews were present in the 17th cent.,"[{'lang': 'yid', 'name': 'Ustilla'}]",[],
5872,USHACHI,Vitebsk,Belorussia,,first_mention,16LX,Jews are first mentioned in the late 17th cent.,[],[],
5873,USHOMIR,Zhitomir,Ukraine,,first_mention,1750,Jews are first mentioned in 1750,[],[],
5874,USINGEN,Hesse-Nassau,Germany,,jews_present,16XX,Jews lived there from the 17th cent.,[],[],
5875,USLAR,Hanover,Germany,,community_present,19XX,Belonging to a regional community centered in Bodenfelde (1843),[],[],
5876,USPENSKOYE,Krasnodar territory,Russia,,POP,,no presence timing provided,[],[],
5877,USTEK,Bohemia,Czechoslovakia,,first_mention,15XX,are only mentioned from the 16th cent.,[],[],
5878,USTI NAD LABEM,Bohemia,Czechoslovakia,,jews_present,15LX,Jews were probably present before 1556,[],"[{'event': 'Expulsion', 'year': '', 'impact': 'community expelled; later return in late 19th cent.', 'source': 'were subsequently expelled and only returned in the late 19th cent.'}]",
5879,UST-LABINSKAYA,Krasnodar territory,Russia,,POP,,no presence timing provided,[],[],
5880,USTRON,Silesia,Poland,,POP,,Never exceeding much more than a hundred Jews,[],[],
5881,USTRZYKI DOLNE,Lwow,Poland,Ukraine,community_founded,19EX,The Jews were among the first settlers of the town when it was founded in the early 19th cent.,"[{'lang': 'yid', 'name': 'Istrik'}]",[],
5882,USVIYATY,Smolensk,Russia,,jews_arrived,17LX,Jews probably settled in the late 18th cent.,[],[],
5883,USZNIA,Tarnopol,Poland,Ukraine,POP,,The J. pop. in 1921 was 120.,[],[],
5884,UTENA,Utena,Lithuania,,first_mention,15XX,Graves from the 16th cent. attest to a J. presence.,"[{'lang': 'yid', 'name': 'Utiyan'}]",[],
5885,UTRECHT,Utrecht,Holland,,first_mention,12LX,first record of a J. presence ... dates back to 1231,[],"[{'event': 'Expulsion', 'year': '1444', 'impact': 'Jews expelled', 'source': 'In 1444 the Jews were expelled'}]",
5886,UVAROVICHI,Gomel,Belorussia,,POP,,"The J. pop. was 622 (total 2,046) in 1897.",[],[],
5887,UVAROVO,Moscow,Russia,,jews_arrived,19EX,Jews probably settled in the early 20th cent.,[],[],
5888,UZDA,Minsk,Belorussia,,jews_arrived,17EX,J. settlement probably commenced in the first half of the 18th cent.,[],"[{'event': 'Pogrom/violence', 'year': '1920-07-12–1920-07-13', 'impact': 'retreating Polish soldiers attack noted', 'source': 'On 12-13 July 1920, retreating Polish so'}]",
5889,UZHOROD,Carpatho-Russia,Czechoslovakia,Ukraine,first_mention,16LX,Jews are mentioned in the late 17th cent.,"[{'lang': 'hun', 'name': 'Ungvar'}]",[],
5890,UZOK,Carpatho-Russia,Czechoslovakia,Ukraine,jews_arrived,18EX,Jews probably settled in the first half of the 19th cent.,"[{'lang': 'hun', 'name': 'Uzsok'}]",[],
5891,UZPALIAI,Utena,Lithuania,,jews_arrived,17XX,Jews settled in the 18th cent.,"[{'lang': 'yid', 'name': 'Ushpal'}]",[],
5892,UZVENTIS,Siauliai,Lithuania,,jews_arrived,17XX,The first Jews arrived in the 18th cent.,"[{'lang': 'yid', 'name': 'Uzshvent'}]","[{'event': 'Fire', 'year': '1939-06', 'impact': 'damage to community reported', 'source': 'In June 1939 a fire s'}]",
5893,UZVIN,Vinnitsa,Ukraine,,POP,,Jews numbered 40 in 1765,[],[],
5894,VABALNINKAS,Birzai,Lithuania,,jews_arrived,16XX,Jews began settling here in the 17th cent.,"[{'lang': 'yid', 'name': 'Vavolnik'}]",[],
5895,VAC,Pest,Hungary,,community_present,15XX,A J. settlement existed under Turkish rule in the 16th cent.,[],"[{'event': 'Destruction of town', 'year': '1684', 'impact': 'settlement abandoned', 'source': 'abandoned with the destruction of the town in 1684'}]",Renewed in the mid-19th cent.
5896,VACHA,Thuringia,Germany,,jews_arrived,13EX,Jews settled in V. in the first half of the 14th cent.,[],"[{'event': 'Black Death persecutions', 'year': '1348–1349', 'impact': 'Jews expelled', 'source': 'They were expelled during the Black Death persecutions of 1348-49'}]",
5897,VACHNOVKA,Vinnitsa,Ukraine,,POP,,"The J. pop. was 2,404 (total 5,371) in 1897.",[],"[{'event': 'Fire', 'year': '1884', 'impact': '120 Jewish homes destroyed', 'source': 'In an 1884 fire, 120 J. homes were destroyed.'}]",Synagogue believed to be one of the oldest in the region
5898,VAD,N. Transylvania,Rumania,,jews_arrived,18EX,Jews settled in the early 19th cent.,"[{'lang': 'hun', 'name': 'Farkasrév'}]",[],
5899,VADOKLIAI,Panevezys,Lithuania,,POP,,The J. pop. in 1923 was 79.,[],[],
5900,VADU RASCU,Bessarabia,Rumania,Republic of Moldova,jews_arrived,1812,Jews settled after the Russian conquest of 1812,"[{'lang': 'yid', 'name': 'Rashkev'}]",[],
5901,VAIGUVA,Siauliai,Lithuania,,jews_arrived,19XX,Jews began settling in the 19th cent.,"[{'lang': 'yid', 'name': 'Vaigeve'}]",[],
5902,VAINODE,Kurzeme,Latvia,,community_present,19XX,A small community existed before WWI in the newly founded town,[],[],
5903,VAINUTAS,Taurage,Lithuania,,jews_arrived,16XX,Jews began settling in the 17th cent.,"[{'lang': 'yid', 'name': 'Vainute'}]",[],
5904,VAJA,Szabolcs,Hungary,,first_mention,1770,Jews are mentioned in 1770,[],[],
5905,VAJDACSKA,Zemplen,Hungary,,jews_arrived,18EX,Jews probably arrived in the early 19th cent.,[],[],
5906,VALASSKE MEZIRICI,Moravia,Czechoslovakia,,community_founded,1891,The J. community was established in 1891,[],[],
5907,VALCAUL DE JOS,N. Transylvania,Rumania,,jews_arrived,18LX,Jews settled in the late 18th cent.,"[{'lang': 'hun', 'name': 'AlsóváIko'}]",[],
5908,VALDEMARPILS,Kurzeme,Latvia,,jews_present,17EX,Jews were present in the first quarter of the 18th cent.,[],[],
5909,VALEA LUI MIHAI,N. Transylvania,Rumania,,jews_arrived,18LX,Jews from Galicia settled around 1780,"[{'lang': 'hun', 'name': 'Érmihályfalva'}]",[],
5910,VALEA LUI VLAD,Bessarabia,Rumania,Republic of Moldova,community_founded,1836,This J. settlement dates from 1836,[],[],
5911,VALEA-REA,Moldavia,Rumania,,jews_arrived,18EX,Jews settled here in the early 19th cent.,[],[],
5912,VALEGOTSULOVO,Odessa,Ukraine,,jews_arrived,19EX,Jews settled in the early 19th cent.,[],"[{'event': 'pogrom', 'year': '1882', 'impact': '', 'source': 'A pogrom was staged in 1882'}]",
5913,VALENCIENNES,Nord,France,,community_founded,19XX,A small J. community was established in the 19th cent.,[],[],
5914,VALGA,.,Estonia,.,community_founded,1859,community was founded in 1859 by three J. soldiers,[],[],
5915,VALKA,Vidzeme,Latvia,.,community_founded,18LX,community was established in the 1860s,[],[],
5916,VALKENBURG,Limburg,Holland,.,community_present,1792,A community existed by 1792,[],[],
5917,VALLENDAR,Rhineland,Germany,.,jews_present,14XX,Jews were present in the 15th cent.,[],[],
5918,VALMIERA,Vidzeme,Latvia,.,jews_present,19EX,first Jews were Cantonists conscripted into the Russian army,[],[],
5919,VALPOVO,Croatia,Yugoslavia,Republic of Croatia,POP,,The J. pop. was 157 in 1931,[],[],
5920,VAMA (I),N. Transylvania,Rumania,.,jews_arrived,18LX,Jews settled in the late 19th cent.,"[{'lang': 'hun', 'name': 'Vamfalu'}]",[],
5921,VAMA (II),Bukovina,Rumania,.,jews_arrived,19LX,Jews settled in the late 19th cent.,[],[],
5922,VAMOSMIKOLA,Bars-Hont,Hungary,.,jews_arrived,18MX,Jews settled in the early 19th cent.,[],[],
5923,VAMOSPERCS,Hajdu,Hungary,.,jews_arrived,18MX,Jews settled in the first half of the 19th cent.,[],[],
5924,VANDZIOGALA,Kaunas,Lithuania,.,jews_arrived,16XX,Jews first settled here in the 17th cent.,"[{'lang': 'yid', 'name': 'Vendzigole'}]",[],
5925,VAPNYARKA,Vinnitsa,Ukraine,.,jews_present,1784,Eight Jews were present in 1784,[],"[{'event': 'Pogrom/Black Hundreds attack', 'year': '1905-10-', 'impact': '.', 'source': '1905, 150 members of the Black Hundreds'}]",
5926,VARAKLANI,Latgale,Latvia,.,community_founded,17LX,community was established in the late 18th cent.,"[{'lang': 'yid', 'name': 'Varaklian'}]",[],
5927,VARAZDIN,Croatia,Yugoslavia,Republic of Croatia,jews_arrived,17LX,Jews settled at the end of the 18th cent.,[],[],
5928,VAREL,Oldenburg,Germany,.,jews_arrived,16LX,Jews arrived in the late 17th cent.,[],[],
5929,VARENA,Alytus,Lithuania,.,jews_present,18MX,A few Jews lived in V. in the mid-18th cent.,"[{'lang': 'yid', 'name': 'Aran'}]",[],
5930,VARIN,Slovakia,Czechoslovakia,Republic of Slovakia,jews_arrived,17LX,Jews settled around the turn of the 18th cent.,"[{'lang': 'hun', 'name': 'Varna'}]",[],
5931,VARNIAI,Telsiai,Lithuania,,jews_arrived,16XX,Jews began settling in the 17th cent.,"[{'lang': 'yid', 'name': 'Vorne'}]",[],
5932,VARNSDORF,Bohemia (Sudetenland),Czechoslovakia,,jews_arrived,18LX,Jews apparently settled only in the late 19th cent.,[],[],
5933,VARPALOTA,Veszprem,Hungary,,jews_arrived,17EX,J. settlement dating from the early 18th cent.,[],[],
5934,VARVAROVKA,Nikolaiev,Ukraine,,jews_arrived,18EX,Jews probably settled in the early 19th cent.,[],"[{'event': 'pogrom', 'year': '1905', 'impact': 'community attacked', 'source': 'In 1905 they were attacked in a pogrom.'}]",
5935,VARY,Carpatho-Russia,Czechoslovakia,Ukraine,jews_arrived,17MX,Jews probably settled in the mid-18th cent.,"[{'lang': 'hun', 'name': 'Vari'}]",[],
5936,VASAROSNAMENY,Bereg,Hungary,,jews_arrived,17EX,Jews settled in the early 18th cent.,[],[],
5937,VASILAU,Bukovina,Rumania,,community_present,18LX,A J. community existed in the late 19th cent.,[],[],
5938,VASILEVICHI,Polesie,Belorussia,,jews_present,19XX,A small number of Jews were apparently present in the 19th cent.,[],[],
5939,VASILEVKA,Zaporozhe,Ukraine,,POP,,"In 1939, the J. pop. was 97 (total 5,620).",[],[],
5940,VASILKOV,Kiev,Ukraine,,POP,1799,"Jews numbered 1,478 in 1799",[],[],
5941,VASKAI,Birzai,Lithuania,,jews_arrived,16XX,The first Jews settled here in the 17th cent.,"[{'lang': 'und', 'name': 'Konstantinovo'}]","[{'event': 'WWI expulsion', 'year': '', 'impact': 'Jews expelled; some returned later', 'source': 'In WWI the Jews were expelled, some returning later.'}]",
5942,VASKOVICHI,Zhitomir,Ukraine,,jews_arrived,18EX,Jews settled in the early 19th cent,[],[],
5943,VASLUI,Moldavia,Rumania,,jews_arrived,17EX,Jews first settled in the early 18th cent.,[],[],
5944,VASVAR,Vas,Hungary,,jews_present,12XX,Jews were present in the 13th cent.,[],"[{'event': 'Turkish destruction', 'year': '16XX', 'impact': 'town destroyed; Jews later resettled', 'source': 'after the Turkish destruction of V. in the 16th cent.'}]",
5945,VATRA-DORNEI,Bukovina,Rumania,,jews_arrived,16XX,Jews first settled in the 17th cent.,[],[],
5946,VATRA-MOLDOVITEI,Bukovina,Rumania,,jews_arrived,18MX,Jews settled in the mid-19th cent.,[],[],
5947,VCHERAISHE,Zhitomir,Ukraine,,jews_present,18MX,Jews were present in the area but not in the town in the mid-19th cent.,[],[],
5948,VECA,Slovakia,Czechoslovakia,Republic of Slovakia,jews_arrived,17LX,Jews settled in the 1740s,"[{'lang': 'hun', 'name': 'Vagvecse'}]",[],
5949,VECSES,Pest-Pilis-Solt-Kiskun,Hungary,,community_founded,1904,The organized community dates from 1904,[],[],
5950,VEENDAM EN WILDERVANK,Groningen,Holland,,jews_present,16LX,Jews lived in V. and W. from the late 17th,[],[],
5951,VEENENDAAL,Utrecht,Holland,,jews_present,16MX,Jews were present in the mid-17th cent.,[],[],
5952,VEGERIAI,Mazeikiai,Lithuania,,POP,,The J. pop. in 1940 was 50,"[{'lang': 'yid', 'name': 'Veger'}]",[],
5953,VEGHEL,Noord-Brabant,Holland,,jews_present,17XX,Jews lived in V. from the 18th cent.,[],[],
5954,VEISIEJAI,Seinai,Lithuania,,jews_arrived,17XX,Jews began settling here in the 18th cent.,"[{'lang': 'yid', 'name': 'Vishai'}]","[{'event': 'WWI expulsion', 'year': '1914–1918', 'impact': 'all Jews expelled; half returned later', 'source': 'During WWI the Russian army expelled all the Jews, half of whom returned'}]",
5955,VEITSHOECHHEIM,Lower Franconia,Germany,,community_founded,1730,synagogue dating from 1730,"[{'lang': 'heb', 'name': 'Hechi'}]",[],
5956,VEIVIRZENAI,Kretinga,Lithuania,,jews_present,1662,A small group of Jews was living here in 1662,"[{'lang': 'yid', 'name': 'Verzhan'}]",[],
5957,VELATIN,Carpatho-Russia,Czechoslovakia,Ukraine,jews_arrived,17LX,Jews probably settled at the turn of the 18th cent.,"[{'lang': 'hun', 'name': 'Velete'}]",[],
5958,VELBERT,Rhineland,Germany,,POP,,The J. pop. was 38 in 1871,[],[],
5959,VELEDNIKI,Zhitomir,Ukraine,,community_present,1757,permitted J. tailors and furriers to form a guild in 1757,[],[],
5960,VELIKA DOBRON,Carpatho-Russia,Czechoslovakia,Ukraine,jews_arrived,19EX,Jews probably settled in the early 19th cent,"[{'lang': 'hun', 'name': 'Nagydobrony'}, {'lang': 'yid', 'name': 'Groys Dobron'}]",[],
5961,VELIKA KOPANA,Carpatho-Russia,Czechoslovakia,Ukraine,jews_arrived,17MX,Jews probably settled in the mid-18th cent.,"[{'lang': 'hun', 'name': 'Felsoveresmart'}, {'lang': 'yid', 'name': 'Groys Kopanie'}]",[],
5962,VELIKE GEJOVCE,Carpatho-Russia,Czechoslovakia,Ukraine,jews_arrived,17LX,Jews probably settled in the late 18th cent.,"[{'lang': 'hun', 'name': 'Nagygejoc'}, {'lang': 'yid', 'name': 'Gevits'}]",[],
5963,VELIKE KOMNATY,Carpatho-Russia,Czechoslovakia,Ukraine,first_mention,16LX,Jews are first mentioned in the late 17th cent.,"[{'lang': 'hun', 'name': 'Magyarkomjat'}, {'lang': 'yid', 'name': 'Komyat'}]","[{'event': 'abandonment', 'year': '18LX', 'impact': 'community abandoned', 'source': 'Apparently they abandoned the town in the late 18th cen'}]",
5964,VELIKE LOUCKY,Carpatho-Russia,Czechoslovakia,Ukraine,jews_arrived,17LX,Jews probably settled in the late 18th cent.,"[{'lang': 'hun', 'name': 'Nagylucska'}, {'lang': 'yid', 'name': 'Groys Litshik'}]",[],
5965,VELIKIT ZHVANCHIK,Kamenets-Podolski,Ukraine,,jews_arrived,17XX,Jews arrived in the 18th cent.,[],[],
5966,VELIKIYE LUKI,Kalinin,Russia,,jews_present,18MX,J. settlement probably began in the mid-19th cent.,[],[],
5967,VELIKY BOCKOV,Carpatho-Russia,Czechoslovakia,Ukraine,jews_arrived,18EX,Jews settled in the early 18th cent.,"[{'lang': 'hun', 'name': 'Nagybocsko'}, {'lang': 'yid', 'name': 'Bychkev'}]","[{'event': 'abandonment', 'year': '', 'impact': 'town abandoned after initial settlement', 'source': 'The town was then abandoned'}]",
5968,VELIKY PALAD,Carpatho-Russia,Czechoslovakia,Ukraine,POP,,About 40 J. families were living in V. between the World Wars,"[{'lang': 'hun', 'name': 'Nagypalad'}, {'lang': 'yid', 'name': 'Groys Palad'}]",[],
5969,VELIKY RAKOVEC,Carpatho-Russia,Czechoslovakia,Ukraine,jews_present,1728,Six J. families were present in 1728,"[{'lang': 'hun', 'name': 'Nagyrakoc'}, {'lang': 'yid', 'name': 'Groys Rakovits'}]",[],
5970,VELIUONA,Kaunas,Lithuania,,jews_arrived,14XX,The first Jews arrived here in the 15th cent.,"[{'lang': 'yid', 'name': 'Velon'}]","[{'event': 'WWI expulsions', 'year': '1914–1918', 'impact': 'all Jews expelled; some returned after war', 'source': 'in WWI the Russians expelled all the Jews, some returned after the war'}]",
5971,VELIZH,Smolensk,Russia,,jews_arrived,17MX,Jews probably settled in the mid-18th cent.,[],"[{'event': 'blood libel trials', 'year': '1823–1835', 'impact': 'a number of Jews stood ...', 'source': 'In 1823-35, a number of Jews stood'}]",
5972,VELKA BYTCA,Slovakia,Czechoslovakia,Republic of Slovakia,jews_present,18EX,A few Jews were present in the early 18th cent.,"[{'lang': 'hun', 'name': 'Nagybicscse'}]",[],
5973,VELKA IDA,Slovakia,Czechoslovakia,Republic of Slovakia,jews_arrived,17LX,Jews probably settled in the late 18th cent.,"[{'lang': 'hun', 'name': 'Nagyida'}]","[{'event': 'synagogue erected', 'year': '18EX', 'impact': 'modest synagogue built', 'source': 'A modest synagogue was erected in the early 19th cent.'}]",
5974,VELKE KAPUSANY,Slovakia,Czechoslovakia,Republic of Slovakia,jews_arrived,17XX,Jews settled in the 18th cent.,"[{'lang': 'hun', 'name': 'Nagykapos'}]",[],
5975,VELKE KOSTOLANY,Slovakia,Czechoslovakia,Republic of Slovakia,jews_arrived,18EX,Jews probably settled in the early 18th cent.,"[{'lang': 'hun', 'name': 'Nagykosztolany'}]","[{'event': 'influx from Moravia', 'year': '', 'impact': 'new influx of Jews from Moravia', 'source': 'A new influx of Jews from Mo'}]",
5976,VELKE MEZIRICI,Moravia,Czechoslovakia,,jews_arrived,14LX,arrived after expulsions from Jihlava (1426) and Brno and Znojmo (1454),[],"[{'event': 'Thirty Years War depredations', 'year': '1618–1648', 'impact': 'community devastated; later refounded', 'source': 'A new community, founded after the depredations of the Thirty Years W'}]",
5977,VELKE RIPNANY,Slovakia,Czechoslovakia,Republic of Slovakia,jews_arrived,1830,J. settlement probably began in the 1830s,"[{'lang': 'hun', 'name': 'Nagyrepeny'}]",[],
5978,VELKY BEREZNY,Carpatho-Russia,Czechoslovakia,Ukraine,jews_arrived,17EX,settlement apparently commenced in the first half of the 18th cent.,"[{'lang': 'hun', 'name': 'Nagyberezna'}, {'lang': 'yid', 'name': 'Groys Berezna'}]",[],
5979,VELKY MAGER,Slovakia,Czechoslovakia,Republic of Slovakia,jews_arrived,16LX,"According to tradition, J. refugees from Vienna settled in 1670","[{'lang': 'hun', 'name': 'Nagymagyar'}, {'lang': 'yid', 'name': 'Magendorf'}]",[],
5980,VELKY MEDER,Slovakia,Czechoslovakia,Republic of Slovakia,jews_arrived,17MX,Jews settled around the mid-18th cent.,"[{'lang': 'hun', 'name': 'Nagymegyer'}]",[],
5981,VELKY SARIS,Slovakia,Czechoslovakia,Republic of Slovakia,jews_present,15LX,Jews were probably present in the late Middle Ages,"[{'lang': 'hun', 'name': 'Nagysaros'}]","[{'event': 'expulsion', 'year': '16XX', 'impact': 'Jews expelled; later return in 18th cent.', 'source': 'returned in the 18th cent. after being expelled in the 16th'}]",
5982,VENCSALLO,Szaboles,Hungary,,jews_arrived,17LX,Jews arrived in the late 18th cent.,[],[],
5983,VENDERSHEIM,Hesse,Germany,,POP,19EX,"Numbering 49 in 1828, the community dwindled",[],[],
5984,VENEV,Tula,Russia,,jews_arrived,20EX,Jews probably settled in the early 20th cent.,[],[],
5985,VENICE,Veneto,Italy,,first_mention,10XX,evidence of Jews in V. as early as the 11th-12th cents.,[],[],
5986,VENLO,Limburg,Holland,,first_mention,13XX,"Jews lived in V. in the 14th, 15th, and 16th cents.",[],"[{'event': 'expulsion/end of settlement', 'year': '1546', 'impact': 'settlement ended', 'source': 'the settlement ended in 1546'}]",
5987,VENNINGEN,Palatinate,Germany,,community_present,19MX,Twelve families were present in the mid-19th cent.,[],[],
5988,VENTSPILS,Kurzeme,Latvia,,jews_present,16XX,There was a J. presence from the 17th cent.,"[{'lang': 'yid', 'name': 'Venden'}, {'lang': 'yid', 'name': 'Vindoy'}]",[],
5989,VERCELLI,Piedmont,Italy,,first_mention,1446,"dates back to 1446, when Abramo della Vigneria and his son Angelo established a loan bank",[],"[{'event': 'restriction (segregation)', 'year': '1448', 'impact': 'compelled to reside in a specific area', 'source': 'In 1448, the local Jews were compelled to reside in a s'}]",
5990,VERBOVETS,Vinnitsa,Ukraine,,jews_arrived,19XX,Jews settled,[],[],
5991,VERDEN AN DER ALLER,Hanover,Germany,,first_mention,1571,first reliable evidence of the presence of Jews dates from 1571,[],[],
5992,VERESHCHAKI,Mogilev,Belorussia,,community_founded,19EX,founded as a J. colony in the first half of the 19th cent.,[],[],
5993,VERHOVKA (I),"Vinnitsa",Ukraine,,POP,,"The J. pop. was 251 (total 1,344) in 1897 and 148 in 1926",[],[],
5994,VERHOVKA (II),"Vinnitsa",Ukraine,,POP,,"The J. pop. was 105 in 1765 and 1,094 in 1897, dropping to 420 in 1926",[],[],
5995,VERIA,,Greece,,first_mention,0EX,"Jews from V. are mentioned in the New Testament, dating their presence to 49-50 c.e.","[{'lang': 'eng', 'name': 'Verea'}, {'lang': 'tur', 'name': 'Karaferia'}, {'lang': 'gre', 'name': 'Verroia'}]","[{'event': 'Expulsion to Istanbul', 'year': '1453', 'impact': 'community expelled', 'source': 'In 1453, the Ottoman conquerors expelled the J. community to Istanbul'}]",
5996,VERJACIA,Carpatho-Russia,Czechoslovakia,Ukraine,jews_arrived,17LX,Jews probably settled at the turn of the 18th cent.,"[{'lang': 'hun', 'name': 'Verecze'}, {'lang': 'yid', 'name': 'Veryiats'}]",[],
5997,VERKHNEDNEPROVSK,Dnepropetrovsk,Ukraine,,jews_arrived,18EX,Jews settled in the early 19th cent.,[],"[{'event': 'Pogrom', 'year': '1905', 'impact': 'pogrom staged', 'source': 'A pogrom was staged in 1905'}]",
5998,VERKHNEYE,Voroshilovgrad,Ukraine,,POP,,The J. pop. in 1939 was 331,[],[],
5999,VERKHOVNIA,Zhitomir,Ukraine,,POP,,"Jews numbered 316 (total 2,440) in 1897",[],[],
6000,VERNIKOVSKY,Krasnodar territory,Russia,,POP,,The Germans murdered 72 Jews in the village of Dziginka and another seven in the village of Pervomaysk,[],[],
6001,VERONA,Veneto,Italy,,jews_present,0XX,The J. presence dates back to the Roman period,[],"[{'event': 'Expulsion', 'year': '965', 'impact': 'Jews expelled', 'source': 'Jews were expelled in 965'}]",
6002,VERPELET,Heves,Hungary,,jews_arrived,17LX,Jews probably arrived in the late 18th cent.,[],[],
6003,VERSAILLES,Yvelines,France,,community_founded,19EX,The modern community was founded in 1883,[],[],
6004,VERSMOLD,Westphalia,Germany,,jews_present,16LX,One J. family was present in the late 17th cent.,[],[],
6005,VERTES,Bihar,Hungary,,first_mention,17EX,Jews are mentioned in 1774,[],[],
6006,VERTUJENI,Bessarabia,Rumania,Republic of Moldova,community_founded,1838,Jews founded V. in 1838,"[{'lang': 'rum', 'name': 'Vartajeni'}]","[{'event': 'Refugees killed', 'year': '1917', 'impact': 'refugees passing through were killed', 'source': 'Refugees from the pogroms in Russia in 1917 passing through V. were k'}]",
6007,VESELINOVO,Odessa,Ukraine,,jews_arrived,18LX,Jews settled at the turn of the 19th cent.,[],[],
6008,VESOLYIA,Zaporozhe,Ukraine,,community_founded,19MX,founded V. as a J. colony in the mid-19th cent.,[],[],
6009,VESOUL,Haute-Saone,France,,first_mention,12LX,Jews are mentioned in V. before the end of the 13th century,[],"[{'event': 'Black Death persecutions', 'year': '1348–1350', 'impact': 'community suffered', 'source': 'The Jews of V. suffered during the Black Death persecutions'}]",
6010,VESZPREM,Veszprem,Hungary,,jews_present,17EX,in 1723 were accorded residence rights,[],[],
6011,VESZTO,Bekes,Hungary,,jews_arrived,18LX,Jews arrived in the late 19th cent,[],[],
6012,VETKA,Gomel,Belorussia,,jews_arrived,17LX,Jews settled in the late 18th cent.,[],[],
6013,VETRINO,Vitebsk,Belorussia,,POP,,Eighteen J. families were present in V. in 1924,[],[],
6014,VETTWEISS,Rhineland,Germany,,jews_arrived,18LX,A J. butcher settled in 1791,[],[],
6015,VIAREGGIO,Tuscany,Italy,,POP,1910,"In 1910, there were 31 Jews residing",[],[],
6016,VIAZOVKA,Zhitomir,Ukraine,,jews_arrived,18XX,Jews settled in the 19th cent.,[],[],
6017,VICHY,Allier,France,,community_present,12XX,There was a J. community in the 13th cent.,[],[],
6018,VICOVUL DE SUS,Bukovina,Rumania,,jews_present,1782,There were 42 Jews here in 1782,[],[],
6019,VIDISKIAI,Ukmerge,Lithuania,,community_present,18EX,The J. community began early in the 19th cent.,"[{'lang': 'yid', 'name': 'Vidishok'}]",[],
6020,VIDUKLE,Raseiniai,Lithuania,,jews_arrived,16XX,Jews began settling in the 17th cent.,[],"[{'event': 'World War I events', 'year': '1915', 'impact': 'planned Russian expulsion preempted by German entry', 'source': ""Germany's entry into V. in April 1915 preempted Russia's planned expulsion of the Jews""}]",
6021,VIEKSNIAI,Mazeikiai,Lithuania,,jews_arrived,16XX,Jews first settled here in the 17th cent.,"[{'lang': 'yid', 'name': 'Vekshne'}]","[{'event': 'Conflagration', 'year': '1886', 'impact': 'many Jews emigrated', 'source': 'A conflagration in 1886 caused many Jews to emigrate'}]",
6022,VIENNA,,Austria,,jews_arrived,11XX,Jews first settled here in the 12th cent.,"[{'lang': 'ger', 'name': 'Wien'}]","[{'event': 'Third Crusade persecutions', 'year': '', 'impact': '', 'source': 'During the Third Crusade'}]",
6023,VIERNHEIM,Hesse,Germany,,jews_present,16XX,Jews lived there from the 17th cent.,[],[],
6024,VIERSEN,Rhineland,Germany,,jews_arrived,1712,The first J. family settled in 1712,[],[],
6025,VIESINTOS,Panevezys,Lithuania,,community_present,18EX,The J. community began in the early 19th cent.,"[{'lang': 'yid', 'name': 'Vishinte'}]",[],
6026,VIESITE,Zemgale,Latvia,,community_present,19EX,On the eve of WWI Jews constituted a majority of the new town's 462 residents,[],"[{'event': 'World War I expulsion', 'year': '1914–1918', 'impact': 'Jews expelled', 'source': 'During the war they were expelled'}]",
6027,VIEVIS,Troki,Lithuania,,jews_arrived,17LX,Jews began settling at the end of the 18th cent.,"[{'lang': 'yid', 'name': 'Vevie'}]","[{'event': 'WWI upheaval', 'year': '1914–1918', 'impact': 'Jews left after Cossacks set homes on fire', 'source': 'The Jews left V. in WWI when Cossacks set their homes on fi'}]",
6028,VIJNICIOARA,Bukovina,Rumania,Ukraine,POP,,There were 339 Jews living in V. in 1880... and 227 in 1930,[],[],
6029,VIJNITA,Bukovina,Rumania,,community_present,17MX,A J. community existed in the mid-18th cent.,[],[],Known for lumber industry and Hasidism (late 19th cent.)
6030,VILAKA,Latgale,Latvia,,jews_arrived,1772,Jews began to settle after the Russian annexation in 1772,"[{'lang': 'yid', 'name': 'Viliaki'}]",[],
6031,VILANI,Latgale,Latvia,,community_founded,1873,The community was established after a large tanning factory was set up in 1873,"[{'lang': 'yid', 'name': 'Vilon'}]",[],
6032,VILBEL,Hesse,Germany,,community_present,18XX,Established in the 18th cent.,[],[],Synagogue opened 1813; affiliated with Giessen's Orthodox rabbinate
6033,VILJANDI,,Estonia,,community_founded,1860X,community was founded by Cantonists in the 1860s,[],[],
6034,VILKAVISKIS,Vilkaviskis,Lithuania,,jews_arrived,15EX,Jews began settling here in the beginning of the 16th cent.,"[{'lang': 'yid', 'name': 'Vilkovishk'}]",[],
6035,VILKIJA,Kaunas,Lithuania,,jews_arrived,18XX,Jews began settling here in the 18th cent.,"[{'lang': 'yid', 'name': 'Vilki'}]","[{'event': 'WWI expulsion', 'year': '1914–1918', 'impact': 'Russians expelled Jews', 'source': 'During WWI, Russia...'}]",
6036,VILLANY,Baranya,Hungary,,jews_arrived,17LX,Jews settled in the late 18th cent.,[],[],Neologist congregation established 1891
6037,VILLINGEN,Baden,Germany,,community_present,19XX,reestablished after emancipation,[],"[{'event': 'Black Death persecutions', 'year': '1348–1349', 'impact': 'medieval community wiped out', 'source': 'wiped out in the Black Death persecutions of 1348-49'}, {'event': 'Expulsion', 'year': '1510', 'impact': 'new community expelled', 'source': 'a new community was expelled in 1510'}]",
6038,VILLMAR AN DER LAHN,Hesse-Nassau,Germany,,community_founded,1772,Established in 1772,[],[],
6039,VILNA,Vilna,Poland,Lithuania,jews_present,15LX,Individual Jews were present sporadically from the late 15th cent.,"[{'lang': 'pol', 'name': 'Wilno'}, {'lang': 'lit', 'name': 'Vilnius'}]",[],Settlement on lands outside municipal borders (to mid-16th cent.)
6040,VILSHOFEN,Lower Bavaria,Germany,,first_mention,1331,Jews are first mentioned in 1331-32,[],"[{'event': 'Massacres following Deggendorf', 'year': '1338', 'impact': 'Jews murdered', 'source': 'murdered in the disturbances following the massacre... in Deggendorf in 1338'}]",Modern community details not provided
6041,VIMPERK-CKYNE,Bohemia,Czechoslovakia,,jews_present,16EX,Jews were present in both settlements in the first half of the 17th cent.,[],[],"Ckyne had mid-19th cent. synagogue, cemetery, school; ~240 Jews"
6042,VINCENNES,Val-de-Marne,France,,community_founded,20EX,A small J. community was established at the beginning of the 20th cent.,[],[],Synagogue 1907; cemetery 1927; pre-WWII pop. noted
6043,VINKOVCI,,Yugoslavia,Republic of Croatia,jews_arrived,18LX,J. settlement began at the end of the 19th cent.,[],[],
6044,VINNE,Slovakia,Czechoslovakia,Republic of Slovakia,jews_arrived,17EX,Jews arrived in the early 18th cent.,[],"[{'event': 'community renewed', 'year': '1730s', 'impact': 'community renewed after abandonment', 'source': 'renewed the community in the 1730s after abandoning it'}]",
6045,VINNITSA,Vinnitsa,Ukraine,,first_mention,1532,Jews are first mentioned in 1532,[],"[{'event': 'Chmielnicki massacres', 'year': '1648', 'impact': 'Jews murdered', 'source': 'In 1648 they were murdered in the Chmielnicki massacres'}, {'event': 'Haidamak attacks', 'year': '1750', 'impact': 'Jews attacked', 'source': 'in 1750 the Haidamaks attacked them'}]",
6046,VINOGRAD,Kiev,Ukraine,,jews_present,17XX,A small number of Jews were present in the 18th cent.,[],"[{'event': 'pogrom', 'year': '1918-11-13', 'impact': '7 Jews murdered', 'source': 'Seven Jews were murdered in a pogrom on 13 Nov. 1918'}]",
6047,VINTUL DE JOS,S. Transylvania,Rumania,,jews_arrived,17EX,Jews settled in the early 18th cent.,"[{'lang': 'hun', 'name': 'Alvincz'}]",[],One of the oldest synagogues in Transylvania was located here; attached to Alba-Iulia community
6048,VIRBALIS,Vilkaviskis,Lithuania,,jews_arrived,16XX,Jews began settling here in the 17th cent.,"[{'lang': 'yid', 'name': 'Virbaln'}, {'lang': 'yid', 'name': 'Verzhbelov'}]","[{'event': 'blood libel execution', 'year': '1790', 'impact': 'a rabbi was executed on Shavuot', 'source': 'On the Shavuot holiday in 1790, a rabbi was executed in the wake of a blood libel'}]",
6049,VIRISMORT,N. Transylvania,Rumania,,jews_arrived,17MX,Jews settled in the mid-18th cent.,"[{'lang': 'hun', 'name': 'Tiszaveresmart'}]",[],
6050,VIROVITICA,,Yugoslavia,Republic of Croatia,jews_arrived,17MX,Jews first settled in the mid-18th cent.,[],"[{'event': 'community organized', 'year': '19MX', 'impact': 'organized community established', 'source': 'an organized community was established in the mid-19th cent.'}]",
6051,VISAKIO-RUDA,Marijampole,Lithuania,,POP,,The J. pop. in 1923 was 80,"[{'lang': 'yid', 'name': 'Visoke-Rude'}]",[],
6052,VISEGRAD,Bosnia-Hercegovina,Yugoslavia,Republic of Croatia,POP,,In 1879 there were 37 Jews in V.,[],[],
6053,VISEUL DE SUS,N. Transylvania,Rumania,,jews_arrived,17LX,Jews from Galicia settled here in the late 18th cent.,"[{'lang': 'hun', 'name': 'Felsoviso'}, {'lang': 'yid', 'name': 'Ober Vishoi'}]",[],
6054,VISKI,Latgale,Latvia,,community_founded,17LX,The community was established at the turn of the 18th cent.,[],[],
6055,VISOKO,Bosnia-Hercegovina,Yugoslavia,Republic of Bosnia,jews_arrived,17LX,Jews first settled at the end of the 18th cent.,[],[],
6056,VISTUPOVICHI,Zhitomir,Ukraine,,POP,,"The J. pop. was 109 (total 1,032) in 1897",[],[],
6057,VISTYTIS,Vilkaviskis,Lithuania,,community_present,1758,By 1758 there was an organized J. community,"[{'lang': 'yid', 'name': 'Vishtinetz'}]",[],
6058,VITEBSK,Vitebsk,Belorussia,,first_mention,1551,Jews are first mentioned in 1551,[],"[{'event': 'ban on residence', 'year': '1597', 'impact': 'residence banned; Jews leased inns via royal officials', 'source': 'In 1597, King Sigismund III... banned their residence... managed to lease inns under the auspices'}]",
6059,VITKA,Zemplen,Hungary,,jews_arrived,17MX,Jews settled in the mid-18th cent.,[],[],
6060,VITRY-LE-FRANCOIS,Marne,France,,community_present,15XX,The J. community dates from the 16th cent.,[],[],
6061,VITTEL,Vosges,France,,community_founded,19LX,community was established around 1925-26,[],[],
6062,VIZSOLY,Abauj-Torna,Hungary,,jews_arrived,1848,Jews settled in 1848,[],[],
6063,VLACHOVO,Carpatho-Russia,Czechoslovakia,Ukraine,jews_arrived,19EX,Jews probably settled in the early 19th cent.,"[{'lang': 'hun', 'name': 'Olyvos'}, {'lang': 'yid', 'name': 'Lahyf'}]",[],
6064,VLASENICA,Bosnia-Hercegovina,Yugoslavia,Republic of Bosnia,jews_arrived,19XX,Jews settled there in the 19th cent.,[],[],
6065,VLASIM,Bohemia,Czechoslovakia,,first_mention,1570,Jews are mentioned in 1570,[],[],
6066,VLISSINGEN,Zeeland,Holland,,jews_present,15XX,Jews were present in the 16th and 17th cents.,[],[],
6067,VLOTHO,Westphalia,Germany,,jews_present,16LX,Jews were present by the late 17th cent.,[],[],
6068,VOCIN,Croatia,Yugoslavia,Republic of Croatia,jews_present,19LX,Jews lived there from the end of the 19th cent.,[],[],
6069,VODNANY,Bohemia,Czechoslovakia,,jews_present,1500,Jews were present in 1500,[],"[{'event': 'Expulsion', 'year': '1541', 'impact': 'few Jews expelled', 'source': 'the few there were expelled in 1541'}]",
6070,VOEHL,Hesse—Nassau,Germany,,community_present,1829,dedicated a synagogue in 1829,[],[],
6071,VOELKERSLEIER,Lower Franconia,Germany,,community_present,17MX,A J. community is known from the mid-18th cent.,[],[],
6072,VOELKLINGEN,Saar,Germany,,POP,,The J. pop. was nine in 1895; 103 in 1927; and 76 in 1935,[],[],
6073,VOERDEN,Westphalia,Germany,,jews_present,19EX,Five J. families were present in the early 19th cent.,[],[],
6074,VOIO-NOVO,Crimea,Russia,Ukraine,community_founded,19LX,founded in the late 1920s as a J. agricultural commune,[],[],
6075,VOLCHANSK,Kharkov,Ukraine,,jews_arrived,18XX,Jews settled in 19th cent.,[],[],
6076,VOLKMARSEN,Hesse-Nassau,Germany,,community_present,16XX,Established in the 17th cent.,[],[],
6077,VOLKOVINTSY,Kamenets-Podolski,Ukraine,,first_mention,18EX,Jews are first mentioned in 1737,[],[],
6078,VOLLMERZ,Hesse-Nassau,Germany,,community_present,17XX,Dating from the 18th cent.,[],[],
6079,VOLNOVAKHA,Stalino,Ukraine,,POP,,The J. pop. in 1939 was 174,[],[],
6080,VOLOCHISK,Kamenets-Podolski,Ukraine,,jews_arrived,17XX,Jews arrived in the 18th cent,[],"[{'event': 'riots', 'year': '1881-05-05', 'impact': 'Jews attacked', 'source': 'Jews were attacked in riots on 5 May 1881'}]",
6081,VOLODARKA,Kiev,Ukraine,,POP,,Jews numbered 475 in 1765,[],[],
6082,VOLODARSK VOHLINSKII,Zhitomir,Ukraine,,POP,,"The J. pop. in 1897 was 2,018","[{'lang': 'rus', 'name': 'Volodarskoye'}]",[],"Also known as Horoshki, Kutuzovo"
6083,VOLODARSKYI,Leningrad,Russia,,jews_arrived,19LX,J. settlement probably began in the early 20th cent.,[],[],
6084,VOLOS,Thessaly,Greece,,community_present,13XX,A small Romaniot community existed from the 14th cent.,"[{'lang': 'ita', 'name': 'Volo'}]",[],
6085,VOLOVE,Carpatho-Russia,Czechoslovakia,Ukraine,jews_arrived,17MX,Jews probably settled in the mid-18th cent.,"[{'lang': 'hun', 'name': 'Okormezo'}]",[],
6086,VOLOVEC,Carpatho-Russia,Czechoslovakia,Ukraine,jews_present,18EX,One J. family was present in 1768,"[{'lang': 'hun', 'name': 'Volocz'}]",[],
6087,VOLYNE,Bohemia,Czechoslovakia,,first_mention,14LX,Jews are mentioned from the late 15th cent.,[],[],Ghetto established in the 17th or 18th cent.
6088,VOLYNETS,Vitebsk,Belorussia,,POP,,The J. pop. was 602 in 1897,[],[],
6089,VONIHOVO,Carpatho-Russia,Czechoslovakia,Ukraine,jews_arrived,17MX,Jews settled in the mid-18th cent.,"[{'lang': 'hun', 'name': 'Vajnag'}, {'lang': 'yid', 'name': 'Vinif'}]",[],
6090,VONKOVTSY,Kamenets-Podolski,Ukraine,,community_founded,17XX,A J. community was founded in the 18th cent.,[],[],"from 1946, Vinkovtsy"
6091,VORONEZH,Voronezh,Russia,,jews_arrived,18EX,Jews probably settled in the early 19th cent.,[],[],
6092,VORONIECHI,Vitebsk,Belorussia,,POP,,Jews numbered 65 (total 163) in 1920.,[],[],
6093,VORONIZH,Sumy,Ukraine,,POP,,The J. pop. in 1939 was 96,[],[],
6094,VORONOK,Oriol,Russia,,jews_arrived,18MX,Jews probably settled in the mid-19th cent.,[],[],
6095,VORONOVITSA,Vinnitsa,Ukraine,,jews_arrived,17LX,J. settlement commenced in the mid-18th cent.,[],[],
6096,VOROSHILOV,Dnepropetrovsk,Ukraine,,POP,,"jurisdiction of the V. rural council ... over more than 3,000 Jews",[],[],
6097,VOROSHILOVGRAD,Voroshilovgrad,Ukraine,,jews_arrived,18EX,Jews probably settled in the early 19th cent.,"[{'lang': 'rus', 'name': 'Lugansk'}]",[],
6098,VOROSHILOVKA,Vinnitsa,Ukraine,,jews_arrived,16LX,Jews settled in the late 17th cent.,[],[],
6099,VOROSHILOVO (I),Nikolaiev,Ukraine,,community_present,19XX,A rural council (soviet) operated in the settlement in the Soviet period.,[],[],
6100,VOROSHILOVO (II),Crimea,Russia,Ukraine,jews_arrived,19LX,Jews probably settled in the 1920s,"[{'lang': 'rus', 'name': 'Wwil'}, {'lang': 'rus', 'name': 'Klimovo'}]",[],
6101,VOROSHILOVSK (I),Stavropol territory,Russia,,jews_arrived,18EX,Ashkenazi Jews first settled in the 1830s.,"[{'lang': 'rus', 'name': 'Stavropol'}]",[],
6102,VOROSHILOVSK (II),Voroshilovgrad,Ukraine,,jews_arrived,19EX,J. settlement began in the early 20th cent.,"[{'lang': 'rus', 'name': 'Alchevsk'}]",[],
6103,VORU,,Estonia,,community_founded,19MX,Cantonists founded the community in the 1860s,[],[],
6104,VORZEL,Kiev,Ukraine,,POP,,The J. pop. in 1939 was 174.,[],[],
6105,VOTICE,Bohemia,Czechoslovakia,,jews_arrived,13XX,Jews probably arrived in the 14th cent.,[],[],
6106,VOYKOVDOREF,Dnepropetrovsk,Ukraine,,community_present,19EX,"numbered 3,067 Jews in 1930 when it became part of the Stalindorf J. Autonomous Region",[],[],
6107,VOZNESENSK,Odessa,Ukraine,,POP,,"The J. pop. was 778 in 1860 and 5,931 (total 15,748) in 1897.",[],[],
6108,VRABLE,Slovakia,Czechoslovakia,Republic of Slovakia,jews_present,16EX,Jews were apparently present by the early 17th cent.,[],"[{'event': 'Expulsion', 'year': '1727', 'impact': 'Jews probably expelled', 'source': 'probably expelled in 1727'}, {'event': 'Return', 'year': '1830s', 'impact': 'Jews returned', 'source': 'returning only in about the 1830s'}]",
6109,VRADISTE,Slovakia,Czechoslovakia,Republic of Slovakia,POP,,The J. pop. was over 400 in 1850.,[],[],
6110,VRANOV,Slovakia,Czechoslovakia,Republic of Slovakia,jews_arrived,17EX,Jews arrived in the early 18th cent.,"[{'lang': 'hun', 'name': 'Varanno'}]","[{'event': 'Cholera epidemic', 'year': '1831', 'impact': 'population decimated', 'source': 'in 1831 a cholera epidemic deci'}]",
6111,VRBAS,Vojvodina,Yugoslavia,,jews_present,18EX,Jews first lived in V. in the early 19th cent.,[],[],
6112,VRBOVCE,Slovakia,Czechoslovakia,Republic of Slovakia,jews_arrived,17EX,Jews settled in the early 18th cent.,"[{'lang': 'hun', 'name': 'Verboc'}]",[],
6113,VRBOVE,Slovakia,Czechoslovakia,Republic of Slovakia,jews_present,14LX,Jews were present as merchants and moneylenders in the late Middle Ages,"[{'lang': 'hun', 'name': 'Verbo'}]",[],
6114,VRCHLABI,Bohemia,Czechoslovakia,,POP,,"Jews numbered 129 in 1900; 187 in 1910; and 105 (total 7,000) in 1930.",[],[],
6115,VREDEN,Westphalia,Germany,,first_mention,1306,Jews are first mentioned in 1306,[],"[{'event': 'Black Death persecutions', 'year': '1348–1349', 'impact': 'small community destroyed', 'source': 'The small community was destroyed in the Black Death'}]",
6116,VRSAC,Vojvodina,Yugoslavia,,jews_arrived,1760,The first Jews settled there in 1760.,[],[],
6117,VRUTKY,Slovakia,Czechoslovakia,Republic of Slovakia,jews_present,18LX,Jews lived in V. for a time in the late 18th cent.,"[{'lang': 'hun', 'name': 'Ruttka'}]",[],
6118,VSETIN,Moravia,Czechoslovakia,,first_mention,1669,Jews are mentioned in 1669.,[],"[{'event': 'Expulsion', 'year': '1823', 'impact': 'community expelled by Count Stefan Illehazy', 'source': 'In 1823, they were expelled by Count Stefan Illehazy.'}, {'event': 'Return', 'year': 'after 1848', 'impact': 'Jews returned after the 1848 revolution', 'source': 'They returned after the 1848 revolution'}]",
6119,VUKOVAR,Croatia,Yugoslavia,Republic of Croatia,jews_arrived,19EX,Jews first settled there in the early 19th cent.,[],[],
6120,VULCAN,S. Transylvania,Rumania,,jews_arrived,19LX,Jews first settled in the late 19th cent.,"[{'lang': 'hun', 'name': 'Vulkan'}]","[{'event': 'Community organized', 'year': '1905–1906', 'impact': 'Orthodox community organized', 'source': 'In 1905-06, the Orthodox community was organized.'}]",
6121,VULCHOVCE,Carpatho-Russia,Czechoslovakia,Ukraine,jews_arrived,1730s,Jews probably settled in the 1730s,"[{'lang': 'hun', 'name': 'Irhoc'}]",[],
6122,VYAZMA,Smolensk,Russia,,jews_present,17XX,J. settlement apparently dates back to the 18th cent.,[],"[{'event': 'Fire', 'year': '1882', 'impact': 'dozens of houses burned, most belonging to Jews', 'source': 'A fire in 1882 burned down dozens of houses, most belonging to Jews.'}]",
6123,VYCAPY-OPATOVCE,Slovakia,Czechoslovakia,Republic of Slovakia,jews_present,17EX,Jews were probably present in the early 18th cent.,"[{'lang': 'hun', 'name': 'Vicsapapati'}]","[{'event': 'expulsion', 'year': '1727', 'impact': 'Jews expelled', 'source': 'after being expelled in 1727'}]",
6124,VYLOK,Carpatho-Russia,Czechoslovakia,Ukraine,jews_arrived,16LX,Jews probably arrived at the turn of the 17th cent.,"[{'lang': 'hun', 'name': 'Tiszaujlak'}]",[],
6125,VYRITSA,Leningrad,Russia,,jews_arrived,19EX,J. settlement probably began in the early 20th cent.,[],[],
6126,VYSKOV,Moravia,Czechoslovakia,,jews_present,14EX,Jews were apparently present in the first half of the 15th cent.,[],[],
6127,VYSKOVO NAD TISOU,Carpatho-Russia,Czechoslovakia,Ukraine,jews_arrived,17EX,J. settlement apparently commenced in the early 18th cent.,"[{'lang': 'hun', 'name': 'Visk'}]",[],
6128,VYSNI APSA,Carpatho-Russia,Czechoslovakia,Ukraine,jews_arrived,17MX,Jews probably settled in the mid-18th cent.,"[{'lang': 'hun', 'name': 'Felsoapsa'}, {'lang': 'yid', 'name': 'Oyber Apsa'}]",[],
6129,VYSNI NERESNICE,Carpatho-Russia,Czechoslovakia,Ukraine,jews_arrived,18EX,Jews probably arrived in the early 19th cent.,"[{'lang': 'hun', 'name': 'Felsoneresznice'}, {'lang': 'yid', 'name': 'Oyber Nerysnica'}]",[],
6130,VYSNISARD,Carpatho-Russia,Czechoslovakia,Ukraine,jews_arrived,18MX,Jews probably arrived in the mid-19th cent.,"[{'lang': 'hun', 'name': 'Felsosarad'}, {'lang': 'yid', 'name': 'Groys Sard'}]",[],
6131,VYSNI STUDENY,Carpatho-Russia,Czechoslovakia,Ukraine,jews_arrived,18MX,J. settlement probably began in the mid-19th cent.,"[{'lang': 'hun', 'name': 'Felsohidegpatak'}, {'lang': 'yid', 'name': 'Studniya'}]",[],
6132,VYSNI VERECKY,Carpatho-Russia,Czechoslovakia,Ukraine,jews_arrived,17LX,Jews probably settled in the late 18th cent.,"[{'lang': 'hun', 'name': 'Felsovereczke'}]",[],
6133,VYSNY SVIDNIK,Slovakia,Czechoslovakia,Republic of Slovakia,jews_arrived,17EX,Jews settled in the early 18th cent.,"[{'lang': 'hun', 'name': 'Felsoszvidnik'}]",[],
6134,VYSOKII ZIELONY GAIL,Kharkov,Ukraine,,POP,,The J. pop. in 1939 was 124,[],[],
6135,VYSOKOPOLE,Nikolaiev,Ukraine,,jews_arrived,18LX,Jews probably joined the original German settlers of the village in the 1870s,[],[],
6136,VYZUONOS,Utena,Lithuania,,community_founded,16XX,The J. community began here in the 17th cent. when a wooden synagogue was built,"[{'lang': 'yid', 'name': 'Vizhun'}]","[{'event': 'WWI expulsion', 'year': '', 'impact': 'all Jews expelled', 'source': ""During WwI all of V.'s J""}]",
6137,WAALWIJK,Noord-Brabant,Holland,,community_present,17XX,A J. community already existed in the 18th cent.,[],[],
6138,WABZEZNO,Pomerania,Poland,,community_present,1709,A community of 400 existed in 1709,[],[],
6139,WACHBACH,Wuerttemberg,Germany,,jews_arrived,15XX,The permanent J. settlement dates from the 16th cent.,[],[],
6140,WACHENBUCHEN,Hesse-Nassau,Germany,,POP,1835,Numbering 38 (7% of the pop.) in 1835,[],[],now part of Maintal
6141,WACHENHEIM,Hesse,Germany,,POP,1861,Numbering 58 (about 12% of the total) in 1861,[],[],
6142,WADOWICE,Cracow,Poland,,community_founded,18LX,Residence restrictions delayed the development of a J. community until the 1860s,[],[],
6143,WAECHTERSBACH,Hesse-Nassau,Germany,,community_present,1690,"Established before 1690, the J. community",[],[],
6144,WAGENINGEN,Gelderland,Holland,,jews_arrived,15XX,Jews first settled in the 16th cent.,[],"[{'event': 'Expulsion', 'year': '1570–1571', 'impact': 'Jews expelled', 'source': 'They were expelled in 1570-71'}]",
6145,WAGROWIEC,Poznan,Poland,,community_present,18LX,J. settlement was banned... until the late 18th cent.,[],[],
6146,WAIBSTADT,Baden,Germany,,first_mention,1337,A J. settlement is first mentioned in 1337,[],"[{'event': 'Black Death persecutions', 'year': '1348–1349', 'impact': 'settlement destroyed', 'source': 'was destroyed in the Black Death persecutions of 1348-49'}]",
6147,WAIDHOFEN A. D. THAYA,Lower Austria,Austria,,jews_arrived,1617,Jews first settled in 1617,[],[],maintained a continuous presence
6148,WALDBREITBACH,Rhineland,Germany,,community_present,18EX,numbered 20 families in the early 19th cent.,[],[],
6149,WALDENBURG,Lower Silesia,Germany,Poland,jews_arrived,1830,J. settlement commenced in 1830,"[{'lang': 'pol', 'name': 'Wałbrzych'}]",[],
6150,WALDENRATH,Rhineland,Germany,,POP,1871,"Jews numbered 66 (total 2,047) in 1871","[{'lang': 'ger', 'name': 'Waldenberg'}]",[],
6151,WALEWSKIE,Warsaw,Poland,,POP,1921,The J. pop. in 1921 was 149 (total 725),[],[],
6152,WALLAU,Hesse-Nassau,Germany,,community_founded,1701,"Established in 1701, the community",[],[],now part of Hofheim am Taunus
6153,WALLDORF,Baden,Germany,,first_mention,1422,Two J. families were present in 1422,[],"[{'event': 'Revolutionary disturbances', 'year': '1848', 'impact': 'Jews attacked', 'source': 'Jews were attacked during the revolutionary disturbances of 1848'}]",
6154,WALLDORF AN DER WERRA,Thuringia,Germany,,jews_present,13EX,Jews lived in W. in the first half the 14th cent.,[],"[{'event': 'Black Death persecutions', 'year': '1348–1349', 'impact': 'persecuted and expelled', 'source': 'They were persecuted and expelled during the Black Death disturbances of 1348-49'}]",
6155,WALLERSTEIN,Swabia,Germany,,community_founded,12LX,A community was formed around the end of the 13th cent.,[],"[{'event': 'persecution', 'year': '1358', 'impact': 'community suffered persecution', 'source': 'suffering from persecution in 1358'}]",A new community existed in the first half of the 15th cent.
6156,WALLERTHEIM,Hesse,Germany,,jews_present,16LX,Jews lived there from 1690,[],[],Community numbered 61 (about 6%) in 1861.
6157,WALSDORF,Upper Franconia,Germany,,community_present,15XX,The J. cemetery known from the 16th cent. served numerous communities,[],[],Community numbered 155 in 1812; united with Trabelsdorf in 1907.
6158,WAMPIERZOW,Cracow,Poland,,POP,,In 1921 the J. pop. was 101,[],[],
6159,WANDSBEK,Schleswig-Holstein,Germany,,community_present,16XX,A J. community existed around 1600,[],[],Synagogue 1634; cemetery 1675.
6160,WANFRIED,Hesse-Nassau,Germany,,community_founded,16EX,"Dating from 1610, this J. community",[],[],Numbered 102 in 1744 and 139 (7%) in 1861.
6161,WANGEN,Baden,Germany,,community_present,15XX,The 14th cent. community,[],"[{'event': 'Black Death persecutions', 'year': '1348–1349', 'impact': 'community destroyed', 'source': 'destroyed in the Black Death persecutions of 1348-49'}]",New community apparently established in the late 16th cent.
6162,WANIOWICE,Lwow,Poland,Ukraine,POP,,The J. pop. in 1921 was 172,[],[],
6163,WANNE-EICKEL,Westphalia,Germany,,first_mention,17MX,first traces of a J. presence ... mid-18th century,[],[],Nine families by 1860; affiliated with Bochum.
6164,WARBURG,Westphalia,Germany,,first_mention,1559,Jews are first mentioned in 1559,[],[],A community with a rabbi was established in the 17th cent.
6165,WARENDORF,Westphalia,Germany,,jews_present,15MX,Jews were present without a break from the mid-16th cent.,[],[],Peak population 99 in 1833; cemetery opened 1772; synagogue constructed 1828.
6166,WARENZ,Lwow,Poland,,jews_present,15XX,Jews lived there from the 16th cent.,[],[],Organized community from the late 18th cent.; center of Belz Hasidism.
6167,WARKA,Warsaw,Poland,,jews_arrived,17MX,Jews settled in W. in the mid-18th cent.,[],[],Seat of a hasidic dynasty founded by Yitzhak Kalish.
6168,WARKOWICZE,Volhynia,Poland,,community_present,1725,A community existed after W. was accorded urban status in 1725,[],[],"Grew to 1,199 (total 1,926) in 1897; trades included tanning and brewing."
6169,WARSAW,,Poland,,jews_arrived,12XX,Permanent J. settlement is thought to have commenced in the 13th cent.,"[{'lang': 'pol', 'name': 'Warszawa'}]",[],Organized community existed in the 14th and 15th cents.
6170,WARTA,Lodz,Poland,,community_founded,15EX,founded by Jews from Moravia and other towns in Poland in the first half of the 16th cent.,"[{'lang': 'yid', 'name': 'Dvart'}]","[{'event': 'royal decree', 'year': '1671', 'impact': 'expelled then permitted to resettle?', 'source': 'In 1671, the king'}]",
6171,WARTENBURG,East Prussia,Germany,Poland,community_present,1825,There was a small J. community in 1825.,"[{'lang': 'pol', 'name': 'Barczewo'}]",[],
6172,WASILISZKI,Nowogrodek,Poland,Belarus,jews_arrived,17EX,first Jews probably arrived in the early 18th cent.,[],[],
6173,WASILKOW,Bialystok,Poland,,jews_arrived,1566,Jews arrived in 1566,[],[],probably formed an organized community by the 17th cent.
6174,WASNIOW,Kielce,Poland,,jews_arrived,19EX,Jews probably settled in the first half of the 19th cent.,[],[],
6175,WASSELONNE,Bas-Rhin,France,,community_present,19XX,The J. community was established here in the 19th cent.,[],[],
6176,WASSERTRUEDINGEN,Middle Franconia,Germany,,first_mention,1298,Jews were among the victims of the Rindfleisch massacres of 1298,[],"[{'event': 'Rindfleisch massacres', 'year': '1298', 'impact': 'victims among local Jews', 'source': 'Jews were among the victims of the Rindfleisch massacres of 1298'}]",
6177,WASYLKOWCE,Tarnopol,Poland,Ukraine,POP,,The J. pop. in 1921 was 141.,[],[],
6178,WATTENSCHEID,Westphalia,Germany,,jews_present,15XX,One J. family lived in W. in the 15th cent.,[],[],Evidence of a J. presence ends in 1511; a community began to develop in the 17th cent.
6179,WATZENBORN-STEINBERG,Hesse,Germany,,community_present,19EX,dated from the early 19th cent.,[],[],included Jews from Garbenteich and Steinbach
6180,WAWERN,Rhineland,Germany,,community_founded,1840,A synagogue was erected in 1840,[],[],
6181,WEENER,Hanover,Germany,,jews_arrived,1645,first Jews in W. arrived under a letter of protection from Count Ulrich in 1645,[],[],
6182,WEESP,Noord-Holland,Holland,,community_present,1774,A J. community in W. dates back to 1774,[],[],
6183,WEHEN,Hesse-Nassau,Germany,,community_present,18XX,Founded in the 18th cent.,[],[],
6184,WEHLAU,East Prussia,Germany,Russia,POP,,The J. pop. was 56 in 1880 and 18 in 192,"[{'lang': 'rus', 'name': 'Znamensk'}]",[],Religious services were held only on holidays; community maintained synagogue and cemetery
6185,WEHRDA,Hesse-Nassau,Germany,,community_founded,1804,The J. community dedicated a synagogue in 1804,[],[],
6186,WEHRHEIM,Hesse-Nassau,Germany,,jews_present,1650,Jews lived there from about 1650,[],[],numbering 30 in 1744; opened a new synagogue in 1850
6187,WEIDEN,Upper Palatinate,Germany,,first_mention,13XX,Jews are mentioned in the 14th cent.,[],"[{'event': 'expulsion', 'year': '1640', 'impact': 'Jews expelled; limited presence ended', 'source': 'until their expulsion in 1640'}]",Judengasse (Jewish street) still existed in 1930
6188,WEIKERSHEIM,Wuerttemberg,Germany,,jews_present,12LX,Jews were victimized in the Rindfleisch (1298) and Armleder (1336) massacres,[],"[{'event': 'Rindfleisch massacres', 'year': '1298', 'impact': 'victimization of Jews', 'source': 'victimized in the Rindfleisch (1298)'}, {'event': 'Armleder persecutions', 'year': '1336', 'impact': 'victimization of Jews', 'source': 'and Armleder (1336) massacres'}, {'event': 'Black Death persecutions', 'year': '1348-1349', 'impact': 'community destroyed', 'source': 'community was destroyed in the Black Death persecutions of 1348-49'}]",
6189,WEILBURG,Hesse—Nassau,Germany,,community_founded,17EX,"community, established after 1700",[],[],Seat of district rabbinate (1843-1924)
6190,WEILERSWIST,Rhineland,Germany,,first_mention,17LX,Jews are first mentioned in 1698,[],[],
6191,WEIMAR,Thuringia,Germany,,first_mention,13EX,first mention ... beginning of the 14th cent.,[],"[{'event': 'Black Death persecutions', 'year': '1348-1349', 'impact': 'probable expulsion', 'source': 'probably expelled ... in the course of the Black Death persecutions (1348-49)'}]",
6192,WEIMARSCHMIEDEN,Lower Franconia,Germany,,POP,,Jews numbered 85 (total 236) in 1816,[],[],Cemetery from mid-18th served nearby communities until 1909; community ended after WWI
6193,WEINGARTEN,Baden,Germany,,jews_arrived,1346,Four J. families settled in 1346,[],[],Later absence until 16th cent.; expansion early 19th cent.; synagogue built (year truncated)
6194,WEINHEIM,Baden,Germany,,community_present,12XX,J. communities existing during the 13th and 14th cents.,[],"[{'event': 'Rindfleisch massacres', 'year': '1298', 'impact': 'community destroyed', 'source': 'destroyed in the Rindfleisch massacres of 1298'}, {'event': 'Black Death massacres', 'year': '1348-1349', 'impact': 'community destroyed', 'source': 'and the Black Death massacres of 1348-49'}]",Subsequently refugees ... (truncated in source)
6195,WEISENAU,Hesse,Germany,,community_founded,1473,Established by refugees from Mainz in 1473,[],[],
6196,WEISKIRCHEN,Hesse,Germany,,community_present,19EX,numbered 51 (7% of the total) in 1871,[],[],"Included Jews from Dudenhofen, Hainhausen, Juegesheim"
6197,WEISSENFELS,Saxony,Germany,,first_mention,1350,first reference ... refers to their immolation in 1350,[],"[{'event': 'Black Death persecutions', 'year': '1350', 'impact': 'immolation of Jews', 'source': 'their immolation in 1350 in the Black Death persecutions'}, {'event': 'expulsion or end of community', 'year': '1440', 'impact': 'community ended, probably expulsion', 'source': 'came to an end in 1440, probably'}]",Renewed late 14th cent. community
6198,WEISSWEILER,Rhineland,Germany,,first_mention,1546,Jews are mentioned in 1546,[],[],Modern community developed late 17th cent.; synagogue apparently dedicated in 1760; J. pop. 70 in 1854
6199,WEJHEROWO,Pomerania,Poland,,jews_arrived,1812,The first Jews settled in 1812,[],[],Settlers mainly from Bolszewo; occupations noted
6200,WELDZIRZ,Stanislawow,Poland,Ukraine,POP,1921,J. pop. was 220 in 1921,[],[],
6201,WENGROW,Lublin,Poland,,jews_present,15EX,Jews were present in the first half of the 16th cent.,[],"[{'event': 'Chmielnicki massacres', 'year': '1648-1649', 'impact': 'devastation of community', 'source': 'The Chmielnicki massacres of 1648-49'}, {'event': 'epidemic', 'year': '1660', 'impact': 'followed massacres', 'source': 'were followed by an epidemic in 1660'}]",Community later prospered economically (details truncated)
6202,WERTHEIM,Baden,Germany,>null,jews_present,11LX,existing almost continuously from the turn of the 12th cent.,[],"[{'event': 'Rindfleisch massacres', 'year': '1298', 'impact': 'Jews were victims', 'source': 'Jews were victims of the Rind...'}]",
6203,WENINGS,Hesse,Germany,>null,community_founded,17XX,Established in the 18th cent.,[],[],
6204,WENKHEIM,Baden,Germany,>null,jews_present,14XX,Jews were present in the 14th-15th cents.,"[{'lang': 'yid', 'name': 'Wenshtheim'}]",[],
6205,WERBA,Volhynia,Poland,Ukraine,POP,,The J. pop. in 1921 was 228,[],[],
6206,WERCHRATA,Lwow,Poland,Ukraine,POP,,The J. pop. was 159 in 1921.,[],[],
6207,WERL,Westphalia,Germany,>null,jews_present,15XX,Jews were already present in the 16th cent.,[],[],
6208,WERNE,Westphalia,Germany,>null,jews_present,15LX,present without a break from the late 16th cent.,[],[],
6209,WERTHEIM,Baden,Germany,>null,jews_present,11LX,existing almost continuously from the turn of the 12th cent.,[],"[{'event': 'Rindfleisch massacres', 'year': '1298', 'impact': 'Jews were victims', 'source': 'Jews were victims of the Rind...'}]",
6210,WESEL,Rhineland,Germany,>null,jews_present,12EX,Jews lived in W. at least from the beginning of the 13th cent.,[],"[{'event': 'Black Death persecutions', 'year': '1348–1349', 'impact': 'persecuted', 'source': 'They were persecuted at the time of the Black Death in 1348-49.'}]",
6211,WESERMUENDE,Hanover,Germany,>null,community_present,19EX,Having established a cemetery in 1804 and numbering 63 in 1816,[],[],Roots in Lehe community.
6212,WESSELING,Rhineland,Germany,>null,community_founded,17XX,a community only started to develop from the 18th cent.,[],[],
6213,WESTERBURG,Hesse-Nassau,Germany,>null,POP,,The community grew from 60 in 1760 to 135 in 1871.,[],[],
6214,WESTHEIM BEI HAMMELBURG,Lower Franconia,Germany,>null,jews_present,17EX,A synagogue was built in 1768,"[{'lang': 'yid', 'name': 'Venshteim'}]","[{'event': 'Thirty Years’ War', 'year': '1618–1648', 'impact': 'Jews fled the town', 'source': 'Jews fled the town in the Thirty Years War (1618-48).'}]",
6215,WESTHEIM BEI HASSFURT,Lower Franconia,Germany,>null,community_present,19XX,maintained a pop. of 100-110 throughout the 19th cent.,[],[],
6216,WESTHOFFEN,Bas-Rhin,France,>null,community_present,14XX,There was a J. community here in the Middle Ages and a cemetery from the 15th cent.,[],[],
6217,WETTER,HESSE—NASSAU,Germany,>null,community_present,19LX,built a synagogue in 1897,[],[],
6218,WETZLAR,Hesse-Nassau,Germany,>null,community_founded,1295,"The medieval J. community, established around 1295",[],"[{'event': 'Black Death massacres', 'year': '1348', 'impact': 'community fell victim', 'source': 'fell victim in Sept. 1348 to the Black Death massacres.'}, {'event': 'Return after expulsion', 'year': '1360', 'impact': 'Jews returned', 'source': 'Jews returned in 1360'}, {'event': 'Return after banishment', 'year': '17XX', 'impact': 'Jews returned again', 'source': 'and once again (after banishment) in 16...'}]",
6219,WEVELINGHOVEN,Rhineland,Germany,,POP,,Jews numbered 82 in 1843,[],[],
6220,WEYER (II),Hesse-Nassau,Germany,,community_founded,19EX,In 1841 ... founded one small community,[],[],
6221,WEYER (I),Hesse-Nassau,Germany,,community_founded,18MX,Established around 1750,[],[],
6222,WIAZYN,Vilna,Poland,Belarus,jews_present,16XX,Jews were present by the 17th cent.,[],[],
6223,WICKRATHBERG,Rhineland,Germany,,community_present,1700,"In 1700, W. was the religious center",[],[],
6224,WIDAWA,Lodz,Poland,,jews_present,1764,Forty-three J. families lived here in 1764,[],[],
6225,WIDZE,Vilna,Poland,Belarus,jews_arrived,15XX,Jews probably settled in the 16th cent.,[],[],
6226,WIECBORK,Pomerania,Poland,,community_present,1865,The J. community numbered 312 in 1865,[],[],
6227,WIELEN NAD NOTECIA,Poznan,Poland,,first_mention,15XX,A J. community is first mentioned in the 16th cent.,[],[],
6228,WIELICZKA,Cracow,Poland,,first_mention,13XX,Jews were active in the town from the 14th cent.,[],[],
6229,WIELKIE OCZY,Lwow,Poland,Ukraine,jews_arrived,16LX,among the town's first settlers in the late 17th cent.,[],[],
6230,WIELOPOLE SKRZYNSKIE,Cracow,Poland,,jews_arrived,16LX,The first Jews arrived in the late 17th cent.,[],[],
6231,WIELUN,Lodz,Poland,,jews_present,15XX,In the 15th and 16th cents. Jews were involved,[],"[{'event': 'Expulsion', 'year': '1720s', 'impact': 'Jews expelled', 'source': 'were expelled in the 1720s'}]",
6232,WIENER NEUSTADT,Lower Austria,Austria,,jews_arrived,1192,Jews first settled in 1192,[],[],
6233,WIERUSHZOW,Lodz,Poland,,jews_arrived,1586,Jews expelled from Wielun settled here in 1586,[],[],
6234,WIERZBNIK-STARACHOWICE,Kielce,Poland,,community_present,19MX,a J. community established itself by the mid-19th cent.,[],[],
6235,WIERZBOWIEC,Stanislawow,Poland,,POP,,The J. pop. in 1921 was 131.,[],[],
6236,WIESBADEN,Hesse-Nassau,Germany,,community_present,1573,had a J. community in 1573,[],[],
6237,WIESECK,Hesse,Germany,,jews_present,16XX,Jews lived there from the 17th cent.,[],[],
6238,WIESENBRONN,Lower Franconia,Germany,,first_mention,1548,Jews are first mentioned in 1548,[],[],
6239,WIESENFELD,Lower Franconia,Germany,,community_present,16MX,A J. community is known from the mid-17th cent.,[],[],
6240,WIESLOCH,Baden,Germany,,jews_present,14XX,The 14th cent. community,"[{'lang': 'yid', 'name': 'Vietzenlich'}]","[{'event': 'Black Death persecutions', 'year': '1348–1349', 'impact': 'community destroyed', 'source': 'community was destroyed in the Black Death persecutions of 1348-49'}, {'event': 'Expulsion', 'year': '1391', 'impact': 'Jews expelled by Rupert I', 'source': 'Jews settling later were expelled by Rupert I in 1391'}]",
6242,WILEJKA,Vilna,Poland,Belarus,community_present,18LX,community grew rapidly in the late 18th cent.,[],[],
6243,WILHELMSHAVEN,Hanover,Germany,,jews_present,19MX,The ten Jews living ther,[],[],
6244,WILHERMSDORF,Middle Franconia,Germany,,community_present,14EX,A community with a synagogue and cemetery is known from the early 15th cent.,[],[],
6245,WILLMARS,Lower Franconia,Germany,,jews_present,18XX,Jews from W. visited the Leipzig fair in the 18th cent.,[],[],
6246,WINDECKEN,Hesse-Nassau,Germany,,jews_present,14XX,"Expelled during the Black Death persecutions of 1348-49, Jews returned",[],"[{'event': 'Black Death persecutions', 'year': '1348–1349', 'impact': 'Jews expelled', 'source': 'Expelled during the Black Death persecutions of 1348-49'}]",
6247,WINDSBACH,Middle Franconia,Germany,,jews_present,13XX,A J. settlement is known from the 14th cent.,[],[],
6248,WINDSHEIM,Middle Franconia,Germany,,first_mention,1274,Jews are first mentioned in 1274,[],"[{'event': 'Rindfleisch massacres', 'year': '1298', 'impact': '55 murdered', 'source': 'In the Rindfleisch massacres of 1298, 55 were murdered'}, {'event': 'Black Death persecutions', 'year': '1348–1349', 'impact': '', 'source': 'In the Black Death persecutions of 1348-49 t'}]",
6249,WINGERSHEIM,Bas-Rhin,France,,community_founded,19XX,A small J. community was established in the 19th cent.,[],"[{'event': 'WWI expulsion', 'year': '1914–1918', 'impact': 'all Jews expelled', 'source': 'During WWI, all were expelled'}]",
6250,WINNIKI,Lwow,Poland,Ukraine,community_present,19EX,The J. community of 40-50 families,[],[],
6251,WINNWEILER,Palatinate,Germany,,POP,,"The J. pop. was 40 in 1804, 165 in 1848, 81 in 1900, and 30 in 1932.",[],[],
6252,WINSCHOTEN,Groningen,Holland,,community_founded,1778,a community was organized by 1778,[],[],
6253,WINSUM,Groningen,Holland,,community_present,18EX,The community dates from the early 19th cent.,[],[],
6254,WINTERSWIJK,Gelderland,Holland,,jews_arrived,17EX,J. settlement began at the outset of the 18th cent.,[],[],
6255,WINTZENHEIM,Haut-Rhin,France,,community_present,17XX,The J. community was established in the 18th cent.,[],[],
6256,WINZIG,Lower Silesia,Germany,Poland,jews_present,1815,A J. family was present by 1815,"[{'lang': 'pol', 'name': 'Wińsko'}]",[],
6257,WIONZOWNA,Warsaw,Poland,,jews_arrived,18LX,J. settlement ... developed in the second half of the 19th cent.,[],[],
6258,WISKITKI,Warsaw,Poland,,jews_present,18EX,Jews lived there from the early 18th cent.,[],[],
6259,WISLICA,Kielce,Poland,,first_mention,1514,Jews are first mentioned in 1514,"[{'lang': 'yid', 'name': 'Wislic'}]","[{'event': 'Residential restrictions', 'year': '1566', 'impact': 'forced to live outside the town walls', 'source': 'In 1566 they were forced to live outside the town walls'}, {'event': 'Massacre by irregulars', 'year': '', 'impact': '50 families massacred', 'source': ""50 families were massacred there by Stefan Czarniecki's irregulars""}]",
6260,WISNICZ NOWY,Cracow,Poland,,community_present,17MX,A large part of the 200-family J. community fled during the mid-17th cent.,"[{'lang': 'yid', 'name': 'Vishnitsa'}]","[{'event': 'Mid-17th-century disturbances', 'year': '17MX', 'impact': 'large part of 200-family community fled', 'source': 'A large part of the 200-family J. community fled during the mid-17th cent. disturbances'}]",
6261,WISNIOWIEC,Volhynia,Poland,Ukraine,jews_arrived,16LX,The J. settlement dates from the second half of the 16th cent.,[],"[{'event': 'Tartar attack', 'year': '1653', 'impact': 'settlement suffered greatly', 'source': 'It suffered greatly in the Tartar attack of 1653'}]",
6262,WISSENBOURG,Bas-Rhin,France,,community_present,12XX,The community dates from the Middle Ages,[],"[{'event': 'Blood libel massacre', 'year': '1260', 'impact': 'community members massacred', 'source': 'In 1260, community members were massacred in a blood libel'}]",
6263,WISZNICE,Lublin,Poland,,jews_arrived,18LX,Jews settled in the late 18th cent.,[],[],
6264,WISZNIEW,Nowogrodek,Poland,Belarus,jews_arrived,18LX,Jews settled in the late 18th cent.,[],[],
6265,WITKOW NOWY,Tarnopol,Poland,Ukraine,jews_present,18EX,Jews lived there from the early 18th cent.,[],[],
6266,WITTELSHOFEN,Middle Franconia,Germany,,community_present,18XX,An important J. community existed from the 18th to the mid-19th cent.,[],[],
6267,WITTEN,Westphalia,Germany,,jews_present,19EX,One J. family was present in the early 19th cent.,[],[],
6268,WITTENBERG,Saxony,Germany,,jews_present,13XX,Jews were living in W. in the 14th cent.,[],[],
6269,WITTENBERGE,Brandenburg,Germany,,jews_present,18XX,There was a J. settlement in the 19th cent.,[],[],
6270,WITTLICH,Rhineland,Germany,,jews_arrived,13EX,Jews arrived... in the first half of the 14th cent.,[],"[{'event': 'Black Death persecutions', 'year': '1349', 'impact': 'all Jews killed', 'source': 'All were killed in 1349 during the Black Death'}]",
6271,WITTMUND,Hanover,Germany,,jews_present,16LX,Eight J. families lived here in 1676,[],[],
6272,WITZENHAUSEN,Hesse-Nassau,Germany,,community_founded,1622,The community opened a synagogue in 1622,[],[],
6273,WIZAJNY,Bialystok,Poland,,jews_present,17EX,Jews were present from 1646,[],[],
6274,WIZNA,Bialystok,Poland,,jews_present,1765,In 1765 W. had 16 J. families,[],[],
6275,WLADYSLAWOW-RUSSOCICE,Lodz,Poland,,jews_arrived,17LX,Jews settled here in the late 18th cent.,"[{'lang': 'yid', 'name': 'Riseshitz'}]",[],
6276,WLOCLAWEK,Warsaw,Poland,,jews_present,15XX,Jews did business at trade fairs here as early as the 16th cent.,[],[],
6277,WLODAWA,Lublin,Poland,,first_mention,15XX,Jews are mentioned in the 16th cent.,[],"[{'event': 'Community organized', 'year': '1623', 'impact': 'independent community; representation on Council of the Four Lands', 'source': 'formed an independent community in 1623 with a representative on the Council of the Four Lands'}]",
6278,WLODAWKA,Polesie,Poland,Belarus,POP,,The J. pop. in 1921 was 271,[],[],
6279,WLODIMIERZEC,Volhynia,Poland,Ukraine,jews_present,16XX,Jews were present in the 17th cent.,[],[],
6280,WLODZIMIERZ WOLYNSKI,Volhynia,Poland,Ukraine,first_mention,1171,Jews are first recorded in 1171,"[{'lang': 'yid', 'name': 'Ludmir'}]",[],
6281,WLOKI MALE,Warsaw,Poland,,POP,,The J. pop. in 1921 was 144,[],[],
6282,WLOKI PIASKI,Warsaw,Poland,,POP,,The J. pop. in 1921 was 111,[],[],
6283,WLOSZCZOWA,Kielce,Poland,,first_mention,16XX,Jews are first mentioned in the 17th cent.,[],"[{'event': 'Community developed', 'year': '19XX', 'impact': 'community developed in the 19th cent.', 'source': 'a J. community only developed in the 19th cent.'}]",
6284,WODZISLAW,Kielce,Poland,,jews_present,10XX,Jews may have been present as early as the 11th cent.,[],"[{'event': 'Swedish invasion', 'year': '17MX', 'impact': 'most Jews fled', 'source': 'Most Jews fled in the mid-17th cent. Swedish inv'}]",
6285,WOELFERSHEIM,Hesse,Germany,,community_present,17XX,Established in the 18th cent.,[],[],
6286,WOELLSTEIN,Hesse,Germany,,community_founded,1820,Established in 1820,[],[],
6287,WOERRSTADT,Hesse,Germany,,community_founded,1750,community was reestablished around 1750,[],"[{'event': 'Expulsion', 'year': '1576', 'impact': 'community banished', 'source': 'Banished in 1576'}]",
6288,WOERTH AM MAIN,Lower Franconia,Germany,,community_present,17EX,A J. community is known from the early 18th cent.,[],[],
6289,WOHYN,Lublin,Poland,,jews_present,1566,Two J. families were present in 1566,[],"[{'event': 'Fire', 'year': '', 'impact': 'synagogue and many homes destroyed', 'source': 'The synagogue and many J. homes were d'}]",
6290,WOISLAWICE,Lublin,Poland,,first_mention,14XX,Jews are mentioned in the 15th and 16th cents.,"[{'lang': 'yid', 'name': 'Voslovichl'}]","[{'event': 'Blood libel', 'year': '1760', 'impact': 'rabbi tortured to death; two Jews executed', 'source': ""In a 1760 blood libel, the community's rabbi was tortured to death and two other Jews were executed""}]",
6291,WOJNICZ,Cracow,Poland,,jews_arrived,17XX,Jews apparently settled in the 18th cent.,[],[],
6292,WOJNILOW,Stanislawow,Poland,Ukraine,community_present,16LX,"The community, dating from the late 17th cent.",[],[],
6293,WOJTKOWA,Lwow,Poland,Ukraine,POP,,The J. pop. in 1921 was 113,[],[],
6294,WOLA KZHYSHTOPORSKA,Lodz,Poland,,POP,,Sixty-two Jews lived here in 1921,[],[],
6295,WOLA MICHOWA,Lwow,Poland,Ukraine,POP,,The J. pop. in 1921 was 148,[],[],
6296,WOLANOW,Kielce,Poland,,jews_arrived,19EX,Jews first settled in the early 19th cent,[],[],
6297,WOLA ZARCZYCKA,Lwow,Poland,Ukraine,POP,,The J. pop. in 1921 was 101,[],[],
6298,WOLBECK,Westphalia,Germany,,community_present,18LX,in the last third of the 19th cent.,[],[],maintained a synagogue and a cemetery (from before 1811)
6299,WOLBOZH,Lodz,Poland,,community_founded,1830,community was organized when the hasidic court... was established in the 1830s,[],[],Hasidic court of R. Yissakhar Dov Baer ha-Kohen Tornheim
6300,WOLBROM,Kielce,Poland,,first_mention,17EX,Jews are mentioned in the early 18th cent.,[],[],
6301,WOLCZYN,Polesie,Poland,Belarus,POP,,Jews numbered 588 in 1897 and 180 (total 190) in 1921,[],"[{'event': 'WWI evacuation/expulsion', 'year': '1914–1918', 'impact': 'population reduced; expelled to Wysokie Litewsk(i)', 'source': 'after evacuation in WWI. Presumably they were expelled by the Germans to the nearby Wysokie Litewski'}]",
6302,WOLDENBERG,Brandenburg,Germany,Poland,jews_present,13XX,Jews were living in W. in the 14th cent.,"[{'lang': 'pol', 'name': 'Dobiegniew'}]",[],
6303,WOLFENBUETTEL,Brunswick,Germany,,jews_arrived,1697,the first Jew to settle in W. in 1697,[],[],
6304,WOLFHAGEN,Hesse-Nassau,Germany,,community_founded,16XX,no community was organized until the 17th cent.,[],"[{'event': 'Massacre', 'year': '1235', 'impact': '18 Jews slain; community ceased', 'source': 'After the slaying of 18 Jews in 1235, no community was organized until the 17th cent.'}]",
6305,WOLFISHEIM,Bas-Rhin,France,,jews_present,11XX,dates from the Second Crusade in the 12th cent.,[],[],
6306,WOLKOWYJE,Volhynia,Poland,,POP,,"The J. pop. in 1921 was 112 (total 2,533)",[],[],
6307,WOLKOWYSK,Bialystok,Poland,Belarus,jews_arrived,15XX,Jews first settled in the 16th cent.,[],[],
6308,WOLLENBERG,Baden,Germany,,jews_present,16MX,Few Jews were present in the 16th-17th cents.,[],[],
6309,WOLLIN,Pomerania,Germany,Poland,jews_arrived,18XX,Jews only arrived in W. in the 19th cent.,"[{'lang': 'pol', 'name': 'Wolin'}]",[],
6310,WOLMA,Nowogrodek,Poland,Belarus,POP,,The J. pop. was 149 in 1921,[],[],
6311,WOLMIANKA WIELKA,Volhynia,Poland,Ukraine,POP,,The J. pop. in 1930 was 189 (total 364),[],[],
6312,WOLOMIN,Warsaw,Poland,,jews_arrived,18LX,Jews settled towards the end of the 19th cent.,[],"[{'event': 'WWI hardships', 'year': '1914–1918', 'impact': 'shortages and industrial shutdown', 'source': 'With the outbreak of WWI a lack of food and industr-'}]",
6313,WOLOSKA WIES,Stanislawow,Poland,Ukraine,POP,,The J. pop. in 1921 was 216,[],[],
6314,WOLOZYN,Nowogrodek,Poland,Belarus,community_present,1766,A community of 383 existed in 1766,"[{'lang': 'eng', 'name': 'Volozhin'}]",[],
6315,WOLPA,Bialystok,Poland,Belarus,jews_arrived,15LX,J. settlement commenced in the second half of the 16th cent.,[],[],
6316,WOLSZTYN,Poznan,Poland,,jews_arrived,1530,The first Jews arrived in 1530,[],[],
6317,WONCHOCK,Kielce,Poland,,jews_present,18XX,A few dozen families were present in the 19th cent.,[],[],
6318,WONSEWO,Bialystok,Poland,Belarus,jews_present,1765,"In 1765, 95 Jews lived in W.",[],[],
6319,WONSOSZ,Bialystok,Poland,Belarus,community_present,19XX,The J. community grew in the 19th cent.,[],"[{'event': 'antisemitic upheavals', 'year': '1930s', 'impact': 'suffered upheavals', 'source': 'In the 1930s the Jews suffered antisemitic upheavals'}]",
6320,WONWOLNICA,Lublin,Poland,,jews_arrived,16XX,J. settlement commenced in the 17th cent.,"[{'lang': 'yid', 'name': 'Vanovlitch'}]",[],
6321,WORMDITT,East Prussia,Germany,Poland,jews_arrived,c.1800,Jews settled in W. c. 1800.,"[{'lang': 'pol', 'name': 'Orneta'}]",[],synagogue and cemetery maintained (pre-1930)
6322,WORMS,Hesse,Germany,,community_founded,960,by 960 had established a community,"[{'lang': 'heb', 'name': 'Vormayza'}, {'lang': 'yid', 'name': 'Vermes'}, {'lang': 'yid', 'name': 'Garmayza'}]",[],Jews lived there in Roman times
6323,WORNIANY,Vilna,Poland,Belarus,jews_arrived,17LX,Jews arrived apparently in the second half of the 18th cent.,[],[],
6324,WOROCHTA,Stanislawow,Poland,Ukraine,POP,,The J. pop. in 1921 was 196.,[],[],
6325,WORONOWO,Nowogrodek,Poland,Belarus,jews_present,17LX,A few J. families may have been present at the turn of the 18th cent.,[],[],
6326,WRIEZEN,Brandenburg,Germany,,first_mention,1677,Mention of the first protected Jew (Schutzjude) dates from 1677.,[],[],cemetery established in 1730; synagogue 1836
6327,WRONKI,Poznan,Poland,,jews_arrived,15LX,first Jews probably settled in the late 16th cent.,[],[],"charter in 1607 allowing trade, crafts, and build a new synagogue"
6328,WRZESNIA,Poznan,Poland,,jews_present,14MX,Jews were present from the founding of the town in the mid14th cent.,[],"[{'event': 'mid-17th-century wars', 'year': '17MX', 'impact': 'community suffered', 'source': 'The community suffered in the mid-17th ce'}]",
6329,WSIELUB,Nowogrodek,Poland,Belarus,jews_arrived,15XX,Jews are believed to have arrived in the 16th cent.,[],[],J. merchants active in lumber trade in 19th cent.; all Jews had auxiliary occupations
6330,WUERZBURG,Lower Franconia,Germany,,first_mention,1100,Jews are first mentioned around 1100,[],[],probably included refugees from the Rhineland massacres of the First Crusade (1096)
6331,WUESTENSACHSEN,Hesse-Nassau,Germany,,community_present,18XX,"Dating from the 18th cent., the J. community",[],[],affiliated with the rabbinate of Fulda
6332,WULKA MAZOWIECKA,Lwow,Poland,Ukraine,POP,,The J. pop. in 1921 was 136.,[],[],
6333,WUNSTORF,Hanover,Germany,,community_founded,18XX,no community was established until the 19th cent.,[],[],
6334,WUPPERTAL-BARMEN,Westphalia,Germany,,jews_present,1812,Two J. families were present in 1812,[],[],part of Elberfeld regional congregation until 1895; then independent community
6335,WUPPERTAL-ELBERFELD,Westphalia,Germany,,jews_present,14XX,Jews were present by the 15th cent.,[],[],permanent residence only after French conquest in 1806
6336,WYBRANOWKA,Lwow,Poland,Ukraine,POP,,The J. pop. in 1921 was 101,[],[],
6337,WYSMIERZYCE,Kielce,Poland,,jews_arrived,18XX,Jews first settled in the 19th cent.,[],[],
6338,WYSOCK,Volhynia,Poland,Ukraine,community_present,16EX,"A community, attached to Pinsk, existed from the early 17th cent.",[],[],
6339,WYSOCKO NIZNE,Lwow,Poland,Ukraine,POP,,The J. pop. in 1921 was 141,[],[],
6340,WYSOCKO WYZNE,Lwow,Poland,Ukraine,POP,,The J. pop. in 1921 was 220,[],[],
6341,WYSOKIE,Lublin,Poland,,jews_present,17MX,A few dozen Jews were present in the mid-18th cent.,[],[],
6342,WYSOKIE LITEWSKIE,Polesie,Poland,,jews_arrived,15MX,Jews settled in the mid-l6th cent.,[],"[{'event': 'Fires', 'year': '1884', 'impact': 'damage to community', 'source': 'Fires in 1884'}, {'event': 'Fires', 'year': '1889', 'impact': 'damage to community', 'source': 'Fires in 1889'}, {'event': 'Fires', 'year': '1904', 'impact': 'damage to community', 'source': 'Fires in 1904'}]",
6343,WYSOKIE MAZOWIECKIE,Bialystok,Poland,,jews_present,16XX,Jews lived there from the 17th cent.,[],[],
6344,WYSZKOW,Warsaw,Poland,,jews_present,16XX,Jews probably first lived there in the 17th cent.,[],[],
6345,WYSZOGROD,Warsaw,Poland,,jews_arrived,14XX,J. settlement began in the 15th cent.,[],"[{'event': 'Prussian and Polish rule economic restrictions', 'year': '1793-', 'impact': 'trade limitations and taxes', 'source': 'Under Prussian and subsequent Polish rule (1793- ...)'}]",A synagogue was built in the mid-18th cent.
6346,WYSZONKI KOSCIELNE,Bialystok,Poland,,POP,,"In 1921, 177 Jews lived in W. (total 278)",[],[],
6347,WYZHGRODEK,Volhynia,Poland,Ukraine,POP,,"The J. pop. stood at 1,078 (half the total) in 1897",[],[],Many fled during WWI due to Ukrainian gangs
6348,WYZWA,Volhynia,Poland,Ukraine,jews_present,15MX,Jews were present from the mid-16th cent.,[],[],extensive residence and trade rights
6349,YAGOTIN,Poltava,Ukraine,,jews_arrived,18LX,Jews settled in the late 19th cent.,[],[],
6350,YALTA,Crimea,Russia,Ukraine,jews_arrived,18EX,Jews settled in the early 19th cent.,[],"[{'event': 'pogrom', 'year': '1905-03-13–1905-03-14', 'impact': 'pogrom against Jews', 'source': 'A pogrom was staged against the Jews on 13-14 March 1905'}]",
6351,YALTUSHKOV,Vinnitsa,Ukraine,,POP,,Jews numbered 192 in 1784,[],"[{'event': 'pogrom', 'year': '1883-12', 'impact': 'Jews attacked', 'source': 'In early Dec. 1883, Jews were attacked in a pogrom'}]",
6352,YAMPOL (I),Vinnitsa,Ukraine,,jews_arrived,16LX,Jews probably settled in the late 17th cent.,[],[],
6353,YAMPOL (II),Kamenets-Podolski,Ukraine,,jews_arrived,16EX,Jews probably settled in the early 17th cent.,[],"[{'event': 'Northern War violence', 'year': '1705–1708', 'impact': 'soldiers attacked the Jews', 'source': 'In 1705-08 (the Northern War), Russian, Polish, and Swedish soldiers attacked the Jews'}, {'event': 'blood libel', 'year': '1766', 'impact': '', 'source': 'In a 1766 blood lib'}]",
6354,YANOVICHI,Vitebsk,Belorussia,,community_present,16LX,The J. community dates from the late 17th cent.,[],[],
6355,YANOVKA,Odessa,Ukraine,,POP,,"The J. pop. was 1,438 ... in 1897",[],[],
6356,YANUSHPOL,Zhitomir,Ukraine,,first_mention,1569,Jews are first mentioned in 1569,[],[],
6357,YARCEVO,Smolensk,Russia,,jews_arrived,18LX,Jews probably settled in the late 19th cent.,[],[],
6358,YARMOLINTSY,Kamenets-Podolski,Ukraine,,POP,,The J. pop. was 253 in 1765,[],"[{'event': 'Haidamak attack', 'year': '1775', 'impact': 'population dropped to 60', 'source': 'dropping to 60 after a Haidamak attack in 1775'}]",
6359,YAROSLAVSKAYA,Krasnodar territory,Russia,,POP,,There were also a few Jews among the more than 200 pe,[],[],
6360,YARUGHA,Vinnitsa,Ukraine,,POP,,Jews numbered 63 in 1765,[],"[{'event': 'White Army pogrom', 'year': '1919-12', 'impact': ""attacked by General Denikin's soldiers"", 'source': ""In Dec. 1919 they were attacked by General Denikin's White Army soldiers""}]",
6361,YARYSHEV,Vinnitsa,Ukraine,,POP,,The J. pop. was 438 in 1765,[],[],
6362,YASEN,Mogilev,Belorussia,,POP,,Jews numbered 285 in 1923,[],[],
6363,YASENEVO,Odessa,Ukraine,,POP,,Jews numbered 573 ... in 1897,[],[],
6364,YASINOVATAYA,Stalino,Ukraine,,jews_arrived,18XX,Jews probably settled in the 19th cent.,[],[],
6365,YEFINGAR,Nikolaiev,Ukraine,,community_founded,19EX,founded as a J. settlement in 1807-09,[],[],
6366,YEFREMOYV,Tula,Russia,,jews_arrived,18LX,Jews probably settled at the turn of the 19th cent.,[],[],
6367,YELETS,Oriol,Russia,,jews_arrived,19MX,J. settlement began in the mid-19th cent.,[],[],
6368,YELSK,Polesie,Belorussia,,POP,,The J. pop. was 632 in 1923,[],[],
6369,YEVPATORIA,Crimea,Russia,Ukraine,jews_arrived,19EX,The first J. families settled around 1810,[],[],
6370,YEZERISHCHE,Vitebsk,Belorussia,,POP,,The J. pop. in 1939 was 77,[],[],
6371,YEZIORANY,Volhynia,Poland,Ukraine,community_founded,19MX,founded in 1848 as a J. farm settlement,"[{'lang': 'pol', 'name': 'Ozierany'}]",[],
6372,YITL,Polesie,Belorussia,,community_founded,19EX,founded as a J. agricultural colony in 1833,"[{'lang': 'rus', 'name': 'Seliba'}]",[],
6373,YLAKIAI,Mazeikiai,Lithuania,,community_founded,19EX,community was established in the beginning of the 19th cent.,"[{'lang': 'yid', 'name': 'Yelok'}]",[],
6374,YOCHANOV,Smolensk,Russia,,jews_arrived,19LX,Jews probably settled in the late 19th cent.,[],[],
6375,YUKHOVICHI,Vitebsk,Belorussia,,POP,,The J. pop. was 336 in 1897,[],[],
6376,YUREVICHI,Polesie,Belorussia,,first_mention,17LX,Jews are first mentioned in the late 18th cent.,[],[],
6377,YURKINO,Nikolaiev,Ukraine,,community_present,20XX,A J. kolkhoz operated in the settlement during the Soviet period,[],[],
6378,YUSKHOVO,Kalinin,Russia,,POP,,Only WWII event stated; no earlier timing,[],[],
6379,YUSTYNGRAD-SOKOLKA,Kiev,Ukraine,,POP,,"The J. pop. was 2,521 in 1897",[],[],
6380,YUZEFPOL,Odessa,Ukraine,,jews_arrived,18MX,Jews settled in the mid-18th cent.,"[{'lang': 'ukr', 'name': 'Yosipovka'}]",[],
6381,ZAANDAM,Noord-Holland,Holland,,community_present,18EX,An organized J. community was already active in the early 19th cent.,"[{'lang': 'nld', 'name': 'Zaanstad'}]",[],
6382,ZABALJ,Vojvodina,Yugoslavia,,community_founded,18LX,A J. community was established at the end of the 19th cent.,[],[],
6383,ZABIE,Stanislawow,Poland,Ukraine,community_founded,18LX,The Jews were organized as an independent community in the 1880s,[],[],
6384,ZABINKA,Polesie,Poland,Belarus,jews_arrived,18LX,developing after the arrival of the railroad in the late 19th cent.,[],[],
6385,ZABLOCIE,Volhynia,Poland,,POP,,Jews numbered 20 families in the 1930s,[],[],
6386,ZABLOTOW,Stanislawow,Poland,Ukraine,jews_arrived,17EX,Jews settled here in the early 18th cent.,[],[],
6387,ZABLUDOW,Bialystok,Poland,,jews_arrived,15LX,Jews first arrived in the late 16th cent.,[],[],
6388,ZABOKREKY,Slovakia,Czechoslovakia,Republic of Slovakia,jews_present,17EX,The few Moravian J. families present in the early 18th cent.,"[{'lang': 'hun', 'name': 'Nyitrazsambokret'}]","[{'event': 'Expulsion', 'year': '1727', 'impact': 'Jews expelled', 'source': 'were expelled in 1727 with the rest of the Jews'}]",
6389,ZABOTIN,Kiev,Ukraine,,jews_present,1765,Five J. families were present in 1765,[],"[{'event': 'Zhelezniak gangs massacre', 'year': '1768', 'impact': 'all Jews murdered', 'source': 'All were murdered in 1768 by the Zhelezniak gangs'}]",
6390,ZABRZEZ,Vilna,Poland,Belarus,first_mention,1595,there were ... residents in 1595,[],"[{'event': 'Expulsion', 'year': '1882', 'impact': 'Jews expelled; ban ignored by some', 'source': 'The Jews were expelled in 1882 but despite the ban there were ... residents'}]",
6391,ZACHENTA,Kielce,Poland,,POP,,The J. pop. was 270 (total 423) in 1921,[],[],
6392,ZADAR,Croatia,Yugoslavia,Republic of Croatia,jews_present,13XX,Jews first lived in Z. in the 14th cent.,"[{'lang': 'ita', 'name': 'Zara'}]",[],
6393,ZADNE,Carpatho-Russia,Czechoslovakia,Ukraine,jews_arrived,17EX,Jews probably settled in the first half of the 18th cent.,"[{'lang': 'hun', 'name': 'Zadnya'}]",[],
6394,ZAGARE,Siauliai,Lithuania,,jews_arrived,15XX,Jews first settled here in the 16th cent.,"[{'lang': 'yid', 'name': 'Zhager'}]",[],
6395,ZAGHOUAN,Zaghouan,Tunisia,,jews_arrived,18LX,Jews apparently settled at the turn of the 19th cent.,[],[],
6396,ZAGNITKOV,Vinnitsa,Ukraine,,jews_present,1765,Fourteen Jews were present in 1765,[],[],
6397,ZAGOROW,Lodz,Poland,,POP,,In 1897 the J. pop. was 658 (22% of the total),[],[],
6398,ZAGORZ,Lwow,Poland,,jews_arrived,18LX,Jews began arriving ... in the second half of the 19th cent.,[],[],
6399,ZAGORZE (I),Stanislawow,Poland,Ukraine,POP,,The J. pop. in 1921 was 194.,[],[],
6400,ZAGORZE (II),Kielce,Poland,,jews_arrived,1880,J. settlement commenced in 1880,[],[],
6401,ZAGREB,Croatia,Yugoslavia,Republic of Croatia,jews_present,13XX,Jews lived in Z. from the 14th cent.,"[{'lang': 'ger', 'name': 'Agram'}]","[{'event': 'Expulsion', 'year': '16XX', 'impact': 'Jews expelled', 'source': 'were expelled in the 16th cent. by King Ferdinand of Austria'}]",
6402,ZAKHARINO,Smolensk,Russia,,POP,,The J. pop. was 538 in 1847 and 566 in 1897.,[],[],Located in the Jewish Pale of Settlement
6403,ZAKINTHOS,Ionian Islands,Greece,,first_mention,14LX,earliest records ... date back to the late 15th cent.,"[{'lang': 'gre', 'name': 'Zakynthos'}, {'lang': 'und', 'name': 'Zanthe'}, {'lang': 'und', 'name': 'Zante'}]","[{'event': 'Spanish and Portuguese expulsions', 'year': '1492–1497', 'impact': 'large number of refugees arrived', 'source': 'With the Spanish and Portuguese expulsions (1492-97) a large number'}]",
6404,ZAKLICZYN,Cracow,Poland,,jews_arrived,16LX,Jews settled in the second half of the 17th cent.,[],[],
6405,ZAKLIKOW,Lublin,Poland,,jews_arrived,15LX,Jews first settled in the late 16th cent.,[],[],
6406,ZAKOPANE,Cracow,Poland,,jews_arrived,17LX,Jews first settled in the late 18th cent.,[],[],
6407,ZAKROCZYM,Warsaw,Poland,,community_present,14XX,A small community existed in the 15th cent.,[],[],
6408,ZAKRZOWEK,Lublin,Poland,,POP,,The J. pop. was 169 in the late 19th cent. and 408 in 1921.,[],[],
6409,ZALAEGERSZEG,Zala,Hungary,,first_mention,17EX,Jews are first mentioned in 1711.,[],[],
6410,ZALALOVO,Zala,Hungary,,jews_arrived,1746,The first Jews arrived in 1746.,[],[],
6411,ZALASZENTGROT,Zala,Hungary,,jews_arrived,17EX,Jews settled in the early 18th cent.,[],[],
6412,ZALAU,N. Transylvania,Rumania,,community_founded,18LX,A J. community was organized in the late 19th cent.,"[{'lang': 'hun', 'name': 'Zilah'}]",[],
6413,ZALESZCZYKI,Tarnopol,Poland,Ukraine,jews_arrived,17EX,Jews were apparently among the founders of the town in the early 18th cent.,[],[],
6414,ZALOZCE,Tarnopol,Poland,Ukraine,jews_present,16EX,Jews were found in Z. from the early 17th cent.,[],[],
6415,ZALTBOMMEL,Gelderland,Holland,,jews_present,14XX,Jews lived in Z. in the 15th and 16th cents.,[],"[{'event': 'Expulsion', 'year': '1546', 'impact': 'Jews expelled', 'source': 'were expelled in 1546'}]",
6416,ZALUKIEW,Stanislawow,Poland,Ukraine,POP,,The J. pop. in 1921 was 120,[],[],
6417,ZALUZ,Carpatho-Russia,Czechoslovakia,Ukraine,jews_arrived,18EX,Jews probably settled in the early 19th cent.,"[{'lang': 'hun', 'name': 'Kisalmas'}, {'lang': 'yid', 'name': 'Zalysha'}]",[],
6418,ZAMBERK,Bohemia,Czechoslovakia,,community_present,16EX,A J. community probably existed in the early 17th cent.,[],"[{'event': 'Fires', 'year': '1810', 'impact': 'ghetto devastated', 'source': 'Fires devastated the ghetto in 1810'}, {'event': 'Fires', 'year': '1833', 'impact': 'ghetto devastated', 'source': 'Fires devastated the ghetto in 1810 and 1833'}]",
6419,ZAMBROW,Bialystok,Poland,,community_founded,1829,The community was established in 1829,[],[],
6420,ZAMEK MODLIBORZYCKI,Lublin,Poland,,POP,,"The J. pop. stood at 150 (total 1,877) in 1921",[],[],
6421,ZAMIEKHOV,Kamenets-Podolski,Ukraine,,first_mention,1734,"In 1734, 30 Jews were murdered in a Haidamak raid",[],"[{'event': 'Haidamak raid', 'year': '1734', 'impact': '30 Jews murdered', 'source': 'In 1734, 30 Jews were murdered in a Haidamak raid'}]",
6422,ZAMOSC,Lublin,Poland,,jews_arrived,1587,first Jews were Sephardim... arriving in 1587,[],[],
6423,ZAMOSTEA,Bukovina,Rumania,Ukraine,community_present,18LX,A J. community existed in the late 19th cent.,[],[],
6424,ZAMOSTY,Polesie,Poland,Belarus,community_present,19EX,Z. was originally a J. farm settlement attached to Kamieniec,[],[],
6425,ZANDVOORT,Noord-Holland,Holland,,community_founded,1923,"The J. community, organized in 1923",[],[],
6426,ZANZUR,Tripolitania,Libya,,community_present,15XX,"tradition, there was a large 16th cent. J. community",[],"[{'event': 'Riots during Italian conquest', 'year': '1912', 'impact': 'rioting against Jews', 'source': 'During the Italian conquest of Z. in 1912 rioting'}]",
6427,ZAPADNAYA DVINA,Kalinin,Russia,,jews_arrived,18LX,Jews probably settled in the late 19th cent.,[],[],
6428,ZAPOROZHE,Zaporozhe,Ukraine,,jews_present,1816,Seven Jews were living in Z. in 1816,"[{'lang': 'rus', 'name': 'Aleksandrovsk'}]","[{'event': 'Pogrom', 'year': '1881-05-01', 'impact': 'anti-Jewish violence', 'source': 'A pogrom was staged against the Jews on 1 May 1881'}]",
6429,ZAPYSKIS,Kaunas,Lithuania,,jews_arrived,18EX,Jews first settled at the beginning of the 19th cent.,"[{'lang': 'yid', 'name': 'Sapizishok'}]",[],
6430,ZARASAI,Zarasai,Lithuania,/,jews_arrived,1838,Jews from Troki requested permission ... to settle in Z. in 1838,"[{'lang': 'yid', 'name': 'Ezsherene'}]",[],
6431,ZAREMBY KOSCIELNE,Bialystok,Poland,/,community_present,16LX,An organized community existed in the second half of the 17th cent.,"[{'lang': 'yid', 'name': 'Zaromb'}]",[],
6432,ZARENAI,Telsiai,Lithuania,/,community_present,19XX,Until WWI ... built houses ... and rented them to Jews,"[{'lang': 'yid', 'name': 'Zharan'}]",[],
6433,ZARKI,Kielce,Poland,/,community_founded,16LX,forming an organized community by the late 17th cent.,[],[],
6434,ZARNOVICA,/,Czechoslovakia,Republic of Slovakia,jews_arrived,1840,Jews settled in the 1840s after a longstanding settlement ban,[],[],
6435,ZARNOWIEC,Kielce,Poland,/,community_present,1791,A J. community of 386 residents ... is mentioned in 1791,[],[],
6436,ZARSZYN,Lwow,Poland,/,jews_arrived,18LX,J. settlement commenced in the late 18th cent.,[],[],
6437,ZARZECZE,Stanislawow,Poland,Ukraine,POP,1921,The J. pop. in 1921 was 106,[],[],
6438,ZARZIS,Southern Tunisia,Tunisia,/,community_founded,19LX,an organized J. community ... only sprang up at the end of the 19th cent.,[],[],
6439,ZASHKOV,Kiev,Ukraine,/,jews_present,18XX,A small number of Jews were present in the 18th cent.,[],[],
6440,ZASKIEWICZE,Vilna,Poland,Belarus,jews_arrived,19LX,Jews probably arrived in the late 19th cent.,[],[],
6441,ZASLAVL,Minsk,Belorussia,/,jews_arrived,18MX,Jews probably settled in the mid-18th cent.,[],[],
6442,ZASLIAI,Troki,Lithuania,/,POP,1897,"The J. pop. in 1897 was 1,325 (67% of the total)","[{'lang': 'yid', 'name': 'Zhosle'}]",[],
6443,ZASTAVNA,Bukovina,Rumania,Ukraine,community_present,1891,The J. community received official recognition in 1891,[],[],
6444,ZASULIE,Sumy,Ukraine,/,jews_present,1902,J. residence was permitted only from 1902,[],[],
6445,ZATEC,Bohemia (Sudetenland),Czechoslovakia,/,first_mention,1350,Jews are mentioned in 1350,[],"[{'event': 'Pogrom', 'year': '1541', 'impact': 'ghetto attacked', 'source': 'In 1541 they were attacked in their ghetto in a violent pogrom'}]",
6446,ZATISHIE,Stalino,Ukraine,,POP,,Jews numbered 527 (total 708) in 1897 and 449 in 1926,[],[],
6447,ZATOR,Cracow,Poland,,community_present,14LX,one of the 61 existing in Poland at the end of the Middle Ages,[],[],
6449,ZAVEREZHYE,Mogilev,Belorussia,,community_founded,1835,founded as a J. colony in 1835,[],[],
6450,ZAVIDOVICI,Bosnia-Hercegovina,Yugoslavia,Republic of Bosnia,jews_arrived,18XX,Jews settled there in the 19th cent.,[],[],
6451,ZAVODY,Kharkov,Ukraine,,POP,,The J. pop. in 1939 was 251,[],[],
6452,ZAWALE,Volhynia,Poland,Ukraine,POP,,The J. pop. in 1921 was 129,[],[],Czech village mentioned
6453,ZAWALOW,Tarnopol,Poland,Ukraine,jews_arrived,15MX,Jews were among the mid-16th cent. founders of the town,[],[],
6454,ZAWIA,Tripolitania,Libya,,jews_arrived,16LX,J. settlement probably commenced in the 17th cent.,"[{'lang': 'und', 'name': 'Zaouia'}]",[],
6455,ZAWICHOST,Kielce,Poland,,jews_arrived,17EX,Jews arrived in the early 18th cent.,[],[],
6456,ZAWIERCIE,Kielce,Poland,,jews_arrived,16LX,Jews were permitted to settle... in the late 17th cent.,[],[],
6457,ZAWISTY DZIKIE,Bialystok,Poland,,POP,,The J. pop. in 1921 was 181,[],[],
6458,ZAWOJ,Stanislawow,Poland,Ukraine,POP,,The J. pop. in 1921 was 126,[],[],
6459,ZBARAZ,Tarnopol,Poland,Ukraine,jews_arrived,14LX,J. settlement dates from the late 15th cent.,[],[],
6460,ZBOJNIA,Bialystok,Poland,,POP,,The J. pop. in 1921 was 109,[],[],
6461,ZBONSZYN,Poznan,Poland,,community_present,1765,A community of 89 Jews was present in 1765,"[{'lang': 'pol', 'name': 'Dzbanszyn'}, {'lang': 'ger', 'name': 'Bentschen'}]",[],
6462,ZBOROV,Slovakia,Czechoslovakia,Republic of Slovakia,jews_present,16LX,Jews were present in the late 17th cent.,"[{'lang': 'hun', 'name': 'Zboro'}]",[],
6463,ZBOROW,Tarnopol,Poland,Ukraine,first_mention,17LX,Jews were first recorded in Z. in the 1680s,[],[],
6464,ZBRIZH,Kamenets-Podolski,Ukraine,,POP,,The J. pop. was 376 in 1787,[],[],
6465,ZBUCZYN,Lublin,Poland,,jews_present,17XX,Jews were probably present in the 18th cent.,[],[],
6466,ZDANA,Slovakia,Czechoslovakia,Republic of Slovakia,jews_arrived,17XX,Jews probably settled in the 18th cent.,"[{'lang': 'hun', 'name': 'Hernadzsadany'}]",[],
6467,ZDOLBUNOW,Volhynia,Poland,,POP,,The J. pop. expanded rapidly after Z. became an important railroad junction in 1903,[],[],A Hebrew school was in operation.
6468,ZDUNSKA WOLA,Lodz,Poland,,jews_arrived,1788,Jews first settled here in 1788,[],[],The community was established officially in 1828 and a synagogue built in 1[...].
6469,ZDZIECIOL,Nowogrodek,Poland,Belarus,jews_arrived,~1580,Jews settled here around 1580,"[{'lang': 'yid', 'name': 'Zhetl'}, {'lang': 'rus', 'name': 'Diatlovo'}]",[],"community by 1670, when the first synagogue was built."
6470,ZECKENDORF,Upper Franconia,Germany,,community_founded,1654,The community was founded in 1654,[],[],first seat of the Bamberg regional chief rabbinate.
6471,ZEHDENICK,Brandenburg,Germany,,first_mention,1680,The first evidence of a J. presence in Z. dates from 1680,[],[],
6472,ZEILITZHEIM,Lower Franconia,Germany,,first_mention,1607,Jews are mentioned in 1607,[],[],
6473,ZEIMELIS,Siauliai,Lithuania,,community_present,17XX,"Dating from the 18th cent., the J. community was one of the oldest in Lithuania","[{'lang': 'yid', 'name': 'Zheiml'}]",[],
6474,ZEITLOFS,Lower Franconia,Germany,,jews_present,15XX,Jews are known from the 16th cent.,[],[],
6475,ZELECHOW,Lublin,Poland,,jews_arrived,16EX,J. settlement commenced in the first half of the 17th cent.,[],[],organized community formed in the early 18th cent.
6476,ZELENOPOLE,Zaporozhe,Ukraine,,community_founded,1853,founded Z. as a J. colony in 1853,[],[],
6477,ZELIEZOVCE,Slovakia,Czechoslovakia,Republic of Slovakia,community_founded,20EX,apparently organized a community in the early 20th cent.,"[{'lang': 'hun', 'name': 'Zseliz'}]",[],
6478,ZELL (MOSEL),Rhineland,Germany,,community_founded,19MX,A synagogue was erected in the mid-19th cent.,[],[],The J. pop. was 23 in 1808 and 55 in 1885; local Jews used the [...] cemetery.
6479,ZELOW,Lodz,Poland,,jews_arrived,18MX,Jews who settled here in the mid-19th cent.,[],[],
6480,ZELTINGEN-RACHTIG,Rhineland,Germany,,community_founded,1821,"community in Z., which had a synagogue by 1821",[],[],
6481,ZELTS,Odessa,Ukraine,,community_present,1924,"a single, successful J. kolkhoz founded in 1924",[],[],Center of a regional council (soviet) with a kolkhoz called Geretenysh
6483,ZELVA,Ukmerge,Lithuania,,community_present,16XX,one of the oldest in Lithuania,"[{'lang': 'yid', 'name': 'Podzelve'}, {'lang': 'yid', 'name': 'Zelve'}]","[{'event': 'WWI expulsion', 'year': '1915', 'impact': 'Jews expelled during WWI', 'source': ""During WWI Z.'s Jews were expelled""}]",
6484,ZELWA,Bialystok,Poland,Belarus,jews_arrived,16XX,J. merchants apparently settled in the 17th cent.,[],[],
6485,ZEMAICIU-NAUMIESTIS,Taurage,Lithuania,,jews_arrived,16XX,Jews first settled here in the 17th cent.,"[{'lang': 'yid', 'name': 'Naishtot-Tavrig'}, {'lang': 'yid', 'name': 'Naishtot-Sugint'}]",[],
6486,ZEMBIN,Minsk,Belorussia,,jews_arrived,18LX,Jews probably settled in the late 18th cent.,[],[],
6487,ZEMIANSKA OLCA,Slovakia,Czechoslovakia,Republic of Slovakia,community_present,19LX,A community of over 100 with a synagogue and cemetery existed in the early 20th cent.,"[{'lang': 'hun', 'name': 'Nemesolcsa'}]",[],
6488,ZEMPLENAGARD,Zemplen,Hungary,,jews_arrived,18EX,Jews probably settled in the early 19th cent.,[],[],
6489,ZEMUN,,Yugoslavia,Republic of Croatia,jews_arrived,17EX,Jews first settled in the first half of the 18th cent.,[],[],
6490,ZENICA,Bosnia-Hercegovina,Yugoslavia,Republic of Bosnia,jews_arrived,18XX,Jews first settled here in the 18th cent.,[],"[{'event': 'community_established', 'year': '1880', 'impact': 'community established', 'source': 'a community was established in 1880'}]",
6491,ZEPCE,Bosnia-Hercegovina,Yugoslavia,Republic of Bosnia,jews_arrived,1820,The first Jews settled in the 1820s,[],[],
6492,ZERBST,Anhalt,Germany,,first_mention,13EX,evidence of a J. presence in Z. from the first half of the 14th cent.,[],[],
6493,ZERIND,S. Transylvania,Rumania,,community_founded,1842,A J. community was organized in 1842,"[{'lang': 'hun', 'name': 'Nagyzerend'}]",[],
6494,ZEVEN,Hanover,Germany,,community_present,1858,after amalgamating with the Bremervoerde community in 1858,[],[],
6495,ZEVENAAR,Gelderland,Holland,,first_mention,1634,The J. presence in Z. dates back to 1634,[],[],
6496,ZGIEZH,Lodz,Poland,,jews_arrived,17MX,Jews first appeared in the mid-18th cent.,[],"[{'event': 'residence segregation', 'year': '1826', 'impact': 'ordered to move to special quarter', 'source': 'In 1826 Jews were ordered to move to a special quarter of the city'}]",
6497,ZGURITA,Bessarabia,Rumania,Republic of Moldova,community_founded,1853,This J. settlement was founded in 1853.,[],[],
6498,ZHABNO,Cracow,Poland,,jews_arrived,15LX,Jews first settled in the late 16th cent.,[],[],
6499,ZHABOKRICH,Vinnitsa,Ukraine,,POP,,Jews numbered 41 in 1765,[],"[{'event': 'pogrom', 'year': '1917-10', 'impact': 'many Jews beaten and robbed', 'source': 'Many Jews were beaten and robbed in a pogrom in late Oct. 1917.'}]",
6500,ZHARNOW,Lodz,Poland,,jews_present,17LX,Jews were not permitted to live here until the 1790s.,[],[],
6501,ZHELEZNOVODSK,Stavropol territory,Russia,,POP,,no early timing given,[],[],
6502,ZHGOW,Lodz,Poland,,POP,,In 1921 the 93 Jews constituted 51%,[],[],
6503,ZHITKOVICHI,Polesie,Belorussia,,POP,,"Despite a residence ban introduced in 1882, the J. pop. reached 293 in 1897.",[],"[{'event': 'residence ban', 'year': '1882', 'impact': 'ban on Jewish residence', 'source': 'residence ban introduced in 1882'}]",
6504,ZHITOMIR,Zhitomir,Ukraine,,jews_arrived,17EX,Jews settled in the early 18th cent.,[],"[{'event': 'blood libel persecutions', 'year': '1753', 'impact': '33 Jews, including rabbi and wealthy Jews, targeted', 'source': 'In fall 1753, 33 Jews, including the rabbi from Pavoloch and a number of wealthy Jews'}]",
6505,ZHIZDRA,Oriol,Russia,,jews_arrived,18MX,J. settlement dates from the mid-19th cent.,[],[],
6506,ZHLOBIN,Gomel,Belorussia,,POP,,The J. pop. rose from 268 in 1766,[],"[{'event': 'devastating fire', 'year': '1882', 'impact': 'all but ten houses destroyed', 'source': 'A devastating fire in 1882 destroyed all but ten houses in the town.'}]",
6507,ZHMERINKA,Vinnitsa,Ukraine,,POP,,"The J. pop. was 2,396 in 1897.",[],"[{'event': 'pogrom', 'year': '1881-04-27', 'impact': 'many Jewish homes and stores looted and destroyed', 'source': 'On 27 April 1881, many J. homes and stores were looted and destroyed in a pogrom.'}, {'event': 'pogrom', 'year': '1905-10-20 to 1905-10-21', 'impact': 'another pogrom staged', 'source': 'Another pogrom was staged on 20-21 Oct.'}]",
6508,ZHMIEV,Kharkov,Ukraine,,POP,,Jews numbered 21 in 1897,[],[],
6509,ZHMIGROD NOWY,Cracow,Poland,,first_mention,14EX,Jews were present in 1410,[],"[{'event': 'major fire', 'year': '1577', 'impact': 'community affected', 'source': 'Despite a major fire in 1577'}, {'event': 'Cossack and Swedish wars', 'year': '', 'impact': 'community affected', 'source': 'the Cossack and Swedish wars'}]",
6510,ZHNIN,Poznan,Poland,,jews_present,18LX,prohibited until annexation to Prussia in 1772,[],[],
6511,ZHOLKIEWKA,Lublin,Poland,,first_mention,16XX,Jews are mentioned in the 17th cent.,[],[],
6512,ZHOLYNIA,Lwow,Poland,,community_founded,17XX,Founded in the 18th cent.,"[{'lang': 'yid', 'name': 'Zhelin'}]",[],
6513,ZHOVTEN,Odessa,Ukraine,,jews_arrived,18LX,Jews settled in the late 19th cent.,"[{'lang': 'und', 'name': 'Petroverovka'}]",[],
6514,ZHUKOVA,Oriol,Russia,,jews_arrived,18LX,Jews probably settled in the late 19th cent.,[],[],
6515,ZHURAVICHI,Gomel,Belorussia,,POP,,"The J. pop. was 1,060 in 1847 and 1,606 in 1897.",[],"[{'event': 'pogrom', 'year': '1905', 'impact': 'Jews attacked', 'source': 'In 1905, the Jews were attacked in a pogrom'}]",
6516,ZHVANIEC,Kamenets-Podolski,Ukraine,,jews_present,1765,"included 1,134 poll tax payers in 1765",[],[],
6517,ZHYRARDOW,Warsaw,Poland,,jews_arrived,1850,The first Jews settled in the early 1850s,[],[],
6518,ZHYWIEC,Cracow,Poland,,community_present,17XX,ban on J. settlement was strictly enforced almost until WWH,"[{'lang': 'yid', 'name': 'Zeiwush'}]",[],Settlement largely banned since 1603; Jews confined to outskirts.
6519,ZICHNA,Macedonia,Greece,,first_mention,13XX,earliest records of a J. presence date from the 14th cent.,"[{'lang': 'und', 'name': 'Nea-zihna'}, {'lang': 'und', 'name': 'Ziliahovo'}]",[],
6520,ZIDIKAI,Mazeikiai,Lithuania,,jews_arrived,16XX,Jews first settled here in the 17th cent.,"[{'lang': 'yid', 'name': 'Zhidik'}]",[],
6521,ZIEGENHAIN,Hesse-Nassau,Germany,,jews_present,17XX,no Jews lived there until the 17th cent.,[],"[{'event': 'Black Death persecutions', 'year': '1348–1349', 'impact': 'community ended', 'source': 'After the Black Death persecutions of 1348-49 no Jews lived there'}]",
6522,ZIELENZIG,Brandenburg,Germany,Poland,community_present,1801,grew from 24 individuals in 1801,"[{'lang': 'pol', 'name': 'Sulecin'}]",[],
6523,ZIELONA,Stanislawow,Poland,Ukraine,POP,1921,The J. pop. in 1921 was 112.,[],[],
6524,ZIELUN,Warsaw,Poland,,community_present,19XX,A small community existed in the 19th cent.,[],[],
6525,ZIERENBERG,Hesse-Nassau,Germany,,community_founded,1600,"Established in 1600, the J. community",[],[],
6526,ZIERIKZEE,Zeeland,Holland,,jews_present,19EX,Jews lived here in the early 19th cent.,[],[],
6527,ZIEZMARIAI,Troki,Lithuania,,jews_arrived,15XX,Jews first settled in Z. in the 16th cent.,"[{'lang': 'yid', 'name': 'Zhezhmer'}]",[],
6528,ZILINA,Slovakia,Czechoslovakia,Republic of Slovakia,jews_arrived,18LX,Jews from Varin began to settle in the 1820s,"[{'lang': 'hun', 'name': 'Zsolna'}]",[],
6529,ZILUPE,Latgale,Latvia,,community_founded,19LX,The J. community began c. 1900,"[{'lang': 'yid', 'name': 'Rozinovsk'}]",[],
6530,ZIMMERSRODE,Hesse-Nassau,Germany,,community_present,16MX,Established around 1646,[],[],
6531,ZINKOV (I),Kamenets-Podolski,Ukraine,,first_mention,15LX,Jews are first mentioned in 1526,[],"[{'event': 'Chmielnicki Cossack attacks', 'year': '1648', 'impact': 'many injured', 'source': 'In 1648... attacked them and injured many'}, {'event': 'Cossack attack', 'year': '1651', 'impact': 'many injured', 'source': ""and 1651, Chmielnicki's Cossacks attacked them""}, {'event': 'Haidamak pogrom', 'year': '', 'impact': 'pogrom against the Jews', 'source': 'The Haidamaks staged a pogrom'}]",
6532,ZINKOV (II),Poltava,Ukraine,,jews_arrived,19EX,Jews settled in the early 19th cent.,[],[],
6533,ZINTEN,East Prussia,Germany,Russia,jews_arrived,1810,The first Jew was allowed to settle in Z. in 1810,"[{'lang': 'rus', 'name': 'Kornevo'}]",[],
6534,ZIRNDORF,Middle Franconia,Germany,,community_present,15LX,An organized community existed in the late 16th cent.,[],[],
6535,ZITTAU,Saxony,Germany,,community_present,14EX,From 1400 up to 1434 there is evidence of a small community,[],[],
6536,ZLATE MORAVCE,Slovakia,Czechoslovakia,Republic of Slovakia,jews_arrived,18MX,apparently settled in the mid-1850s,[],[],
6537,ZLATOPOL,Kirovograd,Ukraine,,jews_arrived,19EX,Jews probably settled in the early 19th cent.,[],[],
6538,ZLIN,Moravia,Czechoslovakia,,jews_arrived,1830,Jews settled after 1830,[],[],
6539,ZLITEN,Tripolitania,Libya,,jews_present,01MX,"A J. settlement apparently existed in the Roman period, in the second cent. ce",[],[],
6540,ZLOCHEW,Lodz,Poland,,jews_arrived,16LX,At the end of the 17th cent. the first Jews settled here,[],[],
6541,ZLOCZOW,Tarnopol,Poland,Ukraine,jews_arrived,17EX,J. settlement dates from the early 17th cent.,[],[],
6542,ZLOTNIKI,Tarnopol,Poland,Ukraine,jews_present,15XX,Jews inhabited the village sporadically from the 16th cent.,[],[],
6543,ZLYNKA,Oriol,Russia,,jews_arrived,19MX,Jews probably settled in the mid-19th cent.,[],"[{'event': 'pogrom', 'year': '21 Oct. 1921', 'impact': 'Much J. property was damaged', 'source': 'Much J. property was damaged in a pogrom staged on 21 Oct. 1921'}]",
6544,ZNACOVO,Carpatho-Russia,Czechoslovakia,Ukraine,jews_arrived,17LX,Jews probably settled in the late 18th cent.,"[{'lang': 'hun', 'name': 'Iglinc'}]",[],
6545,ZNAMENKA,Kirovograd,Ukraine,,jews_arrived,18LX,Jews settled in the late 19th or early 20th cent.,[],[],
6546,ZNOJMO,Moravia (Sudetenland),Czechoslovakia,,community_present,12EX,a community existed from the first half of the 13th cent. at the latest,[],"[{'event': 'Massacres during the wars', 'year': '', 'impact': 'many massacred', 'source': 'Many were massacred in the w'}]",
6547,ZOFJOWKA,Volhynia,Poland,Ukraine,community_founded,1835,founded in 1835 as a J. farm settlement,"[{'lang': 'yid', 'name': 'Trochimbrod'}]",[],
6548,ZOLKIEW,Lwow,Poland,,jews_present,1600,received residence rights in 1600,[],"[{'event': 'Fire', 'year': '1645', 'impact': 'destructive fire', 'source': 'Despite a destructive fire in 1645'}, {'event': 'Chmielnicki massacres', 'year': '1648–1649', 'impact': 'attacks; community persisted', 'source': 'Despite ... the Chmielnicki mass'}]",
6549,ZOLOTONOSHA,Poltava,Ukraine,,jews_arrived,17LX,Jews settled in the late 18th cent,[],[],
6550,ZOLTANCE,Stanislawow,Poland,Ukraine,POP,,The J. pop. in 1921 was 293,[],[],
6551,ZOLUDEK,Nowogrodek,Poland,Ukraine,first_mention,15MX,Jews are first mentioned in the mid-16th cent.,[],[],
6552,ZOLUDZK,Volhynia,Poland,Ukraine,community_founded,1847,founded as a J. farm settlement in 1847,[],[],
6553,ZOMBKOWICE,Kielce,Poland,,jews_arrived,1894,Twenty families from Bendzin settled in 1894,[],[],
6554,ZORNISCHE,Vinnitsa,Ukraine,,POP,1765,Jews numbered 174 in 1765,[],"[{'event': 'Pogrom/violence', 'year': '1917-11-14', 'impact': 'Jews ... (details cut)', 'source': 'On 14 Nov. 1917, Jews'}]",
6555,ZOZHEV,Vinnitsa,Ukraine,,jews_present,1765,Nine Jews were present in 1765,[],[],
6556,ZRENJANIN,Vojvodina,Yugoslavia,,jews_arrived,16LX,Jews first settled at the end of the 17th cent.,[],"[{'event': 'Community organized', 'year': '18MX', 'impact': 'community organized', 'source': 'a community was organized in the second half of the 18th cent.'}]",
6557,ZSAKA,Bihar,Hungary,,jews_arrived,19EX,Jews settled in the first half of the 19th cent.,[],[],
6558,ZSAMBEK,Pest-Pilis-Solt-Kiskun,Hungary,,jews_arrived,18EX,Jews arrived in the first half of the 18th cent.,[],"[{'event': 'Synagogue opened', 'year': '1810', 'impact': 'synagogue opened', 'source': 'A synagogue was opened in 1810'}]",
6559,ZUARA,Tripolitania,Libya,,community_present,18LX,The modern community dates from the late 19th cent.,"[{'lang': 'und', 'name': 'Zouara'}]",[],
6560,ZUELLICHAU,Brandenburg,Germany,Poland,community_present,18XX,A J. community existed in the 19th cent.,"[{'lang': 'pol', 'name': 'Sulechow'}]",[],
6561,ZUELPICH,Rhineland,Germany,,jews_present,12XX,Most likely Jews were living in Z. from the 13th cent. on,[],"[{'event': 'Black Death persecutions', 'year': '1348–1349', 'impact': 'suffered persecutions', 'source': 'They suffered during the Black Death persecutions of 1348-49'}]",
6563,ZUELZ,Upper Silesia,Germany,Poland,jews_present,14XX,Jews were present continuously from at least the 15th cent.,"[{'lang': 'pol', 'name': 'Biala'}]",[],
6564,ZUENDOREF-PORZ,Rhineland,Germany,,jews_arrived,16XX,Jews settled in Z. in the 17th cent.,[],"[{'event': 'prayer room established', 'year': '1713', 'impact': 'prayer room set up in private house', 'source': 'in 1713 a prayer room was set up in a private house'}, {'event': 'synagogue consecrated', 'year': '1882', 'impact': 'new synagogue consecrated', 'source': 'In 1882, a new synagogue was consecrated'}, {'event': 'cemetery established', 'year': '1920', 'impact': 'cemetery established', 'source': 'in 1920 a cemetery was e'}]",
6565,ZUESCHEN,Hesse-Nassau,Germany,,community_present,18XX,"The J. community, numbering 50 in 1759, grew to 91 in 1847",[],[],affiliated with the rabbinate of Kassel
6566,ZUGRES,Stalino,Ukraine,,POP,,The J. pop. in 1939 was 188,[],[],
6567,ZUIA,Crimea,Russia,Ukraine,jews_arrived,20EX,Jews probably settled in the 1920s,[],[],
6568,ZUIDLAND,Zuid-Holland,Holland,,community_founded,18LX,An independent J. community was established in the second half of the 19th cent.,[],[],
6569,ZURAWNO,Stanislawow,Poland,Ukraine,community_present,17XX,An organized community existed from the 18th cent.,[],[],
6570,ZUROMIN,Warsaw,Poland,,first_mention,18EX,Jews are mentioned in the early 19th cent.,[],[],
6571,ZUROW,Stanislawow,Poland,Ukraine,POP,,The J. pop. in 1921 was 104,[],[],
6572,ZUTPHEN,Gelderland,Holland,,jews_present,13XX,The J. presence in Z. dates back to the 14th cent.,"[{'lang': 'und', 'name': 'Zutfen'}]","[{'event': 'settlement prohibition', 'year': '1569–1796', 'impact': 'settlement prohibited', 'source': 'settlement was prohibited from 1569 until 1796'}]",
6573,ZVENIGORODKA,Kiev,Ukraine,,jews_present,18LX,A single J. lessee was present in 1765,[],[],
6574,ZVOLEN,Slovakia,Czechoslovakia,Republic of Slovakia,jews_arrived,18MX,Jews settled in the mid-19th cent.,"[{'lang': 'hun', 'name': 'Zolyom'}]",[],Neologist congregation after the split
6575,ZVORNIK,Bosnia-Hercegovina,Yugoslavia,Republic of Bosnia,jews_present,18XX,Jews lived there from the 19th cent.,[],[],
6576,ZWARTSLUIS,Overijssel,Holland,,community_founded,17XX,In the 18th cent. a J. community was organized,[],[],
6577,ZWEIBRUECKEN,Palatinate,Germany,,jews_present,13XX,Individual Jews lived in the city during the Middle Ages,[],[],
6578,ZWESTEN,Hesse-Nassau,Germany,,community_founded,18EX,The community dedicated a synagogue in 1741,[],[],
6579,ZWICKAU,Saxony,Germany,,jews_present,13EX,Jews were living in Z. from the beginning of the 14th cent.,[],"[{'event': 'expulsions', 'year': '', 'impact': 'several expulsions; final expulsion 1543', 'source': 'There were several expulsions, the final one occurring in 1543'}]",
6580,ZWINGENBERG,Hesse,Germany,,jews_arrived,18EX,"Banished in 1567, Jews returned 200 years later",[],[],
6581,ZWOLEN,Kielce,Poland,,first_mention,16EX,Jews are first mentioned in 1564,[],"[{'event': 'royal privilege', 'year': '1579', 'impact': 'residence and trade rights granted', 'source': 'received a longstanding privilege from King Stephen Bathory'}]",
6582,ZWOLLE,Overijssel,Holland,,jews_present,13XX,Jews lived in Z. in the 14th cent.,[],[],
6583,ZYDACZOW,Stanislawow,Poland,Ukraine,first_mention,14MX,Jews are recorded in the mid-15th cent.,"[{'lang': 'yid', 'name': 'Zhidachov'}]",[],Hasidic Zhidachov dynasty dominant spiritual force
6584,ZYKHLIN,Lodz,Poland,,jews_arrived,17MX,Jews first settled in the mid-18th cent.,[],[],
6585,ZYVOTOV,Vinnitsa,Ukraine,,jews_present,16LX,Jews were murdered in 1648 during the Chmielnicki massacres,[],"[{'event': 'Chmielnicki massacres', 'year': '1648', 'impact': 'Jews murdered', 'source': 'Jews were murdered in 1648 during the Chmielnicki massacres'}, {'event': 'Haidamak raids', 'year': '1768', 'impact': 'many murdered and robbed', 'source': 'Many were murdered and robbed when the Haidamaks captured the town in 1768'}]",