{
"type": "FeatureCollection",
"name": "congress_poland_1815",
"crs": { "type": "name", "properties": { "name": "urn:ogc:def:crs:OGC:1.3:CRS84" } },
"features": [
{ "type": "Feature", "properties": { }, "geometry": { "type": "MultiLineString", "coordinates": [ [ [ 22.5851753, 55.0560157 ], [ 22.5950327, 55.0519825 ], [ 22.6105228, 55.0435117 ], [ 22.6217884, 55.036653 ], [ 22.6464318, 55.033425 ], [ 22.6668507, 55.0330215 ], [ 22.6872695, 55.0342321 ], [ 22.7083925, 55.038267 ], [ 22.7295154, 55.0447219 ], [ 22.7513425, 55.0487558 ], [ 22.7731695, 55.0535958 ], [ 22.7928842, 55.0580321 ], [ 22.8118949, 55.0600483 ], [ 22.8351301, 55.0632742 ], [ 22.8604777, 55.0713377 ], [ 22.8731514, 55.0749658 ], [ 22.8886416, 55.0753689 ], [ 22.9006113, 55.0745627 ], [ 22.9153973, 55.0733534 ], [ 22.9315916, 55.0725471 ], [ 22.9477859, 55.0733534 ], [ 22.9667965, 55.075772 ], [ 22.9851031, 55.0814149 ], [ 22.999185, 55.085848 ], [ 23.013267, 55.0906836 ], [ 23.0252367, 55.0926982 ], [ 23.0414309, 55.0926982 ], [ 23.0569211, 55.0922953 ], [ 23.0738194, 55.0906836 ], [ 23.0914219, 55.0890718 ], [ 23.1132489, 55.0878629 ], [ 23.128035, 55.0886688 ], [ 23.1456374, 55.0894747 ], [ 23.1590153, 55.0894747 ], [ 23.1752096, 55.0882659 ], [ 23.1899956, 55.085848 ], [ 23.2083022, 55.086251 ], [ 23.2301292, 55.085042 ], [ 23.2442112, 55.084236 ], [ 23.256885, 55.0806088 ], [ 23.2765997, 55.0753689 ], [ 23.2942022, 55.0733534 ], [ 23.3139169, 55.072144 ], [ 23.3315194, 55.0717409 ], [ 23.3554587, 55.0709346 ], [ 23.3709489, 55.0717409 ], [ 23.3857349, 55.0737565 ], [ 23.3913677, 55.0749658 ], [ 23.400521, 55.0785935 ], [ 23.4153071, 55.0785935 ], [ 23.4336136, 55.0781905 ], [ 23.4441751, 55.075772 ], [ 23.4568489, 55.0701283 ], [ 23.4695226, 55.0636774 ], [ 23.4843087, 55.0576288 ], [ 23.4976866, 55.0519825 ], [ 23.5124726, 55.0475457 ], [ 23.5300751, 55.0443185 ], [ 23.5476775, 55.0423014 ], [ 23.5610554, 55.0402842 ], [ 23.572321, 55.0362496 ], [ 23.580066, 55.0314074 ], [ 23.5864029, 55.0229322 ], [ 23.5878111, 55.0124366 ], [ 23.5899234, 55.0055726 ], [ 23.5934439, 54.9991114 ], [ 23.5955562, 54.9934569 ], [ 23.5934439, 54.9882056 ], [ 23.5948521, 54.9829536 ], [ 23.5997808, 54.978105 ], [ 23.6018931, 54.9712351 ], [ 23.6033013, 54.9639599 ], [ 23.60823, 54.9574919 ], [ 23.6110464, 54.9530445 ], [ 23.615271, 54.947788 ], [ 23.6216078, 54.9417218 ], [ 23.630057, 54.9384861 ], [ 23.6385062, 54.935250200000013 ], [ 23.6476595, 54.9316095 ], [ 23.6624455, 54.9303959 ], [ 23.6744152, 54.9303959 ], [ 23.6828644, 54.9320141 ], [ 23.6892013, 54.9336322 ], [ 23.694834, 54.9344412 ], [ 23.7068037, 54.9324186 ], [ 23.7173652, 54.9299913 ], [ 23.7293349, 54.9259455 ], [ 23.7420086, 54.9206854 ], [ 23.7511619, 54.9186621 ], [ 23.7596111, 54.9154246 ], [ 23.7694685, 54.9105678 ], [ 23.7800299, 54.9057105 ], [ 23.7905914, 54.9012574 ], [ 23.8011529, 54.8988282 ], [ 23.8103062, 54.8980185 ], [ 23.8222758, 54.897208700000014 ], [ 23.8335414, 54.8984234 ], [ 23.8433988, 54.8976136 ], [ 23.8504398, 54.895994 ], [ 23.8617053, 54.89073 ], [ 23.8659299, 54.8862753 ], [ 23.8729709, 54.8822251 ], [ 23.8814201, 54.88182 ], [ 23.8912774, 54.8806049 ], [ 23.8990225, 54.8765541 ], [ 23.902543, 54.8716927 ], [ 23.9067676, 54.867641 ], [ 23.9124004, 54.8668307 ], [ 23.9215537, 54.864399399999982 ], [ 23.9243701, 54.8611575 ], [ 23.9243701, 54.8558889 ], [ 23.9300029, 54.852241 ], [ 23.938452, 54.852241 ], [ 23.9483094, 54.854673 ], [ 23.9504217, 54.858726 ], [ 23.9546463, 54.8639942 ], [ 23.9546463, 54.8684514 ], [ 23.952534, 54.872503 ], [ 23.9546463, 54.8757439 ], [ 23.9588709, 54.8781745 ], [ 23.9630955, 54.8797948 ], [ 23.9708405, 54.8793897 ], [ 23.9799938, 54.8773643 ], [ 23.9856266, 54.872503 ], [ 23.9898512, 54.8684514 ], [ 23.9975963, 54.8656151 ], [ 24.0074537, 54.8664255 ], [ 24.0151987, 54.8696669 ], [ 24.0222397, 54.869261699999988 ], [ 24.0335053, 54.8704772 ], [ 24.0363217, 54.8733132 ], [ 24.0398422, 54.8777694 ], [ 24.0433627, 54.8806049 ], [ 24.0560364, 54.8830351 ], [ 24.0560364, 54.8834402 ], [ 24.0658938, 54.8854653 ], [ 24.0736389, 54.8891101 ], [ 24.0792717, 54.8895151 ], [ 24.0898331, 54.8870852 ], [ 24.09617, 54.8866803 ], [ 24.1025069, 54.8866803 ], [ 24.1067315, 54.88182 ], [ 24.1109561, 54.8777694 ], [ 24.1158848, 54.876149 ], [ 24.1222217, 54.8753388 ], [ 24.1236299, 54.8729081 ], [ 24.1257422, 54.8692617 ], [ 24.1278544, 54.864399400000011 ], [ 24.1313749, 54.8615628 ], [ 24.1412323, 54.8583207 ], [ 24.1496815, 54.8562942 ], [ 24.1616512, 54.8530517 ], [ 24.1693962, 54.8514304 ], [ 24.1708044, 54.8473767 ], [ 24.1764372, 54.8425117 ], [ 24.1848864, 54.8388626 ], [ 24.1940397, 54.8331856 ], [ 24.2038971, 54.8303467 ], [ 24.2137544, 54.8299412 ], [ 24.2214995, 54.8287245 ], [ 24.2278364, 54.8287245 ], [ 24.2348774, 54.8295356 ], [ 24.2412143, 54.8283189 ], [ 24.2503675, 54.8246685 ], [ 24.2517757, 54.8210178 ], [ 24.253888, 54.8157439 ], [ 24.2517757, 54.8129039 ], [ 24.2496634, 54.8080348 ], [ 24.2482552, 54.803570899999983 ], [ 24.2475511, 54.7999183 ], [ 24.2447347, 54.7978889 ], [ 24.2376938, 54.7970771 ], [ 24.2306528, 54.7938298 ], [ 24.2243159, 54.7938298 ], [ 24.2172749, 54.7946417 ], [ 24.2095298, 54.7958594 ], [ 24.2024889, 54.7934239 ], [ 24.1954479, 54.797483 ], [ 24.1947438, 54.8003241 ], [ 24.1869987, 54.8039767 ], [ 24.1799577, 54.8011358 ], [ 24.1722126, 54.7978889 ], [ 24.1701003, 54.7934239 ], [ 24.1701003, 54.7889584 ], [ 24.1715085, 54.7836804 ], [ 24.1757331, 54.7784017 ], [ 24.1799577, 54.7727161 ], [ 24.1855905, 54.7662174 ], [ 24.1855905, 54.7593113 ], [ 24.1806618, 54.7540294 ], [ 24.1743249, 54.7528104 ], [ 24.1722126, 54.748340399999989 ], [ 24.1701003, 54.7442764 ], [ 24.1693962, 54.739399 ], [ 24.1665798, 54.7365536 ], [ 24.1623553, 54.7341145 ], [ 24.1574266, 54.7304556 ], [ 24.1553143, 54.7276096 ], [ 24.1539061, 54.7223235 ], [ 24.1482733, 54.718663600000014 ], [ 24.1433446, 54.7162234 ], [ 24.1398241, 54.7113426 ], [ 24.13912, 54.7080885 ], [ 24.1355995, 54.702799899999988 ], [ 24.1292626, 54.6987313 ], [ 24.1278544, 54.6942553 ], [ 24.1292626, 54.687337 ], [ 24.1313749, 54.6796034 ], [ 24.1306708, 54.6755324 ], [ 24.1278544, 54.6673893 ], [ 24.1278544, 54.6645389 ], [ 24.1278544, 54.6576155 ], [ 24.1285585, 54.6539497 ], [ 24.1355995, 54.6510982 ], [ 24.1419364, 54.6515056 ], [ 24.1496815, 54.6506909 ], [ 24.153202, 54.6478392 ], [ 24.1574266, 54.6466171 ], [ 24.1623553, 54.6453948 ], [ 24.1672839, 54.6453948 ], [ 24.1736208, 54.6458022 ], [ 24.1792536, 54.6458022 ], [ 24.1841823, 54.6425428 ], [ 24.1862946, 54.639690599999987 ], [ 24.1855905, 54.6348006 ], [ 24.1834782, 54.6311328 ], [ 24.1792536, 54.6274646 ], [ 24.1722126, 54.6262418 ], [ 24.1658757, 54.6262418 ], [ 24.160243, 54.6258341 ], [ 24.153202, 54.6258341 ], [ 24.1468651, 54.6225731 ], [ 24.1433446, 54.6193118 ], [ 24.1370077, 54.6184965 ], [ 24.1292626, 54.6176811 ], [ 24.1229258, 54.6148271 ], [ 24.1215176, 54.6099342 ], [ 24.1194053, 54.6054484 ], [ 24.1165889, 54.6013701 ], [ 24.1142419, 54.5990588 ], [ 24.1114255, 54.5963395 ], [ 24.1100173, 54.594164 ], [ 24.1095479, 54.5909004 ], [ 24.1095479, 54.5887245 ], [ 24.1081397, 54.5865486 ], [ 24.1043845, 54.5857326 ], [ 24.1006293, 54.5851885 ], [ 24.0945271, 54.5870926 ], [ 24.0888943, 54.5909004 ], [ 24.0856086, 54.5930761 ], [ 24.0804452, 54.5952518 ], [ 24.0795064, 54.5998746 ], [ 24.0771594, 54.6017779 ], [ 24.0724654, 54.6025936 ], [ 24.0715266, 54.6066719 ], [ 24.0724654, 54.6107497 ], [ 24.0710572, 54.6140117 ], [ 24.0682408, 54.615370799999987 ], [ 24.0635468, 54.6167298 ], [ 24.0593222, 54.6191759 ], [ 24.055567, 54.622709 ], [ 24.0513424, 54.6240678 ], [ 24.0461791, 54.624883 ], [ 24.0414851, 54.6240678 ], [ 24.0358523, 54.6229808 ], [ 24.0316277, 54.6221655 ], [ 24.0264643, 54.6199913 ], [ 24.0231785, 54.617817 ], [ 24.0217703, 54.6137399 ], [ 24.0217703, 54.6104779 ], [ 24.0241173, 54.6072156 ], [ 24.0269337, 54.6044969 ], [ 24.0306889, 54.6025936 ], [ 24.0316277, 54.5998746 ], [ 24.0311583, 54.5979711 ], [ 24.0330359, 54.5952518 ], [ 24.0358523, 54.5925322 ], [ 24.0391381, 54.5914443 ], [ 24.0405463, 54.5898125 ], [ 24.0419545, 54.5868206 ], [ 24.0433627, 54.5846445 ], [ 24.0457097, 54.5832844 ], [ 24.0518118, 54.5824683 ], [ 24.0588528, 54.5824683 ], [ 24.0630774, 54.5813802 ], [ 24.0682408, 54.58002 ], [ 24.069649, 54.5781156 ], [ 24.0710572, 54.575939 ], [ 24.0705878, 54.5732182 ], [ 24.0691796, 54.570769299999988 ], [ 24.0654244, 54.5691366 ], [ 24.060261, 54.5683202 ], [ 24.0560364, 54.5683202 ], [ 24.0489954, 54.5694087 ], [ 24.0428933, 54.5691366 ], [ 24.0400769, 54.5680481 ], [ 24.0396075, 54.565871 ], [ 24.0372605, 54.5636939 ], [ 24.0335053, 54.5631495 ], [ 24.0302195, 54.5615165 ], [ 24.0278725, 54.5579782 ], [ 24.0283419, 54.5547117 ], [ 24.0283419, 54.551445 ], [ 24.0283419, 54.5484503 ], [ 24.0269337, 54.5457276 ], [ 24.0231785, 54.5446385 ], [ 24.0203621, 54.5438216 ], [ 24.0194233, 54.5413709 ], [ 24.0166069, 54.539464699999989 ], [ 24.0105047, 54.5383755 ], [ 24.0044026, 54.5375585 ], [ 23.997831, 54.5391924 ], [ 23.9936064, 54.5386478 ], [ 23.9917288, 54.5370138 ], [ 23.9875042, 54.5353798 ], [ 23.9799938, 54.534018 ], [ 23.9738916, 54.534018 ], [ 23.9691977, 54.5348351 ], [ 23.9659119, 54.5353798 ], [ 23.9626261, 54.5351074 ], [ 23.9593403, 54.533201 ], [ 23.9537075, 54.5304773 ], [ 23.9494829, 54.5293877 ], [ 23.9447889, 54.528843 ], [ 23.9415031, 54.5285706 ], [ 23.9339927, 54.5277534 ], [ 23.9311763, 54.5263914 ], [ 23.9269518, 54.5231224 ], [ 23.9250742, 54.5201256 ], [ 23.9255436, 54.5165836 ], [ 23.9292988, 54.5144038 ], [ 23.9330539, 54.5124964 ], [ 23.9344621, 54.5097713 ], [ 23.9358703, 54.507046 ], [ 23.9377479, 54.504593199999981 ], [ 23.9410337, 54.5024127 ], [ 23.9457277, 54.5010498 ], [ 23.9480747, 54.501595 ], [ 23.9537075, 54.5021401 ], [ 23.9569933, 54.5032304 ], [ 23.9612179, 54.5018676 ], [ 23.9640343, 54.5007773 ], [ 23.9677895, 54.4996869 ], [ 23.9691977, 54.498324 ], [ 23.9701364, 54.4964158 ], [ 23.9715446, 54.4939623 ], [ 23.9748304, 54.4906907 ], [ 23.9785856, 54.4890548 ], [ 23.9832796, 54.489054800000012 ], [ 23.987034799999989, 54.4904181 ], [ 23.9921982, 54.4896001 ], [ 23.993137, 54.4876915 ], [ 23.9973616, 54.4846921 ], [ 24.0029944, 54.4819652 ], [ 24.0044026, 54.4806017 ], [ 24.0067496, 54.4784199 ], [ 24.0123823, 54.4756926 ], [ 24.0170763, 54.4743288 ], [ 24.0222397, 54.4743288 ], [ 24.0269337, 54.4748743 ], [ 24.0306889, 54.4759653 ], [ 24.0320971, 54.4784199 ], [ 24.0325665, 54.4803289 ], [ 24.0316277, 54.4819652 ], [ 24.0344441, 54.4836014 ], [ 24.0386687, 54.4857828 ], [ 24.0410157, 54.4885095 ], [ 24.0424239, 54.4915086 ], [ 24.0424239, 54.4945075 ], [ 24.0405463, 54.496961 ], [ 24.0377299, 54.498324 ], [ 24.0335053, 54.5007773 ], [ 24.0316277, 54.5043206 ], [ 24.0325665, 54.505955899999989 ], [ 24.0349135, 54.50922629999998 ], [ 24.0349135, 54.5111338 ], [ 24.0349135, 54.5133138 ], [ 24.0339747, 54.5160387 ], [ 24.0367911, 54.517946 ], [ 24.0419545, 54.5206705 ], [ 24.0475873, 54.5236672 ], [ 24.050873, 54.5255742 ], [ 24.0527506, 54.5282982 ], [ 24.0565058, 54.5296601 ], [ 24.0593222, 54.5299325 ], [ 24.062608, 54.5307496 ], [ 24.0677714, 54.531022 ], [ 24.071996, 54.5302049 ], [ 24.07669, 54.5299325 ], [ 24.0804452, 54.531022 ], [ 24.0856086, 54.5323839 ], [ 24.0903025, 54.534018 ], [ 24.0949965, 54.5329286 ], [ 24.0978129, 54.5312944 ], [ 24.1010987, 54.5315668 ], [ 24.1057927, 54.5326562 ], [ 24.1090785, 54.5342904 ], [ 24.1137725, 54.534018 ], [ 24.1170583, 54.533201 ], [ 24.1208135, 54.5307496 ], [ 24.1212829, 54.5282982 ], [ 24.1250381, 54.526119 ], [ 24.1283238, 54.5250293 ], [ 24.1339566, 54.52285 ], [ 24.1381812, 54.5217602 ], [ 24.1405282, 54.5193082 ], [ 24.1409976, 54.5165836 ], [ 24.141467, 54.5130414 ], [ 24.1405282, 54.5089537 ], [ 24.141467, 54.5048657 ], [ 24.1395894, 54.5026853 ], [ 24.1363036, 54.5007773 ], [ 24.1325484, 54.4988692 ], [ 24.1283238, 54.4980514 ], [ 24.1231605, 54.4950528 ], [ 24.1198747, 54.4947802 ], [ 24.1142419, 54.4936897 ], [ 24.1109561, 54.4917813 ], [ 24.1072009, 54.4906907 ], [ 24.1048539, 54.4890548 ], [ 24.1015681, 54.4874189 ], [ 24.0987517, 54.4871462 ], [ 24.0954659, 54.4868735 ], [ 24.0893637, 54.4866009 ], [ 24.0856086, 54.4852375 ], [ 24.0823228, 54.4841467 ], [ 24.0799758, 54.4822379 ], [ 24.0785676, 54.4803289 ], [ 24.07669, 54.4770563 ], [ 24.0780982, 54.4735106 ], [ 24.0818534, 54.4710557 ], [ 24.0832616, 54.4686006 ], [ 24.083731, 54.4650542 ], [ 24.0823228, 54.463690099999987 ], [ 24.0821663, 54.4606182 ], [ 24.0828617, 54.4582737 ], [ 24.086078, 54.4560503 ], [ 24.0870167, 54.4541402 ], [ 24.0870167, 54.4514112 ], [ 24.086078, 54.448955 ], [ 24.0848784, 54.44663 ], [ 24.0844611, 54.4446891 ], [ 24.0852956, 54.4425054 ], [ 24.0873818, 54.440807 ], [ 24.0905112, 54.4391084 ], [ 24.092806, 54.4371671 ], [ 24.0934319, 54.4347404 ], [ 24.0930146, 54.4332843 ], [ 24.092806, 54.4312214 ], [ 24.0932232, 54.4297651 ], [ 24.0938491, 54.4279447 ], [ 24.0940577, 54.4260029 ], [ 24.0938491, 54.4235755 ], [ 24.0921801, 54.4218763 ], [ 24.0892594, 54.4200555 ], [ 24.0861301, 54.4187203 ], [ 24.0827922, 54.4161711 ], [ 24.0809146, 54.4139859 ], [ 24.0796628, 54.4120434 ], [ 24.0794542, 54.4094938 ], [ 24.0796628, 54.4076725 ], [ 24.079037, 54.4058511 ], [ 24.0771594, 54.4042726 ], [ 24.0738214, 54.403179699999988 ], [ 24.0711093, 54.4025725 ], [ 24.0681886, 54.4008724 ], [ 24.0652679, 54.3992936 ], [ 24.063599, 54.3969861 ], [ 24.0631817, 54.3952857 ], [ 24.0627645, 54.392735 ], [ 24.0631817, 54.3912774 ], [ 24.0648507, 54.3890909 ], [ 24.0683973, 54.3881191 ], [ 24.0704835, 54.3872687 ], [ 24.0709007, 54.385568 ], [ 24.071318, 54.3839886 ], [ 24.0719438, 54.3820447 ], [ 24.0727783, 54.3808297 ], [ 24.0752818, 54.3793717 ], [ 24.0779939, 54.3785212 ], [ 24.0813318, 54.3780351 ], [ 24.0846698, 54.3771846 ], [ 24.0861301, 54.3762125 ], [ 24.0871732, 54.3745112 ], [ 24.0882163, 54.3728099 ], [ 24.0907198, 54.3713516 ], [ 24.094475, 54.3708655 ], [ 24.0984388, 54.3705009 ], [ 24.1024026, 54.370987 ], [ 24.1051147, 54.370500899999989 ], [ 24.1072009, 54.3697717 ], [ 24.1084526, 54.3684348 ], [ 24.1103302, 54.3666117 ], [ 24.1111647, 54.3644239 ], [ 24.1124164, 54.3630869 ], [ 24.114294, 54.3615066 ], [ 24.1165889, 54.3605342 ], [ 24.1190923, 54.3589539 ], [ 24.1213872, 54.3578598 ], [ 24.1228475, 54.355793 ], [ 24.1228475, 54.3539694 ], [ 24.1232648, 54.3514161 ], [ 24.1232648, 54.3484979 ], [ 24.1228475, 54.346552399999986 ], [ 24.1222217, 54.3444851 ], [ 24.1205527, 54.3430258 ], [ 24.1184665, 54.3418096 ], [ 24.1157544, 54.3408367 ], [ 24.1140854, 54.3397421 ], [ 24.1134595, 54.3382826 ], [ 24.1105388, 54.3369447 ], [ 24.1061578, 54.33645820000001 ], [ 24.1028198, 54.3360933 ], [ 24.0996905, 54.3360933 ], [ 24.0969784, 54.3364582 ], [ 24.0940577, 54.3370663 ], [ 24.0917629, 54.3376745 ], [ 24.0898853, 54.3380394 ], [ 24.0873818, 54.3379177 ], [ 24.0830008, 54.3376745 ], [ 24.0807059, 54.3380394 ], [ 24.077368, 54.339134 ], [ 24.0759076, 54.3402286 ], [ 24.0748645, 54.3424177 ], [ 24.0742387, 54.3444851 ], [ 24.0727783, 54.346674 ], [ 24.0706921, 54.3480116 ], [ 24.0683973, 54.3484979 ], [ 24.0646421, 54.3494707 ], [ 24.0631817, 54.3512945 ], [ 24.0610955, 54.3525104 ], [ 24.0581748, 54.354942 ], [ 24.05588, 54.3559146 ], [ 24.0535851, 54.3566441 ], [ 24.0500386, 54.3568872 ], [ 24.0467006, 54.3562793 ], [ 24.0433627, 54.3550636 ], [ 24.0402333, 54.3532399 ], [ 24.0393988, 54.3510514 ], [ 24.0398161, 54.3494707 ], [ 24.040442, 54.3480116 ], [ 24.0414851, 54.3458227 ], [ 24.0410678, 54.3443635 ], [ 24.0406506, 54.3429041 ], [ 24.0400247, 54.3413232 ], [ 24.0402333, 54.3393772 ], [ 24.0408592, 54.3370663 ], [ 24.0419023, 54.3349986 ], [ 24.0433627, 54.3332956 ], [ 24.0444058, 54.331471 ], [ 24.0452403, 54.3298896 ], [ 24.0460747, 54.3280647 ], [ 24.0450316, 54.3263615 ], [ 24.0437799, 54.3241716 ], [ 24.0427368, 54.3225898 ], [ 24.0412764, 54.3205214 ], [ 24.0406506, 54.3180877 ], [ 24.040442, 54.3161407 ], [ 24.0402333, 54.3143153 ], [ 24.0396075, 54.3129766 ], [ 24.038773, 54.3112727 ], [ 24.037104, 54.3102991 ], [ 24.0356437, 54.3092037 ], [ 24.0341833, 54.3076214 ], [ 24.0335574, 54.305673899999981 ], [ 24.0331402, 54.3032394 ], [ 24.0329316, 54.301291600000013 ], [ 24.0335574, 54.2989786 ], [ 24.0346006, 54.2971524 ], [ 24.0360609, 54.295934899999985 ], [ 24.0368954, 54.2948392 ], [ 24.0377299, 54.2931346 ], [ 24.0379385, 54.2919169 ], [ 24.037104, 54.2902122 ], [ 24.0360609, 54.2892381 ], [ 24.0343919, 54.2883857 ], [ 24.0318885, 54.2880203 ], [ 24.0287591, 54.2883857 ], [ 24.0258384, 54.2888727 ], [ 24.0229177, 54.2894816 ], [ 24.0206229, 54.2900904 ], [ 24.0185367, 54.2902122 ], [ 24.0164505, 54.2902122 ], [ 24.0141556, 54.290334 ], [ 24.0118608, 54.2902122 ], [ 24.0085228, 54.2902122 ], [ 24.0058108, 54.2911864 ], [ 24.0033073, 54.2919169 ], [ 24.0010125, 54.2927693 ], [ 23.9991349, 54.2926475 ], [ 23.99684, 54.2925257 ], [ 23.9951711, 54.291551600000012 ], [ 23.9947538, 54.290334 ], [ 23.9947538, 54.2889945 ], [ 23.9947538, 54.2875332 ], [ 23.9955883, 54.2859501 ], [ 23.9974659, 54.2844887 ], [ 23.9989262, 54.283758 ], [ 24.0012211, 54.2827837 ], [ 24.0033073, 54.2818093 ], [ 24.0051849, 54.2801042 ], [ 24.006228, 54.2782772 ], [ 24.0072711, 54.2759629 ], [ 24.0081056, 54.2737702 ], [ 24.0093573, 54.2718211 ], [ 24.0110263, 54.2707247 ], [ 24.0131125, 54.269019099999987 ], [ 24.0147815, 54.2673134 ], [ 24.0151987, 54.2656077 ], [ 24.0149901, 54.262805199999988 ], [ 24.0141556, 54.2610993 ], [ 24.0126953, 54.2602463 ], [ 24.0106091, 54.2593933 ], [ 24.0083142, 54.2589059 ], [ 24.0060194, 54.2578091 ], [ 24.0049763, 54.2568342 ], [ 24.0033073, 54.2550061 ], [ 24.0024728, 54.2537874 ], [ 24.0018469, 54.2520811 ], [ 23.9991349, 54.2503747 ], [ 23.9955883, 54.2495215 ], [ 23.9928762, 54.2485464 ], [ 23.99079, 54.2474494 ], [ 23.9895383, 54.2462304 ], [ 23.9884952, 54.2451333 ], [ 23.987452, 54.2433047 ], [ 23.9862003, 54.2419637 ], [ 23.9851572, 54.2403789 ], [ 23.9851572, 54.2383062 ], [ 23.9859917, 54.2363555 ], [ 23.9862003, 54.2345265 ], [ 23.9855745, 54.23233170000001 ], [ 23.9843227, 54.2306245 ], [ 23.983071, 54.2290392 ], [ 23.9820279, 54.2266001 ], [ 23.9805675, 54.2245268 ], [ 23.9803589, 54.2228193 ], [ 23.9811934, 54.2207458 ], [ 23.9816106, 54.2185502 ], [ 23.981402, 54.2167205 ], [ 23.9807762, 54.2144027 ], [ 23.9791072, 54.2124508 ], [ 23.9763951, 54.2098887 ], [ 23.9741003, 54.2075705 ], [ 23.9728485, 54.2053743 ], [ 23.9726399, 54.2031779 ], [ 23.9726399, 54.2007373 ], [ 23.9734744, 54.1982965 ], [ 23.9741003, 54.1958557 ], [ 23.9734744, 54.1934147 ], [ 23.9726399, 54.1904853 ], [ 23.9711796, 54.1890205 ], [ 23.9699278, 54.1870674 ], [ 23.9699278, 54.1852362 ], [ 23.9705537, 54.183160799999989 ], [ 23.9701364, 54.1804749 ], [ 23.9682589, 54.178033 ], [ 23.9674244, 54.1759572 ], [ 23.9672157, 54.1744919 ], [ 23.9684675, 54.1725381 ], [ 23.9705537, 54.1707063 ], [ 23.9728485, 54.17034 ], [ 23.9757692, 54.1691187 ], [ 23.9801503, 54.1688745 ], [ 23.9828624, 54.1685081 ], [ 23.98474, 54.1680196 ], [ 23.9862003, 54.1674089 ], [ 23.9887038, 54.1659433 ], [ 23.9914159, 54.1653326 ], [ 23.9949624, 54.1649662 ], [ 23.9978831, 54.1650884 ], [ 24.0016383, 54.165332600000013 ], [ 24.004559, 54.165821200000011 ], [ 24.0070625, 54.1671647 ], [ 24.0097746, 54.168386 ], [ 24.0124867, 54.1702178 ], [ 24.0149901, 54.1709506 ], [ 24.0168677, 54.1709506 ], [ 24.0197884, 54.17034 ], [ 24.0225005, 54.1694851 ], [ 24.0241695, 54.168386 ], [ 24.0262557, 54.166554 ], [ 24.0270902, 54.1652105 ], [ 24.0287591, 54.1637448 ], [ 24.0312626, 54.1627677 ], [ 24.0337661, 54.1620348 ], [ 24.0364781, 54.1614241 ], [ 24.0393988, 54.1613019 ], [ 24.0427368, 54.1615462 ], [ 24.0456575, 54.1622791 ], [ 24.0479523, 54.163867 ], [ 24.0498299, 54.1653326 ], [ 24.0519162, 54.1676532 ], [ 24.0537937, 54.1685081 ], [ 24.0560886, 54.169363 ], [ 24.0598438, 54.1697293 ], [ 24.0640162, 54.1699736 ], [ 24.0681886, 54.1705842 ], [ 24.0715266, 54.1707063 ], [ 24.0752818, 54.1699736 ], [ 24.0775766, 54.1691187 ], [ 24.0802887, 54.1680196 ], [ 24.0827922, 54.1670425 ], [ 24.0848784, 54.1670425 ], [ 24.0869646, 54.1670425 ], [ 24.0894681, 54.1671647 ], [ 24.0913457, 54.1669204 ], [ 24.0925974, 54.1661876 ], [ 24.0946836, 54.164722 ], [ 24.0946836, 54.1628898 ], [ 24.0951008, 54.1616684 ], [ 24.0963526, 54.1600804 ], [ 24.0980215, 54.1587367 ], [ 24.1030285, 54.1567822 ], [ 24.1063664, 54.1556827 ], [ 24.1084526, 54.1540945 ], [ 24.1101216, 54.1528728 ], [ 24.114294, 54.1510401 ], [ 24.1186751, 54.1498183 ], [ 24.1224303, 54.1496961 ], [ 24.12702, 54.1499405 ], [ 24.1309838, 54.1488408 ], [ 24.1357821, 54.1472524 ], [ 24.1397459, 54.1462748 ], [ 24.1455873, 54.1456639 ], [ 24.1489252, 54.1461527 ], [ 24.1499683, 54.146397 ], [ 24.1526804, 54.1461527 ], [ 24.1558098, 54.1454195 ], [ 24.1593563, 54.1441975 ], [ 24.1629029, 54.1438309 ], [ 24.1670753, 54.143586500000012 ], [ 24.1714564, 54.1438309 ], [ 24.1747943, 54.1446863 ], [ 24.1787581, 54.1450529 ], [ 24.1829306, 54.1449307 ], [ 24.1877289, 54.1439531 ], [ 24.1912754, 54.1429755 ], [ 24.1939875, 54.1412646 ], [ 24.1954479, 54.1388204 ], [ 24.1960737, 54.1367427 ], [ 24.194822, 54.1345426 ], [ 24.1944048, 54.1323424 ], [ 24.1935703, 54.1297754 ], [ 24.1919013, 54.128064 ], [ 24.1879375, 54.126597 ], [ 24.1839737, 54.1257413 ], [ 24.1806357, 54.1245187 ], [ 24.1775064, 54.1231738 ], [ 24.1758374, 54.1208508 ], [ 24.1739598, 54.118894499999989 ], [ 24.1712478, 54.1174271 ], [ 24.1681184, 54.1164489 ], [ 24.163946, 54.1153484 ], [ 24.1606081, 54.1146146 ], [ 24.1564356, 54.1140032 ], [ 24.152889, 54.1132695 ], [ 24.1505942, 54.112046500000012 ], [ 24.1489252, 54.110334399999985 ], [ 24.1478821, 54.1080106 ], [ 24.1476735, 54.1060537 ], [ 24.1462132, 54.103852 ], [ 24.1453787, 54.1018949 ], [ 24.1449614, 54.1004269 ], [ 24.1455873, 54.098592 ], [ 24.1478821, 54.0972463 ], [ 24.1510115, 54.0967569 ], [ 24.1541408, 54.0955335 ], [ 24.1572701, 54.0934536 ], [ 24.1587305, 54.0921077 ], [ 24.1597736, 54.0894159 ], [ 24.1601908, 54.0868462 ], [ 24.1595649, 54.0846435 ], [ 24.1593563, 54.0842764 ], [ 24.157896, 54.0819512 ], [ 24.1560184, 54.0803602 ], [ 24.1543494, 54.078034699999989 ], [ 24.1541408, 54.076566 ], [ 24.1549753, 54.0747299 ], [ 24.1572701, 54.0724042 ], [ 24.1591477, 54.0706904 ], [ 24.1612339, 54.0693438 ], [ 24.1631115, 54.0675075 ], [ 24.163946, 54.065303699999987 ], [ 24.163946, 54.0624877 ], [ 24.1651977, 54.0600388 ], [ 24.1672839, 54.0586919 ], [ 24.1704133, 54.0574673 ], [ 24.1737512, 54.0558754 ], [ 24.1750029, 54.0541609 ], [ 24.1752116, 54.051589 ], [ 24.1750029, 54.049139499999988 ], [ 24.1739598, 54.0470573 ], [ 24.1720822, 54.0455874 ], [ 24.1691615, 54.0446075 ], [ 24.1662408, 54.044485 ], [ 24.1635288, 54.04424 ], [ 24.1614425, 54.0437501 ], [ 24.1585218, 54.0427701 ], [ 24.1560184, 54.0414226 ], [ 24.1537235, 54.04081 ], [ 24.1510115, 54.040565 ], [ 24.1480907, 54.0410551 ], [ 24.1437097, 54.0424026 ], [ 24.1412062, 54.04424 ], [ 24.1384942, 54.0455874 ], [ 24.1353648, 54.0463224 ], [ 24.1320269, 54.0465674 ], [ 24.1295234, 54.0465674 ], [ 24.1274372, 54.0475473 ], [ 24.1247251, 54.0484046 ], [ 24.1224303, 54.0486496 ], [ 24.1201354, 54.0481597 ], [ 24.1170061, 54.0479147 ], [ 24.1132509, 54.0481597 ], [ 24.1094957, 54.0487721 ], [ 24.1063664, 54.0506093 ], [ 24.1042802, 54.05256880000001 ], [ 24.1026112, 54.0544058 ], [ 24.0992733, 54.0564877 ], [ 24.0957267, 54.0580796 ], [ 24.0913457, 54.0586919 ], [ 24.0877991, 54.0589368 ], [ 24.0846698, 54.058202 ], [ 24.0807059, 54.0573449 ], [ 24.0761163, 54.0572224 ], [ 24.0721525, 54.0579571 ], [ 24.0681886, 54.059549 ], [ 24.066311, 54.0611408 ], [ 24.0631817, 54.0633448 ], [ 24.0598438, 54.064446700000012 ], [ 24.0575489, 54.064691599999989 ], [ 24.0546282, 54.0646916 ], [ 24.0519162, 54.0650589 ], [ 24.0485782, 54.0659159 ], [ 24.0454489, 54.0667729 ], [ 24.0423196, 54.0676299 ], [ 24.038773, 54.0675075 ], [ 24.0362695, 54.0666505 ], [ 24.035435, 54.0654262 ], [ 24.0348092, 54.0638345 ], [ 24.0343919, 54.062365299999989 ], [ 24.0343919, 54.0601613 ], [ 24.0335574, 54.0585694 ], [ 24.0329316, 54.0567326 ], [ 24.0304281, 54.0556305 ], [ 24.027716, 54.0545283 ], [ 24.0247953, 54.0535486 ], [ 24.0220832, 54.0522014 ], [ 24.0202057, 54.0507317 ], [ 24.0195798, 54.049262 ], [ 24.0191625, 54.0474248 ], [ 24.0195798, 54.0459549 ], [ 24.019997, 54.0443625 ], [ 24.0208315, 54.0417901 ], [ 24.0208315, 54.03983 ], [ 24.0204143, 54.0378698 ], [ 24.0193712, 54.0366447 ], [ 24.0172849, 54.0350519 ], [ 24.0154074, 54.0335817 ], [ 24.0149901, 54.0324789 ], [ 24.0149901, 54.0305184 ], [ 24.015616, 54.0291705 ], [ 24.0158246, 54.0274549 ], [ 24.015616, 54.0252491 ], [ 24.0143642, 54.0240235 ], [ 24.0114435, 54.0223078 ], [ 24.0089401, 54.0212047 ], [ 24.0072711, 54.0194888 ], [ 24.0072711, 54.018140499999987 ], [ 24.0074015, 54.0158193 ], [ 24.0055239, 54.0141644 ], [ 24.0011428, 54.0136128 ], [ 23.9970747, 54.0134289 ], [ 23.991129, 54.0139806 ], [ 23.9883126, 54.0156354 ], [ 23.9836186, 54.017474 ], [ 23.9814281, 54.0193126 ], [ 23.9798634, 54.0217026 ], [ 23.9789246, 54.0239086 ], [ 23.9757953, 54.0255631 ], [ 23.9729789, 54.0257469 ], [ 23.9685979, 54.0255631 ], [ 23.9657815, 54.023724799999989 ], [ 23.9645297, 54.0217026 ], [ 23.9626521, 54.0198642 ], [ 23.9601487, 54.0185772 ], [ 23.9573323, 54.017474 ], [ 23.9548288, 54.016370900000013 ], [ 23.9529512, 54.0152677 ], [ 23.9501348, 54.0137967 ], [ 23.949196, 54.0114062 ], [ 23.9476314, 54.0091995 ], [ 23.9460667, 54.0058893 ], [ 23.9438762, 54.0040501 ], [ 23.9419986, 54.0027627 ], [ 23.9407469, 54.0014752 ], [ 23.9407469, 53.9998198 ], [ 23.940121, 53.9977964 ], [ 23.9373046, 53.996692699999983 ], [ 23.9338624, 53.9952211 ], [ 23.931046, 53.9941173 ], [ 23.9288554, 53.9933814 ], [ 23.926352, 53.9924616 ], [ 23.9241614, 53.9908058 ], [ 23.9225968, 53.988782 ], [ 23.9225968, 53.986758099999989 ], [ 23.921345, 53.9849181 ], [ 23.9179028, 53.982894 ], [ 23.9147735, 53.9814219 ], [ 23.9097665, 53.9806858 ], [ 23.907889, 53.9793976 ], [ 23.9063243, 53.9781094 ], [ 23.9060114, 53.977005200000015 ], [ 23.9082019, 53.9753488 ], [ 23.9125829, 53.9744286 ], [ 23.9141476, 53.9733243 ], [ 23.9153993, 53.9720359 ], [ 23.9160252, 53.9701952 ], [ 23.9153993, 53.9681704 ], [ 23.9138347, 53.9665137 ], [ 23.9132088, 53.9652251 ], [ 23.9150864, 53.9643046 ], [ 23.9194675, 53.9643046 ], [ 23.9219709, 53.9648569 ], [ 23.926039, 53.9643046 ], [ 23.9285425, 53.9630159 ], [ 23.9294813, 53.9609908 ], [ 23.9294813, 53.9589655 ], [ 23.9291684, 53.9574925 ], [ 23.9269778, 53.955283 ], [ 23.9222838, 53.9541781 ], [ 23.9200933, 53.9530733 ], [ 23.9182157, 53.9519684 ], [ 23.9175899, 53.9499427 ], [ 23.9175899, 53.948285299999981 ], [ 23.9185287, 53.9466277 ], [ 23.9182157, 53.9446018 ], [ 23.9172769, 53.9427599 ], [ 23.9150864, 53.9411022 ], [ 23.9110183, 53.9403654 ], [ 23.9069502, 53.9405496 ], [ 23.9025691, 53.9411022 ], [ 23.898501, 53.9412864 ], [ 23.8934941, 53.9411022 ], [ 23.8897389, 53.9407338 ], [ 23.8859837, 53.9398128 ], [ 23.8828543, 53.9394444 ], [ 23.8794121, 53.9394444 ], [ 23.875031, 53.9398128 ], [ 23.870337, 53.9416548 ], [ 23.8662689, 53.9446018 ], [ 23.8634525, 53.9462594 ], [ 23.8603232, 53.9473644 ], [ 23.8562551, 53.9484694 ], [ 23.8515611, 53.9492061 ], [ 23.8484318, 53.9486536 ], [ 23.8446766, 53.9484694 ], [ 23.8406085, 53.9484694 ], [ 23.8365403, 53.9490219 ], [ 23.8337239, 53.9501269 ], [ 23.8296558, 53.9516001 ], [ 23.8274653, 53.9528892 ], [ 23.824336, 53.9538099 ], [ 23.8218325, 53.9543623 ], [ 23.8187032, 53.953994 ], [ 23.8158868, 53.9528892 ], [ 23.8140092, 53.9512318 ], [ 23.8111928, 53.9493902 ], [ 23.8086893, 53.9484694 ], [ 23.8046212, 53.9479169 ], [ 23.800866, 53.9479169 ], [ 23.7967979, 53.9477328 ], [ 23.7930427, 53.9473644 ], [ 23.7908522, 53.9455227 ], [ 23.7886617, 53.9436809 ], [ 23.7886617, 53.9429441 ], [ 23.787097, 53.9411022 ], [ 23.7849065, 53.9394444 ], [ 23.7830289, 53.9377865 ], [ 23.7814642, 53.9361286 ], [ 23.7808383, 53.9341021 ], [ 23.7833418, 53.9322598 ], [ 23.7858453, 53.9307859 ], [ 23.7899134, 53.9302331 ], [ 23.791791, 53.9282064 ], [ 23.7927298, 53.925811 ], [ 23.7939815, 53.9239683 ], [ 23.7939815, 53.9212041 ], [ 23.7921039, 53.9193613 ], [ 23.7899134, 53.9175183 ], [ 23.7867841, 53.9162281 ], [ 23.7830289, 53.9153066 ], [ 23.7789607, 53.9145694 ], [ 23.7761444, 53.9127262 ], [ 23.773328, 53.9106986 ], [ 23.7701986, 53.9092239 ], [ 23.7667564, 53.9092239 ], [ 23.7614365, 53.9088552 ], [ 23.7576813, 53.9088552 ], [ 23.7539261, 53.9081178 ], [ 23.7507968, 53.9070118 ], [ 23.7482934, 53.9053526 ], [ 23.7464158, 53.9031403 ], [ 23.745164, 53.9005591 ], [ 23.7442252, 53.8983465 ], [ 23.7426606, 53.8959494 ], [ 23.7395312, 53.8937366 ], [ 23.7364019, 53.8918925 ], [ 23.7329597, 53.8900483 ], [ 23.7304562, 53.8889418 ], [ 23.7288915, 53.886913 ], [ 23.7295174, 53.8852531 ], [ 23.7320209, 53.8841464 ], [ 23.736089, 53.883408599999989 ], [ 23.7385924, 53.8832241 ], [ 23.7417218, 53.881564 ], [ 23.7432864, 53.8797194 ], [ 23.745164, 53.8782436 ], [ 23.7479804, 53.8767678 ], [ 23.7507968, 53.8758454 ], [ 23.7539261, 53.8756609 ], [ 23.7589331, 53.8752919 ], [ 23.7611236, 53.8749229 ], [ 23.7651917, 53.873078 ], [ 23.7664434, 53.8714175 ], [ 23.7680081, 53.8692034 ], [ 23.7689469, 53.8671737 ], [ 23.7714504, 53.8653284 ], [ 23.7736409, 53.8651439 ], [ 23.7770832, 53.8638521 ], [ 23.7795866, 53.8627449 ], [ 23.7827159, 53.8605303 ], [ 23.7833418, 53.858131 ], [ 23.7839677, 53.8557317 ], [ 23.7849065, 53.8538859 ], [ 23.787097, 53.85204 ], [ 23.7905393, 53.8507479 ], [ 23.7942944, 53.8503787 ], [ 23.7983626, 53.8500095 ], [ 23.8024307, 53.8501941 ], [ 23.8064988, 53.8505633 ], [ 23.810254, 53.8503787 ], [ 23.8130704, 53.8492711 ], [ 23.8146351, 53.8477942 ], [ 23.8143221, 53.8455789 ], [ 23.8143221, 53.8431787 ], [ 23.8146351, 53.8413324 ], [ 23.8158868, 53.8396706 ], [ 23.8190161, 53.8387474 ], [ 23.8218325, 53.8372702 ], [ 23.8230842, 53.8354236 ], [ 23.8230842, 53.8335769 ], [ 23.8237101, 53.8311761 ], [ 23.824336, 53.8287752 ], [ 23.8262136, 53.8265588 ], [ 23.8293429, 53.8241576 ], [ 23.8327851, 53.8228646 ], [ 23.8368533, 53.8215715 ], [ 23.8409214, 53.8204632 ], [ 23.8437378, 53.818615799999989 ], [ 23.8456154, 53.8165837 ], [ 23.8465542, 53.8138124 ], [ 23.8459283, 53.8112257 ], [ 23.8443636, 53.8090084 ], [ 23.8421731, 53.8071605 ], [ 23.8390438, 53.8056822 ], [ 23.8359145, 53.803095 ], [ 23.8349757, 53.8006924 ], [ 23.8340369, 53.797550400000013 ], [ 23.8324722, 53.7957021 ], [ 23.8309075, 53.7944082 ], [ 23.8277782, 53.7929294 ], [ 23.824336, 53.7914506 ], [ 23.8224584, 53.789971699999988 ], [ 23.819329, 53.7879382 ], [ 23.8183902, 53.7857196 ], [ 23.8180773, 53.7822067 ], [ 23.8177644, 53.7794331 ], [ 23.8158868, 53.7761046 ], [ 23.8130704, 53.7740704 ], [ 23.8074376, 53.7716662 ], [ 23.8024307, 53.7696317 ], [ 23.801179, 53.7683371 ], [ 23.7980496, 53.7663024 ], [ 23.7930427, 53.7642678 ], [ 23.7892875, 53.7626029 ], [ 23.7849065, 53.760013099999988 ], [ 23.7814642, 53.757423 ], [ 23.7792737, 53.7535377 ], [ 23.7780219, 53.7503922 ], [ 23.7752056, 53.7481717 ], [ 23.7711374, 53.745951 ], [ 23.7658176, 53.7444705 ], [ 23.7630012, 53.7426198 ], [ 23.7601848, 53.740584 ], [ 23.7589331, 53.7378077 ], [ 23.7564296, 53.7361418 ], [ 23.7526744, 53.7342908 ], [ 23.7473546, 53.7326247 ], [ 23.7448511, 53.730773500000012 ], [ 23.7435994, 53.7279966 ], [ 23.7432864, 53.7250343 ], [ 23.7432864, 53.7209608 ], [ 23.7417218, 53.7167017 ], [ 23.7423476, 53.714109 ], [ 23.745477, 53.7118866 ], [ 23.7489192, 53.7094788 ], [ 23.7514227, 53.7059595 ], [ 23.7514227, 53.7037366 ], [ 23.7511098, 53.7000316 ], [ 23.750171, 53.6965115 ], [ 23.7520485, 53.6933617 ], [ 23.7539261, 53.6909529 ], [ 23.7536132, 53.6872467 ], [ 23.7533003, 53.6850229 ], [ 23.7527967, 53.682767 ], [ 23.7515449, 53.6803576 ], [ 23.751232, 53.6772066 ], [ 23.7531096, 53.6744261 ], [ 23.755926, 53.6712746 ], [ 23.7546742, 53.6688645 ], [ 23.7521708, 53.6673813 ], [ 23.7468509, 53.6666397 ] ], [ [ 23.157599, 52.2635667 ], [ 23.162293, 52.2620345 ], [ 23.1676128, 52.2589699 ], [ 23.1710551, 52.2551389 ], [ 23.1791913, 52.2553304 ], [ 23.1841982, 52.2591615 ], [ 23.1895181, 52.2580122 ], [ 23.1913957, 52.2559051 ], [ 23.1973414, 52.2545642 ], [ 23.2017225, 52.2537979 ], [ 23.2020354, 52.2518822 ], [ 23.2001578, 52.2503496 ], [ 23.2004707, 52.2472842 ], [ 23.203913, 52.2455598 ], [ 23.2098587, 52.2461346 ], [ 23.2145527, 52.2461346 ], [ 23.2192467, 52.244985 ], [ 23.2230019, 52.2434521 ], [ 23.2248795, 52.2411527 ], [ 23.2258183, 52.2380867 ], [ 23.2292605, 52.2350205 ], [ 23.2333286, 52.2329123 ], [ 23.2377097, 52.2315707 ], [ 23.2452201, 52.2294623 ], [ 23.2489753, 52.2262038 ], [ 23.2524175, 52.2219865 ], [ 23.2564857, 52.2200694 ], [ 23.2599279, 52.2187274 ], [ 23.2633702, 52.2145094 ], [ 23.2671254, 52.2114416 ], [ 23.2730711, 52.2104828 ], [ 23.2771392, 52.2120168 ], [ 23.2815203, 52.214126 ], [ 23.287466, 52.2150846 ], [ 23.2924729, 52.214126 ], [ 23.2946634, 52.2116333 ], [ 23.2962281, 52.208757 ], [ 23.2968539, 52.2051134 ], [ 23.2956022, 52.202428399999988 ], [ 23.296541, 52.1987843 ], [ 23.2990445, 52.1972499 ], [ 23.3037385, 52.1943726 ], [ 23.3065549, 52.1911115 ], [ 23.3074937, 52.1872746 ], [ 23.3115618, 52.1855479 ], [ 23.3162558, 52.1861235 ], [ 23.319698, 52.1865072 ], [ 23.3240791, 52.185356 ], [ 23.3278343, 52.185356 ], [ 23.3300248, 52.186699 ], [ 23.3334671, 52.1878502 ], [ 23.3375352, 52.1878502 ], [ 23.3400386, 52.1863153 ], [ 23.3406645, 52.1838211 ], [ 23.3444197, 52.182478 ], [ 23.3494266, 52.1815186 ], [ 23.3528689, 52.1822861 ], [ 23.3550594, 52.1842048 ], [ 23.3559982, 52.1876583 ], [ 23.3597534, 52.1901523 ], [ 23.3638215, 52.1901523 ], [ 23.3688284, 52.1888094 ], [ 23.3703931, 52.1859316 ], [ 23.3722707, 52.1834374 ], [ 23.3766517, 52.1826699 ], [ 23.3810328, 52.1830536 ], [ 23.3841621, 52.1826699 ], [ 23.3869785, 52.1799836 ], [ 23.3879173, 52.177489 ], [ 23.3897949, 52.1751862 ], [ 23.3932372, 52.1732671 ], [ 23.3976182, 52.1705802 ], [ 23.4010605, 52.1698125 ], [ 23.4041898, 52.1675093 ], [ 23.4062298, 52.1666214 ], [ 23.4068556, 52.1654698 ], [ 23.4070643, 52.1641901 ], [ 23.408316, 52.1635503 ], [ 23.4108195, 52.1629104 ], [ 23.4135315, 52.1631663 ], [ 23.4156178, 52.164446 ], [ 23.4179126, 52.1659816 ], [ 23.4197902, 52.1672612 ], [ 23.4235454, 52.1687967 ], [ 23.4291782, 52.1703322 ], [ 23.4325161, 52.1704601 ], [ 23.4350196, 52.1705881 ], [ 23.4373144, 52.1704601 ], [ 23.4419041, 52.1700763 ], [ 23.4448248, 52.1695645 ], [ 23.4477455, 52.168157 ], [ 23.450249, 52.1676451 ], [ 23.4531697, 52.167901 ], [ 23.4554645, 52.1687967 ], [ 23.4573421, 52.1700763 ], [ 23.4585938, 52.1714837 ], [ 23.4602628, 52.1730191 ], [ 23.4625576, 52.1734029 ], [ 23.465687, 52.173147 ], [ 23.4679818, 52.1722514 ], [ 23.4694421, 52.1702042 ], [ 23.4692335, 52.167901 ], [ 23.4698594, 52.1668774 ], [ 23.4736146, 52.1658537 ], [ 23.4759094, 52.1641901 ], [ 23.4757008, 52.162526500000013 ], [ 23.4752836, 52.1611188 ], [ 23.473406, 52.159583 ], [ 23.4713197, 52.1588151 ], [ 23.4711111, 52.1575352 ], [ 23.4719456, 52.1563833 ], [ 23.4727801, 52.1547194 ], [ 23.4727801, 52.1531834 ], [ 23.4715284, 52.1515194 ], [ 23.4694421, 52.1504953 ], [ 23.4679818, 52.1490872 ], [ 23.4671473, 52.1480631 ], [ 23.4679818, 52.146783 ], [ 23.4692335, 52.1466549 ], [ 23.4704853, 52.1463989 ], [ 23.4736146, 52.1457588 ], [ 23.4752836, 52.1443505 ], [ 23.476118, 52.1429422 ], [ 23.4767439, 52.1412778 ], [ 23.4763267, 52.1391012 ], [ 23.4754922, 52.137052499999989 ], [ 23.4759094, 52.1353878 ], [ 23.4775784, 52.1344915 ], [ 23.4800819, 52.1346195 ], [ 23.4830026, 52.1350037 ], [ 23.4863405, 52.1348756 ], [ 23.4886353, 52.133339 ], [ 23.4900957, 52.1319303 ], [ 23.4903043, 52.1302655 ], [ 23.4913474, 52.1283444 ], [ 23.4934336, 52.1273199 ], [ 23.4961457, 52.1269356 ], [ 23.4988578, 52.1270637 ], [ 23.5013613, 52.1269356 ], [ 23.5038647, 52.1260391 ], [ 23.5049078, 52.124374 ], [ 23.5059509, 52.1220685 ], [ 23.5067854, 52.1210438 ], [ 23.5092889, 52.120019 ], [ 23.5115837, 52.1191223 ], [ 23.5140872, 52.117457 ], [ 23.5149217, 52.1155354 ], [ 23.5147131, 52.1131013 ], [ 23.5153389, 52.1115639 ], [ 23.5176338, 52.1110514 ], [ 23.5201372, 52.1100264 ], [ 23.5215976, 52.1090014 ], [ 23.5232665, 52.1074639 ], [ 23.5232665, 52.1055418 ], [ 23.5224321, 52.1028509 ], [ 23.5207631, 52.1006724 ], [ 23.5205545, 52.0991345 ], [ 23.5213889, 52.097596599999989 ], [ 23.5230579, 52.097084 ], [ 23.5263959, 52.0969558 ], [ 23.529108, 52.0974685 ], [ 23.5305683, 52.099519 ], [ 23.5301511, 52.1014413 ], [ 23.5309855, 52.102979 ], [ 23.5322373, 52.1041323 ], [ 23.5330718, 52.1057981 ], [ 23.5332804, 52.1074639 ], [ 23.5339063, 52.1091295 ], [ 23.535158, 52.1110514 ], [ 23.5370356, 52.1124607 ], [ 23.5401649, 52.1131013 ], [ 23.5435028, 52.1132294 ], [ 23.547258, 52.1134856 ], [ 23.5493443, 52.1134856 ], [ 23.5512219, 52.1133575 ], [ 23.552265, 52.1133575 ], [ 23.554977, 52.1122045 ], [ 23.5560201, 52.1097702 ], [ 23.5560201, 52.1082326 ], [ 23.5568546, 52.1061825 ], [ 23.5591495, 52.10567 ], [ 23.5616529, 52.106695099999989 ], [ 23.5641564, 52.1077201 ], [ 23.5672857, 52.1077201 ], [ 23.5685375, 52.1073357 ], [ 23.5702064, 52.1066951 ], [ 23.5725013, 52.1069513 ], [ 23.573753, 52.1081045 ], [ 23.5758392, 52.1087452 ], [ 23.578134, 52.1087452 ], [ 23.5812634, 52.1077201 ], [ 23.5829323, 52.1063107 ], [ 23.5839755, 52.104516700000012 ], [ 23.5848099, 52.1025946 ], [ 23.5850186, 52.1006724 ], [ 23.5839755, 52.0992627 ], [ 23.5833496, 52.0978529 ], [ 23.5835582, 52.0965713 ], [ 23.5843927, 52.0959305 ], [ 23.5868962, 52.0956742 ], [ 23.589191, 52.0959305 ], [ 23.5912772, 52.095802299999988 ], [ 23.5933634, 52.0950333 ], [ 23.5946152, 52.0937516 ], [ 23.5944065, 52.0919572 ], [ 23.5933634, 52.0901627 ], [ 23.5912772, 52.089009100000013 ], [ 23.5910686, 52.0873426 ], [ 23.5914858, 52.0858043 ], [ 23.5933634, 52.085035200000014 ], [ 23.5962841, 52.084907 ], [ 23.5992048, 52.0838814 ], [ 23.6002479, 52.0822147 ], [ 23.6002479, 52.080291599999981 ], [ 23.6002479, 52.0782402 ], [ 23.6010824, 52.0768298 ], [ 23.6027514, 52.0759323 ], [ 23.6054635, 52.0745218 ], [ 23.6094273, 52.0729831 ], [ 23.612348, 52.0719572 ], [ 23.6135997, 52.069905399999982 ], [ 23.614017, 52.0678536 ], [ 23.614017, 52.0656733 ], [ 23.6152687, 52.0627234 ], [ 23.6161032, 52.0602864 ], [ 23.6152687, 52.0581058 ], [ 23.6131825, 52.054514 ], [ 23.610679, 52.0514351 ], [ 23.6104704, 52.0495107 ], [ 23.612348, 52.047714500000012 ], [ 23.6135997, 52.0457899 ], [ 23.6125566, 52.0439935 ], [ 23.6113049, 52.0423254 ], [ 23.6108877, 52.0409139 ], [ 23.6125566, 52.038989 ], [ 23.6133911, 52.0373207 ], [ 23.612348, 52.035139 ], [ 23.610679, 52.0334705 ], [ 23.6098445, 52.0316737 ], [ 23.6102618, 52.0298767 ], [ 23.6148515, 52.0283365 ], [ 23.6154773, 52.027823 ], [ 23.6169377, 52.0257692 ], [ 23.6169377, 52.0234585 ], [ 23.6171463, 52.0214045 ], [ 23.6192325, 52.0202491 ], [ 23.6219446, 52.0193504 ], [ 23.6240308, 52.0187085 ], [ 23.6250739, 52.0174246 ], [ 23.6256998, 52.0158839 ], [ 23.6259084, 52.0140863 ], [ 23.6252826, 52.0122887 ], [ 23.6250739, 52.0106194 ], [ 23.6259084, 52.0088216 ], [ 23.6288291, 52.0070238 ], [ 23.6296636, 52.0052259 ], [ 23.6292464, 52.003171 ], [ 23.6269515, 52.0017582 ], [ 23.6256998, 52.0004739 ], [ 23.6248653, 51.9991895 ], [ 23.6252826, 51.9968774 ], [ 23.6242394, 51.9950791 ], [ 23.621736, 51.9934092 ], [ 23.6204843, 51.9923815 ], [ 23.620067, 51.9910968 ], [ 23.618398, 51.9894268 ], [ 23.6154773, 51.9886559 ], [ 23.6142256, 51.988142 ], [ 23.6129739, 51.9874997 ], [ 23.6129739, 51.9853155 ], [ 23.614017, 51.9832597 ], [ 23.6135997, 51.9812039 ], [ 23.6129739, 51.9795334 ], [ 23.6142256, 51.9778629 ], [ 23.6161032, 51.9760638 ], [ 23.6158946, 51.9740076 ], [ 23.614017, 51.9714372 ], [ 23.6108877, 51.9704091 ], [ 23.6085928, 51.9692523 ], [ 23.6065066, 51.9684811 ], [ 23.6042118, 51.9665531 ], [ 23.6033773, 51.9646251 ], [ 23.6021255, 51.9630825 ], [ 23.6000393, 51.961797 ], [ 23.5979531, 51.9611543 ], [ 23.595241, 51.9608972 ], [ 23.5931548, 51.9597402 ], [ 23.5919031, 51.9579404 ], [ 23.5904427, 51.9566547 ], [ 23.5860617, 51.9566547 ], [ 23.5816806, 51.9572976 ], [ 23.5800116, 51.9565262 ], [ 23.5800116, 51.9554977 ], [ 23.5800116, 51.9540834 ], [ 23.5791772, 51.9527976 ], [ 23.5770909, 51.9513833 ], [ 23.5739616, 51.951383299999989 ], [ 23.5731271, 51.9503546 ], [ 23.5727099, 51.9491974 ], [ 23.5725013, 51.9481687 ], [ 23.5718754, 51.9466256 ], [ 23.5689547, 51.9455968 ], [ 23.5666599, 51.945211 ], [ 23.5645736, 51.9446966 ], [ 23.5639478, 51.9431534 ], [ 23.5637392, 51.9418674 ], [ 23.562696, 51.9399382 ], [ 23.5616529, 51.9392952 ], [ 23.559984, 51.9386521 ], [ 23.5595667, 51.9377518 ], [ 23.5578977, 51.93698 ], [ 23.5541426, 51.9364656 ], [ 23.5516391, 51.9363369 ], [ 23.5491356, 51.93698 ], [ 23.5470494, 51.9372373 ], [ 23.5443373, 51.9377518 ], [ 23.5422511, 51.9377518 ], [ 23.5407908, 51.9367228 ], [ 23.5391218, 51.9359511 ], [ 23.5366183, 51.9353079 ], [ 23.5341149, 51.9355652 ], [ 23.53182, 51.9347934 ], [ 23.5311942, 51.9333785 ], [ 23.5303597, 51.9313204 ], [ 23.5284821, 51.9297767 ], [ 23.5268131, 51.9287475 ], [ 23.5263959, 51.9269465 ], [ 23.5261872, 51.925274 ], [ 23.5263959, 51.9232155 ], [ 23.5255614, 51.9221862 ], [ 23.5226407, 51.9214142 ], [ 23.51972, 51.9206422 ], [ 23.5182596, 51.9190981 ], [ 23.5172165, 51.9180688 ], [ 23.5176338, 51.9161386 ], [ 23.5190941, 51.9158812 ], [ 23.5209717, 51.9157525 ], [ 23.5230579, 51.916138599999982 ], [ 23.5268131, 51.9160099 ], [ 23.5284821, 51.9158812 ], [ 23.5305683, 51.9151091 ], [ 23.5309855, 51.9142083 ], [ 23.5330718, 51.9130501 ], [ 23.5372442, 51.912278 ], [ 23.5407908, 51.9108624 ], [ 23.5407908, 51.9107337 ], [ 23.5435028, 51.908031 ], [ 23.5455891, 51.9051994 ], [ 23.5478839, 51.903397399999989 ], [ 23.5520563, 51.9014666 ], [ 23.5535167, 51.8996644 ], [ 23.5530994, 51.8972185 ], [ 23.5530994, 51.8943863 ], [ 23.5553943, 51.8927126 ], [ 23.558315, 51.8905238 ], [ 23.559984, 51.8880774 ], [ 23.5606098, 51.8853733 ], [ 23.5597753, 51.883313 ], [ 23.559219, 51.881596 ], [ 23.5593581, 51.8806516 ], [ 23.5600535, 51.8788486 ], [ 23.5600535, 51.8772172 ], [ 23.5596363, 51.8760152 ], [ 23.5581064, 51.8745554 ], [ 23.5581064, 51.8730957 ], [ 23.55755, 51.8718935 ], [ 23.5568546, 51.8706913 ], [ 23.5554638, 51.870176 ], [ 23.5532385, 51.869489 ], [ 23.5525431, 51.8682009 ], [ 23.5519868, 51.8668268 ], [ 23.5525431, 51.865280899999981 ], [ 23.5515696, 51.8645079 ], [ 23.5500397, 51.8636491 ], [ 23.5475362, 51.8631337 ], [ 23.5453109, 51.8626184 ], [ 23.5439201, 51.8618454 ], [ 23.5439201, 51.8610724 ], [ 23.5443373, 51.8598698 ], [ 23.5462845, 51.8599557 ], [ 23.547258, 51.8606429 ], [ 23.5483707, 51.8610724 ], [ 23.5501787, 51.8612441 ], [ 23.5517086, 51.8612441 ], [ 23.5533776, 51.8609006 ], [ 23.5551857, 51.8596981 ], [ 23.5554638, 51.8583237 ], [ 23.555742, 51.8568634 ], [ 23.5561592, 51.8558326 ], [ 23.5585236, 51.8553172 ], [ 23.5610271, 51.8548877 ], [ 23.5617225, 51.8538568 ], [ 23.5622788, 51.8523964 ], [ 23.5618616, 51.8510218 ], [ 23.5607489, 51.8495613 ], [ 23.5594972, 51.8482726 ], [ 23.559219, 51.8473275 ], [ 23.5603317, 51.8462964 ], [ 23.5613052, 51.8451795 ], [ 23.5615834, 51.8439765 ], [ 23.5610271, 51.8430313 ], [ 23.5600535, 51.842258 ], [ 23.5581064, 51.8420861 ], [ 23.5564374, 51.8417424 ], [ 23.5554638, 51.8412268 ], [ 23.5553247, 51.8403675 ], [ 23.5567156, 51.83968010000001 ], [ 23.5576891, 51.8394223 ], [ 23.5594972, 51.8387348 ], [ 23.5604707, 51.8383051 ], [ 23.5617225, 51.8378754 ], [ 23.5635305, 51.8377895 ], [ 23.5654777, 51.8383911 ], [ 23.5679811, 51.8386489 ], [ 23.5703455, 51.838734799999983 ], [ 23.5727099, 51.838219200000012 ], [ 23.5742398, 51.8376176 ], [ 23.5749352, 51.8366723 ], [ 23.5750743, 51.835383199999988 ], [ 23.5747961, 51.8345238 ], [ 23.5749352, 51.8331487 ], [ 23.5764651, 51.8328908 ], [ 23.5784122, 51.8332346 ], [ 23.5803593, 51.8332346 ], [ 23.5816111, 51.8328908 ], [ 23.5821674, 51.8317735 ], [ 23.5828628, 51.830226400000015 ], [ 23.5825846, 51.829023100000015 ], [ 23.5818892, 51.8274759 ], [ 23.5816111, 51.8264444 ], [ 23.5823065, 51.8253269 ], [ 23.5834191, 51.8238656 ], [ 23.5855053, 51.8236937 ], [ 23.5873134, 51.8240375 ], [ 23.5888433, 51.8243814 ], [ 23.5913468, 51.8248112 ], [ 23.5935721, 51.8249831 ], [ 23.5962146, 51.824811199999985 ], [ 23.5978836, 51.8243814 ], [ 23.5991353, 51.8233498 ], [ 23.5994135, 51.8221463 ], [ 23.5989962, 51.8207708 ], [ 23.5973272, 51.8197391 ], [ 23.5953801, 51.8191373 ], [ 23.5945456, 51.8181057 ], [ 23.5942675, 51.816816 ], [ 23.5939893, 51.8161282 ], [ 23.5924594, 51.8154404 ], [ 23.5913468, 51.8151824 ], [ 23.5898169, 51.8146666 ], [ 23.5870352, 51.8146666 ], [ 23.5848099, 51.8145806 ], [ 23.583141, 51.813978700000014 ], [ 23.5820283, 51.8134628 ], [ 23.5809157, 51.812689 ], [ 23.5795249, 51.812345 ], [ 23.578134, 51.812431 ], [ 23.5759088, 51.8127749 ], [ 23.5742398, 51.812689 ], [ 23.5721536, 51.812259 ], [ 23.5710409, 51.8114851 ], [ 23.5709018, 51.8103673 ], [ 23.5707627, 51.8087335 ], [ 23.5709018, 51.8071856 ], [ 23.5706237, 51.8060676 ], [ 23.5699283, 51.8049497 ], [ 23.5688156, 51.8040037 ], [ 23.5671466, 51.8033156 ], [ 23.5658949, 51.8027136 ], [ 23.5653386, 51.8018536 ], [ 23.5654777, 51.8009075 ], [ 23.5661731, 51.7997894 ], [ 23.5671466, 51.7984992 ], [ 23.5672857, 51.7978972 ], [ 23.5671466, 51.797037 ], [ 23.5661731, 51.7958328 ], [ 23.5650604, 51.7949726 ], [ 23.5636696, 51.7943705 ], [ 23.5617225, 51.7941124 ], [ 23.5596363, 51.7937683 ], [ 23.5585236, 51.7932522 ], [ 23.55755, 51.792564 ], [ 23.5569937, 51.7917898 ], [ 23.5571328, 51.7907575 ], [ 23.5582454, 51.7897252 ], [ 23.5590799, 51.7886068 ], [ 23.5589409, 51.7877465 ], [ 23.5586627, 51.7868001 ], [ 23.5579673, 51.7858537 ], [ 23.5567156, 51.7848213 ], [ 23.5553247, 51.784133 ], [ 23.5537949, 51.7837028 ], [ 23.5517086, 51.7833586 ], [ 23.5497615, 51.7831005 ], [ 23.5485098, 51.7822401 ], [ 23.5476753, 51.7809494 ], [ 23.5482316, 51.7799169 ], [ 23.5486488, 51.7781959 ], [ 23.5486488, 51.7764318 ], [ 23.5482316, 51.774452499999988 ], [ 23.547258, 51.772903500000012 ], [ 23.5458672, 51.772301 ], [ 23.5447546, 51.7710101 ], [ 23.5443373, 51.7698052 ], [ 23.5448937, 51.7685142 ], [ 23.5461454, 51.767137 ], [ 23.5469799, 51.765932 ], [ 23.547119, 51.7643827 ], [ 23.5458672, 51.7630915 ], [ 23.5440592, 51.762144599999985 ], [ 23.5422511, 51.761456 ], [ 23.540304, 51.7608534 ], [ 23.5383568, 51.760509 ], [ 23.5366879, 51.759389899999988 ], [ 23.5366879, 51.7580125 ], [ 23.536827, 51.7568073 ], [ 23.5366879, 51.7554298 ], [ 23.535158, 51.753794 ], [ 23.5336281, 51.7531052 ], [ 23.5325154, 51.7519859 ], [ 23.5326545, 51.7507805 ], [ 23.5333499, 51.749575 ], [ 23.5340453, 51.7482834 ], [ 23.5341844, 51.7470779 ], [ 23.5330718, 51.7458723 ], [ 23.5320982, 51.7449251 ], [ 23.530012, 51.7439778 ], [ 23.5286212, 51.7432028 ], [ 23.5277867, 51.7420832 ], [ 23.5276476, 51.7411359 ], [ 23.5284821, 51.7395857 ], [ 23.5293166, 51.7379493 ], [ 23.5294557, 51.7365713 ], [ 23.5284821, 51.7355377 ], [ 23.5268131, 51.7345041 ], [ 23.5245878, 51.7334705 ], [ 23.5234752, 51.7326091 ], [ 23.523197, 51.7318339 ], [ 23.5238924, 51.7305418 ], [ 23.524866, 51.7298526 ], [ 23.5270913, 51.7289912 ], [ 23.5276476, 51.7278713 ], [ 23.5270913, 51.7265791 ], [ 23.5261177, 51.7252007 ], [ 23.5262568, 51.7236499 ], [ 23.5275085, 51.722960699999987 ], [ 23.5302901, 51.723046900000014 ], [ 23.5320982, 51.723046900000014 ], [ 23.5341844, 51.7222715 ], [ 23.5361315, 51.7217545 ], [ 23.5382178, 51.7220991 ], [ 23.5398867, 51.723133 ], [ 23.5412775, 51.724253 ], [ 23.5426684, 51.7250284 ], [ 23.5443373, 51.7254592 ], [ 23.5469799, 51.7254592 ], [ 23.5492052, 51.7250284 ], [ 23.5512914, 51.7245115 ], [ 23.5529604, 51.7237361 ], [ 23.5536558, 51.7225299 ], [ 23.5535167, 51.7210652 ], [ 23.5528213, 51.7194282 ], [ 23.5517086, 51.7183942 ], [ 23.5504569, 51.7172741 ], [ 23.550596, 51.7161539 ], [ 23.5512914, 51.7150337 ], [ 23.5521259, 51.7140858 ], [ 23.552404, 51.713224 ], [ 23.5521259, 51.711759099999981 ], [ 23.5504569, 51.7108111 ], [ 23.5499006, 51.7101217 ], [ 23.5493443, 51.7092599 ], [ 23.5493443, 51.7084842 ], [ 23.5497615, 51.70805330000001 ], [ 23.5510132, 51.7073638 ], [ 23.552404, 51.7064158 ], [ 23.5526822, 51.7052091 ], [ 23.5525431, 51.704261 ], [ 23.5533776, 51.7033129 ], [ 23.5553247, 51.7028819 ], [ 23.5569937, 51.702451 ], [ 23.5586627, 51.701502800000014 ], [ 23.559219, 51.7004684 ], [ 23.559219, 51.6991754 ], [ 23.5586627, 51.6979686 ], [ 23.557411, 51.696848 ], [ 23.5561592, 51.6958135 ], [ 23.5560201, 51.6946066 ], [ 23.5567156, 51.693572 ], [ 23.5579673, 51.6927961 ], [ 23.5599144, 51.692365 ], [ 23.5617225, 51.6921064 ], [ 23.5632524, 51.6914167 ], [ 23.5654777, 51.6902959 ], [ 23.5665903, 51.6886577 ], [ 23.5670076, 51.6867608 ], [ 23.5667294, 51.6852949 ], [ 23.5654777, 51.6835703 ], [ 23.5640869, 51.6825356 ], [ 23.5632524, 51.681587 ], [ 23.5631133, 51.680552199999987 ], [ 23.564365, 51.6794311 ], [ 23.5653386, 51.67831 ], [ 23.5654777, 51.6771888 ], [ 23.5651995, 51.6756364 ], [ 23.5647823, 51.6747739 ], [ 23.5645041, 51.6738252 ], [ 23.5661731, 51.6727902 ], [ 23.5681202, 51.6715827 ], [ 23.5686765, 51.6703751 ], [ 23.5688156, 51.6689087 ], [ 23.5681202, 51.6675286 ], [ 23.5671466, 51.6662346 ], [ 23.5668685, 51.6651994 ], [ 23.567703, 51.6643368 ], [ 23.569511, 51.6636466 ], [ 23.5707627, 51.6627839 ], [ 23.5709018, 51.6619212 ], [ 23.5709018, 51.6607997 ], [ 23.5702064, 51.6598506 ], [ 23.5693719, 51.6588153 ], [ 23.567703, 51.6578663 ], [ 23.5672857, 51.6570035 ], [ 23.5671466, 51.6562269 ], [ 23.5679811, 51.6552778 ], [ 23.569511, 51.6548464 ], [ 23.5714582, 51.6543286 ], [ 23.5738225, 51.6538972 ], [ 23.5747961, 51.6531206 ], [ 23.5754915, 51.6518263 ], [ 23.5756306, 51.6505319 ], [ 23.5749352, 51.6495826 ], [ 23.5735444, 51.648806 ], [ 23.5721536, 51.6480293 ], [ 23.5714582, 51.6473389 ], [ 23.5714582, 51.6464759 ], [ 23.5724317, 51.6454403 ], [ 23.5738225, 51.6449224 ], [ 23.5754915, 51.6447498 ], [ 23.5774386, 51.6437142 ], [ 23.5786904, 51.6427648 ], [ 23.5791076, 51.6413838 ], [ 23.5791076, 51.6400028 ], [ 23.5788295, 51.6383628 ], [ 23.5786904, 51.636809099999986 ], [ 23.5802203, 51.6353416 ], [ 23.5823065, 51.6345647 ], [ 23.5846709, 51.6338741 ], [ 23.5860617, 51.6328382 ], [ 23.5863398, 51.6315433 ], [ 23.586618, 51.6302483 ], [ 23.5877306, 51.628867 ], [ 23.5896778, 51.6276583 ], [ 23.5927376, 51.626363200000014 ], [ 23.5953801, 51.6259315 ], [ 23.5983008, 51.6260178 ], [ 23.6009434, 51.6261042 ], [ 23.6035859, 51.6258451 ], [ 23.6059503, 51.625154400000014 ], [ 23.6073411, 51.624291 ], [ 23.6083147, 51.623254800000012 ], [ 23.6091491, 51.6222187 ], [ 23.6095664, 51.6210962 ], [ 23.6092882, 51.6198872 ], [ 23.6084537, 51.6185056 ], [ 23.6073411, 51.6172102 ], [ 23.6065066, 51.616433 ], [ 23.6062284, 51.6151376 ], [ 23.6065066, 51.6141013 ], [ 23.6073411, 51.6128922 ], [ 23.608871, 51.6115103 ], [ 23.61054, 51.6110785 ], [ 23.612348, 51.6098693 ], [ 23.6141561, 51.608401 ], [ 23.6141561, 51.607105300000015 ], [ 23.6145733, 51.6056369 ], [ 23.6149905, 51.6044276 ], [ 23.6151296, 51.602959100000014 ], [ 23.6148515, 51.6014041 ], [ 23.6141561, 51.5999355 ], [ 23.6129043, 51.5988124 ], [ 23.6127652, 51.5977757 ], [ 23.6137388, 51.5963934 ], [ 23.6147124, 51.5950974 ], [ 23.6147124, 51.5938878 ], [ 23.6141561, 51.5923326 ], [ 23.6130434, 51.5909501 ], [ 23.6120698, 51.590086 ], [ 23.610679, 51.5889627 ], [ 23.6098445, 51.5877529 ], [ 23.6094273, 51.5864567 ], [ 23.6095664, 51.5849876 ], [ 23.6097055, 51.5831728 ], [ 23.6095664, 51.581703600000012 ], [ 23.6102618, 51.5795429 ], [ 23.6101227, 51.5779007 ], [ 23.6099836, 51.5766042 ], [ 23.6087319, 51.5749619 ], [ 23.6073411, 51.5735789 ], [ 23.6051158, 51.572541600000015 ], [ 23.6031687, 51.5721094 ], [ 23.600387, 51.572023 ], [ 23.5991353, 51.5721958 ], [ 23.5970491, 51.5724552 ], [ 23.5955192, 51.5724552 ], [ 23.5941284, 51.5715043 ], [ 23.5939893, 51.5706398 ], [ 23.5946847, 51.5689973 ], [ 23.5951019, 51.567787 ], [ 23.5957974, 51.5665767 ], [ 23.5966318, 51.565107 ], [ 23.5970491, 51.5637237 ], [ 23.5974663, 51.56234030000001 ], [ 23.5974663, 51.5608704 ], [ 23.5963537, 51.5594005 ], [ 23.5946847, 51.558017 ], [ 23.593433, 51.5569794 ], [ 23.5924594, 51.5557687 ], [ 23.5921812, 51.5544716 ], [ 23.5935721, 51.5534339 ], [ 23.5957974, 51.5530015 ], [ 23.5977445, 51.5524826 ], [ 23.5994135, 51.5517043 ], [ 23.6012215, 51.5512719 ], [ 23.603725, 51.5519637 ], [ 23.6062284, 51.552828500000011 ], [ 23.608871, 51.552828500000011 ], [ 23.6109572, 51.5522232 ], [ 23.6126262, 51.5512719 ], [ 23.6137388, 51.5502341 ], [ 23.615686, 51.5498016 ], [ 23.6176331, 51.5494557 ], [ 23.6201365, 51.5497152 ], [ 23.6227791, 51.5498016 ], [ 23.6252826, 51.5494557 ], [ 23.6279251, 51.5482449 ], [ 23.629455, 51.5472935 ], [ 23.6316803, 51.5461691 ], [ 23.6339056, 51.5454772 ], [ 23.6361309, 51.5452177 ], [ 23.6379389, 51.5456502 ], [ 23.6400252, 51.5466016 ], [ 23.6416941, 51.54738 ], [ 23.6437803, 51.5480719 ], [ 23.6454493, 51.5484179 ], [ 23.6469792, 51.5485043 ], [ 23.6492045, 51.547985399999988 ], [ 23.6505953, 51.547207 ], [ 23.651847, 51.545996099999989 ], [ 23.6525425, 51.5450447 ], [ 23.6530988, 51.5440932 ], [ 23.6533769, 51.5428823 ], [ 23.6529597, 51.5416713 ], [ 23.6526815, 51.5405468 ], [ 23.6522643, 51.5392492 ], [ 23.6522643, 51.5379516 ], [ 23.6529597, 51.5367405 ], [ 23.6547677, 51.5363079 ], [ 23.6567149, 51.5354428 ], [ 23.6575494, 51.534231600000012 ], [ 23.6576885, 51.5327608 ], [ 23.6579666, 51.531117 ], [ 23.6575494, 51.5296461 ], [ 23.6562976, 51.5285213 ], [ 23.655185, 51.527829 ], [ 23.6544896, 51.5269638 ], [ 23.6546287, 51.5260119 ], [ 23.6550459, 51.524887 ], [ 23.655185, 51.5236756 ], [ 23.6549068, 51.5221179 ], [ 23.6543505, 51.521339 ], [ 23.6528206, 51.520214 ], [ 23.6519861, 51.5192621 ], [ 23.6522643, 51.5182235 ], [ 23.6539333, 51.517185 ], [ 23.6560195, 51.5167522 ], [ 23.6574103, 51.5158867 ], [ 23.6585229, 51.5147616 ], [ 23.6592183, 51.5132902 ], [ 23.6592183, 51.5120784 ], [ 23.6590793, 51.5105203 ], [ 23.6582448, 51.5090488 ], [ 23.6582448, 51.5080966 ], [ 23.6593574, 51.507404099999988 ], [ 23.6607482, 51.5070578 ], [ 23.6622781, 51.5072309 ], [ 23.6636689, 51.5076638 ], [ 23.6653379, 51.5087025 ], [ 23.667146, 51.5093085 ], [ 23.6688149, 51.5099144 ], [ 23.6709012, 51.5102606 ], [ 23.6728483, 51.510001 ], [ 23.6750736, 51.5096547 ], [ 23.6771598, 51.5091353 ], [ 23.6785506, 51.50801 ], [ 23.6795242, 51.5065384 ], [ 23.6800805, 51.5052399 ], [ 23.6804978, 51.5043741 ], [ 23.6816104, 51.503595 ], [ 23.6832794, 51.502989 ], [ 23.6850874, 51.5022964 ], [ 23.6859219, 51.5016903 ], [ 23.6866173, 51.5005648 ], [ 23.6868955, 51.4992661 ], [ 23.6868955, 51.4979674 ], [ 23.6864782, 51.4966686 ], [ 23.6856438, 51.4956296 ], [ 23.6846702, 51.4948503 ], [ 23.682584, 51.4941575 ], [ 23.6811932, 51.4937246 ], [ 23.6803587, 51.4925989 ], [ 23.6796633, 51.4916463 ], [ 23.6796633, 51.4906938 ], [ 23.6791069, 51.4894814 ], [ 23.6782725, 51.4884422 ], [ 23.6767426, 51.4875761 ], [ 23.6747954, 51.4869699 ], [ 23.672292, 51.4867101 ], [ 23.670623, 51.4866235 ], [ 23.6675632, 51.4870565 ], [ 23.6651988, 51.4878359 ], [ 23.6628345, 51.4886154 ], [ 23.6615827, 51.4892216 ], [ 23.6596356, 51.489221600000015 ], [ 23.6583839, 51.4890484 ], [ 23.6575494, 51.4884422 ], [ 23.6567149, 51.4874029 ], [ 23.6561586, 51.4862771 ], [ 23.6556022, 51.4852378 ], [ 23.6544896, 51.4842851 ], [ 23.6537942, 51.483852 ], [ 23.6528206, 51.4832458 ], [ 23.6504562, 51.4821198 ], [ 23.6490654, 51.4812536 ], [ 23.6480919, 51.480127599999989 ], [ 23.6476746, 51.4788283 ], [ 23.6480919, 51.477529 ], [ 23.6494827, 51.4762297 ], [ 23.6511516, 51.4756233 ], [ 23.6539333, 51.4755366 ], [ 23.6567149, 51.4755366 ], [ 23.6590793, 51.4752768 ], [ 23.6610264, 51.4744971 ], [ 23.6624172, 51.4735442 ], [ 23.6636689, 51.4725912 ], [ 23.6647816, 51.4721581 ], [ 23.6664506, 51.4719848 ], [ 23.6681195, 51.4722447 ], [ 23.6703448, 51.4725046 ], [ 23.6720138, 51.4728511 ], [ 23.6745173, 51.4728511 ], [ 23.6767426, 51.472504599999986 ], [ 23.679246, 51.471465 ], [ 23.680915, 51.4701655 ], [ 23.6823058, 51.468606 ], [ 23.6834185, 51.4672197 ], [ 23.6848093, 51.4660934 ], [ 23.6866173, 51.4654869 ], [ 23.6887035, 51.4648803 ], [ 23.6899553, 51.4638406 ], [ 23.6910679, 51.4624542 ], [ 23.6913461, 51.4608944 ], [ 23.6910679, 51.4591613 ], [ 23.6902334, 51.4573415 ], [ 23.689399, 51.4560415 ], [ 23.6887035, 51.4550015 ], [ 23.6881472, 51.4537015 ], [ 23.6885645, 51.4524882 ], [ 23.689399, 51.4517081 ], [ 23.6910679, 51.4504947 ], [ 23.6924587, 51.4490212 ], [ 23.6924587, 51.4479811 ], [ 23.692876, 51.4465942 ], [ 23.6934323, 51.4449472 ], [ 23.6942668, 51.4437336 ], [ 23.6959358, 51.4431268 ], [ 23.6974657, 51.4428668 ], [ 23.6999691, 51.4426067 ], [ 23.7027507, 51.4422599 ], [ 23.7042806, 51.4414797 ], [ 23.7059496, 51.4396592 ], [ 23.706645, 51.4381853 ], [ 23.7067841, 51.4364514 ], [ 23.7063668, 51.4347173 ], [ 23.7063668, 51.433763600000013 ], [ 23.7065059, 51.432463 ], [ 23.7073404, 51.4315092 ], [ 23.708314, 51.4300351 ], [ 23.7085921, 51.4288211 ], [ 23.708314, 51.4272602 ], [ 23.7077577, 51.4258726 ], [ 23.706645, 51.4243116 ], [ 23.7052542, 51.4234444 ], [ 23.7034461, 51.422924 ], [ 23.7009427, 51.422317 ], [ 23.69983, 51.4217966 ], [ 23.6988565, 51.4208426 ], [ 23.6970484, 51.4201487 ], [ 23.6956576, 51.4198885 ], [ 23.694684, 51.4195416 ], [ 23.6919024, 51.4195416 ], [ 23.6900944, 51.4196283 ], [ 23.6882863, 51.4203222 ], [ 23.6864782, 51.4202354 ], [ 23.6848093, 51.4198885 ], [ 23.6834185, 51.4189345 ], [ 23.6824449, 51.4179804 ], [ 23.6813322, 51.4167661 ], [ 23.6799414, 51.4160721 ], [ 23.6775771, 51.415465 ], [ 23.6752127, 51.4150313 ], [ 23.6729874, 51.414771 ], [ 23.6709012, 51.4141638 ], [ 23.6693713, 51.4128627 ], [ 23.6688149, 51.4116482 ], [ 23.6690931, 51.4107807 ], [ 23.6700667, 51.4099132 ], [ 23.6707621, 51.4087855 ], [ 23.6709012, 51.4077444 ], [ 23.6703448, 51.4063563 ], [ 23.6695103, 51.4053152 ], [ 23.6696494, 51.4042741 ], [ 23.6704839, 51.4036667 ], [ 23.6715966, 51.4027123 ], [ 23.6720138, 51.4015844 ], [ 23.6720138, 51.4001961 ], [ 23.6714575, 51.3989813 ], [ 23.6703448, 51.3978532 ], [ 23.6690931, 51.3968119 ], [ 23.6678414, 51.3961177 ], [ 23.6657552, 51.3957706 ], [ 23.6636689, 51.3955971 ], [ 23.6615827, 51.3956838 ], [ 23.6596356, 51.3957706 ], [ 23.6576885, 51.3956838 ], [ 23.6564367, 51.3954235 ], [ 23.6553241, 51.3947293 ], [ 23.6540723, 51.3939483 ], [ 23.6532379, 51.3930804 ], [ 23.651847, 51.3919522 ], [ 23.6504562, 51.391258 ], [ 23.6487873, 51.3907372 ], [ 23.646701, 51.3905637 ], [ 23.6446148, 51.3901297 ], [ 23.6435022, 51.3895222 ], [ 23.6426677, 51.3887411 ], [ 23.641416, 51.3874392 ], [ 23.6407206, 51.3861373 ], [ 23.6408596, 51.3845749 ], [ 23.6408596, 51.383272899999987 ], [ 23.6409987, 51.38145 ], [ 23.6409987, 51.3801479 ], [ 23.6404424, 51.379106199999988 ], [ 23.6398861, 51.3780645 ], [ 23.6383562, 51.37737 ], [ 23.6368263, 51.3765887 ], [ 23.6347401, 51.3764151 ], [ 23.6322366, 51.3763282 ], [ 23.6300113, 51.3766755 ], [ 23.6282033, 51.3774568 ], [ 23.6269515, 51.3786722 ], [ 23.626117, 51.3794535 ], [ 23.624309, 51.379974299999986 ], [ 23.6222228, 51.3798875 ], [ 23.620971, 51.3797139 ], [ 23.6194411, 51.3789326 ], [ 23.617494, 51.3789326 ], [ 23.6149905, 51.3790194 ], [ 23.6129043, 51.3792799 ], [ 23.6117917, 51.379193 ], [ 23.6108181, 51.3784986 ], [ 23.61054, 51.3775436 ], [ 23.6112354, 51.3765887 ], [ 23.6119308, 51.3758942 ], [ 23.6131825, 51.3749392 ], [ 23.6137388, 51.3738105 ], [ 23.6134607, 51.3725082 ], [ 23.612348, 51.3712927 ], [ 23.6110963, 51.3705981 ], [ 23.6087319, 51.3700772 ], [ 23.6062284, 51.3697298 ], [ 23.6026123, 51.3702508 ], [ 23.600387, 51.3705981 ], [ 23.5973272, 51.3722478 ], [ 23.5960755, 51.3734633 ], [ 23.5944065, 51.3742446 ], [ 23.5925985, 51.374157799999985 ], [ 23.5921812, 51.3732896 ], [ 23.5914858, 51.3723346 ], [ 23.590095, 51.37164 ], [ 23.5889824, 51.3710322 ], [ 23.5885651, 51.3699035 ], [ 23.5885651, 51.3689484 ], [ 23.5889824, 51.3682538 ], [ 23.5906514, 51.3672118 ], [ 23.5923203, 51.3665171 ], [ 23.5942675, 51.3657356 ], [ 23.5953801, 51.3649541 ], [ 23.5959364, 51.3639989 ], [ 23.5962146, 51.3621752 ], [ 23.5962146, 51.3611331 ], [ 23.5971882, 51.3605252 ], [ 23.5995525, 51.3598305 ], [ 23.6016388, 51.3597436 ], [ 23.603725, 51.3587883 ], [ 23.6040031, 51.3577461 ], [ 23.6046985, 51.3567039 ], [ 23.6045595, 51.3553142 ], [ 23.6044204, 51.3539246 ], [ 23.6040031, 51.352448 ], [ 23.603725, 51.3513188 ], [ 23.603725, 51.3503633 ], [ 23.6042813, 51.3487997 ], [ 23.6059503, 51.34784410000001 ], [ 23.6080365, 51.3471492 ], [ 23.6097055, 51.3462805 ], [ 23.6108181, 51.3451511 ], [ 23.6112354, 51.3435005 ], [ 23.6115135, 51.3418498 ], [ 23.6113744, 51.3403728 ], [ 23.6112354, 51.339330200000013 ], [ 23.6113744, 51.3380269 ], [ 23.6120698, 51.3369843 ], [ 23.614017, 51.3359416 ], [ 23.6161032, 51.3351595 ], [ 23.6179113, 51.3345513 ], [ 23.6204147, 51.3341168 ], [ 23.6223618, 51.3340299 ], [ 23.6247262, 51.3338561 ], [ 23.6265343, 51.3338561 ], [ 23.6288987, 51.3336823 ], [ 23.6305676, 51.333161 ], [ 23.6318194, 51.3324658 ], [ 23.6327929, 51.3315968 ], [ 23.6337665, 51.330554 ], [ 23.6355746, 51.3298588 ], [ 23.6376608, 51.3295112 ], [ 23.639747, 51.3294243 ], [ 23.6426677, 51.3292505 ], [ 23.6447539, 51.3289028 ], [ 23.6468401, 51.3281207 ], [ 23.6480919, 51.3268171 ], [ 23.6496217, 51.3250789 ], [ 23.6511516, 51.3235144 ], [ 23.6530988, 51.3229929 ], [ 23.6558804, 51.3226453 ], [ 23.6582448, 51.3227322 ], [ 23.6607482, 51.3222976 ], [ 23.6624172, 51.3209938 ], [ 23.6635299, 51.3197769 ], [ 23.6647816, 51.31856 ], [ 23.6663115, 51.3180385 ], [ 23.6690931, 51.3178646 ], [ 23.6717356, 51.3178646 ], [ 23.6741, 51.318646900000012 ], [ 23.6761862, 51.3188208 ], [ 23.6781334, 51.3179515 ], [ 23.679246, 51.3165607 ], [ 23.6800805, 51.3152568 ], [ 23.6818886, 51.3135181 ], [ 23.6831403, 51.3121272 ], [ 23.6830012, 51.3103884 ], [ 23.6830012, 51.3082149 ], [ 23.6836966, 51.30682370000001 ], [ 23.6857828, 51.3054326 ], [ 23.6887035, 51.3034327 ], [ 23.689538, 51.3013458 ], [ 23.689538, 51.2995196 ], [ 23.689538, 51.2977804 ], [ 23.6900944, 51.296389 ], [ 23.6920415, 51.2955193 ], [ 23.6955185, 51.295345399999988 ], [ 23.6987174, 51.2951714 ], [ 23.7008036, 51.2945626 ], [ 23.701499, 51.2937799 ], [ 23.7016381, 51.2928232 ], [ 23.7012208, 51.292040400000012 ], [ 23.7012208, 51.2908228 ], [ 23.7009427, 51.2893441 ], [ 23.7005254, 51.2882134 ], [ 23.6995519, 51.2872566 ], [ 23.6977438, 51.2863867 ], [ 23.696353, 51.2853429 ], [ 23.6960748, 51.2839511 ], [ 23.6970484, 51.2829942 ], [ 23.6988565, 51.2822983 ], [ 23.6999691, 51.2813413 ], [ 23.7001082, 51.2799494 ], [ 23.699691, 51.2785574 ], [ 23.6992737, 51.2771654 ], [ 23.6987174, 51.2762083 ], [ 23.6978829, 51.2753383 ], [ 23.6971875, 51.2745552 ], [ 23.6957967, 51.2737722 ], [ 23.694545, 51.2732501 ], [ 23.6944059, 51.272293 ], [ 23.6948231, 51.2715099 ], [ 23.6957967, 51.270813699999984 ], [ 23.6974657, 51.2697696 ], [ 23.6981611, 51.2685513 ], [ 23.698022, 51.267333 ], [ 23.6974657, 51.2662888 ], [ 23.6976047, 51.2654185 ], [ 23.6987174, 51.2646353 ], [ 23.7009427, 51.2646353 ], [ 23.7026117, 51.2651574 ], [ 23.7046979, 51.2657666 ], [ 23.7058105, 51.2661147 ], [ 23.7076186, 51.2658536 ], [ 23.7095657, 51.2653315 ], [ 23.7104002, 51.2647223 ], [ 23.7108174, 51.263678 ], [ 23.7109565, 51.2623725 ], [ 23.7109565, 51.2614152 ], [ 23.7113738, 51.2604578 ], [ 23.7110956, 51.2594134 ], [ 23.7112347, 51.258456 ], [ 23.7123473, 51.257237399999987 ], [ 23.7137381, 51.2564541 ], [ 23.7141554, 51.2551484 ], [ 23.7141554, 51.2541039 ], [ 23.7135991, 51.2532334 ], [ 23.7123473, 51.2523629 ], [ 23.7112347, 51.2515795 ], [ 23.7085921, 51.2512313 ], [ 23.7070623, 51.2510572 ], [ 23.7059496, 51.2501866 ], [ 23.7058105, 51.2490549 ], [ 23.7067841, 51.2481843 ], [ 23.7070623, 51.2473138 ], [ 23.7076186, 51.2459208 ], [ 23.7074795, 51.244876 ], [ 23.7074795, 51.2436571 ], [ 23.708314, 51.2427865 ], [ 23.7098439, 51.2418287 ], [ 23.7122083, 51.2416546 ], [ 23.7148508, 51.2420899 ], [ 23.7167979, 51.2427865 ], [ 23.7183278, 51.2431347 ], [ 23.7197186, 51.2433959 ], [ 23.7209704, 51.2432218 ], [ 23.7233347, 51.2430477 ], [ 23.725421, 51.2420899 ], [ 23.7263945, 51.2410451 ], [ 23.7265336, 51.2398261 ], [ 23.7265336, 51.2382587 ], [ 23.7266727, 51.2371267 ], [ 23.727229, 51.2364301 ], [ 23.7294543, 51.2359947 ], [ 23.731540499999987, 51.2359947 ], [ 23.7337658, 51.2353851 ], [ 23.7348785, 51.2341659 ], [ 23.7351566, 51.2328597 ], [ 23.7352957, 51.2311179 ], [ 23.7348785, 51.2297244 ], [ 23.7347394, 51.2281567 ], [ 23.7346003, 51.2270245 ], [ 23.7351566, 51.225892200000011 ], [ 23.7361302, 51.2250212 ], [ 23.7379383, 51.2249341 ], [ 23.7394682, 51.2247599 ], [ 23.7416935, 51.2243244 ], [ 23.7433624, 51.2237147 ], [ 23.7440578, 51.2226694 ], [ 23.744336, 51.2211015 ], [ 23.7441969, 51.2195335 ], [ 23.7446142, 51.218052599999986 ], [ 23.7458659, 51.2172685 ], [ 23.7475349, 51.2163102 ], [ 23.7492038, 51.2160489 ], [ 23.751151, 51.2157875 ], [ 23.752959, 51.2158746 ], [ 23.7553234, 51.2160489 ], [ 23.7569924, 51.2160489 ], [ 23.758105, 51.216136 ], [ 23.7601912, 51.2156133 ], [ 23.7617211, 51.2148292 ], [ 23.7629729, 51.2141322 ], [ 23.7636683, 51.2133481 ], [ 23.7645028, 51.2123898 ], [ 23.7645028, 51.2114314 ], [ 23.7647809, 51.2100373 ], [ 23.7645028, 51.2086432 ], [ 23.7638074, 51.2077719 ], [ 23.7638074, 51.2069005 ], [ 23.7651982, 51.2058549 ], [ 23.7674235, 51.2057678 ], [ 23.7692315, 51.205942 ], [ 23.7714568, 51.2056806 ], [ 23.7731258, 51.2048964 ], [ 23.7745166, 51.2038507 ], [ 23.7749338, 51.2024564 ], [ 23.7749338, 51.2012364 ], [ 23.7763247, 51.2001906 ], [ 23.7777155, 51.2001906 ], [ 23.7791063, 51.2008006 ], [ 23.7802189, 51.2021078 ], [ 23.7816097, 51.202805 ], [ 23.7832787, 51.2035021 ], [ 23.7856431, 51.2039378 ], [ 23.7873121, 51.204025 ], [ 23.7896764, 51.203937799999984 ], [ 23.7920408, 51.2035021 ], [ 23.7935707, 51.2026307 ], [ 23.7949615, 51.2014978 ], [ 23.795796, 51.2001906 ], [ 23.7967696, 51.1990577 ], [ 23.7977431, 51.1976632 ], [ 23.7999684, 51.1970532 ], [ 23.8020547, 51.196966 ], [ 23.8046972, 51.1967045 ], [ 23.806088, 51.1960944 ], [ 23.807757, 51.1949614 ], [ 23.8081742, 51.1938283 ], [ 23.8083133, 51.1926081 ], [ 23.8078961, 51.1913878 ], [ 23.8073397, 51.1900803 ], [ 23.8069225, 51.1887727 ], [ 23.8070616, 51.1879882 ], [ 23.8076179, 51.1872037 ], [ 23.809565, 51.1862447 ], [ 23.811234, 51.185373 ], [ 23.8117903, 51.183891 ], [ 23.8119294, 51.1824961 ], [ 23.8115122, 51.1811883 ], [ 23.8108168, 51.1795318 ], [ 23.8091478, 51.1780496 ], [ 23.8080352, 51.1766545 ], [ 23.8065053, 51.1756954 ], [ 23.804419, 51.1745618 ], [ 23.8031673, 51.173951499999987 ], [ 23.8024719, 51.1728179 ], [ 23.8019156, 51.1712482 ], [ 23.8021937, 51.169329700000013 ], [ 23.8030282, 51.168196 ], [ 23.8035846, 51.1668879 ], [ 23.8040018, 51.1651436 ], [ 23.8038627, 51.1635737 ], [ 23.8026883, 51.1622654 ], [ 23.8005248, 51.1609571 ], [ 23.7989949, 51.1599104 ], [ 23.7971868, 51.1592999 ], [ 23.7952397, 51.158776499999988 ], [ 23.7930144, 51.1583404 ], [ 23.7909282, 51.1581659 ], [ 23.7893983, 51.1575553 ], [ 23.787590200000011, 51.1567703 ], [ 23.7868948, 51.1558107 ], [ 23.7864776, 51.1545022 ], [ 23.7863385, 51.1531064 ], [ 23.7852258, 51.1520596 ], [ 23.783835, 51.1515361 ], [ 23.7831396, 51.1504892 ], [ 23.7830005, 51.1496168 ], [ 23.783835, 51.1486571 ], [ 23.7861994, 51.1478719 ], [ 23.788981, 51.1477846 ], [ 23.7919017, 51.147435599999987 ], [ 23.7931535, 51.1471739 ], [ 23.7946834, 51.1464759 ], [ 23.7951006, 51.1456034 ], [ 23.7953788, 51.1446436 ], [ 23.7955179, 51.1437711 ], [ 23.7952397, 51.1424622 ], [ 23.7942661, 51.1415024 ], [ 23.7930144, 51.140717 ], [ 23.7914845, 51.1398444 ], [ 23.7907891, 51.1387973 ], [ 23.7907891, 51.1374883 ], [ 23.7916236, 51.1364411 ], [ 23.7925971, 51.1355684 ], [ 23.7938489, 51.1345211 ], [ 23.7942661, 51.1334738 ], [ 23.7956569, 51.1327756 ], [ 23.7969087, 51.1326883 ], [ 23.7984386, 51.133124699999982 ], [ 23.7995512, 51.1335611 ], [ 23.8005248, 51.1343466 ], [ 23.8023328, 51.1346957 ], [ 23.8049754, 51.134433800000011 ], [ 23.8065053, 51.134172 ], [ 23.8083133, 51.1333865 ], [ 23.809426, 51.1320774 ], [ 23.8098432, 51.1304191 ], [ 23.809565, 51.128848 ], [ 23.809565, 51.1272769 ], [ 23.8091478, 51.125793 ], [ 23.8085915, 51.1244837 ], [ 23.807757, 51.1229997 ], [ 23.8070616, 51.122126699999988 ], [ 23.8056708, 51.1208173 ], [ 23.8048363, 51.1196824 ], [ 23.8040018, 51.1181109 ], [ 23.8037236, 51.1163648 ], [ 23.8038627, 51.1148806 ], [ 23.8038627, 51.1134836 ], [ 23.8035846, 51.1118247 ], [ 23.802611, 51.1106022 ], [ 23.8006639, 51.109729 ], [ 23.7989949, 51.1087685 ], [ 23.7980213, 51.1078953 ], [ 23.7981604, 51.1070221 ], [ 23.7989949, 51.1057122 ], [ 23.7998294, 51.1047516 ], [ 23.8005248, 51.1036163 ], [ 23.800942, 51.102219 ], [ 23.800942, 51.1011709 ], [ 23.8013593, 51.1000356 ], [ 23.8023328, 51.0994242 ], [ 23.8038627, 51.098725500000015 ], [ 23.8049754, 51.0984635 ], [ 23.8063662, 51.0979394 ], [ 23.8080352, 51.097066 ], [ 23.8085915, 51.0963672 ], [ 23.8091478, 51.0954064 ], [ 23.809426, 51.0940962 ], [ 23.809426, 51.093048 ], [ 23.809565, 51.0918251 ], [ 23.8102604, 51.0905148 ], [ 23.8109559, 51.0898159 ], [ 23.8123467, 51.088855 ], [ 23.8144329, 51.0883308 ], [ 23.8166582, 51.0879814 ], [ 23.819718, 51.0874572 ], [ 23.821526, 51.0870204 ], [ 23.8233341, 51.0862341 ], [ 23.825003, 51.0848363 ], [ 23.8261157, 51.0837879 ], [ 23.8279238, 51.0830016 ], [ 23.8302881, 51.0829142 ], [ 23.8329307, 51.0831763 ], [ 23.8350169, 51.0831763 ], [ 23.8382158, 51.0830016 ], [ 23.8408583, 51.0827395 ], [ 23.8433618, 51.0817784 ], [ 23.8453089, 51.0803804 ], [ 23.8460043, 51.078895 ], [ 23.8458652, 51.0775843 ], [ 23.8465606, 51.076361 ], [ 23.8471169, 51.0754871 ], [ 23.8475342, 51.0744385 ], [ 23.847256, 51.0729529 ], [ 23.8468388, 51.072079 ], [ 23.8461434, 51.0715547 ], [ 23.8448917, 51.07076820000001 ], [ 23.843779, 51.070156399999988 ], [ 23.8426664, 51.0691077 ], [ 23.8426664, 51.0680589 ], [ 23.8425273, 51.0666605 ], [ 23.8426664, 51.065349500000011 ], [ 23.8422491, 51.0640384 ], [ 23.8414146, 51.0630769 ], [ 23.8398847, 51.0622903 ], [ 23.838633, 51.062028 ], [ 23.8373813, 51.0612413 ], [ 23.8364077, 51.0603672 ], [ 23.8359905, 51.0594931 ], [ 23.8359905, 51.0583567 ], [ 23.8368249, 51.0577448 ], [ 23.8380767, 51.057307699999981 ], [ 23.8387721, 51.0573077 ], [ 23.8409974, 51.0570454 ], [ 23.8428054, 51.0563461 ], [ 23.8433618, 51.0552096 ], [ 23.8436399, 51.0538982 ], [ 23.8439181, 51.0531114 ], [ 23.8448917, 51.0523246 ], [ 23.8471169, 51.0518 ], [ 23.8486468, 51.0519749 ], [ 23.8508721, 51.0512754 ], [ 23.8533756, 51.0500514 ], [ 23.8550446, 51.0483027 ], [ 23.8551837, 51.0468163 ], [ 23.8546273, 51.0451549 ], [ 23.8537928, 51.044018199999989 ], [ 23.8525411, 51.0426191 ], [ 23.850594, 51.0421818 ], [ 23.8479514, 51.041832 ], [ 23.8447526, 51.0413073 ], [ 23.8435008, 51.0405203 ], [ 23.8428054, 51.0399956 ], [ 23.8430836, 51.0392085 ], [ 23.8441962, 51.0384215 ], [ 23.8451698, 51.0378967 ], [ 23.8460043, 51.0371096 ], [ 23.8465606, 51.0361476 ], [ 23.8464215, 51.0349232 ], [ 23.8457261, 51.03361120000001 ], [ 23.8448917, 51.0322993 ], [ 23.8440572, 51.0310747 ], [ 23.8430836, 51.0298502 ], [ 23.8426664, 51.0286256 ], [ 23.8433618, 51.0278383 ], [ 23.8450307, 51.0268761 ], [ 23.8469779, 51.02687610000001 ], [ 23.8485078, 51.0264387 ], [ 23.8504549, 51.0255639 ], [ 23.8517066, 51.0247766 ], [ 23.8529584, 51.0240768 ], [ 23.8537928, 51.0222396 ], [ 23.8537928, 51.0204024 ], [ 23.8529584, 51.0186526 ], [ 23.8518457, 51.016990199999981 ], [ 23.8515675, 51.0159403 ], [ 23.8517066, 51.0137528 ], [ 23.8536538, 51.0124403 ], [ 23.8558791, 51.0122653 ], [ 23.8583825, 51.0122653 ], [ 23.8593561, 51.0120903 ], [ 23.8606078, 51.0114778 ], [ 23.8607469, 51.0106027 ], [ 23.8604687, 51.0096401 ], [ 23.8601906, 51.0090276 ], [ 23.8601906, 51.0080649 ], [ 23.8603297, 51.0070148 ], [ 23.8603297, 51.005964599999984 ], [ 23.8599124, 51.0049144 ], [ 23.8579653, 51.0040392 ], [ 23.8562963, 51.0035141 ], [ 23.8535147, 51.003164 ], [ 23.850594, 51.0034266 ], [ 23.8479514, 51.0036016 ], [ 23.8458652, 51.0041268 ], [ 23.843779, 51.0044768 ], [ 23.8422491, 51.0045644 ], [ 23.8407192, 51.0043018 ], [ 23.8387721, 51.0037767 ], [ 23.8373813, 51.0030765 ], [ 23.8361295, 51.0022013 ], [ 23.8358514, 51.0008009 ], [ 23.8361295, 50.999488 ], [ 23.8359905, 50.998 ], [ 23.8359905, 50.996512 ], [ 23.8357123, 50.9949364 ], [ 23.8343215, 50.9937109 ], [ 23.8323743, 50.9930981 ], [ 23.8298709, 50.9923102 ], [ 23.8286192, 50.991785 ], [ 23.8275065, 50.9909095 ], [ 23.8275065, 50.989771499999989 ], [ 23.8279238, 50.988896 ], [ 23.8287582, 50.987757900000013 ], [ 23.8297318, 50.9855691 ], [ 23.8294536, 50.9844309 ], [ 23.8294536, 50.9832051 ], [ 23.8302881, 50.9827673 ], [ 23.8316789, 50.9823295 ], [ 23.8337652, 50.9822419 ], [ 23.8354341, 50.9827673 ], [ 23.8375204, 50.9834677 ], [ 23.8393284, 50.9839055 ], [ 23.8419709, 50.9842557 ], [ 23.8432227, 50.9842557 ], [ 23.845448, 50.983818 ], [ 23.8476733, 50.9832051 ], [ 23.8496204, 50.9821543 ], [ 23.8510112, 50.9815414 ], [ 23.8525411, 50.981629 ], [ 23.8546273, 50.9815414 ], [ 23.8564354, 50.9819792 ], [ 23.8579653, 50.9825046 ], [ 23.8597733, 50.983292599999984 ], [ 23.8610251, 50.9834677 ], [ 23.862694, 50.9837304 ], [ 23.8646412, 50.9835553 ], [ 23.8675619, 50.9829424 ], [ 23.8693699, 50.9820668 ], [ 23.8708998, 50.9809285 ], [ 23.8724297, 50.9804031 ], [ 23.8736814, 50.9804031 ], [ 23.8768803, 50.9803155 ], [ 23.8795229, 50.9804907 ], [ 23.8824436, 50.9800528 ], [ 23.884947, 50.9790021 ], [ 23.8875896, 50.977601 ], [ 23.8892585, 50.9762874 ], [ 23.8907884, 50.9747987 ], [ 23.8910666, 50.9737478 ], [ 23.8913447, 50.9725217 ], [ 23.8909275, 50.9711204 ], [ 23.8910666, 50.9696315 ], [ 23.8914838, 50.9684929 ], [ 23.8924574, 50.9667412 ], [ 23.8937613, 50.9657065 ], [ 23.8957084, 50.964305 ], [ 23.8961257, 50.9630787 ], [ 23.8972383, 50.9615019 ], [ 23.8991854, 50.9604507 ], [ 23.9023843, 50.9596623 ], [ 23.9037751, 50.9586111 ], [ 23.9055832, 50.9575598 ], [ 23.9061395, 50.9558953 ], [ 23.9062786, 50.9539678 ], [ 23.9060004, 50.9524784 ], [ 23.9055832, 50.9513393 ], [ 23.9057223, 50.9497622 ], [ 23.9058613, 50.948272599999989 ], [ 23.9068349, 50.9468706 ], [ 23.908782, 50.945994299999988 ], [ 23.9112855, 50.944942800000014 ], [ 23.9126763, 50.9441541 ], [ 23.9142062, 50.9427519 ], [ 23.9150407, 50.9413498 ], [ 23.915597, 50.9400352 ], [ 23.9161533, 50.9379318 ], [ 23.9157361, 50.9362665 ], [ 23.9153189, 50.9344259 ], [ 23.9151798, 50.933023499999983 ], [ 23.9149016, 50.9319716 ], [ 23.9151798, 50.9303938 ], [ 23.9157361, 50.9291666 ], [ 23.9171269, 50.9282023 ], [ 23.9183786, 50.9267121 ], [ 23.918935, 50.9254847 ], [ 23.9192131, 50.9241697 ], [ 23.9194913, 50.9231177 ], [ 23.9201867, 50.9222409 ], [ 23.9217166, 50.9213642 ], [ 23.9231074, 50.9208381 ], [ 23.9250545, 50.9203121 ], [ 23.9272798, 50.919786 ], [ 23.9288097, 50.9190846 ], [ 23.9307569, 50.9178571 ], [ 23.9315913, 50.9166295 ], [ 23.9320086, 50.9152265 ], [ 23.9331212, 50.9140866 ], [ 23.9352075, 50.9130343 ], [ 23.9368764, 50.9127713 ], [ 23.939519, 50.9122451 ], [ 23.941327, 50.911982 ], [ 23.9434132, 50.9115436 ], [ 23.946473, 50.9106666 ], [ 23.9480029, 50.9096143 ], [ 23.9495328, 50.9085619 ], [ 23.9509236, 50.9074218 ], [ 23.9520363, 50.906194 ], [ 23.954957, 50.9051415 ], [ 23.9550961, 50.9051415 ], [ 23.958434, 50.9050538 ], [ 23.9621892, 50.904703 ], [ 23.9649708, 50.9046153 ], [ 23.9701168, 50.9032997 ], [ 23.9724812, 50.9009315 ], [ 23.9744283, 50.8994403 ], [ 23.9754019, 50.8975105 ], [ 23.97721, 50.8957561 ], [ 23.9786008, 50.8944402 ], [ 23.9797134, 50.8920716 ], [ 23.9792962, 50.889966 ], [ 23.9792962, 50.8879481 ], [ 23.9799916, 50.886105599999986 ], [ 23.9822169, 50.8850526 ], [ 23.985833, 50.8841752 ], [ 23.987502, 50.883561 ], [ 23.98931, 50.8822448 ], [ 23.9901445, 50.8808408 ], [ 23.9908399, 50.8787347 ], [ 23.990979, 50.8772428 ], [ 23.992787, 50.8759265 ], [ 23.994456, 50.8753999 ], [ 23.9983503, 50.8752244 ], [ 24.0005756, 50.8752244 ], [ 24.0028009, 50.8749611 ], [ 24.0051653, 50.8739957 ], [ 24.0072515, 50.8730303 ], [ 24.0087814, 50.8722404 ], [ 24.0107285, 50.871099400000013 ], [ 24.0125366, 50.8705728 ], [ 24.01504, 50.8702217 ], [ 24.0180998, 50.8701339 ], [ 24.0219941, 50.8701339 ], [ 24.0250539, 50.8702217 ], [ 24.0260274, 50.8701339 ], [ 24.0285309, 50.8698706 ], [ 24.0303389, 50.8692562 ], [ 24.0320079, 50.8681151 ], [ 24.0332597, 50.866798499999987 ], [ 24.0345114, 50.8658329 ], [ 24.0367367, 50.8645162 ], [ 24.0396574, 50.8632872 ], [ 24.0431344, 50.8631117 ], [ 24.0463333, 50.8628483 ], [ 24.0488367, 50.8629361 ], [ 24.050923, 50.8624094 ], [ 24.052731, 50.8613559 ], [ 24.0537046, 50.8603903 ], [ 24.0542609, 50.8588978 ], [ 24.0541218, 50.8577565 ], [ 24.0532873, 50.8566152 ], [ 24.0525919, 50.855386 ], [ 24.0512011, 50.8544202 ], [ 24.0489758, 50.8531032 ], [ 24.0464724, 50.8524885 ], [ 24.0431344, 50.8514349 ], [ 24.0414654, 50.8508202 ], [ 24.0403528, 50.8498543 ], [ 24.0395183, 50.8484493 ], [ 24.0395183, 50.8467809 ], [ 24.0393792, 50.8452002 ], [ 24.038962, 50.843707199999983 ], [ 24.0374321, 50.8421264 ], [ 24.0370148, 50.8411604 ], [ 24.0361804, 50.8399308 ], [ 24.0347895, 50.8389647 ], [ 24.0331206, 50.8383498 ], [ 24.0320079, 50.8376472 ], [ 24.0310344, 50.8369445 ], [ 24.0293654, 50.8357148 ], [ 24.0278355, 50.8348365 ], [ 24.0264447, 50.8341338 ], [ 24.0240803, 50.8340459 ], [ 24.021855, 50.8344851 ], [ 24.0185171, 50.8347486 ], [ 24.016709, 50.8343973 ], [ 24.0153182, 50.8338702 ], [ 24.0133711, 50.8324648 ], [ 24.0119802, 50.8310593 ], [ 24.009894, 50.830532200000015 ], [ 24.0079469, 50.8299173 ], [ 24.0058607, 50.8293024 ], [ 24.0039135, 50.8284239 ], [ 24.0026618, 50.8272818 ], [ 24.0016882, 50.8264911 ], [ 24.0007147, 50.8255247 ], [ 23.9993239, 50.8242069 ], [ 23.9980721, 50.823328300000014 ], [ 23.9955687, 50.8228011 ], [ 23.992648, 50.8226254 ], [ 23.9907008, 50.823064699999989 ], [ 23.9877801, 50.823504 ], [ 23.9859721, 50.8237676 ], [ 23.9833295, 50.8237676 ], [ 23.9809651, 50.8231526 ], [ 23.9787398, 50.822274 ], [ 23.9756801, 50.8219225 ], [ 23.9724812, 50.8225376 ], [ 23.9692823, 50.8237676 ], [ 23.9671961, 50.8242069 ], [ 23.9646927, 50.8239433 ], [ 23.9623283, 50.8236797 ], [ 23.9603811, 50.8234162 ], [ 23.9577386, 50.8230647 ], [ 23.9550961, 50.823064699999989 ], [ 23.9527317, 50.8229769 ], [ 23.9507845, 50.8234162 ], [ 23.9489765, 50.8235919 ], [ 23.9463339, 50.823504 ], [ 23.9441086, 50.8227133 ], [ 23.941327, 50.8221861 ], [ 23.9381282, 50.8226254 ], [ 23.9347902, 50.8237676 ], [ 23.9318695, 50.824119 ], [ 23.9296442, 50.8238554 ], [ 23.9272798, 50.8228011 ], [ 23.925889, 50.8217468 ], [ 23.9229683, 50.8206046 ], [ 23.9201867, 50.821131799999989 ], [ 23.9181005, 50.8217468 ], [ 23.9154579, 50.8225376 ], [ 23.9135108, 50.8228011 ], [ 23.9119809, 50.8225376 ], [ 23.9105901, 50.8217468 ], [ 23.9091993, 50.8208682 ], [ 23.9076694, 50.8206046 ], [ 23.9057223, 50.8204288 ], [ 23.903636, 50.820341 ], [ 23.9008544, 50.8200774 ], [ 23.8990464, 50.8195502 ], [ 23.8976556, 50.818671500000015 ], [ 23.896682, 50.817441300000013 ], [ 23.8962647, 50.8161233 ], [ 23.8957084, 50.814893 ], [ 23.8955693, 50.8133112 ], [ 23.8957084, 50.8118173 ], [ 23.8951521, 50.8105869 ], [ 23.893205, 50.8099717 ], [ 23.8908406, 50.809796 ], [ 23.888198, 50.8091808 ], [ 23.8862509, 50.8080382 ], [ 23.8852773, 50.8068078 ], [ 23.8848601, 50.8054015 ], [ 23.8848601, 50.8037315 ], [ 23.8856946, 50.8020615 ], [ 23.8870854, 50.8003913 ], [ 23.888198, 50.7986333 ], [ 23.8886153, 50.7972267 ], [ 23.8879199, 50.7953806 ], [ 23.8870854, 50.793974 ], [ 23.8859727, 50.7930069 ], [ 23.8854164, 50.7919519 ], [ 23.8854164, 50.7907211 ], [ 23.8858337, 50.7894022 ], [ 23.8866681, 50.7884351 ], [ 23.88639, 50.787292 ], [ 23.8854164, 50.7865007 ], [ 23.8836084, 50.786061 ], [ 23.8813831, 50.7858852 ], [ 23.8780451, 50.7850059 ], [ 23.8763761, 50.783774799999989 ], [ 23.8758198, 50.7817523 ], [ 23.8751244, 50.7805211 ], [ 23.8737336, 50.77929 ], [ 23.8733164, 50.7779708 ], [ 23.8730382, 50.7766516 ], [ 23.8741508, 50.775332399999982 ], [ 23.8759589, 50.774277 ], [ 23.8776279, 50.7733975 ], [ 23.8792968, 50.7726938 ], [ 23.8798532, 50.7716384 ], [ 23.8801313, 50.7698792 ], [ 23.8802704, 50.7685598 ], [ 23.8819394, 50.7671523 ], [ 23.8852773, 50.7662727 ], [ 23.8888934, 50.7662727 ], [ 23.8920923, 50.7660088 ], [ 23.8939004, 50.7648652 ], [ 23.895013, 50.7635456 ], [ 23.8955693, 50.7616982 ], [ 23.8957084, 50.7605545 ], [ 23.8959866, 50.7590589 ], [ 23.896682, 50.758267 ], [ 23.8982119, 50.7575632 ], [ 23.9000199, 50.7571232 ], [ 23.9016889, 50.7558915 ], [ 23.9022452, 50.7541317 ], [ 23.9026625, 50.7528998 ], [ 23.903636, 50.7514919 ], [ 23.9048878, 50.750348 ], [ 23.906974, 50.749644 ], [ 23.908782, 50.749732 ], [ 23.9107292, 50.749996 ], [ 23.91212, 50.750876 ], [ 23.9126763, 50.7524599 ], [ 23.9130936, 50.7543957 ], [ 23.9136499, 50.7558035 ], [ 23.9146235, 50.756243399999988 ], [ 23.915597, 50.7565953 ], [ 23.9181005, 50.7564194 ], [ 23.9203258, 50.7560674 ], [ 23.9208821, 50.7552755 ], [ 23.9215775, 50.7534278 ], [ 23.9221338, 50.7521079 ], [ 23.9231074, 50.751052 ], [ 23.9244982, 50.750788 ], [ 23.9260281, 50.750524 ], [ 23.9268626, 50.750876 ], [ 23.9278362, 50.7513159 ], [ 23.9283925, 50.7521079 ], [ 23.9290879, 50.7526358 ], [ 23.9296442, 50.7534278 ], [ 23.9303396, 50.7536917 ], [ 23.9315913, 50.7539557 ], [ 23.9331212, 50.7534278 ], [ 23.9347902, 50.7526358 ], [ 23.9356247, 50.7514039 ], [ 23.936181, 50.749644 ], [ 23.9368764, 50.747708 ], [ 23.9370155, 50.7463 ], [ 23.9365983, 50.7452439 ], [ 23.9357638, 50.7440118 ], [ 23.9352075, 50.7434837 ], [ 23.9345121, 50.7424276 ], [ 23.9340948, 50.7412834 ], [ 23.9340948, 50.7404033 ], [ 23.9349293, 50.7397872 ], [ 23.9363201, 50.7393471 ], [ 23.9375718, 50.7384669 ], [ 23.9379891, 50.7372346 ], [ 23.9379891, 50.7358263 ], [ 23.9374328, 50.734858 ], [ 23.9368764, 50.7342418 ], [ 23.936181, 50.7335376 ], [ 23.9359029, 50.7325693 ], [ 23.9356247, 50.7315129 ], [ 23.9365983, 50.7304565 ], [ 23.93785, 50.7297522 ], [ 23.9384063, 50.7294001 ], [ 23.9402144, 50.7289599 ], [ 23.9423006, 50.7281676 ], [ 23.9432742, 50.7273752 ], [ 23.9435523, 50.7262307 ], [ 23.9432742, 50.7244698 ], [ 23.9425788, 50.7234132 ], [ 23.9420224, 50.7220045 ], [ 23.9427178, 50.7205076 ], [ 23.9435523, 50.7196271 ], [ 23.9450822, 50.7184823 ], [ 23.9468903, 50.717954 ], [ 23.9486983, 50.717954 ], [ 23.9503673, 50.7176898 ], [ 23.951619, 50.7168092 ], [ 23.9523144, 50.7157525 ], [ 23.9537052, 50.7146958 ], [ 23.9555133, 50.7144316 ], [ 23.9578777, 50.714343499999984 ], [ 23.960103, 50.714343499999984 ], [ 23.961911, 50.7146958 ], [ 23.9630237, 50.715048 ], [ 23.9649708, 50.715312200000014 ], [ 23.9666398, 50.7151361 ], [ 23.9681697, 50.7143435 ], [ 23.9695605, 50.7133748 ], [ 23.970395, 50.7126702 ], [ 23.9724812, 50.7122299 ], [ 23.9742893, 50.712318 ], [ 23.9765146, 50.7127583 ], [ 23.9784617, 50.7135509 ], [ 23.9799916, 50.7144316 ], [ 23.9817996, 50.7146958 ], [ 23.9837468, 50.7142554 ], [ 23.9851376, 50.713639 ], [ 23.9863893, 50.7128464 ], [ 23.9869456, 50.7121418 ], [ 23.9886146, 50.7111731 ], [ 23.9904227, 50.711085 ], [ 23.9922307, 50.7106446 ], [ 23.9933434, 50.7099401 ], [ 23.9948733, 50.708619 ], [ 23.9958468, 50.7065051 ], [ 23.9948733, 50.7050958 ], [ 23.9943169, 50.7038627 ], [ 23.9947342, 50.7025414 ], [ 23.9952905, 50.7016605 ], [ 23.9952905, 50.7006034 ], [ 23.994456, 50.6993702 ], [ 23.992648, 50.6984892 ], [ 23.9908399, 50.6979607 ], [ 23.9888928, 50.6972559 ], [ 23.9880583, 50.696374899999988 ], [ 23.987641, 50.6947891 ], [ 23.987641, 50.6935557 ], [ 23.9868066, 50.692146 ], [ 23.9855548, 50.6912649 ], [ 23.9836077, 50.690472 ], [ 23.9816606, 50.6902958 ], [ 23.9794353, 50.6898552 ], [ 23.9776272, 50.688886 ], [ 23.9762364, 50.6867712 ], [ 23.9763755, 50.6850089 ], [ 23.9766536, 50.6826296 ], [ 23.9754019, 50.6808671 ], [ 23.9731766, 50.6789282 ], [ 23.9724812, 50.6771656 ], [ 23.9735938, 50.675138499999989 ], [ 23.9756801, 50.673816400000014 ], [ 23.9792962, 50.6725824 ], [ 23.9809651, 50.6711721 ], [ 23.9827732, 50.6694973 ], [ 23.9843031, 50.6687921 ], [ 23.9863893, 50.6682632 ], [ 23.9884755, 50.6685276 ], [ 23.9897273, 50.669321 ], [ 23.9913962, 50.6701143 ], [ 23.9930652, 50.6709958 ], [ 23.9955687, 50.6713484 ], [ 23.9983503, 50.6707314 ], [ 23.9990457, 50.6698499 ], [ 24.0005756, 50.6683513 ], [ 24.0019664, 50.6677343 ], [ 24.0040526, 50.6676461 ], [ 24.0051653, 50.6679987 ], [ 24.0068342, 50.6687921 ], [ 24.0089205, 50.6686158 ], [ 24.0111458, 50.6674698 ], [ 24.0123975, 50.6665883 ], [ 24.0130929, 50.6653541 ], [ 24.0130929, 50.6639436 ], [ 24.0128147, 50.662356699999989 ], [ 24.0117021, 50.6615632 ], [ 24.0091986, 50.6609461 ], [ 24.0083641, 50.6598881 ], [ 24.0083641, 50.658477399999988 ], [ 24.0090595, 50.6571549 ], [ 24.0103113, 50.6560086 ], [ 24.0126756, 50.6549505 ], [ 24.0143446, 50.653627900000011 ], [ 24.0149009, 50.6520406 ], [ 24.0142055, 50.6504533 ], [ 24.013232, 50.6495715 ], [ 24.0117021, 50.648425 ], [ 24.011563, 50.6471904 ], [ 24.0117021, 50.6456911 ], [ 24.0123975, 50.644721 ], [ 24.0136492, 50.6436626 ], [ 24.0158745, 50.6426925 ], [ 24.0180998, 50.6423397 ], [ 24.0210205, 50.6417223 ], [ 24.0222722, 50.640752 ], [ 24.0229676, 50.6397818 ], [ 24.024080299999987, 50.6385469 ], [ 24.0260274, 50.6376649 ], [ 24.0296435, 50.637312 ], [ 24.0324252, 50.637753099999983 ], [ 24.0347895, 50.6384587 ], [ 24.0367367, 50.639252599999985 ], [ 24.0384057, 50.6401346 ], [ 24.0400746, 50.640311 ], [ 24.0422999, 50.640311 ], [ 24.0443861, 50.6410167 ], [ 24.0449425, 50.6418987 ], [ 24.0449425, 50.6433099 ], [ 24.0446643, 50.6446328 ], [ 24.0450815, 50.6456911 ], [ 24.0461942, 50.6466612 ], [ 24.0471678, 50.6467494 ], [ 24.0495321, 50.6462203 ], [ 24.0512011, 50.6453384 ], [ 24.0521747, 50.6449856 ], [ 24.0538437, 50.6449856 ], [ 24.0556517, 50.6450738 ], [ 24.0566253, 50.6454266 ], [ 24.0581552, 50.6459557 ], [ 24.0605196, 50.6467494 ], [ 24.0627449, 50.6467494 ], [ 24.0651092, 50.64622030000001 ], [ 24.0667782, 50.6453384 ], [ 24.0683081, 50.6440154 ], [ 24.0694207, 50.6430453 ], [ 24.0705334, 50.642692499999988 ], [ 24.0730369, 50.6424279 ], [ 24.0758185, 50.6425161 ], [ 24.0776265, 50.6427807 ], [ 24.0804082, 50.643221699999984 ], [ 24.0824944, 50.6429571 ], [ 24.0758195, 50.6376453 ], [ 24.0703878, 50.6321332 ], [ 24.064232, 50.6268502 ], [ 24.0569899, 50.6199584 ], [ 24.0468508, 50.6112274 ], [ 24.0410571, 50.6011157 ], [ 24.0352634, 50.5882432 ], [ 24.0327286, 50.5785865 ], [ 24.0312802, 50.5677778 ], [ 24.0320044, 50.5578868 ], [ 24.0330907, 50.5507549 ], [ 24.0330907, 50.546153 ], [ 24.0320044, 50.5436218 ], [ 24.0244002, 50.5376384 ], [ 24.0182443, 50.5346464 ], [ 24.0026737, 50.5309637 ], [ 23.9794988, 50.5270505 ], [ 23.9519786, 50.5245183 ], [ 23.9342354, 50.5224464 ], [ 23.9121468, 50.5199139 ], [ 23.895852, 50.5166905 ], [ 23.8773845, 50.512315599999987 ], [ 23.8629002, 50.505176800000015 ], [ 23.8542096, 50.5005705 ], [ 23.845519, 50.4952727 ], [ 23.8390011, 50.4899743 ], [ 23.8368284, 50.4832929 ], [ 23.8342937, 50.4731537 ], [ 23.832121, 50.4623209 ], [ 23.8274136, 50.454943899999989 ], [ 23.8140156, 50.4464128 ], [ 23.8002555, 50.4371883 ], [ 23.7930134, 50.4318834 ], [ 23.7694764, 50.4304995 ], [ 23.7426804, 50.4298074 ], [ 23.7307309, 50.4288848 ], [ 23.720954, 50.4307301 ], [ 23.7111771, 50.4339593 ], [ 23.7006759, 50.439264 ], [ 23.6919853, 50.4404171 ], [ 23.6771389, 50.4397253 ], [ 23.670621, 50.4413396 ], [ 23.6622925, 50.4436457 ], [ 23.6488945, 50.4457211 ], [ 23.6325997, 50.4445681 ], [ 23.6163048, 50.4415702 ], [ 23.603269, 50.4369577 ], [ 23.596751, 50.4330367 ], [ 23.596751, 50.4277314 ], [ 23.6021826, 50.425193799999981 ], [ 23.6184775, 50.4221947 ], [ 23.6242712, 50.4185032 ], [ 23.6239091, 50.4136577 ], [ 23.6213744, 50.409965600000014 ], [ 23.6123217, 50.4060424 ], [ 23.596751, 50.4028113 ], [ 23.5753867, 50.4009648 ], [ 23.5616266, 50.400734 ], [ 23.5415296, 50.3993491 ], [ 23.522519, 50.3962329 ], [ 23.5067673, 50.3934628 ], [ 23.4975335, 50.3913852 ], [ 23.482325, 50.3837662 ], [ 23.4730913, 50.3834199 ], [ 23.4535375, 50.384805199999988 ], [ 23.4361563, 50.3837662 ], [ 23.4242067, 50.3827272 ], [ 23.4089982, 50.3837662 ], [ 23.3894444, 50.3841126 ], [ 23.364459, 50.3854979 ], [ 23.3503368, 50.3889611 ], [ 23.3296966, 50.3917314 ], [ 23.3090565, 50.3941554 ], [ 23.28733, 50.3945016 ], [ 23.2753805, 50.3945016 ], [ 23.260172, 50.3979642 ], [ 23.2444203, 50.403157500000013 ], [ 23.2243233, 50.4076579 ], [ 23.2134601, 50.4093887 ], [ 23.2020537, 50.4093887 ], [ 23.189561, 50.4048884 ], [ 23.1765251, 50.400734 ], [ 23.1624029, 50.3983104 ], [ 23.1461081, 50.3976179 ], [ 23.1314427, 50.4000415 ], [ 23.1140615, 50.4024651 ], [ 23.0972235, 50.4010802 ], [ 23.0803855, 50.393809099999984 ], [ 23.0505116, 50.3841126 ], [ 23.0353031, 50.3792636 ], [ 23.0260694, 50.3754533 ], [ 23.0173788, 50.3706034 ], [ 23.011404, 50.3626346 ], [ 23.0097745, 50.3532783 ], [ 23.0076019, 50.3432268 ], [ 23.0048861, 50.3328265 ], [ 22.997825, 50.3217304 ], [ 22.9902207, 50.3144471 ], [ 22.9771848, 50.3075096 ], [ 22.9652353, 50.3023058 ], [ 22.9527426, 50.2977954 ], [ 22.9331888, 50.2960606 ], [ 22.913635, 50.2946726 ], [ 22.8978833, 50.2943256 ], [ 22.8772431, 50.294325600000015 ], [ 22.8587756, 50.2932846 ], [ 22.8451966, 50.2929376 ], [ 22.8294449, 50.2946726 ], [ 22.8164091, 50.2988363 ], [ 22.8055458, 50.3054282 ], [ 22.7957689, 50.310284700000011 ], [ 22.789251, 50.3130597 ], [ 22.7783877, 50.3141002 ], [ 22.7696972, 50.3106316 ], [ 22.7582908, 50.306122 ], [ 22.7485139, 50.3023058 ], [ 22.738737, 50.2984894 ], [ 22.7284169, 50.2971015 ], [ 22.721899, 50.3002242 ], [ 22.7132084, 50.3029997 ], [ 22.7072336, 50.304734299999986 ], [ 22.6941977, 50.3050813 ], [ 22.6762734, 50.306122 ], [ 22.6610649, 50.3075096 ], [ 22.6453132, 50.3092441 ], [ 22.6241299, 50.3116722 ], [ 22.6116372, 50.3154876 ], [ 22.5937128, 50.3199964 ], [ 22.5969718, 50.3238111 ], [ 22.6029466, 50.3262385 ], [ 22.6105509, 50.3300527 ], [ 22.6225004, 50.3317864 ], [ 22.6355363, 50.3310929 ], [ 22.6496585, 50.3290125 ], [ 22.6594354, 50.3290125 ], [ 22.6713849, 50.3310929 ], [ 22.6838777, 50.3352535 ], [ 22.6871366, 50.3408003 ], [ 22.6773597, 50.3470397 ], [ 22.6708418, 50.3487727 ], [ 22.6594354, 50.3501591 ], [ 22.6458563, 50.3508523 ], [ 22.6317342, 50.3515454 ], [ 22.6208709, 50.3532783 ], [ 22.6089214, 50.3536248 ], [ 22.5953423, 50.3498125 ], [ 22.5850223, 50.3463465 ], [ 22.5752454, 50.3414936 ], [ 22.5681843, 50.340107 ], [ 22.5567779, 50.3397603 ], [ 22.5426557, 50.340107 ], [ 22.5334219, 50.3397603 ], [ 22.5171271, 50.3310929 ], [ 22.4997459, 50.3241579 ], [ 22.4829079, 50.3189559 ], [ 22.4649836, 50.3102847 ], [ 22.4497751, 50.3050813 ], [ 22.4372823, 50.3033466 ], [ 22.4220738, 50.3040405 ], [ 22.4095811, 50.308550299999986 ], [ 22.3970884, 50.3151408 ], [ 22.3900273, 50.3217304 ], [ 22.3791641, 50.3279723 ], [ 22.3710166, 50.338027 ], [ 22.3650419, 50.3421869 ], [ 22.355265, 50.3435735 ], [ 22.3482039, 50.3470397 ], [ 22.3427722, 50.3511988 ], [ 22.335168, 50.354318 ], [ 22.3291932, 50.3553576 ], [ 22.3156142, 50.357436899999989 ], [ 22.3112689, 50.358476499999988 ], [ 22.3069236, 50.3609021 ], [ 22.3069236, 50.3654065 ], [ 22.3063804, 50.3712963 ], [ 22.3009488, 50.3754533 ], [ 22.2955172, 50.3809954 ], [ 22.2895424, 50.3875758 ], [ 22.2819382, 50.3906926 ], [ 22.2727044, 50.3917314 ], [ 22.2661865, 50.3948479 ], [ 22.2569527, 50.400734 ], [ 22.2536938, 50.4062732 ], [ 22.2547801, 50.412504 ], [ 22.2536938, 50.418041799999983 ], [ 22.2482622, 50.4273853 ], [ 22.2629275, 50.4356892 ], [ 22.284654, 50.4453752 ], [ 22.3172437, 50.4550592 ], [ 22.3395133, 50.4647412 ], [ 22.3465744, 50.4720014 ], [ 22.3536355, 50.488592 ], [ 22.3585239, 50.506904 ], [ 22.3623261, 50.5145031 ], [ 22.3634124, 50.525899499999987 ], [ 22.3683008, 50.5328051 ], [ 22.3791641, 50.5314241 ], [ 22.3911136, 50.525899499999987 ], [ 22.4030632, 50.5172662 ], [ 22.4144696, 50.5041404 ], [ 22.4242465, 50.4934298 ], [ 22.4329371, 50.4847905 ], [ 22.4405413, 50.479606200000013 ], [ 22.4590088, 50.488592 ], [ 22.4736742, 50.5017221 ], [ 22.4877964, 50.5148485 ], [ 22.4943143, 50.5224464 ], [ 22.4997459, 50.5362575 ], [ 22.5008322, 50.5476487 ], [ 22.4981164, 50.5562765 ], [ 22.493228, 50.5631776 ], [ 22.4872532, 50.5724925 ], [ 22.4845374, 50.5783565 ], [ 22.4807353, 50.5824954 ], [ 22.4709584, 50.5873236 ], [ 22.4546635, 50.5883581 ], [ 22.4443434, 50.5873236 ], [ 22.4334802, 50.5852544 ], [ 22.4209875, 50.5821505 ], [ 22.4084948, 50.5769768 ], [ 22.399261, 50.5728375 ], [ 22.3873115, 50.5666278 ], [ 22.3737325, 50.5597272 ], [ 22.3634124, 50.5686978 ], [ 22.3536355, 50.5800811 ], [ 22.3400564, 50.5911168 ], [ 22.32865, 50.6000814 ], [ 22.3134415, 50.6066314 ], [ 22.3090962, 50.6142145 ], [ 22.3080099, 50.6193841 ], [ 22.2960604, 50.6190394 ], [ 22.2868266, 50.6221409 ], [ 22.281395, 50.6273096 ], [ 22.2759634, 50.631788699999987 ], [ 22.2689023, 50.6328223 ], [ 22.2651002, 50.6366119 ], [ 22.2591254, 50.641434499999981 ], [ 22.2520643, 50.6435012 ], [ 22.2466327, 50.6441901 ], [ 22.2406579, 50.6476344 ], [ 22.2363126, 50.6517671 ], [ 22.230881, 50.655555199999988 ], [ 22.2287083, 50.6617531 ], [ 22.2259925, 50.6665732 ], [ 22.2211041, 50.6672617 ], [ 22.2151293, 50.6665732 ], [ 22.2080682, 50.6631303 ], [ 22.2026366, 50.6603759 ], [ 22.1955755, 50.661064499999988 ], [ 22.1836259, 50.6662289 ], [ 22.1798238, 50.6669175 ], [ 22.1526657, 50.7209369 ], [ 22.1298529, 50.7202491 ], [ 22.1217055, 50.7202491 ], [ 22.1141013, 50.7212807 ], [ 22.0923748, 50.7250632 ], [ 22.0706483, 50.7226562 ], [ 22.0483787, 50.7226562 ], [ 22.0239365, 50.7247193 ], [ 22.0179617, 50.7250632 ], [ 21.9946057, 50.725407 ], [ 21.9734224, 50.7267824 ], [ 21.9462644, 50.7285015 ], [ 21.9332285, 50.7295329 ], [ 21.9229084, 50.7336585 ], [ 21.91802, 50.7398461 ], [ 21.9185631, 50.7484387 ], [ 21.9239948, 50.7580606 ], [ 21.9294264, 50.769054599999983 ], [ 21.934858, 50.7803894 ], [ 21.9359443, 50.7906914 ], [ 21.9055273, 50.8075131 ], [ 21.8990093, 50.8078564 ], [ 21.8653333, 50.8037373 ], [ 21.8512111, 50.8040806 ], [ 21.8387184, 50.8061401 ], [ 21.8360026, 50.810259 ], [ 21.8224236, 50.8215838 ], [ 21.8099308, 50.8322198 ], [ 21.7996108, 50.8425104 ], [ 21.7958086, 50.8387374 ], [ 21.7952655, 50.8325628 ], [ 21.7963518, 50.8253581 ], [ 21.7925497, 50.8202112 ], [ 21.7860317, 50.8181523 ], [ 21.7806001, 50.8171228 ], [ 21.7751685, 50.8143774 ], [ 21.7697369, 50.8088861 ], [ 21.7653916, 50.8057969 ], [ 21.7664779, 50.8009911 ], [ 21.7724527, 50.799618 ], [ 21.7795138, 50.7985881 ], [ 21.7822296, 50.7924082 ], [ 21.7849454, 50.7869143 ], [ 21.7833159, 50.7831368 ], [ 21.776798, 50.7790156 ], [ 21.7697369, 50.775581 ], [ 21.7621326, 50.7693981 ], [ 21.75996, 50.762870799999988 ], [ 21.7556147, 50.7580606 ], [ 21.7463809, 50.7542808 ], [ 21.739863, 50.752219 ], [ 21.7311724, 50.7494698 ], [ 21.7203092, 50.7505007 ], [ 21.7143344, 50.75187529999998 ], [ 21.7051007, 50.7498134 ], [ 21.6947806, 50.7450019 ], [ 21.6833742, 50.7419085 ], [ 21.6719678, 50.7384712 ], [ 21.6654499, 50.7295329 ], [ 21.6594751, 50.7243755 ], [ 21.6562161, 50.7185297 ], [ 21.655673, 50.713371 ], [ 21.6583888, 50.705116 ], [ 21.6562161, 50.6978916 ], [ 21.6475256, 50.6927307 ], [ 21.6344897, 50.6879133 ], [ 21.621997, 50.6841278 ], [ 21.6078748, 50.6765561 ], [ 21.6040726, 50.668294499999988 ], [ 21.5975547, 50.6593429 ], [ 21.5970115, 50.6531446 ], [ 21.5980979, 50.6472899 ], [ 21.5975547, 50.6386788 ], [ 21.5953821, 50.6328223 ], [ 21.588321, 50.6279988 ], [ 21.5758282, 50.6214517 ], [ 21.5633355, 50.6197287 ], [ 21.5535586, 50.6169717 ], [ 21.5432386, 50.6111125 ], [ 21.5356343, 50.6045631 ], [ 21.52803, 50.5997367 ], [ 21.5171668, 50.5952545 ], [ 21.5084762, 50.5876684 ], [ 21.5019583, 50.5828403 ], [ 21.4905519, 50.5797362 ], [ 21.4748002, 50.5793913 ], [ 21.4617643, 50.5769768 ], [ 21.4454695, 50.5769768 ], [ 21.4313473, 50.575942 ], [ 21.4172251, 50.5738723 ], [ 21.4112503, 50.5700777 ], [ 21.4041892, 50.5652477 ], [ 21.3944123, 50.5611074 ], [ 21.3862649, 50.5552412 ], [ 21.3792038, 50.5486841 ], [ 21.36997, 50.5445423 ], [ 21.3634521, 50.5404001 ], [ 21.3580205, 50.534531300000012 ], [ 21.356391, 50.530043 ], [ 21.3493299, 50.5272807 ], [ 21.336294, 50.5272807 ], [ 21.3216287, 50.5269354 ], [ 21.3145676, 50.5252089 ], [ 21.3080496, 50.5224464 ], [ 21.2988159, 50.5217557 ], [ 21.2906685, 50.5214104 ], [ 21.2841505, 50.517266199999987 ], [ 21.2787189, 50.5138124 ], [ 21.2732873, 50.513467 ], [ 21.2683989, 50.5155393 ], [ 21.2602514, 50.5155393 ], [ 21.2483019, 50.5138124 ], [ 21.238525, 50.5107037 ], [ 21.2336365, 50.5062131 ], [ 21.2303776, 50.5020676 ], [ 21.2260323, 50.4996492 ], [ 21.2189712, 50.4993037 ], [ 21.2097374, 50.4996492 ], [ 21.2010468, 50.4979216 ], [ 21.1918131, 50.4996492 ], [ 21.1858383, 50.4989582 ], [ 21.1793204, 50.4961941 ], [ 21.1771477, 50.4937754 ], [ 21.1798635, 50.4892831 ], [ 21.1760614, 50.4847905 ], [ 21.1744319, 50.4809887 ], [ 21.1760614, 50.4764953 ], [ 21.1776909, 50.4723471 ], [ 21.1744319, 50.4664699 ], [ 21.1690003, 50.4633582 ], [ 21.1641119, 50.460592 ], [ 21.1619392, 50.4574799 ], [ 21.1559644, 50.4540217 ], [ 21.1494465, 50.4540217 ], [ 21.1407559, 50.4543675 ], [ 21.1358675, 50.4522925 ], [ 21.1336948, 50.4502174 ], [ 21.1315222, 50.4467587 ], [ 21.1315222, 50.4432998 ], [ 21.1320653, 50.439494599999989 ], [ 21.1288064, 50.4360352 ], [ 21.1233747, 50.4343053 ], [ 21.1190294, 50.4301535 ], [ 21.1157705, 50.4273853 ], [ 21.1103389, 50.4253091 ], [ 21.1037919, 50.423191 ], [ 21.1005993, 50.4204788 ], [ 21.0995351, 50.4167493 ], [ 21.1000672, 50.4136977 ], [ 21.1005993, 50.4106459 ], [ 21.0979388, 50.407933 ], [ 21.0910214, 50.4058983 ], [ 21.0846361, 50.4092895 ], [ 21.0830398, 50.4140368 ], [ 21.0825077, 50.4194617 ], [ 21.078783, 50.4225129 ], [ 21.0729298, 50.424547 ], [ 21.0681409, 50.4275979 ], [ 21.0644162, 50.430987599999987 ], [ 21.0580309, 50.4303097 ], [ 21.053242, 50.4296317 ], [ 21.0457925, 50.4299707 ], [ 21.0410035, 50.4296317 ], [ 21.0367467, 50.4272589 ], [ 21.0351504, 50.42353 ], [ 21.0346183, 50.4204788 ], [ 21.0319578, 50.4177665 ], [ 21.0266367, 50.415054 ], [ 21.0191873, 50.4153931 ], [ 21.0133341, 50.4164103 ], [ 21.0085452, 50.4167493 ], [ 21.0037562, 50.4153931 ], [ 21.0016278, 50.412680499999986 ], [ 21.0016278, 50.4072548 ], [ 20.9984352, 50.4038634 ], [ 20.9888573, 50.4031851 ], [ 20.9819399, 50.4038634 ], [ 20.9744905, 50.4058983 ], [ 20.9659768, 50.4065766 ], [ 20.9606557, 50.4065766 ], [ 20.9558668, 50.4045417 ], [ 20.9516099, 50.4031851 ], [ 20.946821, 50.4031851 ], [ 20.9415, 50.4045417 ], [ 20.9351147, 50.4069157 ], [ 20.9303258, 50.4058983 ], [ 20.9271331, 50.4021677 ], [ 20.9255368, 50.3980976 ], [ 20.9260689, 50.3947055 ], [ 20.9234084, 50.3906348 ], [ 20.9180873, 50.3896171 ], [ 20.9101058, 50.3902956 ], [ 20.9037205, 50.3916525 ], [ 20.8983995, 50.3892778 ], [ 20.8930784, 50.3913133 ], [ 20.8898858, 50.3933487 ], [ 20.885629, 50.3926702 ], [ 20.88084, 50.390974 ], [ 20.8776474, 50.386903 ], [ 20.8744548, 50.3835102 ], [ 20.8675374, 50.3824923 ], [ 20.86062, 50.382153 ], [ 20.8558311, 50.3804564 ], [ 20.8521064, 50.3777418 ], [ 20.8515743, 50.3743483 ], [ 20.8499779, 50.3719727 ], [ 20.8457211, 50.3702758 ], [ 20.8419964, 50.369597 ], [ 20.8361432, 50.3709546 ], [ 20.8329506, 50.375027 ], [ 20.8292259, 50.3784205 ], [ 20.8265653, 50.3824923 ], [ 20.8281616, 50.3862244 ], [ 20.8302901, 50.3906348 ], [ 20.8281616, 50.3936879 ], [ 20.8233727, 50.3940271 ], [ 20.8175195, 50.3926702 ], [ 20.8132627, 50.3896171 ], [ 20.8090059, 50.3875815 ], [ 20.8052811, 50.385545900000011 ], [ 20.8026206, 50.382153 ], [ 20.8026206, 50.3801171 ], [ 20.8026206, 50.3774025 ], [ 20.7983638, 50.3746877 ], [ 20.7930427, 50.3746877 ], [ 20.7861254, 50.3753664 ], [ 20.7808043, 50.3743483 ], [ 20.7749512, 50.3736696 ], [ 20.7701622, 50.3729909 ], [ 20.7659054, 50.3746877 ], [ 20.7616486, 50.3774025 ], [ 20.7552633, 50.3777418 ], [ 20.748878, 50.3763844 ], [ 20.7424928, 50.3733302 ], [ 20.7382359, 50.3709546 ], [ 20.7318507, 50.3702758 ], [ 20.7254654, 50.369597 ], [ 20.7215633, 50.3685789 ], [ 20.7187254, 50.3651847 ], [ 20.716597, 50.3624692 ], [ 20.7134044, 50.3597536 ], [ 20.7087928, 50.3595273 ], [ 20.7041812, 50.3613377 ], [ 20.7016981, 50.3647321 ], [ 20.7016981, 50.3690314 ], [ 20.7034718, 50.3719727 ], [ 20.7038265, 50.3767238 ], [ 20.7006339, 50.3801171 ], [ 20.6970865, 50.3803433 ], [ 20.691056, 50.3796647 ], [ 20.6875086, 50.379890899999985 ], [ 20.682897, 50.3805695 ], [ 20.6768665, 50.380343300000014 ], [ 20.6715455, 50.3787598 ], [ 20.6683529, 50.3767238 ], [ 20.665515, 50.374009 ], [ 20.6651602, 50.3717465 ], [ 20.665515, 50.3688051 ], [ 20.6644507, 50.3660898 ], [ 20.6609034, 50.3640533 ], [ 20.6570013, 50.3613377 ], [ 20.6541634, 50.358622 ], [ 20.652035, 50.3552272 ], [ 20.6484876, 50.3518321 ], [ 20.6474234, 50.3495686 ], [ 20.6477781, 50.345267600000014 ], [ 20.6467139, 50.3418718 ], [ 20.6435213, 50.338928599999988 ], [ 20.638555, 50.3371173 ], [ 20.6350076, 50.3357587 ], [ 20.6307508, 50.3341737 ], [ 20.6286224, 50.331456499999987 ], [ 20.6286224, 50.329192 ], [ 20.6296866, 50.3264744 ], [ 20.6311055, 50.3237568 ], [ 20.6296866, 50.3203594 ], [ 20.6254297, 50.3174149 ], [ 20.6243655, 50.314923199999988 ], [ 20.6225918, 50.3119783 ], [ 20.6222371, 50.308353499999988 ], [ 20.618335, 50.3056348 ], [ 20.6151424, 50.3038222 ], [ 20.6140782, 50.3011032 ], [ 20.613014, 50.296797899999987 ], [ 20.6123045, 50.293172 ], [ 20.6105308, 50.2897724 ], [ 20.6084024, 50.287506 ], [ 20.604855, 50.2852394 ], [ 20.5998887, 50.2838794 ], [ 20.5935034, 50.2829727 ], [ 20.5885371, 50.282066 ], [ 20.5839256, 50.2802525 ], [ 20.5810877, 50.2777589 ], [ 20.5803782, 50.2748117 ], [ 20.5810877, 50.2716376 ], [ 20.5810877, 50.2691435 ], [ 20.5786045, 50.2673295 ], [ 20.5736382, 50.2657422 ], [ 20.5700908, 50.2632478 ], [ 20.5679624, 50.2609801 ], [ 20.5683172, 50.2587122 ], [ 20.5697361, 50.2550834 ], [ 20.5711551, 50.2516812 ], [ 20.5704456, 50.24941290000001 ], [ 20.5679624, 50.2469176 ], [ 20.5626414, 50.2444223 ], [ 20.5573203, 50.2430611 ], [ 20.5509351, 50.2441954 ], [ 20.5463235, 50.2462371 ], [ 20.5427761, 50.2466908 ], [ 20.5385193, 50.2457834 ], [ 20.5353267, 50.2441954 ], [ 20.5349719, 50.24215359999998 ], [ 20.5360361, 50.2398849 ], [ 20.5385193, 50.2385236 ], [ 20.5413572, 50.2367084 ], [ 20.5427761, 50.2348932 ], [ 20.5445498, 50.2321703 ], [ 20.5445498, 50.2294472 ], [ 20.5434856, 50.2260431 ], [ 20.5413572, 50.2230928 ], [ 20.5360361, 50.2219579 ], [ 20.5289414, 50.2203692 ], [ 20.526813, 50.2187803 ], [ 20.5257488, 50.2167374 ], [ 20.5250393, 50.2146945 ], [ 20.5246846, 50.2124244 ], [ 20.5239751, 50.2108353 ], [ 20.5214919, 50.2087921 ], [ 20.5158162, 50.2074299 ], [ 20.5101404, 50.2085651 ], [ 20.5076572, 50.2128784 ], [ 20.5062383, 50.2180994 ], [ 20.5058835, 50.2228658 ], [ 20.5041099, 50.2260431 ], [ 20.5002078, 50.2271779 ], [ 20.4959509, 50.226724 ], [ 20.4913393, 50.2249084 ], [ 20.4888562, 50.2226388 ], [ 20.487792, 50.2201422 ], [ 20.487792, 50.2174184 ], [ 20.486373, 50.2146945 ], [ 20.4842446, 50.2124244 ], [ 20.4803425, 50.2103813 ], [ 20.4725383, 50.2097002 ], [ 20.4679267, 50.2094732 ], [ 20.4629604, 50.2087921 ], [ 20.4590583, 50.2074299 ], [ 20.4572846, 50.2047054 ], [ 20.4565752, 50.201980800000015 ], [ 20.4558657, 50.199256 ], [ 20.454092, 50.1967581 ], [ 20.448771, 50.1949414 ], [ 20.4427404, 50.1949414 ], [ 20.4374194, 50.1958497 ], [ 20.433872, 50.1978935 ], [ 20.4328078, 50.2015266 ], [ 20.4331626, 50.2060677 ], [ 20.4306794, 50.2094732 ], [ 20.4267773, 50.2103813 ], [ 20.4214562, 50.210608300000011 ], [ 20.4154257, 50.2099272 ], [ 20.4111689, 50.207884 ], [ 20.4069121, 50.205840599999988 ], [ 20.4023005, 50.2033431 ], [ 20.3980436, 50.2031161 ], [ 20.3920131, 50.2037972 ], [ 20.3884658, 50.2031161 ], [ 20.3859826, 50.2012996 ], [ 20.381371, 50.1990289 ], [ 20.37605, 50.198574699999988 ], [ 20.3725026, 50.2008454 ], [ 20.36931, 50.2040243 ], [ 20.3696647, 50.208111 ], [ 20.3689552, 50.2101543 ], [ 20.3664721, 50.2115164 ], [ 20.3615058, 50.2117434 ], [ 20.3561847, 50.2103813 ], [ 20.3508637, 50.2106083 ], [ 20.3462521, 50.2135595 ], [ 20.3430595, 50.2165104 ], [ 20.3395121, 50.2201422 ], [ 20.3359648, 50.2224119 ], [ 20.330289, 50.2230928 ], [ 20.3260321, 50.2221849 ], [ 20.3239037, 50.219461200000012 ], [ 20.3256774, 50.2169644 ], [ 20.3281605, 50.2144675 ], [ 20.32887, 50.2119704 ], [ 20.3285153, 50.2092462 ], [ 20.3231942, 50.207884 ], [ 20.3182279, 50.208111 ], [ 20.3136164, 50.2069758 ], [ 20.3107785, 50.205840599999988 ], [ 20.3072311, 50.2047054 ], [ 20.3015553, 50.2044784 ], [ 20.2972985, 50.2060677 ], [ 20.2941058, 50.2097002 ], [ 20.2891395, 50.2101543 ], [ 20.2848827, 50.2092462 ], [ 20.2813353, 50.2069758 ], [ 20.2799164, 50.2042513 ], [ 20.2820448, 50.2012996 ], [ 20.2870111, 50.1981206 ], [ 20.2884301, 50.1953955 ], [ 20.2877206, 50.1924433 ], [ 20.2855922, 50.1901721 ], [ 20.2813353, 50.1885823 ], [ 20.2774332, 50.1869924 ], [ 20.2749501, 50.1849482 ], [ 20.2714027, 50.183585300000011 ], [ 20.2660817, 50.1851753 ], [ 20.2650175, 50.1879009 ], [ 20.2618248, 50.1908535 ], [ 20.2586322, 50.191989 ], [ 20.2529564, 50.1915348 ], [ 20.2479901, 50.1910806 ], [ 20.2433785, 50.1903993 ], [ 20.2416048, 50.1879009 ], [ 20.2433785, 50.1851753 ], [ 20.2465712, 50.1833581 ], [ 20.249409, 50.1819952 ], [ 20.2504733, 50.1797236 ], [ 20.2483448, 50.1772247 ], [ 20.2462164, 50.1754073 ], [ 20.2430238, 50.173816900000013 ], [ 20.2398312, 50.1717721 ], [ 20.2387669, 50.1688184 ], [ 20.2387669, 50.1631376 ], [ 20.2362838, 50.1613196 ], [ 20.232027, 50.1613196 ], [ 20.2281249, 50.1620013 ], [ 20.2259964, 50.164501 ], [ 20.2242228, 50.1679095 ], [ 20.2210301, 50.1704089 ], [ 20.2167733, 50.1695 ], [ 20.2128712, 50.1679095 ], [ 20.210388, 50.1658644 ], [ 20.2089691, 50.1629103 ], [ 20.2093238, 50.1604105 ], [ 20.2121617, 50.1572288 ], [ 20.2149996, 50.1547287 ], [ 20.2164186, 50.1517739 ], [ 20.2157091, 50.1483643 ], [ 20.2135807, 50.1456365 ], [ 20.210388, 50.1431358 ], [ 20.2064859, 50.141317 ], [ 20.2032933, 50.1408623 ], [ 20.1986817, 50.1417717 ], [ 20.1951344, 50.1435905 ], [ 20.1905228, 50.1449545 ], [ 20.1855565, 50.1451818 ], [ 20.1812996, 50.1442725 ], [ 20.179526, 50.1426811 ], [ 20.1791712, 50.1404076 ], [ 20.178107, 50.1385887 ], [ 20.1763333, 50.1356329 ], [ 20.1738502, 50.133813899999986 ], [ 20.1706575, 50.1333591 ] ], [ [ 23.157599, 52.2635667 ], [ 23.1575095, 52.2637219 ], [ 23.1521205, 52.2632901 ], [ 23.1489911, 52.262907 ], [ 23.144923, 52.262524 ], [ 23.1414808, 52.2636731 ], [ 23.1370997, 52.2632901 ], [ 23.1330316, 52.2630986 ], [ 23.1295893, 52.2630986 ], [ 23.1273988, 52.2619494 ], [ 23.1245824, 52.2604171 ], [ 23.121766, 52.2608002 ], [ 23.1180108, 52.2621409 ], [ 23.1158203, 52.2636731 ], [ 23.112691, 52.2657798 ], [ 23.1101875, 52.2675034 ], [ 23.1067452, 52.2686525 ], [ 23.1017383, 52.271716399999988 ], [ 23.0979831, 52.2728653 ], [ 23.0942279, 52.274014199999989 ], [ 23.0904728, 52.2743972 ], [ 23.0867176, 52.274014199999989 ], [ 23.0826494, 52.2732483 ], [ 23.0788942, 52.2732483 ], [ 23.075452, 52.274014199999989 ], [ 23.0713839, 52.2751631 ], [ 23.0698192, 52.2765034 ], [ 23.0685675, 52.279375300000012 ], [ 23.0673157, 52.2816727 ], [ 23.0651252, 52.2835871 ], [ 23.0619959, 52.2862672 ], [ 23.0576148, 52.2868414 ], [ 23.0535467, 52.2881814 ], [ 23.0504174, 52.2897127 ], [ 23.0472881, 52.2916268 ], [ 23.0450975, 52.294689100000014 ], [ 23.042907, 52.2971771 ], [ 23.0407165, 52.298134 ], [ 23.0375872, 52.2992822 ], [ 23.0325802, 52.3010045 ], [ 23.028825, 52.3019613 ], [ 23.0263216, 52.3036835 ], [ 23.0241311, 52.3069364 ], [ 23.0238181, 52.308467 ], [ 23.0228793, 52.3103803 ], [ 23.01975, 52.31325 ], [ 23.0166207, 52.3149718 ], [ 23.0141172, 52.3172673 ], [ 23.0119267, 52.3203279 ], [ 23.0116138, 52.3230057 ], [ 23.0116138, 52.3258746 ], [ 23.0116138, 52.3293171 ], [ 23.0097362, 52.332950499999988 ], [ 23.0078586, 52.3362012 ], [ 23.0075456, 52.3383045 ], [ 23.0075456, 52.3404076 ], [ 23.0062939, 52.3423195 ], [ 23.0037904, 52.3440401 ], [ 23.0015999, 52.3463342 ], [ 22.9984706, 52.3480546 ], [ 22.9944025, 52.3495839 ], [ 22.9912731, 52.3505396 ], [ 22.9890826, 52.3528334 ], [ 22.9878309, 52.3549358 ], [ 22.9856404, 52.355700299999988 ], [ 22.982824, 52.356656 ], [ 22.9787558, 52.356656 ], [ 22.9762524, 52.3560826 ], [ 22.9743748, 52.3553181 ], [ 22.9718713, 52.3535979 ], [ 22.9678032, 52.3524511 ], [ 22.9627963, 52.3526422 ], [ 22.9581023, 52.3534068 ], [ 22.9540342, 52.3553181 ], [ 22.9515307, 52.357611599999984 ], [ 22.9490272, 52.3597138 ], [ 22.9443333, 52.3602871 ], [ 22.9390134, 52.360096 ], [ 22.9355711, 52.3610515 ], [ 22.9327548, 52.3625803 ], [ 22.9311901, 52.3656378 ], [ 22.9308772, 52.3681218 ], [ 22.9324418, 52.3706057 ], [ 22.9340065, 52.3732804 ], [ 22.9336936, 52.3751909 ], [ 22.9311901, 52.3776744 ], [ 22.9289996, 52.3790116 ], [ 22.9261832, 52.3799667 ], [ 22.9233668, 52.3795846 ], [ 22.9205504, 52.3790116 ], [ 22.9171081, 52.3778654 ], [ 22.91304, 52.3780564 ], [ 22.9095977, 52.3790116 ], [ 22.9067814, 52.3807307 ], [ 22.903965, 52.3816858 ], [ 22.9002098, 52.3837869 ], [ 22.8973934, 52.3851239 ], [ 22.8964546, 52.3868429 ], [ 22.8948899, 52.3898986 ], [ 22.8908218, 52.3921903 ], [ 22.8873795, 52.3927632 ], [ 22.8833114, 52.3931452 ], [ 22.8789304, 52.3918084 ], [ 22.8770528, 52.3908535 ], [ 22.876114, 52.3887528 ], [ 22.8745493, 52.3872249 ], [ 22.8726717, 52.3864609 ], [ 22.8701682, 52.3862699 ], [ 22.8682907, 52.3862699 ], [ 22.8645355, 52.3855059 ], [ 22.8626579, 52.3856969 ], [ 22.8595285, 52.3866519 ], [ 22.8563992, 52.3874159 ], [ 22.8535828, 52.3864609 ], [ 22.8498276, 52.3851239 ], [ 22.8457595, 52.3839779 ], [ 22.8416914, 52.3845509 ], [ 22.8373103, 52.3856969 ], [ 22.8332422, 52.3879888 ], [ 22.8313646, 52.3895167 ], [ 22.8263577, 52.3906625 ], [ 22.8213508, 52.3906625 ], [ 22.8166568, 52.3906625 ], [ 22.8132145, 52.3914264 ], [ 22.8103981, 52.3931452 ], [ 22.8088335, 52.3960095 ], [ 22.8097723, 52.3990646 ], [ 22.8088335, 52.4023105 ], [ 22.8053912, 52.4044106 ], [ 22.8013231, 52.4061288 ], [ 22.7966291, 52.4063197 ], [ 22.7941256, 52.404983299999984 ], [ 22.792248, 52.4026923 ], [ 22.787867, 52.400592100000011 ], [ 22.783173, 52.3992556 ], [ 22.7781661, 52.3988737 ], [ 22.7744109, 52.3983009 ], [ 22.7697169, 52.397919 ], [ 22.7628324, 52.3983009 ], [ 22.7597031, 52.39810989999998 ], [ 22.7543832, 52.397919 ], [ 22.7496892, 52.3971552 ], [ 22.7453082, 52.3969643 ], [ 22.7384236, 52.397728 ], [ 22.7342427, 52.397872 ], [ 22.7310612, 52.3976779 ], [ 22.7269252, 52.3984544 ], [ 22.7231073, 52.4003956 ], [ 22.7215166, 52.4029191 ], [ 22.7196076, 52.4044719 ], [ 22.7170624, 52.404666 ], [ 22.714199, 52.4044719 ], [ 22.7116538, 52.4058306 ], [ 22.7094267, 52.4069952 ], [ 22.7068814, 52.408936 ], [ 22.701791, 52.408936 ], [ 22.6982913, 52.4079656 ], [ 22.6941552, 52.4077715 ], [ 22.6881103, 52.408936 ], [ 22.6842924, 52.4079656 ], [ 22.6807927, 52.4062188 ], [ 22.6766567, 52.404666 ], [ 22.6712481, 52.404666 ], [ 22.6661576, 52.4056365 ], [ 22.6601127, 52.4060247 ], [ 22.6543859, 52.4058306 ], [ 22.6502499, 52.4048601 ], [ 22.6448413, 52.4044719 ], [ 22.6407052, 52.4048601 ], [ 22.6375237, 52.4064129 ], [ 22.6346603, 52.4083538 ], [ 22.6330695, 52.4102946 ], [ 22.6302061, 52.4126234 ], [ 22.6273427, 52.4132056 ], [ 22.623843, 52.4132056 ], [ 22.6203433, 52.4130116 ], [ 22.6181163, 52.4135937 ], [ 22.615571, 52.4155343 ], [ 22.6139802, 52.4180569 ], [ 22.6117532, 52.4198033 ], [ 22.6085716, 52.4213555 ], [ 22.6041174, 52.4219376 ], [ 22.6009359, 52.4215495 ], [ 22.5983907, 52.4201913 ], [ 22.5955273, 52.419221099999987 ], [ 22.5923457, 52.418445 ], [ 22.5885279, 52.418445 ], [ 22.5850282, 52.4190271 ], [ 22.5815285, 52.4196092 ], [ 22.5786651, 52.4190271 ], [ 22.5754835, 52.4178629 ], [ 22.572302, 52.4166986 ], [ 22.5700749, 52.4149521 ], [ 22.5672115, 52.41437 ], [ 22.5646662, 52.41437 ], [ 22.5598939, 52.4157284 ], [ 22.5567124, 52.4168927 ], [ 22.5528945, 52.4176688 ], [ 22.5471677, 52.4170867 ], [ 22.5417591, 52.4161165 ], [ 22.5376231, 52.4163105 ], [ 22.5334871, 52.4172807 ], [ 22.5299874, 52.4188331 ], [ 22.5258514, 52.4205794 ], [ 22.5223517, 52.4205794 ], [ 22.5201246, 52.4219376 ], [ 22.5198064, 52.4240718 ], [ 22.5194883, 52.4262059 ], [ 22.5166249, 52.4283399 ], [ 22.5134433, 52.4304738 ], [ 22.5121707, 52.4326076 ], [ 22.5124889, 52.4347413 ], [ 22.512807, 52.4370688 ], [ 22.5112162, 52.4384265 ], [ 22.5080347, 52.4393963 ], [ 22.504535, 52.440947799999989 ], [ 22.5016716, 52.4426933 ], [ 22.500399, 52.4452143 ], [ 22.5010353, 52.4477352 ], [ 22.5032624, 52.449286500000014 ], [ 22.5054895, 52.4510316 ], [ 22.508671, 52.4521949 ], [ 22.5102618, 52.453939899999988 ], [ 22.5112162, 52.4558787 ], [ 22.5108981, 52.4582051 ], [ 22.5118526, 52.4601437 ], [ 22.5137615, 52.4615007 ], [ 22.5156704, 52.4634392 ], [ 22.5156704, 52.4655714 ], [ 22.5140796, 52.467703500000013 ], [ 22.5121707, 52.4698355 ], [ 22.5115344, 52.4727426 ], [ 22.5121707, 52.4748743 ], [ 22.512807, 52.4771998 ], [ 22.5124889, 52.4801064 ], [ 22.5093073, 52.4822378 ], [ 22.5061258, 52.4837878 ], [ 22.5038987, 52.4851441 ], [ 22.5032624, 52.4876627 ], [ 22.5032624, 52.4897937 ], [ 22.5023079, 52.4917309 ], [ 22.4997627, 52.493668 ], [ 22.4965811, 52.4946366 ], [ 22.4927633, 52.4948303 ], [ 22.4883091, 52.4954114 ], [ 22.4848094, 52.4967673 ], [ 22.4832186, 52.4996726 ], [ 22.4838549, 52.502384 ], [ 22.486082, 52.5039334 ], [ 22.4879909, 52.50587 ], [ 22.4911725, 52.508581 ], [ 22.4914906, 52.5109047 ], [ 22.4911725, 52.5141963 ], [ 22.492127, 52.5167133 ], [ 22.494354, 52.5180685 ], [ 22.496263, 52.5198109 ], [ 22.4981719, 52.5221339 ], [ 22.4981719, 52.524844 ], [ 22.4959448, 52.5281346 ], [ 22.4940359, 52.5306508 ], [ 22.4933996, 52.5339409 ], [ 22.4940359, 52.5368438 ], [ 22.4946722, 52.539359399999988 ], [ 22.4937177, 52.5422619 ], [ 22.490218, 52.5441968 ], [ 22.4873546, 52.5457447 ], [ 22.4841731, 52.5467121 ], [ 22.4816279, 52.5482598 ], [ 22.4806734, 52.5507749 ], [ 22.4813097, 52.5530963 ], [ 22.4822642, 52.5550307 ], [ 22.4829005, 52.5577387 ], [ 22.4822642, 52.559673 ], [ 22.4803552, 52.5619939 ], [ 22.4781281, 52.5648949 ], [ 22.4771737, 52.567409 ], [ 22.4771737, 52.5695361 ], [ 22.4755829, 52.5720499 ], [ 22.4730377, 52.5737902 ], [ 22.4711287, 52.5761104 ], [ 22.4708106, 52.5782371 ], [ 22.4720832, 52.581137 ], [ 22.4730377, 52.5832635 ], [ 22.4724014, 52.5861631 ], [ 22.4692198, 52.5880961 ], [ 22.4669927, 52.5898357 ], [ 22.4650838, 52.5917685 ], [ 22.4641293, 52.594281 ], [ 22.4647656, 52.5967934 ], [ 22.4663564, 52.5993056 ], [ 22.4685835, 52.6014312 ], [ 22.4692198, 52.6029771 ], [ 22.469538, 52.60490930000001 ], [ 22.469538, 52.6072278 ], [ 22.4714469, 52.6089667 ], [ 22.4739921, 52.6108986 ], [ 22.4743103, 52.6128305 ], [ 22.4739921, 52.6149555 ], [ 22.4720832, 52.6168871 ], [ 22.4708106, 52.617853 ], [ 22.4666746, 52.620364 ], [ 22.4644475, 52.6221023 ], [ 22.4631749, 52.6251925 ], [ 22.4631749, 52.6280893 ], [ 22.4606296, 52.6307928 ], [ 22.4590389, 52.6329169 ], [ 22.4587207, 52.6358132 ], [ 22.4584026, 52.6383232 ], [ 22.4606296, 52.64064 ], [ 22.463493, 52.6425706 ], [ 22.4673109, 52.6433428 ], [ 22.4692198, 52.6448871 ], [ 22.4714469, 52.6460453 ], [ 22.4724014, 52.6481687 ], [ 22.473674, 52.6500989 ], [ 22.4759011, 52.651643 ], [ 22.4784463, 52.6526081 ], [ 22.481946, 52.6526081 ], [ 22.4857639, 52.6522221 ], [ 22.4892636, 52.6526081 ], [ 22.492127, 52.6537661 ], [ 22.4946722, 52.6562751 ], [ 22.4956267, 52.6585909 ], [ 22.4959448, 52.6609066 ], [ 22.4959448, 52.6636081 ], [ 22.4972174, 52.6657306 ], [ 22.4991264, 52.6670812 ], [ 22.5023079, 52.6684318 ], [ 22.504535, 52.6693965 ], [ 22.5067621, 52.6699753 ], [ 22.5089892, 52.6719046 ], [ 22.5118526, 52.673255 ], [ 22.5159886, 52.6734479 ], [ 22.5194883, 52.6728692 ], [ 22.5223517, 52.6717116 ], [ 22.5245787, 52.6703612 ], [ 22.527124, 52.6693965 ], [ 22.5315782, 52.6684318 ], [ 22.5347597, 52.6682389 ], [ 22.5373049, 52.6674671 ], [ 22.5401683, 52.6659236 ], [ 22.5433499, 52.6659236 ], [ 22.545577, 52.6659236 ], [ 22.5474859, 52.666695399999988 ], [ 22.549713, 52.668046 ], [ 22.5500311, 52.6705541 ], [ 22.5500311, 52.67306210000001 ], [ 22.549713, 52.6751841 ], [ 22.5500311, 52.677499 ], [ 22.5503493, 52.6788492 ], [ 22.5519401, 52.6803923 ], [ 22.553849, 52.682514 ], [ 22.5557579, 52.6836712 ], [ 22.5560761, 52.6855999 ], [ 22.5554398, 52.6879142 ], [ 22.5541671, 52.6888784 ], [ 22.5522582, 52.6896498 ], [ 22.5487585, 52.6909997 ], [ 22.545577, 52.6933137 ], [ 22.545577, 52.6948563 ], [ 22.5462133, 52.6967844 ], [ 22.547804, 52.6985197 ], [ 22.5509856, 52.699290900000015 ], [ 22.5548034, 52.6996765 ], [ 22.5576668, 52.699290900000015 ], [ 22.5595758, 52.6983269 ], [ 22.562121, 52.6981341 ], [ 22.5675296, 52.6977485 ], [ 22.572302, 52.6979413 ], [ 22.5754835, 52.6987125 ], [ 22.5789832, 52.7002549 ], [ 22.5812103, 52.7006405 ], [ 22.5840737, 52.7008333 ], [ 22.5866189, 52.7008333 ], [ 22.5904368, 52.6998693 ], [ 22.5939365, 52.7000621 ], [ 22.5958454, 52.7012189 ], [ 22.5987088, 52.7023756 ], [ 22.601254, 52.7033396 ], [ 22.6034811, 52.7035324 ], [ 22.6050719, 52.7037251 ], [ 22.6092079, 52.7039179 ], [ 22.6127076, 52.7048818 ], [ 22.6139802, 52.7060385 ], [ 22.6149347, 52.7073878 ], [ 22.615571, 52.7087372 ], [ 22.6168436, 52.7098937 ], [ 22.6187526, 52.7110502 ], [ 22.6219341, 52.7122067 ], [ 22.6232067, 52.7131704 ], [ 22.6263883, 52.7150978 ], [ 22.6263883, 52.7174105 ], [ 22.6289335, 52.7189522 ], [ 22.6314788, 52.719144899999989 ], [ 22.6343421, 52.7199158 ], [ 22.6375237, 52.7208793 ], [ 22.6391145, 52.7226136 ], [ 22.6397508, 52.7241552 ], [ 22.6394326, 52.7260821 ], [ 22.6378418, 52.7291649 ], [ 22.6375237, 52.7316695 ], [ 22.6400689, 52.7345593 ], [ 22.6426142, 52.7370636 ], [ 22.6467502, 52.7380268 ], [ 22.6527951, 52.7376415 ], [ 22.6559767, 52.7382194 ], [ 22.6594764, 52.7391825 ], [ 22.6613853, 52.7405309 ], [ 22.6652032, 52.7409161 ], [ 22.6687029, 52.7395678 ], [ 22.6728389, 52.7393752 ], [ 22.675066, 52.7405309 ], [ 22.679202, 52.7407235 ], [ 22.6839743, 52.7378341 ], [ 22.6868377, 52.7345593 ], [ 22.6903374, 52.734174 ], [ 22.6944734, 52.7326328 ], [ 22.6970186, 52.7291649 ], [ 22.6995639, 52.72704550000001 ], [ 22.7036999, 52.7258894 ], [ 22.7087904, 52.7251187 ], [ 22.7122901, 52.7226136 ], [ 22.7151535, 52.7212647 ], [ 22.7189713, 52.721072 ], [ 22.7231073, 52.7197231 ], [ 22.7253344, 52.7179886 ], [ 22.728516, 52.7160614 ], [ 22.730743, 52.7152905 ], [ 22.7374243, 52.7141341 ], [ 22.7425148, 52.714905 ], [ 22.7453782, 52.7172178 ], [ 22.7463326, 52.7193377 ], [ 22.7488779, 52.721072 ], [ 22.7511049, 52.7224209 ], [ 22.7501505, 52.7245406 ], [ 22.7482416, 52.7283942 ], [ 22.7476052, 52.7307062 ], [ 22.7488779, 52.7320548 ], [ 22.7511049, 52.7345593 ], [ 22.7520594, 52.7374489 ], [ 22.7511049, 52.7401457 ], [ 22.7523776, 52.7413014 ], [ 22.7546046, 52.743420099999987 ], [ 22.7546046, 52.7449609 ], [ 22.7539683, 52.7476572 ], [ 22.7517413, 52.7480424 ], [ 22.7507868, 52.7499682 ], [ 22.749196, 52.7526642 ], [ 22.7469689, 52.7538196 ], [ 22.7418785, 52.7542047 ], [ 22.7374243, 52.7540121 ], [ 22.7316975, 52.7528568 ], [ 22.7275615, 52.7540121 ], [ 22.7240618, 52.7559377 ], [ 22.7218347, 52.7567079 ], [ 22.7180168, 52.7569004 ], [ 22.7148353, 52.7586333 ], [ 22.7132445, 52.7611363 ], [ 22.7103811, 52.7630615 ], [ 22.7062451, 52.7640241 ], [ 22.701791, 52.7640241 ], [ 22.6982913, 52.7646016 ], [ 22.695746, 52.7659492 ], [ 22.6951097, 52.7686442 ], [ 22.6925645, 52.7715315 ], [ 22.6897011, 52.7730714 ], [ 22.6903374, 52.7751885 ], [ 22.6944734, 52.7780754 ], [ 22.6944734, 52.7815394 ], [ 22.695746, 52.7836562 ], [ 22.7005183, 52.7834638 ], [ 22.7052907, 52.7830789 ], [ 22.7078359, 52.7834638 ], [ 22.7106993, 52.7857729 ], [ 22.7129264, 52.7888515 ], [ 22.7157898, 52.7900059 ], [ 22.7192895, 52.7901983 ], [ 22.7234255, 52.7901983 ], [ 22.7269252, 52.7901983 ], [ 22.7310612, 52.7905831 ], [ 22.7345609, 52.7917374 ], [ 22.7377424, 52.7928918 ], [ 22.740924, 52.7940461 ], [ 22.7441055, 52.7948156 ], [ 22.7466508, 52.7948156 ], [ 22.7501505, 52.7959699 ], [ 22.7520594, 52.7978936 ], [ 22.7511049, 52.8011637 ], [ 22.7504686, 52.8028948 ], [ 22.7514231, 52.8050105 ], [ 22.7536502, 52.8063568 ], [ 22.7546046, 52.8073185 ], [ 22.7561954, 52.8098186 ], [ 22.755241, 52.8123186 ], [ 22.7526957, 52.8140493 ], [ 22.7520594, 52.815972200000012 ], [ 22.7514231, 52.8186641 ], [ 22.7495142, 52.82001 ], [ 22.7453782, 52.820779 ], [ 22.7406058, 52.820779 ], [ 22.7377424, 52.8228939 ], [ 22.736788, 52.8253931 ], [ 22.7377424, 52.8278922 ], [ 22.7374243, 52.8307756 ], [ 22.7374243, 52.833851 ], [ 22.7393332, 52.8351965 ], [ 22.7425148, 52.8363496 ], [ 22.7479234, 52.8350043 ], [ 22.7523776, 52.8325056 ], [ 22.7571499, 52.8315445 ], [ 22.7609677, 52.8284689 ], [ 22.7647856, 52.8265466 ], [ 22.7689216, 52.8265466 ], [ 22.7724213, 52.8269311 ], [ 22.7752847, 52.8284689 ], [ 22.7791026, 52.829622299999983 ], [ 22.7832386, 52.8305834 ], [ 22.7889654, 52.8305834 ], [ 22.7931014, 52.8303912 ], [ 22.8004189, 52.8330822 ], [ 22.8058276, 52.8330822 ], [ 22.8074183, 52.83289 ], [ 22.8121907, 52.8317367 ], [ 22.8175993, 52.8317367 ], [ 22.8188719, 52.8336588 ], [ 22.8220535, 52.8365418 ], [ 22.8255532, 52.8384637 ], [ 22.8300073, 52.8394247 ], [ 22.8360523, 52.8400012 ], [ 22.8405064, 52.8396168 ], [ 22.8446425, 52.8396168 ], [ 22.8490966, 52.8409621 ], [ 22.8503692, 52.8428838 ], [ 22.8532326, 52.8461505 ], [ 22.8532326, 52.849417 ], [ 22.8541871, 52.8536438 ], [ 22.8548234, 52.8571018 ], [ 22.8548234, 52.8611358 ], [ 22.8557779, 52.8644011 ], [ 22.858005, 52.8703549 ], [ 22.8618228, 52.8741956 ], [ 22.8675496, 52.8795721 ], [ 22.8716856, 52.8816841 ], [ 22.8767761, 52.8851398 ], [ 22.8812302, 52.8885953 ], [ 22.88473, 52.889939 ], [ 22.8885478, 52.8924344 ], [ 22.8923657, 52.8935861 ], [ 22.8974561, 52.89397 ], [ 22.9050919, 52.8941619 ], [ 22.909546, 52.8949297 ], [ 22.911455, 52.896849 ], [ 22.9152728, 52.8970409 ], [ 22.9184544, 52.8964651 ], [ 22.9216359, 52.8960813 ], [ 22.9257719, 52.8964651 ], [ 22.9289535, 52.8978086 ], [ 22.9324532, 52.899152 ], [ 22.936271, 52.8999197 ], [ 22.9407252, 52.899344 ], [ 22.9442249, 52.899152 ], [ 22.9461338, 52.899152 ], [ 22.9499517, 52.9001116 ], [ 22.9528151, 52.9016469 ], [ 22.9579056, 52.9018388 ], [ 22.9610871, 52.9018388 ], [ 22.9652231, 52.9024145 ], [ 22.9674502, 52.9035659 ], [ 22.9703136, 52.9062524 ], [ 22.973177, 52.9079793 ], [ 22.9754041, 52.9110493 ], [ 22.9785856, 52.9122004 ], [ 22.9830398, 52.913159699999987 ], [ 22.9862213, 52.9139271 ], [ 22.9903573, 52.915653799999987 ], [ 22.99163, 52.9168048 ], [ 22.9932207, 52.918915 ], [ 22.9964023, 52.920257799999987 ], [ 22.9989475, 52.9212169 ], [ 22.999902, 52.9223678 ], [ 23.0005383, 52.9240941 ], [ 23.0027654, 52.9254367 ], [ 23.0062651, 52.9263957 ], [ 23.0078559, 52.9283136 ], [ 23.0075377, 52.9308068 ], [ 23.0091285, 52.9327245 ], [ 23.0113556, 52.9342587 ], [ 23.0139008, 52.935984499999989 ], [ 23.0158097, 52.9382855 ], [ 23.0158097, 52.941545 ], [ 23.0132645, 52.9448043 ], [ 23.0110374, 52.9476799 ], [ 23.0110374, 52.9524722 ], [ 23.01231, 52.955922300000012 ], [ 23.0145371, 52.9586056 ], [ 23.0167642, 52.9630134 ], [ 23.0196276, 52.9656962 ], [ 23.0231273, 52.967804 ], [ 23.0275814, 52.9716361 ], [ 23.0285359, 52.974893099999989 ], [ 23.0288541, 52.9770004 ], [ 23.0278996, 52.981981 ], [ 23.0285359, 52.9852372 ], [ 23.030763, 52.9886847 ], [ 23.0339445, 52.991749 ], [ 23.0355353, 52.994813 ], [ 23.0352172, 52.9986427 ], [ 23.0345809, 53.0026635 ], [ 23.0329901, 53.0059181 ], [ 23.030763, 53.009364 ], [ 23.0288541, 53.0124268 ], [ 23.0272633, 53.0151065 ], [ 23.0234454, 53.0185516 ], [ 23.0196276, 53.0208482 ], [ 23.0177186, 53.0239101 ], [ 23.0161279, 53.0277373 ], [ 23.0148553, 53.032712 ], [ 23.0161279, 53.0367296 ], [ 23.0196276, 53.0420859 ], [ 23.0228091, 53.046294 ], [ 23.0298085, 53.0505016 ], [ 23.0355353, 53.0531789 ], [ 23.0438073, 53.0554737 ], [ 23.0498523, 53.0570035 ], [ 23.0549428, 53.0581507 ], [ 23.0606695, 53.059680400000012 ], [ 23.0644874, 53.0608276 ], [ 23.0670326, 53.062166 ], [ 23.0708505, 53.0642691 ], [ 23.0727594, 53.0669456 ], [ 23.0737139, 53.0703866 ], [ 23.0727594, 53.0738273 ], [ 23.069896, 53.0763121 ], [ 23.0689416, 53.0766944 ], [ 23.0660782, 53.07765 ], [ 23.0632148, 53.0774589 ], [ 23.0590788, 53.0782234 ], [ 23.0523975, 53.081090100000011 ], [ 23.0476252, 53.0822368 ], [ 23.0425347, 53.0849122 ], [ 23.0374442, 53.0856765 ], [ 23.0323538, 53.08453 ], [ 23.026627, 53.0839567 ], [ 23.0218547, 53.0830012 ], [ 23.0154916, 53.0833834 ], [ 23.0110374, 53.0837656 ], [ 23.0046743, 53.0856765 ], [ 22.9973567, 53.087969500000014 ], [ 22.9925844, 53.0912178 ], [ 22.9868576, 53.0967583 ], [ 22.9839942, 53.100579 ], [ 22.9795401, 53.1074553 ], [ 22.9782675, 53.1129937 ], [ 22.9763585, 53.1175768 ], [ 22.9757222, 53.1225411 ], [ 22.9776311, 53.1275049 ], [ 22.9795401, 53.1307502 ], [ 22.9849487, 53.1334226 ], [ 22.9909936, 53.1353313 ], [ 22.9976749, 53.1368582 ], [ 23.0049925, 53.1378125 ], [ 23.0132645, 53.1376217 ], [ 23.0218547, 53.1364765 ], [ 23.0291722, 53.1376217 ], [ 23.0336264, 53.1387668 ], [ 23.0380806, 53.1412478 ], [ 23.0425347, 53.1425837 ], [ 23.0476252, 53.1427746 ], [ 23.0511249, 53.1427746 ], [ 23.053352, 53.1418204 ], [ 23.0568517, 53.141057 ], [ 23.0609877, 53.1404845 ], [ 23.0641692, 53.1406753 ], [ 23.0670326, 53.1427746 ], [ 23.0663963, 53.1450645 ], [ 23.0673508, 53.146782 ], [ 23.0695779, 53.1483085 ], [ 23.0721231, 53.148880899999988 ], [ 23.0756228, 53.1486901 ], [ 23.0778499, 53.1471636 ], [ 23.0784862, 53.145064500000011 ], [ 23.0823041, 53.1437287 ], [ 23.0877127, 53.1423929 ], [ 23.0915306, 53.1422021 ], [ 23.096621, 53.1427746 ], [ 23.1023478, 53.1425837 ], [ 23.1055294, 53.1435379 ], [ 23.1090291, 53.1450645 ], [ 23.1096654, 53.1471636 ], [ 23.1093472, 53.1496441 ], [ 23.1083928, 53.151743 ], [ 23.1077565, 53.1551772 ], [ 23.1083928, 53.1568942 ], [ 23.1077565, 53.1601372 ], [ 23.1071201, 53.1637615 ], [ 23.1064838, 53.1660503 ], [ 23.1045749, 53.1689112 ], [ 23.1010752, 53.1700555 ], [ 23.1010752, 53.1702462 ], [ 23.0991663, 53.1723441 ], [ 23.0940758, 53.1748231 ], [ 23.0915306, 53.17673 ], [ 23.0915306, 53.1788275 ], [ 23.0886672, 53.1809249 ], [ 23.0829404, 53.18531 ], [ 23.0797588, 53.1883603 ], [ 23.075941, 53.1914103 ], [ 23.0733957, 53.1948414 ], [ 23.0708505, 53.1988439 ], [ 23.0663963, 53.2017026 ], [ 23.0628966, 53.20418 ], [ 23.0558972, 53.2085627 ], [ 23.0520794, 53.210658699999989 ], [ 23.047307, 53.2116113 ], [ 23.0418984, 53.212182899999988 ], [ 23.0406258, 53.2146597 ], [ 23.0396713, 53.2161838 ], [ 23.0364898, 53.2186604 ], [ 23.0326719, 53.2188509 ], [ 23.0285359, 53.220565299999983 ], [ 23.0288541, 53.2228512 ], [ 23.0263088, 53.2262797 ], [ 23.0199457, 53.2279938 ], [ 23.0097648, 53.2281843 ], [ 23.0034017, 53.2281843 ], [ 22.9970386, 53.2289461 ], [ 22.9929026, 53.2287557 ], [ 22.989721, 53.2297079 ], [ 22.9862213, 53.2298984 ], [ 22.9833579, 53.229327 ], [ 22.9817672, 53.2276129 ], [ 22.9795401, 53.2283747 ], [ 22.9750859, 53.2295175 ], [ 22.9703136, 53.2291366 ], [ 22.964905, 53.2287557 ], [ 22.95886, 53.227232 ], [ 22.9559966, 53.224755900000012 ], [ 22.9540877, 53.223803599999989 ], [ 22.9499517, 53.2232321 ], [ 22.9477246, 53.2232321 ], [ 22.9445431, 53.2218988 ], [ 22.9426341, 53.2194224 ], [ 22.9429523, 53.2177079 ], [ 22.9416797, 53.2159933 ], [ 22.9391344, 53.2158028 ], [ 22.9359529, 53.2161838 ], [ 22.9327713, 53.2169459 ], [ 22.9289535, 53.2169459 ], [ 22.9260901, 53.2158028 ], [ 22.9241811, 53.2140882 ], [ 22.9213178, 53.2131356 ], [ 22.9184544, 53.2140882 ], [ 22.9143183, 53.2152313 ], [ 22.9089097, 53.2156123 ], [ 22.9047737, 53.2146597 ], [ 22.9019103, 53.2140882 ], [ 22.8977743, 53.214278699999987 ], [ 22.8914112, 53.2146597 ], [ 22.8850481, 53.2150407 ], [ 22.8805939, 53.2159933 ], [ 22.8783669, 53.217517399999984 ], [ 22.8751853, 53.2178984 ], [ 22.8710493, 53.2182794 ], [ 22.8678677, 53.2178984 ], [ 22.8627773, 53.2165648 ], [ 22.8589594, 53.2171364 ], [ 22.8557779, 53.2182794 ], [ 22.8535508, 53.2201844 ], [ 22.8522782, 53.2215178 ], [ 22.8468695, 53.2234226 ], [ 22.8427335, 53.223803599999989 ], [ 22.8385975, 53.2249464 ], [ 22.8338252, 53.2241845 ], [ 22.8303255, 53.2230416 ], [ 22.8249169, 53.2236131 ], [ 22.8191901, 53.2255178 ], [ 22.8140996, 53.2251369 ], [ 22.8112362, 53.2253273 ], [ 22.8074183, 53.2262797 ], [ 22.8036005, 53.227803399999985 ], [ 22.7991463, 53.2285652 ], [ 22.7934195, 53.2289461 ], [ 22.7867383, 53.2285652 ], [ 22.7822841, 53.2281843 ], [ 22.7733758, 53.2302793 ], [ 22.7695579, 53.2304697 ], [ 22.7641493, 53.230660199999988 ], [ 22.7590588, 53.229327 ], [ 22.7571499, 53.227232 ], [ 22.753332, 53.2260892 ], [ 22.7495142, 53.2268511 ], [ 22.7447419, 53.2268511 ], [ 22.7393332, 53.2278034 ], [ 22.7336064, 53.2266606 ], [ 22.7288341, 53.2266606 ], [ 22.7246981, 53.2276129 ], [ 22.7205621, 53.2300888 ], [ 22.7157898, 53.233326299999987 ], [ 22.7097448, 53.234088 ], [ 22.7049725, 53.233326299999987 ], [ 22.7005183, 53.2337072 ], [ 22.6979731, 53.235230599999987 ], [ 22.6954279, 53.2378965 ], [ 22.6928826, 53.2382773 ], [ 22.6893829, 53.2382773 ], [ 22.6877921, 53.2373252 ], [ 22.6839743, 53.2375157 ], [ 22.6795201, 53.239991 ], [ 22.6744296, 53.241895 ], [ 22.6683847, 53.2422758 ], [ 22.6636124, 53.2411334 ], [ 22.6582038, 53.240562200000014 ], [ 22.6531133, 53.2422758 ], [ 22.6470683, 53.2434181 ], [ 22.6416597, 53.2432277 ], [ 22.6375237, 53.241895 ], [ 22.6343421, 53.2411334 ], [ 22.6305243, 53.2403718 ], [ 22.6270246, 53.2411334 ], [ 22.6228886, 53.2417046 ], [ 22.6187526, 53.2407526 ], [ 22.6152529, 53.239991 ], [ 22.6120713, 53.2398006 ], [ 22.6098442, 53.239991 ], [ 22.6069808, 53.240943 ], [ 22.6037993, 53.242466199999981 ], [ 22.5996633, 53.242847 ], [ 22.597118, 53.2426566 ], [ 22.5945728, 53.2420854 ], [ 22.5901186, 53.2422758 ], [ 22.5869371, 53.2441797 ], [ 22.5821648, 53.2451316 ], [ 22.5777106, 53.2451316 ], [ 22.5735746, 53.2460835 ], [ 22.5707112, 53.248368 ], [ 22.5688023, 53.2519848 ], [ 22.5640299, 53.2521751 ], [ 22.5583032, 53.2523655 ], [ 22.5541671, 53.2514137 ], [ 22.5513037, 53.2493198 ], [ 22.5484404, 53.248368 ], [ 22.5439862, 53.2485583 ], [ 22.5392139, 53.248748700000014 ], [ 22.5350779, 53.2487487 ], [ 22.5325326, 53.2476065 ], [ 22.5296692, 53.2462739 ], [ 22.5245787, 53.2457027 ], [ 22.5191701, 53.2457027 ], [ 22.5124889, 53.2472257 ], [ 22.5102618, 53.2497005 ], [ 22.5112162, 53.2525558 ], [ 22.5150341, 53.2542689 ], [ 22.5175793, 53.256553 ], [ 22.518852, 53.2586465 ], [ 22.5166249, 53.2605497 ], [ 22.5143978, 53.2616916 ], [ 22.5137615, 53.2635946 ], [ 22.5137615, 53.2656879 ], [ 22.5147159, 53.2675907 ], [ 22.5163067, 53.2694935 ], [ 22.5153523, 53.2708254 ], [ 22.5134433, 53.272728 ], [ 22.5096255, 53.2732988 ], [ 22.5054895, 53.273489 ], [ 22.5029442, 53.2736793 ], [ 22.4991264, 53.2740598 ], [ 22.4953085, 53.2752013 ], [ 22.4937177, 53.2776744 ], [ 22.4918088, 53.2807181 ], [ 22.4879909, 53.2820497 ], [ 22.4844912, 53.2835714 ], [ 22.4816279, 53.2852832 ], [ 22.4794008, 53.2877558 ], [ 22.4790826, 53.2907988 ], [ 22.4800371, 53.2928907 ], [ 22.4800371, 53.2953628 ], [ 22.4774918, 53.2974545 ], [ 22.4749466, 53.2987855 ], [ 22.4727195, 53.3010672 ], [ 22.4720832, 53.303919 ], [ 22.4717651, 53.3065806 ], [ 22.4704924, 53.3084817 ], [ 22.4660383, 53.3107628 ], [ 22.4609478, 53.3119033 ], [ 22.4584026, 53.3145644 ], [ 22.4580844, 53.3166552 ], [ 22.4584026, 53.319316 ], [ 22.4596752, 53.3219766 ], [ 22.4612659, 53.3236869 ], [ 22.4612659, 53.3259673 ], [ 22.4609478, 53.3278674 ], [ 22.4638112, 53.3301475 ], [ 22.4657201, 53.3316675 ], [ 22.4644475, 53.3341374 ], [ 22.4622204, 53.3369871 ], [ 22.4571299, 53.337557 ], [ 22.4529939, 53.337747 ], [ 22.4491761, 53.3379369 ], [ 22.446949, 53.3386968 ], [ 22.4463127, 53.3405964 ], [ 22.4466308, 53.342495899999982 ], [ 22.4482216, 53.3443954 ], [ 22.4501305, 53.3453451 ], [ 22.4523576, 53.3457249 ], [ 22.4549029, 53.3451551 ], [ 22.4577662, 53.343825599999988 ], [ 22.4606296, 53.3428758 ], [ 22.4622204, 53.3436356 ], [ 22.4631749, 53.3457249 ], [ 22.4631749, 53.3461048 ], [ 22.4631749, 53.3480041 ], [ 22.4622204, 53.3497134 ], [ 22.4622204, 53.3506629 ], [ 22.4628567, 53.3523721 ], [ 22.4638112, 53.354461 ], [ 22.4622602, 53.3565498 ], [ 22.4603513, 53.3580688 ], [ 22.4587605, 53.3603473 ], [ 22.4584423, 53.3624358 ], [ 22.4546245, 53.3641445 ], [ 22.4517611, 53.3649039 ], [ 22.4498521, 53.3666125 ], [ 22.449534, 53.3690804 ], [ 22.449534, 53.3717379 ], [ 22.4476251, 53.3743953 ], [ 22.443489, 53.3757239 ], [ 22.4396712, 53.3770525 ], [ 22.4377623, 53.3789504 ], [ 22.4377623, 53.381038 ], [ 22.4380804, 53.3840743 ], [ 22.4368078, 53.3865411 ], [ 22.4339444, 53.3890078 ], [ 22.4313992, 53.3909052 ], [ 22.4288539, 53.3922333 ], [ 22.4282176, 53.3941305 ], [ 22.4272632, 53.3969762 ], [ 22.4250361, 53.3986835 ], [ 22.4215364, 53.3994423 ], [ 22.4177185, 53.4003907 ], [ 22.4148551, 53.4013392 ], [ 22.4139007, 53.4030463 ], [ 22.4142188, 53.4051327 ], [ 22.4164459, 53.4068397 ], [ 22.4196274, 53.407788 ], [ 22.422809, 53.4087363 ], [ 22.4237635, 53.4106328 ], [ 22.4247179, 53.4119603 ], [ 22.4266268, 53.4127188 ], [ 22.4317173, 53.4127188 ], [ 22.4342626, 53.4117706 ], [ 22.4364896, 53.4108224 ], [ 22.4390349, 53.4108224 ], [ 22.4406257, 53.4119603 ], [ 22.4425346, 53.413856599999988 ], [ 22.443489, 53.415184 ], [ 22.445398, 53.4163217 ], [ 22.4482614, 53.416701 ], [ 22.4508066, 53.4170802 ], [ 22.4533518, 53.417649 ], [ 22.4546245, 53.4185971 ], [ 22.4549426, 53.4204931 ], [ 22.4543063, 53.4221995 ], [ 22.4539882, 53.424285 ], [ 22.4549426, 53.4265599 ], [ 22.4562152, 53.4278869 ], [ 22.4562152, 53.4301617 ], [ 22.4552608, 53.4322467 ], [ 22.4533518, 53.4345213 ], [ 22.4508066, 53.4352794 ], [ 22.4488977, 53.4360375 ], [ 22.4441254, 53.4369852 ], [ 22.4422164, 53.4381223 ], [ 22.4422164, 53.440207 ], [ 22.4403075, 53.4422916 ], [ 22.4387167, 53.445134 ], [ 22.4383986, 53.4466499 ], [ 22.4399893, 53.4483553 ], [ 22.4431709, 53.4493026 ], [ 22.4473069, 53.4494921 ], [ 22.4492158, 53.4500605 ], [ 22.4504885, 53.4515762 ], [ 22.4504885, 53.4534708 ], [ 22.449534, 53.4553653 ], [ 22.4476251, 53.4566914 ], [ 22.4460343, 53.458396300000011 ], [ 22.4457161, 53.4597223 ], [ 22.4460343, 53.4616165 ], [ 22.4460343, 53.4637001 ], [ 22.4447617, 53.4652153 ], [ 22.4431709, 53.4663517 ], [ 22.4418983, 53.4672987 ], [ 22.439353, 53.4678668 ], [ 22.4374441, 53.4691925 ], [ 22.437126, 53.4708969 ], [ 22.4387167, 53.4727907 ], [ 22.4403075, 53.4744949 ], [ 22.4431709, 53.4752524 ], [ 22.4441254, 53.4763885 ], [ 22.4441254, 53.478282 ], [ 22.445398, 53.4807433 ], [ 22.4469888, 53.4824473 ], [ 22.4482614, 53.4835832 ], [ 22.4485795, 53.485476399999989 ], [ 22.4479432, 53.4869908 ], [ 22.4501703, 53.4894517 ], [ 22.4530337, 53.4911553 ], [ 22.457806, 53.4917231 ], [ 22.4609876, 53.4932374 ], [ 22.4654417, 53.4941838 ], [ 22.4692596, 53.4938052 ], [ 22.4737138, 53.491344599999984 ], [ 22.4765771, 53.4898303 ], [ 22.4816676, 53.4892624 ], [ 22.4867581, 53.4902089 ], [ 22.4912123, 53.4903981 ], [ 22.4943938, 53.4921017 ], [ 22.4943938, 53.4941838 ], [ 22.4937575, 53.4966442 ], [ 22.4940757, 53.4985368 ], [ 22.4953483, 53.4991045 ], [ 22.4978935, 53.4992938 ], [ 22.5007569, 53.499483 ], [ 22.5061655, 53.4991045 ], [ 22.5093471, 53.5004293 ], [ 22.5109379, 53.5011862 ], [ 22.5138013, 53.5013755 ], [ 22.5179373, 53.5004293 ], [ 22.519528, 53.498536799999989 ], [ 22.5233459, 53.4962657 ], [ 22.5274819, 53.496455 ], [ 22.5312998, 53.4975905 ], [ 22.5351176, 53.498726 ], [ 22.5386173, 53.4989153 ], [ 22.5424352, 53.4989153 ], [ 22.5456167, 53.4991045 ], [ 22.5500709, 53.5000508 ], [ 22.5516617, 53.5008077 ], [ 22.5567521, 53.5004293 ], [ 22.5596155, 53.4998615 ], [ 22.5627971, 53.5006185 ], [ 22.5656605, 53.5015647 ], [ 22.5675694, 53.5034571 ], [ 22.5710691, 53.5049709 ], [ 22.572978, 53.5053493 ], [ 22.5774322, 53.5047816 ], [ 22.5809319, 53.5044032 ], [ 22.583159, 53.5045924 ], [ 22.5853861, 53.505917 ], [ 22.5882495, 53.5078091 ], [ 22.591431, 53.508566 ], [ 22.5958852, 53.5087552 ], [ 22.6006575, 53.5081875 ], [ 22.6047935, 53.5074307 ], [ 22.6089295, 53.5064846 ], [ 22.6137019, 53.5061062 ], [ 22.6172016, 53.5055385 ], [ 22.6210194, 53.5049709 ], [ 22.6245191, 53.5053493 ], [ 22.6308822, 53.505917 ], [ 22.6347001, 53.504970899999989 ], [ 22.6375635, 53.5045924 ], [ 22.6416995, 53.5047816 ], [ 22.6467899, 53.505917 ], [ 22.650926, 53.5066738 ], [ 22.6541075, 53.5061062 ], [ 22.6585617, 53.5057278 ], [ 22.6614251, 53.5047816 ], [ 22.6677882, 53.5044032 ], [ 22.6703334, 53.5036463 ], [ 22.671606, 53.5025109 ], [ 22.6725605, 53.5013755 ], [ 22.6725605, 53.4996723 ], [ 22.6719242, 53.4981583 ], [ 22.6696971, 53.4966442 ], [ 22.6671519, 53.4951301 ], [ 22.6655611, 53.4934267 ], [ 22.6652429, 53.4913446 ], [ 22.6661974, 53.4898303 ], [ 22.66747, 53.4883159 ], [ 22.6700152, 53.486422900000015 ], [ 22.673515, 53.4852871 ], [ 22.6766965, 53.4849084 ], [ 22.6811507, 53.4849084 ], [ 22.6849685, 53.485476399999989 ], [ 22.6868775, 53.4869908 ], [ 22.6897408, 53.4879373 ], [ 22.6935587, 53.4881266 ], [ 22.6964221, 53.4883159 ], [ 22.7008763, 53.4871801 ], [ 22.7040578, 53.4856657 ], [ 22.7081938, 53.485855 ], [ 22.7120117, 53.4868015 ], [ 22.7136025, 53.4886945 ], [ 22.7158295, 53.4905874 ], [ 22.7171022, 53.4911553 ], [ 22.72092, 53.4917231 ] ], [ [ 22.72092, 53.4917231 ], [ 22.7212382, 53.4917231 ] ], [ [ 22.72092, 53.4917231 ], [ 22.7247379, 53.492291 ], [ 22.7285557, 53.4924803 ], [ 22.731101, 53.4926696 ], [ 22.7355551, 53.4939945 ], [ 22.7381004, 53.4953194 ], [ 22.7396911, 53.4970227 ], [ 22.7416001, 53.4991045 ], [ 22.7416001, 53.5008077 ], [ 22.7416001, 53.5030786 ], [ 22.7425545, 53.504970899999989 ], [ 22.7447816, 53.5068631 ], [ 22.7470087, 53.5076199 ], [ 22.7505084, 53.508566 ], [ 22.7530536, 53.5106472 ], [ 22.75369, 53.5127283 ], [ 22.7546444, 53.5149985 ], [ 22.7565533, 53.5172686 ], [ 22.7603712, 53.5189711 ], [ 22.7632346, 53.520106 ], [ 22.7654617, 53.5219976 ], [ 22.7670525, 53.523889 ], [ 22.7692795, 53.5246455 ], [ 22.7718248, 53.5255912 ], [ 22.7759608, 53.5257803 ], [ 22.7800968, 53.5257803 ], [ 22.7820057, 53.5263477 ], [ 22.7855054, 53.5280498 ], [ 22.7870962, 53.5297519 ], [ 22.7883688, 53.5314539 ], [ 22.7905959, 53.532210299999988 ], [ 22.7937775, 53.5325885 ], [ 22.7975953, 53.5325885 ], [ 22.7998224, 53.5327776 ], [ 22.8030039, 53.533723099999989 ], [ 22.8058673, 53.5346685 ], [ 22.8096852, 53.5344795 ], [ 22.8119123, 53.5331558 ], [ 22.8147757, 53.5314539 ], [ 22.8173209, 53.5297519 ], [ 22.8198661, 53.5297519 ], [ 22.8217751, 53.5297519 ], [ 22.8255929, 53.5297519 ], [ 22.8294108, 53.530130099999987 ], [ 22.8341831, 53.530697499999981 ], [ 22.8370465, 53.5320212 ], [ 22.8386373, 53.533723099999989 ], [ 22.8424551, 53.5359922 ], [ 22.8443641, 53.5367485 ], [ 22.846273, 53.5376939 ], [ 22.8497727, 53.537883 ], [ 22.854545, 53.537883 ], [ 22.8574084, 53.538072 ], [ 22.86059, 53.5386393 ], [ 22.8631352, 53.5395846 ], [ 22.8659986, 53.5420425 ], [ 22.8694983, 53.5427987 ], [ 22.8720435, 53.5429877 ], [ 22.8749069, 53.5429877 ], [ 22.8774522, 53.5435549 ], [ 22.8803156, 53.5445001 ], [ 22.8819063, 53.5463906 ], [ 22.8822245, 53.549226 ], [ 22.8828608, 53.5509272 ], [ 22.887315, 53.5520613 ], [ 22.8908147, 53.5533844 ], [ 22.8930417, 53.5558414 ], [ 22.8943144, 53.5586763 ], [ 22.8949507, 53.5594322 ], [ 22.8971778, 53.560944 ], [ 22.9003593, 53.5616999 ], [ 22.9048135, 53.5618889 ], [ 22.9089495, 53.5632117 ], [ 22.9108584, 53.5643454 ], [ 22.9130855, 53.5668018 ], [ 22.9143581, 53.569447 ], [ 22.9159489, 53.5724698 ], [ 22.9169034, 53.5756814 ], [ 22.9175397, 53.5768148 ], [ 22.9194486, 53.5787038 ], [ 22.9210394, 53.5794594 ], [ 22.9235846, 53.5804038 ], [ 22.926448, 53.583237 ], [ 22.9267662, 53.5858812 ], [ 22.9258117, 53.5873921 ], [ 22.9242209, 53.5890917 ], [ 22.9242209, 53.5913578 ], [ 22.9251754, 53.5940015 ], [ 22.9280388, 53.5955121 ], [ 22.9315385, 53.5964561 ], [ 22.9344019, 53.5974002 ], [ 22.9369471, 53.5992883 ], [ 22.9382197, 53.6006099 ], [ 22.9382197, 53.6030641 ], [ 22.9394923, 53.6047632 ], [ 22.9414013, 53.6057071 ], [ 22.9436284, 53.60646209999998 ], [ 22.9464917, 53.6064621 ], [ 22.949037, 53.6066509 ], [ 22.9522185, 53.6072172 ], [ 22.9579453, 53.6085386 ], [ 22.9595361, 53.6108036 ], [ 22.9604906, 53.6128798 ], [ 22.9623995, 53.614201 ], [ 22.9652629, 53.6155221 ], [ 22.9671718, 53.618353 ], [ 22.96749, 53.6198627 ], [ 22.9681263, 53.622882 ], [ 22.9693989, 53.6245802 ], [ 22.9735349, 53.6253349 ], [ 22.9789435, 53.6266557 ], [ 22.9818069, 53.6283538 ], [ 22.9821251, 53.6319384 ], [ 22.9843522, 53.6342022 ], [ 22.9843522, 53.6366546 ], [ 22.9865793, 53.6389181 ], [ 22.9919879, 53.6396726 ], [ 22.9967602, 53.6408043 ], [ 23.0015325, 53.6411816 ], [ 23.0040778, 53.6423133 ], [ 23.0085319, 53.6428791 ], [ 23.0142587, 53.643067699999989 ], [ 23.0171221, 53.643067699999989 ], [ 23.0225307, 53.6434449 ], [ 23.0263486, 53.6443879 ], [ 23.0308028, 53.64401070000001 ], [ 23.0378022, 53.6426905 ], [ 23.0428926, 53.6432563 ], [ 23.047665, 53.644010699999988 ], [ 23.0533918, 53.6453309 ], [ 23.0562551, 53.6470282 ], [ 23.0581641, 53.6487255 ], [ 23.0610275, 53.6504227 ], [ 23.0651635, 53.6526855 ], [ 23.0696176, 53.6534398 ], [ 23.0734355, 53.6536283 ], [ 23.0772534, 53.6547597 ], [ 23.0794804, 53.655891 ], [ 23.0820257, 53.6577764 ], [ 23.0829801, 53.6590962 ], [ 23.0852072, 53.6624897 ], [ 23.0861617, 53.6639978 ], [ 23.0893432, 53.6658829 ], [ 23.0937974, 53.666825400000015 ], [ 23.0985697, 53.6677679 ], [ 23.1001605, 53.668521899999988 ], [ 23.1014331, 53.6705952 ], [ 23.1020694, 53.6721031 ], [ 23.1030239, 53.6732339 ], [ 23.1055691, 53.6751186 ], [ 23.1084325, 53.6760609 ], [ 23.1119322, 53.6764378 ], [ 23.1151138, 53.6766263 ], [ 23.1189316, 53.6771917 ], [ 23.1224313, 53.6786993 ], [ 23.1243403, 53.6798299 ], [ 23.1265674, 53.6817143 ], [ 23.1287944, 53.6835986 ], [ 23.1307034, 53.6847291 ], [ 23.1354757, 53.6860481 ], [ 23.1370665, 53.6873669 ], [ 23.1373846, 53.6900046 ], [ 23.1389754, 53.6915117 ], [ 23.1427932, 53.6933956 ], [ 23.1466111, 53.6939607 ], [ 23.1510653, 53.6943375 ], [ 23.1555194, 53.6943375 ], [ 23.1596554, 53.6943375 ], [ 23.1612462, 53.6945258 ], [ 23.1666549, 53.695091 ], [ 23.1714272, 53.6960328 ], [ 23.177154, 53.6975398 ], [ 23.1816081, 53.6986699 ], [ 23.1866986, 53.699235 ], [ 23.1898802, 53.7001767 ], [ 23.1930617, 53.6998 ], [ 23.1949706, 53.6994233 ], [ 23.1981522, 53.6990466 ], [ 23.2013337, 53.698669900000013 ], [ 23.2032427, 53.6986699 ], [ 23.2064242, 53.6996117 ], [ 23.208015, 53.7005534 ], [ 23.2096057, 53.7009301 ], [ 23.2115147, 53.7024369 ], [ 23.2140599, 53.7045086 ], [ 23.2169233, 53.7060152 ], [ 23.2197867, 53.7069568 ], [ 23.2239227, 53.707333500000011 ], [ 23.2280587, 53.7067685 ], [ 23.2299677, 53.7063919 ], [ 23.2341037, 53.7056386 ], [ 23.2366489, 53.7069568 ], [ 23.2398305, 53.7078984 ], [ 23.243012, 53.7084634 ], [ 23.2477843, 53.7080867 ], [ 23.2503296, 53.7077101 ], [ 23.253193, 53.7062036 ], [ 23.2563745, 53.7041319 ], [ 23.2598742, 53.7033786 ], [ 23.2643284, 53.7035669 ], [ 23.2671918, 53.7037553 ], [ 23.2713278, 53.7045086 ], [ 23.2770546, 53.7039436 ], [ 23.2811906, 53.7037553 ], [ 23.2878718, 53.7046969 ], [ 23.292326, 53.7058269 ], [ 23.2967802, 53.7078984 ], [ 23.3012343, 53.7103465 ], [ 23.3060066, 53.711288 ], [ 23.3120516, 53.7118529 ], [ 23.3161876, 53.7126061 ], [ 23.3193691, 53.714489 ], [ 23.3228688, 53.7161835 ], [ 23.3270049, 53.7167484 ], [ 23.3295501, 53.7165601 ], [ 23.3330498, 53.7163718 ], [ 23.3359132, 53.7173132 ], [ 23.3384584, 53.7186311 ], [ 23.3403674, 53.7197607 ], [ 23.3464123, 53.720513700000012 ], [ 23.3524572, 53.7197607 ], [ 23.3527754, 53.7197607 ], [ 23.3594566, 53.719949 ], [ 23.3616837, 53.720325499999987 ], [ 23.3670924, 53.7220198 ], [ 23.3705921, 53.7231493 ], [ 23.3750462, 53.723149299999989 ], [ 23.3798186, 53.7225846 ], [ 23.3855453, 53.7212668 ], [ 23.3899995, 53.7212668 ], [ 23.3925447, 53.7222081 ], [ 23.3963626, 53.7220198 ], [ 23.4011349, 53.7208903 ], [ 23.4039983, 53.7182546 ], [ 23.4036802, 53.7150539 ], [ 23.4036802, 53.7116646 ], [ 23.4065436, 53.7092166 ], [ 23.4097251, 53.7063919 ], [ 23.4141793, 53.7039436 ], [ 23.4167245, 53.7016835 ], [ 23.4186334, 53.7011185 ], [ 23.4246784, 53.6999884 ], [ 23.4278599, 53.6981048 ], [ 23.4294507, 53.6967863 ], [ 23.4348593, 53.6979165 ], [ 23.4377227, 53.699235 ], [ 23.4409043, 53.7005534 ], [ 23.444404, 53.7005534 ], [ 23.4488581, 53.6996117 ], [ 23.452676, 53.700365100000013 ], [ 23.4561757, 53.7018719 ], [ 23.4571302, 53.7035669 ], [ 23.4574483, 53.7058269 ], [ 23.4593572, 53.707145200000014 ], [ 23.4634933, 53.7084634 ], [ 23.4679474, 53.70884 ], [ 23.4724016, 53.7101582 ], [ 23.4790828, 53.7105348 ], [ 23.483537, 53.7101582 ], [ 23.487673, 53.7092166 ], [ 23.4911727, 53.707145200000014 ], [ 23.4953087, 53.7050736 ], [ 23.4997629, 53.7045086 ], [ 23.5026263, 53.7037553 ], [ 23.5058078, 53.7024369 ], [ 23.5086712, 53.6999884 ], [ 23.5112165, 53.6986699 ], [ 23.5159888, 53.6982932 ], [ 23.5201248, 53.6975398 ], [ 23.5242608, 53.6962212 ], [ 23.5283968, 53.6939607 ], [ 23.5322147, 53.6930188 ], [ 23.5357144, 53.692642 ], [ 23.5395323, 53.6909465 ], [ 23.5443046, 53.6890626 ], [ 23.5503495, 53.6877437 ], [ 23.5563945, 53.6877437 ], [ 23.5608486, 53.68868579999998 ], [ 23.5659391, 53.688309 ], [ 23.5710296, 53.6873669 ], [ 23.5748474, 53.6873669 ], [ 23.582165, 53.6881206 ], [ 23.5882099, 53.6881206 ], [ 23.5948912, 53.6886858 ], [ 23.6028451, 53.6894394 ], [ 23.6117534, 53.6909465 ], [ 23.6225706, 53.6930188 ], [ 23.627343, 53.693207199999989 ], [ 23.6346605, 53.6918885 ], [ 23.6419781, 53.6894394 ], [ 23.6470686, 53.6886858 ], [ 23.6515227, 53.6888742 ], [ 23.6578858, 53.688497399999989 ], [ 23.66234, 53.6879322 ], [ 23.6652034, 53.6866133 ], [ 23.6671123, 53.6839754 ], [ 23.6671123, 53.6820912 ], [ 23.6661579, 53.6798299 ], [ 23.6639308, 53.6779455 ], [ 23.6636126, 53.6758725 ], [ 23.6652034, 53.6743647 ], [ 23.6696576, 53.6730455 ], [ 23.6741117, 53.672857 ], [ 23.678884, 53.6730455 ], [ 23.6827019, 53.6730455 ], [ 23.6874742, 53.6726685 ], [ 23.6900195, 53.67248 ], [ 23.6941555, 53.6713492 ], [ 23.6992459, 53.6711607 ], [ 23.7021093, 53.6719146 ], [ 23.7097451, 53.6717261 ], [ 23.7129266, 53.6709722 ], [ 23.7164263, 53.6700298 ], [ 23.7237439, 53.6683334 ], [ 23.728198, 53.6673909 ], [ 23.734243, 53.6673909 ], [ 23.7390153, 53.6662599 ], [ 23.7468509, 53.6666397 ] ], [ [ 22.5851753, 55.0560157 ], [ 22.582195, 55.043819799999987 ], [ 22.5807633, 55.02659 ], [ 22.580286, 55.0172883 ], [ 22.5874445, 55.0112684 ], [ 22.5869673, 54.9994997 ], [ 22.5869673, 54.9901917 ], [ 22.5984208, 54.9838939 ], [ 22.6041476, 54.9781429 ], [ 22.6160784, 54.9743084 ], [ 22.6160784, 54.9666383 ], [ 22.6175101, 54.9600628 ], [ 22.6218052, 54.9575967 ], [ 22.6284865, 54.9565006 ], [ 22.6342133, 54.9575967 ], [ 22.6385083, 54.9597888 ], [ 22.6385083, 54.9625288 ], [ 22.6365994, 54.9658164 ], [ 22.6346905, 54.968282 ], [ 22.6351677, 54.9710214 ], [ 22.63994, 54.9721171 ], [ 22.6451896, 54.9718432 ], [ 22.6556887, 54.9688299 ], [ 22.6595066, 54.9652685 ], [ 22.66237, 54.9619808 ], [ 22.668574, 54.9586928 ], [ 22.6790731, 54.9548565 ], [ 22.6857543, 54.9496494 ], [ 22.6847999, 54.9438935 ], [ 22.6843226, 54.9384109 ], [ 22.6895722, 54.9337501 ], [ 22.6962534, 54.9310082 ], [ 22.7072298, 54.9304598 ], [ 22.7172517, 54.9340242 ], [ 22.7234557, 54.935120899999987 ], [ 22.7320458, 54.9337501 ], [ 22.7382499, 54.9310082 ], [ 22.7372954, 54.92771759999998 ], [ 22.7334775, 54.9247011 ], [ 22.7258418, 54.9238783 ], [ 22.720115, 54.9230556 ], [ 22.7172517, 54.9197644 ], [ 22.7196378, 54.9145528 ], [ 22.720115, 54.9087919 ], [ 22.7234557, 54.9057739 ], [ 22.7301369, 54.9046764 ], [ 22.7358637, 54.9068714 ], [ 22.7396816, 54.9098892 ], [ 22.7434994, 54.9120839 ], [ 22.7530441, 54.9126326 ], [ 22.7587709, 54.9129069 ], [ 22.7649749, 54.9107123 ], [ 22.7630659, 54.9063226 ], [ 22.7640204, 54.902755699999986 ], [ 22.7697472, 54.8994628 ], [ 22.7749967, 54.8986396 ], [ 22.7850186, 54.8994628 ], [ 22.7974267, 54.9000117 ], [ 22.8069713, 54.9008349 ], [ 22.8150842, 54.8972675 ], [ 22.8189021, 54.8917785 ], [ 22.8231972, 54.8865633 ], [ 22.8327418, 54.8840927 ], [ 22.8365597, 54.8802492 ], [ 22.8356052, 54.8742088 ], [ 22.8279695, 54.870639 ], [ 22.827015, 54.8670689 ], [ 22.8274923, 54.8610265 ], [ 22.8298784, 54.858829 ], [ 22.828924, 54.8555326 ], [ 22.8251061, 54.8533348 ], [ 22.8246289, 54.8492136 ], [ 22.8255834, 54.8442677 ], [ 22.8294012, 54.8387715 ], [ 22.8370369, 54.8360231 ], [ 22.8427637, 54.8308007 ], [ 22.8499222, 54.826952200000015 ], [ 22.855649, 54.824203 ], [ 22.8599441, 54.8181542 ], [ 22.868057, 54.8159543 ], [ 22.8694887, 54.8110043 ], [ 22.8713976, 54.80632880000001 ], [ 22.8804651, 54.8035782 ], [ 22.8833284, 54.7989018 ], [ 22.8818967, 54.796150700000013 ], [ 22.882374, 54.7903728 ], [ 22.8785561, 54.78597 ], [ 22.8699659, 54.7834933 ], [ 22.8671026, 54.7779888 ], [ 22.8671026, 54.7727589 ], [ 22.8628075, 54.7691801 ], [ 22.8656709, 54.7661517 ], [ 22.868057, 54.7636737 ], [ 22.8685342, 54.7606448 ], [ 22.8671026, 54.7587173 ], [ 22.8632847, 54.7573404 ], [ 22.855649, 54.7584419 ], [ 22.8508767, 54.7587173 ], [ 22.847536, 54.7573404 ], [ 22.8470588, 54.7551373 ], [ 22.8456271, 54.752934 ], [ 22.841332, 54.7518324 ], [ 22.8375142, 54.752934 ], [ 22.8356052, 54.7554127 ], [ 22.8308329, 54.7562389 ], [ 22.8260606, 54.7554127 ], [ 22.8222427, 54.7532095 ], [ 22.82272, 54.7504553 ], [ 22.8265378, 54.7463236 ], [ 22.8308329, 54.7446708 ], [ 22.8303557, 54.7413651 ], [ 22.8265378, 54.7388856 ], [ 22.820811, 54.7383346 ], [ 22.8150842, 54.7405386 ], [ 22.8122209, 54.743018 ], [ 22.8079258, 54.74549720000001 ], [ 22.802199, 54.7452218 ], [ 22.7926543, 54.7435689 ], [ 22.7916999, 54.7399876 ], [ 22.7912226, 54.7366815 ], [ 22.7916999, 54.7339261 ], [ 22.787882, 54.7314462 ], [ 22.7812008, 54.7308951 ], [ 22.7745195, 54.7314462 ], [ 22.7687927, 54.7308951 ], [ 22.7635432, 54.7292417 ], [ 22.7606798, 54.7262102 ], [ 22.7597253, 54.722903 ], [ 22.7573392, 54.7212492 ], [ 22.7535213, 54.7187685 ], [ 22.7535213, 54.716012 ], [ 22.7592481, 54.7129796 ], [ 22.7640204, 54.710498299999983 ], [ 22.767361, 54.7082927 ], [ 22.7668838, 54.7049839 ], [ 22.7659293, 54.7025022 ], [ 22.7621115, 54.6994688 ], [ 22.7587709, 54.6972625 ], [ 22.7458856, 54.6953319 ], [ 22.7377726, 54.6887121 ], [ 22.7339548, 54.6837465 ], [ 22.7339548, 54.6793322 ], [ 22.7387271, 54.6735376 ], [ 22.7449311, 54.670502 ], [ 22.7516124, 54.6685701 ], [ 22.7578164, 54.6641541 ], [ 22.7554302, 54.6575292 ], [ 22.7625887, 54.6520076 ], [ 22.7640204, 54.6473137 ], [ 22.7582936, 54.644 ], [ 22.7539985, 54.640133600000013 ], [ 22.7649749, 54.6348859 ], [ 22.7668838, 54.6315712 ], [ 22.7668838, 54.6230069 ], [ 22.7592481, 54.6207965 ], [ 22.7477945, 54.620243899999984 ], [ 22.7377726, 54.6147172 ], [ 22.7320458, 54.6097426 ], [ 22.7339548, 54.6044909 ], [ 22.7277508, 54.597856299999989 ], [ 22.7186833, 54.5945386 ], [ 22.7091387, 54.5917736 ], [ 22.701503, 54.5890084 ], [ 22.6962534, 54.5832009 ], [ 22.6972079, 54.5749031 ], [ 22.7067525, 54.5685403 ], [ 22.7120021, 54.5635601 ], [ 22.7115249, 54.5560885 ], [ 22.7048436, 54.5516603 ], [ 22.7005485, 54.5472315 ], [ 22.7000713, 54.5422487 ], [ 22.7024575, 54.5364345 ], [ 22.7010258, 54.5320042 ], [ 22.695299, 54.528958 ], [ 22.6876633, 54.528958 ], [ 22.6838454, 54.5259116 ], [ 22.680982, 54.5209261 ], [ 22.6824137, 54.515386 ], [ 22.6867088, 54.509568 ], [ 22.6919583, 54.5040264 ], [ 22.6948217, 54.4932179 ], [ 22.6981624, 54.4846246 ], [ 22.7019802, 54.4724244 ], [ 22.7067525, 54.4649362 ], [ 22.7148655, 54.4613302 ], [ 22.7182061, 54.4527302 ], [ 22.722024, 54.4466258 ], [ 22.7291825, 54.4407981 ], [ 22.7315686, 54.4319161 ], [ 22.7372954, 54.4230322 ], [ 22.740636, 54.4160903 ], [ 22.7492262, 54.4060919 ], [ 22.7568619, 54.3972025 ], [ 22.7563847, 54.3919234 ], [ 22.754953, 54.3852542 ], [ 22.754953, 54.3796956 ], [ 22.7602025, 54.3766381 ], [ 22.7678383, 54.3738584 ], [ 22.7764284, 54.3674642 ], [ 22.7788146, 54.360791 ], [ 22.7874048, 54.3560635 ], [ 22.7955177, 54.3491103 ], [ 22.7983811, 54.3385391 ], [ 22.7979039, 54.3321395 ], [ 22.7950405, 54.3260171 ], [ 22.7859731, 54.3207289 ], [ 22.7721334, 54.3173887 ], [ 22.7621115, 54.310985699999989 ], [ 22.7582936, 54.304303300000015 ], [ 22.7573392, 54.2967843 ], [ 22.7592481, 54.2903782 ], [ 22.7544758, 54.2836925 ], [ 22.7458856, 54.2789561 ], [ 22.7430222, 54.2725472 ], [ 22.7353865, 54.2689243 ], [ 22.7153427, 54.2697604 ], [ 22.7091387, 54.2641862 ], [ 22.701503, 54.2616776 ], [ 22.6910039, 54.263907499999988 ], [ 22.6876633, 54.266137199999989 ], [ 22.668574, 54.2655798 ], [ 22.6561659, 54.2700391 ], [ 22.6447124, 54.2666947 ], [ 22.6346905, 54.2594476 ], [ 22.6265775, 54.2547084 ], [ 22.6241914, 54.2502475 ], [ 22.6203735, 54.2466227 ], [ 22.6175101, 54.2435553 ], [ 22.5998525, 54.2471804 ], [ 22.5893534, 54.2516416 ], [ 22.5807633, 54.2613988 ], [ 22.5583333, 54.2627925 ], [ 22.5440164, 54.2530356 ], [ 22.5359034, 54.2374197 ], [ 22.5354262, 54.2276568 ], [ 22.5382896, 54.2128686 ], [ 22.5444936, 54.2067285 ], [ 22.5592878, 54.1994709 ], [ 22.5626284, 54.193049599999988 ], [ 22.5845811, 54.1891405 ], [ 22.5893534, 54.1869066 ], [ 22.5979436, 54.1707069 ], [ 22.6017615, 54.1558983 ], [ 22.6065338, 54.1416435 ], [ 22.6103516, 54.131019 ], [ 22.6156012, 54.1237481 ], [ 22.6246686, 54.1187136 ], [ 22.6284865, 54.109762 ], [ 22.6342133, 54.1038864 ], [ 22.6513936, 54.0985696 ], [ 22.6599838, 54.093812 ], [ 22.6561659, 54.0859747 ], [ 22.6523481, 54.0798158 ], [ 22.6485302, 54.077016 ], [ 22.6289637, 54.074776 ], [ 22.615124, 54.0630141 ], [ 22.6041476, 54.0546106 ], [ 22.6022387, 54.0509686 ], [ 22.60892, 54.0450847 ], [ 22.6289637, 54.0392 ], [ 22.6518708, 54.0324735 ], [ 22.6695284, 54.026026300000012 ], [ 22.6781186, 54.0176155 ], [ 22.6862316, 54.0072397 ], [ 22.6943445, 53.9954586 ], [ 22.7048436, 53.9833937 ], [ 22.7010258, 53.9673951 ], [ 22.7034119, 53.9623417 ], [ 22.7182061, 53.9513905 ], [ 22.7248874, 53.9452116 ], [ 22.7463628, 53.9401555 ], [ 22.7630659, 53.9291984 ], [ 22.7726106, 53.9224542 ], [ 22.7797691, 53.9117736 ], [ 22.7912226, 53.8940603 ], [ 22.7916999, 53.8870291 ], [ 22.7859731, 53.8777461 ], [ 22.7797691, 53.87380730000001 ], [ 22.7773829, 53.8622699 ], [ 22.781678, 53.8515739 ], [ 22.7854959, 53.8408752 ], [ 22.7850186, 53.8360881 ], [ 22.7730878, 53.8234135 ], [ 22.7630659, 53.8177792 ], [ 22.7506579, 53.8135529 ], [ 22.7372954, 53.811862299999987 ], [ 22.7315686, 53.8104534 ], [ 22.7162972, 53.7955161 ], [ 22.7029347, 53.7783175 ], [ 22.7043664, 53.7650613 ], [ 22.7081842, 53.7574442 ], [ 22.7048436, 53.7495435 ], [ 22.695299, 53.7430525 ], [ 22.6709601, 53.7345845 ], [ 22.6614155, 53.7311968 ], [ 22.6423262, 53.7283735 ], [ 22.6294409, 53.725832399999987 ], [ 22.6108289, 53.713407 ], [ 22.5912624, 53.7080403 ], [ 22.5736048, 53.7052155 ], [ 22.5583333, 53.703803 ], [ 22.547357, 53.7035205 ], [ 22.534949, 53.7097351 ], [ 22.5201548, 53.706063 ], [ 22.5067923, 53.7015429 ], [ 22.4943842, 53.6975875 ], [ 22.4752949, 53.6950445 ], [ 22.4509561, 53.697305 ], [ 22.4361619, 53.6970224 ], [ 22.4204132, 53.6944794 ], [ 22.3898704, 53.6879799 ], [ 22.3736445, 53.684871099999988 ], [ 22.3626682, 53.6797835 ], [ 22.3402382, 53.6653652 ], [ 22.3345115, 53.662537500000013 ], [ 22.3206717, 53.6582956 ], [ 22.3058775, 53.6557502 ], [ 22.280107, 53.6540532 ], [ 22.2567226, 53.6483961 ], [ 22.2376333, 53.6396261 ], [ 22.218544, 53.6291563 ], [ 22.2070905, 53.6223637 ], [ 22.1975458, 53.6144376 ], [ 22.1870467, 53.6192501 ], [ 22.1851378, 53.6249111 ], [ 22.1837061, 53.627741299999983 ], [ 22.1755932, 53.6291563 ], [ 22.1641396, 53.6268922 ], [ 22.1522088, 53.6209484 ], [ 22.1469592, 53.6121727 ], [ 22.1412324, 53.6073595 ], [ 22.1283472, 53.603678399999986 ], [ 22.1173708, 53.600563300000012 ], [ 22.1092579, 53.5951823 ], [ 22.1040083, 53.5861179 ], [ 22.0968498, 53.5776183 ], [ 22.0892141, 53.5708174 ], [ 22.0768061, 53.5631651 ], [ 22.0586713, 53.554660899999988 ], [ 22.0367186, 53.5461549 ], [ 22.0243106, 53.540767 ], [ 22.006653, 53.536229200000015 ], [ 21.9885181, 53.5333928 ], [ 21.9722923, 53.5291379 ], [ 21.9632248, 53.5186407 ], [ 21.9560664, 53.5078571 ], [ 21.9455673, 53.489405 ], [ 21.9355454, 53.480318 ], [ 21.9202739, 53.4770874 ], [ 21.9040481, 53.4816315 ], [ 21.8863905, 53.4898664 ], [ 21.8687329, 53.497532 ], [ 21.8534614, 53.5032094 ], [ 21.8305543, 53.5080345 ], [ 21.8066927, 53.5114401 ], [ 21.792853, 53.5120077 ], [ 21.7675597, 53.5108725 ], [ 21.743698, 53.5105887 ], [ 21.7207909, 53.5156968 ], [ 21.690248, 53.5213717 ], [ 21.6640003, 53.5239251 ], [ 21.6458655, 53.5256273 ], [ 21.6277306, 53.5284642 ], [ 21.6153226, 53.5290316 ], [ 21.6014829, 53.5278969 ], [ 21.5780985, 53.5250599 ], [ 21.5470784, 53.5182506 ], [ 21.5279891, 53.5156968 ], [ 21.5127177, 53.5131428 ], [ 21.4893333, 53.506331599999982 ], [ 21.46404, 53.5000869 ], [ 21.4454279, 53.4963965 ], [ 21.4182257, 53.49157 ], [ 21.3948413, 53.486743 ], [ 21.3685936, 53.4819155 ], [ 21.3351873, 53.4759513 ], [ 21.3051217, 53.4699862 ], [ 21.2836462, 53.4671454 ], [ 21.2650342, 53.4625998 ], [ 21.2492855, 53.4586219 ], [ 21.2321052, 53.45009670000001 ], [ 21.2053802, 53.4301979 ], [ 21.1834275, 53.4159787 ], [ 21.1538391, 53.3963485 ], [ 21.1342726, 53.3846798 ], [ 21.1123199, 53.3721538 ], [ 21.0980029, 53.3650351 ], [ 21.0812998, 53.3587697 ], [ 21.0416895, 53.3476605 ], [ 21.0116239, 53.339398 ], [ 20.9820355, 53.3319888 ], [ 20.9572194, 53.322583 ], [ 20.9347895, 53.315171 ], [ 20.9133141, 53.3097536 ], [ 20.8880208, 53.3040504 ], [ 20.8651136, 53.2994873 ], [ 20.8546145, 53.2974908 ], [ 20.8527056, 53.3017689 ], [ 20.8560462, 53.3074724 ], [ 20.8531828, 53.3126049 ], [ 20.8503194, 53.3163114 ], [ 20.8507967, 53.3205876 ], [ 20.8560462, 53.3254335 ], [ 20.855569, 53.3319888 ], [ 20.8507967, 53.3348386 ], [ 20.8393431, 53.3334138 ], [ 20.8297985, 53.3299938 ], [ 20.8235944, 53.3294238 ], [ 20.8140498, 53.3302788 ], [ 20.8068913, 53.3317038 ], [ 20.8035507, 53.3351236 ], [ 20.8045052, 53.339113 ], [ 20.7983011, 53.3439568 ], [ 20.7858931, 53.3453813 ], [ 20.7782574, 53.3485152 ], [ 20.7720534, 53.3488 ], [ 20.7663266, 53.3465209 ], [ 20.761077, 53.343387 ], [ 20.7520096, 53.3416775 ], [ 20.7438967, 53.3448115 ], [ 20.7391244, 53.3450964 ], [ 20.734352, 53.3439568 ], [ 20.7257619, 53.3439568 ], [ 20.71574, 53.346236 ], [ 20.7081043, 53.3445266 ], [ 20.6995141, 53.346236 ], [ 20.6956962, 53.3488 ], [ 20.689015, 53.350794199999989 ], [ 20.6842427, 53.3519336 ], [ 20.6789931, 53.3513639 ], [ 20.6727891, 53.3502244 ], [ 20.6661078, 53.3505093 ], [ 20.6589493, 53.3516487 ], [ 20.6532226, 53.351079 ], [ 20.6484502, 53.3496547 ], [ 20.6427235, 53.346520899999987 ], [ 20.6427235, 53.3416775 ], [ 20.6432007, 53.3376883 ], [ 20.641769, 53.335978499999989 ], [ 20.6369967, 53.3351236 ], [ 20.6269748, 53.3376883 ], [ 20.6207708, 53.3388281 ], [ 20.6107489, 53.3385431 ], [ 20.6040676, 53.337688300000011 ], [ 20.5926141, 53.3339837 ], [ 20.5849784, 53.3305638 ], [ 20.5663663, 53.3217279 ], [ 20.5477543, 53.313745399999988 ], [ 20.5305739, 53.3080427 ], [ 20.5148252, 53.3031949 ], [ 20.5005083, 53.2989169 ], [ 20.4866685, 53.2957794 ], [ 20.4737833, 53.2743815 ], [ 20.4589891, 53.254686 ], [ 20.4437176, 53.2384089 ], [ 20.4303551, 53.2238399 ], [ 20.4150837, 53.206122 ], [ 20.4017212, 53.193543500000011 ], [ 20.3893132, 53.1775292 ], [ 20.368315, 53.1575029 ], [ 20.3544752, 53.1437652 ], [ 20.3392038, 53.1300231 ], [ 20.3277502, 53.1179951 ], [ 20.3205917, 53.1134122 ], [ 20.3057975, 53.1082557 ], [ 20.2876627, 53.1065368 ], [ 20.2771636, 53.1065368 ], [ 20.267619, 53.1048178 ], [ 20.253302, 53.1036717 ], [ 20.240894, 53.101093 ], [ 20.2237136, 53.0982276 ], [ 20.2113056, 53.101093 ], [ 20.1950797, 53.1022391 ], [ 20.173127, 53.1056773 ], [ 20.1454475, 53.112839300000012 ], [ 20.1239721, 53.1240095 ], [ 20.1106096, 53.1351769 ], [ 20.1015422, 53.1469138 ], [ 20.0891341, 53.1575029 ], [ 20.0772033, 53.1635118 ], [ 20.0676587, 53.166945 ], [ 20.0557279, 53.1680894 ], [ 20.045706, 53.1663729 ], [ 20.0352069, 53.1586475 ], [ 20.0309118, 53.1517794 ], [ 20.018981, 53.1492036 ], [ 20.0022779, 53.1534965 ], [ 19.9884382, 53.159506 ], [ 19.986052, 53.1646562 ], [ 19.979848, 53.1689477 ], [ 19.973644, 53.1726665 ], [ 19.9693591, 53.1763233 ], [ 19.964314, 53.1780242 ], [ 19.9561156, 53.1804809 ], [ 19.9510705, 53.1802919 ], [ 19.9485479, 53.179536 ], [ 19.9472866, 53.1770793 ], [ 19.9469713, 53.1746224 ], [ 19.9460253, 53.1727324 ], [ 19.9425568, 53.1717874 ], [ 19.937827, 53.17103130000001 ], [ 19.9349891, 53.1731104 ], [ 19.9321512, 53.174811399999989 ], [ 19.9264754, 53.1751894 ], [ 19.9211149, 53.1742444 ], [ 19.9173311, 53.1727324 ], [ 19.9160698, 53.1704643 ], [ 19.9132319, 53.1683851 ], [ 19.9100787, 53.1666838 ], [ 19.902511, 53.1659277 ], [ 19.8962046, 53.1655496 ], [ 19.8870602, 53.1657386 ], [ 19.8794925, 53.1659277 ], [ 19.8706635, 53.1657386 ], [ 19.8605733, 53.1638482 ], [ 19.8536362, 53.1612015 ], [ 19.848591, 53.1574202 ], [ 19.8476451, 53.1517477 ], [ 19.848591, 53.1441831 ], [ 19.8501676, 53.1373739 ], [ 19.850483, 53.1324554 ], [ 19.848591, 53.127347199999988 ], [ 19.8451225, 53.1246982 ], [ 19.8413387, 53.1239414 ], [ 19.8369242, 53.124509 ], [ 19.8334556, 53.1267796 ], [ 19.8306177, 53.1296176 ], [ 19.8262032, 53.132077100000011 ], [ 19.8217887, 53.1322662 ], [ 19.8148517, 53.132077099999989 ], [ 19.8104372, 53.1301852 ], [ 19.8072839, 53.1279148 ], [ 19.8000316, 53.1231845 ], [ 19.7921485, 53.1173182 ], [ 19.7874187, 53.1141008 ], [ 19.7820582, 53.1122081 ], [ 19.7754365, 53.1116403 ], [ 19.770076, 53.1122081 ], [ 19.7656615, 53.1150471 ], [ 19.7628236, 53.1193999 ], [ 19.7603011, 53.1262119 ], [ 19.7584091, 53.1303744 ], [ 19.7549406, 53.1351039 ], [ 19.7521027, 53.1379414 ], [ 19.7464269, 53.1405895 ], [ 19.7382286, 53.1430483 ], [ 19.7328681, 53.1451288 ], [ 19.7227778, 53.148532899999985 ], [ 19.7126875, 53.1521259 ], [ 19.7079577, 53.1577984 ], [ 19.7060658, 53.1644154 ], [ 19.7044892, 53.1708423 ], [ 19.7016513, 53.1787801 ], [ 19.6991287, 53.1833154 ], [ 19.6943989, 53.187094399999985 ], [ 19.6877772, 53.1893616 ], [ 19.6754796, 53.1914398 ], [ 19.6657047, 53.1916287 ], [ 19.6534071, 53.1912509 ], [ 19.6458394, 53.1897395 ], [ 19.638587, 53.1878501 ], [ 19.6329113, 53.1838822 ], [ 19.63165, 53.1793471 ], [ 19.630704, 53.1723544 ], [ 19.6281814, 53.1642263 ], [ 19.6234516, 53.1560967 ], [ 19.6193524, 53.1506131 ], [ 19.613046, 53.1475874 ], [ 19.6073702, 53.1436157 ], [ 19.6020098, 53.1398329 ], [ 19.5979106, 53.1368064 ], [ 19.5941267, 53.1360497 ], [ 19.5890816, 53.1368064 ], [ 19.5811986, 53.138698 ], [ 19.5736308, 53.1377522 ], [ 19.5707929, 53.1358606 ], [ 19.568901, 53.1345364 ], [ 19.5651172, 53.1364281 ], [ 19.5622793, 53.1388871 ], [ 19.5603873, 53.1428592 ], [ 19.5547116, 53.1468309 ], [ 19.5496664, 53.1496676 ], [ 19.5439906, 53.1528823 ], [ 19.5376842, 53.1534495 ], [ 19.5320084, 53.1517477 ], [ 19.5275939, 53.1485329 ], [ 19.5234947, 53.1479656 ], [ 19.5200262, 53.1462635 ], [ 19.5127738, 53.1451288 ], [ 19.5074134, 53.1447505 ], [ 19.5033142, 53.1432375 ], [ 19.4957465, 53.1432375 ], [ 19.4888094, 53.1453179 ], [ 19.4790344, 53.1460744 ], [ 19.4720974, 53.14702 ], [ 19.4670522, 53.1511804 ], [ 19.4629531, 53.1564749 ], [ 19.4579079, 53.162903 ], [ 19.4500249, 53.168007 ], [ 19.4405652, 53.1729214 ], [ 19.429529, 53.1755674 ], [ 19.4181774, 53.180103 ], [ 19.4084025, 53.1823706 ], [ 19.3995735, 53.1827485 ], [ 19.3954743, 53.1840712 ], [ 19.3907445, 53.1844491 ], [ 19.3831768, 53.1840712 ], [ 19.3790776, 53.1823706 ], [ 19.376555, 53.1827485 ], [ 19.3693026, 53.1853939 ], [ 19.3652034, 53.1884169 ], [ 19.3617349, 53.1912509 ], [ 19.3611043, 53.1967293 ], [ 19.3592123, 53.2016404 ], [ 19.3570051, 53.2063621 ], [ 19.3513293, 53.210139100000013 ], [ 19.3484914, 53.2139157 ], [ 19.3447076, 53.2184472 ], [ 19.3349326, 53.2212792 ], [ 19.3295721, 53.2242997 ], [ 19.3220044, 53.2254324 ], [ 19.3201125, 53.227320099999986 ], [ 19.3197972, 53.2299627 ], [ 19.3185359, 53.2331714 ], [ 19.3134907, 53.2375122 ], [ 19.3106528, 53.2358136 ], [ 19.3049771, 53.2335489 ], [ 19.3018239, 53.2327939 ], [ 19.2967787, 53.2333601 ], [ 19.2923642, 53.23487 ], [ 19.2873191, 53.2363798 ], [ 19.2816433, 53.2365686 ], [ 19.2762828, 53.23487 ], [ 19.2731296, 53.2318502 ], [ 19.2696611, 53.2284527 ], [ 19.2668232, 53.226565 ], [ 19.2620934, 53.2248661 ], [ 19.2564176, 53.2231671 ], [ 19.2532644, 53.220524 ], [ 19.252949, 53.2163703 ], [ 19.2526337, 53.2129716 ], [ 19.2507418, 53.2095725 ], [ 19.2482192, 53.2074952 ], [ 19.2425434, 53.2056067 ], [ 19.2346604, 53.2048512 ], [ 19.2311919, 53.2031514 ], [ 19.2286693, 53.1988072 ], [ 19.227408, 53.1946514 ], [ 19.2207863, 53.1901173 ], [ 19.2163718, 53.1872833 ], [ 19.2147952, 53.1844491 ], [ 19.2110113, 53.1821816 ], [ 19.2065968, 53.179725 ], [ 19.2047049, 53.1765123 ], [ 19.2040742, 53.1731104 ], [ 19.2031283, 53.1706533 ], [ 19.1987138, 53.1683851 ], [ 19.1908307, 53.1659277 ], [ 19.1867316, 53.1642263 ], [ 19.184209, 53.1610125 ], [ 19.1829477, 53.1577984 ], [ 19.1791639, 53.1551513 ], [ 19.1738034, 53.1534495 ], [ 19.1681276, 53.151936799999987 ], [ 19.1627671, 53.1502349 ], [ 19.1580373, 53.1473982 ], [ 19.1526769, 53.144561399999986 ], [ 19.1501543, 53.1421026 ], [ 19.1485777, 53.1390763 ], [ 19.1476317, 53.1356714 ], [ 19.1416406, 53.1335905 ], [ 19.1337576, 53.1334013 ], [ 19.1255592, 53.1334013 ], [ 19.1148383, 53.1335905 ], [ 19.1079012, 53.1326446 ], [ 19.0965497, 53.1315095 ], [ 19.0933964, 53.1303744 ], [ 19.0861441, 53.1313203 ], [ 19.0804683, 53.1307527 ], [ 19.0751078, 53.1286716 ], [ 19.0697473, 53.1250767 ], [ 19.0637562, 53.1229953 ], [ 19.0565039, 53.1231845 ], [ 19.0505127, 53.1252659 ], [ 19.0464136, 53.1246982 ], [ 19.0394765, 53.1212922 ], [ 19.0325394, 53.1201568 ], [ 19.025287, 53.1212922 ], [ 19.0145661, 53.1201568 ], [ 19.0098363, 53.1148579 ], [ 19.0073137, 53.1116403 ], [ 19.0025839, 53.109369 ], [ 18.9947009, 53.1078547 ], [ 18.9868178, 53.1123974 ], [ 18.9814574, 53.1141008 ], [ 18.9751509, 53.1127759 ], [ 18.9713671, 53.110126099999988 ], [ 18.9678986, 53.1067189 ], [ 18.96443, 53.106151 ], [ 18.9609615, 53.1057724 ], [ 18.9578083, 53.104258 ], [ 18.9540244, 53.101229 ], [ 18.9461414, 53.0989571 ], [ 18.9385737, 53.0964957 ], [ 18.9294294, 53.0947916 ], [ 18.9206004, 53.0938449 ], [ 18.9079875, 53.0927087 ], [ 18.8988432, 53.0936555 ], [ 18.884969, 53.095549 ], [ 18.8777167, 53.0978211 ], [ 18.8714102, 53.102175599999988 ], [ 18.8654191, 53.1040687 ], [ 18.8597433, 53.1038794 ], [ 18.8531216, 53.101229 ], [ 18.8468152, 53.1004717 ], [ 18.8420853, 53.1014183 ], [ 18.8367249, 53.106151 ], [ 18.8297878, 53.1086118 ], [ 18.8228507, 53.1097475 ], [ 18.8130758, 53.1105047 ], [ 18.8033008, 53.1103154 ], [ 18.7969944, 53.1076654 ], [ 18.7947871, 53.1057724 ], [ 18.790688, 53.1044473 ], [ 18.7824896, 53.104068700000013 ], [ 18.7793364, 53.1038794 ], [ 18.7739759, 53.1023649 ], [ 18.7701921, 53.1002824 ], [ 18.7673542, 53.0978211 ], [ 18.7648316, 53.097631799999988 ], [ 18.7613631, 53.0972531 ], [ 18.7572639, 53.0953597 ], [ 18.7550567, 53.0925194 ], [ 18.754426, 53.0900577 ], [ 18.7556873, 53.0866489 ], [ 18.7556873, 53.081914 ], [ 18.7509575, 53.0777469 ], [ 18.7449664, 53.0749055 ], [ 18.7430744, 53.0705482 ], [ 18.7433898, 53.0671379 ], [ 18.7468583, 53.064106300000013 ], [ 18.7512728, 53.0610744 ], [ 18.7519034, 53.0580424 ], [ 18.7500115, 53.0536834 ], [ 18.7452817, 53.0498927 ], [ 18.7440204, 53.0438268 ], [ 18.7484349, 53.0407935 ], [ 18.7569486, 53.0375705 ], [ 18.763255, 53.0351056 ], [ 18.7651469, 53.0324509 ], [ 18.7648316, 53.0303651 ], [ 18.764201, 53.0278998 ], [ 18.7638857, 53.0258137 ], [ 18.7651469, 53.0229688 ], [ 18.7679848, 53.0201237 ], [ 18.7673542, 53.0172785 ], [ 18.7657776, 53.0134845 ], [ 18.7638857, 53.0096903 ], [ 18.7601018, 53.0051367 ], [ 18.7566333, 53.000392799999986 ], [ 18.7560026, 52.9979259 ], [ 18.7541107, 52.9958383 ], [ 18.7496962, 52.9935608 ], [ 18.7421285, 52.9912832 ], [ 18.7383446, 52.9886259 ], [ 18.7342454, 52.986537899999988 ], [ 18.728885, 52.9859684 ], [ 18.7235245, 52.9863481 ], [ 18.7206866, 52.9863481 ], [ 18.7184794, 52.9852091 ], [ 18.7216326, 52.9831209 ], [ 18.7257318, 52.9802732 ], [ 18.7251011, 52.9778051 ], [ 18.7241552, 52.9741976 ], [ 18.7257318, 52.9705897 ], [ 18.7292003, 52.9686907 ], [ 18.7348761, 52.9650824 ], [ 18.7392906, 52.9614738 ], [ 18.7402366, 52.9569152 ], [ 18.7440204, 52.9533059 ], [ 18.7496962, 52.9500763 ], [ 18.7528494, 52.9466564 ], [ 18.7550567, 52.9428562 ], [ 18.7556873, 52.9381056 ], [ 18.7537954, 52.9318339 ], [ 18.7556873, 52.9267019 ], [ 18.7591558, 52.9223296 ], [ 18.7651469, 52.9192878 ], [ 18.7686155, 52.916626099999988 ], [ 18.7686155, 52.9128233 ], [ 18.771138, 52.907689 ], [ 18.7739759, 52.9036952 ], [ 18.7777598, 52.8993207 ], [ 18.7853275, 52.8957066 ], [ 18.7891114, 52.8924726 ], [ 18.788796, 52.8875262 ], [ 18.7891114, 52.8829597 ], [ 18.7859581, 52.8795346 ], [ 18.7812283, 52.8787734 ], [ 18.772084, 52.8785831 ], [ 18.7654623, 52.8778219 ], [ 18.7560026, 52.8776316 ], [ 18.7449664, 52.8768704 ], [ 18.7329842, 52.876870399999987 ], [ 18.7222632, 52.8761091 ], [ 18.7080738, 52.8730641 ], [ 18.6976682, 52.8721125 ], [ 18.6907311, 52.8705898 ], [ 18.6866319, 52.8681154 ], [ 18.6860013, 52.8650698 ], [ 18.6885239, 52.8622143 ], [ 18.6907311, 52.858026 ], [ 18.6894698, 52.85402770000001 ], [ 18.6878932, 52.8521236 ], [ 18.6800102, 52.8492672 ], [ 18.6755957, 52.8475534 ], [ 18.6743344, 52.8460299 ], [ 18.6740191, 52.8429827 ], [ 18.6721271, 52.8397449 ], [ 18.6692893, 52.8372687 ], [ 18.6655054, 52.8336494 ], [ 18.6655054, 52.8313634 ], [ 18.6664514, 52.8283152 ], [ 18.6727578, 52.8266005 ], [ 18.6793795, 52.825266799999987 ], [ 18.683794, 52.8229804 ], [ 18.6844247, 52.8189788 ], [ 18.6863166, 52.8144051 ], [ 18.6907311, 52.8111651 ], [ 18.6919924, 52.8083061 ], [ 18.6901005, 52.8046845 ], [ 18.6872626, 52.8014438 ], [ 18.6866319, 52.7991561 ], [ 18.6863166, 52.7938176 ], [ 18.6850553, 52.7852366 ], [ 18.6831634, 52.779515 ], [ 18.6800102, 52.773029600000015 ], [ 18.6746497, 52.7669248 ], [ 18.6673973, 52.7596743 ], [ 18.6598296, 52.7529951 ], [ 18.6500547, 52.7445969 ], [ 18.6409103, 52.7360062 ], [ 18.6289281, 52.7281777 ], [ 18.6169459, 52.7213026 ], [ 18.606225, 52.7149996 ], [ 18.5970807, 52.7075493 ], [ 18.5907742, 52.702390699999988 ], [ 18.5854138, 52.6964672 ], [ 18.5809993, 52.6880581 ], [ 18.5775307, 52.6765886 ], [ 18.5762695, 52.671235100000011 ], [ 18.5737469, 52.6611 ], [ 18.570909, 52.6511538 ], [ 18.5696477, 52.6417793 ], [ 18.5690171, 52.629149299999987 ], [ 18.5687017, 52.6138354 ], [ 18.5696477, 52.599856700000011 ], [ 18.5712243, 52.5881725 ], [ 18.5734316, 52.57706 ], [ 18.5737469, 52.564603 ], [ 18.5753235, 52.5502251 ], [ 18.5762695, 52.5421715 ], [ 18.5775307, 52.5306637 ], [ 18.578792, 52.5197285 ], [ 18.5762695, 52.5112855 ], [ 18.5724856, 52.5038005 ], [ 18.5658639, 52.4984259 ], [ 18.5529357, 52.4911307 ], [ 18.5381156, 52.4851785 ], [ 18.5191963, 52.4803777 ], [ 18.500277, 52.4763446 ], [ 18.4810424, 52.473847799999987 ], [ 18.4599159, 52.469045799999989 ], [ 18.4444651, 52.4644354 ], [ 18.431537, 52.4596324 ], [ 18.4176628, 52.4521386 ], [ 18.4100951, 52.4465655 ], [ 18.4003202, 52.4367628 ], [ 18.3908605, 52.4267656 ], [ 18.3817162, 52.414265899999982 ], [ 18.3709953, 52.4050332 ], [ 18.3637429, 52.3973377 ], [ 18.3564905, 52.3871391 ], [ 18.3517607, 52.3802105 ], [ 18.3479768, 52.3771307 ], [ 18.3372559, 52.3732807 ], [ 18.3271656, 52.3705855 ], [ 18.3142374, 52.3655797 ], [ 18.3041472, 52.3607659 ], [ 18.2931109, 52.3551812 ], [ 18.2804981, 52.3486328 ], [ 18.2694618, 52.3426613 ], [ 18.2641013, 52.3368817 ], [ 18.2581102, 52.329367 ] ], [ [ 18.2764395, 51.5803354 ], [ 18.2956981, 51.5706107 ], [ 18.3113456, 51.563877 ], [ 18.3257895, 51.552652 ], [ 18.3294005, 51.5429214 ], [ 18.3257895, 51.5324399 ], [ 18.3173639, 51.5301936 ], [ 18.3041237, 51.5279471 ], [ 18.2884761, 51.524951699999988 ], [ 18.2752359, 51.5197092 ], [ 18.2704212, 51.5107206 ], [ 18.2680139, 51.500981 ], [ 18.2728286, 51.4949864 ], [ 18.2776432, 51.485993 ], [ 18.2752359, 51.4814956 ], [ 18.2704212, 51.473999 ], [ 18.2740322, 51.468750699999987 ], [ 18.2884761, 51.4642516 ], [ 18.3017164, 51.4597521 ], [ 18.3125493, 51.4507517 ], [ 18.3197712, 51.440249 ], [ 18.3173639, 51.425241 ], [ 18.3173639, 51.4162338 ], [ 18.3197712, 51.4117296 ], [ 18.3197712, 51.4042215 ], [ 18.3137529, 51.3974632 ], [ 18.3077347, 51.3929571 ], [ 18.3041237, 51.3884506 ], [ 18.3017164, 51.3809387 ], [ 18.3005127, 51.3726742 ], [ 18.30292, 51.3629051 ], [ 18.3017164, 51.3546373 ], [ 18.2956981, 51.3463681 ], [ 18.2896798, 51.3365934 ], [ 18.2848651, 51.3253123 ], [ 18.2800505, 51.3170378 ], [ 18.2812542, 51.3065044 ], [ 18.2824578, 51.2974738 ], [ 18.2848651, 51.2884415 ], [ 18.2884761, 51.2801603 ], [ 18.2920871, 51.2703715 ], [ 18.2932907, 51.2643466 ], [ 18.2956981, 51.2568143 ], [ 18.2944944, 51.2462671 ], [ 18.2944944, 51.2402391 ], [ 18.2944944, 51.2319492 ], [ 18.2908834, 51.2259192 ], [ 18.2872725, 51.2221501 ], [ 18.2872725, 51.2108409 ], [ 18.2908834, 51.2025457 ], [ 18.299309, 51.1889686 ], [ 18.3041237, 51.1768966 ], [ 18.30292, 51.1685953 ], [ 18.306531, 51.1633119 ], [ 18.3173639, 51.1618022 ], [ 18.3257895, 51.157273 ], [ 18.3281969, 51.1512332 ], [ 18.3402334, 51.1489681 ], [ 18.3534737, 51.1497232 ], [ 18.363103, 51.147458 ], [ 18.3691212, 51.145947799999988 ], [ 18.3835651, 51.141417 ], [ 18.3968054, 51.1346199 ], [ 18.412453, 51.1293326 ], [ 18.4160639, 51.1248001 ], [ 18.4184713, 51.1202672 ], [ 18.4281005, 51.1157339 ], [ 18.4413408, 51.1149783 ], [ 18.4634067, 51.1083053 ], [ 18.4896079, 51.103751 ] ], [ [ 18.1006137, 52.3051636 ], [ 18.0825589, 52.2963309 ], [ 18.060893, 52.2886008 ], [ 18.0356162, 52.2797648 ], [ 18.0085338, 52.2676125 ], [ 17.986868, 52.2576671 ], [ 17.9724241, 52.2510357 ], [ 17.9579802, 52.2399811 ], [ 17.9507582, 52.2311354 ], [ 17.9471473, 52.2256059 ], [ 17.9417308, 52.2167574 ], [ 17.9399253, 52.2112261 ], [ 17.9453418, 52.2045877 ], [ 17.9525637, 52.1935215 ], [ 17.9525637, 52.1857736 ], [ 17.9417308, 52.1813455 ], [ 17.9290924, 52.1846666 ], [ 17.916454, 52.1902011 ], [ 17.905621, 52.199055 ], [ 17.905621, 52.2112261 ], [ 17.8947881, 52.214545 ], [ 17.8821497, 52.2134387 ], [ 17.8695113, 52.2101198 ], [ 17.8659003, 52.2023747 ], [ 17.8640948, 52.1946283 ], [ 17.8695113, 52.187987400000011 ], [ 17.8731222, 52.1758099 ], [ 17.8731222, 52.1647365 ], [ 17.8695113, 52.1536604 ], [ 17.8604838, 52.1436895 ], [ 17.8406235, 52.1303916 ], [ 17.8189576, 52.1181983 ], [ 17.7930876, 52.109944 ], [ 17.7867024, 52.0991585 ], [ 17.7882987, 52.0864088 ], [ 17.800209, 52.0725429 ], [ 17.8122456, 52.0614438 ], [ 17.8254859, 52.0518224 ], [ 17.8387261, 52.0429393 ], [ 17.8579847, 52.0347949 ], [ 17.8880761, 52.0259083 ], [ 17.9049273, 52.022945799999981 ], [ 17.9169639, 52.0185015 ], [ 17.9314078, 52.00813 ], [ 17.9458517, 51.9970149 ], [ 17.95187, 51.9881209 ], [ 17.9578883, 51.9777423 ], [ 17.9663139, 51.9681029 ], [ 17.9675176, 51.9599448 ], [ 17.9819615, 51.9495597 ], [ 17.9939981, 51.9480759 ], [ 18.0108493, 51.9436242 ], [ 18.0325152, 51.9324932 ], [ 18.0421444, 51.9213593 ], [ 18.0469591, 51.9102227 ], [ 18.0469591, 51.8998261 ], [ 18.057792, 51.8931413 ], [ 18.0746432, 51.8849696 ], [ 18.0794579, 51.8760533 ], [ 18.0806615, 51.8693649 ], [ 18.0951054, 51.8611889 ], [ 18.1047347, 51.8559852 ], [ 18.1059383, 51.848550300000014 ], [ 18.110753, 51.8388831 ], [ 18.1215859, 51.8351644 ], [ 18.1312152, 51.8292139 ], [ 18.1456591, 51.8247504 ], [ 18.1516774, 51.8150781 ], [ 18.1492701, 51.8068922 ], [ 18.1504737, 51.7964717 ], [ 18.1576957, 51.792005 ], [ 18.163714, 51.790516 ], [ 18.1721396, 51.7845595 ], [ 18.1721396, 51.7771128 ], [ 18.1685286, 51.7711546 ], [ 18.1588993, 51.765940500000013 ], [ 18.1420481, 51.7614708 ], [ 18.1215859, 51.7570006 ], [ 18.1083457, 51.7532752 ], [ 18.1059383, 51.7495494 ], [ 18.107142, 51.7443328 ], [ 18.1131603, 51.739861 ], [ 18.1179749, 51.7331523 ], [ 18.1239932, 51.7256972 ], [ 18.1300115, 51.7174951 ], [ 18.1312152, 51.7107831 ], [ 18.1348262, 51.706308 ], [ 18.1480664, 51.7048162 ], [ 18.1661213, 51.7033243 ], [ 18.1817688, 51.7018324 ], [ 18.202231, 51.6966103 ], [ 18.2166749, 51.6898952 ], [ 18.2263042, 51.6794477 ], [ 18.2251006, 51.6712372 ], [ 18.2238969, 51.6600386 ], [ 18.2178786, 51.6495842 ], [ 18.2082493, 51.641368299999989 ], [ 18.1962127, 51.6324038 ], [ 18.1938054, 51.6241847 ], [ 18.2010274, 51.6182063 ], [ 18.2142676, 51.6122271 ], [ 18.2335262, 51.6054996 ], [ 18.2455628, 51.5980234 ], [ 18.2563957, 51.5897981 ], [ 18.2732469, 51.5823193 ] ], [ [ 18.1006137, 52.3051636 ], [ 18.1075714, 52.3093955 ], [ 18.1195536, 52.314986 ], [ 18.1255447, 52.3178773 ], [ 18.1318511, 52.3180701 ], [ 18.1400495, 52.3174918 ], [ 18.1438334, 52.3151787 ], [ 18.1457253, 52.311901699999986 ], [ 18.1479325, 52.3072748 ], [ 18.1482478, 52.302069 ], [ 18.1488785, 52.296669799999989 ], [ 18.1514011, 52.291077 ], [ 18.1536083, 52.2866408 ], [ 18.1599147, 52.282783 ], [ 18.1646446, 52.2812397 ], [ 18.170951, 52.2791177 ], [ 18.1791493, 52.279117700000015 ], [ 18.1917622, 52.2802752 ], [ 18.2021678, 52.2829759 ], [ 18.2128887, 52.286062199999989 ], [ 18.2201411, 52.290305499999988 ], [ 18.2286548, 52.2962841 ], [ 18.2343306, 52.3009121 ], [ 18.2412676, 52.306118 ], [ 18.2459975, 52.3120944 ], [ 18.2535652, 52.320383 ], [ 18.2581102, 52.329367 ] ], [ [ 19.1577329, 50.3329862 ], [ 19.1548695, 50.3345093 ], [ 19.1458021, 50.336337 ], [ 19.1419842, 50.3384692 ], [ 19.1343485, 50.3430379 ], [ 19.1310079, 50.3479106 ], [ 19.129099, 50.3521739 ], [ 19.1276673, 50.357045799999987 ], [ 19.120986, 50.3628304 ], [ 19.1152592, 50.3652659 ], [ 19.1076235, 50.3686144 ], [ 19.102374, 50.3728758 ], [ 19.0937838, 50.3783542 ], [ 19.0866253, 50.3823104 ], [ 19.0808985, 50.3871792 ], [ 19.075649, 50.392656 ], [ 19.0718311, 50.398436299999986 ], [ 19.0713539, 50.4036076 ], [ 19.0713539, 50.4084741 ], [ 19.0684905, 50.4139484 ], [ 19.0646726, 50.4166853 ], [ 19.0618092, 50.4227668 ], [ 19.0603775, 50.4282394 ], [ 19.0603775, 50.4324955 ], [ 19.0584686, 50.437967 ], [ 19.0589458, 50.4413104 ], [ 19.061332, 50.446477 ], [ 19.061332, 50.4525546 ], [ 19.0579914, 50.4568085 ], [ 19.0522646, 50.461062 ], [ 19.0451061, 50.4619734 ], [ 19.040811, 50.4647075 ], [ 19.0369932, 50.4683528 ], [ 19.0326981, 50.4695678 ], [ 19.0269713, 50.4689603 ], [ 19.022199, 50.4686565 ], [ 19.0150405, 50.469567800000014 ], [ 19.0102682, 50.472909 ], [ 19.0069275, 50.4759462 ], [ 18.999769, 50.4759462 ], [ 18.995474, 50.4753388 ], [ 18.9883155, 50.4753388 ], [ 18.9821115, 50.4774647 ], [ 18.9792481, 50.4792869 ], [ 18.9739985, 50.4841457 ], [ 18.974953, 50.4874858 ], [ 18.9787708, 50.4899148 ], [ 18.9878382, 50.4938618 ], [ 18.995474, 50.4987191 ], [ 18.9983374, 50.5050935 ], [ 18.9964284, 50.5105566 ], [ 18.9902244, 50.5178398 ], [ 18.9926106, 50.5236048 ], [ 18.9964284, 50.5317961 ], [ 18.9973829, 50.536952799999987 ], [ 19.0026324, 50.542412199999987 ], [ 19.0083592, 50.5506002 ], [ 19.0212445, 50.563031 ], [ 19.0303119, 50.5733371 ], [ 19.0379476, 50.5815197 ], [ 19.048924, 50.5903068 ], [ 19.0594231, 50.5993952 ], [ 19.0694449, 50.6090876 ], [ 19.0789896, 50.6212002 ], [ 19.0894887, 50.629677199999989 ], [ 19.1018967, 50.6393634 ], [ 19.1076235, 50.6475345 ], [ 19.1114414, 50.6584271 ], [ 19.1095324, 50.6702246 ], [ 19.1071463, 50.6844381 ], [ 19.1018967, 50.6974382 ], [ 19.0980789, 50.7083193 ], [ 19.0961699, 50.7207085 ], [ 19.0947382, 50.725542399999988 ], [ 19.0947382, 50.7324903 ], [ 19.0980789, 50.7409473 ], [ 19.0985561, 50.7454771 ], [ 19.0952155, 50.7475909 ], [ 19.0890115, 50.7475909 ], [ 19.0808985, 50.7460811 ], [ 19.0770807, 50.7421553 ], [ 19.0694449, 50.7358129 ], [ 19.0565597, 50.736417 ], [ 19.0460606, 50.7391352 ], [ 19.0322208, 50.7442692 ], [ 19.0145632, 50.7481948 ], [ 19.0012007, 50.7536298 ], [ 18.981157, 50.7602716 ], [ 18.9725668, 50.7693272 ], [ 18.9577726, 50.7777775 ], [ 18.946319, 50.7835107 ], [ 18.9353427, 50.7913551 ], [ 18.9272298, 50.7976899 ], [ 18.9157762, 50.8049287 ], [ 18.9110039, 50.8169909 ], [ 18.9019365, 50.8311599 ], [ 18.8933463, 50.8423113 ], [ 18.8852333, 50.8483379 ], [ 18.8723481, 50.8486392 ], [ 18.853736, 50.8489405 ], [ 18.8461003, 50.8492418 ], [ 18.8365556, 50.8528574 ], [ 18.8303516, 50.8543638 ], [ 18.8227159, 50.8540625 ], [ 18.8136485, 50.8549663 ], [ 18.8088762, 50.8564726 ], [ 18.8017177, 50.8621962 ], [ 18.7983771, 50.86550960000001 ], [ 18.7931275, 50.870629699999981 ], [ 18.787878, 50.8760504 ], [ 18.7826284, 50.8784594 ], [ 18.7788106, 50.8784594 ], [ 18.7721293, 50.8841803 ], [ 18.7687887, 50.8895995 ], [ 18.7644936, 50.8917067 ], [ 18.7621074, 50.89562 ], [ 18.7644936, 50.9013388 ], [ 18.7621074, 50.9049503 ], [ 18.7525628, 50.9085615 ], [ 18.7482677, 50.9091633 ], [ 18.7363369, 50.91006609999998 ], [ 18.7310873, 50.9127742 ], [ 18.7234516, 50.9157831 ], [ 18.7186793, 50.916685699999988 ], [ 18.7148614, 50.9172875 ], [ 18.7024534, 50.9175883 ], [ 18.69959, 50.9175883 ], [ 18.6957722, 50.9218003 ], [ 18.6890909, 50.9299222 ], [ 18.6852731, 50.9314261 ], [ 18.6795463, 50.935035199999987 ], [ 18.680978, 50.9389448 ], [ 18.6852731, 50.9422527 ], [ 18.6924315, 50.9458611 ], [ 18.6929088, 50.9491684 ], [ 18.6929088, 50.9536781 ], [ 18.6952949, 50.9590892 ], [ 18.6991128, 50.9626962 ], [ 18.7019762, 50.971412 ], [ 18.7000673, 50.9744171 ], [ 18.7029306, 50.9792248 ], [ 18.7043623, 50.9864354 ], [ 18.7053168, 50.9924434 ], [ 18.707703, 50.998751 ], [ 18.7062713, 51.0092617 ], [ 18.7019762, 51.0233724 ], [ 18.6919543, 51.0344777 ], [ 18.6838414, 51.0473806 ], [ 18.672865, 51.0545806 ], [ 18.6633204, 51.0632792 ], [ 18.6442311, 51.0713764 ], [ 18.6303914, 51.074375 ], [ 18.6141655, 51.0755744 ], [ 18.5960306, 51.0773734 ], [ 18.574078, 51.0809712 ], [ 18.5468757, 51.086967 ], [ 18.524923, 51.0935614 ], [ 18.5082199, 51.0986565 ], [ 18.4896079, 51.103751 ] ], [ [ 19.1577329, 50.3329862 ], [ 19.1630209, 50.3335919 ], [ 19.1677507, 50.3363091 ], [ 19.1710616, 50.3420447 ], [ 19.1743724, 50.3456669 ], [ 19.1824131, 50.3495906 ], [ 19.1961296, 50.3501942 ], [ 19.2055893, 50.3517032 ], [ 19.2098461, 50.3517032 ], [ 19.2174138, 50.3495906 ], [ 19.2259275, 50.3477797 ], [ 19.237752, 50.347176 ], [ 19.2576173, 50.3477797 ], [ 19.2784285, 50.3495906 ], [ 19.2997127, 50.3541175 ], [ 19.31674, 50.3595493 ], [ 19.3299835, 50.3622649 ], [ 19.3342404, 50.3655839 ], [ 19.3399161, 50.3676958 ], [ 19.3465379, 50.3676958 ], [ 19.3517407, 50.3652821 ], [ 19.3593084, 50.3604545 ], [ 19.3673491, 50.3529104 ], [ 19.3763358, 50.347176 ], [ 19.3862684, 50.3426484 ], [ 19.4037687, 50.3399317 ], [ 19.421269, 50.338724199999987 ], [ 19.4359315, 50.3396298 ], [ 19.4553238, 50.3417429 ], [ 19.4737701, 50.3432521 ], [ 19.4827567, 50.3441577 ], [ 19.4898514, 50.3438558 ], [ 19.4974192, 50.34264839999998 ], [ 19.5059328, 50.3381204 ], [ 19.5139735, 50.3335919 ], [ 19.5224872, 50.3308746 ], [ 19.5352577, 50.329063 ], [ 19.5522851, 50.329365 ], [ 19.5664745, 50.329365 ], [ 19.5820829, 50.3296669 ], [ 19.5924885, 50.3299688 ], [ 19.6019482, 50.3305727 ], [ 19.6095159, 50.3302708 ], [ 19.6142457, 50.3278552 ], [ 19.6203945, 50.3224199 ], [ 19.6246513, 50.3181919 ], [ 19.6289081, 50.3130575 ], [ 19.6308001, 50.3106411 ], [ 19.633165, 50.3088287 ], [ 19.6369488, 50.308526600000015 ], [ 19.6412057, 50.3106411 ], [ 19.6440436, 50.3133595 ], [ 19.6454625, 50.3169839 ], [ 19.6506653, 50.3215139 ], [ 19.6558681, 50.3236278 ], [ 19.6634358, 50.3260435 ], [ 19.6724225, 50.3266474 ], [ 19.6776253, 50.3269494 ], [ 19.684247, 50.3263455 ], [ 19.6875579, 50.3233258 ], [ 19.6913418, 50.3163798 ], [ 19.6922877, 50.310339 ], [ 19.6984365, 50.3045995 ], [ 19.7055312, 50.3024848 ], [ 19.7140449, 50.3012763 ], [ 19.7220856, 50.2994636 ], [ 19.7287073, 50.2997657 ], [ 19.736748, 50.3006721 ], [ 19.7480996, 50.3000678 ], [ 19.7547214, 50.2970465 ], [ 19.7613431, 50.2934206 ], [ 19.7660729, 50.2891901 ], [ 19.7679649, 50.2840525 ], [ 19.7717487, 50.2758917 ], [ 19.7760055, 50.2695434 ], [ 19.7831003, 50.2634966 ], [ 19.7939789, 50.2586587 ], [ 19.8081683, 50.2526105 ], [ 19.8289795, 50.247469 ], [ 19.8478988, 50.2429319 ], [ 19.8630342, 50.2414194 ], [ 19.8791156, 50.2396044 ], [ 19.8904672, 50.2405119 ], [ 19.9008728, 50.2426294 ], [ 19.9041837, 50.2453517 ], [ 19.9070216, 50.2492837 ], [ 19.9117514, 50.2541226 ], [ 19.9188461, 50.2556347 ], [ 19.9268868, 50.2547275 ], [ 19.9311436, 50.2504935 ], [ 19.9325626, 50.2444443 ], [ 19.9363464, 50.2399069 ], [ 19.9415493, 50.2368818 ], [ 19.9467521, 50.2368818 ], [ 19.9529008, 50.2377893 ], [ 19.9557387, 50.2417219 ], [ 19.9581036, 50.2450493 ], [ 19.9633064, 50.2483764 ], [ 19.9694552, 50.2504935 ], [ 19.975131, 50.2501911 ], [ 19.9803338, 50.247469 ], [ 19.9812797, 50.2438394 ], [ 19.9793878, 50.2405119 ], [ 19.9770229, 50.2383944 ], [ 19.975131, 50.234764 ], [ 19.9770229, 50.2320411 ], [ 19.9812797, 50.2311334 ], [ 19.9888475, 50.2317385 ], [ 19.9949962, 50.2302257 ], [ 20.000199, 50.2281077 ], [ 20.0044559, 50.2259896 ], [ 20.0110776, 50.2253844 ], [ 20.0191183, 50.2271999 ], [ 20.0233751, 50.229318 ], [ 20.0304699, 50.2341589 ], [ 20.0351997, 50.2359742 ], [ 20.0408755, 50.2362767 ], [ 20.0484432, 50.2359742 ], [ 20.0550649, 50.2350666 ], [ 20.0602677, 50.232948699999987 ], [ 20.0659435, 50.2299231 ], [ 20.0725653, 50.2281077 ], [ 20.0839168, 50.225687 ], [ 20.0905386, 50.2250818 ], [ 20.1023631, 50.2253844 ], [ 20.107093, 50.2275025 ], [ 20.1132417, 50.2305283 ], [ 20.1269582, 50.2268973 ], [ 20.1383098, 50.2244766 ], [ 20.1458775, 50.2220557 ], [ 20.1496613, 50.2214504 ], [ 20.1520262, 50.216608199999989 ], [ 20.1520262, 50.2090412 ], [ 20.1506073, 50.202684 ], [ 20.1477694, 50.1960232 ], [ 20.1472964, 50.1890586 ], [ 20.1477694, 50.1814873 ], [ 20.1491883, 50.1733089 ], [ 20.1529722, 50.165735 ], [ 20.159121, 50.157857 ], [ 20.1643238, 50.151796 ], [ 20.1662157, 50.1460374 ], [ 20.1681076, 50.1411875 ], [ 20.1706575, 50.1333591 ] ] ] } }
]
}
